  0
SECTION
  2
BLOCKS
  0
ENDSEC
  0
SECTION
  2
ENTITIES
  0
LINE
  8
0
 10
0.399994
 20
33.7
 11
-0.399994
 21
33.7
  0
LINE
  8
0
 10
-0.399994
 20
33.7
 11
-0.399994
 21
28.7
  0
LINE
  8
0
 10
-0.399994
 20
28.7
 11
0.399994
 21
28.7
  0
LINE
  8
0
 10
0.399994
 20
28.7
 11
0.399994
 21
33.7
  0
LINE
  8
0
 10
4.15091
 20
29.6924
 11
4.20291
 21
29.6951
  0
LINE
  8
0
 10
4.20291
 20
29.6951
 11
4.25328
 21
29.6997
  0
LINE
  8
0
 10
4.25328
 20
29.6997
 11
4.302
 21
29.7061
  0
LINE
  8
0
 10
4.302
 20
29.7061
 11
4.34911
 21
29.7143
  0
LINE
  8
0
 10
4.34911
 20
29.7143
 11
4.39456
 21
29.7244
  0
LINE
  8
0
 10
4.39456
 20
29.7244
 11
4.43837
 21
29.7363
  0
LINE
  8
0
 10
4.43837
 20
29.7363
 11
4.48056
 21
29.75
  0
LINE
  8
0
 10
4.48056
 20
29.75
 11
4.5211
 21
29.7656
  0
LINE
  8
0
 10
4.5211
 20
29.7656
 11
4.56001
 21
29.783
  0
LINE
  8
0
 10
4.56001
 20
29.783
 11
4.59727
 21
29.8022
  0
LINE
  8
0
 10
4.59727
 20
29.8022
 11
4.6329
 21
29.8232
  0
LINE
  8
0
 10
4.6329
 20
29.8232
 11
4.6669
 21
29.8461
  0
LINE
  8
0
 10
4.6669
 20
29.8461
 11
4.69943
 21
29.8709
  0
LINE
  8
0
 10
4.69943
 20
29.8709
 11
4.7307
 21
29.8977
  0
LINE
  8
0
 10
4.7307
 20
29.8977
 11
4.76068
 21
29.9266
  0
LINE
  8
0
 10
4.76068
 20
29.9266
 11
4.7894
 21
29.9574
  0
LINE
  8
0
 10
4.7894
 20
29.9574
 11
4.81683
 21
29.9903
  0
LINE
  8
0
 10
4.81683
 20
29.9903
 11
4.84299
 21
30.0252
  0
LINE
  8
0
 10
4.84299
 20
30.0252
 11
4.86787
 21
30.0621
  0
LINE
  8
0
 10
4.86787
 20
30.0621
 11
4.89148
 21
30.1011
  0
LINE
  8
0
 10
4.89148
 20
30.1011
 11
4.9138
 21
30.1421
  0
LINE
  8
0
 10
4.9138
 20
30.1421
 11
4.93486
 21
30.1851
  0
LINE
  8
0
 10
4.93486
 20
30.1851
 11
4.95464
 21
30.2301
  0
LINE
  8
0
 10
4.95464
 20
30.2301
 11
4.97313
 21
30.2771
  0
LINE
  8
0
 10
4.97313
 20
30.2771
 11
4.99036
 21
30.3262
  0
LINE
  8
0
 10
4.99036
 20
30.3262
 11
5.00632
 21
30.3774
  0
LINE
  8
0
 10
5.00632
 20
30.3774
 11
5.02098
 21
30.4308
  0
LINE
  8
0
 10
5.02098
 20
30.4308
 11
5.03438
 21
30.4865
  0
LINE
  8
0
 10
5.03438
 20
30.4865
 11
5.04651
 21
30.5444
  0
LINE
  8
0
 10
5.04651
 20
30.5444
 11
5.05734
 21
30.6046
  0
LINE
  8
0
 10
5.05734
 20
30.6046
 11
5.06693
 21
30.667
  0
LINE
  8
0
 10
5.06693
 20
30.667
 11
5.07521
 21
30.7316
  0
LINE
  8
0
 10
5.07521
 20
30.7316
 11
5.08223
 21
30.7985
  0
LINE
  8
0
 10
5.08223
 20
30.7985
 11
5.08797
 21
30.8676
  0
LINE
  8
0
 10
5.08797
 20
30.8676
 11
5.09244
 21
30.9389
  0
LINE
  8
0
 10
5.09244
 20
30.9389
 11
5.09563
 21
31.0125
  0
LINE
  8
0
 10
5.09563
 20
31.0125
 11
5.09755
 21
31.0883
  0
LINE
  8
0
 10
5.09755
 20
31.0883
 11
5.09818
 21
31.1664
  0
LINE
  8
0
 10
5.09818
 20
31.1664
 11
5.09236
 21
31.3846
  0
LINE
  8
0
 10
5.09236
 20
31.3846
 11
5.07487
 21
31.5853
  0
LINE
  8
0
 10
5.07487
 20
31.5853
 11
5.04575
 21
31.7686
  0
LINE
  8
0
 10
5.04575
 20
31.7686
 11
5.00496
 21
31.9344
  0
LINE
  8
0
 10
5.00496
 20
31.9344
 11
4.95253
 21
32.0827
  0
LINE
  8
0
 10
4.95253
 20
32.0827
 11
4.88844
 21
32.2137
  0
LINE
  8
0
 10
4.88844
 20
32.2137
 11
4.8127
 21
32.3271
  0
LINE
  8
0
 10
4.8127
 20
32.3271
 11
4.7253
 21
32.4231
  0
LINE
  8
0
 10
4.7253
 20
32.4231
 11
4.62625
 21
32.5017
  0
LINE
  8
0
 10
4.62625
 20
32.5017
 11
4.51556
 21
32.5627
  0
LINE
  8
0
 10
4.51556
 20
32.5627
 11
4.3932
 21
32.6064
  0
LINE
  8
0
 10
4.3932
 20
32.6064
 11
4.2592
 21
32.6326
  0
LINE
  8
0
 10
4.2592
 20
32.6326
 11
4.11356
 21
32.6413
  0
LINE
  8
0
 10
4.11356
 20
32.6413
 11
4.03835
 21
32.6391
  0
LINE
  8
0
 10
4.03835
 20
32.6391
 11
3.96609
 21
32.6324
  0
LINE
  8
0
 10
3.96609
 20
32.6324
 11
3.89679
 21
32.6214
  0
LINE
  8
0
 10
3.89679
 20
32.6214
 11
3.83043
 21
32.6059
  0
LINE
  8
0
 10
3.83043
 20
32.6059
 11
3.76701
 21
32.5859
  0
LINE
  8
0
 10
3.76701
 20
32.5859
 11
3.70656
 21
32.5616
  0
LINE
  8
0
 10
3.70656
 20
32.5616
 11
3.64905
 21
32.5328
  0
LINE
  8
0
 10
3.64905
 20
32.5328
 11
3.59448
 21
32.4995
  0
LINE
  8
0
 10
3.59448
 20
32.4995
 11
3.54288
 21
32.4619
  0
LINE
  8
0
 10
3.54288
 20
32.4619
 11
3.49422
 21
32.4198
  0
LINE
  8
0
 10
3.49422
 20
32.4198
 11
3.4485
 21
32.3733
  0
LINE
  8
0
 10
3.4485
 20
32.3733
 11
3.40573
 21
32.3224
  0
LINE
  8
0
 10
3.40573
 20
32.3224
 11
3.36592
 21
32.267
  0
LINE
  8
0
 10
3.36592
 20
32.267
 11
3.32906
 21
32.2073
  0
LINE
  8
0
 10
3.32906
 20
32.2073
 11
3.29514
 21
32.1435
  0
LINE
  8
0
 10
3.29514
 20
32.1435
 11
3.26418
 21
32.0755
  0
LINE
  8
0
 10
3.26418
 20
32.0755
 11
3.23616
 21
32.0033
  0
LINE
  8
0
 10
3.23616
 20
32.0033
 11
3.21109
 21
31.927
  0
LINE
  8
0
 10
3.21109
 20
31.927
 11
3.18896
 21
31.8465
  0
LINE
  8
0
 10
3.18896
 20
31.8465
 11
3.1698
 21
31.7618
  0
LINE
  8
0
 10
3.1698
 20
31.7618
 11
3.15358
 21
31.673
  0
LINE
  8
0
 10
3.15358
 20
31.673
 11
3.1403
 21
31.58
  0
LINE
  8
0
 10
3.1403
 20
31.58
 11
3.12999
 21
31.4828
  0
LINE
  8
0
 10
3.12999
 20
31.4828
 11
3.1226
 21
31.3815
  0
LINE
  8
0
 10
3.1226
 20
31.3815
 11
3.11818
 21
31.276
  0
LINE
  8
0
 10
3.11818
 20
31.276
 11
3.11671
 21
31.1664
  0
LINE
  8
0
 10
3.11671
 20
31.1664
 11
3.1181
 21
31.055
  0
LINE
  8
0
 10
3.1181
 20
31.055
 11
3.1223
 21
30.9479
  0
LINE
  8
0
 10
3.1223
 20
30.9479
 11
3.12927
 21
30.8453
  0
LINE
  8
0
 10
3.12927
 20
30.8453
 11
3.13905
 21
30.747
  0
LINE
  8
0
 10
3.13905
 20
30.747
 11
3.15163
 21
30.6531
  0
LINE
  8
0
 10
3.15163
 20
30.6531
 11
3.16698
 21
30.5636
  0
LINE
  8
0
 10
3.16698
 20
30.5636
 11
3.18513
 21
30.4785
  0
LINE
  8
0
 10
3.18513
 20
30.4785
 11
3.20607
 21
30.3977
  0
LINE
  8
0
 10
3.20607
 20
30.3977
 11
3.22981
 21
30.3213
  0
LINE
  8
0
 10
3.22981
 20
30.3213
 11
3.25635
 21
30.2494
  0
LINE
  8
0
 10
3.25635
 20
30.2494
 11
3.28566
 21
30.1817
  0
LINE
  8
0
 10
3.28566
 20
30.1817
 11
3.31778
 21
30.1185
  0
LINE
  8
0
 10
3.31778
 20
30.1185
 11
3.35269
 21
30.0597
  0
LINE
  8
0
 10
3.35269
 20
30.0597
 11
3.39061
 21
30.0052
  0
LINE
  8
0
 10
3.39061
 20
30.0052
 11
3.43175
 21
29.9551
  0
LINE
  8
0
 10
3.43175
 20
29.9551
 11
3.47612
 21
29.9093
  0
LINE
  8
0
 10
3.47612
 20
29.9093
 11
3.52371
 21
29.868
  0
LINE
  8
0
 10
3.52371
 20
29.868
 11
3.57454
 21
29.8309
  0
LINE
  8
0
 10
3.57454
 20
29.8309
 11
3.62859
 21
29.7982
  0
LINE
  8
0
 10
3.62859
 20
29.7982
 11
3.68587
 21
29.7699
  0
LINE
  8
0
 10
3.68587
 20
29.7699
 11
3.74637
 21
29.7459
  0
LINE
  8
0
 10
3.74637
 20
29.7459
 11
3.81009
 21
29.7263
  0
LINE
  8
0
 10
3.81009
 20
29.7263
 11
3.87704
 21
29.7111
  0
LINE
  8
0
 10
3.87704
 20
29.7111
 11
3.94722
 21
29.7002
  0
LINE
  8
0
 10
3.94722
 20
29.7002
 11
4.02063
 21
29.6936
  0
LINE
  8
0
 10
4.02063
 20
29.6936
 11
4.09726
 21
29.6915
  0
LINE
  8
0
 10
4.09726
 20
29.6915
 11
4.15091
 21
29.6924
  0
LINE
  8
0
 10
4.07677
 20
30.1396
 11
4.0531
 21
30.1413
  0
LINE
  8
0
 10
4.0531
 20
30.1413
 11
4.03035
 21
30.1441
  0
LINE
  8
0
 10
4.03035
 20
30.1441
 11
4.0085
 21
30.1481
  0
LINE
  8
0
 10
4.0085
 20
30.1481
 11
3.98758
 21
30.1532
  0
LINE
  8
0
 10
3.98758
 20
30.1532
 11
3.96758
 21
30.1594
  0
LINE
  8
0
 10
3.96758
 20
30.1594
 11
3.94849
 21
30.1668
  0
LINE
  8
0
 10
3.94849
 20
30.1668
 11
3.93031
 21
30.1752
  0
LINE
  8
0
 10
3.93031
 20
30.1752
 11
3.91306
 21
30.1849
  0
LINE
  8
0
 10
3.91306
 20
30.1849
 11
3.8967
 21
30.1956
  0
LINE
  8
0
 10
3.8967
 20
30.1956
 11
3.88127
 21
30.2075
  0
LINE
  8
0
 10
3.88127
 20
30.2075
 11
3.86676
 21
30.2205
  0
LINE
  8
0
 10
3.86676
 20
30.2205
 11
3.85315
 21
30.2346
  0
LINE
  8
0
 10
3.85315
 20
30.2346
 11
3.84029
 21
30.2501
  0
LINE
  8
0
 10
3.84029
 20
30.2501
 11
3.82797
 21
30.267
  0
LINE
  8
0
 10
3.82797
 20
30.267
 11
3.81621
 21
30.2854
  0
LINE
  8
0
 10
3.81621
 20
30.2854
 11
3.80501
 21
30.3052
  0
LINE
  8
0
 10
3.80501
 20
30.3052
 11
3.79436
 21
30.3266
  0
LINE
  8
0
 10
3.79436
 20
30.3266
 11
3.78426
 21
30.3493
  0
LINE
  8
0
 10
3.78426
 20
30.3493
 11
3.7747
 21
30.3736
  0
LINE
  8
0
 10
3.7747
 20
30.3736
 11
3.76572
 21
30.3993
  0
LINE
  8
0
 10
3.76572
 20
30.3993
 11
3.75728
 21
30.4265
  0
LINE
  8
0
 10
3.75728
 20
30.4265
 11
3.74939
 21
30.4552
  0
LINE
  8
0
 10
3.74939
 20
30.4552
 11
3.74207
 21
30.4853
  0
LINE
  8
0
 10
3.74207
 20
30.4853
 11
3.73529
 21
30.5169
  0
LINE
  8
0
 10
3.73529
 20
30.5169
 11
3.72906
 21
30.55
  0
LINE
  8
0
 10
3.72906
 20
30.55
 11
3.72334
 21
30.5848
  0
LINE
  8
0
 10
3.72334
 20
30.5848
 11
3.71809
 21
30.6218
  0
LINE
  8
0
 10
3.71809
 20
30.6218
 11
3.71329
 21
30.6608
  0
LINE
  8
0
 10
3.71329
 20
30.6608
 11
3.70894
 21
30.702
  0
LINE
  8
0
 10
3.70894
 20
30.702
 11
3.70505
 21
30.7452
  0
LINE
  8
0
 10
3.70505
 20
30.7452
 11
3.70161
 21
30.7905
  0
LINE
  8
0
 10
3.70161
 20
30.7905
 11
3.69864
 21
30.8379
  0
LINE
  8
0
 10
3.69864
 20
30.8379
 11
3.69612
 21
30.8874
  0
LINE
  8
0
 10
3.69612
 20
30.8874
 11
3.69406
 21
30.939
  0
LINE
  8
0
 10
3.69406
 20
30.939
 11
3.69246
 21
30.9927
  0
LINE
  8
0
 10
3.69246
 20
30.9927
 11
3.69131
 21
31.0485
  0
LINE
  8
0
 10
3.69131
 20
31.0485
 11
3.69063
 21
31.1064
  0
LINE
  8
0
 10
3.69063
 20
31.1064
 11
3.6904
 21
31.1664
  0
LINE
  8
0
 10
3.6904
 20
31.1664
 11
3.69064
 21
31.224
  0
LINE
  8
0
 10
3.69064
 20
31.224
 11
3.69135
 21
31.2797
  0
LINE
  8
0
 10
3.69135
 20
31.2797
 11
3.69252
 21
31.3335
  0
LINE
  8
0
 10
3.69252
 20
31.3335
 11
3.69415
 21
31.3855
  0
LINE
  8
0
 10
3.69415
 20
31.3855
 11
3.69627
 21
31.4355
  0
LINE
  8
0
 10
3.69627
 20
31.4355
 11
3.69885
 21
31.4837
  0
LINE
  8
0
 10
3.69885
 20
31.4837
 11
3.7019
 21
31.5301
  0
LINE
  8
0
 10
3.7019
 20
31.5301
 11
3.70543
 21
31.5745
  0
LINE
  8
0
 10
3.70543
 20
31.5745
 11
3.70943
 21
31.6171
  0
LINE
  8
0
 10
3.70943
 20
31.6171
 11
3.71388
 21
31.6578
  0
LINE
  8
0
 10
3.71388
 20
31.6578
 11
3.71881
 21
31.6966
  0
LINE
  8
0
 10
3.71881
 20
31.6966
 11
3.72421
 21
31.7335
  0
LINE
  8
0
 10
3.72421
 20
31.7335
 11
3.73009
 21
31.7686
  0
LINE
  8
0
 10
3.73009
 20
31.7686
 11
3.73648
 21
31.802
  0
LINE
  8
0
 10
3.73648
 20
31.802
 11
3.74345
 21
31.8339
  0
LINE
  8
0
 10
3.74345
 20
31.8339
 11
3.75099
 21
31.8645
  0
LINE
  8
0
 10
3.75099
 20
31.8645
 11
3.75912
 21
31.8936
  0
LINE
  8
0
 10
3.75912
 20
31.8936
 11
3.76782
 21
31.9212
  0
LINE
  8
0
 10
3.76782
 20
31.9212
 11
3.7771
 21
31.9475
  0
LINE
  8
0
 10
3.7771
 20
31.9475
 11
3.78696
 21
31.9723
  0
LINE
  8
0
 10
3.78696
 20
31.9723
 11
3.79739
 21
31.9956
  0
LINE
  8
0
 10
3.79739
 20
31.9956
 11
3.80841
 21
32.0176
  0
LINE
  8
0
 10
3.80841
 20
32.0176
 11
3.82001
 21
32.0381
  0
LINE
  8
0
 10
3.82001
 20
32.0381
 11
3.83217
 21
32.0572
  0
LINE
  8
0
 10
3.83217
 20
32.0572
 11
3.84492
 21
32.0748
  0
LINE
  8
0
 10
3.84492
 20
32.0748
 11
3.85825
 21
32.091
  0
LINE
  8
0
 10
3.85825
 20
32.091
 11
3.8723
 21
32.1059
  0
LINE
  8
0
 10
3.8723
 20
32.1059
 11
3.88724
 21
32.1196
  0
LINE
  8
0
 10
3.88724
 20
32.1196
 11
3.90305
 21
32.1321
  0
LINE
  8
0
 10
3.90305
 20
32.1321
 11
3.91972
 21
32.1434
  0
LINE
  8
0
 10
3.91972
 20
32.1434
 11
3.93729
 21
32.1536
  0
LINE
  8
0
 10
3.93729
 20
32.1536
 11
3.95573
 21
32.1625
  0
LINE
  8
0
 10
3.95573
 20
32.1625
 11
3.97507
 21
32.1703
  0
LINE
  8
0
 10
3.97507
 20
32.1703
 11
3.99527
 21
32.1768
  0
LINE
  8
0
 10
3.99527
 20
32.1768
 11
4.01634
 21
32.1822
  0
LINE
  8
0
 10
4.01634
 20
32.1822
 11
4.03831
 21
32.1864
  0
LINE
  8
0
 10
4.03831
 20
32.1864
 11
4.06116
 21
32.1893
  0
LINE
  8
0
 10
4.06116
 20
32.1893
 11
4.08487
 21
32.1911
  0
LINE
  8
0
 10
4.08487
 20
32.1911
 11
4.10947
 21
32.1917
  0
LINE
  8
0
 10
4.10947
 20
32.1917
 11
4.13435
 21
32.1911
  0
LINE
  8
0
 10
4.13435
 20
32.1911
 11
4.15833
 21
32.1895
  0
LINE
  8
0
 10
4.15833
 20
32.1895
 11
4.18135
 21
32.1866
  0
LINE
  8
0
 10
4.18135
 20
32.1866
 11
4.20346
 21
32.1827
  0
LINE
  8
0
 10
4.20346
 20
32.1827
 11
4.22464
 21
32.1776
  0
LINE
  8
0
 10
4.22464
 20
32.1776
 11
4.2449
 21
32.1713
  0
LINE
  8
0
 10
4.2449
 20
32.1713
 11
4.26422
 21
32.164
  0
LINE
  8
0
 10
4.26422
 20
32.164
 11
4.28262
 21
32.1555
  0
LINE
  8
0
 10
4.28262
 20
32.1555
 11
4.30009
 21
32.1459
  0
LINE
  8
0
 10
4.30009
 20
32.1459
 11
4.31665
 21
32.1351
  0
LINE
  8
0
 10
4.31665
 20
32.1351
 11
4.33226
 21
32.1233
  0
LINE
  8
0
 10
4.33226
 20
32.1233
 11
4.34695
 21
32.1102
  0
LINE
  8
0
 10
4.34695
 20
32.1102
 11
4.36072
 21
32.0961
  0
LINE
  8
0
 10
4.36072
 20
32.0961
 11
4.37375
 21
32.0807
  0
LINE
  8
0
 10
4.37375
 20
32.0807
 11
4.38622
 21
32.0637
  0
LINE
  8
0
 10
4.38622
 20
32.0637
 11
4.39813
 21
32.0453
  0
LINE
  8
0
 10
4.39813
 20
32.0453
 11
4.4095
 21
32.0254
  0
LINE
  8
0
 10
4.4095
 20
32.0254
 11
4.4203
 21
32.004
  0
LINE
  8
0
 10
4.4203
 20
32.004
 11
4.43057
 21
31.9812
  0
LINE
  8
0
 10
4.43057
 20
31.9812
 11
4.44028
 21
31.9568
  0
LINE
  8
0
 10
4.44028
 20
31.9568
 11
4.44942
 21
31.931
  0
LINE
  8
0
 10
4.44942
 20
31.931
 11
4.45802
 21
31.9037
  0
LINE
  8
0
 10
4.45802
 20
31.9037
 11
4.46606
 21
31.875
  0
LINE
  8
0
 10
4.46606
 20
31.875
 11
4.47356
 21
31.8447
  0
LINE
  8
0
 10
4.47356
 20
31.8447
 11
4.48048
 21
31.813
  0
LINE
  8
0
 10
4.48048
 20
31.813
 11
4.48688
 21
31.7798
  0
LINE
  8
0
 10
4.48688
 20
31.7798
 11
4.49274
 21
31.7448
  0
LINE
  8
0
 10
4.49274
 20
31.7448
 11
4.49814
 21
31.7078
  0
LINE
  8
0
 10
4.49814
 20
31.7078
 11
4.50307
 21
31.6687
  0
LINE
  8
0
 10
4.50307
 20
31.6687
 11
4.50752
 21
31.6276
  0
LINE
  8
0
 10
4.50752
 20
31.6276
 11
4.51151
 21
31.5845
  0
LINE
  8
0
 10
4.51151
 20
31.5845
 11
4.51503
 21
31.5394
  0
LINE
  8
0
 10
4.51503
 20
31.5394
 11
4.51808
 21
31.4922
  0
LINE
  8
0
 10
4.51808
 20
31.4922
 11
4.52066
 21
31.443
  0
LINE
  8
0
 10
4.52066
 20
31.443
 11
4.52278
 21
31.3917
  0
LINE
  8
0
 10
4.52278
 20
31.3917
 11
4.52441
 21
31.3384
  0
LINE
  8
0
 10
4.52441
 20
31.3384
 11
4.52559
 21
31.2831
  0
LINE
  8
0
 10
4.52559
 20
31.2831
 11
4.52629
 21
31.2258
  0
LINE
  8
0
 10
4.52629
 20
31.2258
 11
4.52654
 21
31.1664
  0
LINE
  8
0
 10
4.52654
 20
31.1664
 11
4.52631
 21
31.1064
  0
LINE
  8
0
 10
4.52631
 20
31.1064
 11
4.52563
 21
31.0485
  0
LINE
  8
0
 10
4.52563
 20
31.0485
 11
4.52452
 21
30.9928
  0
LINE
  8
0
 10
4.52452
 20
30.9928
 11
4.52296
 21
30.9391
  0
LINE
  8
0
 10
4.52296
 20
30.9391
 11
4.52097
 21
30.8876
  0
LINE
  8
0
 10
4.52097
 20
30.8876
 11
4.51852
 21
30.8381
  0
LINE
  8
0
 10
4.51852
 20
30.8381
 11
4.51562
 21
30.7908
  0
LINE
  8
0
 10
4.51562
 20
30.7908
 11
4.51228
 21
30.7456
  0
LINE
  8
0
 10
4.51228
 20
30.7456
 11
4.5085
 21
30.7024
  0
LINE
  8
0
 10
4.5085
 20
30.7024
 11
4.50427
 21
30.6614
  0
LINE
  8
0
 10
4.50427
 20
30.6614
 11
4.4996
 21
30.6225
  0
LINE
  8
0
 10
4.4996
 20
30.6225
 11
4.49448
 21
30.5857
  0
LINE
  8
0
 10
4.49448
 20
30.5857
 11
4.48891
 21
30.551
  0
LINE
  8
0
 10
4.48891
 20
30.551
 11
4.48282
 21
30.5181
  0
LINE
  8
0
 10
4.48282
 20
30.5181
 11
4.47612
 21
30.4866
  0
LINE
  8
0
 10
4.47612
 20
30.4866
 11
4.46883
 21
30.4566
  0
LINE
  8
0
 10
4.46883
 20
30.4566
 11
4.46092
 21
30.428
  0
LINE
  8
0
 10
4.46092
 20
30.428
 11
4.45242
 21
30.4008
  0
LINE
  8
0
 10
4.45242
 20
30.4008
 11
4.44333
 21
30.3751
  0
LINE
  8
0
 10
4.44333
 20
30.3751
 11
4.43362
 21
30.3509
  0
LINE
  8
0
 10
4.43362
 20
30.3509
 11
4.42331
 21
30.3281
  0
LINE
  8
0
 10
4.42331
 20
30.3281
 11
4.41241
 21
30.3067
  0
LINE
  8
0
 10
4.41241
 20
30.3067
 11
4.40089
 21
30.2868
  0
LINE
  8
0
 10
4.40089
 20
30.2868
 11
4.38879
 21
30.2683
  0
LINE
  8
0
 10
4.38879
 20
30.2683
 11
4.37607
 21
30.2513
  0
LINE
  8
0
 10
4.37607
 20
30.2513
 11
4.36276
 21
30.2357
  0
LINE
  8
0
 10
4.36276
 20
30.2357
 11
4.34865
 21
30.2214
  0
LINE
  8
0
 10
4.34865
 20
30.2214
 11
4.33353
 21
30.2082
  0
LINE
  8
0
 10
4.33353
 20
30.2082
 11
4.31741
 21
30.1962
  0
LINE
  8
0
 10
4.31741
 20
30.1962
 11
4.30031
 21
30.1853
  0
LINE
  8
0
 10
4.30031
 20
30.1853
 11
4.2822
 21
30.1756
  0
LINE
  8
0
 10
4.2822
 20
30.1756
 11
4.26309
 21
30.1671
  0
LINE
  8
0
 10
4.26309
 20
30.1671
 11
4.24298
 21
30.1596
  0
LINE
  8
0
 10
4.24298
 20
30.1596
 11
4.22186
 21
30.1533
  0
LINE
  8
0
 10
4.22186
 20
30.1533
 11
4.19977
 21
30.1482
  0
LINE
  8
0
 10
4.19977
 20
30.1482
 11
4.17665
 21
30.1442
  0
LINE
  8
0
 10
4.17665
 20
30.1442
 11
4.15254
 21
30.1413
  0
LINE
  8
0
 10
4.15254
 20
30.1413
 11
4.12744
 21
30.1396
  0
LINE
  8
0
 10
4.12744
 20
30.1396
 11
4.10133
 21
30.139
  0
LINE
  8
0
 10
4.10133
 20
30.139
 11
4.07677
 21
30.1396
  0
LINE
  8
0
 10
18.8176
 20
29.6924
 11
18.8696
 21
29.6951
  0
LINE
  8
0
 10
18.8696
 20
29.6951
 11
18.92
 21
29.6997
  0
LINE
  8
0
 10
18.92
 20
29.6997
 11
18.9687
 21
29.7061
  0
LINE
  8
0
 10
18.9687
 20
29.7061
 11
19.0158
 21
29.7143
  0
LINE
  8
0
 10
19.0158
 20
29.7143
 11
19.0613
 21
29.7244
  0
LINE
  8
0
 10
19.0613
 20
29.7244
 11
19.1051
 21
29.7363
  0
LINE
  8
0
 10
19.1051
 20
29.7363
 11
19.1473
 21
29.75
  0
LINE
  8
0
 10
19.1473
 20
29.75
 11
19.1878
 21
29.7656
  0
LINE
  8
0
 10
19.1878
 20
29.7656
 11
19.2267
 21
29.783
  0
LINE
  8
0
 10
19.2267
 20
29.783
 11
19.264
 21
29.8022
  0
LINE
  8
0
 10
19.264
 20
29.8022
 11
19.2996
 21
29.8232
  0
LINE
  8
0
 10
19.2996
 20
29.8232
 11
19.3336
 21
29.8461
  0
LINE
  8
0
 10
19.3336
 20
29.8461
 11
19.3661
 21
29.8709
  0
LINE
  8
0
 10
19.3661
 20
29.8709
 11
19.3974
 21
29.8977
  0
LINE
  8
0
 10
19.3974
 20
29.8977
 11
19.4274
 21
29.9266
  0
LINE
  8
0
 10
19.4274
 20
29.9266
 11
19.4561
 21
29.9574
  0
LINE
  8
0
 10
19.4561
 20
29.9574
 11
19.4836
 21
29.9903
  0
LINE
  8
0
 10
19.4836
 20
29.9903
 11
19.5097
 21
30.0252
  0
LINE
  8
0
 10
19.5097
 20
30.0252
 11
19.5346
 21
30.0621
  0
LINE
  8
0
 10
19.5346
 20
30.0621
 11
19.5582
 21
30.1011
  0
LINE
  8
0
 10
19.5582
 20
30.1011
 11
19.5805
 21
30.1421
  0
LINE
  8
0
 10
19.5805
 20
30.1421
 11
19.6016
 21
30.1851
  0
LINE
  8
0
 10
19.6016
 20
30.1851
 11
19.6214
 21
30.2301
  0
LINE
  8
0
 10
19.6214
 20
30.2301
 11
19.6398
 21
30.2771
  0
LINE
  8
0
 10
19.6398
 20
30.2771
 11
19.6571
 21
30.3262
  0
LINE
  8
0
 10
19.6571
 20
30.3262
 11
19.673
 21
30.3774
  0
LINE
  8
0
 10
19.673
 20
30.3774
 11
19.6877
 21
30.4308
  0
LINE
  8
0
 10
19.6877
 20
30.4308
 11
19.7011
 21
30.4865
  0
LINE
  8
0
 10
19.7011
 20
30.4865
 11
19.7132
 21
30.5444
  0
LINE
  8
0
 10
19.7132
 20
30.5444
 11
19.7241
 21
30.6046
  0
LINE
  8
0
 10
19.7241
 20
30.6046
 11
19.7336
 21
30.667
  0
LINE
  8
0
 10
19.7336
 20
30.667
 11
19.7419
 21
30.7316
  0
LINE
  8
0
 10
19.7419
 20
30.7316
 11
19.7489
 21
30.7985
  0
LINE
  8
0
 10
19.7489
 20
30.7985
 11
19.7547
 21
30.8676
  0
LINE
  8
0
 10
19.7547
 20
30.8676
 11
19.7592
 21
30.9389
  0
LINE
  8
0
 10
19.7592
 20
30.9389
 11
19.7623
 21
31.0125
  0
LINE
  8
0
 10
19.7623
 20
31.0125
 11
19.7643
 21
31.0883
  0
LINE
  8
0
 10
19.7643
 20
31.0883
 11
19.7649
 21
31.1664
  0
LINE
  8
0
 10
19.7649
 20
31.1664
 11
19.7591
 21
31.3846
  0
LINE
  8
0
 10
19.7591
 20
31.3846
 11
19.7416
 21
31.5853
  0
LINE
  8
0
 10
19.7416
 20
31.5853
 11
19.7125
 21
31.7686
  0
LINE
  8
0
 10
19.7125
 20
31.7686
 11
19.6717
 21
31.9344
  0
LINE
  8
0
 10
19.6717
 20
31.9344
 11
19.6192
 21
32.0827
  0
LINE
  8
0
 10
19.6192
 20
32.0827
 11
19.5552
 21
32.2137
  0
LINE
  8
0
 10
19.5552
 20
32.2137
 11
19.4794
 21
32.3271
  0
LINE
  8
0
 10
19.4794
 20
32.3271
 11
19.392
 21
32.4231
  0
LINE
  8
0
 10
19.392
 20
32.4231
 11
19.293
 21
32.5017
  0
LINE
  8
0
 10
19.293
 20
32.5017
 11
19.1823
 21
32.5627
  0
LINE
  8
0
 10
19.1823
 20
32.5627
 11
19.0599
 21
32.6064
  0
LINE
  8
0
 10
19.0599
 20
32.6064
 11
18.9259
 21
32.6326
  0
LINE
  8
0
 10
18.9259
 20
32.6326
 11
18.7803
 21
32.6413
  0
LINE
  8
0
 10
18.7803
 20
32.6413
 11
18.7051
 21
32.6391
  0
LINE
  8
0
 10
18.7051
 20
32.6391
 11
18.6328
 21
32.6324
  0
LINE
  8
0
 10
18.6328
 20
32.6324
 11
18.5635
 21
32.6214
  0
LINE
  8
0
 10
18.5635
 20
32.6214
 11
18.4971
 21
32.6059
  0
LINE
  8
0
 10
18.4971
 20
32.6059
 11
18.4337
 21
32.5859
  0
LINE
  8
0
 10
18.4337
 20
32.5859
 11
18.3733
 21
32.5616
  0
LINE
  8
0
 10
18.3733
 20
32.5616
 11
18.3158
 21
32.5328
  0
LINE
  8
0
 10
18.3158
 20
32.5328
 11
18.2612
 21
32.4995
  0
LINE
  8
0
 10
18.2612
 20
32.4995
 11
18.2096
 21
32.4619
  0
LINE
  8
0
 10
18.2096
 20
32.4619
 11
18.1609
 21
32.4198
  0
LINE
  8
0
 10
18.1609
 20
32.4198
 11
18.1152
 21
32.3733
  0
LINE
  8
0
 10
18.1152
 20
32.3733
 11
18.0724
 21
32.3224
  0
LINE
  8
0
 10
18.0724
 20
32.3224
 11
18.0326
 21
32.267
  0
LINE
  8
0
 10
18.0326
 20
32.267
 11
17.9958
 21
32.2073
  0
LINE
  8
0
 10
17.9958
 20
32.2073
 11
17.9619
 21
32.1435
  0
LINE
  8
0
 10
17.9619
 20
32.1435
 11
17.9309
 21
32.0755
  0
LINE
  8
0
 10
17.9309
 20
32.0755
 11
17.9029
 21
32.0033
  0
LINE
  8
0
 10
17.9029
 20
32.0033
 11
17.8778
 21
31.927
  0
LINE
  8
0
 10
17.8778
 20
31.927
 11
17.8557
 21
31.8465
  0
LINE
  8
0
 10
17.8557
 20
31.8465
 11
17.8365
 21
31.7618
  0
LINE
  8
0
 10
17.8365
 20
31.7618
 11
17.8203
 21
31.673
  0
LINE
  8
0
 10
17.8203
 20
31.673
 11
17.807
 21
31.58
  0
LINE
  8
0
 10
17.807
 20
31.58
 11
17.7967
 21
31.4828
  0
LINE
  8
0
 10
17.7967
 20
31.4828
 11
17.7893
 21
31.3815
  0
LINE
  8
0
 10
17.7893
 20
31.3815
 11
17.7849
 21
31.276
  0
LINE
  8
0
 10
17.7849
 20
31.276
 11
17.7834
 21
31.1664
  0
LINE
  8
0
 10
17.7834
 20
31.1664
 11
17.7848
 21
31.055
  0
LINE
  8
0
 10
17.7848
 20
31.055
 11
17.789
 21
30.9479
  0
LINE
  8
0
 10
17.789
 20
30.9479
 11
17.796
 21
30.8453
  0
LINE
  8
0
 10
17.796
 20
30.8453
 11
17.8058
 21
30.747
  0
LINE
  8
0
 10
17.8058
 20
30.747
 11
17.8183
 21
30.6531
  0
LINE
  8
0
 10
17.8183
 20
30.6531
 11
17.8337
 21
30.5636
  0
LINE
  8
0
 10
17.8337
 20
30.5636
 11
17.8519
 21
30.4785
  0
LINE
  8
0
 10
17.8519
 20
30.4785
 11
17.8728
 21
30.3977
  0
LINE
  8
0
 10
17.8728
 20
30.3977
 11
17.8965
 21
30.3213
  0
LINE
  8
0
 10
17.8965
 20
30.3213
 11
17.9231
 21
30.2494
  0
LINE
  8
0
 10
17.9231
 20
30.2494
 11
17.9524
 21
30.1817
  0
LINE
  8
0
 10
17.9524
 20
30.1817
 11
17.9845
 21
30.1185
  0
LINE
  8
0
 10
17.9845
 20
30.1185
 11
18.0194
 21
30.0597
  0
LINE
  8
0
 10
18.0194
 20
30.0597
 11
18.0573
 21
30.0052
  0
LINE
  8
0
 10
18.0573
 20
30.0052
 11
18.0985
 21
29.9551
  0
LINE
  8
0
 10
18.0985
 20
29.9551
 11
18.1428
 21
29.9093
  0
LINE
  8
0
 10
18.1428
 20
29.9093
 11
18.1904
 21
29.868
  0
LINE
  8
0
 10
18.1904
 20
29.868
 11
18.2413
 21
29.8309
  0
LINE
  8
0
 10
18.2413
 20
29.8309
 11
18.2953
 21
29.7982
  0
LINE
  8
0
 10
18.2953
 20
29.7982
 11
18.3526
 21
29.7699
  0
LINE
  8
0
 10
18.3526
 20
29.7699
 11
18.4131
 21
29.7459
  0
LINE
  8
0
 10
18.4131
 20
29.7459
 11
18.4768
 21
29.7263
  0
LINE
  8
0
 10
18.4768
 20
29.7263
 11
18.5438
 21
29.7111
  0
LINE
  8
0
 10
18.5438
 20
29.7111
 11
18.6139
 21
29.7002
  0
LINE
  8
0
 10
18.6139
 20
29.7002
 11
18.6873
 21
29.6936
  0
LINE
  8
0
 10
18.6873
 20
29.6936
 11
18.764
 21
29.6915
  0
LINE
  8
0
 10
18.764
 20
29.6915
 11
18.8176
 21
29.6924
  0
LINE
  8
0
 10
18.7435
 20
30.1396
 11
18.7198
 21
30.1413
  0
LINE
  8
0
 10
18.7198
 20
30.1413
 11
18.6971
 21
30.1441
  0
LINE
  8
0
 10
18.6971
 20
30.1441
 11
18.6752
 21
30.1481
  0
LINE
  8
0
 10
18.6752
 20
30.1481
 11
18.6543
 21
30.1532
  0
LINE
  8
0
 10
18.6543
 20
30.1532
 11
18.6343
 21
30.1594
  0
LINE
  8
0
 10
18.6343
 20
30.1594
 11
18.6152
 21
30.1668
  0
LINE
  8
0
 10
18.6152
 20
30.1668
 11
18.597
 21
30.1752
  0
LINE
  8
0
 10
18.597
 20
30.1752
 11
18.5798
 21
30.1849
  0
LINE
  8
0
 10
18.5798
 20
30.1849
 11
18.5634
 21
30.1956
  0
LINE
  8
0
 10
18.5634
 20
30.1956
 11
18.548
 21
30.2075
  0
LINE
  8
0
 10
18.548
 20
30.2075
 11
18.5335
 21
30.2205
  0
LINE
  8
0
 10
18.5335
 20
30.2205
 11
18.5199
 21
30.2346
  0
LINE
  8
0
 10
18.5199
 20
30.2346
 11
18.507
 21
30.2501
  0
LINE
  8
0
 10
18.507
 20
30.2501
 11
18.4947
 21
30.267
  0
LINE
  8
0
 10
18.4947
 20
30.267
 11
18.4829
 21
30.2854
  0
LINE
  8
0
 10
18.4829
 20
30.2854
 11
18.4717
 21
30.3052
  0
LINE
  8
0
 10
18.4717
 20
30.3052
 11
18.4611
 21
30.3266
  0
LINE
  8
0
 10
18.4611
 20
30.3266
 11
18.451
 21
30.3493
  0
LINE
  8
0
 10
18.451
 20
30.3493
 11
18.4414
 21
30.3736
  0
LINE
  8
0
 10
18.4414
 20
30.3736
 11
18.4324
 21
30.3993
  0
LINE
  8
0
 10
18.4324
 20
30.3993
 11
18.424
 21
30.4265
  0
LINE
  8
0
 10
18.424
 20
30.4265
 11
18.4161
 21
30.4552
  0
LINE
  8
0
 10
18.4161
 20
30.4552
 11
18.4088
 21
30.4853
  0
LINE
  8
0
 10
18.4088
 20
30.4853
 11
18.402
 21
30.5169
  0
LINE
  8
0
 10
18.402
 20
30.5169
 11
18.3958
 21
30.55
  0
LINE
  8
0
 10
18.3958
 20
30.55
 11
18.3901
 21
30.5848
  0
LINE
  8
0
 10
18.3901
 20
30.5848
 11
18.3848
 21
30.6218
  0
LINE
  8
0
 10
18.3848
 20
30.6218
 11
18.38
 21
30.6608
  0
LINE
  8
0
 10
18.38
 20
30.6608
 11
18.3757
 21
30.702
  0
LINE
  8
0
 10
18.3757
 20
30.702
 11
18.3718
 21
30.7452
  0
LINE
  8
0
 10
18.3718
 20
30.7452
 11
18.3683
 21
30.7905
  0
LINE
  8
0
 10
18.3683
 20
30.7905
 11
18.3654
 21
30.8379
  0
LINE
  8
0
 10
18.3654
 20
30.8379
 11
18.3628
 21
30.8874
  0
LINE
  8
0
 10
18.3628
 20
30.8874
 11
18.3608
 21
30.939
  0
LINE
  8
0
 10
18.3608
 20
30.939
 11
18.3592
 21
30.9927
  0
LINE
  8
0
 10
18.3592
 20
30.9927
 11
18.358
 21
31.0485
  0
LINE
  8
0
 10
18.358
 20
31.0485
 11
18.3573
 21
31.1064
  0
LINE
  8
0
 10
18.3573
 20
31.1064
 11
18.3571
 21
31.1664
  0
LINE
  8
0
 10
18.3571
 20
31.1664
 11
18.3574
 21
31.224
  0
LINE
  8
0
 10
18.3574
 20
31.224
 11
18.3581
 21
31.2797
  0
LINE
  8
0
 10
18.3581
 20
31.2797
 11
18.3592
 21
31.3335
  0
LINE
  8
0
 10
18.3592
 20
31.3335
 11
18.3609
 21
31.3855
  0
LINE
  8
0
 10
18.3609
 20
31.3855
 11
18.363
 21
31.4355
  0
LINE
  8
0
 10
18.363
 20
31.4355
 11
18.3656
 21
31.4837
  0
LINE
  8
0
 10
18.3656
 20
31.4837
 11
18.3686
 21
31.5301
  0
LINE
  8
0
 10
18.3686
 20
31.5301
 11
18.3721
 21
31.5745
  0
LINE
  8
0
 10
18.3721
 20
31.5745
 11
18.3761
 21
31.6171
  0
LINE
  8
0
 10
18.3761
 20
31.6171
 11
18.3806
 21
31.6578
  0
LINE
  8
0
 10
18.3806
 20
31.6578
 11
18.3855
 21
31.6966
  0
LINE
  8
0
 10
18.3855
 20
31.6966
 11
18.3909
 21
31.7335
  0
LINE
  8
0
 10
18.3909
 20
31.7335
 11
18.3968
 21
31.7686
  0
LINE
  8
0
 10
18.3968
 20
31.7686
 11
18.4032
 21
31.802
  0
LINE
  8
0
 10
18.4032
 20
31.802
 11
18.4102
 21
31.8339
  0
LINE
  8
0
 10
18.4102
 20
31.8339
 11
18.4177
 21
31.8645
  0
LINE
  8
0
 10
18.4177
 20
31.8645
 11
18.4258
 21
31.8936
  0
LINE
  8
0
 10
18.4258
 20
31.8936
 11
18.4345
 21
31.9212
  0
LINE
  8
0
 10
18.4345
 20
31.9212
 11
18.4438
 21
31.9475
  0
LINE
  8
0
 10
18.4438
 20
31.9475
 11
18.4537
 21
31.9723
  0
LINE
  8
0
 10
18.4537
 20
31.9723
 11
18.4641
 21
31.9956
  0
LINE
  8
0
 10
18.4641
 20
31.9956
 11
18.4751
 21
32.0176
  0
LINE
  8
0
 10
18.4751
 20
32.0176
 11
18.4867
 21
32.0381
  0
LINE
  8
0
 10
18.4867
 20
32.0381
 11
18.4989
 21
32.0572
  0
LINE
  8
0
 10
18.4989
 20
32.0572
 11
18.5116
 21
32.0748
  0
LINE
  8
0
 10
18.5116
 20
32.0748
 11
18.525
 21
32.091
  0
LINE
  8
0
 10
18.525
 20
32.091
 11
18.539
 21
32.1059
  0
LINE
  8
0
 10
18.539
 20
32.1059
 11
18.554
 21
32.1196
  0
LINE
  8
0
 10
18.554
 20
32.1196
 11
18.5698
 21
32.1321
  0
LINE
  8
0
 10
18.5698
 20
32.1321
 11
18.5864
 21
32.1434
  0
LINE
  8
0
 10
18.5864
 20
32.1434
 11
18.604
 21
32.1536
  0
LINE
  8
0
 10
18.604
 20
32.1536
 11
18.6225
 21
32.1625
  0
LINE
  8
0
 10
18.6225
 20
32.1625
 11
18.6418
 21
32.1703
  0
LINE
  8
0
 10
18.6418
 20
32.1703
 11
18.662
 21
32.1768
  0
LINE
  8
0
 10
18.662
 20
32.1768
 11
18.6831
 21
32.1822
  0
LINE
  8
0
 10
18.6831
 20
32.1822
 11
18.705
 21
32.1864
  0
LINE
  8
0
 10
18.705
 20
32.1864
 11
18.7279
 21
32.1893
  0
LINE
  8
0
 10
18.7279
 20
32.1893
 11
18.7516
 21
32.1911
  0
LINE
  8
0
 10
18.7516
 20
32.1911
 11
18.7762
 21
32.1917
  0
LINE
  8
0
 10
18.7762
 20
32.1917
 11
18.8011
 21
32.1911
  0
LINE
  8
0
 10
18.8011
 20
32.1911
 11
18.825
 21
32.1895
  0
LINE
  8
0
 10
18.825
 20
32.1895
 11
18.8481
 21
32.1866
  0
LINE
  8
0
 10
18.8481
 20
32.1866
 11
18.8702
 21
32.1827
  0
LINE
  8
0
 10
18.8702
 20
32.1827
 11
18.8914
 21
32.1776
  0
LINE
  8
0
 10
18.8914
 20
32.1776
 11
18.9116
 21
32.1713
  0
LINE
  8
0
 10
18.9116
 20
32.1713
 11
18.9309
 21
32.164
  0
LINE
  8
0
 10
18.9309
 20
32.164
 11
18.9493
 21
32.1555
  0
LINE
  8
0
 10
18.9493
 20
32.1555
 11
18.9668
 21
32.1459
  0
LINE
  8
0
 10
18.9668
 20
32.1459
 11
18.9834
 21
32.1351
  0
LINE
  8
0
 10
18.9834
 20
32.1351
 11
18.999
 21
32.1233
  0
LINE
  8
0
 10
18.999
 20
32.1233
 11
19.0137
 21
32.1102
  0
LINE
  8
0
 10
19.0137
 20
32.1102
 11
19.0274
 21
32.0961
  0
LINE
  8
0
 10
19.0274
 20
32.0961
 11
19.0405
 21
32.0807
  0
LINE
  8
0
 10
19.0405
 20
32.0807
 11
19.0529
 21
32.0637
  0
LINE
  8
0
 10
19.0529
 20
32.0637
 11
19.0648
 21
32.0453
  0
LINE
  8
0
 10
19.0648
 20
32.0453
 11
19.0762
 21
32.0254
  0
LINE
  8
0
 10
19.0762
 20
32.0254
 11
19.087
 21
32.004
  0
LINE
  8
0
 10
19.087
 20
32.004
 11
19.0973
 21
31.9812
  0
LINE
  8
0
 10
19.0973
 20
31.9812
 11
19.107
 21
31.9568
  0
LINE
  8
0
 10
19.107
 20
31.9568
 11
19.1161
 21
31.931
  0
LINE
  8
0
 10
19.1161
 20
31.931
 11
19.1247
 21
31.9037
  0
LINE
  8
0
 10
19.1247
 20
31.9037
 11
19.1328
 21
31.875
  0
LINE
  8
0
 10
19.1328
 20
31.875
 11
19.1403
 21
31.8447
  0
LINE
  8
0
 10
19.1403
 20
31.8447
 11
19.1472
 21
31.813
  0
LINE
  8
0
 10
19.1472
 20
31.813
 11
19.1536
 21
31.7798
  0
LINE
  8
0
 10
19.1536
 20
31.7798
 11
19.1595
 21
31.7448
  0
LINE
  8
0
 10
19.1595
 20
31.7448
 11
19.1649
 21
31.7078
  0
LINE
  8
0
 10
19.1649
 20
31.7078
 11
19.1698
 21
31.6687
  0
LINE
  8
0
 10
19.1698
 20
31.6687
 11
19.1742
 21
31.6276
  0
LINE
  8
0
 10
19.1742
 20
31.6276
 11
19.1782
 21
31.5845
  0
LINE
  8
0
 10
19.1782
 20
31.5845
 11
19.1817
 21
31.5394
  0
LINE
  8
0
 10
19.1817
 20
31.5394
 11
19.1848
 21
31.4922
  0
LINE
  8
0
 10
19.1848
 20
31.4922
 11
19.1874
 21
31.443
  0
LINE
  8
0
 10
19.1874
 20
31.443
 11
19.1895
 21
31.3917
  0
LINE
  8
0
 10
19.1895
 20
31.3917
 11
19.1911
 21
31.3384
  0
LINE
  8
0
 10
19.1911
 20
31.3384
 11
19.1923
 21
31.2831
  0
LINE
  8
0
 10
19.1923
 20
31.2831
 11
19.193
 21
31.2258
  0
LINE
  8
0
 10
19.193
 20
31.2258
 11
19.1933
 21
31.1664
  0
LINE
  8
0
 10
19.1933
 20
31.1664
 11
19.193
 21
31.1064
  0
LINE
  8
0
 10
19.193
 20
31.1064
 11
19.1924
 21
31.0485
  0
LINE
  8
0
 10
19.1924
 20
31.0485
 11
19.1913
 21
30.9928
  0
LINE
  8
0
 10
19.1913
 20
30.9928
 11
19.1897
 21
30.9391
  0
LINE
  8
0
 10
19.1897
 20
30.9391
 11
19.1877
 21
30.8876
  0
LINE
  8
0
 10
19.1877
 20
30.8876
 11
19.1852
 21
30.8381
  0
LINE
  8
0
 10
19.1852
 20
30.8381
 11
19.1823
 21
30.7908
  0
LINE
  8
0
 10
19.1823
 20
30.7908
 11
19.179
 21
30.7456
  0
LINE
  8
0
 10
19.179
 20
30.7456
 11
19.1752
 21
30.7024
  0
LINE
  8
0
 10
19.1752
 20
30.7024
 11
19.171
 21
30.6614
  0
LINE
  8
0
 10
19.171
 20
30.6614
 11
19.1663
 21
30.6225
  0
LINE
  8
0
 10
19.1663
 20
30.6225
 11
19.1612
 21
30.5857
  0
LINE
  8
0
 10
19.1612
 20
30.5857
 11
19.1556
 21
30.551
  0
LINE
  8
0
 10
19.1556
 20
30.551
 11
19.1495
 21
30.5181
  0
LINE
  8
0
 10
19.1495
 20
30.5181
 11
19.1428
 21
30.4866
  0
LINE
  8
0
 10
19.1428
 20
30.4866
 11
19.1355
 21
30.4566
  0
LINE
  8
0
 10
19.1355
 20
30.4566
 11
19.1276
 21
30.428
  0
LINE
  8
0
 10
19.1276
 20
30.428
 11
19.1191
 21
30.4008
  0
LINE
  8
0
 10
19.1191
 20
30.4008
 11
19.11
 21
30.3751
  0
LINE
  8
0
 10
19.11
 20
30.3751
 11
19.1003
 21
30.3509
  0
LINE
  8
0
 10
19.1003
 20
30.3509
 11
19.09
 21
30.3281
  0
LINE
  8
0
 10
19.09
 20
30.3281
 11
19.0791
 21
30.3067
  0
LINE
  8
0
 10
19.0791
 20
30.3067
 11
19.0676
 21
30.2868
  0
LINE
  8
0
 10
19.0676
 20
30.2868
 11
19.0555
 21
30.2683
  0
LINE
  8
0
 10
19.0555
 20
30.2683
 11
19.0428
 21
30.2513
  0
LINE
  8
0
 10
19.0428
 20
30.2513
 11
19.0295
 21
30.2357
  0
LINE
  8
0
 10
19.0295
 20
30.2357
 11
19.0154
 21
30.2214
  0
LINE
  8
0
 10
19.0154
 20
30.2214
 11
19.0002
 21
30.2082
  0
LINE
  8
0
 10
19.0002
 20
30.2082
 11
18.9841
 21
30.1962
  0
LINE
  8
0
 10
18.9841
 20
30.1962
 11
18.967
 21
30.1853
  0
LINE
  8
0
 10
18.967
 20
30.1853
 11
18.9489
 21
30.1756
  0
LINE
  8
0
 10
18.9489
 20
30.1756
 11
18.9298
 21
30.1671
  0
LINE
  8
0
 10
18.9298
 20
30.1671
 11
18.9097
 21
30.1596
  0
LINE
  8
0
 10
18.9097
 20
30.1596
 11
18.8886
 21
30.1533
  0
LINE
  8
0
 10
18.8886
 20
30.1533
 11
18.8665
 21
30.1482
  0
LINE
  8
0
 10
18.8665
 20
30.1482
 11
18.8434
 21
30.1442
  0
LINE
  8
0
 10
18.8434
 20
30.1442
 11
18.8193
 21
30.1413
  0
LINE
  8
0
 10
18.8193
 20
30.1413
 11
18.7942
 21
30.1396
  0
LINE
  8
0
 10
18.7942
 20
30.1396
 11
18.7681
 21
30.139
  0
LINE
  8
0
 10
18.7681
 20
30.139
 11
18.7435
 21
30.1396
  0
LINE
  8
0
 10
21.1196
 20
29.693
 11
21.1893
 21
29.6975
  0
LINE
  8
0
 10
21.1893
 20
29.6975
 11
21.2564
 21
29.705
  0
LINE
  8
0
 10
21.2564
 20
29.705
 11
21.321
 21
29.7155
  0
LINE
  8
0
 10
21.321
 20
29.7155
 11
21.383
 21
29.7291
  0
LINE
  8
0
 10
21.383
 20
29.7291
 11
21.4425
 21
29.7456
  0
LINE
  8
0
 10
21.4425
 20
29.7456
 11
21.4993
 21
29.7652
  0
LINE
  8
0
 10
21.4993
 20
29.7652
 11
21.5537
 21
29.7878
  0
LINE
  8
0
 10
21.5537
 20
29.7878
 11
21.6054
 21
29.8134
  0
LINE
  8
0
 10
21.6054
 20
29.8134
 11
21.6546
 21
29.8419
  0
LINE
  8
0
 10
21.6546
 20
29.8419
 11
21.7012
 21
29.8736
  0
LINE
  8
0
 10
21.7012
 20
29.8736
 11
21.7453
 21
29.9082
  0
LINE
  8
0
 10
21.7453
 20
29.9082
 11
21.7868
 21
29.9458
  0
LINE
  8
0
 10
21.7868
 20
29.9458
 11
21.8255
 21
29.9861
  0
LINE
  8
0
 10
21.8255
 20
29.9861
 11
21.8611
 21
30.0287
  0
LINE
  8
0
 10
21.8611
 20
30.0287
 11
21.8935
 21
30.0737
  0
LINE
  8
0
 10
21.8935
 20
30.0737
 11
21.9229
 21
30.1209
  0
LINE
  8
0
 10
21.9229
 20
30.1209
 11
21.9492
 21
30.1706
  0
LINE
  8
0
 10
21.9492
 20
30.1706
 11
21.9724
 21
30.2225
  0
LINE
  8
0
 10
21.9724
 20
30.2225
 11
21.9925
 21
30.2768
  0
LINE
  8
0
 10
21.9925
 20
30.2768
 11
22.0096
 21
30.3335
  0
LINE
  8
0
 10
22.0096
 20
30.3335
 11
22.0235
 21
30.3925
  0
LINE
  8
0
 10
22.0235
 20
30.3925
 11
22.0343
 21
30.4538
  0
LINE
  8
0
 10
22.0343
 20
30.4538
 11
22.042
 21
30.5174
  0
LINE
  8
0
 10
22.042
 20
30.5174
 11
22.0467
 21
30.5834
  0
LINE
  8
0
 10
22.0467
 20
30.5834
 11
22.0482
 21
30.6517
  0
LINE
  8
0
 10
22.0482
 20
30.6517
 11
22.0469
 21
30.7182
  0
LINE
  8
0
 10
22.0469
 20
30.7182
 11
22.043
 21
30.7826
  0
LINE
  8
0
 10
22.043
 20
30.7826
 11
22.0364
 21
30.8448
  0
LINE
  8
0
 10
22.0364
 20
30.8448
 11
22.0271
 21
30.9049
  0
LINE
  8
0
 10
22.0271
 20
30.9049
 11
22.0153
 21
30.9628
  0
LINE
  8
0
 10
22.0153
 20
30.9628
 11
22.0008
 21
31.0185
  0
LINE
  8
0
 10
22.0008
 20
31.0185
 11
21.9836
 21
31.0721
  0
LINE
  8
0
 10
21.9836
 20
31.0721
 11
21.9639
 21
31.1236
  0
LINE
  8
0
 10
21.9639
 20
31.1236
 11
21.9415
 21
31.1729
  0
LINE
  8
0
 10
21.9415
 20
31.1729
 11
21.9164
 21
31.22
  0
LINE
  8
0
 10
21.9164
 20
31.22
 11
21.8887
 21
31.265
  0
LINE
  8
0
 10
21.8887
 20
31.265
 11
21.8584
 21
31.3078
  0
LINE
  8
0
 10
21.8584
 20
31.3078
 11
21.8255
 21
31.3485
  0
LINE
  8
0
 10
21.8255
 20
31.3485
 11
21.7903
 21
31.3865
  0
LINE
  8
0
 10
21.7903
 20
31.3865
 11
21.7532
 21
31.4216
  0
LINE
  8
0
 10
21.7532
 20
31.4216
 11
21.7144
 21
31.4535
  0
LINE
  8
0
 10
21.7144
 20
31.4535
 11
21.6736
 21
31.4825
  0
LINE
  8
0
 10
21.6736
 20
31.4825
 11
21.6311
 21
31.5084
  0
LINE
  8
0
 10
21.6311
 20
31.5084
 11
21.5867
 21
31.5312
  0
LINE
  8
0
 10
21.5867
 20
31.5312
 11
21.5404
 21
31.551
  0
LINE
  8
0
 10
21.5404
 20
31.551
 11
21.4924
 21
31.5677
  0
LINE
  8
0
 10
21.4924
 20
31.5677
 11
21.4424
 21
31.5815
  0
LINE
  8
0
 10
21.4424
 20
31.5815
 11
21.3907
 21
31.5921
  0
LINE
  8
0
 10
21.3907
 20
31.5921
 11
21.337
 21
31.5997
  0
LINE
  8
0
 10
21.337
 20
31.5997
 11
21.2816
 21
31.6043
  0
LINE
  8
0
 10
21.2816
 20
31.6043
 11
21.2243
 21
31.6058
  0
LINE
  8
0
 10
21.2243
 20
31.6058
 11
21.1932
 21
31.6053
  0
LINE
  8
0
 10
21.1932
 20
31.6053
 11
21.1624
 21
31.6038
  0
LINE
  8
0
 10
21.1624
 20
31.6038
 11
21.1319
 21
31.6012
  0
LINE
  8
0
 10
21.1319
 20
31.6012
 11
21.1017
 21
31.5976
  0
LINE
  8
0
 10
21.1017
 20
31.5976
 11
21.0719
 21
31.593
  0
LINE
  8
0
 10
21.0719
 20
31.593
 11
21.0424
 21
31.5874
  0
LINE
  8
0
 10
21.0424
 20
31.5874
 11
21.0132
 21
31.5807
  0
LINE
  8
0
 10
21.0132
 20
31.5807
 11
20.9843
 21
31.5731
  0
LINE
  8
0
 10
20.9843
 20
31.5731
 11
20.9558
 21
31.5644
  0
LINE
  8
0
 10
20.9558
 20
31.5644
 11
20.9276
 21
31.5547
  0
LINE
  8
0
 10
20.9276
 20
31.5547
 11
20.8997
 21
31.5439
  0
LINE
  8
0
 10
20.8997
 20
31.5439
 11
20.8721
 21
31.5322
  0
LINE
  8
0
 10
20.8721
 20
31.5322
 11
20.8449
 21
31.5193
  0
LINE
  8
0
 10
20.8449
 20
31.5193
 11
20.8184
 21
31.5057
  0
LINE
  8
0
 10
20.8184
 20
31.5057
 11
20.7931
 21
31.4912
  0
LINE
  8
0
 10
20.7931
 20
31.4912
 11
20.7689
 21
31.4759
  0
LINE
  8
0
 10
20.7689
 20
31.4759
 11
20.7459
 21
31.4599
  0
LINE
  8
0
 10
20.7459
 20
31.4599
 11
20.7241
 21
31.4431
  0
LINE
  8
0
 10
20.7241
 20
31.4431
 11
20.7035
 21
31.4255
  0
LINE
  8
0
 10
20.7035
 20
31.4255
 11
20.684
 21
31.4071
  0
LINE
  8
0
 10
20.684
 20
31.4071
 11
20.6657
 21
31.3879
  0
LINE
  8
0
 10
20.6657
 20
31.3879
 11
20.6485
 21
31.368
  0
LINE
  8
0
 10
20.6485
 20
31.368
 11
20.6326
 21
31.3472
  0
LINE
  8
0
 10
20.6326
 20
31.3472
 11
20.6177
 21
31.3257
  0
LINE
  8
0
 10
20.6177
 20
31.3257
 11
20.6041
 21
31.3034
  0
LINE
  8
0
 10
20.6041
 20
31.3034
 11
20.5916
 21
31.2803
  0
LINE
  8
0
 10
20.5916
 20
31.2803
 11
20.593
 21
31.3485
  0
LINE
  8
0
 10
20.593
 20
31.3485
 11
20.5958
 21
31.414
  0
LINE
  8
0
 10
20.5958
 20
31.414
 11
20.6002
 21
31.4769
  0
LINE
  8
0
 10
20.6002
 20
31.4769
 11
20.606
 21
31.5372
  0
LINE
  8
0
 10
20.606
 20
31.5372
 11
20.6133
 21
31.5949
  0
LINE
  8
0
 10
20.6133
 20
31.5949
 11
20.622
 21
31.65
  0
LINE
  8
0
 10
20.622
 20
31.65
 11
20.6323
 21
31.7024
  0
LINE
  8
0
 10
20.6323
 20
31.7024
 11
20.644
 21
31.7522
  0
LINE
  8
0
 10
20.644
 20
31.7522
 11
20.6572
 21
31.7994
  0
LINE
  8
0
 10
20.6572
 20
31.7994
 11
20.6719
 21
31.8439
  0
LINE
  8
0
 10
20.6719
 20
31.8439
 11
20.6881
 21
31.8858
  0
LINE
  8
0
 10
20.6881
 20
31.8858
 11
20.7057
 21
31.9251
  0
LINE
  8
0
 10
20.7057
 20
31.9251
 11
20.7249
 21
31.9618
  0
LINE
  8
0
 10
20.7249
 20
31.9618
 11
20.7454
 21
31.9958
  0
LINE
  8
0
 10
20.7454
 20
31.9958
 11
20.7672
 21
32.0271
  0
LINE
  8
0
 10
20.7672
 20
32.0271
 11
20.7904
 21
32.0557
  0
LINE
  8
0
 10
20.7904
 20
32.0557
 11
20.8148
 21
32.0815
  0
LINE
  8
0
 10
20.8148
 20
32.0815
 11
20.8406
 21
32.1047
  0
LINE
  8
0
 10
20.8406
 20
32.1047
 11
20.8677
 21
32.1251
  0
LINE
  8
0
 10
20.8677
 20
32.1251
 11
20.8961
 21
32.1427
  0
LINE
  8
0
 10
20.8961
 20
32.1427
 11
20.9258
 21
32.1577
  0
LINE
  8
0
 10
20.9258
 20
32.1577
 11
20.9569
 21
32.17
  0
LINE
  8
0
 10
20.9569
 20
32.17
 11
20.9892
 21
32.1795
  0
LINE
  8
0
 10
20.9892
 20
32.1795
 11
21.0229
 21
32.1863
  0
LINE
  8
0
 10
21.0229
 20
32.1863
 11
21.0578
 21
32.1904
  0
LINE
  8
0
 10
21.0578
 20
32.1904
 11
21.0941
 21
32.1917
  0
LINE
  8
0
 10
21.0941
 20
32.1917
 11
21.137
 21
32.1899
  0
LINE
  8
0
 10
21.137
 20
32.1899
 11
21.1774
 21
32.1846
  0
LINE
  8
0
 10
21.1774
 20
32.1846
 11
21.2154
 21
32.1758
  0
LINE
  8
0
 10
21.2154
 20
32.1758
 11
21.251
 21
32.1634
  0
LINE
  8
0
 10
21.251
 20
32.1634
 11
21.2841
 21
32.1475
  0
LINE
  8
0
 10
21.2841
 20
32.1475
 11
21.3147
 21
32.128
  0
LINE
  8
0
 10
21.3147
 20
32.128
 11
21.3428
 21
32.105
  0
LINE
  8
0
 10
21.3428
 20
32.105
 11
21.3686
 21
32.0785
  0
LINE
  8
0
 10
21.3686
 20
32.0785
 11
21.3918
 21
32.0484
  0
LINE
  8
0
 10
21.3918
 20
32.0484
 11
21.4126
 21
32.0148
  0
LINE
  8
0
 10
21.4126
 20
32.0148
 11
21.431
 21
31.9776
  0
LINE
  8
0
 10
21.431
 20
31.9776
 11
21.4469
 21
31.9369
  0
LINE
  8
0
 10
21.4469
 20
31.9369
 11
21.4603
 21
31.8926
  0
LINE
  8
0
 10
21.4603
 20
31.8926
 11
21.9974
 21
31.9679
  0
LINE
  8
0
 10
21.9974
 20
31.9679
 11
21.9828
 21
32.0206
  0
LINE
  8
0
 10
21.9828
 20
32.0206
 11
21.9669
 21
32.0711
  0
LINE
  8
0
 10
21.9669
 20
32.0711
 11
21.9494
 21
32.1194
  0
LINE
  8
0
 10
21.9494
 20
32.1194
 11
21.9304
 21
32.1654
  0
LINE
  8
0
 10
21.9304
 20
32.1654
 11
21.91
 21
32.2092
  0
LINE
  8
0
 10
21.91
 20
32.2092
 11
21.8881
 21
32.2508
  0
LINE
  8
0
 10
21.8881
 20
32.2508
 11
21.8647
 21
32.2902
  0
LINE
  8
0
 10
21.8647
 20
32.2902
 11
21.8398
 21
32.3273
  0
LINE
  8
0
 10
21.8398
 20
32.3273
 11
21.8135
 21
32.3622
  0
LINE
  8
0
 10
21.8135
 20
32.3622
 11
21.7856
 21
32.3949
  0
LINE
  8
0
 10
21.7856
 20
32.3949
 11
21.7563
 21
32.4254
  0
LINE
  8
0
 10
21.7563
 20
32.4254
 11
21.7255
 21
32.4536
  0
LINE
  8
0
 10
21.7255
 20
32.4536
 11
21.6932
 21
32.4796
  0
LINE
  8
0
 10
21.6932
 20
32.4796
 11
21.6592
 21
32.5035
  0
LINE
  8
0
 10
21.6592
 20
32.5035
 11
21.6233
 21
32.5255
  0
LINE
  8
0
 10
21.6233
 20
32.5255
 11
21.5854
 21
32.5456
  0
LINE
  8
0
 10
21.5854
 20
32.5456
 11
21.5457
 21
32.5638
  0
LINE
  8
0
 10
21.5457
 20
32.5638
 11
21.5039
 21
32.58
  0
LINE
  8
0
 10
21.5039
 20
32.58
 11
21.4602
 21
32.5944
  0
LINE
  8
0
 10
21.4602
 20
32.5944
 11
21.4146
 21
32.6068
  0
LINE
  8
0
 10
21.4146
 20
32.6068
 11
21.3671
 21
32.6174
  0
LINE
  8
0
 10
21.3671
 20
32.6174
 11
21.3176
 21
32.626
  0
LINE
  8
0
 10
21.3176
 20
32.626
 11
21.2661
 21
32.6327
  0
LINE
  8
0
 10
21.2661
 20
32.6327
 11
21.2128
 21
32.6375
  0
LINE
  8
0
 10
21.2128
 20
32.6375
 11
21.1575
 21
32.6403
  0
LINE
  8
0
 10
21.1575
 20
32.6403
 11
21.1002
 21
32.6413
  0
LINE
  8
0
 10
21.1002
 20
32.6413
 11
21.0227
 21
32.6391
  0
LINE
  8
0
 10
21.0227
 20
32.6391
 11
20.948
 21
32.6323
  0
LINE
  8
0
 10
20.948
 20
32.6323
 11
20.8761
 21
32.6211
  0
LINE
  8
0
 10
20.8761
 20
32.6211
 11
20.8069
 21
32.6055
  0
LINE
  8
0
 10
20.8069
 20
32.6055
 11
20.7405
 21
32.5853
  0
LINE
  8
0
 10
20.7405
 20
32.5853
 11
20.6768
 21
32.5607
  0
LINE
  8
0
 10
20.6768
 20
32.5607
 11
20.616
 21
32.5316
  0
LINE
  8
0
 10
20.616
 20
32.5316
 11
20.5578
 21
32.498
  0
LINE
  8
0
 10
20.5578
 20
32.498
 11
20.5025
 21
32.4599
  0
LINE
  8
0
 10
20.5025
 20
32.4599
 11
20.4499
 21
32.4174
  0
LINE
  8
0
 10
20.4499
 20
32.4174
 11
20.4001
 21
32.3704
  0
LINE
  8
0
 10
20.4001
 20
32.3704
 11
20.3531
 21
32.3189
  0
LINE
  8
0
 10
20.3531
 20
32.3189
 11
20.3089
 21
32.2629
  0
LINE
  8
0
 10
20.3089
 20
32.2629
 11
20.2676
 21
32.2024
  0
LINE
  8
0
 10
20.2676
 20
32.2024
 11
20.2297
 21
32.1374
  0
LINE
  8
0
 10
20.2297
 20
32.1374
 11
20.1951
 21
32.0678
  0
LINE
  8
0
 10
20.1951
 20
32.0678
 11
20.1637
 21
31.9937
  0
LINE
  8
0
 10
20.1637
 20
31.9937
 11
20.1357
 21
31.9149
  0
LINE
  8
0
 10
20.1357
 20
31.9149
 11
20.1109
 21
31.8317
  0
LINE
  8
0
 10
20.1109
 20
31.8317
 11
20.0895
 21
31.7439
  0
LINE
  8
0
 10
20.0895
 20
31.7439
 11
20.0714
 21
31.6516
  0
LINE
  8
0
 10
20.0714
 20
31.6516
 11
20.0565
 21
31.5547
  0
LINE
  8
0
 10
20.0565
 20
31.5547
 11
20.045
 21
31.4532
  0
LINE
  8
0
 10
20.045
 20
31.4532
 11
20.0367
 21
31.3473
  0
LINE
  8
0
 10
20.0367
 20
31.3473
 11
20.0318
 21
31.2367
  0
LINE
  8
0
 10
20.0318
 20
31.2367
 11
20.0301
 21
31.1216
  0
LINE
  8
0
 10
20.0301
 20
31.1216
 11
20.0316
 21
31.0136
  0
LINE
  8
0
 10
20.0316
 20
31.0136
 11
20.0361
 21
30.9098
  0
LINE
  8
0
 10
20.0361
 20
30.9098
 11
20.0435
 21
30.8102
  0
LINE
  8
0
 10
20.0435
 20
30.8102
 11
20.0539
 21
30.715
  0
LINE
  8
0
 10
20.0539
 20
30.715
 11
20.0673
 21
30.6239
  0
LINE
  8
0
 10
20.0673
 20
30.6239
 11
20.0836
 21
30.5371
  0
LINE
  8
0
 10
20.0836
 20
30.5371
 11
20.103
 21
30.4546
  0
LINE
  8
0
 10
20.103
 20
30.4546
 11
20.1253
 21
30.3763
  0
LINE
  8
0
 10
20.1253
 20
30.3763
 11
20.1505
 21
30.3022
  0
LINE
  8
0
 10
20.1505
 20
30.3022
 11
20.1788
 21
30.2324
  0
LINE
  8
0
 10
20.1788
 20
30.2324
 11
20.21
 21
30.1669
  0
LINE
  8
0
 10
20.21
 20
30.1669
 11
20.2442
 21
30.1055
  0
LINE
  8
0
 10
20.2442
 20
30.1055
 11
20.2814
 21
30.0485
  0
LINE
  8
0
 10
20.2814
 20
30.0485
 11
20.3216
 21
29.9957
  0
LINE
  8
0
 10
20.3216
 20
29.9957
 11
20.3649
 21
29.9471
  0
LINE
  8
0
 10
20.3649
 20
29.9471
 11
20.4114
 21
29.9027
  0
LINE
  8
0
 10
20.4114
 20
29.9027
 11
20.4609
 21
29.8626
  0
LINE
  8
0
 10
20.4609
 20
29.8626
 11
20.5136
 21
29.8267
  0
LINE
  8
0
 10
20.5136
 20
29.8267
 11
20.5694
 21
29.795
  0
LINE
  8
0
 10
20.5694
 20
29.795
 11
20.6283
 21
29.7675
  0
LINE
  8
0
 10
20.6283
 20
29.7675
 11
20.6904
 21
29.7443
  0
LINE
  8
0
 10
20.6904
 20
29.7443
 11
20.7555
 21
29.7253
  0
LINE
  8
0
 10
20.7555
 20
29.7253
 11
20.8238
 21
29.7105
  0
LINE
  8
0
 10
20.8238
 20
29.7105
 11
20.8952
 21
29.6999
  0
LINE
  8
0
 10
20.8952
 20
29.6999
 11
20.9697
 21
29.6936
  0
LINE
  8
0
 10
20.9697
 20
29.6936
 11
21.0473
 21
29.6915
  0
LINE
  8
0
 10
21.0473
 20
29.6915
 11
21.1196
 21
29.693
  0
LINE
  8
0
 10
21.0323
 20
30.14
 11
21.0039
 21
30.1428
  0
LINE
  8
0
 10
21.0039
 20
30.1428
 11
20.9764
 21
30.1474
  0
LINE
  8
0
 10
20.9764
 20
30.1474
 11
20.9498
 21
30.154
  0
LINE
  8
0
 10
20.9498
 20
30.154
 11
20.9242
 21
30.1624
  0
LINE
  8
0
 10
20.9242
 20
30.1624
 11
20.8994
 21
30.1726
  0
LINE
  8
0
 10
20.8994
 20
30.1726
 11
20.8755
 21
30.1848
  0
LINE
  8
0
 10
20.8755
 20
30.1848
 11
20.8526
 21
30.1987
  0
LINE
  8
0
 10
20.8526
 20
30.1987
 11
20.8305
 21
30.2146
  0
LINE
  8
0
 10
20.8305
 20
30.2146
 11
20.8094
 21
30.2323
  0
LINE
  8
0
 10
20.8094
 20
30.2323
 11
20.7891
 21
30.2519
  0
LINE
  8
0
 10
20.7891
 20
30.2519
 11
20.7698
 21
30.2734
  0
LINE
  8
0
 10
20.7698
 20
30.2734
 11
20.7513
 21
30.2967
  0
LINE
  8
0
 10
20.7513
 20
30.2967
 11
20.734
 21
30.3216
  0
LINE
  8
0
 10
20.734
 20
30.3216
 11
20.7181
 21
30.3478
  0
LINE
  8
0
 10
20.7181
 20
30.3478
 11
20.7036
 21
30.3753
  0
LINE
  8
0
 10
20.7036
 20
30.3753
 11
20.6904
 21
30.404
  0
LINE
  8
0
 10
20.6904
 20
30.404
 11
20.6786
 21
30.4341
  0
LINE
  8
0
 10
20.6786
 20
30.4341
 11
20.6683
 21
30.4654
  0
LINE
  8
0
 10
20.6683
 20
30.4654
 11
20.6593
 21
30.498
  0
LINE
  8
0
 10
20.6593
 20
30.498
 11
20.6517
 21
30.532
  0
LINE
  8
0
 10
20.6517
 20
30.532
 11
20.6454
 21
30.5672
  0
LINE
  8
0
 10
20.6454
 20
30.5672
 11
20.6406
 21
30.6037
  0
LINE
  8
0
 10
20.6406
 20
30.6037
 11
20.6371
 21
30.6414
  0
LINE
  8
0
 10
20.6371
 20
30.6414
 11
20.635
 21
30.6805
  0
LINE
  8
0
 10
20.635
 20
30.6805
 11
20.6344
 21
30.7209
  0
LINE
  8
0
 10
20.6344
 20
30.7209
 11
20.6351
 21
30.7526
  0
LINE
  8
0
 10
20.6351
 20
30.7526
 11
20.6372
 21
30.7833
  0
LINE
  8
0
 10
20.6372
 20
30.7833
 11
20.6408
 21
30.8131
  0
LINE
  8
0
 10
20.6408
 20
30.8131
 11
20.6458
 21
30.8418
  0
LINE
  8
0
 10
20.6458
 20
30.8418
 11
20.6523
 21
30.8696
  0
LINE
  8
0
 10
20.6523
 20
30.8696
 11
20.6601
 21
30.8963
  0
LINE
  8
0
 10
20.6601
 20
30.8963
 11
20.6694
 21
30.9221
  0
LINE
  8
0
 10
20.6694
 20
30.9221
 11
20.6802
 21
30.9468
  0
LINE
  8
0
 10
20.6802
 20
30.9468
 11
20.6924
 21
30.9706
  0
LINE
  8
0
 10
20.6924
 20
30.9706
 11
20.706
 21
30.9933
  0
LINE
  8
0
 10
20.706
 20
30.9933
 11
20.721
 21
31.015
  0
LINE
  8
0
 10
20.721
 20
31.015
 11
20.7375
 21
31.0358
  0
LINE
  8
0
 10
20.7375
 20
31.0358
 11
20.7554
 21
31.0555
  0
LINE
  8
0
 10
20.7554
 20
31.0555
 11
20.7744
 21
31.0741
  0
LINE
  8
0
 10
20.7744
 20
31.0741
 11
20.7941
 21
31.0911
  0
LINE
  8
0
 10
20.7941
 20
31.0911
 11
20.8146
 21
31.1066
  0
LINE
  8
0
 10
20.8146
 20
31.1066
 11
20.8358
 21
31.1207
  0
LINE
  8
0
 10
20.8358
 20
31.1207
 11
20.8577
 21
31.1333
  0
LINE
  8
0
 10
20.8577
 20
31.1333
 11
20.8803
 21
31.1444
  0
LINE
  8
0
 10
20.8803
 20
31.1444
 11
20.9037
 21
31.154
  0
LINE
  8
0
 10
20.9037
 20
31.154
 11
20.9279
 21
31.1621
  0
LINE
  8
0
 10
20.9279
 20
31.1621
 11
20.9527
 21
31.1688
  0
LINE
  8
0
 10
20.9527
 20
31.1688
 11
20.9783
 21
31.174
  0
LINE
  8
0
 10
20.9783
 20
31.174
 11
21.0046
 21
31.1777
  0
LINE
  8
0
 10
21.0046
 20
31.1777
 11
21.0317
 21
31.1799
  0
LINE
  8
0
 10
21.0317
 20
31.1799
 11
21.0595
 21
31.1806
  0
LINE
  8
0
 10
21.0595
 20
31.1806
 11
21.0887
 21
31.1798
  0
LINE
  8
0
 10
21.0887
 20
31.1798
 11
21.117
 21
31.1772
  0
LINE
  8
0
 10
21.117
 20
31.1772
 11
21.1442
 21
31.173
  0
LINE
  8
0
 10
21.1442
 20
31.173
 11
21.1704
 21
31.1671
  0
LINE
  8
0
 10
21.1704
 20
31.1671
 11
21.1956
 21
31.1594
  0
LINE
  8
0
 10
21.1956
 20
31.1594
 11
21.2197
 21
31.1501
  0
LINE
  8
0
 10
21.2197
 20
31.1501
 11
21.2429
 21
31.1391
  0
LINE
  8
0
 10
21.2429
 20
31.1391
 11
21.265
 21
31.1263
  0
LINE
  8
0
 10
21.265
 20
31.1263
 11
21.2862
 21
31.1119
  0
LINE
  8
0
 10
21.2862
 20
31.1119
 11
21.3063
 21
31.0958
  0
LINE
  8
0
 10
21.3063
 20
31.0958
 11
21.3254
 21
31.0779
  0
LINE
  8
0
 10
21.3254
 20
31.0779
 11
21.3435
 21
31.0584
  0
LINE
  8
0
 10
21.3435
 20
31.0584
 11
21.3606
 21
31.0372
  0
LINE
  8
0
 10
21.3606
 20
31.0372
 11
21.3766
 21
31.0146
  0
LINE
  8
0
 10
21.3766
 20
31.0146
 11
21.3912
 21
30.9908
  0
LINE
  8
0
 10
21.3912
 20
30.9908
 11
21.4046
 21
30.966
  0
LINE
  8
0
 10
21.4046
 20
30.966
 11
21.4168
 21
30.94
  0
LINE
  8
0
 10
21.4168
 20
30.94
 11
21.4276
 21
30.9129
  0
LINE
  8
0
 10
21.4276
 20
30.9129
 11
21.4372
 21
30.8847
  0
LINE
  8
0
 10
21.4372
 20
30.8847
 11
21.4455
 21
30.8553
  0
LINE
  8
0
 10
21.4455
 20
30.8553
 11
21.4525
 21
30.8249
  0
LINE
  8
0
 10
21.4525
 20
30.8249
 11
21.4582
 21
30.7933
  0
LINE
  8
0
 10
21.4582
 20
30.7933
 11
21.4627
 21
30.7606
  0
LINE
  8
0
 10
21.4627
 20
30.7606
 11
21.4659
 21
30.7268
  0
LINE
  8
0
 10
21.4659
 20
30.7268
 11
21.4678
 21
30.6918
  0
LINE
  8
0
 10
21.4678
 20
30.6918
 11
21.4684
 21
30.6558
  0
LINE
  8
0
 10
21.4684
 20
30.6558
 11
21.4678
 21
30.6191
  0
LINE
  8
0
 10
21.4678
 20
30.6191
 11
21.4659
 21
30.5838
  0
LINE
  8
0
 10
21.4659
 20
30.5838
 11
21.4626
 21
30.5496
  0
LINE
  8
0
 10
21.4626
 20
30.5496
 11
21.4581
 21
30.5167
  0
LINE
  8
0
 10
21.4581
 20
30.5167
 11
21.4523
 21
30.485
  0
LINE
  8
0
 10
21.4523
 20
30.485
 11
21.4453
 21
30.4546
  0
LINE
  8
0
 10
21.4453
 20
30.4546
 11
21.4369
 21
30.4254
  0
LINE
  8
0
 10
21.4369
 20
30.4254
 11
21.4272
 21
30.3975
  0
LINE
  8
0
 10
21.4272
 20
30.3975
 11
21.4163
 21
30.3708
  0
LINE
  8
0
 10
21.4163
 20
30.3708
 11
21.404
 21
30.3453
  0
LINE
  8
0
 10
21.404
 20
30.3453
 11
21.3905
 21
30.3211
  0
LINE
  8
0
 10
21.3905
 20
30.3211
 11
21.3757
 21
30.2981
  0
LINE
  8
0
 10
21.3757
 20
30.2981
 11
21.3596
 21
30.2764
  0
LINE
  8
0
 10
21.3596
 20
30.2764
 11
21.3424
 21
30.2561
  0
LINE
  8
0
 10
21.3424
 20
30.2561
 11
21.3242
 21
30.2374
  0
LINE
  8
0
 10
21.3242
 20
30.2374
 11
21.3051
 21
30.2203
  0
LINE
  8
0
 10
21.3051
 20
30.2203
 11
21.285
 21
30.2049
  0
LINE
  8
0
 10
21.285
 20
30.2049
 11
21.264
 21
30.1911
  0
LINE
  8
0
 10
21.264
 20
30.1911
 11
21.242
 21
30.1789
  0
LINE
  8
0
 10
21.242
 20
30.1789
 11
21.2191
 21
30.1683
  0
LINE
  8
0
 10
21.2191
 20
30.1683
 11
21.1952
 21
30.1594
  0
LINE
  8
0
 10
21.1952
 20
30.1594
 11
21.1704
 21
30.152
  0
LINE
  8
0
 10
21.1704
 20
30.152
 11
21.1446
 21
30.1463
  0
LINE
  8
0
 10
21.1446
 20
30.1463
 11
21.1179
 21
30.1423
  0
LINE
  8
0
 10
21.1179
 20
30.1423
 11
21.0902
 21
30.1398
  0
LINE
  8
0
 10
21.0902
 20
30.1398
 11
21.0616
 21
30.139
  0
LINE
  8
0
 10
21.0616
 20
30.139
 11
21.0323
 21
30.14
  0
LINE
  8
0
 10
24.7258
 20
29.6927
 11
24.8068
 21
29.6964
  0
LINE
  8
0
 10
24.8068
 20
29.6964
 11
24.8847
 21
29.7025
  0
LINE
  8
0
 10
24.8847
 20
29.7025
 11
24.9595
 21
29.711
  0
LINE
  8
0
 10
24.9595
 20
29.711
 11
25.0311
 21
29.722
  0
LINE
  8
0
 10
25.0311
 20
29.722
 11
25.0996
 21
29.7355
  0
LINE
  8
0
 10
25.0996
 20
29.7355
 11
25.1649
 21
29.7513
  0
LINE
  8
0
 10
25.1649
 20
29.7513
 11
25.2271
 21
29.7697
  0
LINE
  8
0
 10
25.2271
 20
29.7697
 11
25.2862
 21
29.7904
  0
LINE
  8
0
 10
25.2862
 20
29.7904
 11
25.3421
 21
29.8137
  0
LINE
  8
0
 10
25.3421
 20
29.8137
 11
25.3948
 21
29.8393
  0
LINE
  8
0
 10
25.3948
 20
29.8393
 11
25.4445
 21
29.8674
  0
LINE
  8
0
 10
25.4445
 20
29.8674
 11
25.4909
 21
29.898
  0
LINE
  8
0
 10
25.4909
 20
29.898
 11
25.5341
 21
29.9308
  0
LINE
  8
0
 10
25.5341
 20
29.9308
 11
25.5739
 21
29.9658
  0
LINE
  8
0
 10
25.5739
 20
29.9658
 11
25.6101
 21
30.003
  0
LINE
  8
0
 10
25.6101
 20
30.003
 11
25.6429
 21
30.0423
  0
LINE
  8
0
 10
25.6429
 20
30.0423
 11
25.6723
 21
30.0837
  0
LINE
  8
0
 10
25.6723
 20
30.0837
 11
25.6982
 21
30.1273
  0
LINE
  8
0
 10
25.6982
 20
30.1273
 11
25.7207
 21
30.1731
  0
LINE
  8
0
 10
25.7207
 20
30.1731
 11
25.7397
 21
30.2211
  0
LINE
  8
0
 10
25.7397
 20
30.2211
 11
25.7552
 21
30.2711
  0
LINE
  8
0
 10
25.7552
 20
30.2711
 11
25.7673
 21
30.3234
  0
LINE
  8
0
 10
25.7673
 20
30.3234
 11
25.776
 21
30.3778
  0
LINE
  8
0
 10
25.776
 20
30.3778
 11
25.7811
 21
30.4343
  0
LINE
  8
0
 10
25.7811
 20
30.4343
 11
25.7829
 21
30.493
  0
LINE
  8
0
 10
25.7829
 20
30.493
 11
25.7826
 21
30.5163
  0
LINE
  8
0
 10
25.7826
 20
30.5163
 11
25.7819
 21
30.5391
  0
LINE
  8
0
 10
25.7819
 20
30.5391
 11
25.7808
 21
30.5616
  0
LINE
  8
0
 10
25.7808
 20
30.5616
 11
25.7791
 21
30.5836
  0
LINE
  8
0
 10
25.7791
 20
30.5836
 11
25.777
 21
30.6053
  0
LINE
  8
0
 10
25.777
 20
30.6053
 11
25.7744
 21
30.6265
  0
LINE
  8
0
 10
25.7744
 20
30.6265
 11
25.7714
 21
30.6473
  0
LINE
  8
0
 10
25.7714
 20
30.6473
 11
25.7679
 21
30.6677
  0
LINE
  8
0
 10
25.7679
 20
30.6677
 11
25.7639
 21
30.6877
  0
LINE
  8
0
 10
25.7639
 20
30.6877
 11
25.7594
 21
30.7073
  0
LINE
  8
0
 10
25.7594
 20
30.7073
 11
25.7545
 21
30.7265
  0
LINE
  8
0
 10
25.7545
 20
30.7265
 11
25.7491
 21
30.7452
  0
LINE
  8
0
 10
25.7491
 20
30.7452
 11
25.7432
 21
30.7636
  0
LINE
  8
0
 10
25.7432
 20
30.7636
 11
25.7369
 21
30.7816
  0
LINE
  8
0
 10
25.7369
 20
30.7816
 11
25.7303
 21
30.7992
  0
LINE
  8
0
 10
25.7303
 20
30.7992
 11
25.7232
 21
30.8164
  0
LINE
  8
0
 10
25.7232
 20
30.8164
 11
25.7158
 21
30.8333
  0
LINE
  8
0
 10
25.7158
 20
30.8333
 11
25.708
 21
30.8498
  0
LINE
  8
0
 10
25.708
 20
30.8498
 11
25.6999
 21
30.866
  0
LINE
  8
0
 10
25.6999
 20
30.866
 11
25.6914
 21
30.8818
  0
LINE
  8
0
 10
25.6914
 20
30.8818
 11
25.6825
 21
30.8972
  0
LINE
  8
0
 10
25.6825
 20
30.8972
 11
25.6732
 21
30.9123
  0
LINE
  8
0
 10
25.6732
 20
30.9123
 11
25.6635
 21
30.927
  0
LINE
  8
0
 10
25.6635
 20
30.927
 11
25.6535
 21
30.9414
  0
LINE
  8
0
 10
25.6535
 20
30.9414
 11
25.6431
 21
30.9554
  0
LINE
  8
0
 10
25.6431
 20
30.9554
 11
25.6324
 21
30.9691
  0
LINE
  8
0
 10
25.6324
 20
30.9691
 11
25.6212
 21
30.9824
  0
LINE
  8
0
 10
25.6212
 20
30.9824
 11
25.6097
 21
30.9954
  0
LINE
  8
0
 10
25.6097
 20
30.9954
 11
25.5979
 21
31.0081
  0
LINE
  8
0
 10
25.5979
 20
31.0081
 11
25.5856
 21
31.0205
  0
LINE
  8
0
 10
25.5856
 20
31.0205
 11
25.5731
 21
31.0326
  0
LINE
  8
0
 10
25.5731
 20
31.0326
 11
25.5601
 21
31.0444
  0
LINE
  8
0
 10
25.5601
 20
31.0444
 11
25.5468
 21
31.0559
  0
LINE
  8
0
 10
25.5468
 20
31.0559
 11
25.5332
 21
31.0671
  0
LINE
  8
0
 10
25.5332
 20
31.0671
 11
25.5191
 21
31.078
  0
LINE
  8
0
 10
25.5191
 20
31.078
 11
25.5048
 21
31.0886
  0
LINE
  8
0
 10
25.5048
 20
31.0886
 11
25.49
 21
31.0989
  0
LINE
  8
0
 10
25.49
 20
31.0989
 11
25.4749
 21
31.1089
  0
LINE
  8
0
 10
25.4749
 20
31.1089
 11
25.4594
 21
31.1186
  0
LINE
  8
0
 10
25.4594
 20
31.1186
 11
25.4436
 21
31.1281
  0
LINE
  8
0
 10
25.4436
 20
31.1281
 11
25.4276
 21
31.1373
  0
LINE
  8
0
 10
25.4276
 20
31.1373
 11
25.4112
 21
31.1464
  0
LINE
  8
0
 10
25.4112
 20
31.1464
 11
25.3945
 21
31.1552
  0
LINE
  8
0
 10
25.3945
 20
31.1552
 11
25.3776
 21
31.1639
  0
LINE
  8
0
 10
25.3776
 20
31.1639
 11
25.3603
 21
31.1724
  0
LINE
  8
0
 10
25.3603
 20
31.1724
 11
25.3428
 21
31.1807
  0
LINE
  8
0
 10
25.3428
 20
31.1807
 11
25.325
 21
31.1888
  0
LINE
  8
0
 10
25.325
 20
31.1888
 11
25.3069
 21
31.1967
  0
LINE
  8
0
 10
25.3069
 20
31.1967
 11
25.2885
 21
31.2044
  0
LINE
  8
0
 10
25.2885
 20
31.2044
 11
25.2698
 21
31.2119
  0
LINE
  8
0
 10
25.2698
 20
31.2119
 11
25.2509
 21
31.2193
  0
LINE
  8
0
 10
25.2509
 20
31.2193
 11
25.2316
 21
31.2264
  0
LINE
  8
0
 10
25.2316
 20
31.2264
 11
25.211
 21
31.2336
  0
LINE
  8
0
 10
25.211
 20
31.2336
 11
25.1882
 21
31.2412
  0
LINE
  8
0
 10
25.1882
 20
31.2412
 11
25.163
 21
31.2491
  0
LINE
  8
0
 10
25.163
 20
31.2491
 11
25.1355
 21
31.2574
  0
LINE
  8
0
 10
25.1355
 20
31.2574
 11
25.1057
 21
31.266
  0
LINE
  8
0
 10
25.1057
 20
31.266
 11
25.0735
 21
31.2749
  0
LINE
  8
0
 10
25.0735
 20
31.2749
 11
25.0391
 21
31.2842
  0
LINE
  8
0
 10
25.0391
 20
31.2842
 11
25.0024
 21
31.2939
  0
LINE
  8
0
 10
25.0024
 20
31.2939
 11
24.9633
 21
31.3039
  0
LINE
  8
0
 10
24.9633
 20
31.3039
 11
24.922
 21
31.3143
  0
LINE
  8
0
 10
24.922
 20
31.3143
 11
24.8783
 21
31.325
  0
LINE
  8
0
 10
24.8783
 20
31.325
 11
24.8323
 21
31.336
  0
LINE
  8
0
 10
24.8323
 20
31.336
 11
24.784
 21
31.3474
  0
LINE
  8
0
 10
24.784
 20
31.3474
 11
24.7281
 21
31.3589
  0
LINE
  8
0
 10
24.7281
 20
31.3589
 11
24.6752
 21
31.3701
  0
LINE
  8
0
 10
24.6752
 20
31.3701
 11
24.625
 21
31.381
  0
LINE
  8
0
 10
24.625
 20
31.381
 11
24.5777
 21
31.3916
  0
LINE
  8
0
 10
24.5777
 20
31.3916
 11
24.5333
 21
31.402
  0
LINE
  8
0
 10
24.5333
 20
31.402
 11
24.4917
 21
31.4122
  0
LINE
  8
0
 10
24.4917
 20
31.4122
 11
24.453
 21
31.422
  0
LINE
  8
0
 10
24.453
 20
31.422
 11
24.4171
 21
31.4316
  0
LINE
  8
0
 10
24.4171
 20
31.4316
 11
24.3841
 21
31.4409
  0
LINE
  8
0
 10
24.3841
 20
31.4409
 11
24.3539
 21
31.45
  0
LINE
  8
0
 10
24.3539
 20
31.45
 11
24.3266
 21
31.4588
  0
LINE
  8
0
 10
24.3266
 20
31.4588
 11
24.3021
 21
31.4673
  0
LINE
  8
0
 10
24.3021
 20
31.4673
 11
24.2805
 21
31.4756
  0
LINE
  8
0
 10
24.2805
 20
31.4756
 11
24.2607
 21
31.4839
  0
LINE
  8
0
 10
24.2607
 20
31.4839
 11
24.2415
 21
31.4925
  0
LINE
  8
0
 10
24.2415
 20
31.4925
 11
24.2231
 21
31.5014
  0
LINE
  8
0
 10
24.2231
 20
31.5014
 11
24.2053
 21
31.5107
  0
LINE
  8
0
 10
24.2053
 20
31.5107
 11
24.1883
 21
31.5202
  0
LINE
  8
0
 10
24.1883
 20
31.5202
 11
24.172
 21
31.5301
  0
LINE
  8
0
 10
24.172
 20
31.5301
 11
24.1563
 21
31.5402
  0
LINE
  8
0
 10
24.1563
 20
31.5402
 11
24.1413
 21
31.5507
  0
LINE
  8
0
 10
24.1413
 20
31.5507
 11
24.1271
 21
31.5615
  0
LINE
  8
0
 10
24.1271
 20
31.5615
 11
24.1135
 21
31.5726
  0
LINE
  8
0
 10
24.1135
 20
31.5726
 11
24.1007
 21
31.5841
  0
LINE
  8
0
 10
24.1007
 20
31.5841
 11
24.0885
 21
31.5958
  0
LINE
  8
0
 10
24.0885
 20
31.5958
 11
24.0771
 21
31.6078
  0
LINE
  8
0
 10
24.0771
 20
31.6078
 11
24.0664
 21
31.6203
  0
LINE
  8
0
 10
24.0664
 20
31.6203
 11
24.0565
 21
31.6333
  0
LINE
  8
0
 10
24.0565
 20
31.6333
 11
24.0476
 21
31.6467
  0
LINE
  8
0
 10
24.0476
 20
31.6467
 11
24.0395
 21
31.6607
  0
LINE
  8
0
 10
24.0395
 20
31.6607
 11
24.0322
 21
31.6752
  0
LINE
  8
0
 10
24.0322
 20
31.6752
 11
24.0258
 21
31.6902
  0
LINE
  8
0
 10
24.0258
 20
31.6902
 11
24.0202
 21
31.7057
  0
LINE
  8
0
 10
24.0202
 20
31.7057
 11
24.0155
 21
31.7217
  0
LINE
  8
0
 10
24.0155
 20
31.7217
 11
24.0117
 21
31.7382
  0
LINE
  8
0
 10
24.0117
 20
31.7382
 11
24.0087
 21
31.7552
  0
LINE
  8
0
 10
24.0087
 20
31.7552
 11
24.0065
 21
31.7727
  0
LINE
  8
0
 10
24.0065
 20
31.7727
 11
24.0053
 21
31.7907
  0
LINE
  8
0
 10
24.0053
 20
31.7907
 11
24.0048
 21
31.8092
  0
LINE
  8
0
 10
24.0048
 20
31.8092
 11
24.0085
 21
31.8658
  0
LINE
  8
0
 10
24.0085
 20
31.8658
 11
24.0197
 21
31.9179
  0
LINE
  8
0
 10
24.0197
 20
31.9179
 11
24.0383
 21
31.9654
  0
LINE
  8
0
 10
24.0383
 20
31.9654
 11
24.0643
 21
32.0084
  0
LINE
  8
0
 10
24.0643
 20
32.0084
 11
24.0978
 21
32.0469
  0
LINE
  8
0
 10
24.0978
 20
32.0469
 11
24.1387
 21
32.0808
  0
LINE
  8
0
 10
24.1387
 20
32.0808
 11
24.1871
 21
32.1102
  0
LINE
  8
0
 10
24.1871
 20
32.1102
 11
24.2429
 21
32.1351
  0
LINE
  8
0
 10
24.2429
 20
32.1351
 11
24.3061
 21
32.1555
  0
LINE
  8
0
 10
24.3061
 20
32.1555
 11
24.3768
 21
32.1713
  0
LINE
  8
0
 10
24.3768
 20
32.1713
 11
24.4549
 21
32.1827
  0
LINE
  8
0
 10
24.4549
 20
32.1827
 11
24.5405
 21
32.1895
  0
LINE
  8
0
 10
24.5405
 20
32.1895
 11
24.6335
 21
32.1917
  0
LINE
  8
0
 10
24.6335
 20
32.1917
 11
24.6793
 21
32.1911
  0
LINE
  8
0
 10
24.6793
 20
32.1911
 11
24.7236
 21
32.1893
  0
LINE
  8
0
 10
24.7236
 20
32.1893
 11
24.7663
 21
32.1862
  0
LINE
  8
0
 10
24.7663
 20
32.1862
 11
24.8075
 21
32.182
  0
LINE
  8
0
 10
24.8075
 20
32.182
 11
24.8471
 21
32.1765
  0
LINE
  8
0
 10
24.8471
 20
32.1765
 11
24.8851
 21
32.1698
  0
LINE
  8
0
 10
24.8851
 20
32.1698
 11
24.9216
 21
32.1619
  0
LINE
  8
0
 10
24.9216
 20
32.1619
 11
24.9565
 21
32.1528
  0
LINE
  8
0
 10
24.9565
 20
32.1528
 11
24.9898
 21
32.1425
  0
LINE
  8
0
 10
24.9898
 20
32.1425
 11
25.0216
 21
32.1309
  0
LINE
  8
0
 10
25.0216
 20
32.1309
 11
25.0518
 21
32.1182
  0
LINE
  8
0
 10
25.0518
 20
32.1182
 11
25.0804
 21
32.1042
  0
LINE
  8
0
 10
25.0804
 20
32.1042
 11
25.1075
 21
32.089
  0
LINE
  8
0
 10
25.1075
 20
32.089
 11
25.1331
 21
32.0724
  0
LINE
  8
0
 10
25.1331
 20
32.0724
 11
25.1574
 21
32.0544
  0
LINE
  8
0
 10
25.1574
 20
32.0544
 11
25.1804
 21
32.0349
  0
LINE
  8
0
 10
25.1804
 20
32.0349
 11
25.202
 21
32.0139
  0
LINE
  8
0
 10
25.202
 20
32.0139
 11
25.2224
 21
31.9915
  0
LINE
  8
0
 10
25.2224
 20
31.9915
 11
25.2414
 21
31.9675
  0
LINE
  8
0
 10
25.2414
 20
31.9675
 11
25.2591
 21
31.9421
  0
LINE
  8
0
 10
25.2591
 20
31.9421
 11
25.2754
 21
31.9152
  0
LINE
  8
0
 10
25.2754
 20
31.9152
 11
25.2905
 21
31.8868
  0
LINE
  8
0
 10
25.2905
 20
31.8868
 11
25.3042
 21
31.8569
  0
LINE
  8
0
 10
25.3042
 20
31.8569
 11
25.3165
 21
31.8255
  0
LINE
  8
0
 10
25.3165
 20
31.8255
 11
25.3276
 21
31.7927
  0
LINE
  8
0
 10
25.3276
 20
31.7927
 11
25.3373
 21
31.7584
  0
LINE
  8
0
 10
25.3373
 20
31.7584
 11
25.9171
 21
31.854
  0
LINE
  8
0
 10
25.9171
 20
31.854
 11
25.9021
 21
31.9138
  0
LINE
  8
0
 10
25.9021
 20
31.9138
 11
25.8843
 21
31.9713
  0
LINE
  8
0
 10
25.8843
 20
31.9713
 11
25.8639
 21
32.0264
  0
LINE
  8
0
 10
25.8639
 20
32.0264
 11
25.8409
 21
32.0791
  0
LINE
  8
0
 10
25.8409
 20
32.0791
 11
25.8152
 21
32.1294
  0
LINE
  8
0
 10
25.8152
 20
32.1294
 11
25.7868
 21
32.1773
  0
LINE
  8
0
 10
25.7868
 20
32.1773
 11
25.7559
 21
32.2228
  0
LINE
  8
0
 10
25.7559
 20
32.2228
 11
25.7222
 21
32.266
  0
LINE
  8
0
 10
25.7222
 20
32.266
 11
25.6859
 21
32.3067
  0
LINE
  8
0
 10
25.6859
 20
32.3067
 11
25.647
 21
32.3451
  0
LINE
  8
0
 10
25.647
 20
32.3451
 11
25.6054
 21
32.3811
  0
LINE
  8
0
 10
25.6054
 20
32.3811
 11
25.5612
 21
32.4147
  0
LINE
  8
0
 10
25.5612
 20
32.4147
 11
25.5143
 21
32.446
  0
LINE
  8
0
 10
25.5143
 20
32.446
 11
25.4647
 21
32.4749
  0
LINE
  8
0
 10
25.4647
 20
32.4749
 11
25.4123
 21
32.5015
  0
LINE
  8
0
 10
25.4123
 20
32.5015
 11
25.3571
 21
32.5257
  0
LINE
  8
0
 10
25.3571
 20
32.5257
 11
25.299
 21
32.5477
  0
LINE
  8
0
 10
25.299
 20
32.5477
 11
25.2381
 21
32.5673
  0
LINE
  8
0
 10
25.2381
 20
32.5673
 11
25.1745
 21
32.5847
  0
LINE
  8
0
 10
25.1745
 20
32.5847
 11
25.1079
 21
32.5997
  0
LINE
  8
0
 10
25.1079
 20
32.5997
 11
25.0386
 21
32.6124
  0
LINE
  8
0
 10
25.0386
 20
32.6124
 11
24.9665
 21
32.6228
  0
LINE
  8
0
 10
24.9665
 20
32.6228
 11
24.8915
 21
32.6309
  0
LINE
  8
0
 10
24.8915
 20
32.6309
 11
24.8137
 21
32.6367
  0
LINE
  8
0
 10
24.8137
 20
32.6367
 11
24.7332
 21
32.6401
  0
LINE
  8
0
 10
24.7332
 20
32.6401
 11
24.6497
 21
32.6413
  0
LINE
  8
0
 10
24.6497
 20
32.6413
 11
24.5585
 21
32.64
  0
LINE
  8
0
 10
24.5585
 20
32.64
 11
24.4707
 21
32.636
  0
LINE
  8
0
 10
24.4707
 20
32.636
 11
24.3864
 21
32.6294
  0
LINE
  8
0
 10
24.3864
 20
32.6294
 11
24.3056
 21
32.6202
  0
LINE
  8
0
 10
24.3056
 20
32.6202
 11
24.2281
 21
32.6083
  0
LINE
  8
0
 10
24.2281
 20
32.6083
 11
24.1542
 21
32.5938
  0
LINE
  8
0
 10
24.1542
 20
32.5938
 11
24.0837
 21
32.5767
  0
LINE
  8
0
 10
24.0837
 20
32.5767
 11
24.0167
 21
32.5569
  0
LINE
  8
0
 10
24.0167
 20
32.5569
 11
23.9531
 21
32.5345
  0
LINE
  8
0
 10
23.9531
 20
32.5345
 11
23.8929
 21
32.5095
  0
LINE
  8
0
 10
23.8929
 20
32.5095
 11
23.8363
 21
32.4818
  0
LINE
  8
0
 10
23.8363
 20
32.4818
 11
23.783
 21
32.4515
  0
LINE
  8
0
 10
23.783
 20
32.4515
 11
23.7333
 21
32.4185
  0
LINE
  8
0
 10
23.7333
 20
32.4185
 11
23.6871
 21
32.3831
  0
LINE
  8
0
 10
23.6871
 20
32.3831
 11
23.6446
 21
32.3453
  0
LINE
  8
0
 10
23.6446
 20
32.3453
 11
23.6058
 21
32.3052
  0
LINE
  8
0
 10
23.6058
 20
32.3052
 11
23.5706
 21
32.2627
  0
LINE
  8
0
 10
23.5706
 20
32.2627
 11
23.5392
 21
32.2178
  0
LINE
  8
0
 10
23.5392
 20
32.2178
 11
23.5115
 21
32.1707
  0
LINE
  8
0
 10
23.5115
 20
32.1707
 11
23.4875
 21
32.1211
  0
LINE
  8
0
 10
23.4875
 20
32.1211
 11
23.4672
 21
32.0692
  0
LINE
  8
0
 10
23.4672
 20
32.0692
 11
23.4505
 21
32.015
  0
LINE
  8
0
 10
23.4505
 20
32.015
 11
23.4376
 21
31.9585
  0
LINE
  8
0
 10
23.4376
 20
31.9585
 11
23.4284
 21
31.8995
  0
LINE
  8
0
 10
23.4284
 20
31.8995
 11
23.4228
 21
31.8383
  0
LINE
  8
0
 10
23.4228
 20
31.8383
 11
23.421
 21
31.7747
  0
LINE
  8
0
 10
23.421
 20
31.7747
 11
23.4213
 21
31.7474
  0
LINE
  8
0
 10
23.4213
 20
31.7474
 11
23.4223
 21
31.7206
  0
LINE
  8
0
 10
23.4223
 20
31.7206
 11
23.4239
 21
31.6943
  0
LINE
  8
0
 10
23.4239
 20
31.6943
 11
23.4262
 21
31.6684
  0
LINE
  8
0
 10
23.4262
 20
31.6684
 11
23.4291
 21
31.6431
  0
LINE
  8
0
 10
23.4291
 20
31.6431
 11
23.4327
 21
31.6183
  0
LINE
  8
0
 10
23.4327
 20
31.6183
 11
23.4369
 21
31.594
  0
LINE
  8
0
 10
23.4369
 20
31.594
 11
23.4418
 21
31.5701
  0
LINE
  8
0
 10
23.4418
 20
31.5701
 11
23.4473
 21
31.5468
  0
LINE
  8
0
 10
23.4473
 20
31.5468
 11
23.4535
 21
31.5239
  0
LINE
  8
0
 10
23.4535
 20
31.5239
 11
23.4603
 21
31.5016
  0
LINE
  8
0
 10
23.4603
 20
31.5016
 11
23.4678
 21
31.4797
  0
LINE
  8
0
 10
23.4678
 20
31.4797
 11
23.4759
 21
31.4583
  0
LINE
  8
0
 10
23.4759
 20
31.4583
 11
23.4846
 21
31.4374
  0
LINE
  8
0
 10
23.4846
 20
31.4374
 11
23.494
 21
31.417
  0
LINE
  8
0
 10
23.494
 20
31.417
 11
23.5039
 21
31.397
  0
LINE
  8
0
 10
23.5039
 20
31.397
 11
23.5143
 21
31.3775
  0
LINE
  8
0
 10
23.5143
 20
31.3775
 11
23.5254
 21
31.3584
  0
LINE
  8
0
 10
23.5254
 20
31.3584
 11
23.537
 21
31.3398
  0
LINE
  8
0
 10
23.537
 20
31.3398
 11
23.5492
 21
31.3216
  0
LINE
  8
0
 10
23.5492
 20
31.3216
 11
23.562
 21
31.3039
  0
LINE
  8
0
 10
23.562
 20
31.3039
 11
23.5754
 21
31.2867
  0
LINE
  8
0
 10
23.5754
 20
31.2867
 11
23.5893
 21
31.2699
  0
LINE
  8
0
 10
23.5893
 20
31.2699
 11
23.6038
 21
31.2536
  0
LINE
  8
0
 10
23.6038
 20
31.2536
 11
23.6189
 21
31.2377
  0
LINE
  8
0
 10
23.6189
 20
31.2377
 11
23.6346
 21
31.2223
  0
LINE
  8
0
 10
23.6346
 20
31.2223
 11
23.651
 21
31.2073
  0
LINE
  8
0
 10
23.651
 20
31.2073
 11
23.6683
 21
31.1926
  0
LINE
  8
0
 10
23.6683
 20
31.1926
 11
23.6864
 21
31.1781
  0
LINE
  8
0
 10
23.6864
 20
31.1781
 11
23.7055
 21
31.1639
  0
LINE
  8
0
 10
23.7055
 20
31.1639
 11
23.7254
 21
31.1501
  0
LINE
  8
0
 10
23.7254
 20
31.1501
 11
23.7462
 21
31.1365
  0
LINE
  8
0
 10
23.7462
 20
31.1365
 11
23.7679
 21
31.1232
  0
LINE
  8
0
 10
23.7679
 20
31.1232
 11
23.7904
 21
31.1102
  0
LINE
  8
0
 10
23.7904
 20
31.1102
 11
23.8138
 21
31.0974
  0
LINE
  8
0
 10
23.8138
 20
31.0974
 11
23.8382
 21
31.085
  0
LINE
  8
0
 10
23.8382
 20
31.085
 11
23.8633
 21
31.0728
  0
LINE
  8
0
 10
23.8633
 20
31.0728
 11
23.8894
 21
31.061
  0
LINE
  8
0
 10
23.8894
 20
31.061
 11
23.9164
 21
31.0494
  0
LINE
  8
0
 10
23.9164
 20
31.0494
 11
23.9451
 21
31.0379
  0
LINE
  8
0
 10
23.9451
 20
31.0379
 11
23.9767
 21
31.0263
  0
LINE
  8
0
 10
23.9767
 20
31.0263
 11
24.011
 21
31.0145
  0
LINE
  8
0
 10
24.011
 20
31.0145
 11
24.0481
 21
31.0025
  0
LINE
  8
0
 10
24.0481
 20
31.0025
 11
24.088
 21
30.9903
  0
LINE
  8
0
 10
24.088
 20
30.9903
 11
24.1307
 21
30.9781
  0
LINE
  8
0
 10
24.1307
 20
30.9781
 11
24.1762
 21
30.9656
  0
LINE
  8
0
 10
24.1762
 20
30.9656
 11
24.2244
 21
30.953
  0
LINE
  8
0
 10
24.2244
 20
30.953
 11
24.2754
 21
30.9403
  0
LINE
  8
0
 10
24.2754
 20
30.9403
 11
24.3292
 21
30.9274
  0
LINE
  8
0
 10
24.3292
 20
30.9274
 11
24.3858
 21
30.9143
  0
LINE
  8
0
 10
24.3858
 20
30.9143
 11
24.4452
 21
30.9011
  0
LINE
  8
0
 10
24.4452
 20
30.9011
 11
24.5073
 21
30.8877
  0
LINE
  8
0
 10
24.5073
 20
30.8877
 11
24.5595
 21
30.8763
  0
LINE
  8
0
 10
24.5595
 20
30.8763
 11
24.6088
 21
30.8651
  0
LINE
  8
0
 10
24.6088
 20
30.8651
 11
24.6554
 21
30.8543
  0
LINE
  8
0
 10
24.6554
 20
30.8543
 11
24.6993
 21
30.8438
  0
LINE
  8
0
 10
24.6993
 20
30.8438
 11
24.7403
 21
30.8336
  0
LINE
  8
0
 10
24.7403
 20
30.8336
 11
24.7786
 21
30.8236
  0
LINE
  8
0
 10
24.7786
 20
30.8236
 11
24.8141
 21
30.814
  0
LINE
  8
0
 10
24.8141
 20
30.814
 11
24.8469
 21
30.8047
  0
LINE
  8
0
 10
24.8469
 20
30.8047
 11
24.8769
 21
30.7957
  0
LINE
  8
0
 10
24.8769
 20
30.7957
 11
24.9041
 21
30.7869
  0
LINE
  8
0
 10
24.9041
 20
30.7869
 11
24.9286
 21
30.7785
  0
LINE
  8
0
 10
24.9286
 20
30.7785
 11
24.9502
 21
30.7704
  0
LINE
  8
0
 10
24.9502
 20
30.7704
 11
24.9691
 21
30.7626
  0
LINE
  8
0
 10
24.9691
 20
30.7626
 11
24.9863
 21
30.7548
  0
LINE
  8
0
 10
24.9863
 20
30.7548
 11
25.0029
 21
30.7467
  0
LINE
  8
0
 10
25.0029
 20
30.7467
 11
25.0188
 21
30.7384
  0
LINE
  8
0
 10
25.0188
 20
30.7384
 11
25.034
 21
30.7299
  0
LINE
  8
0
 10
25.034
 20
30.7299
 11
25.0485
 21
30.7211
  0
LINE
  8
0
 10
25.0485
 20
30.7211
 11
25.0624
 21
30.712
  0
LINE
  8
0
 10
25.0624
 20
30.712
 11
25.0756
 21
30.7027
  0
LINE
  8
0
 10
25.0756
 20
30.7027
 11
25.0882
 21
30.6931
  0
LINE
  8
0
 10
25.0882
 20
30.6931
 11
25.1001
 21
30.6833
  0
LINE
  8
0
 10
25.1001
 20
30.6833
 11
25.1113
 21
30.6733
  0
LINE
  8
0
 10
25.1113
 20
30.6733
 11
25.1219
 21
30.6629
  0
LINE
  8
0
 10
25.1219
 20
30.6629
 11
25.1318
 21
30.6524
  0
LINE
  8
0
 10
25.1318
 20
30.6524
 11
25.1411
 21
30.6415
  0
LINE
  8
0
 10
25.1411
 20
30.6415
 11
25.1496
 21
30.6303
  0
LINE
  8
0
 10
25.1496
 20
30.6303
 11
25.1575
 21
30.6187
  0
LINE
  8
0
 10
25.1575
 20
30.6187
 11
25.1647
 21
30.6065
  0
LINE
  8
0
 10
25.1647
 20
30.6065
 11
25.1712
 21
30.5939
  0
LINE
  8
0
 10
25.1712
 20
30.5939
 11
25.1771
 21
30.5807
  0
LINE
  8
0
 10
25.1771
 20
30.5807
 11
25.1822
 21
30.5671
  0
LINE
  8
0
 10
25.1822
 20
30.5671
 11
25.1867
 21
30.553
  0
LINE
  8
0
 10
25.1867
 20
30.553
 11
25.1904
 21
30.5385
  0
LINE
  8
0
 10
25.1904
 20
30.5385
 11
25.1935
 21
30.5234
  0
LINE
  8
0
 10
25.1935
 20
30.5234
 11
25.1959
 21
30.5079
  0
LINE
  8
0
 10
25.1959
 20
30.5079
 11
25.1976
 21
30.4919
  0
LINE
  8
0
 10
25.1976
 20
30.4919
 11
25.1987
 21
30.4754
  0
LINE
  8
0
 10
25.1987
 20
30.4754
 11
25.199
 21
30.4584
  0
LINE
  8
0
 10
25.199
 20
30.4584
 11
25.1958
 21
30.4079
  0
LINE
  8
0
 10
25.1958
 20
30.4079
 11
25.1861
 21
30.3614
  0
LINE
  8
0
 10
25.1861
 20
30.3614
 11
25.17
 21
30.3189
  0
LINE
  8
0
 10
25.17
 20
30.3189
 11
25.1474
 21
30.2805
  0
LINE
  8
0
 10
25.1474
 20
30.2805
 11
25.1184
 21
30.2461
  0
LINE
  8
0
 10
25.1184
 20
30.2461
 11
25.0829
 21
30.2157
  0
LINE
  8
0
 10
25.0829
 20
30.2157
 11
25.0409
 21
30.1895
  0
LINE
  8
0
 10
25.0409
 20
30.1895
 11
24.9925
 21
30.1672
  0
LINE
  8
0
 10
24.9925
 20
30.1672
 11
24.9377
 21
30.149
  0
LINE
  8
0
 10
24.9377
 20
30.149
 11
24.8764
 21
30.1349
  0
LINE
  8
0
 10
24.8764
 20
30.1349
 11
24.8086
 21
30.1248
  0
LINE
  8
0
 10
24.8086
 20
30.1248
 11
24.7345
 21
30.1187
  0
LINE
  8
0
 10
24.7345
 20
30.1187
 11
24.6538
 21
30.1167
  0
LINE
  8
0
 10
24.6538
 20
30.1167
 11
24.6151
 21
30.1172
  0
LINE
  8
0
 10
24.6151
 20
30.1172
 11
24.5777
 21
30.1189
  0
LINE
  8
0
 10
24.5777
 20
30.1189
 11
24.5418
 21
30.1216
  0
LINE
  8
0
 10
24.5418
 20
30.1216
 11
24.5073
 21
30.1255
  0
LINE
  8
0
 10
24.5073
 20
30.1255
 11
24.4742
 21
30.1305
  0
LINE
  8
0
 10
24.4742
 20
30.1305
 11
24.4425
 21
30.1366
  0
LINE
  8
0
 10
24.4425
 20
30.1366
 11
24.4123
 21
30.1438
  0
LINE
  8
0
 10
24.4123
 20
30.1438
 11
24.3834
 21
30.1521
  0
LINE
  8
0
 10
24.3834
 20
30.1521
 11
24.3559
 21
30.1615
  0
LINE
  8
0
 10
24.3559
 20
30.1615
 11
24.3299
 21
30.172
  0
LINE
  8
0
 10
24.3299
 20
30.172
 11
24.3052
 21
30.1837
  0
LINE
  8
0
 10
24.3052
 20
30.1837
 11
24.282
 21
30.1964
  0
LINE
  8
0
 10
24.282
 20
30.1964
 11
24.2602
 21
30.2103
  0
LINE
  8
0
 10
24.2602
 20
30.2103
 11
24.2396
 21
30.2252
  0
LINE
  8
0
 10
24.2396
 20
30.2252
 11
24.2201
 21
30.2412
  0
LINE
  8
0
 10
24.2201
 20
30.2412
 11
24.2017
 21
30.2583
  0
LINE
  8
0
 10
24.2017
 20
30.2583
 11
24.1844
 21
30.2765
  0
LINE
  8
0
 10
24.1844
 20
30.2765
 11
24.1682
 21
30.2958
  0
LINE
  8
0
 10
24.1682
 20
30.2958
 11
24.1531
 21
30.3161
  0
LINE
  8
0
 10
24.1531
 20
30.3161
 11
24.1391
 21
30.3376
  0
LINE
  8
0
 10
24.1391
 20
30.3376
 11
24.1262
 21
30.3601
  0
LINE
  8
0
 10
24.1262
 20
30.3601
 11
24.1144
 21
30.3837
  0
LINE
  8
0
 10
24.1144
 20
30.3837
 11
24.1037
 21
30.4084
  0
LINE
  8
0
 10
24.1037
 20
30.4084
 11
24.094
 21
30.4342
  0
LINE
  8
0
 10
24.094
 20
30.4342
 11
24.0855
 21
30.461
  0
LINE
  8
0
 10
24.0855
 20
30.461
 11
24.0781
 21
30.489
  0
LINE
  8
0
 10
24.0781
 20
30.489
 11
23.4962
 21
30.4096
  0
LINE
  8
0
 10
23.4962
 20
30.4096
 11
23.5093
 21
30.3517
  0
LINE
  8
0
 10
23.5093
 20
30.3517
 11
23.5245
 21
30.2964
  0
LINE
  8
0
 10
23.5245
 20
30.2964
 11
23.5421
 21
30.2437
  0
LINE
  8
0
 10
23.5421
 20
30.2437
 11
23.5618
 21
30.1936
  0
LINE
  8
0
 10
23.5618
 20
30.1936
 11
23.5838
 21
30.146
  0
LINE
  8
0
 10
23.5838
 20
30.146
 11
23.6081
 21
30.1011
  0
LINE
  8
0
 10
23.6081
 20
30.1011
 11
23.6347
 21
30.0586
  0
LINE
  8
0
 10
23.6347
 20
30.0586
 11
23.6634
 21
30.0188
  0
LINE
  8
0
 10
23.6634
 20
30.0188
 11
23.6945
 21
29.9816
  0
LINE
  8
0
 10
23.6945
 20
29.9816
 11
23.7277
 21
29.9469
  0
LINE
  8
0
 10
23.7277
 20
29.9469
 11
23.7633
 21
29.9148
  0
LINE
  8
0
 10
23.7633
 20
29.9148
 11
23.8011
 21
29.8853
  0
LINE
  8
0
 10
23.8011
 20
29.8853
 11
23.8411
 21
29.8583
  0
LINE
  8
0
 10
23.8411
 20
29.8583
 11
23.8838
 21
29.8336
  0
LINE
  8
0
 10
23.8838
 20
29.8336
 11
23.9297
 21
29.8109
  0
LINE
  8
0
 10
23.9297
 20
29.8109
 11
23.9787
 21
29.7902
  0
LINE
  8
0
 10
23.9787
 20
29.7902
 11
24.0309
 21
29.7714
  0
LINE
  8
0
 10
24.0309
 20
29.7714
 11
24.0861
 21
29.7547
  0
LINE
  8
0
 10
24.0861
 20
29.7547
 11
24.1446
 21
29.7398
  0
LINE
  8
0
 10
24.1446
 20
29.7398
 11
24.2062
 21
29.727
  0
LINE
  8
0
 10
24.2062
 20
29.727
 11
24.2709
 21
29.7162
  0
LINE
  8
0
 10
24.2709
 20
29.7162
 11
24.3387
 21
29.7073
  0
LINE
  8
0
 10
24.3387
 20
29.7073
 11
24.4097
 21
29.7003
  0
LINE
  8
0
 10
24.4097
 20
29.7003
 11
24.4839
 21
29.6954
  0
LINE
  8
0
 10
24.4839
 20
29.6954
 11
24.5612
 21
29.6925
  0
LINE
  8
0
 10
24.5612
 20
29.6925
 11
24.6416
 21
29.6915
  0
LINE
  8
0
 10
24.6416
 20
29.6915
 11
24.7258
 21
29.6927
  0
LINE
  8
0
 10
10.9827
 20
29.6938
 11
11.0823
 21
29.7006
  0
LINE
  8
0
 10
11.0823
 20
29.7006
 11
11.1783
 21
29.7121
  0
LINE
  8
0
 10
11.1783
 20
29.7121
 11
11.2707
 21
29.7281
  0
LINE
  8
0
 10
11.2707
 20
29.7281
 11
11.3596
 21
29.7487
  0
LINE
  8
0
 10
11.3596
 20
29.7487
 11
11.445
 21
29.7738
  0
LINE
  8
0
 10
11.445
 20
29.7738
 11
11.5269
 21
29.8035
  0
LINE
  8
0
 10
11.5269
 20
29.8035
 11
11.6052
 21
29.8379
  0
LINE
  8
0
 10
11.6052
 20
29.8379
 11
11.68
 21
29.8767
  0
LINE
  8
0
 10
11.68
 20
29.8767
 11
11.7512
 21
29.9202
  0
LINE
  8
0
 10
11.7512
 20
29.9202
 11
11.8189
 21
29.9682
  0
LINE
  8
0
 10
11.8189
 20
29.9682
 11
11.883
 21
30.0208
  0
LINE
  8
0
 10
11.883
 20
30.0208
 11
11.9436
 21
30.078
  0
LINE
  8
0
 10
11.9436
 20
30.078
 11
12.0002
 21
30.1393
  0
LINE
  8
0
 10
12.0002
 20
30.1393
 11
12.0523
 21
30.2041
  0
LINE
  8
0
 10
12.0523
 20
30.2041
 11
12.0998
 21
30.2726
  0
LINE
  8
0
 10
12.0998
 20
30.2726
 11
12.1428
 21
30.3446
  0
LINE
  8
0
 10
12.1428
 20
30.3446
 11
12.1813
 21
30.4202
  0
LINE
  8
0
 10
12.1813
 20
30.4202
 11
12.2152
 21
30.4994
  0
LINE
  8
0
 10
12.2152
 20
30.4994
 11
12.2446
 21
30.5822
  0
LINE
  8
0
 10
12.2446
 20
30.5822
 11
12.2695
 21
30.6685
  0
LINE
  8
0
 10
12.2695
 20
30.6685
 11
12.2899
 21
30.7585
  0
LINE
  8
0
 10
12.2899
 20
30.7585
 11
12.3057
 21
30.852
  0
LINE
  8
0
 10
12.3057
 20
30.852
 11
12.317
 21
30.9492
  0
LINE
  8
0
 10
12.317
 20
30.9492
 11
12.3238
 21
31.0499
  0
LINE
  8
0
 10
12.3238
 20
31.0499
 11
12.3261
 21
31.1542
  0
LINE
  8
0
 10
12.3261
 20
31.1542
 11
12.3238
 21
31.2588
  0
LINE
  8
0
 10
12.3238
 20
31.2588
 11
12.317
 21
31.36
  0
LINE
  8
0
 10
12.317
 20
31.36
 11
12.3057
 21
31.4578
  0
LINE
  8
0
 10
12.3057
 20
31.4578
 11
12.2898
 21
31.552
  0
LINE
  8
0
 10
12.2898
 20
31.552
 11
12.2694
 21
31.6428
  0
LINE
  8
0
 10
12.2694
 20
31.6428
 11
12.2444
 21
31.73
  0
LINE
  8
0
 10
12.2444
 20
31.73
 11
12.2149
 21
31.8138
  0
LINE
  8
0
 10
12.2149
 20
31.8138
 11
12.1809
 21
31.8942
  0
LINE
  8
0
 10
12.1809
 20
31.8942
 11
12.1423
 21
31.971
  0
LINE
  8
0
 10
12.1423
 20
31.971
 11
12.0992
 21
32.0444
  0
LINE
  8
0
 10
12.0992
 20
32.0444
 11
12.0515
 21
32.1143
  0
LINE
  8
0
 10
12.0515
 20
32.1143
 11
11.9993
 21
32.1807
  0
LINE
  8
0
 10
11.9993
 20
32.1807
 11
11.9426
 21
32.2436
  0
LINE
  8
0
 10
11.9426
 20
32.2436
 11
11.8819
 21
32.3024
  0
LINE
  8
0
 10
11.8819
 20
32.3024
 11
11.8177
 21
32.3565
  0
LINE
  8
0
 10
11.8177
 20
32.3565
 11
11.7501
 21
32.406
  0
LINE
  8
0
 10
11.7501
 20
32.406
 11
11.679
 21
32.4507
  0
LINE
  8
0
 10
11.679
 20
32.4507
 11
11.6044
 21
32.4907
  0
LINE
  8
0
 10
11.6044
 20
32.4907
 11
11.5264
 21
32.526
  0
LINE
  8
0
 10
11.5264
 20
32.526
 11
11.445
 21
32.5566
  0
LINE
  8
0
 10
11.445
 20
32.5566
 11
11.3601
 21
32.5825
  0
LINE
  8
0
 10
11.3601
 20
32.5825
 11
11.2717
 21
32.6036
  0
LINE
  8
0
 10
11.2717
 20
32.6036
 11
11.1799
 21
32.6201
  0
LINE
  8
0
 10
11.1799
 20
32.6201
 11
11.0846
 21
32.6319
  0
LINE
  8
0
 10
11.0846
 20
32.6319
 11
10.9859
 21
32.6389
  0
LINE
  8
0
 10
10.9859
 20
32.6389
 11
10.8837
 21
32.6413
  0
LINE
  8
0
 10
10.8837
 20
32.6413
 11
10.8168
 21
32.6402
  0
LINE
  8
0
 10
10.8168
 20
32.6402
 11
10.7511
 21
32.637
  0
LINE
  8
0
 10
10.7511
 20
32.637
 11
10.6868
 21
32.6317
  0
LINE
  8
0
 10
10.6868
 20
32.6317
 11
10.6237
 21
32.6243
  0
LINE
  8
0
 10
10.6237
 20
32.6243
 11
10.562
 21
32.6147
  0
LINE
  8
0
 10
10.562
 20
32.6147
 11
10.5015
 21
32.603
  0
LINE
  8
0
 10
10.5015
 20
32.603
 11
10.4424
 21
32.5891
  0
LINE
  8
0
 10
10.4424
 20
32.5891
 11
10.3845
 21
32.5731
  0
LINE
  8
0
 10
10.3845
 20
32.5731
 11
10.3279
 21
32.555
  0
LINE
  8
0
 10
10.3279
 20
32.555
 11
10.2727
 21
32.5348
  0
LINE
  8
0
 10
10.2727
 20
32.5348
 11
10.2188
 21
32.5124
  0
LINE
  8
0
 10
10.2188
 20
32.5124
 11
10.1661
 21
32.4879
  0
LINE
  8
0
 10
10.1661
 20
32.4879
 11
10.1147
 21
32.4613
  0
LINE
  8
0
 10
10.1147
 20
32.4613
 11
10.0649
 21
32.4326
  0
LINE
  8
0
 10
10.0649
 20
32.4326
 11
10.017
 21
32.4021
  0
LINE
  8
0
 10
10.017
 20
32.4021
 11
9.97076
 21
32.3697
  0
LINE
  8
0
 10
9.97076
 20
32.3697
 11
9.92638
 21
32.3353
  0
LINE
  8
0
 10
9.92638
 20
32.3353
 11
9.8838
 21
32.2991
  0
LINE
  8
0
 10
9.8838
 20
32.2991
 11
9.84303
 21
32.261
  0
LINE
  8
0
 10
9.84303
 20
32.261
 11
9.80406
 21
32.2211
  0
LINE
  8
0
 10
9.80406
 20
32.2211
 11
9.76691
 21
32.1792
  0
LINE
  8
0
 10
9.76691
 20
32.1792
 11
9.73155
 21
32.1354
  0
LINE
  8
0
 10
9.73155
 20
32.1354
 11
9.698
 21
32.0898
  0
LINE
  8
0
 10
9.698
 20
32.0898
 11
9.66626
 21
32.0422
  0
LINE
  8
0
 10
9.66626
 20
32.0422
 11
9.63632
 21
31.9928
  0
LINE
  8
0
 10
9.63632
 20
31.9928
 11
9.6082
 21
31.9415
  0
LINE
  8
0
 10
9.6082
 20
31.9415
 11
9.58202
 21
31.8886
  0
LINE
  8
0
 10
9.58202
 20
31.8886
 11
9.55792
 21
31.8344
  0
LINE
  8
0
 10
9.55792
 20
31.8344
 11
9.53593
 21
31.7789
  0
LINE
  8
0
 10
9.53593
 20
31.7789
 11
9.51602
 21
31.7222
  0
LINE
  8
0
 10
9.51602
 20
31.7222
 11
9.49823
 21
31.6642
  0
LINE
  8
0
 10
9.49823
 20
31.6642
 11
9.48251
 21
31.6049
  0
LINE
  8
0
 10
9.48251
 20
31.6049
 11
9.4689
 21
31.5443
  0
LINE
  8
0
 10
9.4689
 20
31.5443
 11
9.45738
 21
31.4825
  0
LINE
  8
0
 10
9.45738
 20
31.4825
 11
9.44795
 21
31.4194
  0
LINE
  8
0
 10
9.44795
 20
31.4194
 11
9.44063
 21
31.355
  0
LINE
  8
0
 10
9.44063
 20
31.355
 11
9.43538
 21
31.2893
  0
LINE
  8
0
 10
9.43538
 20
31.2893
 11
9.43224
 21
31.2224
  0
LINE
  8
0
 10
9.43224
 20
31.2224
 11
9.4312
 21
31.1542
  0
LINE
  8
0
 10
9.4312
 20
31.1542
 11
9.43346
 21
31.0511
  0
LINE
  8
0
 10
9.43346
 20
31.0511
 11
9.44028
 21
30.9514
  0
LINE
  8
0
 10
9.44028
 20
30.9514
 11
9.45161
 21
30.8551
  0
LINE
  8
0
 10
9.45161
 20
30.8551
 11
9.4675
 21
30.7623
  0
LINE
  8
0
 10
9.4675
 20
30.7623
 11
9.48793
 21
30.673
  0
LINE
  8
0
 10
9.48793
 20
30.673
 11
9.51288
 21
30.5871
  0
LINE
  8
0
 10
9.51288
 20
30.5871
 11
9.54239
 21
30.5046
  0
LINE
  8
0
 10
9.54239
 20
30.5046
 11
9.57642
 21
30.4256
  0
LINE
  8
0
 10
9.57642
 20
30.4256
 11
9.61499
 21
30.35
  0
LINE
  8
0
 10
9.61499
 20
30.35
 11
9.65811
 21
30.2778
  0
LINE
  8
0
 10
9.65811
 20
30.2778
 11
9.70576
 21
30.2091
  0
LINE
  8
0
 10
9.70576
 20
30.2091
 11
9.75795
 21
30.1439
  0
LINE
  8
0
 10
9.75795
 20
30.1439
 11
9.81468
 21
30.0821
  0
LINE
  8
0
 10
9.81468
 20
30.0821
 11
9.87544
 21
30.0243
  0
LINE
  8
0
 10
9.87544
 20
30.0243
 11
9.93973
 21
29.9711
  0
LINE
  8
0
 10
9.93973
 20
29.9711
 11
10.0075
 21
29.9226
  0
LINE
  8
0
 10
10.0075
 20
29.9226
 11
10.0789
 21
29.8787
  0
LINE
  8
0
 10
10.0789
 20
29.8787
 11
10.1537
 21
29.8394
  0
LINE
  8
0
 10
10.1537
 20
29.8394
 11
10.2321
 21
29.8047
  0
LINE
  8
0
 10
10.2321
 20
29.8047
 11
10.3141
 21
29.7747
  0
LINE
  8
0
 10
10.3141
 20
29.7747
 11
10.3995
 21
29.7493
  0
LINE
  8
0
 10
10.3995
 20
29.7493
 11
10.4885
 21
29.7285
  0
LINE
  8
0
 10
10.4885
 20
29.7285
 11
10.581
 21
29.7123
  0
LINE
  8
0
 10
10.581
 20
29.7123
 11
10.677
 21
29.7007
  0
LINE
  8
0
 10
10.677
 20
29.7007
 11
10.7766
 21
29.6938
  0
LINE
  8
0
 10
10.7766
 20
29.6938
 11
10.8797
 21
29.6915
  0
LINE
  8
0
 10
10.8797
 20
29.6915
 11
10.9827
 21
29.6938
  0
LINE
  8
0
 10
10.8197
 20
30.165
 11
10.7618
 21
30.1697
  0
LINE
  8
0
 10
10.7618
 20
30.1697
 11
10.706
 21
30.1775
  0
LINE
  8
0
 10
10.706
 20
30.1775
 11
10.6523
 21
30.1884
  0
LINE
  8
0
 10
10.6523
 20
30.1884
 11
10.6007
 21
30.2024
  0
LINE
  8
0
 10
10.6007
 20
30.2024
 11
10.5512
 21
30.2196
  0
LINE
  8
0
 10
10.5512
 20
30.2196
 11
10.5038
 21
30.2399
  0
LINE
  8
0
 10
10.5038
 20
30.2399
 11
10.4584
 21
30.2632
  0
LINE
  8
0
 10
10.4584
 20
30.2632
 11
10.4152
 21
30.2897
  0
LINE
  8
0
 10
10.4152
 20
30.2897
 11
10.3741
 21
30.3194
  0
LINE
  8
0
 10
10.3741
 20
30.3194
 11
10.335
 21
30.3521
  0
LINE
  8
0
 10
10.335
 20
30.3521
 11
10.2981
 21
30.3879
  0
LINE
  8
0
 10
10.2981
 20
30.3879
 11
10.2632
 21
30.4269
  0
LINE
  8
0
 10
10.2632
 20
30.4269
 11
10.2307
 21
30.4686
  0
LINE
  8
0
 10
10.2307
 20
30.4686
 11
10.2008
 21
30.5127
  0
LINE
  8
0
 10
10.2008
 20
30.5127
 11
10.1735
 21
30.5592
  0
LINE
  8
0
 10
10.1735
 20
30.5592
 11
10.1488
 21
30.608
  0
LINE
  8
0
 10
10.1488
 20
30.608
 11
10.1267
 21
30.6592
  0
LINE
  8
0
 10
10.1267
 20
30.6592
 11
10.1072
 21
30.7128
  0
LINE
  8
0
 10
10.1072
 20
30.7128
 11
10.0903
 21
30.7687
  0
LINE
  8
0
 10
10.0903
 20
30.7687
 11
10.076
 21
30.827
  0
LINE
  8
0
 10
10.076
 20
30.827
 11
10.0643
 21
30.8877
  0
LINE
  8
0
 10
10.0643
 20
30.8877
 11
10.0552
 21
30.9508
  0
LINE
  8
0
 10
10.0552
 20
30.9508
 11
10.0487
 21
31.0162
  0
LINE
  8
0
 10
10.0487
 20
31.0162
 11
10.0448
 21
31.084
  0
LINE
  8
0
 10
10.0448
 20
31.084
 11
10.0435
 21
31.1542
  0
LINE
  8
0
 10
10.0435
 20
31.1542
 11
10.0448
 21
31.2277
  0
LINE
  8
0
 10
10.0448
 20
31.2277
 11
10.0487
 21
31.2985
  0
LINE
  8
0
 10
10.0487
 20
31.2985
 11
10.0552
 21
31.3668
  0
LINE
  8
0
 10
10.0552
 20
31.3668
 11
10.0642
 21
31.4324
  0
LINE
  8
0
 10
10.0642
 20
31.4324
 11
10.0759
 21
31.4954
  0
LINE
  8
0
 10
10.0759
 20
31.4954
 11
10.0901
 21
31.5557
  0
LINE
  8
0
 10
10.0901
 20
31.5557
 11
10.1069
 21
31.6135
  0
LINE
  8
0
 10
10.1069
 20
31.6135
 11
10.1263
 21
31.6686
  0
LINE
  8
0
 10
10.1263
 20
31.6686
 11
10.1483
 21
31.7211
  0
LINE
  8
0
 10
10.1483
 20
31.7211
 11
10.1729
 21
31.771
  0
LINE
  8
0
 10
10.1729
 20
31.771
 11
10.2001
 21
31.8182
  0
LINE
  8
0
 10
10.2001
 20
31.8182
 11
10.2299
 21
31.8629
  0
LINE
  8
0
 10
10.2299
 20
31.8629
 11
10.2622
 21
31.9049
  0
LINE
  8
0
 10
10.2622
 20
31.9049
 11
10.297
 21
31.944
  0
LINE
  8
0
 10
10.297
 20
31.944
 11
10.3339
 21
31.98
  0
LINE
  8
0
 10
10.3339
 20
31.98
 11
10.373
 21
32.0128
  0
LINE
  8
0
 10
10.373
 20
32.0128
 11
10.4142
 21
32.0426
  0
LINE
  8
0
 10
10.4142
 20
32.0426
 11
10.4577
 21
32.0692
  0
LINE
  8
0
 10
10.4577
 20
32.0692
 11
10.5033
 21
32.0927
  0
LINE
  8
0
 10
10.5033
 20
32.0927
 11
10.5511
 21
32.113
  0
LINE
  8
0
 10
10.5511
 20
32.113
 11
10.6011
 21
32.1302
  0
LINE
  8
0
 10
10.6011
 20
32.1302
 11
10.6533
 21
32.1443
  0
LINE
  8
0
 10
10.6533
 20
32.1443
 11
10.7076
 21
32.1552
  0
LINE
  8
0
 10
10.7076
 20
32.1552
 11
10.7641
 21
32.1631
  0
LINE
  8
0
 10
10.7641
 20
32.1631
 11
10.8229
 21
32.1678
  0
LINE
  8
0
 10
10.8229
 20
32.1678
 11
10.8837
 21
32.1693
  0
LINE
  8
0
 10
10.8837
 20
32.1693
 11
10.9426
 21
32.1677
  0
LINE
  8
0
 10
10.9426
 20
32.1677
 11
10.9994
 21
32.1629
  0
LINE
  8
0
 10
10.9994
 20
32.1629
 11
11.0544
 21
32.1549
  0
LINE
  8
0
 10
11.0544
 20
32.1549
 11
11.1073
 21
32.1436
  0
LINE
  8
0
 10
11.1073
 20
32.1436
 11
11.1584
 21
32.1292
  0
LINE
  8
0
 10
11.1584
 20
32.1292
 11
11.2075
 21
32.1115
  0
LINE
  8
0
 10
11.2075
 20
32.1115
 11
11.2547
 21
32.0906
  0
LINE
  8
0
 10
11.2547
 20
32.0906
 11
11.2999
 21
32.0665
  0
LINE
  8
0
 10
11.2999
 20
32.0665
 11
11.3432
 21
32.0392
  0
LINE
  8
0
 10
11.3432
 20
32.0392
 11
11.3846
 21
32.0086
  0
LINE
  8
0
 10
11.3846
 20
32.0086
 11
11.424
 21
31.9749
  0
LINE
  8
0
 10
11.424
 20
31.9749
 11
11.4615
 21
31.9379
  0
LINE
  8
0
 10
11.4615
 20
31.9379
 11
11.4971
 21
31.8978
  0
LINE
  8
0
 10
11.4971
 20
31.8978
 11
11.5303
 21
31.8548
  0
LINE
  8
0
 10
11.5303
 20
31.8548
 11
11.5609
 21
31.8094
  0
LINE
  8
0
 10
11.5609
 20
31.8094
 11
11.5889
 21
31.7617
  0
LINE
  8
0
 10
11.5889
 20
31.7617
 11
11.6141
 21
31.7116
  0
LINE
  8
0
 10
11.6141
 20
31.7116
 11
11.6367
 21
31.6592
  0
LINE
  8
0
 10
11.6367
 20
31.6592
 11
11.6567
 21
31.6044
  0
LINE
  8
0
 10
11.6567
 20
31.6044
 11
11.674
 21
31.5472
  0
LINE
  8
0
 10
11.674
 20
31.5472
 11
11.6886
 21
31.4876
  0
LINE
  8
0
 10
11.6886
 20
31.4876
 11
11.7006
 21
31.4256
  0
LINE
  8
0
 10
11.7006
 20
31.4256
 11
11.7099
 21
31.3613
  0
LINE
  8
0
 10
11.7099
 20
31.3613
 11
11.7166
 21
31.2946
  0
LINE
  8
0
 10
11.7166
 20
31.2946
 11
11.7206
 21
31.2256
  0
LINE
  8
0
 10
11.7206
 20
31.2256
 11
11.7219
 21
31.1542
  0
LINE
  8
0
 10
11.7219
 20
31.1542
 11
11.7206
 21
31.0834
  0
LINE
  8
0
 10
11.7206
 20
31.0834
 11
11.7167
 21
31.0151
  0
LINE
  8
0
 10
11.7167
 20
31.0151
 11
11.7102
 21
30.9492
  0
LINE
  8
0
 10
11.7102
 20
30.9492
 11
11.7011
 21
30.8858
  0
LINE
  8
0
 10
11.7011
 20
30.8858
 11
11.6894
 21
30.8248
  0
LINE
  8
0
 10
11.6894
 20
30.8248
 11
11.6751
 21
30.7663
  0
LINE
  8
0
 10
11.6751
 20
30.7663
 11
11.6582
 21
30.7102
  0
LINE
  8
0
 10
11.6582
 20
30.7102
 11
11.6387
 21
30.6565
  0
LINE
  8
0
 10
11.6387
 20
30.6565
 11
11.6166
 21
30.6053
  0
LINE
  8
0
 10
11.6166
 20
30.6053
 11
11.5919
 21
30.5565
  0
LINE
  8
0
 10
11.5919
 20
30.5565
 11
11.5646
 21
30.5102
  0
LINE
  8
0
 10
11.5646
 20
30.5102
 11
11.5347
 21
30.4663
  0
LINE
  8
0
 10
11.5347
 20
30.4663
 11
11.5022
 21
30.4249
  0
LINE
  8
0
 10
11.5022
 20
30.4249
 11
11.4673
 21
30.3862
  0
LINE
  8
0
 10
11.4673
 20
30.3862
 11
11.4303
 21
30.3506
  0
LINE
  8
0
 10
11.4303
 20
30.3506
 11
11.391
 21
30.3181
  0
LINE
  8
0
 10
11.391
 20
30.3181
 11
11.3496
 21
30.2888
  0
LINE
  8
0
 10
11.3496
 20
30.2888
 11
11.3061
 21
30.2625
  0
LINE
  8
0
 10
11.3061
 20
30.2625
 11
11.2604
 21
30.2393
  0
LINE
  8
0
 10
11.2604
 20
30.2393
 11
11.2125
 21
30.2191
  0
LINE
  8
0
 10
11.2125
 20
30.2191
 11
11.1624
 21
30.2021
  0
LINE
  8
0
 10
11.1624
 20
30.2021
 11
11.1102
 21
30.1882
  0
LINE
  8
0
 10
11.1102
 20
30.1882
 11
11.0558
 21
30.1774
  0
LINE
  8
0
 10
11.0558
 20
30.1774
 11
10.9993
 21
30.1696
  0
LINE
  8
0
 10
10.9993
 20
30.1696
 11
10.9405
 21
30.165
  0
LINE
  8
0
 10
10.9405
 20
30.165
 11
10.8797
 21
30.1635
  0
LINE
  8
0
 10
10.8797
 20
30.1635
 11
10.8197
 21
30.165
  0
LINE
  8
0
 10
32.7165
 20
32.6006
 11
32.1163
 21
32.6006
  0
LINE
  8
0
 10
32.1163
 20
32.6006
 11
31.862
 21
31.8682
  0
LINE
  8
0
 10
31.862
 20
31.8682
 11
30.7695
 21
31.8682
  0
LINE
  8
0
 10
30.7695
 20
31.8682
 11
30.5152
 21
32.6006
  0
LINE
  8
0
 10
30.5152
 20
32.6006
 11
29.9212
 21
32.6006
  0
LINE
  8
0
 10
29.9212
 20
32.6006
 11
30.9628
 21
29.7342
  0
LINE
  8
0
 10
30.9628
 20
29.7342
 11
31.6708
 21
29.7342
  0
LINE
  8
0
 10
31.6708
 20
29.7342
 11
32.7165
 21
32.6006
  0
LINE
  8
0
 10
31.2741
 20
30.316
 11
31.1866
 21
30.5927
  0
LINE
  8
0
 10
31.1866
 20
30.5927
 11
30.9038
 21
31.4166
  0
LINE
  8
0
 10
30.9038
 20
31.4166
 11
31.7278
 21
31.4166
  0
LINE
  8
0
 10
31.7278
 20
31.4166
 11
31.68
 21
31.2776
  0
LINE
  8
0
 10
31.68
 20
31.2776
 11
31.6358
 21
31.1486
  0
LINE
  8
0
 10
31.6358
 20
31.1486
 11
31.595
 21
31.0296
  0
LINE
  8
0
 10
31.595
 20
31.0296
 11
31.5577
 21
30.9205
  0
LINE
  8
0
 10
31.5577
 20
30.9205
 11
31.5238
 21
30.8214
  0
LINE
  8
0
 10
31.5238
 20
30.8214
 11
31.4934
 21
30.7322
  0
LINE
  8
0
 10
31.4934
 20
30.7322
 11
31.4665
 21
30.653
  0
LINE
  8
0
 10
31.4665
 20
30.653
 11
31.4431
 21
30.5838
  0
LINE
  8
0
 10
31.4431
 20
30.5838
 11
31.4231
 21
30.5246
  0
LINE
  8
0
 10
31.4231
 20
30.5246
 11
31.4066
 21
30.4753
  0
LINE
  8
0
 10
31.4066
 20
30.4753
 11
31.3935
 21
30.436
  0
LINE
  8
0
 10
31.3935
 20
30.436
 11
31.3839
 21
30.4066
  0
LINE
  8
0
 10
31.3839
 20
30.4066
 11
31.3778
 21
30.3872
  0
LINE
  8
0
 10
31.3778
 20
30.3872
 11
31.3651
 21
30.3451
  0
LINE
  8
0
 10
31.3651
 20
30.3451
 11
31.3533
 21
30.3052
  0
LINE
  8
0
 10
31.3533
 20
30.3052
 11
31.3423
 21
30.2674
  0
LINE
  8
0
 10
31.3423
 20
30.2674
 11
31.3322
 21
30.2318
  0
LINE
  8
0
 10
31.3322
 20
30.2318
 11
31.329
 21
30.2204
  0
LINE
  8
0
 10
31.329
 20
30.2204
 11
31.3168
 21
30.1756
  0
LINE
  8
0
 10
31.3168
 20
30.1756
 11
31.2741
 21
30.316
  0
LINE
  8
0
 10
7.92278
 20
32.6006
 11
6.48854
 21
32.6006
  0
LINE
  8
0
 10
6.48854
 20
32.6006
 11
6.40976
 21
32.5993
  0
LINE
  8
0
 10
6.40976
 20
32.5993
 11
6.33368
 21
32.5956
  0
LINE
  8
0
 10
6.33368
 20
32.5956
 11
6.2603
 21
32.5892
  0
LINE
  8
0
 10
6.2603
 20
32.5892
 11
6.18962
 21
32.5804
  0
LINE
  8
0
 10
6.18962
 20
32.5804
 11
6.12163
 21
32.569
  0
LINE
  8
0
 10
6.12163
 20
32.569
 11
6.05634
 21
32.5551
  0
LINE
  8
0
 10
6.05634
 20
32.5551
 11
5.99374
 21
32.5387
  0
LINE
  8
0
 10
5.99374
 20
32.5387
 11
5.93384
 21
32.5197
  0
LINE
  8
0
 10
5.93384
 20
32.5197
 11
5.87663
 21
32.4982
  0
LINE
  8
0
 10
5.87663
 20
32.4982
 11
5.82213
 21
32.4742
  0
LINE
  8
0
 10
5.82213
 20
32.4742
 11
5.77032
 21
32.4477
  0
LINE
  8
0
 10
5.77032
 20
32.4477
 11
5.72121
 21
32.4186
  0
LINE
  8
0
 10
5.72121
 20
32.4186
 11
5.67479
 21
32.387
  0
LINE
  8
0
 10
5.67479
 20
32.387
 11
5.63145
 21
32.3531
  0
LINE
  8
0
 10
5.63145
 20
32.3531
 11
5.59158
 21
32.3171
  0
LINE
  8
0
 10
5.59158
 20
32.3171
 11
5.55518
 21
32.279
  0
LINE
  8
0
 10
5.55518
 20
32.279
 11
5.52225
 21
32.2388
  0
LINE
  8
0
 10
5.52225
 20
32.2388
 11
5.49278
 21
32.1965
  0
LINE
  8
0
 10
5.49278
 20
32.1965
 11
5.46678
 21
32.1521
  0
LINE
  8
0
 10
5.46678
 20
32.1521
 11
5.44424
 21
32.1056
  0
LINE
  8
0
 10
5.44424
 20
32.1056
 11
5.42517
 21
32.0571
  0
LINE
  8
0
 10
5.42517
 20
32.0571
 11
5.40958
 21
32.0064
  0
LINE
  8
0
 10
5.40958
 20
32.0064
 11
5.39743
 21
31.9536
  0
LINE
  8
0
 10
5.39743
 20
31.9536
 11
5.38876
 21
31.8988
  0
LINE
  8
0
 10
5.38876
 20
31.8988
 11
5.38358
 21
31.8418
  0
LINE
  8
0
 10
5.38358
 20
31.8418
 11
5.38184
 21
31.7828
  0
LINE
  8
0
 10
5.38184
 20
31.7828
 11
5.38292
 21
31.7384
  0
LINE
  8
0
 10
5.38292
 20
31.7384
 11
5.38614
 21
31.6954
  0
LINE
  8
0
 10
5.38614
 20
31.6954
 11
5.39153
 21
31.6537
  0
LINE
  8
0
 10
5.39153
 20
31.6537
 11
5.39908
 21
31.6134
  0
LINE
  8
0
 10
5.39908
 20
31.6134
 11
5.40877
 21
31.5744
  0
LINE
  8
0
 10
5.40877
 20
31.5744
 11
5.42062
 21
31.5368
  0
LINE
  8
0
 10
5.42062
 20
31.5368
 11
5.43463
 21
31.5006
  0
LINE
  8
0
 10
5.43463
 20
31.5006
 11
5.45079
 21
31.4658
  0
LINE
  8
0
 10
5.45079
 20
31.4658
 11
5.4691
 21
31.4323
  0
LINE
  8
0
 10
5.4691
 20
31.4323
 11
5.48956
 21
31.4001
  0
LINE
  8
0
 10
5.48956
 20
31.4001
 11
5.51219
 21
31.3693
  0
LINE
  8
0
 10
5.51219
 20
31.3693
 11
5.53697
 21
31.3399
  0
LINE
  8
0
 10
5.53697
 20
31.3399
 11
5.5639
 21
31.3118
  0
LINE
  8
0
 10
5.5639
 20
31.3118
 11
5.5929
 21
31.2853
  0
LINE
  8
0
 10
5.5929
 20
31.2853
 11
5.62386
 21
31.2603
  0
LINE
  8
0
 10
5.62386
 20
31.2603
 11
5.65677
 21
31.237
  0
LINE
  8
0
 10
5.65677
 20
31.237
 11
5.69165
 21
31.2153
  0
LINE
  8
0
 10
5.69165
 20
31.2153
 11
5.72849
 21
31.1952
  0
LINE
  8
0
 10
5.72849
 20
31.1952
 11
5.76729
 21
31.1768
  0
LINE
  8
0
 10
5.76729
 20
31.1768
 11
5.80806
 21
31.16
  0
LINE
  8
0
 10
5.80806
 20
31.16
 11
5.85078
 21
31.1448
  0
LINE
  8
0
 10
5.85078
 20
31.1448
 11
5.89548
 21
31.1312
  0
LINE
  8
0
 10
5.89548
 20
31.1312
 11
5.94212
 21
31.1192
  0
LINE
  8
0
 10
5.94212
 20
31.1192
 11
5.99074
 21
31.1089
  0
LINE
  8
0
 10
5.99074
 20
31.1089
 11
6.04132
 21
31.1002
  0
LINE
  8
0
 10
6.04132
 20
31.1002
 11
6.09386
 21
31.0932
  0
LINE
  8
0
 10
6.09386
 20
31.0932
 11
6.05212
 21
31.0834
  0
LINE
  8
0
 10
6.05212
 20
31.0834
 11
6.01207
 21
31.0724
  0
LINE
  8
0
 10
6.01207
 20
31.0724
 11
5.97369
 21
31.0601
  0
LINE
  8
0
 10
5.97369
 20
31.0601
 11
5.937
 21
31.0465
  0
LINE
  8
0
 10
5.937
 20
31.0465
 11
5.90196
 21
31.0317
  0
LINE
  8
0
 10
5.90196
 20
31.0317
 11
5.86859
 21
31.0155
  0
LINE
  8
0
 10
5.86859
 20
31.0155
 11
5.83691
 21
30.9981
  0
LINE
  8
0
 10
5.83691
 20
30.9981
 11
5.8069
 21
30.9793
  0
LINE
  8
0
 10
5.8069
 20
30.9793
 11
5.77855
 21
30.9593
  0
LINE
  8
0
 10
5.77855
 20
30.9593
 11
5.75189
 21
30.938
  0
LINE
  8
0
 10
5.75189
 20
30.938
 11
5.7269
 21
30.9154
  0
LINE
  8
0
 10
5.7269
 20
30.9154
 11
5.70357
 21
30.8915
  0
LINE
  8
0
 10
5.70357
 20
30.8915
 11
5.68193
 21
30.8663
  0
LINE
  8
0
 10
5.68193
 20
30.8663
 11
5.66191
 21
30.8401
  0
LINE
  8
0
 10
5.66191
 20
30.8401
 11
5.64349
 21
30.8129
  0
LINE
  8
0
 10
5.64349
 20
30.8129
 11
5.62668
 21
30.7848
  0
LINE
  8
0
 10
5.62668
 20
30.7848
 11
5.61148
 21
30.7558
  0
LINE
  8
0
 10
5.61148
 20
30.7558
 11
5.59787
 21
30.7259
  0
LINE
  8
0
 10
5.59787
 20
30.7259
 11
5.58586
 21
30.6951
  0
LINE
  8
0
 10
5.58586
 20
30.6951
 11
5.57545
 21
30.6635
  0
LINE
  8
0
 10
5.57545
 20
30.6635
 11
5.56664
 21
30.6309
  0
LINE
  8
0
 10
5.56664
 20
30.6309
 11
5.55943
 21
30.5974
  0
LINE
  8
0
 10
5.55943
 20
30.5974
 11
5.55383
 21
30.563
  0
LINE
  8
0
 10
5.55383
 20
30.563
 11
5.54984
 21
30.5277
  0
LINE
  8
0
 10
5.54984
 20
30.5277
 11
5.54742
 21
30.4915
  0
LINE
  8
0
 10
5.54742
 20
30.4915
 11
5.54663
 21
30.4544
  0
LINE
  8
0
 10
5.54663
 20
30.4544
 11
5.54822
 21
30.4006
  0
LINE
  8
0
 10
5.54822
 20
30.4006
 11
5.55301
 21
30.3489
  0
LINE
  8
0
 10
5.55301
 20
30.3489
 11
5.56097
 21
30.2993
  0
LINE
  8
0
 10
5.56097
 20
30.2993
 11
5.57214
 21
30.2518
  0
LINE
  8
0
 10
5.57214
 20
30.2518
 11
5.5865
 21
30.2063
  0
LINE
  8
0
 10
5.5865
 20
30.2063
 11
5.60405
 21
30.1628
  0
LINE
  8
0
 10
5.60405
 20
30.1628
 11
5.62479
 21
30.1214
  0
LINE
  8
0
 10
5.62479
 20
30.1214
 11
5.64871
 21
30.0821
  0
LINE
  8
0
 10
5.64871
 20
30.0821
 11
5.67581
 21
30.0448
  0
LINE
  8
0
 10
5.67581
 20
30.0448
 11
5.70613
 21
30.0096
  0
LINE
  8
0
 10
5.70613
 20
30.0096
 11
5.73962
 21
29.9764
  0
LINE
  8
0
 10
5.73962
 20
29.9764
 11
5.77631
 21
29.9453
  0
LINE
  8
0
 10
5.77631
 20
29.9453
 11
5.81618
 21
29.9163
  0
LINE
  8
0
 10
5.81618
 20
29.9163
 11
5.85916
 21
29.8894
  0
LINE
  8
0
 10
5.85916
 20
29.8894
 11
5.90515
 21
29.8646
  0
LINE
  8
0
 10
5.90515
 20
29.8646
 11
5.95418
 21
29.8419
  0
LINE
  8
0
 10
5.95418
 20
29.8419
 11
6.00623
 21
29.8215
  0
LINE
  8
0
 10
6.00623
 20
29.8215
 11
6.06129
 21
29.8031
  0
LINE
  8
0
 10
6.06129
 20
29.8031
 11
6.11938
 21
29.787
  0
LINE
  8
0
 10
6.11938
 20
29.787
 11
6.1805
 21
29.773
  0
LINE
  8
0
 10
6.1805
 20
29.773
 11
6.24463
 21
29.7611
  0
LINE
  8
0
 10
6.24463
 20
29.7611
 11
6.31178
 21
29.7514
  0
LINE
  8
0
 10
6.31178
 20
29.7514
 11
6.38196
 21
29.7439
  0
LINE
  8
0
 10
6.38196
 20
29.7439
 11
6.45515
 21
29.7385
  0
LINE
  8
0
 10
6.45515
 20
29.7385
 11
6.53137
 21
29.7353
  0
LINE
  8
0
 10
6.53137
 20
29.7353
 11
6.61061
 21
29.7342
  0
LINE
  8
0
 10
6.61061
 20
29.7342
 11
7.92278
 21
29.7342
  0
LINE
  8
0
 10
7.92278
 20
29.7342
 11
7.92278
 21
32.6006
  0
LINE
  8
0
 10
6.56177
 20
31.3332
 11
6.4763
 21
31.3356
  0
LINE
  8
0
 10
6.4763
 20
31.3356
 11
6.39766
 21
31.3427
  0
LINE
  8
0
 10
6.39766
 20
31.3427
 11
6.32587
 21
31.3547
  0
LINE
  8
0
 10
6.32587
 20
31.3547
 11
6.26091
 21
31.3713
  0
LINE
  8
0
 10
6.26091
 20
31.3713
 11
6.2028
 21
31.3928
  0
LINE
  8
0
 10
6.2028
 20
31.3928
 11
6.15152
 21
31.419
  0
LINE
  8
0
 10
6.15152
 20
31.419
 11
6.10707
 21
31.45
  0
LINE
  8
0
 10
6.10707
 20
31.45
 11
6.06947
 21
31.4857
  0
LINE
  8
0
 10
6.06947
 20
31.4857
 11
6.0387
 21
31.5263
  0
LINE
  8
0
 10
6.0387
 20
31.5263
 11
6.01477
 21
31.5715
  0
LINE
  8
0
 10
6.01477
 20
31.5715
 11
5.99767
 21
31.6216
  0
LINE
  8
0
 10
5.99767
 20
31.6216
 11
5.98741
 21
31.6764
  0
LINE
  8
0
 10
5.98741
 20
31.6764
 11
5.98399
 21
31.736
  0
LINE
  8
0
 10
5.98399
 20
31.736
 11
5.98479
 21
31.7676
  0
LINE
  8
0
 10
5.98479
 20
31.7676
 11
5.98715
 21
31.798
  0
LINE
  8
0
 10
5.98715
 20
31.798
 11
5.99109
 21
31.8271
  0
LINE
  8
0
 10
5.99109
 20
31.8271
 11
5.99661
 21
31.855
  0
LINE
  8
0
 10
5.99661
 20
31.855
 11
6.00371
 21
31.8817
  0
LINE
  8
0
 10
6.00371
 20
31.8817
 11
6.01239
 21
31.9071
  0
LINE
  8
0
 10
6.01239
 20
31.9071
 11
6.02263
 21
31.9313
  0
LINE
  8
0
 10
6.02263
 20
31.9313
 11
6.03447
 21
31.9542
  0
LINE
  8
0
 10
6.03447
 20
31.9542
 11
6.04787
 21
31.9759
  0
LINE
  8
0
 10
6.04787
 20
31.9759
 11
6.06285
 21
31.9964
  0
LINE
  8
0
 10
6.06285
 20
31.9964
 11
6.07941
 21
32.0156
  0
LINE
  8
0
 10
6.07941
 20
32.0156
 11
6.09755
 21
32.0336
  0
LINE
  8
0
 10
6.09755
 20
32.0336
 11
6.11726
 21
32.0503
  0
LINE
  8
0
 10
6.11726
 20
32.0503
 11
6.13867
 21
32.0658
  0
LINE
  8
0
 10
6.13867
 20
32.0658
 11
6.16194
 21
32.0801
  0
LINE
  8
0
 10
6.16194
 20
32.0801
 11
6.18704
 21
32.0931
  0
LINE
  8
0
 10
6.18704
 20
32.0931
 11
6.21399
 21
32.1049
  0
LINE
  8
0
 10
6.21399
 20
32.1049
 11
6.24278
 21
32.1154
  0
LINE
  8
0
 10
6.24278
 20
32.1154
 11
6.27341
 21
32.1247
  0
LINE
  8
0
 10
6.27341
 20
32.1247
 11
6.30588
 21
32.1328
  0
LINE
  8
0
 10
6.30588
 20
32.1328
 11
6.34019
 21
32.1396
  0
LINE
  8
0
 10
6.34019
 20
32.1396
 11
6.37636
 21
32.1452
  0
LINE
  8
0
 10
6.37636
 20
32.1452
 11
6.41435
 21
32.1495
  0
LINE
  8
0
 10
6.41435
 20
32.1495
 11
6.45419
 21
32.1526
  0
LINE
  8
0
 10
6.45419
 20
32.1526
 11
6.49586
 21
32.1545
  0
LINE
  8
0
 10
6.49586
 20
32.1545
 11
6.53938
 21
32.1551
  0
LINE
  8
0
 10
6.53938
 20
32.1551
 11
7.32263
 21
32.1551
  0
LINE
  8
0
 10
7.32263
 20
32.1551
 11
7.32263
 21
31.3332
  0
LINE
  8
0
 10
7.32263
 20
31.3332
 11
6.56177
 21
31.3332
  0
LINE
  8
0
 10
6.63908
 20
30.1797
 11
6.60254
 21
30.1802
  0
LINE
  8
0
 10
6.60254
 20
30.1802
 11
6.5674
 21
30.1816
  0
LINE
  8
0
 10
6.5674
 20
30.1816
 11
6.53368
 21
30.1841
  0
LINE
  8
0
 10
6.53368
 20
30.1841
 11
6.50136
 21
30.1874
  0
LINE
  8
0
 10
6.50136
 20
30.1874
 11
6.47046
 21
30.1918
  0
LINE
  8
0
 10
6.47046
 20
30.1918
 11
6.44096
 21
30.1971
  0
LINE
  8
0
 10
6.44096
 20
30.1971
 11
6.41287
 21
30.2033
  0
LINE
  8
0
 10
6.41287
 20
30.2033
 11
6.38618
 21
30.2105
  0
LINE
  8
0
 10
6.38618
 20
30.2105
 11
6.36092
 21
30.2187
  0
LINE
  8
0
 10
6.36092
 20
30.2187
 11
6.33705
 21
30.2279
  0
LINE
  8
0
 10
6.33705
 20
30.2279
 11
6.31461
 21
30.238
  0
LINE
  8
0
 10
6.31461
 20
30.238
 11
6.29355
 21
30.2491
  0
LINE
  8
0
 10
6.29355
 20
30.2491
 11
6.27391
 21
30.2611
  0
LINE
  8
0
 10
6.27391
 20
30.2611
 11
6.25571
 21
30.2743
  0
LINE
  8
0
 10
6.25571
 20
30.2743
 11
6.23895
 21
30.2888
  0
LINE
  8
0
 10
6.23895
 20
30.2888
 11
6.22366
 21
30.3046
  0
LINE
  8
0
 10
6.22366
 20
30.3046
 11
6.20982
 21
30.3218
  0
LINE
  8
0
 10
6.20982
 20
30.3218
 11
6.19743
 21
30.3402
  0
LINE
  8
0
 10
6.19743
 20
30.3402
 11
6.18651
 21
30.36
  0
LINE
  8
0
 10
6.18651
 20
30.36
 11
6.17705
 21
30.3812
  0
LINE
  8
0
 10
6.17705
 20
30.3812
 11
6.16904
 21
30.4036
  0
LINE
  8
0
 10
6.16904
 20
30.4036
 11
6.16248
 21
30.4274
  0
LINE
  8
0
 10
6.16248
 20
30.4274
 11
6.15738
 21
30.4525
  0
LINE
  8
0
 10
6.15738
 20
30.4525
 11
6.15375
 21
30.4789
  0
LINE
  8
0
 10
6.15375
 20
30.4789
 11
6.15155
 21
30.5067
  0
LINE
  8
0
 10
6.15155
 20
30.5067
 11
6.15083
 21
30.5357
  0
LINE
  8
0
 10
6.15083
 20
30.5357
 11
6.1515
 21
30.5624
  0
LINE
  8
0
 10
6.1515
 20
30.5624
 11
6.15355
 21
30.5881
  0
LINE
  8
0
 10
6.15355
 20
30.5881
 11
6.15695
 21
30.6127
  0
LINE
  8
0
 10
6.15695
 20
30.6127
 11
6.16171
 21
30.6363
  0
LINE
  8
0
 10
6.16171
 20
30.6363
 11
6.16783
 21
30.6588
  0
LINE
  8
0
 10
6.16783
 20
30.6588
 11
6.17531
 21
30.6803
  0
LINE
  8
0
 10
6.17531
 20
30.6803
 11
6.18416
 21
30.7007
  0
LINE
  8
0
 10
6.18416
 20
30.7007
 11
6.19437
 21
30.7201
  0
LINE
  8
0
 10
6.19437
 20
30.7201
 11
6.20593
 21
30.7384
  0
LINE
  8
0
 10
6.20593
 20
30.7384
 11
6.21886
 21
30.7557
  0
LINE
  8
0
 10
6.21886
 20
30.7557
 11
6.23314
 21
30.7719
  0
LINE
  8
0
 10
6.23314
 20
30.7719
 11
6.24878
 21
30.7871
  0
LINE
  8
0
 10
6.24878
 20
30.7871
 11
6.26579
 21
30.8012
  0
LINE
  8
0
 10
6.26579
 20
30.8012
 11
6.28429
 21
30.8143
  0
LINE
  8
0
 10
6.28429
 20
30.8143
 11
6.30444
 21
30.8264
  0
LINE
  8
0
 10
6.30444
 20
30.8264
 11
6.32625
 21
30.8374
  0
LINE
  8
0
 10
6.32625
 20
30.8374
 11
6.3497
 21
30.8473
  0
LINE
  8
0
 10
6.3497
 20
30.8473
 11
6.3748
 21
30.8562
  0
LINE
  8
0
 10
6.3748
 20
30.8562
 11
6.40157
 21
30.8641
  0
LINE
  8
0
 10
6.40157
 20
30.8641
 11
6.42996
 21
30.8709
  0
LINE
  8
0
 10
6.42996
 20
30.8709
 11
6.46001
 21
30.8766
  0
LINE
  8
0
 10
6.46001
 20
30.8766
 11
6.49171
 21
30.8813
  0
LINE
  8
0
 10
6.49171
 20
30.8813
 11
6.52505
 21
30.885
  0
LINE
  8
0
 10
6.52505
 20
30.885
 11
6.56006
 21
30.8876
  0
LINE
  8
0
 10
6.56006
 20
30.8876
 11
6.59669
 21
30.8892
  0
LINE
  8
0
 10
6.59669
 20
30.8892
 11
6.63499
 21
30.8897
  0
LINE
  8
0
 10
6.63499
 20
30.8897
 11
7.32263
 21
30.8897
  0
LINE
  8
0
 10
7.32263
 20
30.8897
 11
7.32263
 21
30.1797
  0
LINE
  8
0
 10
7.32263
 20
30.1797
 11
6.63908
 21
30.1797
  0
LINE
  8
0
 10
28.4902
 20
30.7473
 11
29.127
 21
29.7342
  0
LINE
  8
0
 10
29.127
 20
29.7342
 11
29.7617
 21
29.7342
  0
LINE
  8
0
 10
29.7617
 20
29.7342
 11
28.8523
 21
31.0932
  0
LINE
  8
0
 10
28.8523
 20
31.0932
 11
29.8451
 21
32.6006
  0
LINE
  8
0
 10
29.8451
 20
32.6006
 11
29.2104
 21
32.6006
  0
LINE
  8
0
 10
29.2104
 20
32.6006
 11
28.4902
 21
31.4593
  0
LINE
  8
0
 10
28.4902
 20
31.4593
 11
27.77
 21
32.6006
  0
LINE
  8
0
 10
27.77
 20
32.6006
 11
27.1394
 21
32.6006
  0
LINE
  8
0
 10
27.1394
 20
32.6006
 11
28.0935
 21
31.0932
  0
LINE
  8
0
 10
28.0935
 20
31.0932
 11
27.2228
 21
29.7342
  0
LINE
  8
0
 10
27.2228
 20
29.7342
 11
27.8534
 21
29.7342
  0
LINE
  8
0
 10
27.8534
 20
29.7342
 11
28.4902
 21
30.7473
  0
LINE
  8
0
 10
26.889
 20
32.6006
 11
26.2888
 21
32.6006
  0
LINE
  8
0
 10
26.2888
 20
32.6006
 11
26.2888
 21
29.7342
  0
LINE
  8
0
 10
26.2888
 20
29.7342
 11
26.889
 21
29.7342
  0
LINE
  8
0
 10
26.889
 20
29.7342
 11
26.889
 21
32.6006
  0
LINE
  8
0
 10
14.8622
 20
30.198
 11
13.9366
 21
30.198
  0
LINE
  8
0
 10
13.9366
 20
30.198
 11
13.9366
 21
32.6006
  0
LINE
  8
0
 10
13.9366
 20
32.6006
 11
13.3364
 21
32.6006
  0
LINE
  8
0
 10
13.3364
 20
32.6006
 11
13.3364
 21
30.198
  0
LINE
  8
0
 10
13.3364
 20
30.198
 11
12.4087
 21
30.198
  0
LINE
  8
0
 10
12.4087
 20
30.198
 11
12.4087
 21
29.7342
  0
LINE
  8
0
 10
12.4087
 20
29.7342
 11
14.8622
 21
29.7342
  0
LINE
  8
0
 10
14.8622
 20
29.7342
 11
14.8622
 21
30.198
  0
LINE
  8
0
 10
-32.6638
 20
32.5997
 11
-35.0013
 21
32.5997
  0
LINE
  8
0
 10
-35.0013
 20
32.5997
 11
-35.0013
 21
32.1358
  0
LINE
  8
0
 10
-35.0013
 20
32.1358
 11
-33.264
 21
32.1358
  0
LINE
  8
0
 10
-33.264
 20
32.1358
 11
-33.264
 21
31.3811
  0
LINE
  8
0
 10
-33.264
 20
31.3811
 11
-34.7938
 21
31.3811
  0
LINE
  8
0
 10
-34.7938
 20
31.3811
 11
-34.7938
 21
30.9173
  0
LINE
  8
0
 10
-34.7938
 20
30.9173
 11
-33.264
 21
30.9173
  0
LINE
  8
0
 10
-33.264
 20
30.9173
 11
-33.264
 21
30.1971
  0
LINE
  8
0
 10
-33.264
 20
30.1971
 11
-34.9179
 21
30.1971
  0
LINE
  8
0
 10
-34.9179
 20
30.1971
 11
-34.9179
 21
29.7332
  0
LINE
  8
0
 10
-34.9179
 20
29.7332
 11
-32.6638
 21
29.7332
  0
LINE
  8
0
 10
-32.6638
 20
29.7332
 11
-32.6638
 21
32.5997
  0
LINE
  8
0
 10
-30.3004
 20
32.5997
 11
-30.8863
 21
32.5997
  0
LINE
  8
0
 10
-30.8863
 20
32.5997
 11
-30.8863
 21
32.028
  0
LINE
  8
0
 10
-30.8863
 20
32.028
 11
-30.3004
 21
32.028
  0
LINE
  8
0
 10
-30.3004
 20
32.028
 11
-30.3004
 21
32.5997
  0
LINE
  8
0
 10
-8.9312
 20
32.5997
 11
-9.53136
 21
32.5997
  0
LINE
  8
0
 10
-9.53136
 20
32.5997
 11
-9.53136
 21
31.5113
  0
LINE
  8
0
 10
-9.53136
 20
31.5113
 11
-10.2352
 21
31.5113
  0
LINE
  8
0
 10
-10.2352
 20
31.5113
 11
-10.9005
 21
32.5997
  0
LINE
  8
0
 10
-10.9005
 20
32.5997
 11
-11.5759
 21
32.5997
  0
LINE
  8
0
 10
-11.5759
 20
32.5997
 11
-10.8008
 21
31.3953
  0
LINE
  8
0
 10
-10.8008
 20
31.3953
 11
-10.8448
 21
31.3838
  0
LINE
  8
0
 10
-10.8448
 20
31.3838
 11
-10.8875
 21
31.3705
  0
LINE
  8
0
 10
-10.8875
 20
31.3705
 11
-10.9287
 21
31.3554
  0
LINE
  8
0
 10
-10.9287
 20
31.3554
 11
-10.9685
 21
31.3386
  0
LINE
  8
0
 10
-10.9685
 20
31.3386
 11
-11.0068
 21
31.32
  0
LINE
  8
0
 10
-11.0068
 20
31.32
 11
-11.0438
 21
31.2996
  0
LINE
  8
0
 10
-11.0438
 20
31.2996
 11
-11.0793
 21
31.2775
  0
LINE
  8
0
 10
-11.0793
 20
31.2775
 11
-11.1134
 21
31.2536
  0
LINE
  8
0
 10
-11.1134
 20
31.2536
 11
-11.1461
 21
31.2279
  0
LINE
  8
0
 10
-11.1461
 20
31.2279
 11
-11.1773
 21
31.2004
  0
LINE
  8
0
 10
-11.1773
 20
31.2004
 11
-11.2072
 21
31.1712
  0
LINE
  8
0
 10
-11.2072
 20
31.1712
 11
-11.2356
 21
31.1402
  0
LINE
  8
0
 10
-11.2356
 20
31.1402
 11
-11.2626
 21
31.1075
  0
LINE
  8
0
 10
-11.2626
 20
31.1075
 11
-11.2879
 21
31.0734
  0
LINE
  8
0
 10
-11.2879
 20
31.0734
 11
-11.3111
 21
31.0383
  0
LINE
  8
0
 10
-11.3111
 20
31.0383
 11
-11.3324
 21
31.0022
  0
LINE
  8
0
 10
-11.3324
 20
31.0022
 11
-11.3516
 21
30.9651
  0
LINE
  8
0
 10
-11.3516
 20
30.9651
 11
-11.3688
 21
30.9271
  0
LINE
  8
0
 10
-11.3688
 20
30.9271
 11
-11.3839
 21
30.8881
  0
LINE
  8
0
 10
-11.3839
 20
30.8881
 11
-11.3971
 21
30.8481
  0
LINE
  8
0
 10
-11.3971
 20
30.8481
 11
-11.4082
 21
30.8071
  0
LINE
  8
0
 10
-11.4082
 20
30.8071
 11
-11.4173
 21
30.7652
  0
LINE
  8
0
 10
-11.4173
 20
30.7652
 11
-11.4244
 21
30.7223
  0
LINE
  8
0
 10
-11.4244
 20
30.7223
 11
-11.4295
 21
30.6784
  0
LINE
  8
0
 10
-11.4295
 20
30.6784
 11
-11.4325
 21
30.6335
  0
LINE
  8
0
 10
-11.4325
 20
30.6335
 11
-11.4335
 21
30.5877
  0
LINE
  8
0
 10
-11.4335
 20
30.5877
 11
-11.4319
 21
30.5253
  0
LINE
  8
0
 10
-11.4319
 20
30.5253
 11
-11.4269
 21
30.4652
  0
LINE
  8
0
 10
-11.4269
 20
30.4652
 11
-11.4187
 21
30.4073
  0
LINE
  8
0
 10
-11.4187
 20
30.4073
 11
-11.4071
 21
30.3517
  0
LINE
  8
0
 10
-11.4071
 20
30.3517
 11
-11.3923
 21
30.2984
  0
LINE
  8
0
 10
-11.3923
 20
30.2984
 11
-11.3741
 21
30.2474
  0
LINE
  8
0
 10
-11.3741
 20
30.2474
 11
-11.3527
 21
30.1987
  0
LINE
  8
0
 10
-11.3527
 20
30.1987
 11
-11.3279
 21
30.1522
  0
LINE
  8
0
 10
-11.3279
 20
30.1522
 11
-11.2999
 21
30.108
  0
LINE
  8
0
 10
-11.2999
 20
30.108
 11
-11.2686
 21
30.0661
  0
LINE
  8
0
 10
-11.2686
 20
30.0661
 11
-11.2339
 21
30.0265
  0
LINE
  8
0
 10
-11.2339
 20
30.0265
 11
-11.196
 21
29.9891
  0
LINE
  8
0
 10
-11.196
 20
29.9891
 11
-11.1548
 21
29.954
  0
LINE
  8
0
 10
-11.1548
 20
29.954
 11
-11.1105
 21
29.9213
  0
LINE
  8
0
 10
-11.1105
 20
29.9213
 11
-11.0635
 21
29.8913
  0
LINE
  8
0
 10
-11.0635
 20
29.8913
 11
-11.0137
 21
29.8639
  0
LINE
  8
0
 10
-11.0137
 20
29.8639
 11
-10.9611
 21
29.8391
  0
LINE
  8
0
 10
-10.9611
 20
29.8391
 11
-10.9058
 21
29.8168
  0
LINE
  8
0
 10
-10.9058
 20
29.8168
 11
-10.8477
 21
29.7973
  0
LINE
  8
0
 10
-10.8477
 20
29.7973
 11
-10.7868
 21
29.7803
  0
LINE
  8
0
 10
-10.7868
 20
29.7803
 11
-10.7232
 21
29.7659
  0
LINE
  8
0
 10
-10.7232
 20
29.7659
 11
-10.6567
 21
29.7542
  0
LINE
  8
0
 10
-10.6567
 20
29.7542
 11
-10.5876
 21
29.745
  0
LINE
  8
0
 10
-10.5876
 20
29.745
 11
-10.5156
 21
29.7385
  0
LINE
  8
0
 10
-10.5156
 20
29.7385
 11
-10.4409
 21
29.7346
  0
LINE
  8
0
 10
-10.4409
 20
29.7346
 11
-10.3634
 21
29.7332
  0
LINE
  8
0
 10
-10.3634
 20
29.7332
 11
-8.9312
 21
29.7332
  0
LINE
  8
0
 10
-8.9312
 20
29.7332
 11
-8.9312
 21
32.5997
  0
LINE
  8
0
 10
-10.3003
 20
30.1991
 11
-10.3786
 21
30.2016
  0
LINE
  8
0
 10
-10.3786
 20
30.2016
 11
-10.4506
 21
30.2089
  0
LINE
  8
0
 10
-10.4506
 20
30.2089
 11
-10.5163
 21
30.2211
  0
LINE
  8
0
 10
-10.5163
 20
30.2211
 11
-10.5758
 21
30.2382
  0
LINE
  8
0
 10
-10.5758
 20
30.2382
 11
-10.629
 21
30.2602
  0
LINE
  8
0
 10
-10.629
 20
30.2602
 11
-10.6759
 21
30.2871
  0
LINE
  8
0
 10
-10.6759
 20
30.2871
 11
-10.7166
 21
30.3189
  0
LINE
  8
0
 10
-10.7166
 20
30.3189
 11
-10.751
 21
30.3555
  0
LINE
  8
0
 10
-10.751
 20
30.3555
 11
-10.7792
 21
30.3971
  0
LINE
  8
0
 10
-10.7792
 20
30.3971
 11
-10.8011
 21
30.4435
  0
LINE
  8
0
 10
-10.8011
 20
30.4435
 11
-10.8168
 21
30.4948
  0
LINE
  8
0
 10
-10.8168
 20
30.4948
 11
-10.8261
 21
30.551
  0
LINE
  8
0
 10
-10.8261
 20
30.551
 11
-10.8293
 21
30.6121
  0
LINE
  8
0
 10
-10.8293
 20
30.6121
 11
-10.8285
 21
30.6432
  0
LINE
  8
0
 10
-10.8285
 20
30.6432
 11
-10.8262
 21
30.6732
  0
LINE
  8
0
 10
-10.8262
 20
30.6732
 11
-10.8223
 21
30.7021
  0
LINE
  8
0
 10
-10.8223
 20
30.7021
 11
-10.8169
 21
30.7299
  0
LINE
  8
0
 10
-10.8169
 20
30.7299
 11
-10.81
 21
30.7566
  0
LINE
  8
0
 10
-10.81
 20
30.7566
 11
-10.8015
 21
30.7823
  0
LINE
  8
0
 10
-10.8015
 20
30.7823
 11
-10.7915
 21
30.8068
  0
LINE
  8
0
 10
-10.7915
 20
30.8068
 11
-10.78
 21
30.8303
  0
LINE
  8
0
 10
-10.78
 20
30.8303
 11
-10.7669
 21
30.8527
  0
LINE
  8
0
 10
-10.7669
 20
30.8527
 11
-10.7522
 21
30.8741
  0
LINE
  8
0
 10
-10.7522
 20
30.8741
 11
-10.7361
 21
30.8943
  0
LINE
  8
0
 10
-10.7361
 20
30.8943
 11
-10.7183
 21
30.9134
  0
LINE
  8
0
 10
-10.7183
 20
30.9134
 11
-10.6991
 21
30.9315
  0
LINE
  8
0
 10
-10.6991
 20
30.9315
 11
-10.6783
 21
30.9484
  0
LINE
  8
0
 10
-10.6783
 20
30.9484
 11
-10.6561
 21
30.9639
  0
LINE
  8
0
 10
-10.6561
 20
30.9639
 11
-10.6325
 21
30.978
  0
LINE
  8
0
 10
-10.6325
 20
30.978
 11
-10.6074
 21
30.9908
  0
LINE
  8
0
 10
-10.6074
 20
30.9908
 11
-10.5809
 21
31.0023
  0
LINE
  8
0
 10
-10.5809
 20
31.0023
 11
-10.5529
 21
31.0124
  0
LINE
  8
0
 10
-10.5529
 20
31.0124
 11
-10.5235
 21
31.0212
  0
LINE
  8
0
 10
-10.5235
 20
31.0212
 11
-10.4926
 21
31.0286
  0
LINE
  8
0
 10
-10.4926
 20
31.0286
 11
-10.4603
 21
31.0346
  0
LINE
  8
0
 10
-10.4603
 20
31.0346
 11
-10.4265
 21
31.0394
  0
LINE
  8
0
 10
-10.4265
 20
31.0394
 11
-10.3914
 21
31.0427
  0
LINE
  8
0
 10
-10.3914
 20
31.0427
 11
-10.3547
 21
31.0448
  0
LINE
  8
0
 10
-10.3547
 20
31.0448
 11
-10.3166
 21
31.0454
  0
LINE
  8
0
 10
-10.3166
 20
31.0454
 11
-9.53136
 21
31.0454
  0
LINE
  8
0
 10
-9.53136
 20
31.0454
 11
-9.53136
 21
30.1991
  0
LINE
  8
0
 10
-9.53136
 20
30.1991
 11
-10.3003
 21
30.1991
  0
LINE
  8
0
 10
-20.9098
 20
32.5997
 11
-21.5099
 21
32.5997
  0
LINE
  8
0
 10
-21.5099
 20
32.5997
 11
-21.5099
 21
29.7332
  0
LINE
  8
0
 10
-21.5099
 20
29.7332
 11
-20.9098
 21
29.7332
  0
LINE
  8
0
 10
-20.9098
 20
29.7332
 11
-20.9098
 21
32.5997
  0
LINE
  8
0
 10
-40.3363
 20
31.3282
 11
-40.2285
 21
31.7961
  0
LINE
  8
0
 10
-40.2285
 20
31.7961
 11
-40.1777
 21
32.0321
  0
LINE
  8
0
 10
-40.1777
 20
32.0321
 11
-40.1624
 21
31.942
  0
LINE
  8
0
 10
-40.1624
 20
31.942
 11
-40.1478
 21
31.857
  0
LINE
  8
0
 10
-40.1478
 20
31.857
 11
-40.1339
 21
31.7771
  0
LINE
  8
0
 10
-40.1339
 20
31.7771
 11
-40.1207
 21
31.7023
  0
LINE
  8
0
 10
-40.1207
 20
31.7023
 11
-40.1082
 21
31.6327
  0
LINE
  8
0
 10
-40.1082
 20
31.6327
 11
-40.0963
 21
31.5681
  0
LINE
  8
0
 10
-40.0963
 20
31.5681
 11
-40.0852
 21
31.5086
  0
LINE
  8
0
 10
-40.0852
 20
31.5086
 11
-40.0748
 21
31.4543
  0
LINE
  8
0
 10
-40.0748
 20
31.4543
 11
-40.0651
 21
31.405
  0
LINE
  8
0
 10
-40.0651
 20
31.405
 11
-40.0561
 21
31.3609
  0
LINE
  8
0
 10
-40.0561
 20
31.3609
 11
-40.0478
 21
31.3218
  0
LINE
  8
0
 10
-40.0478
 20
31.3218
 11
-40.0401
 21
31.2879
  0
LINE
  8
0
 10
-40.0401
 20
31.2879
 11
-40.0332
 21
31.259
  0
LINE
  8
0
 10
-40.0332
 20
31.259
 11
-39.6711
 21
29.7332
  0
LINE
  8
0
 10
-39.6711
 20
29.7332
 11
-38.9998
 21
29.7332
  0
LINE
  8
0
 10
-38.9998
 20
29.7332
 11
-38.9474
 21
29.9569
  0
LINE
  8
0
 10
-38.9474
 20
29.9569
 11
-38.8985
 21
30.1658
  0
LINE
  8
0
 10
-38.8985
 20
30.1658
 11
-38.8532
 21
30.3599
  0
LINE
  8
0
 10
-38.8532
 20
30.3599
 11
-38.8114
 21
30.5394
  0
LINE
  8
0
 10
-38.8114
 20
30.5394
 11
-38.7731
 21
30.7041
  0
LINE
  8
0
 10
-38.7731
 20
30.7041
 11
-38.7384
 21
30.8541
  0
LINE
  8
0
 10
-38.7384
 20
30.8541
 11
-38.7072
 21
30.9894
  0
LINE
  8
0
 10
-38.7072
 20
30.9894
 11
-38.6795
 21
31.11
  0
LINE
  8
0
 10
-38.6795
 20
31.11
 11
-38.6553
 21
31.2158
  0
LINE
  8
0
 10
-38.6553
 20
31.2158
 11
-38.6347
 21
31.3069
  0
LINE
  8
0
 10
-38.6347
 20
31.3069
 11
-38.6175
 21
31.3833
  0
LINE
  8
0
 10
-38.6175
 20
31.3833
 11
-38.604
 21
31.445
  0
LINE
  8
0
 10
-38.604
 20
31.445
 11
-38.5939
 21
31.492
  0
LINE
  8
0
 10
-38.5939
 20
31.492
 11
-38.5688
 21
31.6121
  0
LINE
  8
0
 10
-38.5688
 20
31.6121
 11
-38.552
 21
31.6937
  0
LINE
  8
0
 10
-38.552
 20
31.6937
 11
-38.535
 21
31.7765
  0
LINE
  8
0
 10
-38.535
 20
31.7765
 11
-38.5178
 21
31.8605
  0
LINE
  8
0
 10
-38.5178
 20
31.8605
 11
-38.5005
 21
31.9457
  0
LINE
  8
0
 10
-38.5005
 20
31.9457
 11
-38.483
 21
32.0321
  0
LINE
  8
0
 10
-38.483
 20
32.0321
 11
-38.3894
 21
31.5845
  0
LINE
  8
0
 10
-38.3894
 20
31.5845
 11
-37.9745
 21
29.7332
  0
LINE
  8
0
 10
-37.9745
 20
29.7332
 11
-37.3662
 21
29.7332
  0
LINE
  8
0
 10
-37.3662
 20
29.7332
 11
-38.1046
 21
32.5997
  0
LINE
  8
0
 10
-38.1046
 20
32.5997
 11
-38.8167
 21
32.5997
  0
LINE
  8
0
 10
-38.8167
 20
32.5997
 11
-38.9318
 21
32.1064
  0
LINE
  8
0
 10
-38.9318
 20
32.1064
 11
-39.0293
 21
31.6882
  0
LINE
  8
0
 10
-39.0293
 20
31.6882
 11
-39.1092
 21
31.345
  0
LINE
  8
0
 10
-39.1092
 20
31.345
 11
-39.1714
 21
31.077
  0
LINE
  8
0
 10
-39.1714
 20
31.077
 11
-39.196
 21
30.9711
  0
LINE
  8
0
 10
-39.196
 20
30.9711
 11
-39.2161
 21
30.884
  0
LINE
  8
0
 10
-39.2161
 20
30.884
 11
-39.2318
 21
30.8156
  0
LINE
  8
0
 10
-39.2318
 20
30.8156
 11
-39.2431
 21
30.766
  0
LINE
  8
0
 10
-39.2431
 20
30.766
 11
-39.25
 21
30.7352
  0
LINE
  8
0
 10
-39.25
 20
30.7352
 11
-39.2548
 21
30.713
  0
LINE
  8
0
 10
-39.2548
 20
30.713
 11
-39.2598
 21
30.6893
  0
LINE
  8
0
 10
-39.2598
 20
30.6893
 11
-39.265
 21
30.6641
  0
LINE
  8
0
 10
-39.265
 20
30.6641
 11
-39.2705
 21
30.6374
  0
LINE
  8
0
 10
-39.2705
 20
30.6374
 11
-39.2762
 21
30.6092
  0
LINE
  8
0
 10
-39.2762
 20
30.6092
 11
-39.2821
 21
30.5795
  0
LINE
  8
0
 10
-39.2821
 20
30.5795
 11
-39.2882
 21
30.5482
  0
LINE
  8
0
 10
-39.2882
 20
30.5482
 11
-39.2945
 21
30.5155
  0
LINE
  8
0
 10
-39.2945
 20
30.5155
 11
-39.301
 21
30.4813
  0
LINE
  8
0
 10
-39.301
 20
30.4813
 11
-39.3078
 21
30.4456
  0
LINE
  8
0
 10
-39.3078
 20
30.4456
 11
-39.3147
 21
30.4083
  0
LINE
  8
0
 10
-39.3147
 20
30.4083
 11
-39.3219
 21
30.3696
  0
LINE
  8
0
 10
-39.3219
 20
30.3696
 11
-39.3293
 21
30.3293
  0
LINE
  8
0
 10
-39.3293
 20
30.3293
 11
-39.337
 21
30.3783
  0
LINE
  8
0
 10
-39.337
 20
30.3783
 11
-39.3449
 21
30.427
  0
LINE
  8
0
 10
-39.3449
 20
30.427
 11
-39.3531
 21
30.4753
  0
LINE
  8
0
 10
-39.3531
 20
30.4753
 11
-39.3615
 21
30.5234
  0
LINE
  8
0
 10
-39.3615
 20
30.5234
 11
-39.3702
 21
30.5711
  0
LINE
  8
0
 10
-39.3702
 20
30.5711
 11
-39.3792
 21
30.6185
  0
LINE
  8
0
 10
-39.3792
 20
30.6185
 11
-39.3884
 21
30.6656
  0
LINE
  8
0
 10
-39.3884
 20
30.6656
 11
-39.3979
 21
30.7124
  0
LINE
  8
0
 10
-39.3979
 20
30.7124
 11
-39.4077
 21
30.7589
  0
LINE
  8
0
 10
-39.4077
 20
30.7589
 11
-39.4177
 21
30.8051
  0
LINE
  8
0
 10
-39.4177
 20
30.8051
 11
-39.428
 21
30.8509
  0
LINE
  8
0
 10
-39.428
 20
30.8509
 11
-39.4386
 21
30.8965
  0
LINE
  8
0
 10
-39.4386
 20
30.8965
 11
-39.4494
 21
30.9417
  0
LINE
  8
0
 10
-39.4494
 20
30.9417
 11
-39.8379
 21
32.5997
  0
LINE
  8
0
 10
-39.8379
 20
32.5997
 11
-40.55
 21
32.5997
  0
LINE
  8
0
 10
-40.55
 20
32.5997
 11
-41.2905
 21
29.7332
  0
LINE
  8
0
 10
-41.2905
 20
29.7332
 11
-40.6822
 21
29.7332
  0
LINE
  8
0
 10
-40.6822
 20
29.7332
 11
-40.3363
 21
31.3282
  0
LINE
  8
0
 10
-27.2398
 20
32.5997
 11
-28.3994
 21
32.5997
  0
LINE
  8
0
 10
-28.3994
 20
32.5997
 11
-28.4621
 21
32.5986
  0
LINE
  8
0
 10
-28.4621
 20
32.5986
 11
-28.5236
 21
32.5955
  0
LINE
  8
0
 10
-28.5236
 20
32.5955
 11
-28.5841
 21
32.5904
  0
LINE
  8
0
 10
-28.5841
 20
32.5904
 11
-28.6435
 21
32.5831
  0
LINE
  8
0
 10
-28.6435
 20
32.5831
 11
-28.7018
 21
32.5738
  0
LINE
  8
0
 10
-28.7018
 20
32.5738
 11
-28.759
 21
32.5624
  0
LINE
  8
0
 10
-28.759
 20
32.5624
 11
-28.8151
 21
32.549
  0
LINE
  8
0
 10
-28.8151
 20
32.549
 11
-28.8701
 21
32.5334
  0
LINE
  8
0
 10
-28.8701
 20
32.5334
 11
-28.924
 21
32.5158
  0
LINE
  8
0
 10
-28.924
 20
32.5158
 11
-28.9768
 21
32.4962
  0
LINE
  8
0
 10
-28.9768
 20
32.4962
 11
-29.0286
 21
32.4744
  0
LINE
  8
0
 10
-29.0286
 20
32.4744
 11
-29.0792
 21
32.4506
  0
LINE
  8
0
 10
-29.0792
 20
32.4506
 11
-29.1287
 21
32.4247
  0
LINE
  8
0
 10
-29.1287
 20
32.4247
 11
-29.1768
 21
32.3969
  0
LINE
  8
0
 10
-29.1768
 20
32.3969
 11
-29.2233
 21
32.3672
  0
LINE
  8
0
 10
-29.2233
 20
32.3672
 11
-29.268
 21
32.3357
  0
LINE
  8
0
 10
-29.268
 20
32.3357
 11
-29.311
 21
32.3023
  0
LINE
  8
0
 10
-29.311
 20
32.3023
 11
-29.3522
 21
32.2671
  0
LINE
  8
0
 10
-29.3522
 20
32.2671
 11
-29.3918
 21
32.2301
  0
LINE
  8
0
 10
-29.3918
 20
32.2301
 11
-29.4297
 21
32.1912
  0
LINE
  8
0
 10
-29.4297
 20
32.1912
 11
-29.4659
 21
32.1505
  0
LINE
  8
0
 10
-29.4659
 20
32.1505
 11
-29.5003
 21
32.1079
  0
LINE
  8
0
 10
-29.5003
 20
32.1079
 11
-29.5331
 21
32.0635
  0
LINE
  8
0
 10
-29.5331
 20
32.0635
 11
-29.5641
 21
32.0172
  0
LINE
  8
0
 10
-29.5641
 20
32.0172
 11
-29.5934
 21
31.9691
  0
LINE
  8
0
 10
-29.5934
 20
31.9691
 11
-29.621
 21
31.9192
  0
LINE
  8
0
 10
-29.621
 20
31.9192
 11
-29.6468
 21
31.8677
  0
LINE
  8
0
 10
-29.6468
 20
31.8677
 11
-29.6704
 21
31.8148
  0
LINE
  8
0
 10
-29.6704
 20
31.8148
 11
-29.692
 21
31.7606
  0
LINE
  8
0
 10
-29.692
 20
31.7606
 11
-29.7116
 21
31.705
  0
LINE
  8
0
 10
-29.7116
 20
31.705
 11
-29.7291
 21
31.6482
  0
LINE
  8
0
 10
-29.7291
 20
31.6482
 11
-29.7445
 21
31.59
  0
LINE
  8
0
 10
-29.7445
 20
31.59
 11
-29.7579
 21
31.5304
  0
LINE
  8
0
 10
-29.7579
 20
31.5304
 11
-29.7692
 21
31.4695
  0
LINE
  8
0
 10
-29.7692
 20
31.4695
 11
-29.7785
 21
31.4073
  0
LINE
  8
0
 10
-29.7785
 20
31.4073
 11
-29.7857
 21
31.3438
  0
LINE
  8
0
 10
-29.7857
 20
31.3438
 11
-29.7909
 21
31.2789
  0
LINE
  8
0
 10
-29.7909
 20
31.2789
 11
-29.7939
 21
31.2127
  0
LINE
  8
0
 10
-29.7939
 20
31.2127
 11
-29.795
 21
31.1451
  0
LINE
  8
0
 10
-29.795
 20
31.1451
 11
-29.7926
 21
31.0421
  0
LINE
  8
0
 10
-29.7926
 20
31.0421
 11
-29.7856
 21
30.9429
  0
LINE
  8
0
 10
-29.7856
 20
30.9429
 11
-29.7738
 21
30.8474
  0
LINE
  8
0
 10
-29.7738
 20
30.8474
 11
-29.7574
 21
30.7557
  0
LINE
  8
0
 10
-29.7574
 20
30.7557
 11
-29.7363
 21
30.6677
  0
LINE
  8
0
 10
-29.7363
 20
30.6677
 11
-29.7105
 21
30.5834
  0
LINE
  8
0
 10
-29.7105
 20
30.5834
 11
-29.6799
 21
30.5029
  0
LINE
  8
0
 10
-29.6799
 20
30.5029
 11
-29.6447
 21
30.4261
  0
LINE
  8
0
 10
-29.6447
 20
30.4261
 11
-29.6048
 21
30.3531
  0
LINE
  8
0
 10
-29.6048
 20
30.3531
 11
-29.5602
 21
30.2838
  0
LINE
  8
0
 10
-29.5602
 20
30.2838
 11
-29.5109
 21
30.2183
  0
LINE
  8
0
 10
-29.5109
 20
30.2183
 11
-29.4569
 21
30.1565
  0
LINE
  8
0
 10
-29.4569
 20
30.1565
 11
-29.3983
 21
30.0984
  0
LINE
  8
0
 10
-29.3983
 20
30.0984
 11
-29.3353
 21
30.0444
  0
LINE
  8
0
 10
-29.3353
 20
30.0444
 11
-29.2684
 21
29.9947
  0
LINE
  8
0
 10
-29.2684
 20
29.9947
 11
-29.1977
 21
29.9493
  0
LINE
  8
0
 10
-29.1977
 20
29.9493
 11
-29.1231
 21
29.9083
  0
LINE
  8
0
 10
-29.1231
 20
29.9083
 11
-29.0447
 21
29.8716
  0
LINE
  8
0
 10
-29.0447
 20
29.8716
 11
-28.9623
 21
29.8391
  0
LINE
  8
0
 10
-28.9623
 20
29.8391
 11
-28.8761
 21
29.8111
  0
LINE
  8
0
 10
-28.8761
 20
29.8111
 11
-28.786
 21
29.7873
  0
LINE
  8
0
 10
-28.786
 20
29.7873
 11
-28.692
 21
29.7678
  0
LINE
  8
0
 10
-28.692
 20
29.7678
 11
-28.5941
 21
29.7527
  0
LINE
  8
0
 10
-28.5941
 20
29.7527
 11
-28.4924
 21
29.7419
  0
LINE
  8
0
 10
-28.4924
 20
29.7419
 11
-28.3868
 21
29.7354
  0
LINE
  8
0
 10
-28.3868
 20
29.7354
 11
-28.2773
 21
29.7332
  0
LINE
  8
0
 10
-28.2773
 20
29.7332
 11
-27.2398
 21
29.7332
  0
LINE
  8
0
 10
-27.2398
 20
29.7332
 11
-27.2398
 21
32.5997
  0
LINE
  8
0
 10
-28.2651
 20
30.1971
 11
-28.3325
 21
30.1985
  0
LINE
  8
0
 10
-28.3325
 20
30.1985
 11
-28.3974
 21
30.2028
  0
LINE
  8
0
 10
-28.3974
 20
30.2028
 11
-28.4598
 21
30.21
  0
LINE
  8
0
 10
-28.4598
 20
30.21
 11
-28.5199
 21
30.2201
  0
LINE
  8
0
 10
-28.5199
 20
30.2201
 11
-28.5775
 21
30.233
  0
LINE
  8
0
 10
-28.5775
 20
30.233
 11
-28.6326
 21
30.2489
  0
LINE
  8
0
 10
-28.6326
 20
30.2489
 11
-28.6853
 21
30.2676
  0
LINE
  8
0
 10
-28.6853
 20
30.2676
 11
-28.7357
 21
30.2892
  0
LINE
  8
0
 10
-28.7357
 20
30.2892
 11
-28.7835
 21
30.3136
  0
LINE
  8
0
 10
-28.7835
 20
30.3136
 11
-28.829
 21
30.3409
  0
LINE
  8
0
 10
-28.829
 20
30.3409
 11
-28.872
 21
30.3712
  0
LINE
  8
0
 10
-28.872
 20
30.3712
 11
-28.9126
 21
30.4042
  0
LINE
  8
0
 10
-28.9126
 20
30.4042
 11
-28.9507
 21
30.4402
  0
LINE
  8
0
 10
-28.9507
 20
30.4402
 11
-28.9862
 21
30.4789
  0
LINE
  8
0
 10
-28.9862
 20
30.4789
 11
-29.0189
 21
30.5202
  0
LINE
  8
0
 10
-29.0189
 20
30.5202
 11
-29.0487
 21
30.5641
  0
LINE
  8
0
 10
-29.0487
 20
30.5641
 11
-29.0757
 21
30.6105
  0
LINE
  8
0
 10
-29.0757
 20
30.6105
 11
-29.0999
 21
30.6596
  0
LINE
  8
0
 10
-29.0999
 20
30.6596
 11
-29.1212
 21
30.7112
  0
LINE
  8
0
 10
-29.1212
 20
30.7112
 11
-29.1396
 21
30.7654
  0
LINE
  8
0
 10
-29.1396
 20
30.7654
 11
-29.1553
 21
30.8222
  0
LINE
  8
0
 10
-29.1553
 20
30.8222
 11
-29.168
 21
30.8816
  0
LINE
  8
0
 10
-29.168
 20
30.8816
 11
-29.178
 21
30.9436
  0
LINE
  8
0
 10
-29.178
 20
30.9436
 11
-29.1851
 21
31.0082
  0
LINE
  8
0
 10
-29.1851
 20
31.0082
 11
-29.1894
 21
31.0754
  0
LINE
  8
0
 10
-29.1894
 20
31.0754
 11
-29.1908
 21
31.1451
  0
LINE
  8
0
 10
-29.1908
 20
31.1451
 11
-29.1894
 21
31.2144
  0
LINE
  8
0
 10
-29.1894
 20
31.2144
 11
-29.1854
 21
31.2814
  0
LINE
  8
0
 10
-29.1854
 20
31.2814
 11
-29.1786
 21
31.3462
  0
LINE
  8
0
 10
-29.1786
 20
31.3462
 11
-29.1692
 21
31.4087
  0
LINE
  8
0
 10
-29.1692
 20
31.4087
 11
-29.1571
 21
31.4689
  0
LINE
  8
0
 10
-29.1571
 20
31.4689
 11
-29.1422
 21
31.5269
  0
LINE
  8
0
 10
-29.1422
 20
31.5269
 11
-29.1247
 21
31.5826
  0
LINE
  8
0
 10
-29.1247
 20
31.5826
 11
-29.1045
 21
31.636
  0
LINE
  8
0
 10
-29.1045
 20
31.636
 11
-29.0816
 21
31.6872
  0
LINE
  8
0
 10
-29.0816
 20
31.6872
 11
-29.056
 21
31.7362
  0
LINE
  8
0
 10
-29.056
 20
31.7362
 11
-29.0276
 21
31.7828
  0
LINE
  8
0
 10
-29.0276
 20
31.7828
 11
-28.9966
 21
31.8272
  0
LINE
  8
0
 10
-28.9966
 20
31.8272
 11
-28.9629
 21
31.8694
  0
LINE
  8
0
 10
-28.9629
 20
31.8694
 11
-28.9269
 21
31.9088
  0
LINE
  8
0
 10
-28.9269
 20
31.9088
 11
-28.8891
 21
31.9451
  0
LINE
  8
0
 10
-28.8891
 20
31.9451
 11
-28.8493
 21
31.9782
  0
LINE
  8
0
 10
-28.8493
 20
31.9782
 11
-28.8077
 21
32.0081
  0
LINE
  8
0
 10
-28.8077
 20
32.0081
 11
-28.7642
 21
32.0349
  0
LINE
  8
0
 10
-28.7642
 20
32.0349
 11
-28.7188
 21
32.0586
  0
LINE
  8
0
 10
-28.7188
 20
32.0586
 11
-28.6715
 21
32.0791
  0
LINE
  8
0
 10
-28.6715
 20
32.0791
 11
-28.6224
 21
32.0964
  0
LINE
  8
0
 10
-28.6224
 20
32.0964
 11
-28.5714
 21
32.1106
  0
LINE
  8
0
 10
-28.5714
 20
32.1106
 11
-28.5185
 21
32.1217
  0
LINE
  8
0
 10
-28.5185
 20
32.1217
 11
-28.4637
 21
32.1295
  0
LINE
  8
0
 10
-28.4637
 20
32.1295
 11
-28.4071
 21
32.1343
  0
LINE
  8
0
 10
-28.4071
 20
32.1343
 11
-28.3485
 21
32.1358
  0
LINE
  8
0
 10
-28.3485
 20
32.1358
 11
-27.8399
 21
32.1358
  0
LINE
  8
0
 10
-27.8399
 20
32.1358
 11
-27.8399
 21
30.1971
  0
LINE
  8
0
 10
-27.8399
 20
30.1971
 11
-28.2651
 21
30.1971
  0
LINE
  8
0
 10
-24.7543
 20
32.5997
 11
-26.8924
 21
32.5997
  0
LINE
  8
0
 10
-26.8924
 20
32.5997
 11
-26.8924
 21
32.1358
  0
LINE
  8
0
 10
-26.8924
 20
32.1358
 11
-25.3544
 21
32.1358
  0
LINE
  8
0
 10
-25.3544
 20
32.1358
 11
-25.3544
 21
29.7332
  0
LINE
  8
0
 10
-25.3544
 20
29.7332
 11
-24.7543
 21
29.7332
  0
LINE
  8
0
 10
-24.7543
 20
29.7332
 11
-24.7543
 21
32.5997
  0
LINE
  8
0
 10
-22.0403
 20
32.5997
 11
-24.3778
 21
32.5997
  0
LINE
  8
0
 10
-24.3778
 20
32.5997
 11
-24.3778
 21
32.1358
  0
LINE
  8
0
 10
-24.3778
 20
32.1358
 11
-22.6404
 21
32.1358
  0
LINE
  8
0
 10
-22.6404
 20
32.1358
 11
-22.6404
 21
31.3811
  0
LINE
  8
0
 10
-22.6404
 20
31.3811
 11
-24.1703
 21
31.3811
  0
LINE
  8
0
 10
-24.1703
 20
31.3811
 11
-24.1703
 21
30.9173
  0
LINE
  8
0
 10
-24.1703
 20
30.9173
 11
-22.6404
 21
30.9173
  0
LINE
  8
0
 10
-22.6404
 20
30.9173
 11
-22.6404
 21
30.1971
  0
LINE
  8
0
 10
-22.6404
 20
30.1971
 11
-24.2944
 21
30.1971
  0
LINE
  8
0
 10
-24.2944
 20
30.1971
 11
-24.2944
 21
29.7332
  0
LINE
  8
0
 10
-24.2944
 20
29.7332
 11
-22.0403
 21
29.7332
  0
LINE
  8
0
 10
-22.0403
 20
29.7332
 11
-22.0403
 21
32.5997
  0
LINE
  8
0
 10
-5.81773
 20
32.5997
 11
-6.41789
 21
32.5997
  0
LINE
  8
0
 10
-6.41789
 20
32.5997
 11
-6.6722
 21
31.8673
  0
LINE
  8
0
 10
-6.6722
 20
31.8673
 11
-7.76465
 21
31.8673
  0
LINE
  8
0
 10
-7.76465
 20
31.8673
 11
-8.01895
 21
32.5997
  0
LINE
  8
0
 10
-8.01895
 20
32.5997
 11
-8.61299
 21
32.5997
  0
LINE
  8
0
 10
-8.61299
 20
32.5997
 11
-7.57138
 21
29.7332
  0
LINE
  8
0
 10
-7.57138
 20
29.7332
 11
-6.86342
 21
29.7332
  0
LINE
  8
0
 10
-6.86342
 20
29.7332
 11
-5.81773
 21
32.5997
  0
LINE
  8
0
 10
-7.26013
 20
30.3151
 11
-7.34758
 21
30.5918
  0
LINE
  8
0
 10
-7.34758
 20
30.5918
 11
-7.63037
 21
31.4157
  0
LINE
  8
0
 10
-7.63037
 20
31.4157
 11
-6.80644
 21
31.4157
  0
LINE
  8
0
 10
-6.80644
 20
31.4157
 11
-6.85417
 21
31.2767
  0
LINE
  8
0
 10
-6.85417
 20
31.2767
 11
-6.89842
 21
31.1477
  0
LINE
  8
0
 10
-6.89842
 20
31.1477
 11
-6.93921
 21
31.0286
  0
LINE
  8
0
 10
-6.93921
 20
31.0286
 11
-7.01038
 21
30.8204
  0
LINE
  8
0
 10
-7.01038
 20
30.8204
 11
-7.04076
 21
30.7313
  0
LINE
  8
0
 10
-7.04076
 20
30.7313
 11
-7.06767
 21
30.6521
  0
LINE
  8
0
 10
-7.06767
 20
30.6521
 11
-7.09113
 21
30.5829
  0
LINE
  8
0
 10
-7.09113
 20
30.5829
 11
-7.11111
 21
30.5236
  0
LINE
  8
0
 10
-7.11111
 20
30.5236
 11
-7.12762
 21
30.4743
  0
LINE
  8
0
 10
-7.12762
 20
30.4743
 11
-7.14067
 21
30.435
  0
LINE
  8
0
 10
-7.14067
 20
30.435
 11
-7.15025
 21
30.4057
  0
LINE
  8
0
 10
-7.15025
 20
30.4057
 11
-7.15637
 21
30.3863
  0
LINE
  8
0
 10
-7.15637
 20
30.3863
 11
-7.16493
 21
30.358
  0
LINE
  8
0
 10
-7.16493
 20
30.358
 11
-7.17313
 21
30.3306
  0
LINE
  8
0
 10
-7.17313
 20
30.3306
 11
-7.18092
 21
30.3042
  0
LINE
  8
0
 10
-7.18092
 20
30.3042
 11
-7.18834
 21
30.2788
  0
LINE
  8
0
 10
-7.18834
 20
30.2788
 11
-7.19537
 21
30.2543
  0
LINE
  8
0
 10
-7.19537
 20
30.2543
 11
-7.20203
 21
30.2309
  0
LINE
  8
0
 10
-7.20203
 20
30.2309
 11
-7.2052
 21
30.2195
  0
LINE
  8
0
 10
-7.2052
 20
30.2195
 11
-7.21739
 21
30.1747
  0
LINE
  8
0
 10
-7.21739
 20
30.1747
 11
-7.26013
 21
30.3151
  0
LINE
  8
0
 10
-3.27869
 20
32.5997
 11
-5.6162
 21
32.5997
  0
LINE
  8
0
 10
-5.6162
 20
32.5997
 11
-5.6162
 21
32.1358
  0
LINE
  8
0
 10
-5.6162
 20
32.1358
 11
-3.87885
 21
32.1358
  0
LINE
  8
0
 10
-3.87885
 20
32.1358
 11
-3.87885
 21
31.3811
  0
LINE
  8
0
 10
-3.87885
 20
31.3811
 11
-5.40869
 21
31.3811
  0
LINE
  8
0
 10
-5.40869
 20
31.3811
 11
-5.40869
 21
30.9173
  0
LINE
  8
0
 10
-5.40869
 20
30.9173
 11
-3.87885
 21
30.9173
  0
LINE
  8
0
 10
-3.87885
 20
30.9173
 11
-3.87885
 21
30.1971
  0
LINE
  8
0
 10
-3.87885
 20
30.1971
 11
-5.53281
 21
30.1971
  0
LINE
  8
0
 10
-5.53281
 20
30.1971
 11
-5.53281
 21
29.7332
  0
LINE
  8
0
 10
-5.53281
 20
29.7332
 11
-3.27869
 21
29.7332
  0
LINE
  8
0
 10
-3.27869
 20
29.7332
 11
-3.27869
 21
32.5997
  0
LINE
  8
0
 10
-18.4242
 20
32.5997
 11
-19.0244
 21
32.5997
  0
LINE
  8
0
 10
-19.0244
 20
32.5997
 11
-19.0244
 21
31.5479
  0
LINE
  8
0
 10
-19.0244
 20
31.5479
 11
-20.4912
 21
31.5479
  0
LINE
  8
0
 10
-20.4912
 20
31.5479
 11
-20.4912
 21
31.0841
  0
LINE
  8
0
 10
-20.4912
 20
31.0841
 11
-19.0244
 21
31.0841
  0
LINE
  8
0
 10
-19.0244
 20
31.0841
 11
-19.0244
 21
30.1971
  0
LINE
  8
0
 10
-19.0244
 20
30.1971
 11
-20.538
 21
30.1971
  0
LINE
  8
0
 10
-20.538
 20
30.1971
 11
-20.538
 21
29.7332
  0
LINE
  8
0
 10
-20.538
 20
29.7332
 11
-18.4242
 21
29.7332
  0
LINE
  8
0
 10
-18.4242
 20
29.7332
 11
-18.4242
 21
32.5997
  0
LINE
  8
0
 10
-16.2045
 20
30.8745
 11
-14.9554
 21
30.8745
  0
LINE
  8
0
 10
-14.9554
 20
30.8745
 11
-14.9554
 21
29.7332
  0
LINE
  8
0
 10
-14.9554
 20
29.7332
 11
-14.3552
 21
29.7332
  0
LINE
  8
0
 10
-14.3552
 20
29.7332
 11
-14.3552
 21
32.5997
  0
LINE
  8
0
 10
-14.3552
 20
32.5997
 11
-14.9554
 21
32.5997
  0
LINE
  8
0
 10
-14.9554
 20
32.5997
 11
-14.9554
 21
31.3709
  0
LINE
  8
0
 10
-14.9554
 20
31.3709
 11
-16.2045
 21
31.3709
  0
LINE
  8
0
 10
-16.2045
 20
31.3709
 11
-16.2045
 21
32.5997
  0
LINE
  8
0
 10
-16.2045
 20
32.5997
 11
-16.8046
 21
32.5997
  0
LINE
  8
0
 10
-16.8046
 20
32.5997
 11
-16.8046
 21
29.7332
  0
LINE
  8
0
 10
-16.8046
 20
29.7332
 11
-16.2045
 21
29.7332
  0
LINE
  8
0
 10
-16.2045
 20
29.7332
 11
-16.2045
 21
30.8745
  0
LINE
  8
0
 10
-11.6378
 20
30.1971
 11
-12.5634
 21
30.1971
  0
LINE
  8
0
 10
-12.5634
 20
30.1971
 11
-12.5634
 21
32.5997
  0
LINE
  8
0
 10
-12.5634
 20
32.5997
 11
-13.1636
 21
32.5997
  0
LINE
  8
0
 10
-13.1636
 20
32.5997
 11
-13.1636
 21
30.1971
  0
LINE
  8
0
 10
-13.1636
 20
30.1971
 11
-14.0913
 21
30.1971
  0
LINE
  8
0
 10
-14.0913
 20
30.1971
 11
-14.0913
 21
29.7332
  0
LINE
  8
0
 10
-14.0913
 20
29.7332
 11
-11.6378
 21
29.7332
  0
LINE
  8
0
 10
-11.6378
 20
29.7332
 11
-11.6378
 21
30.1971
  0
LINE
  8
0
 10
-35.2252
 20
31.6883
 11
-37.2881
 21
31.6883
  0
LINE
  8
0
 10
-37.2881
 20
31.6883
 11
-37.2881
 21
31.2753
  0
LINE
  8
0
 10
-37.2881
 20
31.2753
 11
-35.2252
 21
31.2753
  0
LINE
  8
0
 10
-35.2252
 20
31.2753
 11
-35.2252
 21
31.6883
  0
LINE
  8
0
 10
-30.3004
 20
31.0698
 11
-30.8863
 21
31.0698
  0
LINE
  8
0
 10
-30.8863
 20
31.0698
 11
-30.8863
 21
30.4962
  0
LINE
  8
0
 10
-30.8863
 20
30.4962
 11
-30.3004
 21
30.4962
  0
LINE
  8
0
 10
-30.3004
 20
30.4962
 11
-30.3004
 21
31.0698
  0
LINE
  8
0
 10
16.86
 20
29.7021
 11
16.887
 21
29.7036
  0
LINE
  8
0
 10
16.887
 20
29.7036
 11
16.9137
 21
29.7061
  0
LINE
  8
0
 10
16.9137
 20
29.7061
 11
16.94
 21
29.7096
  0
LINE
  8
0
 10
16.94
 20
29.7096
 11
16.966
 21
29.7141
  0
LINE
  8
0
 10
16.966
 20
29.7141
 11
16.9916
 21
29.7196
  0
LINE
  8
0
 10
16.9916
 20
29.7196
 11
17.0169
 21
29.7261
  0
LINE
  8
0
 10
17.0169
 20
29.7261
 11
17.0418
 21
29.7336
  0
LINE
  8
0
 10
17.0418
 20
29.7336
 11
17.0664
 21
29.7421
  0
LINE
  8
0
 10
17.0664
 20
29.7421
 11
17.0906
 21
29.7516
  0
LINE
  8
0
 10
17.0906
 20
29.7516
 11
17.1145
 21
29.7621
  0
LINE
  8
0
 10
17.1145
 20
29.7621
 11
17.138
 21
29.7736
  0
LINE
  8
0
 10
17.138
 20
29.7736
 11
17.1612
 21
29.7861
  0
LINE
  8
0
 10
17.1612
 20
29.7861
 11
17.1838
 21
29.7995
  0
LINE
  8
0
 10
17.1838
 20
29.7995
 11
17.2057
 21
29.8136
  0
LINE
  8
0
 10
17.2057
 20
29.8136
 11
17.2268
 21
29.8285
  0
LINE
  8
0
 10
17.2268
 20
29.8285
 11
17.2472
 21
29.8441
  0
LINE
  8
0
 10
17.2472
 20
29.8441
 11
17.2669
 21
29.8605
  0
LINE
  8
0
 10
17.2669
 20
29.8605
 11
17.2858
 21
29.8777
  0
LINE
  8
0
 10
17.2858
 20
29.8777
 11
17.3039
 21
29.8956
  0
LINE
  8
0
 10
17.3039
 20
29.8956
 11
17.3213
 21
29.9143
  0
LINE
  8
0
 10
17.3213
 20
29.9143
 11
17.338
 21
29.9337
  0
LINE
  8
0
 10
17.338
 20
29.9337
 11
17.3539
 21
29.9539
  0
LINE
  8
0
 10
17.3539
 20
29.9539
 11
17.3691
 21
29.9748
  0
LINE
  8
0
 10
17.3691
 20
29.9748
 11
17.3835
 21
29.9965
  0
LINE
  8
0
 10
17.3835
 20
29.9965
 11
17.3972
 21
30.019
  0
LINE
  8
0
 10
17.3972
 20
30.019
 11
17.41
 21
30.042
  0
LINE
  8
0
 10
17.41
 20
30.042
 11
17.4217
 21
30.0653
  0
LINE
  8
0
 10
17.4217
 20
30.0653
 11
17.4325
 21
30.089
  0
LINE
  8
0
 10
17.4325
 20
30.089
 11
17.4422
 21
30.1129
  0
LINE
  8
0
 10
17.4422
 20
30.1129
 11
17.4509
 21
30.1372
  0
LINE
  8
0
 10
17.4509
 20
30.1372
 11
17.4586
 21
30.1617
  0
LINE
  8
0
 10
17.4586
 20
30.1617
 11
17.4652
 21
30.1866
  0
LINE
  8
0
 10
17.4652
 20
30.1866
 11
17.4708
 21
30.2118
  0
LINE
  8
0
 10
17.4708
 20
30.2118
 11
17.4754
 21
30.2373
  0
LINE
  8
0
 10
17.4754
 20
30.2373
 11
17.479
 21
30.2631
  0
LINE
  8
0
 10
17.479
 20
30.2631
 11
17.4816
 21
30.2893
  0
LINE
  8
0
 10
17.4816
 20
30.2893
 11
17.4831
 21
30.3157
  0
LINE
  8
0
 10
17.4831
 20
30.3157
 11
17.4836
 21
30.3425
  0
LINE
  8
0
 10
17.4836
 20
30.3425
 11
17.4825
 21
30.3836
  0
LINE
  8
0
 10
17.4825
 20
30.3836
 11
17.4791
 21
30.4237
  0
LINE
  8
0
 10
17.4791
 20
30.4237
 11
17.4734
 21
30.4628
  0
LINE
  8
0
 10
17.4734
 20
30.4628
 11
17.4655
 21
30.5009
  0
LINE
  8
0
 10
17.4655
 20
30.5009
 11
17.4553
 21
30.538
  0
LINE
  8
0
 10
17.4553
 20
30.538
 11
17.4429
 21
30.574
  0
LINE
  8
0
 10
17.4429
 20
30.574
 11
17.4282
 21
30.6091
  0
LINE
  8
0
 10
17.4282
 20
30.6091
 11
17.4112
 21
30.6431
  0
LINE
  8
0
 10
17.4112
 20
30.6431
 11
17.392
 21
30.6761
  0
LINE
  8
0
 10
17.392
 20
30.6761
 11
17.3705
 21
30.7082
  0
LINE
  8
0
 10
17.3705
 20
30.7082
 11
17.3467
 21
30.7392
  0
LINE
  8
0
 10
17.3467
 20
30.7392
 11
17.3207
 21
30.7692
  0
LINE
  8
0
 10
17.3207
 20
30.7692
 11
17.2924
 21
30.7982
  0
LINE
  8
0
 10
17.2924
 20
30.7982
 11
17.2625
 21
30.8256
  0
LINE
  8
0
 10
17.2625
 20
30.8256
 11
17.2317
 21
30.8508
  0
LINE
  8
0
 10
17.2317
 20
30.8508
 11
17.2
 21
30.8737
  0
LINE
  8
0
 10
17.2
 20
30.8737
 11
17.1674
 21
30.8946
  0
LINE
  8
0
 10
17.1674
 20
30.8946
 11
17.1339
 21
30.9132
  0
LINE
  8
0
 10
17.1339
 20
30.9132
 11
17.0994
 21
30.9296
  0
LINE
  8
0
 10
17.0994
 20
30.9296
 11
17.064
 21
30.9439
  0
LINE
  8
0
 10
17.064
 20
30.9439
 11
17.0278
 21
30.9559
  0
LINE
  8
0
 10
17.0278
 20
30.9559
 11
16.9906
 21
30.9658
  0
LINE
  8
0
 10
16.9906
 20
30.9658
 11
16.9524
 21
30.9734
  0
LINE
  8
0
 10
16.9524
 20
30.9734
 11
16.9134
 21
30.9789
  0
LINE
  8
0
 10
16.9134
 20
30.9789
 11
16.8735
 21
30.9822
  0
LINE
  8
0
 10
16.8735
 20
30.9822
 11
16.8326
 21
30.9833
  0
LINE
  8
0
 10
16.8326
 20
30.9833
 11
16.7912
 21
30.9822
  0
LINE
  8
0
 10
16.7912
 20
30.9822
 11
16.7507
 21
30.9789
  0
LINE
  8
0
 10
16.7507
 20
30.9789
 11
16.7112
 21
30.9733
  0
LINE
  8
0
 10
16.7112
 20
30.9733
 11
16.6727
 21
30.9655
  0
LINE
  8
0
 10
16.6727
 20
30.9655
 11
16.6351
 21
30.9555
  0
LINE
  8
0
 10
16.6351
 20
30.9555
 11
16.5985
 21
30.9432
  0
LINE
  8
0
 10
16.5985
 20
30.9432
 11
16.5629
 21
30.9287
  0
LINE
  8
0
 10
16.5629
 20
30.9287
 11
16.5283
 21
30.912
  0
LINE
  8
0
 10
16.5283
 20
30.912
 11
16.4947
 21
30.8931
  0
LINE
  8
0
 10
16.4947
 20
30.8931
 11
16.462
 21
30.872
  0
LINE
  8
0
 10
16.462
 20
30.872
 11
16.4303
 21
30.8486
  0
LINE
  8
0
 10
16.4303
 20
30.8486
 11
16.3996
 21
30.823
  0
LINE
  8
0
 10
16.3996
 20
30.823
 11
16.3698
 21
30.7951
  0
LINE
  8
0
 10
16.3698
 20
30.7951
 11
16.3417
 21
30.7657
  0
LINE
  8
0
 10
16.3417
 20
30.7657
 11
16.3158
 21
30.7354
  0
LINE
  8
0
 10
16.3158
 20
30.7354
 11
16.2921
 21
30.7042
  0
LINE
  8
0
 10
16.2921
 20
30.7042
 11
16.2708
 21
30.6721
  0
LINE
  8
0
 10
16.2708
 20
30.6721
 11
16.2516
 21
30.6391
  0
LINE
  8
0
 10
16.2516
 20
30.6391
 11
16.2347
 21
30.6052
  0
LINE
  8
0
 10
16.2347
 20
30.6052
 11
16.2201
 21
30.5704
  0
LINE
  8
0
 10
16.2201
 20
30.5704
 11
16.2077
 21
30.5346
  0
LINE
  8
0
 10
16.2077
 20
30.5346
 11
16.1976
 21
30.498
  0
LINE
  8
0
 10
16.1976
 20
30.498
 11
16.1897
 21
30.4605
  0
LINE
  8
0
 10
16.1897
 20
30.4605
 11
16.1841
 21
30.422
  0
LINE
  8
0
 10
16.1841
 20
30.422
 11
16.1807
 21
30.3827
  0
LINE
  8
0
 10
16.1807
 20
30.3827
 11
16.1796
 21
30.3425
  0
LINE
  8
0
 10
16.1796
 20
30.3425
 11
16.1807
 21
30.3022
  0
LINE
  8
0
 10
16.1807
 20
30.3022
 11
16.1841
 21
30.2629
  0
LINE
  8
0
 10
16.1841
 20
30.2629
 11
16.1897
 21
30.2245
  0
LINE
  8
0
 10
16.1897
 20
30.2245
 11
16.1975
 21
30.1869
  0
LINE
  8
0
 10
16.1975
 20
30.1869
 11
16.2076
 21
30.1503
  0
LINE
  8
0
 10
16.2076
 20
30.1503
 11
16.2199
 21
30.1146
  0
LINE
  8
0
 10
16.2199
 20
30.1146
 11
16.2344
 21
30.0798
  0
LINE
  8
0
 10
16.2344
 20
30.0798
 11
16.2512
 21
30.0459
  0
LINE
  8
0
 10
16.2512
 20
30.0459
 11
16.2703
 21
30.0128
  0
LINE
  8
0
 10
16.2703
 20
30.0128
 11
16.2915
 21
29.9807
  0
LINE
  8
0
 10
16.2915
 20
29.9807
 11
16.315
 21
29.9495
  0
LINE
  8
0
 10
16.315
 20
29.9495
 11
16.3408
 21
29.9192
  0
LINE
  8
0
 10
16.3408
 20
29.9192
 11
16.3688
 21
29.8898
  0
LINE
  8
0
 10
16.3688
 20
29.8898
 11
16.3984
 21
29.862
  0
LINE
  8
0
 10
16.3984
 20
29.862
 11
16.429
 21
29.8364
  0
LINE
  8
0
 10
16.429
 20
29.8364
 11
16.4607
 21
29.813
  0
LINE
  8
0
 10
16.4607
 20
29.813
 11
16.4933
 21
29.7918
  0
LINE
  8
0
 10
16.4933
 20
29.7918
 11
16.527
 21
29.7729
  0
LINE
  8
0
 10
16.527
 20
29.7729
 11
16.5616
 21
29.7562
  0
LINE
  8
0
 10
16.5616
 20
29.7562
 11
16.5973
 21
29.7417
  0
LINE
  8
0
 10
16.5973
 20
29.7417
 11
16.634
 21
29.7295
  0
LINE
  8
0
 10
16.634
 20
29.7295
 11
16.6717
 21
29.7195
  0
LINE
  8
0
 10
16.6717
 20
29.7195
 11
16.7104
 21
29.7117
  0
LINE
  8
0
 10
16.7104
 20
29.7117
 11
16.7501
 21
29.7061
  0
LINE
  8
0
 10
16.7501
 20
29.7061
 11
16.7909
 21
29.7028
  0
LINE
  8
0
 10
16.7909
 20
29.7028
 11
16.8326
 21
29.7016
  0
LINE
  8
0
 10
16.8326
 20
29.7016
 11
16.86
 21
29.7021
  0
LINE
  8
0
 10
16.811
 20
30.0053
 11
16.7899
 21
30.0071
  0
LINE
  8
0
 10
16.7899
 20
30.0071
 11
16.7694
 21
30.01
  0
LINE
  8
0
 10
16.7694
 20
30.01
 11
16.7495
 21
30.014
  0
LINE
  8
0
 10
16.7495
 20
30.014
 11
16.7301
 21
30.0192
  0
LINE
  8
0
 10
16.7301
 20
30.0192
 11
16.7113
 21
30.0256
  0
LINE
  8
0
 10
16.7113
 20
30.0256
 11
16.6931
 21
30.0331
  0
LINE
  8
0
 10
16.6931
 20
30.0331
 11
16.6755
 21
30.0417
  0
LINE
  8
0
 10
16.6755
 20
30.0417
 11
16.6584
 21
30.0516
  0
LINE
  8
0
 10
16.6584
 20
30.0516
 11
16.6418
 21
30.0625
  0
LINE
  8
0
 10
16.6418
 20
30.0625
 11
16.6259
 21
30.0747
  0
LINE
  8
0
 10
16.6259
 20
30.0747
 11
16.6105
 21
30.088
  0
LINE
  8
0
 10
16.6105
 20
30.088
 11
16.5956
 21
30.1024
  0
LINE
  8
0
 10
16.5956
 20
30.1024
 11
16.5816
 21
30.1177
  0
LINE
  8
0
 10
16.5816
 20
30.1177
 11
16.5687
 21
30.1335
  0
LINE
  8
0
 10
16.5687
 20
30.1335
 11
16.557
 21
30.1499
  0
LINE
  8
0
 10
16.557
 20
30.1499
 11
16.5464
 21
30.1667
  0
LINE
  8
0
 10
16.5464
 20
30.1667
 11
16.5368
 21
30.1841
  0
LINE
  8
0
 10
16.5368
 20
30.1841
 11
16.5284
 21
30.2021
  0
LINE
  8
0
 10
16.5284
 20
30.2021
 11
16.5212
 21
30.2206
  0
LINE
  8
0
 10
16.5212
 20
30.2206
 11
16.515
 21
30.2395
  0
LINE
  8
0
 10
16.515
 20
30.2395
 11
16.51
 21
30.2591
  0
LINE
  8
0
 10
16.51
 20
30.2591
 11
16.506
 21
30.2791
  0
LINE
  8
0
 10
16.506
 20
30.2791
 11
16.5032
 21
30.2997
  0
LINE
  8
0
 10
16.5032
 20
30.2997
 11
16.5016
 21
30.3208
  0
LINE
  8
0
 10
16.5016
 20
30.3208
 11
16.501
 21
30.3425
  0
LINE
  8
0
 10
16.501
 20
30.3425
 11
16.5016
 21
30.3641
  0
LINE
  8
0
 10
16.5016
 20
30.3641
 11
16.5033
 21
30.3853
  0
LINE
  8
0
 10
16.5033
 20
30.3853
 11
16.5062
 21
30.4059
  0
LINE
  8
0
 10
16.5062
 20
30.4059
 11
16.5102
 21
30.4261
  0
LINE
  8
0
 10
16.5102
 20
30.4261
 11
16.5154
 21
30.4457
  0
LINE
  8
0
 10
16.5154
 20
30.4457
 11
16.5218
 21
30.4648
  0
LINE
  8
0
 10
16.5218
 20
30.4648
 11
16.5293
 21
30.4834
  0
LINE
  8
0
 10
16.5293
 20
30.4834
 11
16.538
 21
30.5016
  0
LINE
  8
0
 10
16.538
 20
30.5016
 11
16.5478
 21
30.5192
  0
LINE
  8
0
 10
16.5478
 20
30.5192
 11
16.5588
 21
30.5363
  0
LINE
  8
0
 10
16.5588
 20
30.5363
 11
16.5709
 21
30.5529
  0
LINE
  8
0
 10
16.5709
 20
30.5529
 11
16.5842
 21
30.569
  0
LINE
  8
0
 10
16.5842
 20
30.569
 11
16.5986
 21
30.5846
  0
LINE
  8
0
 10
16.5986
 20
30.5846
 11
16.6139
 21
30.5993
  0
LINE
  8
0
 10
16.6139
 20
30.5993
 11
16.6296
 21
30.6129
  0
LINE
  8
0
 10
16.6296
 20
30.6129
 11
16.6458
 21
30.6253
  0
LINE
  8
0
 10
16.6458
 20
30.6253
 11
16.6624
 21
30.6365
  0
LINE
  8
0
 10
16.6624
 20
30.6365
 11
16.6795
 21
30.6465
  0
LINE
  8
0
 10
16.6795
 20
30.6465
 11
16.697
 21
30.6553
  0
LINE
  8
0
 10
16.697
 20
30.6553
 11
16.715
 21
30.663
  0
LINE
  8
0
 10
16.715
 20
30.663
 11
16.7335
 21
30.6695
  0
LINE
  8
0
 10
16.7335
 20
30.6695
 11
16.7524
 21
30.6748
  0
LINE
  8
0
 10
16.7524
 20
30.6748
 11
16.7718
 21
30.679
  0
LINE
  8
0
 10
16.7718
 20
30.679
 11
16.7916
 21
30.6819
  0
LINE
  8
0
 10
16.7916
 20
30.6819
 11
16.8119
 21
30.6837
  0
LINE
  8
0
 10
16.8119
 20
30.6837
 11
16.8326
 21
30.6843
  0
LINE
  8
0
 10
16.8326
 20
30.6843
 11
16.8537
 21
30.6837
  0
LINE
  8
0
 10
16.8537
 20
30.6837
 11
16.8743
 21
30.6819
  0
LINE
  8
0
 10
16.8743
 20
30.6819
 11
16.8944
 21
30.6789
  0
LINE
  8
0
 10
16.8944
 20
30.6789
 11
16.9141
 21
30.6747
  0
LINE
  8
0
 10
16.9141
 20
30.6747
 11
16.9333
 21
30.6694
  0
LINE
  8
0
 10
16.9333
 20
30.6694
 11
16.9521
 21
30.6628
  0
LINE
  8
0
 10
16.9521
 20
30.6628
 11
16.9704
 21
30.6551
  0
LINE
  8
0
 10
16.9704
 20
30.6551
 11
16.9882
 21
30.6461
  0
LINE
  8
0
 10
16.9882
 20
30.6461
 11
17.0056
 21
30.636
  0
LINE
  8
0
 10
17.0056
 20
30.636
 11
17.0226
 21
30.6247
  0
LINE
  8
0
 10
17.0226
 20
30.6247
 11
17.039
 21
30.6122
  0
LINE
  8
0
 10
17.039
 20
30.6122
 11
17.0551
 21
30.5984
  0
LINE
  8
0
 10
17.0551
 20
30.5984
 11
17.0706
 21
30.5836
  0
LINE
  8
0
 10
17.0706
 20
30.5836
 11
17.0854
 21
30.5678
  0
LINE
  8
0
 10
17.0854
 20
30.5678
 11
17.099
 21
30.5516
  0
LINE
  8
0
 10
17.099
 20
30.5516
 11
17.1113
 21
30.535
  0
LINE
  8
0
 10
17.1113
 20
30.535
 11
17.1225
 21
30.5178
  0
LINE
  8
0
 10
17.1225
 20
30.5178
 11
17.1326
 21
30.5002
  0
LINE
  8
0
 10
17.1326
 20
30.5002
 11
17.1414
 21
30.4821
  0
LINE
  8
0
 10
17.1414
 20
30.4821
 11
17.1491
 21
30.4636
  0
LINE
  8
0
 10
17.1491
 20
30.4636
 11
17.1556
 21
30.4446
  0
LINE
  8
0
 10
17.1556
 20
30.4446
 11
17.1609
 21
30.4251
  0
LINE
  8
0
 10
17.1609
 20
30.4251
 11
17.165
 21
30.4051
  0
LINE
  8
0
 10
17.165
 20
30.4051
 11
17.168
 21
30.3847
  0
LINE
  8
0
 10
17.168
 20
30.3847
 11
17.1697
 21
30.3638
  0
LINE
  8
0
 10
17.1697
 20
30.3638
 11
17.1703
 21
30.3425
  0
LINE
  8
0
 10
17.1703
 20
30.3425
 11
17.1698
 21
30.3211
  0
LINE
  8
0
 10
17.1698
 20
30.3211
 11
17.168
 21
30.3003
  0
LINE
  8
0
 10
17.168
 20
30.3003
 11
17.1652
 21
30.2799
  0
LINE
  8
0
 10
17.1652
 20
30.2799
 11
17.1612
 21
30.26
  0
LINE
  8
0
 10
17.1612
 20
30.26
 11
17.156
 21
30.2407
  0
LINE
  8
0
 10
17.156
 20
30.2407
 11
17.1497
 21
30.2218
  0
LINE
  8
0
 10
17.1497
 20
30.2218
 11
17.1423
 21
30.2034
  0
LINE
  8
0
 10
17.1423
 20
30.2034
 11
17.1337
 21
30.1855
  0
LINE
  8
0
 10
17.1337
 20
30.1855
 11
17.124
 21
30.1681
  0
LINE
  8
0
 10
17.124
 20
30.1681
 11
17.1132
 21
30.1512
  0
LINE
  8
0
 10
17.1132
 20
30.1512
 11
17.1012
 21
30.1348
  0
LINE
  8
0
 10
17.1012
 20
30.1348
 11
17.088
 21
30.1189
  0
LINE
  8
0
 10
17.088
 20
30.1189
 11
17.0737
 21
30.1034
  0
LINE
  8
0
 10
17.0737
 20
30.1034
 11
17.0585
 21
30.0888
  0
LINE
  8
0
 10
17.0585
 20
30.0888
 11
17.0428
 21
30.0754
  0
LINE
  8
0
 10
17.0428
 20
30.0754
 11
17.0266
 21
30.0631
  0
LINE
  8
0
 10
17.0266
 20
30.0631
 11
17.0097
 21
30.052
  0
LINE
  8
0
 10
17.0097
 20
30.052
 11
16.9923
 21
30.0421
  0
LINE
  8
0
 10
16.9923
 20
30.0421
 11
16.9743
 21
30.0334
  0
LINE
  8
0
 10
16.9743
 20
30.0334
 11
16.9558
 21
30.0258
  0
LINE
  8
0
 10
16.9558
 20
30.0258
 11
16.9367
 21
30.0193
  0
LINE
  8
0
 10
16.9367
 20
30.0193
 11
16.917
 21
30.0141
  0
LINE
  8
0
 10
16.917
 20
30.0141
 11
16.8967
 21
30.01
  0
LINE
  8
0
 10
16.8967
 20
30.01
 11
16.8759
 21
30.0071
  0
LINE
  8
0
 10
16.8759
 20
30.0071
 11
16.8546
 21
30.0053
  0
LINE
  8
0
 10
16.8546
 20
30.0053
 11
16.8326
 21
30.0048
  0
LINE
  8
0
 10
16.8326
 20
30.0048
 11
16.811
 21
30.0053
  0
LINE
  8
0
 10
0.399994
 20
-28.7
 11
-0.399994
 21
-28.7
  0
LINE
  8
0
 10
-0.399994
 20
-28.7
 11
-0.399994
 21
-33.7
  0
LINE
  8
0
 10
-0.399994
 20
-33.7
 11
0.399994
 21
-33.7
  0
LINE
  8
0
 10
0.399994
 20
-33.7
 11
0.399994
 21
-28.7
  0
LINE
  8
0
 10
-4.03835
 20
-32.6391
 11
-3.96609
 21
-32.6324
  0
LINE
  8
0
 10
-3.96609
 20
-32.6324
 11
-3.89679
 21
-32.6214
  0
LINE
  8
0
 10
-3.89679
 20
-32.6214
 11
-3.83043
 21
-32.6059
  0
LINE
  8
0
 10
-3.83043
 20
-32.6059
 11
-3.76701
 21
-32.5859
  0
LINE
  8
0
 10
-3.76701
 20
-32.5859
 11
-3.70656
 21
-32.5616
  0
LINE
  8
0
 10
-3.70656
 20
-32.5616
 11
-3.64905
 21
-32.5328
  0
LINE
  8
0
 10
-3.64905
 20
-32.5328
 11
-3.59448
 21
-32.4995
  0
LINE
  8
0
 10
-3.59448
 20
-32.4995
 11
-3.54288
 21
-32.4619
  0
LINE
  8
0
 10
-3.54288
 20
-32.4619
 11
-3.49422
 21
-32.4198
  0
LINE
  8
0
 10
-3.49422
 20
-32.4198
 11
-3.4485
 21
-32.3733
  0
LINE
  8
0
 10
-3.4485
 20
-32.3733
 11
-3.40573
 21
-32.3224
  0
LINE
  8
0
 10
-3.40573
 20
-32.3224
 11
-3.36592
 21
-32.267
  0
LINE
  8
0
 10
-3.36592
 20
-32.267
 11
-3.32906
 21
-32.2073
  0
LINE
  8
0
 10
-3.32906
 20
-32.2073
 11
-3.29514
 21
-32.1435
  0
LINE
  8
0
 10
-3.29514
 20
-32.1435
 11
-3.26418
 21
-32.0755
  0
LINE
  8
0
 10
-3.26418
 20
-32.0755
 11
-3.23616
 21
-32.0033
  0
LINE
  8
0
 10
-3.23616
 20
-32.0033
 11
-3.21109
 21
-31.927
  0
LINE
  8
0
 10
-3.21109
 20
-31.927
 11
-3.18896
 21
-31.8465
  0
LINE
  8
0
 10
-3.18896
 20
-31.8465
 11
-3.1698
 21
-31.7618
  0
LINE
  8
0
 10
-3.1698
 20
-31.7618
 11
-3.15358
 21
-31.673
  0
LINE
  8
0
 10
-3.15358
 20
-31.673
 11
-3.1403
 21
-31.58
  0
LINE
  8
0
 10
-3.1403
 20
-31.58
 11
-3.12999
 21
-31.4828
  0
LINE
  8
0
 10
-3.12999
 20
-31.4828
 11
-3.1226
 21
-31.3815
  0
LINE
  8
0
 10
-3.1226
 20
-31.3815
 11
-3.11818
 21
-31.276
  0
LINE
  8
0
 10
-3.11818
 20
-31.276
 11
-3.11671
 21
-31.1664
  0
LINE
  8
0
 10
-3.11671
 20
-31.1664
 11
-3.1181
 21
-31.055
  0
LINE
  8
0
 10
-3.1181
 20
-31.055
 11
-3.1223
 21
-30.9479
  0
LINE
  8
0
 10
-3.1223
 20
-30.9479
 11
-3.12927
 21
-30.8453
  0
LINE
  8
0
 10
-3.12927
 20
-30.8453
 11
-3.13905
 21
-30.747
  0
LINE
  8
0
 10
-3.13905
 20
-30.747
 11
-3.15163
 21
-30.6531
  0
LINE
  8
0
 10
-3.15163
 20
-30.6531
 11
-3.16698
 21
-30.5636
  0
LINE
  8
0
 10
-3.16698
 20
-30.5636
 11
-3.18513
 21
-30.4785
  0
LINE
  8
0
 10
-3.18513
 20
-30.4785
 11
-3.20607
 21
-30.3977
  0
LINE
  8
0
 10
-3.20607
 20
-30.3977
 11
-3.22981
 21
-30.3213
  0
LINE
  8
0
 10
-3.22981
 20
-30.3213
 11
-3.25635
 21
-30.2494
  0
LINE
  8
0
 10
-3.25635
 20
-30.2494
 11
-3.28566
 21
-30.1817
  0
LINE
  8
0
 10
-3.28566
 20
-30.1817
 11
-3.31778
 21
-30.1185
  0
LINE
  8
0
 10
-3.31778
 20
-30.1185
 11
-3.35269
 21
-30.0597
  0
LINE
  8
0
 10
-3.35269
 20
-30.0597
 11
-3.39061
 21
-30.0052
  0
LINE
  8
0
 10
-3.39061
 20
-30.0052
 11
-3.43175
 21
-29.9551
  0
LINE
  8
0
 10
-3.43175
 20
-29.9551
 11
-3.47612
 21
-29.9093
  0
LINE
  8
0
 10
-3.47612
 20
-29.9093
 11
-3.52371
 21
-29.868
  0
LINE
  8
0
 10
-3.52371
 20
-29.868
 11
-3.57454
 21
-29.8309
  0
LINE
  8
0
 10
-3.57454
 20
-29.8309
 11
-3.62859
 21
-29.7982
  0
LINE
  8
0
 10
-3.62859
 20
-29.7982
 11
-3.68587
 21
-29.7699
  0
LINE
  8
0
 10
-3.68587
 20
-29.7699
 11
-3.74637
 21
-29.7459
  0
LINE
  8
0
 10
-3.74637
 20
-29.7459
 11
-3.81009
 21
-29.7263
  0
LINE
  8
0
 10
-3.81009
 20
-29.7263
 11
-3.87704
 21
-29.7111
  0
LINE
  8
0
 10
-3.87704
 20
-29.7111
 11
-3.94722
 21
-29.7002
  0
LINE
  8
0
 10
-3.94722
 20
-29.7002
 11
-4.02063
 21
-29.6936
  0
LINE
  8
0
 10
-4.02063
 20
-29.6936
 11
-4.09726
 21
-29.6915
  0
LINE
  8
0
 10
-4.09726
 20
-29.6915
 11
-4.15091
 21
-29.6924
  0
LINE
  8
0
 10
-4.15091
 20
-29.6924
 11
-4.20291
 21
-29.6951
  0
LINE
  8
0
 10
-4.20291
 20
-29.6951
 11
-4.25328
 21
-29.6997
  0
LINE
  8
0
 10
-4.25328
 20
-29.6997
 11
-4.302
 21
-29.7061
  0
LINE
  8
0
 10
-4.302
 20
-29.7061
 11
-4.34911
 21
-29.7143
  0
LINE
  8
0
 10
-4.34911
 20
-29.7143
 11
-4.39456
 21
-29.7244
  0
LINE
  8
0
 10
-4.39456
 20
-29.7244
 11
-4.43837
 21
-29.7363
  0
LINE
  8
0
 10
-4.43837
 20
-29.7363
 11
-4.48056
 21
-29.75
  0
LINE
  8
0
 10
-4.48056
 20
-29.75
 11
-4.5211
 21
-29.7656
  0
LINE
  8
0
 10
-4.5211
 20
-29.7656
 11
-4.56001
 21
-29.783
  0
LINE
  8
0
 10
-4.56001
 20
-29.783
 11
-4.59727
 21
-29.8022
  0
LINE
  8
0
 10
-4.59727
 20
-29.8022
 11
-4.6329
 21
-29.8232
  0
LINE
  8
0
 10
-4.6329
 20
-29.8232
 11
-4.6669
 21
-29.8461
  0
LINE
  8
0
 10
-4.6669
 20
-29.8461
 11
-4.69943
 21
-29.8709
  0
LINE
  8
0
 10
-4.69943
 20
-29.8709
 11
-4.7307
 21
-29.8977
  0
LINE
  8
0
 10
-4.7307
 20
-29.8977
 11
-4.76068
 21
-29.9266
  0
LINE
  8
0
 10
-4.76068
 20
-29.9266
 11
-4.7894
 21
-29.9574
  0
LINE
  8
0
 10
-4.7894
 20
-29.9574
 11
-4.81683
 21
-29.9903
  0
LINE
  8
0
 10
-4.81683
 20
-29.9903
 11
-4.84299
 21
-30.0252
  0
LINE
  8
0
 10
-4.84299
 20
-30.0252
 11
-4.86787
 21
-30.0621
  0
LINE
  8
0
 10
-4.86787
 20
-30.0621
 11
-4.89148
 21
-30.1011
  0
LINE
  8
0
 10
-4.89148
 20
-30.1011
 11
-4.9138
 21
-30.1421
  0
LINE
  8
0
 10
-4.9138
 20
-30.1421
 11
-4.93486
 21
-30.1851
  0
LINE
  8
0
 10
-4.93486
 20
-30.1851
 11
-4.95464
 21
-30.2301
  0
LINE
  8
0
 10
-4.95464
 20
-30.2301
 11
-4.97313
 21
-30.2771
  0
LINE
  8
0
 10
-4.97313
 20
-30.2771
 11
-4.99036
 21
-30.3262
  0
LINE
  8
0
 10
-4.99036
 20
-30.3262
 11
-5.00632
 21
-30.3774
  0
LINE
  8
0
 10
-5.00632
 20
-30.3774
 11
-5.02098
 21
-30.4308
  0
LINE
  8
0
 10
-5.02098
 20
-30.4308
 11
-5.03438
 21
-30.4865
  0
LINE
  8
0
 10
-5.03438
 20
-30.4865
 11
-5.04651
 21
-30.5444
  0
LINE
  8
0
 10
-5.04651
 20
-30.5444
 11
-5.05734
 21
-30.6046
  0
LINE
  8
0
 10
-5.05734
 20
-30.6046
 11
-5.06693
 21
-30.667
  0
LINE
  8
0
 10
-5.06693
 20
-30.667
 11
-5.07521
 21
-30.7316
  0
LINE
  8
0
 10
-5.07521
 20
-30.7316
 11
-5.08223
 21
-30.7985
  0
LINE
  8
0
 10
-5.08223
 20
-30.7985
 11
-5.08797
 21
-30.8676
  0
LINE
  8
0
 10
-5.08797
 20
-30.8676
 11
-5.09244
 21
-30.9389
  0
LINE
  8
0
 10
-5.09244
 20
-30.9389
 11
-5.09563
 21
-31.0125
  0
LINE
  8
0
 10
-5.09563
 20
-31.0125
 11
-5.09755
 21
-31.0883
  0
LINE
  8
0
 10
-5.09755
 20
-31.0883
 11
-5.09818
 21
-31.1664
  0
LINE
  8
0
 10
-5.09818
 20
-31.1664
 11
-5.09236
 21
-31.3846
  0
LINE
  8
0
 10
-5.09236
 20
-31.3846
 11
-5.07487
 21
-31.5853
  0
LINE
  8
0
 10
-5.07487
 20
-31.5853
 11
-5.04575
 21
-31.7686
  0
LINE
  8
0
 10
-5.04575
 20
-31.7686
 11
-5.00496
 21
-31.9344
  0
LINE
  8
0
 10
-5.00496
 20
-31.9344
 11
-4.95253
 21
-32.0827
  0
LINE
  8
0
 10
-4.95253
 20
-32.0827
 11
-4.88844
 21
-32.2137
  0
LINE
  8
0
 10
-4.88844
 20
-32.2137
 11
-4.8127
 21
-32.3271
  0
LINE
  8
0
 10
-4.8127
 20
-32.3271
 11
-4.7253
 21
-32.4231
  0
LINE
  8
0
 10
-4.7253
 20
-32.4231
 11
-4.62625
 21
-32.5017
  0
LINE
  8
0
 10
-4.62625
 20
-32.5017
 11
-4.51556
 21
-32.5627
  0
LINE
  8
0
 10
-4.51556
 20
-32.5627
 11
-4.3932
 21
-32.6064
  0
LINE
  8
0
 10
-4.3932
 20
-32.6064
 11
-4.2592
 21
-32.6326
  0
LINE
  8
0
 10
-4.2592
 20
-32.6326
 11
-4.11356
 21
-32.6413
  0
LINE
  8
0
 10
-4.11356
 20
-32.6413
 11
-4.03835
 21
-32.6391
  0
LINE
  8
0
 10
-4.13435
 20
-32.1911
 11
-4.15833
 21
-32.1895
  0
LINE
  8
0
 10
-4.15833
 20
-32.1895
 11
-4.18135
 21
-32.1866
  0
LINE
  8
0
 10
-4.18135
 20
-32.1866
 11
-4.20346
 21
-32.1827
  0
LINE
  8
0
 10
-4.20346
 20
-32.1827
 11
-4.22464
 21
-32.1776
  0
LINE
  8
0
 10
-4.22464
 20
-32.1776
 11
-4.2449
 21
-32.1713
  0
LINE
  8
0
 10
-4.2449
 20
-32.1713
 11
-4.26422
 21
-32.164
  0
LINE
  8
0
 10
-4.26422
 20
-32.164
 11
-4.28262
 21
-32.1555
  0
LINE
  8
0
 10
-4.28262
 20
-32.1555
 11
-4.30009
 21
-32.1459
  0
LINE
  8
0
 10
-4.30009
 20
-32.1459
 11
-4.31665
 21
-32.1351
  0
LINE
  8
0
 10
-4.31665
 20
-32.1351
 11
-4.33226
 21
-32.1233
  0
LINE
  8
0
 10
-4.33226
 20
-32.1233
 11
-4.34695
 21
-32.1102
  0
LINE
  8
0
 10
-4.34695
 20
-32.1102
 11
-4.36072
 21
-32.0961
  0
LINE
  8
0
 10
-4.36072
 20
-32.0961
 11
-4.37375
 21
-32.0807
  0
LINE
  8
0
 10
-4.37375
 20
-32.0807
 11
-4.38622
 21
-32.0637
  0
LINE
  8
0
 10
-4.38622
 20
-32.0637
 11
-4.39813
 21
-32.0453
  0
LINE
  8
0
 10
-4.39813
 20
-32.0453
 11
-4.4095
 21
-32.0254
  0
LINE
  8
0
 10
-4.4095
 20
-32.0254
 11
-4.4203
 21
-32.004
  0
LINE
  8
0
 10
-4.4203
 20
-32.004
 11
-4.43057
 21
-31.9812
  0
LINE
  8
0
 10
-4.43057
 20
-31.9812
 11
-4.44028
 21
-31.9568
  0
LINE
  8
0
 10
-4.44028
 20
-31.9568
 11
-4.44942
 21
-31.931
  0
LINE
  8
0
 10
-4.44942
 20
-31.931
 11
-4.45802
 21
-31.9037
  0
LINE
  8
0
 10
-4.45802
 20
-31.9037
 11
-4.46606
 21
-31.875
  0
LINE
  8
0
 10
-4.46606
 20
-31.875
 11
-4.47356
 21
-31.8447
  0
LINE
  8
0
 10
-4.47356
 20
-31.8447
 11
-4.48048
 21
-31.813
  0
LINE
  8
0
 10
-4.48048
 20
-31.813
 11
-4.48688
 21
-31.7798
  0
LINE
  8
0
 10
-4.48688
 20
-31.7798
 11
-4.49274
 21
-31.7448
  0
LINE
  8
0
 10
-4.49274
 20
-31.7448
 11
-4.49814
 21
-31.7078
  0
LINE
  8
0
 10
-4.49814
 20
-31.7078
 11
-4.50307
 21
-31.6687
  0
LINE
  8
0
 10
-4.50307
 20
-31.6687
 11
-4.50752
 21
-31.6276
  0
LINE
  8
0
 10
-4.50752
 20
-31.6276
 11
-4.51151
 21
-31.5845
  0
LINE
  8
0
 10
-4.51151
 20
-31.5845
 11
-4.51503
 21
-31.5394
  0
LINE
  8
0
 10
-4.51503
 20
-31.5394
 11
-4.51808
 21
-31.4922
  0
LINE
  8
0
 10
-4.51808
 20
-31.4922
 11
-4.52066
 21
-31.443
  0
LINE
  8
0
 10
-4.52066
 20
-31.443
 11
-4.52278
 21
-31.3917
  0
LINE
  8
0
 10
-4.52278
 20
-31.3917
 11
-4.52441
 21
-31.3384
  0
LINE
  8
0
 10
-4.52441
 20
-31.3384
 11
-4.52559
 21
-31.2831
  0
LINE
  8
0
 10
-4.52559
 20
-31.2831
 11
-4.52629
 21
-31.2258
  0
LINE
  8
0
 10
-4.52629
 20
-31.2258
 11
-4.52654
 21
-31.1664
  0
LINE
  8
0
 10
-4.52654
 20
-31.1664
 11
-4.52631
 21
-31.1064
  0
LINE
  8
0
 10
-4.52631
 20
-31.1064
 11
-4.52563
 21
-31.0485
  0
LINE
  8
0
 10
-4.52563
 20
-31.0485
 11
-4.52452
 21
-30.9928
  0
LINE
  8
0
 10
-4.52452
 20
-30.9928
 11
-4.52296
 21
-30.9391
  0
LINE
  8
0
 10
-4.52296
 20
-30.9391
 11
-4.52097
 21
-30.8876
  0
LINE
  8
0
 10
-4.52097
 20
-30.8876
 11
-4.51852
 21
-30.8381
  0
LINE
  8
0
 10
-4.51852
 20
-30.8381
 11
-4.51562
 21
-30.7908
  0
LINE
  8
0
 10
-4.51562
 20
-30.7908
 11
-4.51228
 21
-30.7456
  0
LINE
  8
0
 10
-4.51228
 20
-30.7456
 11
-4.5085
 21
-30.7024
  0
LINE
  8
0
 10
-4.5085
 20
-30.7024
 11
-4.50427
 21
-30.6614
  0
LINE
  8
0
 10
-4.50427
 20
-30.6614
 11
-4.4996
 21
-30.6225
  0
LINE
  8
0
 10
-4.4996
 20
-30.6225
 11
-4.49448
 21
-30.5857
  0
LINE
  8
0
 10
-4.49448
 20
-30.5857
 11
-4.48891
 21
-30.551
  0
LINE
  8
0
 10
-4.48891
 20
-30.551
 11
-4.48282
 21
-30.5181
  0
LINE
  8
0
 10
-4.48282
 20
-30.5181
 11
-4.47612
 21
-30.4866
  0
LINE
  8
0
 10
-4.47612
 20
-30.4866
 11
-4.46883
 21
-30.4566
  0
LINE
  8
0
 10
-4.46883
 20
-30.4566
 11
-4.46092
 21
-30.428
  0
LINE
  8
0
 10
-4.46092
 20
-30.428
 11
-4.45242
 21
-30.4008
  0
LINE
  8
0
 10
-4.45242
 20
-30.4008
 11
-4.44333
 21
-30.3751
  0
LINE
  8
0
 10
-4.44333
 20
-30.3751
 11
-4.43362
 21
-30.3509
  0
LINE
  8
0
 10
-4.43362
 20
-30.3509
 11
-4.42331
 21
-30.3281
  0
LINE
  8
0
 10
-4.42331
 20
-30.3281
 11
-4.41241
 21
-30.3067
  0
LINE
  8
0
 10
-4.41241
 20
-30.3067
 11
-4.40089
 21
-30.2868
  0
LINE
  8
0
 10
-4.40089
 20
-30.2868
 11
-4.38879
 21
-30.2683
  0
LINE
  8
0
 10
-4.38879
 20
-30.2683
 11
-4.37607
 21
-30.2513
  0
LINE
  8
0
 10
-4.37607
 20
-30.2513
 11
-4.36276
 21
-30.2357
  0
LINE
  8
0
 10
-4.36276
 20
-30.2357
 11
-4.34865
 21
-30.2214
  0
LINE
  8
0
 10
-4.34865
 20
-30.2214
 11
-4.33353
 21
-30.2082
  0
LINE
  8
0
 10
-4.33353
 20
-30.2082
 11
-4.31741
 21
-30.1962
  0
LINE
  8
0
 10
-4.31741
 20
-30.1962
 11
-4.30031
 21
-30.1853
  0
LINE
  8
0
 10
-4.30031
 20
-30.1853
 11
-4.2822
 21
-30.1756
  0
LINE
  8
0
 10
-4.2822
 20
-30.1756
 11
-4.26309
 21
-30.1671
  0
LINE
  8
0
 10
-4.26309
 20
-30.1671
 11
-4.24298
 21
-30.1596
  0
LINE
  8
0
 10
-4.24298
 20
-30.1596
 11
-4.22186
 21
-30.1533
  0
LINE
  8
0
 10
-4.22186
 20
-30.1533
 11
-4.19977
 21
-30.1482
  0
LINE
  8
0
 10
-4.19977
 20
-30.1482
 11
-4.17665
 21
-30.1442
  0
LINE
  8
0
 10
-4.17665
 20
-30.1442
 11
-4.15254
 21
-30.1413
  0
LINE
  8
0
 10
-4.15254
 20
-30.1413
 11
-4.12744
 21
-30.1396
  0
LINE
  8
0
 10
-4.12744
 20
-30.1396
 11
-4.10133
 21
-30.139
  0
LINE
  8
0
 10
-4.10133
 20
-30.139
 11
-4.07677
 21
-30.1396
  0
LINE
  8
0
 10
-4.07677
 20
-30.1396
 11
-4.0531
 21
-30.1413
  0
LINE
  8
0
 10
-4.0531
 20
-30.1413
 11
-4.03035
 21
-30.1441
  0
LINE
  8
0
 10
-4.03035
 20
-30.1441
 11
-4.0085
 21
-30.1481
  0
LINE
  8
0
 10
-4.0085
 20
-30.1481
 11
-3.98758
 21
-30.1532
  0
LINE
  8
0
 10
-3.98758
 20
-30.1532
 11
-3.96758
 21
-30.1594
  0
LINE
  8
0
 10
-3.96758
 20
-30.1594
 11
-3.94849
 21
-30.1668
  0
LINE
  8
0
 10
-3.94849
 20
-30.1668
 11
-3.93031
 21
-30.1752
  0
LINE
  8
0
 10
-3.93031
 20
-30.1752
 11
-3.91306
 21
-30.1849
  0
LINE
  8
0
 10
-3.91306
 20
-30.1849
 11
-3.8967
 21
-30.1956
  0
LINE
  8
0
 10
-3.8967
 20
-30.1956
 11
-3.88127
 21
-30.2075
  0
LINE
  8
0
 10
-3.88127
 20
-30.2075
 11
-3.86676
 21
-30.2205
  0
LINE
  8
0
 10
-3.86676
 20
-30.2205
 11
-3.85315
 21
-30.2346
  0
LINE
  8
0
 10
-3.85315
 20
-30.2346
 11
-3.84029
 21
-30.2501
  0
LINE
  8
0
 10
-3.84029
 20
-30.2501
 11
-3.82797
 21
-30.267
  0
LINE
  8
0
 10
-3.82797
 20
-30.267
 11
-3.81621
 21
-30.2854
  0
LINE
  8
0
 10
-3.81621
 20
-30.2854
 11
-3.80501
 21
-30.3052
  0
LINE
  8
0
 10
-3.80501
 20
-30.3052
 11
-3.79436
 21
-30.3266
  0
LINE
  8
0
 10
-3.79436
 20
-30.3266
 11
-3.78426
 21
-30.3493
  0
LINE
  8
0
 10
-3.78426
 20
-30.3493
 11
-3.7747
 21
-30.3736
  0
LINE
  8
0
 10
-3.7747
 20
-30.3736
 11
-3.76572
 21
-30.3993
  0
LINE
  8
0
 10
-3.76572
 20
-30.3993
 11
-3.75728
 21
-30.4265
  0
LINE
  8
0
 10
-3.75728
 20
-30.4265
 11
-3.74939
 21
-30.4552
  0
LINE
  8
0
 10
-3.74939
 20
-30.4552
 11
-3.74207
 21
-30.4853
  0
LINE
  8
0
 10
-3.74207
 20
-30.4853
 11
-3.73529
 21
-30.5169
  0
LINE
  8
0
 10
-3.73529
 20
-30.5169
 11
-3.72906
 21
-30.55
  0
LINE
  8
0
 10
-3.72906
 20
-30.55
 11
-3.72334
 21
-30.5848
  0
LINE
  8
0
 10
-3.72334
 20
-30.5848
 11
-3.71809
 21
-30.6218
  0
LINE
  8
0
 10
-3.71809
 20
-30.6218
 11
-3.71329
 21
-30.6608
  0
LINE
  8
0
 10
-3.71329
 20
-30.6608
 11
-3.70894
 21
-30.702
  0
LINE
  8
0
 10
-3.70894
 20
-30.702
 11
-3.70505
 21
-30.7452
  0
LINE
  8
0
 10
-3.70505
 20
-30.7452
 11
-3.70161
 21
-30.7905
  0
LINE
  8
0
 10
-3.70161
 20
-30.7905
 11
-3.69864
 21
-30.8379
  0
LINE
  8
0
 10
-3.69864
 20
-30.8379
 11
-3.69612
 21
-30.8874
  0
LINE
  8
0
 10
-3.69612
 20
-30.8874
 11
-3.69406
 21
-30.939
  0
LINE
  8
0
 10
-3.69406
 20
-30.939
 11
-3.69246
 21
-30.9927
  0
LINE
  8
0
 10
-3.69246
 20
-30.9927
 11
-3.69131
 21
-31.0485
  0
LINE
  8
0
 10
-3.69131
 20
-31.0485
 11
-3.69063
 21
-31.1064
  0
LINE
  8
0
 10
-3.69063
 20
-31.1064
 11
-3.6904
 21
-31.1664
  0
LINE
  8
0
 10
-3.6904
 20
-31.1664
 11
-3.69064
 21
-31.224
  0
LINE
  8
0
 10
-3.69064
 20
-31.224
 11
-3.69135
 21
-31.2797
  0
LINE
  8
0
 10
-3.69135
 20
-31.2797
 11
-3.69252
 21
-31.3335
  0
LINE
  8
0
 10
-3.69252
 20
-31.3335
 11
-3.69415
 21
-31.3855
  0
LINE
  8
0
 10
-3.69415
 20
-31.3855
 11
-3.69627
 21
-31.4355
  0
LINE
  8
0
 10
-3.69627
 20
-31.4355
 11
-3.69885
 21
-31.4837
  0
LINE
  8
0
 10
-3.69885
 20
-31.4837
 11
-3.7019
 21
-31.5301
  0
LINE
  8
0
 10
-3.7019
 20
-31.5301
 11
-3.70543
 21
-31.5745
  0
LINE
  8
0
 10
-3.70543
 20
-31.5745
 11
-3.70943
 21
-31.6171
  0
LINE
  8
0
 10
-3.70943
 20
-31.6171
 11
-3.71388
 21
-31.6578
  0
LINE
  8
0
 10
-3.71388
 20
-31.6578
 11
-3.71881
 21
-31.6966
  0
LINE
  8
0
 10
-3.71881
 20
-31.6966
 11
-3.72421
 21
-31.7335
  0
LINE
  8
0
 10
-3.72421
 20
-31.7335
 11
-3.73009
 21
-31.7686
  0
LINE
  8
0
 10
-3.73009
 20
-31.7686
 11
-3.73648
 21
-31.802
  0
LINE
  8
0
 10
-3.73648
 20
-31.802
 11
-3.74345
 21
-31.8339
  0
LINE
  8
0
 10
-3.74345
 20
-31.8339
 11
-3.75099
 21
-31.8645
  0
LINE
  8
0
 10
-3.75099
 20
-31.8645
 11
-3.75912
 21
-31.8936
  0
LINE
  8
0
 10
-3.75912
 20
-31.8936
 11
-3.76782
 21
-31.9212
  0
LINE
  8
0
 10
-3.76782
 20
-31.9212
 11
-3.7771
 21
-31.9475
  0
LINE
  8
0
 10
-3.7771
 20
-31.9475
 11
-3.78696
 21
-31.9723
  0
LINE
  8
0
 10
-3.78696
 20
-31.9723
 11
-3.79739
 21
-31.9956
  0
LINE
  8
0
 10
-3.79739
 20
-31.9956
 11
-3.80841
 21
-32.0176
  0
LINE
  8
0
 10
-3.80841
 20
-32.0176
 11
-3.82001
 21
-32.0381
  0
LINE
  8
0
 10
-3.82001
 20
-32.0381
 11
-3.83217
 21
-32.0572
  0
LINE
  8
0
 10
-3.83217
 20
-32.0572
 11
-3.84492
 21
-32.0748
  0
LINE
  8
0
 10
-3.84492
 20
-32.0748
 11
-3.85825
 21
-32.091
  0
LINE
  8
0
 10
-3.85825
 20
-32.091
 11
-3.8723
 21
-32.1059
  0
LINE
  8
0
 10
-3.8723
 20
-32.1059
 11
-3.88724
 21
-32.1196
  0
LINE
  8
0
 10
-3.88724
 20
-32.1196
 11
-3.90305
 21
-32.1321
  0
LINE
  8
0
 10
-3.90305
 20
-32.1321
 11
-3.91972
 21
-32.1434
  0
LINE
  8
0
 10
-3.91972
 20
-32.1434
 11
-3.93729
 21
-32.1536
  0
LINE
  8
0
 10
-3.93729
 20
-32.1536
 11
-3.95573
 21
-32.1625
  0
LINE
  8
0
 10
-3.95573
 20
-32.1625
 11
-3.97507
 21
-32.1703
  0
LINE
  8
0
 10
-3.97507
 20
-32.1703
 11
-3.99527
 21
-32.1768
  0
LINE
  8
0
 10
-3.99527
 20
-32.1768
 11
-4.01634
 21
-32.1822
  0
LINE
  8
0
 10
-4.01634
 20
-32.1822
 11
-4.03831
 21
-32.1864
  0
LINE
  8
0
 10
-4.03831
 20
-32.1864
 11
-4.06116
 21
-32.1893
  0
LINE
  8
0
 10
-4.06116
 20
-32.1893
 11
-4.08487
 21
-32.1911
  0
LINE
  8
0
 10
-4.08487
 20
-32.1911
 11
-4.10947
 21
-32.1917
  0
LINE
  8
0
 10
-4.10947
 20
-32.1917
 11
-4.13435
 21
-32.1911
  0
LINE
  8
0
 10
-18.7051
 20
-32.6391
 11
-18.6328
 21
-32.6324
  0
LINE
  8
0
 10
-18.6328
 20
-32.6324
 11
-18.5635
 21
-32.6214
  0
LINE
  8
0
 10
-18.5635
 20
-32.6214
 11
-18.4971
 21
-32.6059
  0
LINE
  8
0
 10
-18.4971
 20
-32.6059
 11
-18.4337
 21
-32.5859
  0
LINE
  8
0
 10
-18.4337
 20
-32.5859
 11
-18.3733
 21
-32.5616
  0
LINE
  8
0
 10
-18.3733
 20
-32.5616
 11
-18.3158
 21
-32.5328
  0
LINE
  8
0
 10
-18.3158
 20
-32.5328
 11
-18.2612
 21
-32.4995
  0
LINE
  8
0
 10
-18.2612
 20
-32.4995
 11
-18.2096
 21
-32.4619
  0
LINE
  8
0
 10
-18.2096
 20
-32.4619
 11
-18.1609
 21
-32.4198
  0
LINE
  8
0
 10
-18.1609
 20
-32.4198
 11
-18.1152
 21
-32.3733
  0
LINE
  8
0
 10
-18.1152
 20
-32.3733
 11
-18.0724
 21
-32.3224
  0
LINE
  8
0
 10
-18.0724
 20
-32.3224
 11
-18.0326
 21
-32.267
  0
LINE
  8
0
 10
-18.0326
 20
-32.267
 11
-17.9958
 21
-32.2073
  0
LINE
  8
0
 10
-17.9958
 20
-32.2073
 11
-17.9619
 21
-32.1435
  0
LINE
  8
0
 10
-17.9619
 20
-32.1435
 11
-17.9309
 21
-32.0755
  0
LINE
  8
0
 10
-17.9309
 20
-32.0755
 11
-17.9029
 21
-32.0033
  0
LINE
  8
0
 10
-17.9029
 20
-32.0033
 11
-17.8778
 21
-31.927
  0
LINE
  8
0
 10
-17.8778
 20
-31.927
 11
-17.8557
 21
-31.8465
  0
LINE
  8
0
 10
-17.8557
 20
-31.8465
 11
-17.8365
 21
-31.7618
  0
LINE
  8
0
 10
-17.8365
 20
-31.7618
 11
-17.8203
 21
-31.673
  0
LINE
  8
0
 10
-17.8203
 20
-31.673
 11
-17.807
 21
-31.58
  0
LINE
  8
0
 10
-17.807
 20
-31.58
 11
-17.7967
 21
-31.4828
  0
LINE
  8
0
 10
-17.7967
 20
-31.4828
 11
-17.7893
 21
-31.3815
  0
LINE
  8
0
 10
-17.7893
 20
-31.3815
 11
-17.7849
 21
-31.276
  0
LINE
  8
0
 10
-17.7849
 20
-31.276
 11
-17.7834
 21
-31.1664
  0
LINE
  8
0
 10
-17.7834
 20
-31.1664
 11
-17.7848
 21
-31.055
  0
LINE
  8
0
 10
-17.7848
 20
-31.055
 11
-17.789
 21
-30.9479
  0
LINE
  8
0
 10
-17.789
 20
-30.9479
 11
-17.796
 21
-30.8453
  0
LINE
  8
0
 10
-17.796
 20
-30.8453
 11
-17.8058
 21
-30.747
  0
LINE
  8
0
 10
-17.8058
 20
-30.747
 11
-17.8183
 21
-30.6531
  0
LINE
  8
0
 10
-17.8183
 20
-30.6531
 11
-17.8337
 21
-30.5636
  0
LINE
  8
0
 10
-17.8337
 20
-30.5636
 11
-17.8519
 21
-30.4785
  0
LINE
  8
0
 10
-17.8519
 20
-30.4785
 11
-17.8728
 21
-30.3977
  0
LINE
  8
0
 10
-17.8728
 20
-30.3977
 11
-17.8965
 21
-30.3213
  0
LINE
  8
0
 10
-17.8965
 20
-30.3213
 11
-17.9231
 21
-30.2494
  0
LINE
  8
0
 10
-17.9231
 20
-30.2494
 11
-17.9524
 21
-30.1817
  0
LINE
  8
0
 10
-17.9524
 20
-30.1817
 11
-17.9845
 21
-30.1185
  0
LINE
  8
0
 10
-17.9845
 20
-30.1185
 11
-18.0194
 21
-30.0597
  0
LINE
  8
0
 10
-18.0194
 20
-30.0597
 11
-18.0573
 21
-30.0052
  0
LINE
  8
0
 10
-18.0573
 20
-30.0052
 11
-18.0985
 21
-29.9551
  0
LINE
  8
0
 10
-18.0985
 20
-29.9551
 11
-18.1428
 21
-29.9093
  0
LINE
  8
0
 10
-18.1428
 20
-29.9093
 11
-18.1904
 21
-29.868
  0
LINE
  8
0
 10
-18.1904
 20
-29.868
 11
-18.2413
 21
-29.8309
  0
LINE
  8
0
 10
-18.2413
 20
-29.8309
 11
-18.2953
 21
-29.7982
  0
LINE
  8
0
 10
-18.2953
 20
-29.7982
 11
-18.3526
 21
-29.7699
  0
LINE
  8
0
 10
-18.3526
 20
-29.7699
 11
-18.4131
 21
-29.7459
  0
LINE
  8
0
 10
-18.4131
 20
-29.7459
 11
-18.4768
 21
-29.7263
  0
LINE
  8
0
 10
-18.4768
 20
-29.7263
 11
-18.5438
 21
-29.7111
  0
LINE
  8
0
 10
-18.5438
 20
-29.7111
 11
-18.6139
 21
-29.7002
  0
LINE
  8
0
 10
-18.6139
 20
-29.7002
 11
-18.6873
 21
-29.6936
  0
LINE
  8
0
 10
-18.6873
 20
-29.6936
 11
-18.764
 21
-29.6915
  0
LINE
  8
0
 10
-18.764
 20
-29.6915
 11
-18.8176
 21
-29.6924
  0
LINE
  8
0
 10
-18.8176
 20
-29.6924
 11
-18.8696
 21
-29.6951
  0
LINE
  8
0
 10
-18.8696
 20
-29.6951
 11
-18.92
 21
-29.6997
  0
LINE
  8
0
 10
-18.92
 20
-29.6997
 11
-18.9687
 21
-29.7061
  0
LINE
  8
0
 10
-18.9687
 20
-29.7061
 11
-19.0158
 21
-29.7143
  0
LINE
  8
0
 10
-19.0158
 20
-29.7143
 11
-19.0613
 21
-29.7244
  0
LINE
  8
0
 10
-19.0613
 20
-29.7244
 11
-19.1051
 21
-29.7363
  0
LINE
  8
0
 10
-19.1051
 20
-29.7363
 11
-19.1473
 21
-29.75
  0
LINE
  8
0
 10
-19.1473
 20
-29.75
 11
-19.1878
 21
-29.7656
  0
LINE
  8
0
 10
-19.1878
 20
-29.7656
 11
-19.2267
 21
-29.783
  0
LINE
  8
0
 10
-19.2267
 20
-29.783
 11
-19.264
 21
-29.8022
  0
LINE
  8
0
 10
-19.264
 20
-29.8022
 11
-19.2996
 21
-29.8232
  0
LINE
  8
0
 10
-19.2996
 20
-29.8232
 11
-19.3336
 21
-29.8461
  0
LINE
  8
0
 10
-19.3336
 20
-29.8461
 11
-19.3661
 21
-29.8709
  0
LINE
  8
0
 10
-19.3661
 20
-29.8709
 11
-19.3974
 21
-29.8977
  0
LINE
  8
0
 10
-19.3974
 20
-29.8977
 11
-19.4274
 21
-29.9266
  0
LINE
  8
0
 10
-19.4274
 20
-29.9266
 11
-19.4561
 21
-29.9574
  0
LINE
  8
0
 10
-19.4561
 20
-29.9574
 11
-19.4836
 21
-29.9903
  0
LINE
  8
0
 10
-19.4836
 20
-29.9903
 11
-19.5097
 21
-30.0252
  0
LINE
  8
0
 10
-19.5097
 20
-30.0252
 11
-19.5346
 21
-30.0621
  0
LINE
  8
0
 10
-19.5346
 20
-30.0621
 11
-19.5582
 21
-30.1011
  0
LINE
  8
0
 10
-19.5582
 20
-30.1011
 11
-19.5805
 21
-30.1421
  0
LINE
  8
0
 10
-19.5805
 20
-30.1421
 11
-19.6016
 21
-30.1851
  0
LINE
  8
0
 10
-19.6016
 20
-30.1851
 11
-19.6214
 21
-30.2301
  0
LINE
  8
0
 10
-19.6214
 20
-30.2301
 11
-19.6398
 21
-30.2771
  0
LINE
  8
0
 10
-19.6398
 20
-30.2771
 11
-19.6571
 21
-30.3262
  0
LINE
  8
0
 10
-19.6571
 20
-30.3262
 11
-19.673
 21
-30.3774
  0
LINE
  8
0
 10
-19.673
 20
-30.3774
 11
-19.6877
 21
-30.4308
  0
LINE
  8
0
 10
-19.6877
 20
-30.4308
 11
-19.7011
 21
-30.4865
  0
LINE
  8
0
 10
-19.7011
 20
-30.4865
 11
-19.7132
 21
-30.5444
  0
LINE
  8
0
 10
-19.7132
 20
-30.5444
 11
-19.7241
 21
-30.6046
  0
LINE
  8
0
 10
-19.7241
 20
-30.6046
 11
-19.7336
 21
-30.667
  0
LINE
  8
0
 10
-19.7336
 20
-30.667
 11
-19.7419
 21
-30.7316
  0
LINE
  8
0
 10
-19.7419
 20
-30.7316
 11
-19.7489
 21
-30.7985
  0
LINE
  8
0
 10
-19.7489
 20
-30.7985
 11
-19.7547
 21
-30.8676
  0
LINE
  8
0
 10
-19.7547
 20
-30.8676
 11
-19.7592
 21
-30.9389
  0
LINE
  8
0
 10
-19.7592
 20
-30.9389
 11
-19.7623
 21
-31.0125
  0
LINE
  8
0
 10
-19.7623
 20
-31.0125
 11
-19.7643
 21
-31.0883
  0
LINE
  8
0
 10
-19.7643
 20
-31.0883
 11
-19.7649
 21
-31.1664
  0
LINE
  8
0
 10
-19.7649
 20
-31.1664
 11
-19.7591
 21
-31.3846
  0
LINE
  8
0
 10
-19.7591
 20
-31.3846
 11
-19.7416
 21
-31.5853
  0
LINE
  8
0
 10
-19.7416
 20
-31.5853
 11
-19.7125
 21
-31.7686
  0
LINE
  8
0
 10
-19.7125
 20
-31.7686
 11
-19.6717
 21
-31.9344
  0
LINE
  8
0
 10
-19.6717
 20
-31.9344
 11
-19.6192
 21
-32.0827
  0
LINE
  8
0
 10
-19.6192
 20
-32.0827
 11
-19.5552
 21
-32.2137
  0
LINE
  8
0
 10
-19.5552
 20
-32.2137
 11
-19.4794
 21
-32.3271
  0
LINE
  8
0
 10
-19.4794
 20
-32.3271
 11
-19.392
 21
-32.4231
  0
LINE
  8
0
 10
-19.392
 20
-32.4231
 11
-19.293
 21
-32.5017
  0
LINE
  8
0
 10
-19.293
 20
-32.5017
 11
-19.1823
 21
-32.5627
  0
LINE
  8
0
 10
-19.1823
 20
-32.5627
 11
-19.0599
 21
-32.6064
  0
LINE
  8
0
 10
-19.0599
 20
-32.6064
 11
-18.9259
 21
-32.6326
  0
LINE
  8
0
 10
-18.9259
 20
-32.6326
 11
-18.7803
 21
-32.6413
  0
LINE
  8
0
 10
-18.7803
 20
-32.6413
 11
-18.7051
 21
-32.6391
  0
LINE
  8
0
 10
-18.8011
 20
-32.1911
 11
-18.825
 21
-32.1895
  0
LINE
  8
0
 10
-18.825
 20
-32.1895
 11
-18.8481
 21
-32.1866
  0
LINE
  8
0
 10
-18.8481
 20
-32.1866
 11
-18.8702
 21
-32.1827
  0
LINE
  8
0
 10
-18.8702
 20
-32.1827
 11
-18.8914
 21
-32.1776
  0
LINE
  8
0
 10
-18.8914
 20
-32.1776
 11
-18.9116
 21
-32.1713
  0
LINE
  8
0
 10
-18.9116
 20
-32.1713
 11
-18.9309
 21
-32.164
  0
LINE
  8
0
 10
-18.9309
 20
-32.164
 11
-18.9493
 21
-32.1555
  0
LINE
  8
0
 10
-18.9493
 20
-32.1555
 11
-18.9668
 21
-32.1459
  0
LINE
  8
0
 10
-18.9668
 20
-32.1459
 11
-18.9834
 21
-32.1351
  0
LINE
  8
0
 10
-18.9834
 20
-32.1351
 11
-18.999
 21
-32.1233
  0
LINE
  8
0
 10
-18.999
 20
-32.1233
 11
-19.0137
 21
-32.1102
  0
LINE
  8
0
 10
-19.0137
 20
-32.1102
 11
-19.0274
 21
-32.0961
  0
LINE
  8
0
 10
-19.0274
 20
-32.0961
 11
-19.0405
 21
-32.0807
  0
LINE
  8
0
 10
-19.0405
 20
-32.0807
 11
-19.0529
 21
-32.0637
  0
LINE
  8
0
 10
-19.0529
 20
-32.0637
 11
-19.0648
 21
-32.0453
  0
LINE
  8
0
 10
-19.0648
 20
-32.0453
 11
-19.0762
 21
-32.0254
  0
LINE
  8
0
 10
-19.0762
 20
-32.0254
 11
-19.087
 21
-32.004
  0
LINE
  8
0
 10
-19.087
 20
-32.004
 11
-19.0973
 21
-31.9812
  0
LINE
  8
0
 10
-19.0973
 20
-31.9812
 11
-19.107
 21
-31.9568
  0
LINE
  8
0
 10
-19.107
 20
-31.9568
 11
-19.1161
 21
-31.931
  0
LINE
  8
0
 10
-19.1161
 20
-31.931
 11
-19.1247
 21
-31.9037
  0
LINE
  8
0
 10
-19.1247
 20
-31.9037
 11
-19.1328
 21
-31.875
  0
LINE
  8
0
 10
-19.1328
 20
-31.875
 11
-19.1403
 21
-31.8447
  0
LINE
  8
0
 10
-19.1403
 20
-31.8447
 11
-19.1472
 21
-31.813
  0
LINE
  8
0
 10
-19.1472
 20
-31.813
 11
-19.1536
 21
-31.7798
  0
LINE
  8
0
 10
-19.1536
 20
-31.7798
 11
-19.1595
 21
-31.7448
  0
LINE
  8
0
 10
-19.1595
 20
-31.7448
 11
-19.1649
 21
-31.7078
  0
LINE
  8
0
 10
-19.1649
 20
-31.7078
 11
-19.1698
 21
-31.6687
  0
LINE
  8
0
 10
-19.1698
 20
-31.6687
 11
-19.1742
 21
-31.6276
  0
LINE
  8
0
 10
-19.1742
 20
-31.6276
 11
-19.1782
 21
-31.5845
  0
LINE
  8
0
 10
-19.1782
 20
-31.5845
 11
-19.1817
 21
-31.5394
  0
LINE
  8
0
 10
-19.1817
 20
-31.5394
 11
-19.1848
 21
-31.4922
  0
LINE
  8
0
 10
-19.1848
 20
-31.4922
 11
-19.1874
 21
-31.443
  0
LINE
  8
0
 10
-19.1874
 20
-31.443
 11
-19.1895
 21
-31.3917
  0
LINE
  8
0
 10
-19.1895
 20
-31.3917
 11
-19.1911
 21
-31.3384
  0
LINE
  8
0
 10
-19.1911
 20
-31.3384
 11
-19.1923
 21
-31.2831
  0
LINE
  8
0
 10
-19.1923
 20
-31.2831
 11
-19.193
 21
-31.2258
  0
LINE
  8
0
 10
-19.193
 20
-31.2258
 11
-19.1933
 21
-31.1664
  0
LINE
  8
0
 10
-19.1933
 20
-31.1664
 11
-19.193
 21
-31.1064
  0
LINE
  8
0
 10
-19.193
 20
-31.1064
 11
-19.1924
 21
-31.0485
  0
LINE
  8
0
 10
-19.1924
 20
-31.0485
 11
-19.1913
 21
-30.9928
  0
LINE
  8
0
 10
-19.1913
 20
-30.9928
 11
-19.1897
 21
-30.9391
  0
LINE
  8
0
 10
-19.1897
 20
-30.9391
 11
-19.1877
 21
-30.8876
  0
LINE
  8
0
 10
-19.1877
 20
-30.8876
 11
-19.1852
 21
-30.8381
  0
LINE
  8
0
 10
-19.1852
 20
-30.8381
 11
-19.1823
 21
-30.7908
  0
LINE
  8
0
 10
-19.1823
 20
-30.7908
 11
-19.179
 21
-30.7456
  0
LINE
  8
0
 10
-19.179
 20
-30.7456
 11
-19.1752
 21
-30.7024
  0
LINE
  8
0
 10
-19.1752
 20
-30.7024
 11
-19.171
 21
-30.6614
  0
LINE
  8
0
 10
-19.171
 20
-30.6614
 11
-19.1663
 21
-30.6225
  0
LINE
  8
0
 10
-19.1663
 20
-30.6225
 11
-19.1612
 21
-30.5857
  0
LINE
  8
0
 10
-19.1612
 20
-30.5857
 11
-19.1556
 21
-30.551
  0
LINE
  8
0
 10
-19.1556
 20
-30.551
 11
-19.1495
 21
-30.5181
  0
LINE
  8
0
 10
-19.1495
 20
-30.5181
 11
-19.1428
 21
-30.4866
  0
LINE
  8
0
 10
-19.1428
 20
-30.4866
 11
-19.1355
 21
-30.4566
  0
LINE
  8
0
 10
-19.1355
 20
-30.4566
 11
-19.1276
 21
-30.428
  0
LINE
  8
0
 10
-19.1276
 20
-30.428
 11
-19.1191
 21
-30.4008
  0
LINE
  8
0
 10
-19.1191
 20
-30.4008
 11
-19.11
 21
-30.3751
  0
LINE
  8
0
 10
-19.11
 20
-30.3751
 11
-19.1003
 21
-30.3509
  0
LINE
  8
0
 10
-19.1003
 20
-30.3509
 11
-19.09
 21
-30.3281
  0
LINE
  8
0
 10
-19.09
 20
-30.3281
 11
-19.0791
 21
-30.3067
  0
LINE
  8
0
 10
-19.0791
 20
-30.3067
 11
-19.0676
 21
-30.2868
  0
LINE
  8
0
 10
-19.0676
 20
-30.2868
 11
-19.0555
 21
-30.2683
  0
LINE
  8
0
 10
-19.0555
 20
-30.2683
 11
-19.0428
 21
-30.2513
  0
LINE
  8
0
 10
-19.0428
 20
-30.2513
 11
-19.0295
 21
-30.2357
  0
LINE
  8
0
 10
-19.0295
 20
-30.2357
 11
-19.0154
 21
-30.2214
  0
LINE
  8
0
 10
-19.0154
 20
-30.2214
 11
-19.0002
 21
-30.2082
  0
LINE
  8
0
 10
-19.0002
 20
-30.2082
 11
-18.9841
 21
-30.1962
  0
LINE
  8
0
 10
-18.9841
 20
-30.1962
 11
-18.967
 21
-30.1853
  0
LINE
  8
0
 10
-18.967
 20
-30.1853
 11
-18.9489
 21
-30.1756
  0
LINE
  8
0
 10
-18.9489
 20
-30.1756
 11
-18.9298
 21
-30.1671
  0
LINE
  8
0
 10
-18.9298
 20
-30.1671
 11
-18.9097
 21
-30.1596
  0
LINE
  8
0
 10
-18.9097
 20
-30.1596
 11
-18.8886
 21
-30.1533
  0
LINE
  8
0
 10
-18.8886
 20
-30.1533
 11
-18.8665
 21
-30.1482
  0
LINE
  8
0
 10
-18.8665
 20
-30.1482
 11
-18.8434
 21
-30.1442
  0
LINE
  8
0
 10
-18.8434
 20
-30.1442
 11
-18.8193
 21
-30.1413
  0
LINE
  8
0
 10
-18.8193
 20
-30.1413
 11
-18.7942
 21
-30.1396
  0
LINE
  8
0
 10
-18.7942
 20
-30.1396
 11
-18.7681
 21
-30.139
  0
LINE
  8
0
 10
-18.7681
 20
-30.139
 11
-18.7435
 21
-30.1396
  0
LINE
  8
0
 10
-18.7435
 20
-30.1396
 11
-18.7198
 21
-30.1413
  0
LINE
  8
0
 10
-18.7198
 20
-30.1413
 11
-18.6971
 21
-30.1441
  0
LINE
  8
0
 10
-18.6971
 20
-30.1441
 11
-18.6752
 21
-30.1481
  0
LINE
  8
0
 10
-18.6752
 20
-30.1481
 11
-18.6543
 21
-30.1532
  0
LINE
  8
0
 10
-18.6543
 20
-30.1532
 11
-18.6343
 21
-30.1594
  0
LINE
  8
0
 10
-18.6343
 20
-30.1594
 11
-18.6152
 21
-30.1668
  0
LINE
  8
0
 10
-18.6152
 20
-30.1668
 11
-18.597
 21
-30.1752
  0
LINE
  8
0
 10
-18.597
 20
-30.1752
 11
-18.5798
 21
-30.1849
  0
LINE
  8
0
 10
-18.5798
 20
-30.1849
 11
-18.5634
 21
-30.1956
  0
LINE
  8
0
 10
-18.5634
 20
-30.1956
 11
-18.548
 21
-30.2075
  0
LINE
  8
0
 10
-18.548
 20
-30.2075
 11
-18.5335
 21
-30.2205
  0
LINE
  8
0
 10
-18.5335
 20
-30.2205
 11
-18.5199
 21
-30.2346
  0
LINE
  8
0
 10
-18.5199
 20
-30.2346
 11
-18.507
 21
-30.2501
  0
LINE
  8
0
 10
-18.507
 20
-30.2501
 11
-18.4947
 21
-30.267
  0
LINE
  8
0
 10
-18.4947
 20
-30.267
 11
-18.4829
 21
-30.2854
  0
LINE
  8
0
 10
-18.4829
 20
-30.2854
 11
-18.4717
 21
-30.3052
  0
LINE
  8
0
 10
-18.4717
 20
-30.3052
 11
-18.4611
 21
-30.3266
  0
LINE
  8
0
 10
-18.4611
 20
-30.3266
 11
-18.451
 21
-30.3493
  0
LINE
  8
0
 10
-18.451
 20
-30.3493
 11
-18.4414
 21
-30.3736
  0
LINE
  8
0
 10
-18.4414
 20
-30.3736
 11
-18.4324
 21
-30.3993
  0
LINE
  8
0
 10
-18.4324
 20
-30.3993
 11
-18.424
 21
-30.4265
  0
LINE
  8
0
 10
-18.424
 20
-30.4265
 11
-18.4161
 21
-30.4552
  0
LINE
  8
0
 10
-18.4161
 20
-30.4552
 11
-18.4088
 21
-30.4853
  0
LINE
  8
0
 10
-18.4088
 20
-30.4853
 11
-18.402
 21
-30.5169
  0
LINE
  8
0
 10
-18.402
 20
-30.5169
 11
-18.3958
 21
-30.55
  0
LINE
  8
0
 10
-18.3958
 20
-30.55
 11
-18.3901
 21
-30.5848
  0
LINE
  8
0
 10
-18.3901
 20
-30.5848
 11
-18.3848
 21
-30.6218
  0
LINE
  8
0
 10
-18.3848
 20
-30.6218
 11
-18.38
 21
-30.6608
  0
LINE
  8
0
 10
-18.38
 20
-30.6608
 11
-18.3757
 21
-30.702
  0
LINE
  8
0
 10
-18.3757
 20
-30.702
 11
-18.3718
 21
-30.7452
  0
LINE
  8
0
 10
-18.3718
 20
-30.7452
 11
-18.3683
 21
-30.7905
  0
LINE
  8
0
 10
-18.3683
 20
-30.7905
 11
-18.3654
 21
-30.8379
  0
LINE
  8
0
 10
-18.3654
 20
-30.8379
 11
-18.3628
 21
-30.8874
  0
LINE
  8
0
 10
-18.3628
 20
-30.8874
 11
-18.3608
 21
-30.939
  0
LINE
  8
0
 10
-18.3608
 20
-30.939
 11
-18.3592
 21
-30.9927
  0
LINE
  8
0
 10
-18.3592
 20
-30.9927
 11
-18.358
 21
-31.0485
  0
LINE
  8
0
 10
-18.358
 20
-31.0485
 11
-18.3573
 21
-31.1064
  0
LINE
  8
0
 10
-18.3573
 20
-31.1064
 11
-18.3571
 21
-31.1664
  0
LINE
  8
0
 10
-18.3571
 20
-31.1664
 11
-18.3574
 21
-31.224
  0
LINE
  8
0
 10
-18.3574
 20
-31.224
 11
-18.3581
 21
-31.2797
  0
LINE
  8
0
 10
-18.3581
 20
-31.2797
 11
-18.3592
 21
-31.3335
  0
LINE
  8
0
 10
-18.3592
 20
-31.3335
 11
-18.3609
 21
-31.3855
  0
LINE
  8
0
 10
-18.3609
 20
-31.3855
 11
-18.363
 21
-31.4355
  0
LINE
  8
0
 10
-18.363
 20
-31.4355
 11
-18.3656
 21
-31.4837
  0
LINE
  8
0
 10
-18.3656
 20
-31.4837
 11
-18.3686
 21
-31.5301
  0
LINE
  8
0
 10
-18.3686
 20
-31.5301
 11
-18.3721
 21
-31.5745
  0
LINE
  8
0
 10
-18.3721
 20
-31.5745
 11
-18.3761
 21
-31.6171
  0
LINE
  8
0
 10
-18.3761
 20
-31.6171
 11
-18.3806
 21
-31.6578
  0
LINE
  8
0
 10
-18.3806
 20
-31.6578
 11
-18.3855
 21
-31.6966
  0
LINE
  8
0
 10
-18.3855
 20
-31.6966
 11
-18.3909
 21
-31.7335
  0
LINE
  8
0
 10
-18.3909
 20
-31.7335
 11
-18.3968
 21
-31.7686
  0
LINE
  8
0
 10
-18.3968
 20
-31.7686
 11
-18.4032
 21
-31.802
  0
LINE
  8
0
 10
-18.4032
 20
-31.802
 11
-18.4102
 21
-31.8339
  0
LINE
  8
0
 10
-18.4102
 20
-31.8339
 11
-18.4177
 21
-31.8645
  0
LINE
  8
0
 10
-18.4177
 20
-31.8645
 11
-18.4258
 21
-31.8936
  0
LINE
  8
0
 10
-18.4258
 20
-31.8936
 11
-18.4345
 21
-31.9212
  0
LINE
  8
0
 10
-18.4345
 20
-31.9212
 11
-18.4438
 21
-31.9475
  0
LINE
  8
0
 10
-18.4438
 20
-31.9475
 11
-18.4537
 21
-31.9723
  0
LINE
  8
0
 10
-18.4537
 20
-31.9723
 11
-18.4641
 21
-31.9956
  0
LINE
  8
0
 10
-18.4641
 20
-31.9956
 11
-18.4751
 21
-32.0176
  0
LINE
  8
0
 10
-18.4751
 20
-32.0176
 11
-18.4867
 21
-32.0381
  0
LINE
  8
0
 10
-18.4867
 20
-32.0381
 11
-18.4989
 21
-32.0572
  0
LINE
  8
0
 10
-18.4989
 20
-32.0572
 11
-18.5116
 21
-32.0748
  0
LINE
  8
0
 10
-18.5116
 20
-32.0748
 11
-18.525
 21
-32.091
  0
LINE
  8
0
 10
-18.525
 20
-32.091
 11
-18.539
 21
-32.1059
  0
LINE
  8
0
 10
-18.539
 20
-32.1059
 11
-18.554
 21
-32.1196
  0
LINE
  8
0
 10
-18.554
 20
-32.1196
 11
-18.5698
 21
-32.1321
  0
LINE
  8
0
 10
-18.5698
 20
-32.1321
 11
-18.5864
 21
-32.1434
  0
LINE
  8
0
 10
-18.5864
 20
-32.1434
 11
-18.604
 21
-32.1536
  0
LINE
  8
0
 10
-18.604
 20
-32.1536
 11
-18.6225
 21
-32.1625
  0
LINE
  8
0
 10
-18.6225
 20
-32.1625
 11
-18.6418
 21
-32.1703
  0
LINE
  8
0
 10
-18.6418
 20
-32.1703
 11
-18.662
 21
-32.1768
  0
LINE
  8
0
 10
-18.662
 20
-32.1768
 11
-18.6831
 21
-32.1822
  0
LINE
  8
0
 10
-18.6831
 20
-32.1822
 11
-18.705
 21
-32.1864
  0
LINE
  8
0
 10
-18.705
 20
-32.1864
 11
-18.7279
 21
-32.1893
  0
LINE
  8
0
 10
-18.7279
 20
-32.1893
 11
-18.7516
 21
-32.1911
  0
LINE
  8
0
 10
-18.7516
 20
-32.1911
 11
-18.7762
 21
-32.1917
  0
LINE
  8
0
 10
-18.7762
 20
-32.1917
 11
-18.8011
 21
-32.1911
  0
LINE
  8
0
 10
-21.0227
 20
-32.6391
 11
-20.948
 21
-32.6323
  0
LINE
  8
0
 10
-20.948
 20
-32.6323
 11
-20.8761
 21
-32.6211
  0
LINE
  8
0
 10
-20.8761
 20
-32.6211
 11
-20.8069
 21
-32.6055
  0
LINE
  8
0
 10
-20.8069
 20
-32.6055
 11
-20.7405
 21
-32.5853
  0
LINE
  8
0
 10
-20.7405
 20
-32.5853
 11
-20.6768
 21
-32.5607
  0
LINE
  8
0
 10
-20.6768
 20
-32.5607
 11
-20.616
 21
-32.5316
  0
LINE
  8
0
 10
-20.616
 20
-32.5316
 11
-20.5578
 21
-32.498
  0
LINE
  8
0
 10
-20.5578
 20
-32.498
 11
-20.5025
 21
-32.4599
  0
LINE
  8
0
 10
-20.5025
 20
-32.4599
 11
-20.4499
 21
-32.4174
  0
LINE
  8
0
 10
-20.4499
 20
-32.4174
 11
-20.4001
 21
-32.3704
  0
LINE
  8
0
 10
-20.4001
 20
-32.3704
 11
-20.3531
 21
-32.3189
  0
LINE
  8
0
 10
-20.3531
 20
-32.3189
 11
-20.3089
 21
-32.2629
  0
LINE
  8
0
 10
-20.3089
 20
-32.2629
 11
-20.2676
 21
-32.2024
  0
LINE
  8
0
 10
-20.2676
 20
-32.2024
 11
-20.2297
 21
-32.1374
  0
LINE
  8
0
 10
-20.2297
 20
-32.1374
 11
-20.1951
 21
-32.0678
  0
LINE
  8
0
 10
-20.1951
 20
-32.0678
 11
-20.1637
 21
-31.9937
  0
LINE
  8
0
 10
-20.1637
 20
-31.9937
 11
-20.1357
 21
-31.9149
  0
LINE
  8
0
 10
-20.1357
 20
-31.9149
 11
-20.1109
 21
-31.8317
  0
LINE
  8
0
 10
-20.1109
 20
-31.8317
 11
-20.0895
 21
-31.7439
  0
LINE
  8
0
 10
-20.0895
 20
-31.7439
 11
-20.0714
 21
-31.6516
  0
LINE
  8
0
 10
-20.0714
 20
-31.6516
 11
-20.0565
 21
-31.5547
  0
LINE
  8
0
 10
-20.0565
 20
-31.5547
 11
-20.045
 21
-31.4532
  0
LINE
  8
0
 10
-20.045
 20
-31.4532
 11
-20.0367
 21
-31.3473
  0
LINE
  8
0
 10
-20.0367
 20
-31.3473
 11
-20.0318
 21
-31.2367
  0
LINE
  8
0
 10
-20.0318
 20
-31.2367
 11
-20.0301
 21
-31.1216
  0
LINE
  8
0
 10
-20.0301
 20
-31.1216
 11
-20.0316
 21
-31.0136
  0
LINE
  8
0
 10
-20.0316
 20
-31.0136
 11
-20.0361
 21
-30.9098
  0
LINE
  8
0
 10
-20.0361
 20
-30.9098
 11
-20.0435
 21
-30.8102
  0
LINE
  8
0
 10
-20.0435
 20
-30.8102
 11
-20.0539
 21
-30.715
  0
LINE
  8
0
 10
-20.0539
 20
-30.715
 11
-20.0673
 21
-30.6239
  0
LINE
  8
0
 10
-20.0673
 20
-30.6239
 11
-20.0836
 21
-30.5371
  0
LINE
  8
0
 10
-20.0836
 20
-30.5371
 11
-20.103
 21
-30.4546
  0
LINE
  8
0
 10
-20.103
 20
-30.4546
 11
-20.1253
 21
-30.3763
  0
LINE
  8
0
 10
-20.1253
 20
-30.3763
 11
-20.1505
 21
-30.3022
  0
LINE
  8
0
 10
-20.1505
 20
-30.3022
 11
-20.1788
 21
-30.2324
  0
LINE
  8
0
 10
-20.1788
 20
-30.2324
 11
-20.21
 21
-30.1669
  0
LINE
  8
0
 10
-20.21
 20
-30.1669
 11
-20.2442
 21
-30.1055
  0
LINE
  8
0
 10
-20.2442
 20
-30.1055
 11
-20.2814
 21
-30.0485
  0
LINE
  8
0
 10
-20.2814
 20
-30.0485
 11
-20.3216
 21
-29.9957
  0
LINE
  8
0
 10
-20.3216
 20
-29.9957
 11
-20.3649
 21
-29.9471
  0
LINE
  8
0
 10
-20.3649
 20
-29.9471
 11
-20.4114
 21
-29.9027
  0
LINE
  8
0
 10
-20.4114
 20
-29.9027
 11
-20.4609
 21
-29.8626
  0
LINE
  8
0
 10
-20.4609
 20
-29.8626
 11
-20.5136
 21
-29.8267
  0
LINE
  8
0
 10
-20.5136
 20
-29.8267
 11
-20.5694
 21
-29.795
  0
LINE
  8
0
 10
-20.5694
 20
-29.795
 11
-20.6283
 21
-29.7675
  0
LINE
  8
0
 10
-20.6283
 20
-29.7675
 11
-20.6904
 21
-29.7443
  0
LINE
  8
0
 10
-20.6904
 20
-29.7443
 11
-20.7555
 21
-29.7253
  0
LINE
  8
0
 10
-20.7555
 20
-29.7253
 11
-20.8238
 21
-29.7105
  0
LINE
  8
0
 10
-20.8238
 20
-29.7105
 11
-20.8952
 21
-29.6999
  0
LINE
  8
0
 10
-20.8952
 20
-29.6999
 11
-20.9697
 21
-29.6936
  0
LINE
  8
0
 10
-20.9697
 20
-29.6936
 11
-21.0473
 21
-29.6915
  0
LINE
  8
0
 10
-21.0473
 20
-29.6915
 11
-21.1196
 21
-29.693
  0
LINE
  8
0
 10
-21.1196
 20
-29.693
 11
-21.1893
 21
-29.6975
  0
LINE
  8
0
 10
-21.1893
 20
-29.6975
 11
-21.2564
 21
-29.705
  0
LINE
  8
0
 10
-21.2564
 20
-29.705
 11
-21.321
 21
-29.7155
  0
LINE
  8
0
 10
-21.321
 20
-29.7155
 11
-21.383
 21
-29.7291
  0
LINE
  8
0
 10
-21.383
 20
-29.7291
 11
-21.4425
 21
-29.7456
  0
LINE
  8
0
 10
-21.4425
 20
-29.7456
 11
-21.4993
 21
-29.7652
  0
LINE
  8
0
 10
-21.4993
 20
-29.7652
 11
-21.5537
 21
-29.7878
  0
LINE
  8
0
 10
-21.5537
 20
-29.7878
 11
-21.6054
 21
-29.8134
  0
LINE
  8
0
 10
-21.6054
 20
-29.8134
 11
-21.6546
 21
-29.8419
  0
LINE
  8
0
 10
-21.6546
 20
-29.8419
 11
-21.7012
 21
-29.8736
  0
LINE
  8
0
 10
-21.7012
 20
-29.8736
 11
-21.7453
 21
-29.9082
  0
LINE
  8
0
 10
-21.7453
 20
-29.9082
 11
-21.7868
 21
-29.9458
  0
LINE
  8
0
 10
-21.7868
 20
-29.9458
 11
-21.8255
 21
-29.9861
  0
LINE
  8
0
 10
-21.8255
 20
-29.9861
 11
-21.8611
 21
-30.0287
  0
LINE
  8
0
 10
-21.8611
 20
-30.0287
 11
-21.8935
 21
-30.0737
  0
LINE
  8
0
 10
-21.8935
 20
-30.0737
 11
-21.9229
 21
-30.1209
  0
LINE
  8
0
 10
-21.9229
 20
-30.1209
 11
-21.9492
 21
-30.1706
  0
LINE
  8
0
 10
-21.9492
 20
-30.1706
 11
-21.9724
 21
-30.2225
  0
LINE
  8
0
 10
-21.9724
 20
-30.2225
 11
-21.9925
 21
-30.2768
  0
LINE
  8
0
 10
-21.9925
 20
-30.2768
 11
-22.0096
 21
-30.3335
  0
LINE
  8
0
 10
-22.0096
 20
-30.3335
 11
-22.0235
 21
-30.3925
  0
LINE
  8
0
 10
-22.0235
 20
-30.3925
 11
-22.0343
 21
-30.4538
  0
LINE
  8
0
 10
-22.0343
 20
-30.4538
 11
-22.042
 21
-30.5174
  0
LINE
  8
0
 10
-22.042
 20
-30.5174
 11
-22.0467
 21
-30.5834
  0
LINE
  8
0
 10
-22.0467
 20
-30.5834
 11
-22.0482
 21
-30.6517
  0
LINE
  8
0
 10
-22.0482
 20
-30.6517
 11
-22.0469
 21
-30.7182
  0
LINE
  8
0
 10
-22.0469
 20
-30.7182
 11
-22.043
 21
-30.7826
  0
LINE
  8
0
 10
-22.043
 20
-30.7826
 11
-22.0364
 21
-30.8448
  0
LINE
  8
0
 10
-22.0364
 20
-30.8448
 11
-22.0271
 21
-30.9049
  0
LINE
  8
0
 10
-22.0271
 20
-30.9049
 11
-22.0153
 21
-30.9628
  0
LINE
  8
0
 10
-22.0153
 20
-30.9628
 11
-22.0008
 21
-31.0185
  0
LINE
  8
0
 10
-22.0008
 20
-31.0185
 11
-21.9836
 21
-31.0721
  0
LINE
  8
0
 10
-21.9836
 20
-31.0721
 11
-21.9639
 21
-31.1236
  0
LINE
  8
0
 10
-21.9639
 20
-31.1236
 11
-21.9415
 21
-31.1729
  0
LINE
  8
0
 10
-21.9415
 20
-31.1729
 11
-21.9164
 21
-31.22
  0
LINE
  8
0
 10
-21.9164
 20
-31.22
 11
-21.8887
 21
-31.265
  0
LINE
  8
0
 10
-21.8887
 20
-31.265
 11
-21.8584
 21
-31.3078
  0
LINE
  8
0
 10
-21.8584
 20
-31.3078
 11
-21.8255
 21
-31.3485
  0
LINE
  8
0
 10
-21.8255
 20
-31.3485
 11
-21.7903
 21
-31.3865
  0
LINE
  8
0
 10
-21.7903
 20
-31.3865
 11
-21.7532
 21
-31.4216
  0
LINE
  8
0
 10
-21.7532
 20
-31.4216
 11
-21.7144
 21
-31.4535
  0
LINE
  8
0
 10
-21.7144
 20
-31.4535
 11
-21.6736
 21
-31.4825
  0
LINE
  8
0
 10
-21.6736
 20
-31.4825
 11
-21.6311
 21
-31.5084
  0
LINE
  8
0
 10
-21.6311
 20
-31.5084
 11
-21.5867
 21
-31.5312
  0
LINE
  8
0
 10
-21.5867
 20
-31.5312
 11
-21.5404
 21
-31.551
  0
LINE
  8
0
 10
-21.5404
 20
-31.551
 11
-21.4924
 21
-31.5677
  0
LINE
  8
0
 10
-21.4924
 20
-31.5677
 11
-21.4424
 21
-31.5815
  0
LINE
  8
0
 10
-21.4424
 20
-31.5815
 11
-21.3907
 21
-31.5921
  0
LINE
  8
0
 10
-21.3907
 20
-31.5921
 11
-21.337
 21
-31.5997
  0
LINE
  8
0
 10
-21.337
 20
-31.5997
 11
-21.2816
 21
-31.6043
  0
LINE
  8
0
 10
-21.2816
 20
-31.6043
 11
-21.2243
 21
-31.6058
  0
LINE
  8
0
 10
-21.2243
 20
-31.6058
 11
-21.1932
 21
-31.6053
  0
LINE
  8
0
 10
-21.1932
 20
-31.6053
 11
-21.1624
 21
-31.6038
  0
LINE
  8
0
 10
-21.1624
 20
-31.6038
 11
-21.1319
 21
-31.6012
  0
LINE
  8
0
 10
-21.1319
 20
-31.6012
 11
-21.1017
 21
-31.5976
  0
LINE
  8
0
 10
-21.1017
 20
-31.5976
 11
-21.0719
 21
-31.593
  0
LINE
  8
0
 10
-21.0719
 20
-31.593
 11
-21.0424
 21
-31.5874
  0
LINE
  8
0
 10
-21.0424
 20
-31.5874
 11
-21.0132
 21
-31.5807
  0
LINE
  8
0
 10
-21.0132
 20
-31.5807
 11
-20.9843
 21
-31.5731
  0
LINE
  8
0
 10
-20.9843
 20
-31.5731
 11
-20.9558
 21
-31.5644
  0
LINE
  8
0
 10
-20.9558
 20
-31.5644
 11
-20.9276
 21
-31.5547
  0
LINE
  8
0
 10
-20.9276
 20
-31.5547
 11
-20.8997
 21
-31.5439
  0
LINE
  8
0
 10
-20.8997
 20
-31.5439
 11
-20.8721
 21
-31.5322
  0
LINE
  8
0
 10
-20.8721
 20
-31.5322
 11
-20.8449
 21
-31.5193
  0
LINE
  8
0
 10
-20.8449
 20
-31.5193
 11
-20.8184
 21
-31.5057
  0
LINE
  8
0
 10
-20.8184
 20
-31.5057
 11
-20.7931
 21
-31.4912
  0
LINE
  8
0
 10
-20.7931
 20
-31.4912
 11
-20.7689
 21
-31.4759
  0
LINE
  8
0
 10
-20.7689
 20
-31.4759
 11
-20.7459
 21
-31.4599
  0
LINE
  8
0
 10
-20.7459
 20
-31.4599
 11
-20.7241
 21
-31.4431
  0
LINE
  8
0
 10
-20.7241
 20
-31.4431
 11
-20.7035
 21
-31.4255
  0
LINE
  8
0
 10
-20.7035
 20
-31.4255
 11
-20.684
 21
-31.4071
  0
LINE
  8
0
 10
-20.684
 20
-31.4071
 11
-20.6657
 21
-31.3879
  0
LINE
  8
0
 10
-20.6657
 20
-31.3879
 11
-20.6485
 21
-31.368
  0
LINE
  8
0
 10
-20.6485
 20
-31.368
 11
-20.6326
 21
-31.3472
  0
LINE
  8
0
 10
-20.6326
 20
-31.3472
 11
-20.6177
 21
-31.3257
  0
LINE
  8
0
 10
-20.6177
 20
-31.3257
 11
-20.6041
 21
-31.3034
  0
LINE
  8
0
 10
-20.6041
 20
-31.3034
 11
-20.5916
 21
-31.2803
  0
LINE
  8
0
 10
-20.5916
 20
-31.2803
 11
-20.593
 21
-31.3485
  0
LINE
  8
0
 10
-20.593
 20
-31.3485
 11
-20.5958
 21
-31.414
  0
LINE
  8
0
 10
-20.5958
 20
-31.414
 11
-20.6002
 21
-31.4769
  0
LINE
  8
0
 10
-20.6002
 20
-31.4769
 11
-20.606
 21
-31.5372
  0
LINE
  8
0
 10
-20.606
 20
-31.5372
 11
-20.6133
 21
-31.5949
  0
LINE
  8
0
 10
-20.6133
 20
-31.5949
 11
-20.622
 21
-31.65
  0
LINE
  8
0
 10
-20.622
 20
-31.65
 11
-20.6323
 21
-31.7024
  0
LINE
  8
0
 10
-20.6323
 20
-31.7024
 11
-20.644
 21
-31.7522
  0
LINE
  8
0
 10
-20.644
 20
-31.7522
 11
-20.6572
 21
-31.7994
  0
LINE
  8
0
 10
-20.6572
 20
-31.7994
 11
-20.6719
 21
-31.8439
  0
LINE
  8
0
 10
-20.6719
 20
-31.8439
 11
-20.6881
 21
-31.8858
  0
LINE
  8
0
 10
-20.6881
 20
-31.8858
 11
-20.7057
 21
-31.9251
  0
LINE
  8
0
 10
-20.7057
 20
-31.9251
 11
-20.7249
 21
-31.9618
  0
LINE
  8
0
 10
-20.7249
 20
-31.9618
 11
-20.7454
 21
-31.9958
  0
LINE
  8
0
 10
-20.7454
 20
-31.9958
 11
-20.7672
 21
-32.0271
  0
LINE
  8
0
 10
-20.7672
 20
-32.0271
 11
-20.7904
 21
-32.0557
  0
LINE
  8
0
 10
-20.7904
 20
-32.0557
 11
-20.8148
 21
-32.0815
  0
LINE
  8
0
 10
-20.8148
 20
-32.0815
 11
-20.8406
 21
-32.1047
  0
LINE
  8
0
 10
-20.8406
 20
-32.1047
 11
-20.8677
 21
-32.1251
  0
LINE
  8
0
 10
-20.8677
 20
-32.1251
 11
-20.8961
 21
-32.1427
  0
LINE
  8
0
 10
-20.8961
 20
-32.1427
 11
-20.9258
 21
-32.1577
  0
LINE
  8
0
 10
-20.9258
 20
-32.1577
 11
-20.9569
 21
-32.17
  0
LINE
  8
0
 10
-20.9569
 20
-32.17
 11
-20.9892
 21
-32.1795
  0
LINE
  8
0
 10
-20.9892
 20
-32.1795
 11
-21.0229
 21
-32.1863
  0
LINE
  8
0
 10
-21.0229
 20
-32.1863
 11
-21.0578
 21
-32.1904
  0
LINE
  8
0
 10
-21.0578
 20
-32.1904
 11
-21.0941
 21
-32.1917
  0
LINE
  8
0
 10
-21.0941
 20
-32.1917
 11
-21.137
 21
-32.1899
  0
LINE
  8
0
 10
-21.137
 20
-32.1899
 11
-21.1774
 21
-32.1846
  0
LINE
  8
0
 10
-21.1774
 20
-32.1846
 11
-21.2154
 21
-32.1758
  0
LINE
  8
0
 10
-21.2154
 20
-32.1758
 11
-21.251
 21
-32.1634
  0
LINE
  8
0
 10
-21.251
 20
-32.1634
 11
-21.2841
 21
-32.1475
  0
LINE
  8
0
 10
-21.2841
 20
-32.1475
 11
-21.3147
 21
-32.128
  0
LINE
  8
0
 10
-21.3147
 20
-32.128
 11
-21.3428
 21
-32.105
  0
LINE
  8
0
 10
-21.3428
 20
-32.105
 11
-21.3686
 21
-32.0785
  0
LINE
  8
0
 10
-21.3686
 20
-32.0785
 11
-21.3918
 21
-32.0484
  0
LINE
  8
0
 10
-21.3918
 20
-32.0484
 11
-21.4126
 21
-32.0148
  0
LINE
  8
0
 10
-21.4126
 20
-32.0148
 11
-21.431
 21
-31.9776
  0
LINE
  8
0
 10
-21.431
 20
-31.9776
 11
-21.4469
 21
-31.9369
  0
LINE
  8
0
 10
-21.4469
 20
-31.9369
 11
-21.4603
 21
-31.8926
  0
LINE
  8
0
 10
-21.4603
 20
-31.8926
 11
-21.9974
 21
-31.9679
  0
LINE
  8
0
 10
-21.9974
 20
-31.9679
 11
-21.9828
 21
-32.0206
  0
LINE
  8
0
 10
-21.9828
 20
-32.0206
 11
-21.9669
 21
-32.0711
  0
LINE
  8
0
 10
-21.9669
 20
-32.0711
 11
-21.9494
 21
-32.1194
  0
LINE
  8
0
 10
-21.9494
 20
-32.1194
 11
-21.9304
 21
-32.1654
  0
LINE
  8
0
 10
-21.9304
 20
-32.1654
 11
-21.91
 21
-32.2092
  0
LINE
  8
0
 10
-21.91
 20
-32.2092
 11
-21.8881
 21
-32.2508
  0
LINE
  8
0
 10
-21.8881
 20
-32.2508
 11
-21.8647
 21
-32.2902
  0
LINE
  8
0
 10
-21.8647
 20
-32.2902
 11
-21.8398
 21
-32.3273
  0
LINE
  8
0
 10
-21.8398
 20
-32.3273
 11
-21.8135
 21
-32.3622
  0
LINE
  8
0
 10
-21.8135
 20
-32.3622
 11
-21.7856
 21
-32.3949
  0
LINE
  8
0
 10
-21.7856
 20
-32.3949
 11
-21.7563
 21
-32.4254
  0
LINE
  8
0
 10
-21.7563
 20
-32.4254
 11
-21.7255
 21
-32.4536
  0
LINE
  8
0
 10
-21.7255
 20
-32.4536
 11
-21.6932
 21
-32.4796
  0
LINE
  8
0
 10
-21.6932
 20
-32.4796
 11
-21.6592
 21
-32.5035
  0
LINE
  8
0
 10
-21.6592
 20
-32.5035
 11
-21.6233
 21
-32.5255
  0
LINE
  8
0
 10
-21.6233
 20
-32.5255
 11
-21.5854
 21
-32.5456
  0
LINE
  8
0
 10
-21.5854
 20
-32.5456
 11
-21.5457
 21
-32.5638
  0
LINE
  8
0
 10
-21.5457
 20
-32.5638
 11
-21.5039
 21
-32.58
  0
LINE
  8
0
 10
-21.5039
 20
-32.58
 11
-21.4602
 21
-32.5944
  0
LINE
  8
0
 10
-21.4602
 20
-32.5944
 11
-21.4146
 21
-32.6068
  0
LINE
  8
0
 10
-21.4146
 20
-32.6068
 11
-21.3671
 21
-32.6174
  0
LINE
  8
0
 10
-21.3671
 20
-32.6174
 11
-21.3176
 21
-32.626
  0
LINE
  8
0
 10
-21.3176
 20
-32.626
 11
-21.2661
 21
-32.6327
  0
LINE
  8
0
 10
-21.2661
 20
-32.6327
 11
-21.2128
 21
-32.6375
  0
LINE
  8
0
 10
-21.2128
 20
-32.6375
 11
-21.1575
 21
-32.6403
  0
LINE
  8
0
 10
-21.1575
 20
-32.6403
 11
-21.1002
 21
-32.6413
  0
LINE
  8
0
 10
-21.1002
 20
-32.6413
 11
-21.0227
 21
-32.6391
  0
LINE
  8
0
 10
-21.0887
 20
-31.1798
 11
-21.117
 21
-31.1772
  0
LINE
  8
0
 10
-21.117
 20
-31.1772
 11
-21.1442
 21
-31.173
  0
LINE
  8
0
 10
-21.1442
 20
-31.173
 11
-21.1704
 21
-31.1671
  0
LINE
  8
0
 10
-21.1704
 20
-31.1671
 11
-21.1956
 21
-31.1594
  0
LINE
  8
0
 10
-21.1956
 20
-31.1594
 11
-21.2197
 21
-31.1501
  0
LINE
  8
0
 10
-21.2197
 20
-31.1501
 11
-21.2429
 21
-31.1391
  0
LINE
  8
0
 10
-21.2429
 20
-31.1391
 11
-21.265
 21
-31.1263
  0
LINE
  8
0
 10
-21.265
 20
-31.1263
 11
-21.2862
 21
-31.1119
  0
LINE
  8
0
 10
-21.2862
 20
-31.1119
 11
-21.3063
 21
-31.0958
  0
LINE
  8
0
 10
-21.3063
 20
-31.0958
 11
-21.3254
 21
-31.0779
  0
LINE
  8
0
 10
-21.3254
 20
-31.0779
 11
-21.3435
 21
-31.0584
  0
LINE
  8
0
 10
-21.3435
 20
-31.0584
 11
-21.3606
 21
-31.0372
  0
LINE
  8
0
 10
-21.3606
 20
-31.0372
 11
-21.3766
 21
-31.0146
  0
LINE
  8
0
 10
-21.3766
 20
-31.0146
 11
-21.3912
 21
-30.9908
  0
LINE
  8
0
 10
-21.3912
 20
-30.9908
 11
-21.4046
 21
-30.966
  0
LINE
  8
0
 10
-21.4046
 20
-30.966
 11
-21.4168
 21
-30.94
  0
LINE
  8
0
 10
-21.4168
 20
-30.94
 11
-21.4276
 21
-30.9129
  0
LINE
  8
0
 10
-21.4276
 20
-30.9129
 11
-21.4372
 21
-30.8847
  0
LINE
  8
0
 10
-21.4372
 20
-30.8847
 11
-21.4455
 21
-30.8553
  0
LINE
  8
0
 10
-21.4455
 20
-30.8553
 11
-21.4525
 21
-30.8249
  0
LINE
  8
0
 10
-21.4525
 20
-30.8249
 11
-21.4582
 21
-30.7933
  0
LINE
  8
0
 10
-21.4582
 20
-30.7933
 11
-21.4627
 21
-30.7606
  0
LINE
  8
0
 10
-21.4627
 20
-30.7606
 11
-21.4659
 21
-30.7268
  0
LINE
  8
0
 10
-21.4659
 20
-30.7268
 11
-21.4678
 21
-30.6918
  0
LINE
  8
0
 10
-21.4678
 20
-30.6918
 11
-21.4684
 21
-30.6558
  0
LINE
  8
0
 10
-21.4684
 20
-30.6558
 11
-21.4678
 21
-30.6191
  0
LINE
  8
0
 10
-21.4678
 20
-30.6191
 11
-21.4659
 21
-30.5838
  0
LINE
  8
0
 10
-21.4659
 20
-30.5838
 11
-21.4626
 21
-30.5496
  0
LINE
  8
0
 10
-21.4626
 20
-30.5496
 11
-21.4581
 21
-30.5167
  0
LINE
  8
0
 10
-21.4581
 20
-30.5167
 11
-21.4523
 21
-30.485
  0
LINE
  8
0
 10
-21.4523
 20
-30.485
 11
-21.4453
 21
-30.4546
  0
LINE
  8
0
 10
-21.4453
 20
-30.4546
 11
-21.4369
 21
-30.4254
  0
LINE
  8
0
 10
-21.4369
 20
-30.4254
 11
-21.4272
 21
-30.3975
  0
LINE
  8
0
 10
-21.4272
 20
-30.3975
 11
-21.4163
 21
-30.3708
  0
LINE
  8
0
 10
-21.4163
 20
-30.3708
 11
-21.404
 21
-30.3453
  0
LINE
  8
0
 10
-21.404
 20
-30.3453
 11
-21.3905
 21
-30.3211
  0
LINE
  8
0
 10
-21.3905
 20
-30.3211
 11
-21.3757
 21
-30.2981
  0
LINE
  8
0
 10
-21.3757
 20
-30.2981
 11
-21.3596
 21
-30.2764
  0
LINE
  8
0
 10
-21.3596
 20
-30.2764
 11
-21.3424
 21
-30.2561
  0
LINE
  8
0
 10
-21.3424
 20
-30.2561
 11
-21.3242
 21
-30.2374
  0
LINE
  8
0
 10
-21.3242
 20
-30.2374
 11
-21.3051
 21
-30.2203
  0
LINE
  8
0
 10
-21.3051
 20
-30.2203
 11
-21.285
 21
-30.2049
  0
LINE
  8
0
 10
-21.285
 20
-30.2049
 11
-21.264
 21
-30.1911
  0
LINE
  8
0
 10
-21.264
 20
-30.1911
 11
-21.242
 21
-30.1789
  0
LINE
  8
0
 10
-21.242
 20
-30.1789
 11
-21.2191
 21
-30.1683
  0
LINE
  8
0
 10
-21.2191
 20
-30.1683
 11
-21.1952
 21
-30.1594
  0
LINE
  8
0
 10
-21.1952
 20
-30.1594
 11
-21.1704
 21
-30.152
  0
LINE
  8
0
 10
-21.1704
 20
-30.152
 11
-21.1446
 21
-30.1463
  0
LINE
  8
0
 10
-21.1446
 20
-30.1463
 11
-21.1179
 21
-30.1423
  0
LINE
  8
0
 10
-21.1179
 20
-30.1423
 11
-21.0902
 21
-30.1398
  0
LINE
  8
0
 10
-21.0902
 20
-30.1398
 11
-21.0616
 21
-30.139
  0
LINE
  8
0
 10
-21.0616
 20
-30.139
 11
-21.0323
 21
-30.14
  0
LINE
  8
0
 10
-21.0323
 20
-30.14
 11
-21.0039
 21
-30.1428
  0
LINE
  8
0
 10
-21.0039
 20
-30.1428
 11
-20.9764
 21
-30.1474
  0
LINE
  8
0
 10
-20.9764
 20
-30.1474
 11
-20.9498
 21
-30.154
  0
LINE
  8
0
 10
-20.9498
 20
-30.154
 11
-20.9242
 21
-30.1624
  0
LINE
  8
0
 10
-20.9242
 20
-30.1624
 11
-20.8994
 21
-30.1726
  0
LINE
  8
0
 10
-20.8994
 20
-30.1726
 11
-20.8755
 21
-30.1848
  0
LINE
  8
0
 10
-20.8755
 20
-30.1848
 11
-20.8526
 21
-30.1987
  0
LINE
  8
0
 10
-20.8526
 20
-30.1987
 11
-20.8305
 21
-30.2146
  0
LINE
  8
0
 10
-20.8305
 20
-30.2146
 11
-20.8094
 21
-30.2323
  0
LINE
  8
0
 10
-20.8094
 20
-30.2323
 11
-20.7891
 21
-30.2519
  0
LINE
  8
0
 10
-20.7891
 20
-30.2519
 11
-20.7698
 21
-30.2734
  0
LINE
  8
0
 10
-20.7698
 20
-30.2734
 11
-20.7513
 21
-30.2967
  0
LINE
  8
0
 10
-20.7513
 20
-30.2967
 11
-20.734
 21
-30.3216
  0
LINE
  8
0
 10
-20.734
 20
-30.3216
 11
-20.7181
 21
-30.3478
  0
LINE
  8
0
 10
-20.7181
 20
-30.3478
 11
-20.7036
 21
-30.3753
  0
LINE
  8
0
 10
-20.7036
 20
-30.3753
 11
-20.6904
 21
-30.404
  0
LINE
  8
0
 10
-20.6904
 20
-30.404
 11
-20.6786
 21
-30.4341
  0
LINE
  8
0
 10
-20.6786
 20
-30.4341
 11
-20.6683
 21
-30.4654
  0
LINE
  8
0
 10
-20.6683
 20
-30.4654
 11
-20.6593
 21
-30.498
  0
LINE
  8
0
 10
-20.6593
 20
-30.498
 11
-20.6517
 21
-30.532
  0
LINE
  8
0
 10
-20.6517
 20
-30.532
 11
-20.6454
 21
-30.5672
  0
LINE
  8
0
 10
-20.6454
 20
-30.5672
 11
-20.6406
 21
-30.6037
  0
LINE
  8
0
 10
-20.6406
 20
-30.6037
 11
-20.6371
 21
-30.6414
  0
LINE
  8
0
 10
-20.6371
 20
-30.6414
 11
-20.635
 21
-30.6805
  0
LINE
  8
0
 10
-20.635
 20
-30.6805
 11
-20.6344
 21
-30.7209
  0
LINE
  8
0
 10
-20.6344
 20
-30.7209
 11
-20.6351
 21
-30.7526
  0
LINE
  8
0
 10
-20.6351
 20
-30.7526
 11
-20.6372
 21
-30.7833
  0
LINE
  8
0
 10
-20.6372
 20
-30.7833
 11
-20.6408
 21
-30.8131
  0
LINE
  8
0
 10
-20.6408
 20
-30.8131
 11
-20.6458
 21
-30.8418
  0
LINE
  8
0
 10
-20.6458
 20
-30.8418
 11
-20.6523
 21
-30.8696
  0
LINE
  8
0
 10
-20.6523
 20
-30.8696
 11
-20.6601
 21
-30.8963
  0
LINE
  8
0
 10
-20.6601
 20
-30.8963
 11
-20.6694
 21
-30.9221
  0
LINE
  8
0
 10
-20.6694
 20
-30.9221
 11
-20.6802
 21
-30.9468
  0
LINE
  8
0
 10
-20.6802
 20
-30.9468
 11
-20.6924
 21
-30.9706
  0
LINE
  8
0
 10
-20.6924
 20
-30.9706
 11
-20.706
 21
-30.9933
  0
LINE
  8
0
 10
-20.706
 20
-30.9933
 11
-20.721
 21
-31.015
  0
LINE
  8
0
 10
-20.721
 20
-31.015
 11
-20.7375
 21
-31.0358
  0
LINE
  8
0
 10
-20.7375
 20
-31.0358
 11
-20.7554
 21
-31.0555
  0
LINE
  8
0
 10
-20.7554
 20
-31.0555
 11
-20.7744
 21
-31.0741
  0
LINE
  8
0
 10
-20.7744
 20
-31.0741
 11
-20.7941
 21
-31.0911
  0
LINE
  8
0
 10
-20.7941
 20
-31.0911
 11
-20.8146
 21
-31.1066
  0
LINE
  8
0
 10
-20.8146
 20
-31.1066
 11
-20.8358
 21
-31.1207
  0
LINE
  8
0
 10
-20.8358
 20
-31.1207
 11
-20.8577
 21
-31.1333
  0
LINE
  8
0
 10
-20.8577
 20
-31.1333
 11
-20.8803
 21
-31.1444
  0
LINE
  8
0
 10
-20.8803
 20
-31.1444
 11
-20.9037
 21
-31.154
  0
LINE
  8
0
 10
-20.9037
 20
-31.154
 11
-20.9279
 21
-31.1621
  0
LINE
  8
0
 10
-20.9279
 20
-31.1621
 11
-20.9527
 21
-31.1688
  0
LINE
  8
0
 10
-20.9527
 20
-31.1688
 11
-20.9783
 21
-31.174
  0
LINE
  8
0
 10
-20.9783
 20
-31.174
 11
-21.0046
 21
-31.1777
  0
LINE
  8
0
 10
-21.0046
 20
-31.1777
 11
-21.0317
 21
-31.1799
  0
LINE
  8
0
 10
-21.0317
 20
-31.1799
 11
-21.0595
 21
-31.1806
  0
LINE
  8
0
 10
-21.0595
 20
-31.1806
 11
-21.0887
 21
-31.1798
  0
LINE
  8
0
 10
-10.8168
 20
-32.6402
 11
-10.7511
 21
-32.637
  0
LINE
  8
0
 10
-10.7511
 20
-32.637
 11
-10.6868
 21
-32.6317
  0
LINE
  8
0
 10
-10.6868
 20
-32.6317
 11
-10.6237
 21
-32.6243
  0
LINE
  8
0
 10
-10.6237
 20
-32.6243
 11
-10.562
 21
-32.6147
  0
LINE
  8
0
 10
-10.562
 20
-32.6147
 11
-10.5015
 21
-32.603
  0
LINE
  8
0
 10
-10.5015
 20
-32.603
 11
-10.4424
 21
-32.5891
  0
LINE
  8
0
 10
-10.4424
 20
-32.5891
 11
-10.3845
 21
-32.5731
  0
LINE
  8
0
 10
-10.3845
 20
-32.5731
 11
-10.3279
 21
-32.555
  0
LINE
  8
0
 10
-10.3279
 20
-32.555
 11
-10.2727
 21
-32.5348
  0
LINE
  8
0
 10
-10.2727
 20
-32.5348
 11
-10.2188
 21
-32.5124
  0
LINE
  8
0
 10
-10.2188
 20
-32.5124
 11
-10.1661
 21
-32.4879
  0
LINE
  8
0
 10
-10.1661
 20
-32.4879
 11
-10.1147
 21
-32.4613
  0
LINE
  8
0
 10
-10.1147
 20
-32.4613
 11
-10.0649
 21
-32.4326
  0
LINE
  8
0
 10
-10.0649
 20
-32.4326
 11
-10.017
 21
-32.4021
  0
LINE
  8
0
 10
-10.017
 20
-32.4021
 11
-9.97076
 21
-32.3697
  0
LINE
  8
0
 10
-9.97076
 20
-32.3697
 11
-9.92638
 21
-32.3353
  0
LINE
  8
0
 10
-9.92638
 20
-32.3353
 11
-9.8838
 21
-32.2991
  0
LINE
  8
0
 10
-9.8838
 20
-32.2991
 11
-9.84303
 21
-32.261
  0
LINE
  8
0
 10
-9.84303
 20
-32.261
 11
-9.80406
 21
-32.2211
  0
LINE
  8
0
 10
-9.80406
 20
-32.2211
 11
-9.76691
 21
-32.1792
  0
LINE
  8
0
 10
-9.76691
 20
-32.1792
 11
-9.73155
 21
-32.1354
  0
LINE
  8
0
 10
-9.73155
 20
-32.1354
 11
-9.698
 21
-32.0898
  0
LINE
  8
0
 10
-9.698
 20
-32.0898
 11
-9.66626
 21
-32.0422
  0
LINE
  8
0
 10
-9.66626
 20
-32.0422
 11
-9.63632
 21
-31.9928
  0
LINE
  8
0
 10
-9.63632
 20
-31.9928
 11
-9.6082
 21
-31.9415
  0
LINE
  8
0
 10
-9.6082
 20
-31.9415
 11
-9.58202
 21
-31.8886
  0
LINE
  8
0
 10
-9.58202
 20
-31.8886
 11
-9.55792
 21
-31.8344
  0
LINE
  8
0
 10
-9.55792
 20
-31.8344
 11
-9.53593
 21
-31.7789
  0
LINE
  8
0
 10
-9.53593
 20
-31.7789
 11
-9.51602
 21
-31.7222
  0
LINE
  8
0
 10
-9.51602
 20
-31.7222
 11
-9.49823
 21
-31.6642
  0
LINE
  8
0
 10
-9.49823
 20
-31.6642
 11
-9.48251
 21
-31.6049
  0
LINE
  8
0
 10
-9.48251
 20
-31.6049
 11
-9.4689
 21
-31.5443
  0
LINE
  8
0
 10
-9.4689
 20
-31.5443
 11
-9.45738
 21
-31.4825
  0
LINE
  8
0
 10
-9.45738
 20
-31.4825
 11
-9.44795
 21
-31.4194
  0
LINE
  8
0
 10
-9.44795
 20
-31.4194
 11
-9.44063
 21
-31.355
  0
LINE
  8
0
 10
-9.44063
 20
-31.355
 11
-9.43538
 21
-31.2893
  0
LINE
  8
0
 10
-9.43538
 20
-31.2893
 11
-9.43224
 21
-31.2224
  0
LINE
  8
0
 10
-9.43224
 20
-31.2224
 11
-9.4312
 21
-31.1542
  0
LINE
  8
0
 10
-9.4312
 20
-31.1542
 11
-9.43346
 21
-31.0511
  0
LINE
  8
0
 10
-9.43346
 20
-31.0511
 11
-9.44028
 21
-30.9514
  0
LINE
  8
0
 10
-9.44028
 20
-30.9514
 11
-9.45161
 21
-30.8551
  0
LINE
  8
0
 10
-9.45161
 20
-30.8551
 11
-9.4675
 21
-30.7623
  0
LINE
  8
0
 10
-9.4675
 20
-30.7623
 11
-9.48793
 21
-30.673
  0
LINE
  8
0
 10
-9.48793
 20
-30.673
 11
-9.51288
 21
-30.5871
  0
LINE
  8
0
 10
-9.51288
 20
-30.5871
 11
-9.54239
 21
-30.5046
  0
LINE
  8
0
 10
-9.54239
 20
-30.5046
 11
-9.57642
 21
-30.4256
  0
LINE
  8
0
 10
-9.57642
 20
-30.4256
 11
-9.61499
 21
-30.35
  0
LINE
  8
0
 10
-9.61499
 20
-30.35
 11
-9.65811
 21
-30.2778
  0
LINE
  8
0
 10
-9.65811
 20
-30.2778
 11
-9.70576
 21
-30.2091
  0
LINE
  8
0
 10
-9.70576
 20
-30.2091
 11
-9.75795
 21
-30.1439
  0
LINE
  8
0
 10
-9.75795
 20
-30.1439
 11
-9.81468
 21
-30.0821
  0
LINE
  8
0
 10
-9.81468
 20
-30.0821
 11
-9.87544
 21
-30.0243
  0
LINE
  8
0
 10
-9.87544
 20
-30.0243
 11
-9.93973
 21
-29.9711
  0
LINE
  8
0
 10
-9.93973
 20
-29.9711
 11
-10.0075
 21
-29.9226
  0
LINE
  8
0
 10
-10.0075
 20
-29.9226
 11
-10.0789
 21
-29.8787
  0
LINE
  8
0
 10
-10.0789
 20
-29.8787
 11
-10.1537
 21
-29.8394
  0
LINE
  8
0
 10
-10.1537
 20
-29.8394
 11
-10.2321
 21
-29.8047
  0
LINE
  8
0
 10
-10.2321
 20
-29.8047
 11
-10.3141
 21
-29.7747
  0
LINE
  8
0
 10
-10.3141
 20
-29.7747
 11
-10.3995
 21
-29.7493
  0
LINE
  8
0
 10
-10.3995
 20
-29.7493
 11
-10.4885
 21
-29.7285
  0
LINE
  8
0
 10
-10.4885
 20
-29.7285
 11
-10.581
 21
-29.7123
  0
LINE
  8
0
 10
-10.581
 20
-29.7123
 11
-10.677
 21
-29.7007
  0
LINE
  8
0
 10
-10.677
 20
-29.7007
 11
-10.7766
 21
-29.6938
  0
LINE
  8
0
 10
-10.7766
 20
-29.6938
 11
-10.8797
 21
-29.6915
  0
LINE
  8
0
 10
-10.8797
 20
-29.6915
 11
-10.9827
 21
-29.6938
  0
LINE
  8
0
 10
-10.9827
 20
-29.6938
 11
-11.0823
 21
-29.7006
  0
LINE
  8
0
 10
-11.0823
 20
-29.7006
 11
-11.1783
 21
-29.7121
  0
LINE
  8
0
 10
-11.1783
 20
-29.7121
 11
-11.2707
 21
-29.7281
  0
LINE
  8
0
 10
-11.2707
 20
-29.7281
 11
-11.3596
 21
-29.7487
  0
LINE
  8
0
 10
-11.3596
 20
-29.7487
 11
-11.445
 21
-29.7738
  0
LINE
  8
0
 10
-11.445
 20
-29.7738
 11
-11.5269
 21
-29.8035
  0
LINE
  8
0
 10
-11.5269
 20
-29.8035
 11
-11.6052
 21
-29.8379
  0
LINE
  8
0
 10
-11.6052
 20
-29.8379
 11
-11.68
 21
-29.8767
  0
LINE
  8
0
 10
-11.68
 20
-29.8767
 11
-11.7512
 21
-29.9202
  0
LINE
  8
0
 10
-11.7512
 20
-29.9202
 11
-11.8189
 21
-29.9682
  0
LINE
  8
0
 10
-11.8189
 20
-29.9682
 11
-11.883
 21
-30.0208
  0
LINE
  8
0
 10
-11.883
 20
-30.0208
 11
-11.9436
 21
-30.078
  0
LINE
  8
0
 10
-11.9436
 20
-30.078
 11
-12.0002
 21
-30.1393
  0
LINE
  8
0
 10
-12.0002
 20
-30.1393
 11
-12.0523
 21
-30.2041
  0
LINE
  8
0
 10
-12.0523
 20
-30.2041
 11
-12.0998
 21
-30.2726
  0
LINE
  8
0
 10
-12.0998
 20
-30.2726
 11
-12.1428
 21
-30.3446
  0
LINE
  8
0
 10
-12.1428
 20
-30.3446
 11
-12.1813
 21
-30.4202
  0
LINE
  8
0
 10
-12.1813
 20
-30.4202
 11
-12.2152
 21
-30.4994
  0
LINE
  8
0
 10
-12.2152
 20
-30.4994
 11
-12.2446
 21
-30.5822
  0
LINE
  8
0
 10
-12.2446
 20
-30.5822
 11
-12.2695
 21
-30.6685
  0
LINE
  8
0
 10
-12.2695
 20
-30.6685
 11
-12.2899
 21
-30.7585
  0
LINE
  8
0
 10
-12.2899
 20
-30.7585
 11
-12.3057
 21
-30.852
  0
LINE
  8
0
 10
-12.3057
 20
-30.852
 11
-12.317
 21
-30.9492
  0
LINE
  8
0
 10
-12.317
 20
-30.9492
 11
-12.3238
 21
-31.0499
  0
LINE
  8
0
 10
-12.3238
 20
-31.0499
 11
-12.3261
 21
-31.1542
  0
LINE
  8
0
 10
-12.3261
 20
-31.1542
 11
-12.3238
 21
-31.2588
  0
LINE
  8
0
 10
-12.3238
 20
-31.2588
 11
-12.317
 21
-31.36
  0
LINE
  8
0
 10
-12.317
 20
-31.36
 11
-12.3057
 21
-31.4578
  0
LINE
  8
0
 10
-12.3057
 20
-31.4578
 11
-12.2898
 21
-31.552
  0
LINE
  8
0
 10
-12.2898
 20
-31.552
 11
-12.2694
 21
-31.6428
  0
LINE
  8
0
 10
-12.2694
 20
-31.6428
 11
-12.2444
 21
-31.73
  0
LINE
  8
0
 10
-12.2444
 20
-31.73
 11
-12.2149
 21
-31.8138
  0
LINE
  8
0
 10
-12.2149
 20
-31.8138
 11
-12.1809
 21
-31.8942
  0
LINE
  8
0
 10
-12.1809
 20
-31.8942
 11
-12.1423
 21
-31.971
  0
LINE
  8
0
 10
-12.1423
 20
-31.971
 11
-12.0992
 21
-32.0444
  0
LINE
  8
0
 10
-12.0992
 20
-32.0444
 11
-12.0515
 21
-32.1143
  0
LINE
  8
0
 10
-12.0515
 20
-32.1143
 11
-11.9993
 21
-32.1807
  0
LINE
  8
0
 10
-11.9993
 20
-32.1807
 11
-11.9426
 21
-32.2436
  0
LINE
  8
0
 10
-11.9426
 20
-32.2436
 11
-11.8819
 21
-32.3024
  0
LINE
  8
0
 10
-11.8819
 20
-32.3024
 11
-11.8177
 21
-32.3565
  0
LINE
  8
0
 10
-11.8177
 20
-32.3565
 11
-11.7501
 21
-32.406
  0
LINE
  8
0
 10
-11.7501
 20
-32.406
 11
-11.679
 21
-32.4507
  0
LINE
  8
0
 10
-11.679
 20
-32.4507
 11
-11.6044
 21
-32.4907
  0
LINE
  8
0
 10
-11.6044
 20
-32.4907
 11
-11.5264
 21
-32.526
  0
LINE
  8
0
 10
-11.5264
 20
-32.526
 11
-11.445
 21
-32.5566
  0
LINE
  8
0
 10
-11.445
 20
-32.5566
 11
-11.3601
 21
-32.5825
  0
LINE
  8
0
 10
-11.3601
 20
-32.5825
 11
-11.2717
 21
-32.6036
  0
LINE
  8
0
 10
-11.2717
 20
-32.6036
 11
-11.1799
 21
-32.6201
  0
LINE
  8
0
 10
-11.1799
 20
-32.6201
 11
-11.0846
 21
-32.6319
  0
LINE
  8
0
 10
-11.0846
 20
-32.6319
 11
-10.9859
 21
-32.6389
  0
LINE
  8
0
 10
-10.9859
 20
-32.6389
 11
-10.8837
 21
-32.6413
  0
LINE
  8
0
 10
-10.8837
 20
-32.6413
 11
-10.8168
 21
-32.6402
  0
LINE
  8
0
 10
-10.9426
 20
-32.1677
 11
-10.9994
 21
-32.1629
  0
LINE
  8
0
 10
-10.9994
 20
-32.1629
 11
-11.0544
 21
-32.1549
  0
LINE
  8
0
 10
-11.0544
 20
-32.1549
 11
-11.1073
 21
-32.1436
  0
LINE
  8
0
 10
-11.1073
 20
-32.1436
 11
-11.1584
 21
-32.1292
  0
LINE
  8
0
 10
-11.1584
 20
-32.1292
 11
-11.2075
 21
-32.1115
  0
LINE
  8
0
 10
-11.2075
 20
-32.1115
 11
-11.2547
 21
-32.0906
  0
LINE
  8
0
 10
-11.2547
 20
-32.0906
 11
-11.2999
 21
-32.0665
  0
LINE
  8
0
 10
-11.2999
 20
-32.0665
 11
-11.3432
 21
-32.0392
  0
LINE
  8
0
 10
-11.3432
 20
-32.0392
 11
-11.3846
 21
-32.0086
  0
LINE
  8
0
 10
-11.3846
 20
-32.0086
 11
-11.424
 21
-31.9749
  0
LINE
  8
0
 10
-11.424
 20
-31.9749
 11
-11.4615
 21
-31.9379
  0
LINE
  8
0
 10
-11.4615
 20
-31.9379
 11
-11.4971
 21
-31.8978
  0
LINE
  8
0
 10
-11.4971
 20
-31.8978
 11
-11.5303
 21
-31.8548
  0
LINE
  8
0
 10
-11.5303
 20
-31.8548
 11
-11.5609
 21
-31.8094
  0
LINE
  8
0
 10
-11.5609
 20
-31.8094
 11
-11.5889
 21
-31.7617
  0
LINE
  8
0
 10
-11.5889
 20
-31.7617
 11
-11.6141
 21
-31.7116
  0
LINE
  8
0
 10
-11.6141
 20
-31.7116
 11
-11.6367
 21
-31.6592
  0
LINE
  8
0
 10
-11.6367
 20
-31.6592
 11
-11.6567
 21
-31.6044
  0
LINE
  8
0
 10
-11.6567
 20
-31.6044
 11
-11.674
 21
-31.5472
  0
LINE
  8
0
 10
-11.674
 20
-31.5472
 11
-11.6886
 21
-31.4876
  0
LINE
  8
0
 10
-11.6886
 20
-31.4876
 11
-11.7006
 21
-31.4256
  0
LINE
  8
0
 10
-11.7006
 20
-31.4256
 11
-11.7099
 21
-31.3613
  0
LINE
  8
0
 10
-11.7099
 20
-31.3613
 11
-11.7166
 21
-31.2946
  0
LINE
  8
0
 10
-11.7166
 20
-31.2946
 11
-11.7206
 21
-31.2256
  0
LINE
  8
0
 10
-11.7206
 20
-31.2256
 11
-11.7219
 21
-31.1542
  0
LINE
  8
0
 10
-11.7219
 20
-31.1542
 11
-11.7206
 21
-31.0834
  0
LINE
  8
0
 10
-11.7206
 20
-31.0834
 11
-11.7167
 21
-31.0151
  0
LINE
  8
0
 10
-11.7167
 20
-31.0151
 11
-11.7102
 21
-30.9492
  0
LINE
  8
0
 10
-11.7102
 20
-30.9492
 11
-11.7011
 21
-30.8858
  0
LINE
  8
0
 10
-11.7011
 20
-30.8858
 11
-11.6894
 21
-30.8248
  0
LINE
  8
0
 10
-11.6894
 20
-30.8248
 11
-11.6751
 21
-30.7663
  0
LINE
  8
0
 10
-11.6751
 20
-30.7663
 11
-11.6582
 21
-30.7102
  0
LINE
  8
0
 10
-11.6582
 20
-30.7102
 11
-11.6387
 21
-30.6565
  0
LINE
  8
0
 10
-11.6387
 20
-30.6565
 11
-11.6166
 21
-30.6053
  0
LINE
  8
0
 10
-11.6166
 20
-30.6053
 11
-11.5919
 21
-30.5565
  0
LINE
  8
0
 10
-11.5919
 20
-30.5565
 11
-11.5646
 21
-30.5102
  0
LINE
  8
0
 10
-11.5646
 20
-30.5102
 11
-11.5347
 21
-30.4663
  0
LINE
  8
0
 10
-11.5347
 20
-30.4663
 11
-11.5022
 21
-30.4249
  0
LINE
  8
0
 10
-11.5022
 20
-30.4249
 11
-11.4673
 21
-30.3862
  0
LINE
  8
0
 10
-11.4673
 20
-30.3862
 11
-11.4303
 21
-30.3506
  0
LINE
  8
0
 10
-11.4303
 20
-30.3506
 11
-11.391
 21
-30.3181
  0
LINE
  8
0
 10
-11.391
 20
-30.3181
 11
-11.3496
 21
-30.2888
  0
LINE
  8
0
 10
-11.3496
 20
-30.2888
 11
-11.3061
 21
-30.2625
  0
LINE
  8
0
 10
-11.3061
 20
-30.2625
 11
-11.2604
 21
-30.2393
  0
LINE
  8
0
 10
-11.2604
 20
-30.2393
 11
-11.2125
 21
-30.2191
  0
LINE
  8
0
 10
-11.2125
 20
-30.2191
 11
-11.1624
 21
-30.2021
  0
LINE
  8
0
 10
-11.1624
 20
-30.2021
 11
-11.1102
 21
-30.1882
  0
LINE
  8
0
 10
-11.1102
 20
-30.1882
 11
-11.0558
 21
-30.1774
  0
LINE
  8
0
 10
-11.0558
 20
-30.1774
 11
-10.9993
 21
-30.1696
  0
LINE
  8
0
 10
-10.9993
 20
-30.1696
 11
-10.9405
 21
-30.165
  0
LINE
  8
0
 10
-10.9405
 20
-30.165
 11
-10.8797
 21
-30.1635
  0
LINE
  8
0
 10
-10.8797
 20
-30.1635
 11
-10.8197
 21
-30.165
  0
LINE
  8
0
 10
-10.8197
 20
-30.165
 11
-10.7618
 21
-30.1697
  0
LINE
  8
0
 10
-10.7618
 20
-30.1697
 11
-10.706
 21
-30.1775
  0
LINE
  8
0
 10
-10.706
 20
-30.1775
 11
-10.6523
 21
-30.1884
  0
LINE
  8
0
 10
-10.6523
 20
-30.1884
 11
-10.6007
 21
-30.2024
  0
LINE
  8
0
 10
-10.6007
 20
-30.2024
 11
-10.5512
 21
-30.2196
  0
LINE
  8
0
 10
-10.5512
 20
-30.2196
 11
-10.5038
 21
-30.2399
  0
LINE
  8
0
 10
-10.5038
 20
-30.2399
 11
-10.4584
 21
-30.2632
  0
LINE
  8
0
 10
-10.4584
 20
-30.2632
 11
-10.4152
 21
-30.2897
  0
LINE
  8
0
 10
-10.4152
 20
-30.2897
 11
-10.3741
 21
-30.3194
  0
LINE
  8
0
 10
-10.3741
 20
-30.3194
 11
-10.335
 21
-30.3521
  0
LINE
  8
0
 10
-10.335
 20
-30.3521
 11
-10.2981
 21
-30.3879
  0
LINE
  8
0
 10
-10.2981
 20
-30.3879
 11
-10.2632
 21
-30.4269
  0
LINE
  8
0
 10
-10.2632
 20
-30.4269
 11
-10.2307
 21
-30.4686
  0
LINE
  8
0
 10
-10.2307
 20
-30.4686
 11
-10.2008
 21
-30.5127
  0
LINE
  8
0
 10
-10.2008
 20
-30.5127
 11
-10.1735
 21
-30.5592
  0
LINE
  8
0
 10
-10.1735
 20
-30.5592
 11
-10.1488
 21
-30.608
  0
LINE
  8
0
 10
-10.1488
 20
-30.608
 11
-10.1267
 21
-30.6592
  0
LINE
  8
0
 10
-10.1267
 20
-30.6592
 11
-10.1072
 21
-30.7128
  0
LINE
  8
0
 10
-10.1072
 20
-30.7128
 11
-10.0903
 21
-30.7687
  0
LINE
  8
0
 10
-10.0903
 20
-30.7687
 11
-10.076
 21
-30.827
  0
LINE
  8
0
 10
-10.076
 20
-30.827
 11
-10.0643
 21
-30.8877
  0
LINE
  8
0
 10
-10.0643
 20
-30.8877
 11
-10.0552
 21
-30.9508
  0
LINE
  8
0
 10
-10.0552
 20
-30.9508
 11
-10.0487
 21
-31.0162
  0
LINE
  8
0
 10
-10.0487
 20
-31.0162
 11
-10.0448
 21
-31.084
  0
LINE
  8
0
 10
-10.0448
 20
-31.084
 11
-10.0435
 21
-31.1542
  0
LINE
  8
0
 10
-10.0435
 20
-31.1542
 11
-10.0448
 21
-31.2277
  0
LINE
  8
0
 10
-10.0448
 20
-31.2277
 11
-10.0487
 21
-31.2985
  0
LINE
  8
0
 10
-10.0487
 20
-31.2985
 11
-10.0552
 21
-31.3668
  0
LINE
  8
0
 10
-10.0552
 20
-31.3668
 11
-10.0642
 21
-31.4324
  0
LINE
  8
0
 10
-10.0642
 20
-31.4324
 11
-10.0759
 21
-31.4954
  0
LINE
  8
0
 10
-10.0759
 20
-31.4954
 11
-10.0901
 21
-31.5557
  0
LINE
  8
0
 10
-10.0901
 20
-31.5557
 11
-10.1069
 21
-31.6135
  0
LINE
  8
0
 10
-10.1069
 20
-31.6135
 11
-10.1263
 21
-31.6686
  0
LINE
  8
0
 10
-10.1263
 20
-31.6686
 11
-10.1483
 21
-31.7211
  0
LINE
  8
0
 10
-10.1483
 20
-31.7211
 11
-10.1729
 21
-31.771
  0
LINE
  8
0
 10
-10.1729
 20
-31.771
 11
-10.2001
 21
-31.8182
  0
LINE
  8
0
 10
-10.2001
 20
-31.8182
 11
-10.2299
 21
-31.8629
  0
LINE
  8
0
 10
-10.2299
 20
-31.8629
 11
-10.2622
 21
-31.9049
  0
LINE
  8
0
 10
-10.2622
 20
-31.9049
 11
-10.297
 21
-31.944
  0
LINE
  8
0
 10
-10.297
 20
-31.944
 11
-10.3339
 21
-31.98
  0
LINE
  8
0
 10
-10.3339
 20
-31.98
 11
-10.373
 21
-32.0128
  0
LINE
  8
0
 10
-10.373
 20
-32.0128
 11
-10.4142
 21
-32.0426
  0
LINE
  8
0
 10
-10.4142
 20
-32.0426
 11
-10.4577
 21
-32.0692
  0
LINE
  8
0
 10
-10.4577
 20
-32.0692
 11
-10.5033
 21
-32.0927
  0
LINE
  8
0
 10
-10.5033
 20
-32.0927
 11
-10.5511
 21
-32.113
  0
LINE
  8
0
 10
-10.5511
 20
-32.113
 11
-10.6011
 21
-32.1302
  0
LINE
  8
0
 10
-10.6011
 20
-32.1302
 11
-10.6533
 21
-32.1443
  0
LINE
  8
0
 10
-10.6533
 20
-32.1443
 11
-10.7076
 21
-32.1552
  0
LINE
  8
0
 10
-10.7076
 20
-32.1552
 11
-10.7641
 21
-32.1631
  0
LINE
  8
0
 10
-10.7641
 20
-32.1631
 11
-10.8229
 21
-32.1678
  0
LINE
  8
0
 10
-10.8229
 20
-32.1678
 11
-10.8837
 21
-32.1693
  0
LINE
  8
0
 10
-10.8837
 20
-32.1693
 11
-10.9426
 21
-32.1677
  0
LINE
  8
0
 10
-24.5585
 20
-32.64
 11
-24.4707
 21
-32.636
  0
LINE
  8
0
 10
-24.4707
 20
-32.636
 11
-24.3864
 21
-32.6294
  0
LINE
  8
0
 10
-24.3864
 20
-32.6294
 11
-24.3056
 21
-32.6202
  0
LINE
  8
0
 10
-24.3056
 20
-32.6202
 11
-24.2281
 21
-32.6083
  0
LINE
  8
0
 10
-24.2281
 20
-32.6083
 11
-24.1542
 21
-32.5938
  0
LINE
  8
0
 10
-24.1542
 20
-32.5938
 11
-24.0837
 21
-32.5767
  0
LINE
  8
0
 10
-24.0837
 20
-32.5767
 11
-24.0167
 21
-32.5569
  0
LINE
  8
0
 10
-24.0167
 20
-32.5569
 11
-23.9531
 21
-32.5345
  0
LINE
  8
0
 10
-23.9531
 20
-32.5345
 11
-23.8929
 21
-32.5095
  0
LINE
  8
0
 10
-23.8929
 20
-32.5095
 11
-23.8363
 21
-32.4818
  0
LINE
  8
0
 10
-23.8363
 20
-32.4818
 11
-23.783
 21
-32.4515
  0
LINE
  8
0
 10
-23.783
 20
-32.4515
 11
-23.7333
 21
-32.4185
  0
LINE
  8
0
 10
-23.7333
 20
-32.4185
 11
-23.6871
 21
-32.3831
  0
LINE
  8
0
 10
-23.6871
 20
-32.3831
 11
-23.6446
 21
-32.3453
  0
LINE
  8
0
 10
-23.6446
 20
-32.3453
 11
-23.6058
 21
-32.3052
  0
LINE
  8
0
 10
-23.6058
 20
-32.3052
 11
-23.5706
 21
-32.2627
  0
LINE
  8
0
 10
-23.5706
 20
-32.2627
 11
-23.5392
 21
-32.2178
  0
LINE
  8
0
 10
-23.5392
 20
-32.2178
 11
-23.5115
 21
-32.1707
  0
LINE
  8
0
 10
-23.5115
 20
-32.1707
 11
-23.4875
 21
-32.1211
  0
LINE
  8
0
 10
-23.4875
 20
-32.1211
 11
-23.4672
 21
-32.0692
  0
LINE
  8
0
 10
-23.4672
 20
-32.0692
 11
-23.4505
 21
-32.015
  0
LINE
  8
0
 10
-23.4505
 20
-32.015
 11
-23.4376
 21
-31.9585
  0
LINE
  8
0
 10
-23.4376
 20
-31.9585
 11
-23.4284
 21
-31.8995
  0
LINE
  8
0
 10
-23.4284
 20
-31.8995
 11
-23.4228
 21
-31.8383
  0
LINE
  8
0
 10
-23.4228
 20
-31.8383
 11
-23.421
 21
-31.7747
  0
LINE
  8
0
 10
-23.421
 20
-31.7747
 11
-23.4213
 21
-31.7474
  0
LINE
  8
0
 10
-23.4213
 20
-31.7474
 11
-23.4223
 21
-31.7206
  0
LINE
  8
0
 10
-23.4223
 20
-31.7206
 11
-23.4239
 21
-31.6943
  0
LINE
  8
0
 10
-23.4239
 20
-31.6943
 11
-23.4262
 21
-31.6684
  0
LINE
  8
0
 10
-23.4262
 20
-31.6684
 11
-23.4291
 21
-31.6431
  0
LINE
  8
0
 10
-23.4291
 20
-31.6431
 11
-23.4327
 21
-31.6183
  0
LINE
  8
0
 10
-23.4327
 20
-31.6183
 11
-23.4369
 21
-31.594
  0
LINE
  8
0
 10
-23.4369
 20
-31.594
 11
-23.4418
 21
-31.5701
  0
LINE
  8
0
 10
-23.4418
 20
-31.5701
 11
-23.4473
 21
-31.5468
  0
LINE
  8
0
 10
-23.4473
 20
-31.5468
 11
-23.4535
 21
-31.5239
  0
LINE
  8
0
 10
-23.4535
 20
-31.5239
 11
-23.4603
 21
-31.5016
  0
LINE
  8
0
 10
-23.4603
 20
-31.5016
 11
-23.4678
 21
-31.4797
  0
LINE
  8
0
 10
-23.4678
 20
-31.4797
 11
-23.4759
 21
-31.4583
  0
LINE
  8
0
 10
-23.4759
 20
-31.4583
 11
-23.4846
 21
-31.4374
  0
LINE
  8
0
 10
-23.4846
 20
-31.4374
 11
-23.494
 21
-31.417
  0
LINE
  8
0
 10
-23.494
 20
-31.417
 11
-23.5039
 21
-31.397
  0
LINE
  8
0
 10
-23.5039
 20
-31.397
 11
-23.5143
 21
-31.3775
  0
LINE
  8
0
 10
-23.5143
 20
-31.3775
 11
-23.5254
 21
-31.3584
  0
LINE
  8
0
 10
-23.5254
 20
-31.3584
 11
-23.537
 21
-31.3398
  0
LINE
  8
0
 10
-23.537
 20
-31.3398
 11
-23.5492
 21
-31.3216
  0
LINE
  8
0
 10
-23.5492
 20
-31.3216
 11
-23.562
 21
-31.3039
  0
LINE
  8
0
 10
-23.562
 20
-31.3039
 11
-23.5754
 21
-31.2867
  0
LINE
  8
0
 10
-23.5754
 20
-31.2867
 11
-23.5893
 21
-31.2699
  0
LINE
  8
0
 10
-23.5893
 20
-31.2699
 11
-23.6038
 21
-31.2536
  0
LINE
  8
0
 10
-23.6038
 20
-31.2536
 11
-23.6189
 21
-31.2377
  0
LINE
  8
0
 10
-23.6189
 20
-31.2377
 11
-23.6346
 21
-31.2223
  0
LINE
  8
0
 10
-23.6346
 20
-31.2223
 11
-23.651
 21
-31.2073
  0
LINE
  8
0
 10
-23.651
 20
-31.2073
 11
-23.6683
 21
-31.1926
  0
LINE
  8
0
 10
-23.6683
 20
-31.1926
 11
-23.6864
 21
-31.1781
  0
LINE
  8
0
 10
-23.6864
 20
-31.1781
 11
-23.7055
 21
-31.1639
  0
LINE
  8
0
 10
-23.7055
 20
-31.1639
 11
-23.7254
 21
-31.1501
  0
LINE
  8
0
 10
-23.7254
 20
-31.1501
 11
-23.7462
 21
-31.1365
  0
LINE
  8
0
 10
-23.7462
 20
-31.1365
 11
-23.7679
 21
-31.1232
  0
LINE
  8
0
 10
-23.7679
 20
-31.1232
 11
-23.7904
 21
-31.1102
  0
LINE
  8
0
 10
-23.7904
 20
-31.1102
 11
-23.8138
 21
-31.0974
  0
LINE
  8
0
 10
-23.8138
 20
-31.0974
 11
-23.8382
 21
-31.085
  0
LINE
  8
0
 10
-23.8382
 20
-31.085
 11
-23.8633
 21
-31.0728
  0
LINE
  8
0
 10
-23.8633
 20
-31.0728
 11
-23.8894
 21
-31.061
  0
LINE
  8
0
 10
-23.8894
 20
-31.061
 11
-23.9164
 21
-31.0494
  0
LINE
  8
0
 10
-23.9164
 20
-31.0494
 11
-23.9451
 21
-31.0379
  0
LINE
  8
0
 10
-23.9451
 20
-31.0379
 11
-23.9767
 21
-31.0263
  0
LINE
  8
0
 10
-23.9767
 20
-31.0263
 11
-24.011
 21
-31.0145
  0
LINE
  8
0
 10
-24.011
 20
-31.0145
 11
-24.0481
 21
-31.0025
  0
LINE
  8
0
 10
-24.0481
 20
-31.0025
 11
-24.088
 21
-30.9903
  0
LINE
  8
0
 10
-24.088
 20
-30.9903
 11
-24.1307
 21
-30.9781
  0
LINE
  8
0
 10
-24.1307
 20
-30.9781
 11
-24.1762
 21
-30.9656
  0
LINE
  8
0
 10
-24.1762
 20
-30.9656
 11
-24.2244
 21
-30.953
  0
LINE
  8
0
 10
-24.2244
 20
-30.953
 11
-24.2754
 21
-30.9403
  0
LINE
  8
0
 10
-24.2754
 20
-30.9403
 11
-24.3292
 21
-30.9274
  0
LINE
  8
0
 10
-24.3292
 20
-30.9274
 11
-24.3858
 21
-30.9143
  0
LINE
  8
0
 10
-24.3858
 20
-30.9143
 11
-24.4452
 21
-30.9011
  0
LINE
  8
0
 10
-24.4452
 20
-30.9011
 11
-24.5073
 21
-30.8877
  0
LINE
  8
0
 10
-24.5073
 20
-30.8877
 11
-24.5595
 21
-30.8763
  0
LINE
  8
0
 10
-24.5595
 20
-30.8763
 11
-24.6088
 21
-30.8651
  0
LINE
  8
0
 10
-24.6088
 20
-30.8651
 11
-24.6554
 21
-30.8543
  0
LINE
  8
0
 10
-24.6554
 20
-30.8543
 11
-24.6993
 21
-30.8438
  0
LINE
  8
0
 10
-24.6993
 20
-30.8438
 11
-24.7403
 21
-30.8336
  0
LINE
  8
0
 10
-24.7403
 20
-30.8336
 11
-24.7786
 21
-30.8236
  0
LINE
  8
0
 10
-24.7786
 20
-30.8236
 11
-24.8141
 21
-30.814
  0
LINE
  8
0
 10
-24.8141
 20
-30.814
 11
-24.8469
 21
-30.8047
  0
LINE
  8
0
 10
-24.8469
 20
-30.8047
 11
-24.8769
 21
-30.7957
  0
LINE
  8
0
 10
-24.8769
 20
-30.7957
 11
-24.9041
 21
-30.7869
  0
LINE
  8
0
 10
-24.9041
 20
-30.7869
 11
-24.9286
 21
-30.7785
  0
LINE
  8
0
 10
-24.9286
 20
-30.7785
 11
-24.9502
 21
-30.7704
  0
LINE
  8
0
 10
-24.9502
 20
-30.7704
 11
-24.9691
 21
-30.7626
  0
LINE
  8
0
 10
-24.9691
 20
-30.7626
 11
-24.9863
 21
-30.7548
  0
LINE
  8
0
 10
-24.9863
 20
-30.7548
 11
-25.0029
 21
-30.7467
  0
LINE
  8
0
 10
-25.0029
 20
-30.7467
 11
-25.0188
 21
-30.7384
  0
LINE
  8
0
 10
-25.0188
 20
-30.7384
 11
-25.034
 21
-30.7299
  0
LINE
  8
0
 10
-25.034
 20
-30.7299
 11
-25.0485
 21
-30.7211
  0
LINE
  8
0
 10
-25.0485
 20
-30.7211
 11
-25.0624
 21
-30.712
  0
LINE
  8
0
 10
-25.0624
 20
-30.712
 11
-25.0756
 21
-30.7027
  0
LINE
  8
0
 10
-25.0756
 20
-30.7027
 11
-25.0882
 21
-30.6931
  0
LINE
  8
0
 10
-25.0882
 20
-30.6931
 11
-25.1001
 21
-30.6833
  0
LINE
  8
0
 10
-25.1001
 20
-30.6833
 11
-25.1113
 21
-30.6733
  0
LINE
  8
0
 10
-25.1113
 20
-30.6733
 11
-25.1219
 21
-30.6629
  0
LINE
  8
0
 10
-25.1219
 20
-30.6629
 11
-25.1318
 21
-30.6524
  0
LINE
  8
0
 10
-25.1318
 20
-30.6524
 11
-25.1411
 21
-30.6415
  0
LINE
  8
0
 10
-25.1411
 20
-30.6415
 11
-25.1496
 21
-30.6303
  0
LINE
  8
0
 10
-25.1496
 20
-30.6303
 11
-25.1575
 21
-30.6187
  0
LINE
  8
0
 10
-25.1575
 20
-30.6187
 11
-25.1647
 21
-30.6065
  0
LINE
  8
0
 10
-25.1647
 20
-30.6065
 11
-25.1712
 21
-30.5939
  0
LINE
  8
0
 10
-25.1712
 20
-30.5939
 11
-25.1771
 21
-30.5807
  0
LINE
  8
0
 10
-25.1771
 20
-30.5807
 11
-25.1822
 21
-30.5671
  0
LINE
  8
0
 10
-25.1822
 20
-30.5671
 11
-25.1867
 21
-30.553
  0
LINE
  8
0
 10
-25.1867
 20
-30.553
 11
-25.1904
 21
-30.5385
  0
LINE
  8
0
 10
-25.1904
 20
-30.5385
 11
-25.1935
 21
-30.5234
  0
LINE
  8
0
 10
-25.1935
 20
-30.5234
 11
-25.1959
 21
-30.5079
  0
LINE
  8
0
 10
-25.1959
 20
-30.5079
 11
-25.1976
 21
-30.4919
  0
LINE
  8
0
 10
-25.1976
 20
-30.4919
 11
-25.1987
 21
-30.4754
  0
LINE
  8
0
 10
-25.1987
 20
-30.4754
 11
-25.199
 21
-30.4584
  0
LINE
  8
0
 10
-25.199
 20
-30.4584
 11
-25.1958
 21
-30.4079
  0
LINE
  8
0
 10
-25.1958
 20
-30.4079
 11
-25.1861
 21
-30.3614
  0
LINE
  8
0
 10
-25.1861
 20
-30.3614
 11
-25.17
 21
-30.3189
  0
LINE
  8
0
 10
-25.17
 20
-30.3189
 11
-25.1474
 21
-30.2805
  0
LINE
  8
0
 10
-25.1474
 20
-30.2805
 11
-25.1184
 21
-30.2461
  0
LINE
  8
0
 10
-25.1184
 20
-30.2461
 11
-25.0829
 21
-30.2157
  0
LINE
  8
0
 10
-25.0829
 20
-30.2157
 11
-25.0409
 21
-30.1895
  0
LINE
  8
0
 10
-25.0409
 20
-30.1895
 11
-24.9925
 21
-30.1672
  0
LINE
  8
0
 10
-24.9925
 20
-30.1672
 11
-24.9377
 21
-30.149
  0
LINE
  8
0
 10
-24.9377
 20
-30.149
 11
-24.8764
 21
-30.1349
  0
LINE
  8
0
 10
-24.8764
 20
-30.1349
 11
-24.8086
 21
-30.1248
  0
LINE
  8
0
 10
-24.8086
 20
-30.1248
 11
-24.7345
 21
-30.1187
  0
LINE
  8
0
 10
-24.7345
 20
-30.1187
 11
-24.6538
 21
-30.1167
  0
LINE
  8
0
 10
-24.6538
 20
-30.1167
 11
-24.6151
 21
-30.1172
  0
LINE
  8
0
 10
-24.6151
 20
-30.1172
 11
-24.5777
 21
-30.1189
  0
LINE
  8
0
 10
-24.5777
 20
-30.1189
 11
-24.5418
 21
-30.1216
  0
LINE
  8
0
 10
-24.5418
 20
-30.1216
 11
-24.5073
 21
-30.1255
  0
LINE
  8
0
 10
-24.5073
 20
-30.1255
 11
-24.4742
 21
-30.1305
  0
LINE
  8
0
 10
-24.4742
 20
-30.1305
 11
-24.4425
 21
-30.1366
  0
LINE
  8
0
 10
-24.4425
 20
-30.1366
 11
-24.4123
 21
-30.1438
  0
LINE
  8
0
 10
-24.4123
 20
-30.1438
 11
-24.3834
 21
-30.1521
  0
LINE
  8
0
 10
-24.3834
 20
-30.1521
 11
-24.3559
 21
-30.1615
  0
LINE
  8
0
 10
-24.3559
 20
-30.1615
 11
-24.3299
 21
-30.172
  0
LINE
  8
0
 10
-24.3299
 20
-30.172
 11
-24.3052
 21
-30.1837
  0
LINE
  8
0
 10
-24.3052
 20
-30.1837
 11
-24.282
 21
-30.1964
  0
LINE
  8
0
 10
-24.282
 20
-30.1964
 11
-24.2602
 21
-30.2103
  0
LINE
  8
0
 10
-24.2602
 20
-30.2103
 11
-24.2396
 21
-30.2252
  0
LINE
  8
0
 10
-24.2396
 20
-30.2252
 11
-24.2201
 21
-30.2412
  0
LINE
  8
0
 10
-24.2201
 20
-30.2412
 11
-24.2017
 21
-30.2583
  0
LINE
  8
0
 10
-24.2017
 20
-30.2583
 11
-24.1844
 21
-30.2765
  0
LINE
  8
0
 10
-24.1844
 20
-30.2765
 11
-24.1682
 21
-30.2958
  0
LINE
  8
0
 10
-24.1682
 20
-30.2958
 11
-24.1531
 21
-30.3161
  0
LINE
  8
0
 10
-24.1531
 20
-30.3161
 11
-24.1391
 21
-30.3376
  0
LINE
  8
0
 10
-24.1391
 20
-30.3376
 11
-24.1262
 21
-30.3601
  0
LINE
  8
0
 10
-24.1262
 20
-30.3601
 11
-24.1144
 21
-30.3837
  0
LINE
  8
0
 10
-24.1144
 20
-30.3837
 11
-24.1037
 21
-30.4084
  0
LINE
  8
0
 10
-24.1037
 20
-30.4084
 11
-24.094
 21
-30.4342
  0
LINE
  8
0
 10
-24.094
 20
-30.4342
 11
-24.0855
 21
-30.461
  0
LINE
  8
0
 10
-24.0855
 20
-30.461
 11
-24.0781
 21
-30.489
  0
LINE
  8
0
 10
-24.0781
 20
-30.489
 11
-23.4962
 21
-30.4096
  0
LINE
  8
0
 10
-23.4962
 20
-30.4096
 11
-23.5093
 21
-30.3517
  0
LINE
  8
0
 10
-23.5093
 20
-30.3517
 11
-23.5245
 21
-30.2964
  0
LINE
  8
0
 10
-23.5245
 20
-30.2964
 11
-23.5421
 21
-30.2437
  0
LINE
  8
0
 10
-23.5421
 20
-30.2437
 11
-23.5618
 21
-30.1936
  0
LINE
  8
0
 10
-23.5618
 20
-30.1936
 11
-23.5838
 21
-30.146
  0
LINE
  8
0
 10
-23.5838
 20
-30.146
 11
-23.6081
 21
-30.1011
  0
LINE
  8
0
 10
-23.6081
 20
-30.1011
 11
-23.6347
 21
-30.0586
  0
LINE
  8
0
 10
-23.6347
 20
-30.0586
 11
-23.6634
 21
-30.0188
  0
LINE
  8
0
 10
-23.6634
 20
-30.0188
 11
-23.6945
 21
-29.9816
  0
LINE
  8
0
 10
-23.6945
 20
-29.9816
 11
-23.7277
 21
-29.9469
  0
LINE
  8
0
 10
-23.7277
 20
-29.9469
 11
-23.7633
 21
-29.9148
  0
LINE
  8
0
 10
-23.7633
 20
-29.9148
 11
-23.8011
 21
-29.8853
  0
LINE
  8
0
 10
-23.8011
 20
-29.8853
 11
-23.8411
 21
-29.8583
  0
LINE
  8
0
 10
-23.8411
 20
-29.8583
 11
-23.8838
 21
-29.8336
  0
LINE
  8
0
 10
-23.8838
 20
-29.8336
 11
-23.9297
 21
-29.8109
  0
LINE
  8
0
 10
-23.9297
 20
-29.8109
 11
-23.9787
 21
-29.7902
  0
LINE
  8
0
 10
-23.9787
 20
-29.7902
 11
-24.0309
 21
-29.7714
  0
LINE
  8
0
 10
-24.0309
 20
-29.7714
 11
-24.0861
 21
-29.7547
  0
LINE
  8
0
 10
-24.0861
 20
-29.7547
 11
-24.1446
 21
-29.7398
  0
LINE
  8
0
 10
-24.1446
 20
-29.7398
 11
-24.2062
 21
-29.727
  0
LINE
  8
0
 10
-24.2062
 20
-29.727
 11
-24.2709
 21
-29.7162
  0
LINE
  8
0
 10
-24.2709
 20
-29.7162
 11
-24.3387
 21
-29.7073
  0
LINE
  8
0
 10
-24.3387
 20
-29.7073
 11
-24.4097
 21
-29.7003
  0
LINE
  8
0
 10
-24.4097
 20
-29.7003
 11
-24.4839
 21
-29.6954
  0
LINE
  8
0
 10
-24.4839
 20
-29.6954
 11
-24.5612
 21
-29.6925
  0
LINE
  8
0
 10
-24.5612
 20
-29.6925
 11
-24.6416
 21
-29.6915
  0
LINE
  8
0
 10
-24.6416
 20
-29.6915
 11
-24.7258
 21
-29.6927
  0
LINE
  8
0
 10
-24.7258
 20
-29.6927
 11
-24.8068
 21
-29.6964
  0
LINE
  8
0
 10
-24.8068
 20
-29.6964
 11
-24.8847
 21
-29.7025
  0
LINE
  8
0
 10
-24.8847
 20
-29.7025
 11
-24.9595
 21
-29.711
  0
LINE
  8
0
 10
-24.9595
 20
-29.711
 11
-25.0311
 21
-29.722
  0
LINE
  8
0
 10
-25.0311
 20
-29.722
 11
-25.0996
 21
-29.7355
  0
LINE
  8
0
 10
-25.0996
 20
-29.7355
 11
-25.1649
 21
-29.7513
  0
LINE
  8
0
 10
-25.1649
 20
-29.7513
 11
-25.2271
 21
-29.7697
  0
LINE
  8
0
 10
-25.2271
 20
-29.7697
 11
-25.2862
 21
-29.7904
  0
LINE
  8
0
 10
-25.2862
 20
-29.7904
 11
-25.3421
 21
-29.8137
  0
LINE
  8
0
 10
-25.3421
 20
-29.8137
 11
-25.3948
 21
-29.8393
  0
LINE
  8
0
 10
-25.3948
 20
-29.8393
 11
-25.4445
 21
-29.8674
  0
LINE
  8
0
 10
-25.4445
 20
-29.8674
 11
-25.4909
 21
-29.898
  0
LINE
  8
0
 10
-25.4909
 20
-29.898
 11
-25.5341
 21
-29.9308
  0
LINE
  8
0
 10
-25.5341
 20
-29.9308
 11
-25.5739
 21
-29.9658
  0
LINE
  8
0
 10
-25.5739
 20
-29.9658
 11
-25.6101
 21
-30.003
  0
LINE
  8
0
 10
-25.6101
 20
-30.003
 11
-25.6429
 21
-30.0423
  0
LINE
  8
0
 10
-25.6429
 20
-30.0423
 11
-25.6723
 21
-30.0837
  0
LINE
  8
0
 10
-25.6723
 20
-30.0837
 11
-25.6982
 21
-30.1273
  0
LINE
  8
0
 10
-25.6982
 20
-30.1273
 11
-25.7207
 21
-30.1731
  0
LINE
  8
0
 10
-25.7207
 20
-30.1731
 11
-25.7397
 21
-30.2211
  0
LINE
  8
0
 10
-25.7397
 20
-30.2211
 11
-25.7552
 21
-30.2711
  0
LINE
  8
0
 10
-25.7552
 20
-30.2711
 11
-25.7673
 21
-30.3234
  0
LINE
  8
0
 10
-25.7673
 20
-30.3234
 11
-25.776
 21
-30.3778
  0
LINE
  8
0
 10
-25.776
 20
-30.3778
 11
-25.7811
 21
-30.4343
  0
LINE
  8
0
 10
-25.7811
 20
-30.4343
 11
-25.7829
 21
-30.493
  0
LINE
  8
0
 10
-25.7829
 20
-30.493
 11
-25.7826
 21
-30.5163
  0
LINE
  8
0
 10
-25.7826
 20
-30.5163
 11
-25.7819
 21
-30.5391
  0
LINE
  8
0
 10
-25.7819
 20
-30.5391
 11
-25.7808
 21
-30.5616
  0
LINE
  8
0
 10
-25.7808
 20
-30.5616
 11
-25.7791
 21
-30.5836
  0
LINE
  8
0
 10
-25.7791
 20
-30.5836
 11
-25.777
 21
-30.6053
  0
LINE
  8
0
 10
-25.777
 20
-30.6053
 11
-25.7744
 21
-30.6265
  0
LINE
  8
0
 10
-25.7744
 20
-30.6265
 11
-25.7714
 21
-30.6473
  0
LINE
  8
0
 10
-25.7714
 20
-30.6473
 11
-25.7679
 21
-30.6677
  0
LINE
  8
0
 10
-25.7679
 20
-30.6677
 11
-25.7639
 21
-30.6877
  0
LINE
  8
0
 10
-25.7639
 20
-30.6877
 11
-25.7594
 21
-30.7073
  0
LINE
  8
0
 10
-25.7594
 20
-30.7073
 11
-25.7545
 21
-30.7265
  0
LINE
  8
0
 10
-25.7545
 20
-30.7265
 11
-25.7491
 21
-30.7452
  0
LINE
  8
0
 10
-25.7491
 20
-30.7452
 11
-25.7432
 21
-30.7636
  0
LINE
  8
0
 10
-25.7432
 20
-30.7636
 11
-25.7369
 21
-30.7816
  0
LINE
  8
0
 10
-25.7369
 20
-30.7816
 11
-25.7303
 21
-30.7992
  0
LINE
  8
0
 10
-25.7303
 20
-30.7992
 11
-25.7232
 21
-30.8164
  0
LINE
  8
0
 10
-25.7232
 20
-30.8164
 11
-25.7158
 21
-30.8333
  0
LINE
  8
0
 10
-25.7158
 20
-30.8333
 11
-25.708
 21
-30.8498
  0
LINE
  8
0
 10
-25.708
 20
-30.8498
 11
-25.6999
 21
-30.866
  0
LINE
  8
0
 10
-25.6999
 20
-30.866
 11
-25.6914
 21
-30.8818
  0
LINE
  8
0
 10
-25.6914
 20
-30.8818
 11
-25.6825
 21
-30.8972
  0
LINE
  8
0
 10
-25.6825
 20
-30.8972
 11
-25.6732
 21
-30.9123
  0
LINE
  8
0
 10
-25.6732
 20
-30.9123
 11
-25.6635
 21
-30.927
  0
LINE
  8
0
 10
-25.6635
 20
-30.927
 11
-25.6535
 21
-30.9414
  0
LINE
  8
0
 10
-25.6535
 20
-30.9414
 11
-25.6431
 21
-30.9554
  0
LINE
  8
0
 10
-25.6431
 20
-30.9554
 11
-25.6324
 21
-30.9691
  0
LINE
  8
0
 10
-25.6324
 20
-30.9691
 11
-25.6212
 21
-30.9824
  0
LINE
  8
0
 10
-25.6212
 20
-30.9824
 11
-25.6097
 21
-30.9954
  0
LINE
  8
0
 10
-25.6097
 20
-30.9954
 11
-25.5979
 21
-31.0081
  0
LINE
  8
0
 10
-25.5979
 20
-31.0081
 11
-25.5856
 21
-31.0205
  0
LINE
  8
0
 10
-25.5856
 20
-31.0205
 11
-25.5731
 21
-31.0326
  0
LINE
  8
0
 10
-25.5731
 20
-31.0326
 11
-25.5601
 21
-31.0444
  0
LINE
  8
0
 10
-25.5601
 20
-31.0444
 11
-25.5468
 21
-31.0559
  0
LINE
  8
0
 10
-25.5468
 20
-31.0559
 11
-25.5332
 21
-31.0671
  0
LINE
  8
0
 10
-25.5332
 20
-31.0671
 11
-25.5191
 21
-31.078
  0
LINE
  8
0
 10
-25.5191
 20
-31.078
 11
-25.5048
 21
-31.0886
  0
LINE
  8
0
 10
-25.5048
 20
-31.0886
 11
-25.49
 21
-31.0989
  0
LINE
  8
0
 10
-25.49
 20
-31.0989
 11
-25.4749
 21
-31.1089
  0
LINE
  8
0
 10
-25.4749
 20
-31.1089
 11
-25.4594
 21
-31.1186
  0
LINE
  8
0
 10
-25.4594
 20
-31.1186
 11
-25.4436
 21
-31.1281
  0
LINE
  8
0
 10
-25.4436
 20
-31.1281
 11
-25.4276
 21
-31.1373
  0
LINE
  8
0
 10
-25.4276
 20
-31.1373
 11
-25.4112
 21
-31.1464
  0
LINE
  8
0
 10
-25.4112
 20
-31.1464
 11
-25.3945
 21
-31.1552
  0
LINE
  8
0
 10
-25.3945
 20
-31.1552
 11
-25.3776
 21
-31.1639
  0
LINE
  8
0
 10
-25.3776
 20
-31.1639
 11
-25.3603
 21
-31.1724
  0
LINE
  8
0
 10
-25.3603
 20
-31.1724
 11
-25.3428
 21
-31.1807
  0
LINE
  8
0
 10
-25.3428
 20
-31.1807
 11
-25.325
 21
-31.1888
  0
LINE
  8
0
 10
-25.325
 20
-31.1888
 11
-25.3069
 21
-31.1967
  0
LINE
  8
0
 10
-25.3069
 20
-31.1967
 11
-25.2885
 21
-31.2044
  0
LINE
  8
0
 10
-25.2885
 20
-31.2044
 11
-25.2698
 21
-31.2119
  0
LINE
  8
0
 10
-25.2698
 20
-31.2119
 11
-25.2509
 21
-31.2193
  0
LINE
  8
0
 10
-25.2509
 20
-31.2193
 11
-25.2316
 21
-31.2264
  0
LINE
  8
0
 10
-25.2316
 20
-31.2264
 11
-25.211
 21
-31.2336
  0
LINE
  8
0
 10
-25.211
 20
-31.2336
 11
-25.1882
 21
-31.2412
  0
LINE
  8
0
 10
-25.1882
 20
-31.2412
 11
-25.163
 21
-31.2491
  0
LINE
  8
0
 10
-25.163
 20
-31.2491
 11
-25.1355
 21
-31.2574
  0
LINE
  8
0
 10
-25.1355
 20
-31.2574
 11
-25.1057
 21
-31.266
  0
LINE
  8
0
 10
-25.1057
 20
-31.266
 11
-25.0735
 21
-31.2749
  0
LINE
  8
0
 10
-25.0735
 20
-31.2749
 11
-25.0391
 21
-31.2842
  0
LINE
  8
0
 10
-25.0391
 20
-31.2842
 11
-25.0024
 21
-31.2939
  0
LINE
  8
0
 10
-25.0024
 20
-31.2939
 11
-24.9633
 21
-31.3039
  0
LINE
  8
0
 10
-24.9633
 20
-31.3039
 11
-24.922
 21
-31.3143
  0
LINE
  8
0
 10
-24.922
 20
-31.3143
 11
-24.8783
 21
-31.325
  0
LINE
  8
0
 10
-24.8783
 20
-31.325
 11
-24.8323
 21
-31.336
  0
LINE
  8
0
 10
-24.8323
 20
-31.336
 11
-24.784
 21
-31.3474
  0
LINE
  8
0
 10
-24.784
 20
-31.3474
 11
-24.7281
 21
-31.3589
  0
LINE
  8
0
 10
-24.7281
 20
-31.3589
 11
-24.6752
 21
-31.3701
  0
LINE
  8
0
 10
-24.6752
 20
-31.3701
 11
-24.625
 21
-31.381
  0
LINE
  8
0
 10
-24.625
 20
-31.381
 11
-24.5777
 21
-31.3916
  0
LINE
  8
0
 10
-24.5777
 20
-31.3916
 11
-24.5333
 21
-31.402
  0
LINE
  8
0
 10
-24.5333
 20
-31.402
 11
-24.4917
 21
-31.4122
  0
LINE
  8
0
 10
-24.4917
 20
-31.4122
 11
-24.453
 21
-31.422
  0
LINE
  8
0
 10
-24.453
 20
-31.422
 11
-24.4171
 21
-31.4316
  0
LINE
  8
0
 10
-24.4171
 20
-31.4316
 11
-24.3841
 21
-31.4409
  0
LINE
  8
0
 10
-24.3841
 20
-31.4409
 11
-24.3539
 21
-31.45
  0
LINE
  8
0
 10
-24.3539
 20
-31.45
 11
-24.3266
 21
-31.4588
  0
LINE
  8
0
 10
-24.3266
 20
-31.4588
 11
-24.3021
 21
-31.4673
  0
LINE
  8
0
 10
-24.3021
 20
-31.4673
 11
-24.2805
 21
-31.4756
  0
LINE
  8
0
 10
-24.2805
 20
-31.4756
 11
-24.2607
 21
-31.4839
  0
LINE
  8
0
 10
-24.2607
 20
-31.4839
 11
-24.2415
 21
-31.4925
  0
LINE
  8
0
 10
-24.2415
 20
-31.4925
 11
-24.2231
 21
-31.5014
  0
LINE
  8
0
 10
-24.2231
 20
-31.5014
 11
-24.2053
 21
-31.5107
  0
LINE
  8
0
 10
-24.2053
 20
-31.5107
 11
-24.1883
 21
-31.5202
  0
LINE
  8
0
 10
-24.1883
 20
-31.5202
 11
-24.172
 21
-31.5301
  0
LINE
  8
0
 10
-24.172
 20
-31.5301
 11
-24.1563
 21
-31.5402
  0
LINE
  8
0
 10
-24.1563
 20
-31.5402
 11
-24.1413
 21
-31.5507
  0
LINE
  8
0
 10
-24.1413
 20
-31.5507
 11
-24.1271
 21
-31.5615
  0
LINE
  8
0
 10
-24.1271
 20
-31.5615
 11
-24.1135
 21
-31.5726
  0
LINE
  8
0
 10
-24.1135
 20
-31.5726
 11
-24.1007
 21
-31.5841
  0
LINE
  8
0
 10
-24.1007
 20
-31.5841
 11
-24.0885
 21
-31.5958
  0
LINE
  8
0
 10
-24.0885
 20
-31.5958
 11
-24.0771
 21
-31.6078
  0
LINE
  8
0
 10
-24.0771
 20
-31.6078
 11
-24.0664
 21
-31.6203
  0
LINE
  8
0
 10
-24.0664
 20
-31.6203
 11
-24.0565
 21
-31.6333
  0
LINE
  8
0
 10
-24.0565
 20
-31.6333
 11
-24.0476
 21
-31.6467
  0
LINE
  8
0
 10
-24.0476
 20
-31.6467
 11
-24.0395
 21
-31.6607
  0
LINE
  8
0
 10
-24.0395
 20
-31.6607
 11
-24.0322
 21
-31.6752
  0
LINE
  8
0
 10
-24.0322
 20
-31.6752
 11
-24.0258
 21
-31.6902
  0
LINE
  8
0
 10
-24.0258
 20
-31.6902
 11
-24.0202
 21
-31.7057
  0
LINE
  8
0
 10
-24.0202
 20
-31.7057
 11
-24.0155
 21
-31.7217
  0
LINE
  8
0
 10
-24.0155
 20
-31.7217
 11
-24.0117
 21
-31.7382
  0
LINE
  8
0
 10
-24.0117
 20
-31.7382
 11
-24.0087
 21
-31.7552
  0
LINE
  8
0
 10
-24.0087
 20
-31.7552
 11
-24.0065
 21
-31.7727
  0
LINE
  8
0
 10
-24.0065
 20
-31.7727
 11
-24.0053
 21
-31.7907
  0
LINE
  8
0
 10
-24.0053
 20
-31.7907
 11
-24.0048
 21
-31.8092
  0
LINE
  8
0
 10
-24.0048
 20
-31.8092
 11
-24.0085
 21
-31.8658
  0
LINE
  8
0
 10
-24.0085
 20
-31.8658
 11
-24.0197
 21
-31.9179
  0
LINE
  8
0
 10
-24.0197
 20
-31.9179
 11
-24.0383
 21
-31.9654
  0
LINE
  8
0
 10
-24.0383
 20
-31.9654
 11
-24.0643
 21
-32.0084
  0
LINE
  8
0
 10
-24.0643
 20
-32.0084
 11
-24.0978
 21
-32.0469
  0
LINE
  8
0
 10
-24.0978
 20
-32.0469
 11
-24.1387
 21
-32.0808
  0
LINE
  8
0
 10
-24.1387
 20
-32.0808
 11
-24.1871
 21
-32.1102
  0
LINE
  8
0
 10
-24.1871
 20
-32.1102
 11
-24.2429
 21
-32.1351
  0
LINE
  8
0
 10
-24.2429
 20
-32.1351
 11
-24.3061
 21
-32.1555
  0
LINE
  8
0
 10
-24.3061
 20
-32.1555
 11
-24.3768
 21
-32.1713
  0
LINE
  8
0
 10
-24.3768
 20
-32.1713
 11
-24.4549
 21
-32.1827
  0
LINE
  8
0
 10
-24.4549
 20
-32.1827
 11
-24.5405
 21
-32.1895
  0
LINE
  8
0
 10
-24.5405
 20
-32.1895
 11
-24.6335
 21
-32.1917
  0
LINE
  8
0
 10
-24.6335
 20
-32.1917
 11
-24.6793
 21
-32.1911
  0
LINE
  8
0
 10
-24.6793
 20
-32.1911
 11
-24.7236
 21
-32.1893
  0
LINE
  8
0
 10
-24.7236
 20
-32.1893
 11
-24.7663
 21
-32.1862
  0
LINE
  8
0
 10
-24.7663
 20
-32.1862
 11
-24.8075
 21
-32.182
  0
LINE
  8
0
 10
-24.8075
 20
-32.182
 11
-24.8471
 21
-32.1765
  0
LINE
  8
0
 10
-24.8471
 20
-32.1765
 11
-24.8851
 21
-32.1698
  0
LINE
  8
0
 10
-24.8851
 20
-32.1698
 11
-24.9216
 21
-32.1619
  0
LINE
  8
0
 10
-24.9216
 20
-32.1619
 11
-24.9565
 21
-32.1528
  0
LINE
  8
0
 10
-24.9565
 20
-32.1528
 11
-24.9898
 21
-32.1425
  0
LINE
  8
0
 10
-24.9898
 20
-32.1425
 11
-25.0216
 21
-32.1309
  0
LINE
  8
0
 10
-25.0216
 20
-32.1309
 11
-25.0518
 21
-32.1182
  0
LINE
  8
0
 10
-25.0518
 20
-32.1182
 11
-25.0804
 21
-32.1042
  0
LINE
  8
0
 10
-25.0804
 20
-32.1042
 11
-25.1075
 21
-32.089
  0
LINE
  8
0
 10
-25.1075
 20
-32.089
 11
-25.1331
 21
-32.0724
  0
LINE
  8
0
 10
-25.1331
 20
-32.0724
 11
-25.1574
 21
-32.0544
  0
LINE
  8
0
 10
-25.1574
 20
-32.0544
 11
-25.1804
 21
-32.0349
  0
LINE
  8
0
 10
-25.1804
 20
-32.0349
 11
-25.202
 21
-32.0139
  0
LINE
  8
0
 10
-25.202
 20
-32.0139
 11
-25.2224
 21
-31.9915
  0
LINE
  8
0
 10
-25.2224
 20
-31.9915
 11
-25.2414
 21
-31.9675
  0
LINE
  8
0
 10
-25.2414
 20
-31.9675
 11
-25.2591
 21
-31.9421
  0
LINE
  8
0
 10
-25.2591
 20
-31.9421
 11
-25.2754
 21
-31.9152
  0
LINE
  8
0
 10
-25.2754
 20
-31.9152
 11
-25.2905
 21
-31.8868
  0
LINE
  8
0
 10
-25.2905
 20
-31.8868
 11
-25.3042
 21
-31.8569
  0
LINE
  8
0
 10
-25.3042
 20
-31.8569
 11
-25.3165
 21
-31.8255
  0
LINE
  8
0
 10
-25.3165
 20
-31.8255
 11
-25.3276
 21
-31.7927
  0
LINE
  8
0
 10
-25.3276
 20
-31.7927
 11
-25.3373
 21
-31.7584
  0
LINE
  8
0
 10
-25.3373
 20
-31.7584
 11
-25.9171
 21
-31.854
  0
LINE
  8
0
 10
-25.9171
 20
-31.854
 11
-25.9021
 21
-31.9138
  0
LINE
  8
0
 10
-25.9021
 20
-31.9138
 11
-25.8843
 21
-31.9713
  0
LINE
  8
0
 10
-25.8843
 20
-31.9713
 11
-25.8639
 21
-32.0264
  0
LINE
  8
0
 10
-25.8639
 20
-32.0264
 11
-25.8409
 21
-32.0791
  0
LINE
  8
0
 10
-25.8409
 20
-32.0791
 11
-25.8152
 21
-32.1294
  0
LINE
  8
0
 10
-25.8152
 20
-32.1294
 11
-25.7868
 21
-32.1773
  0
LINE
  8
0
 10
-25.7868
 20
-32.1773
 11
-25.7559
 21
-32.2228
  0
LINE
  8
0
 10
-25.7559
 20
-32.2228
 11
-25.7222
 21
-32.266
  0
LINE
  8
0
 10
-25.7222
 20
-32.266
 11
-25.6859
 21
-32.3067
  0
LINE
  8
0
 10
-25.6859
 20
-32.3067
 11
-25.647
 21
-32.3451
  0
LINE
  8
0
 10
-25.647
 20
-32.3451
 11
-25.6054
 21
-32.3811
  0
LINE
  8
0
 10
-25.6054
 20
-32.3811
 11
-25.5612
 21
-32.4147
  0
LINE
  8
0
 10
-25.5612
 20
-32.4147
 11
-25.5143
 21
-32.446
  0
LINE
  8
0
 10
-25.5143
 20
-32.446
 11
-25.4647
 21
-32.4749
  0
LINE
  8
0
 10
-25.4647
 20
-32.4749
 11
-25.4123
 21
-32.5015
  0
LINE
  8
0
 10
-25.4123
 20
-32.5015
 11
-25.3571
 21
-32.5257
  0
LINE
  8
0
 10
-25.3571
 20
-32.5257
 11
-25.299
 21
-32.5477
  0
LINE
  8
0
 10
-25.299
 20
-32.5477
 11
-25.2381
 21
-32.5673
  0
LINE
  8
0
 10
-25.2381
 20
-32.5673
 11
-25.1745
 21
-32.5847
  0
LINE
  8
0
 10
-25.1745
 20
-32.5847
 11
-25.1079
 21
-32.5997
  0
LINE
  8
0
 10
-25.1079
 20
-32.5997
 11
-25.0386
 21
-32.6124
  0
LINE
  8
0
 10
-25.0386
 20
-32.6124
 11
-24.9665
 21
-32.6228
  0
LINE
  8
0
 10
-24.9665
 20
-32.6228
 11
-24.8915
 21
-32.6309
  0
LINE
  8
0
 10
-24.8915
 20
-32.6309
 11
-24.8137
 21
-32.6367
  0
LINE
  8
0
 10
-24.8137
 20
-32.6367
 11
-24.7332
 21
-32.6401
  0
LINE
  8
0
 10
-24.7332
 20
-32.6401
 11
-24.6497
 21
-32.6413
  0
LINE
  8
0
 10
-24.6497
 20
-32.6413
 11
-24.5585
 21
-32.64
  0
LINE
  8
0
 10
-16.7912
 20
-30.9822
 11
-16.7507
 21
-30.9789
  0
LINE
  8
0
 10
-16.7507
 20
-30.9789
 11
-16.7112
 21
-30.9733
  0
LINE
  8
0
 10
-16.7112
 20
-30.9733
 11
-16.6727
 21
-30.9655
  0
LINE
  8
0
 10
-16.6727
 20
-30.9655
 11
-16.6351
 21
-30.9555
  0
LINE
  8
0
 10
-16.6351
 20
-30.9555
 11
-16.5985
 21
-30.9432
  0
LINE
  8
0
 10
-16.5985
 20
-30.9432
 11
-16.5629
 21
-30.9287
  0
LINE
  8
0
 10
-16.5629
 20
-30.9287
 11
-16.5283
 21
-30.912
  0
LINE
  8
0
 10
-16.5283
 20
-30.912
 11
-16.4947
 21
-30.8931
  0
LINE
  8
0
 10
-16.4947
 20
-30.8931
 11
-16.462
 21
-30.872
  0
LINE
  8
0
 10
-16.462
 20
-30.872
 11
-16.4303
 21
-30.8486
  0
LINE
  8
0
 10
-16.4303
 20
-30.8486
 11
-16.3996
 21
-30.823
  0
LINE
  8
0
 10
-16.3996
 20
-30.823
 11
-16.3698
 21
-30.7951
  0
LINE
  8
0
 10
-16.3698
 20
-30.7951
 11
-16.3417
 21
-30.7657
  0
LINE
  8
0
 10
-16.3417
 20
-30.7657
 11
-16.3158
 21
-30.7354
  0
LINE
  8
0
 10
-16.3158
 20
-30.7354
 11
-16.2921
 21
-30.7042
  0
LINE
  8
0
 10
-16.2921
 20
-30.7042
 11
-16.2708
 21
-30.6721
  0
LINE
  8
0
 10
-16.2708
 20
-30.6721
 11
-16.2516
 21
-30.6391
  0
LINE
  8
0
 10
-16.2516
 20
-30.6391
 11
-16.2347
 21
-30.6052
  0
LINE
  8
0
 10
-16.2347
 20
-30.6052
 11
-16.2201
 21
-30.5704
  0
LINE
  8
0
 10
-16.2201
 20
-30.5704
 11
-16.2077
 21
-30.5346
  0
LINE
  8
0
 10
-16.2077
 20
-30.5346
 11
-16.1976
 21
-30.498
  0
LINE
  8
0
 10
-16.1976
 20
-30.498
 11
-16.1897
 21
-30.4605
  0
LINE
  8
0
 10
-16.1897
 20
-30.4605
 11
-16.1841
 21
-30.422
  0
LINE
  8
0
 10
-16.1841
 20
-30.422
 11
-16.1807
 21
-30.3827
  0
LINE
  8
0
 10
-16.1807
 20
-30.3827
 11
-16.1796
 21
-30.3425
  0
LINE
  8
0
 10
-16.1796
 20
-30.3425
 11
-16.1807
 21
-30.3022
  0
LINE
  8
0
 10
-16.1807
 20
-30.3022
 11
-16.1841
 21
-30.2629
  0
LINE
  8
0
 10
-16.1841
 20
-30.2629
 11
-16.1897
 21
-30.2245
  0
LINE
  8
0
 10
-16.1897
 20
-30.2245
 11
-16.1975
 21
-30.1869
  0
LINE
  8
0
 10
-16.1975
 20
-30.1869
 11
-16.2076
 21
-30.1503
  0
LINE
  8
0
 10
-16.2076
 20
-30.1503
 11
-16.2199
 21
-30.1146
  0
LINE
  8
0
 10
-16.2199
 20
-30.1146
 11
-16.2344
 21
-30.0798
  0
LINE
  8
0
 10
-16.2344
 20
-30.0798
 11
-16.2512
 21
-30.0459
  0
LINE
  8
0
 10
-16.2512
 20
-30.0459
 11
-16.2703
 21
-30.0128
  0
LINE
  8
0
 10
-16.2703
 20
-30.0128
 11
-16.2915
 21
-29.9807
  0
LINE
  8
0
 10
-16.2915
 20
-29.9807
 11
-16.315
 21
-29.9495
  0
LINE
  8
0
 10
-16.315
 20
-29.9495
 11
-16.3408
 21
-29.9192
  0
LINE
  8
0
 10
-16.3408
 20
-29.9192
 11
-16.3688
 21
-29.8898
  0
LINE
  8
0
 10
-16.3688
 20
-29.8898
 11
-16.3984
 21
-29.862
  0
LINE
  8
0
 10
-16.3984
 20
-29.862
 11
-16.429
 21
-29.8364
  0
LINE
  8
0
 10
-16.429
 20
-29.8364
 11
-16.4607
 21
-29.813
  0
LINE
  8
0
 10
-16.4607
 20
-29.813
 11
-16.4933
 21
-29.7918
  0
LINE
  8
0
 10
-16.4933
 20
-29.7918
 11
-16.527
 21
-29.7729
  0
LINE
  8
0
 10
-16.527
 20
-29.7729
 11
-16.5616
 21
-29.7562
  0
LINE
  8
0
 10
-16.5616
 20
-29.7562
 11
-16.5973
 21
-29.7417
  0
LINE
  8
0
 10
-16.5973
 20
-29.7417
 11
-16.634
 21
-29.7295
  0
LINE
  8
0
 10
-16.634
 20
-29.7295
 11
-16.6717
 21
-29.7195
  0
LINE
  8
0
 10
-16.6717
 20
-29.7195
 11
-16.7104
 21
-29.7117
  0
LINE
  8
0
 10
-16.7104
 20
-29.7117
 11
-16.7501
 21
-29.7061
  0
LINE
  8
0
 10
-16.7501
 20
-29.7061
 11
-16.7909
 21
-29.7028
  0
LINE
  8
0
 10
-16.7909
 20
-29.7028
 11
-16.8326
 21
-29.7016
  0
LINE
  8
0
 10
-16.8326
 20
-29.7016
 11
-16.86
 21
-29.7021
  0
LINE
  8
0
 10
-16.86
 20
-29.7021
 11
-16.887
 21
-29.7036
  0
LINE
  8
0
 10
-16.887
 20
-29.7036
 11
-16.9137
 21
-29.7061
  0
LINE
  8
0
 10
-16.9137
 20
-29.7061
 11
-16.94
 21
-29.7096
  0
LINE
  8
0
 10
-16.94
 20
-29.7096
 11
-16.966
 21
-29.7141
  0
LINE
  8
0
 10
-16.966
 20
-29.7141
 11
-16.9916
 21
-29.7196
  0
LINE
  8
0
 10
-16.9916
 20
-29.7196
 11
-17.0169
 21
-29.7261
  0
LINE
  8
0
 10
-17.0169
 20
-29.7261
 11
-17.0418
 21
-29.7336
  0
LINE
  8
0
 10
-17.0418
 20
-29.7336
 11
-17.0664
 21
-29.7421
  0
LINE
  8
0
 10
-17.0664
 20
-29.7421
 11
-17.0906
 21
-29.7516
  0
LINE
  8
0
 10
-17.0906
 20
-29.7516
 11
-17.1145
 21
-29.7621
  0
LINE
  8
0
 10
-17.1145
 20
-29.7621
 11
-17.138
 21
-29.7736
  0
LINE
  8
0
 10
-17.138
 20
-29.7736
 11
-17.1612
 21
-29.7861
  0
LINE
  8
0
 10
-17.1612
 20
-29.7861
 11
-17.1838
 21
-29.7995
  0
LINE
  8
0
 10
-17.1838
 20
-29.7995
 11
-17.2057
 21
-29.8136
  0
LINE
  8
0
 10
-17.2057
 20
-29.8136
 11
-17.2268
 21
-29.8285
  0
LINE
  8
0
 10
-17.2268
 20
-29.8285
 11
-17.2472
 21
-29.8441
  0
LINE
  8
0
 10
-17.2472
 20
-29.8441
 11
-17.2669
 21
-29.8605
  0
LINE
  8
0
 10
-17.2669
 20
-29.8605
 11
-17.2858
 21
-29.8777
  0
LINE
  8
0
 10
-17.2858
 20
-29.8777
 11
-17.3039
 21
-29.8956
  0
LINE
  8
0
 10
-17.3039
 20
-29.8956
 11
-17.3213
 21
-29.9143
  0
LINE
  8
0
 10
-17.3213
 20
-29.9143
 11
-17.338
 21
-29.9337
  0
LINE
  8
0
 10
-17.338
 20
-29.9337
 11
-17.3539
 21
-29.9539
  0
LINE
  8
0
 10
-17.3539
 20
-29.9539
 11
-17.3691
 21
-29.9748
  0
LINE
  8
0
 10
-17.3691
 20
-29.9748
 11
-17.3835
 21
-29.9965
  0
LINE
  8
0
 10
-17.3835
 20
-29.9965
 11
-17.3972
 21
-30.019
  0
LINE
  8
0
 10
-17.3972
 20
-30.019
 11
-17.41
 21
-30.042
  0
LINE
  8
0
 10
-17.41
 20
-30.042
 11
-17.4217
 21
-30.0653
  0
LINE
  8
0
 10
-17.4217
 20
-30.0653
 11
-17.4325
 21
-30.089
  0
LINE
  8
0
 10
-17.4325
 20
-30.089
 11
-17.4422
 21
-30.1129
  0
LINE
  8
0
 10
-17.4422
 20
-30.1129
 11
-17.4509
 21
-30.1372
  0
LINE
  8
0
 10
-17.4509
 20
-30.1372
 11
-17.4586
 21
-30.1617
  0
LINE
  8
0
 10
-17.4586
 20
-30.1617
 11
-17.4652
 21
-30.1866
  0
LINE
  8
0
 10
-17.4652
 20
-30.1866
 11
-17.4708
 21
-30.2118
  0
LINE
  8
0
 10
-17.4708
 20
-30.2118
 11
-17.4754
 21
-30.2373
  0
LINE
  8
0
 10
-17.4754
 20
-30.2373
 11
-17.479
 21
-30.2631
  0
LINE
  8
0
 10
-17.479
 20
-30.2631
 11
-17.4816
 21
-30.2893
  0
LINE
  8
0
 10
-17.4816
 20
-30.2893
 11
-17.4831
 21
-30.3157
  0
LINE
  8
0
 10
-17.4831
 20
-30.3157
 11
-17.4836
 21
-30.3425
  0
LINE
  8
0
 10
-17.4836
 20
-30.3425
 11
-17.4825
 21
-30.3836
  0
LINE
  8
0
 10
-17.4825
 20
-30.3836
 11
-17.4791
 21
-30.4237
  0
LINE
  8
0
 10
-17.4791
 20
-30.4237
 11
-17.4734
 21
-30.4628
  0
LINE
  8
0
 10
-17.4734
 20
-30.4628
 11
-17.4655
 21
-30.5009
  0
LINE
  8
0
 10
-17.4655
 20
-30.5009
 11
-17.4553
 21
-30.538
  0
LINE
  8
0
 10
-17.4553
 20
-30.538
 11
-17.4429
 21
-30.574
  0
LINE
  8
0
 10
-17.4429
 20
-30.574
 11
-17.4282
 21
-30.6091
  0
LINE
  8
0
 10
-17.4282
 20
-30.6091
 11
-17.4112
 21
-30.6431
  0
LINE
  8
0
 10
-17.4112
 20
-30.6431
 11
-17.392
 21
-30.6761
  0
LINE
  8
0
 10
-17.392
 20
-30.6761
 11
-17.3705
 21
-30.7082
  0
LINE
  8
0
 10
-17.3705
 20
-30.7082
 11
-17.3467
 21
-30.7392
  0
LINE
  8
0
 10
-17.3467
 20
-30.7392
 11
-17.3207
 21
-30.7692
  0
LINE
  8
0
 10
-17.3207
 20
-30.7692
 11
-17.2924
 21
-30.7982
  0
LINE
  8
0
 10
-17.2924
 20
-30.7982
 11
-17.2625
 21
-30.8256
  0
LINE
  8
0
 10
-17.2625
 20
-30.8256
 11
-17.2317
 21
-30.8508
  0
LINE
  8
0
 10
-17.2317
 20
-30.8508
 11
-17.2
 21
-30.8737
  0
LINE
  8
0
 10
-17.2
 20
-30.8737
 11
-17.1674
 21
-30.8946
  0
LINE
  8
0
 10
-17.1674
 20
-30.8946
 11
-17.1339
 21
-30.9132
  0
LINE
  8
0
 10
-17.1339
 20
-30.9132
 11
-17.0994
 21
-30.9296
  0
LINE
  8
0
 10
-17.0994
 20
-30.9296
 11
-17.064
 21
-30.9439
  0
LINE
  8
0
 10
-17.064
 20
-30.9439
 11
-17.0278
 21
-30.9559
  0
LINE
  8
0
 10
-17.0278
 20
-30.9559
 11
-16.9906
 21
-30.9658
  0
LINE
  8
0
 10
-16.9906
 20
-30.9658
 11
-16.9524
 21
-30.9734
  0
LINE
  8
0
 10
-16.9524
 20
-30.9734
 11
-16.9134
 21
-30.9789
  0
LINE
  8
0
 10
-16.9134
 20
-30.9789
 11
-16.8735
 21
-30.9822
  0
LINE
  8
0
 10
-16.8735
 20
-30.9822
 11
-16.8326
 21
-30.9833
  0
LINE
  8
0
 10
-16.8326
 20
-30.9833
 11
-16.7912
 21
-30.9822
  0
LINE
  8
0
 10
-16.8537
 20
-30.6837
 11
-16.8743
 21
-30.6819
  0
LINE
  8
0
 10
-16.8743
 20
-30.6819
 11
-16.8944
 21
-30.6789
  0
LINE
  8
0
 10
-16.8944
 20
-30.6789
 11
-16.9141
 21
-30.6747
  0
LINE
  8
0
 10
-16.9141
 20
-30.6747
 11
-16.9333
 21
-30.6694
  0
LINE
  8
0
 10
-16.9333
 20
-30.6694
 11
-16.9521
 21
-30.6628
  0
LINE
  8
0
 10
-16.9521
 20
-30.6628
 11
-16.9704
 21
-30.6551
  0
LINE
  8
0
 10
-16.9704
 20
-30.6551
 11
-16.9882
 21
-30.6461
  0
LINE
  8
0
 10
-16.9882
 20
-30.6461
 11
-17.0056
 21
-30.636
  0
LINE
  8
0
 10
-17.0056
 20
-30.636
 11
-17.0226
 21
-30.6247
  0
LINE
  8
0
 10
-17.0226
 20
-30.6247
 11
-17.039
 21
-30.6122
  0
LINE
  8
0
 10
-17.039
 20
-30.6122
 11
-17.0551
 21
-30.5984
  0
LINE
  8
0
 10
-17.0551
 20
-30.5984
 11
-17.0706
 21
-30.5836
  0
LINE
  8
0
 10
-17.0706
 20
-30.5836
 11
-17.0854
 21
-30.5678
  0
LINE
  8
0
 10
-17.0854
 20
-30.5678
 11
-17.099
 21
-30.5516
  0
LINE
  8
0
 10
-17.099
 20
-30.5516
 11
-17.1113
 21
-30.535
  0
LINE
  8
0
 10
-17.1113
 20
-30.535
 11
-17.1225
 21
-30.5178
  0
LINE
  8
0
 10
-17.1225
 20
-30.5178
 11
-17.1326
 21
-30.5002
  0
LINE
  8
0
 10
-17.1326
 20
-30.5002
 11
-17.1414
 21
-30.4821
  0
LINE
  8
0
 10
-17.1414
 20
-30.4821
 11
-17.1491
 21
-30.4636
  0
LINE
  8
0
 10
-17.1491
 20
-30.4636
 11
-17.1556
 21
-30.4446
  0
LINE
  8
0
 10
-17.1556
 20
-30.4446
 11
-17.1609
 21
-30.4251
  0
LINE
  8
0
 10
-17.1609
 20
-30.4251
 11
-17.165
 21
-30.4051
  0
LINE
  8
0
 10
-17.165
 20
-30.4051
 11
-17.168
 21
-30.3847
  0
LINE
  8
0
 10
-17.168
 20
-30.3847
 11
-17.1697
 21
-30.3638
  0
LINE
  8
0
 10
-17.1697
 20
-30.3638
 11
-17.1703
 21
-30.3425
  0
LINE
  8
0
 10
-17.1703
 20
-30.3425
 11
-17.1698
 21
-30.3211
  0
LINE
  8
0
 10
-17.1698
 20
-30.3211
 11
-17.168
 21
-30.3003
  0
LINE
  8
0
 10
-17.168
 20
-30.3003
 11
-17.1652
 21
-30.2799
  0
LINE
  8
0
 10
-17.1652
 20
-30.2799
 11
-17.1612
 21
-30.26
  0
LINE
  8
0
 10
-17.1612
 20
-30.26
 11
-17.156
 21
-30.2407
  0
LINE
  8
0
 10
-17.156
 20
-30.2407
 11
-17.1497
 21
-30.2218
  0
LINE
  8
0
 10
-17.1497
 20
-30.2218
 11
-17.1423
 21
-30.2034
  0
LINE
  8
0
 10
-17.1423
 20
-30.2034
 11
-17.1337
 21
-30.1855
  0
LINE
  8
0
 10
-17.1337
 20
-30.1855
 11
-17.124
 21
-30.1681
  0
LINE
  8
0
 10
-17.124
 20
-30.1681
 11
-17.1132
 21
-30.1512
  0
LINE
  8
0
 10
-17.1132
 20
-30.1512
 11
-17.1012
 21
-30.1348
  0
LINE
  8
0
 10
-17.1012
 20
-30.1348
 11
-17.088
 21
-30.1189
  0
LINE
  8
0
 10
-17.088
 20
-30.1189
 11
-17.0737
 21
-30.1034
  0
LINE
  8
0
 10
-17.0737
 20
-30.1034
 11
-17.0585
 21
-30.0888
  0
LINE
  8
0
 10
-17.0585
 20
-30.0888
 11
-17.0428
 21
-30.0754
  0
LINE
  8
0
 10
-17.0428
 20
-30.0754
 11
-17.0266
 21
-30.0631
  0
LINE
  8
0
 10
-17.0266
 20
-30.0631
 11
-17.0097
 21
-30.052
  0
LINE
  8
0
 10
-17.0097
 20
-30.052
 11
-16.9923
 21
-30.0421
  0
LINE
  8
0
 10
-16.9923
 20
-30.0421
 11
-16.9743
 21
-30.0334
  0
LINE
  8
0
 10
-16.9743
 20
-30.0334
 11
-16.9558
 21
-30.0258
  0
LINE
  8
0
 10
-16.9558
 20
-30.0258
 11
-16.9367
 21
-30.0193
  0
LINE
  8
0
 10
-16.9367
 20
-30.0193
 11
-16.917
 21
-30.0141
  0
LINE
  8
0
 10
-16.917
 20
-30.0141
 11
-16.8967
 21
-30.01
  0
LINE
  8
0
 10
-16.8967
 20
-30.01
 11
-16.8759
 21
-30.0071
  0
LINE
  8
0
 10
-16.8759
 20
-30.0071
 11
-16.8546
 21
-30.0053
  0
LINE
  8
0
 10
-16.8546
 20
-30.0053
 11
-16.8326
 21
-30.0048
  0
LINE
  8
0
 10
-16.8326
 20
-30.0048
 11
-16.811
 21
-30.0053
  0
LINE
  8
0
 10
-16.811
 20
-30.0053
 11
-16.7899
 21
-30.0071
  0
LINE
  8
0
 10
-16.7899
 20
-30.0071
 11
-16.7694
 21
-30.01
  0
LINE
  8
0
 10
-16.7694
 20
-30.01
 11
-16.7495
 21
-30.014
  0
LINE
  8
0
 10
-16.7495
 20
-30.014
 11
-16.7301
 21
-30.0192
  0
LINE
  8
0
 10
-16.7301
 20
-30.0192
 11
-16.7113
 21
-30.0256
  0
LINE
  8
0
 10
-16.7113
 20
-30.0256
 11
-16.6931
 21
-30.0331
  0
LINE
  8
0
 10
-16.6931
 20
-30.0331
 11
-16.6755
 21
-30.0417
  0
LINE
  8
0
 10
-16.6755
 20
-30.0417
 11
-16.6584
 21
-30.0516
  0
LINE
  8
0
 10
-16.6584
 20
-30.0516
 11
-16.6418
 21
-30.0625
  0
LINE
  8
0
 10
-16.6418
 20
-30.0625
 11
-16.6259
 21
-30.0747
  0
LINE
  8
0
 10
-16.6259
 20
-30.0747
 11
-16.6105
 21
-30.088
  0
LINE
  8
0
 10
-16.6105
 20
-30.088
 11
-16.5956
 21
-30.1024
  0
LINE
  8
0
 10
-16.5956
 20
-30.1024
 11
-16.5816
 21
-30.1177
  0
LINE
  8
0
 10
-16.5816
 20
-30.1177
 11
-16.5687
 21
-30.1335
  0
LINE
  8
0
 10
-16.5687
 20
-30.1335
 11
-16.557
 21
-30.1499
  0
LINE
  8
0
 10
-16.557
 20
-30.1499
 11
-16.5464
 21
-30.1667
  0
LINE
  8
0
 10
-16.5464
 20
-30.1667
 11
-16.5368
 21
-30.1841
  0
LINE
  8
0
 10
-16.5368
 20
-30.1841
 11
-16.5284
 21
-30.2021
  0
LINE
  8
0
 10
-16.5284
 20
-30.2021
 11
-16.5212
 21
-30.2206
  0
LINE
  8
0
 10
-16.5212
 20
-30.2206
 11
-16.515
 21
-30.2395
  0
LINE
  8
0
 10
-16.515
 20
-30.2395
 11
-16.51
 21
-30.2591
  0
LINE
  8
0
 10
-16.51
 20
-30.2591
 11
-16.506
 21
-30.2791
  0
LINE
  8
0
 10
-16.506
 20
-30.2791
 11
-16.5032
 21
-30.2997
  0
LINE
  8
0
 10
-16.5032
 20
-30.2997
 11
-16.5016
 21
-30.3208
  0
LINE
  8
0
 10
-16.5016
 20
-30.3208
 11
-16.501
 21
-30.3425
  0
LINE
  8
0
 10
-16.501
 20
-30.3425
 11
-16.5016
 21
-30.3641
  0
LINE
  8
0
 10
-16.5016
 20
-30.3641
 11
-16.5033
 21
-30.3853
  0
LINE
  8
0
 10
-16.5033
 20
-30.3853
 11
-16.5062
 21
-30.4059
  0
LINE
  8
0
 10
-16.5062
 20
-30.4059
 11
-16.5102
 21
-30.4261
  0
LINE
  8
0
 10
-16.5102
 20
-30.4261
 11
-16.5154
 21
-30.4457
  0
LINE
  8
0
 10
-16.5154
 20
-30.4457
 11
-16.5218
 21
-30.4648
  0
LINE
  8
0
 10
-16.5218
 20
-30.4648
 11
-16.5293
 21
-30.4834
  0
LINE
  8
0
 10
-16.5293
 20
-30.4834
 11
-16.538
 21
-30.5016
  0
LINE
  8
0
 10
-16.538
 20
-30.5016
 11
-16.5478
 21
-30.5192
  0
LINE
  8
0
 10
-16.5478
 20
-30.5192
 11
-16.5588
 21
-30.5363
  0
LINE
  8
0
 10
-16.5588
 20
-30.5363
 11
-16.5709
 21
-30.5529
  0
LINE
  8
0
 10
-16.5709
 20
-30.5529
 11
-16.5842
 21
-30.569
  0
LINE
  8
0
 10
-16.5842
 20
-30.569
 11
-16.5986
 21
-30.5846
  0
LINE
  8
0
 10
-16.5986
 20
-30.5846
 11
-16.6139
 21
-30.5993
  0
LINE
  8
0
 10
-16.6139
 20
-30.5993
 11
-16.6296
 21
-30.6129
  0
LINE
  8
0
 10
-16.6296
 20
-30.6129
 11
-16.6458
 21
-30.6253
  0
LINE
  8
0
 10
-16.6458
 20
-30.6253
 11
-16.6624
 21
-30.6365
  0
LINE
  8
0
 10
-16.6624
 20
-30.6365
 11
-16.6795
 21
-30.6465
  0
LINE
  8
0
 10
-16.6795
 20
-30.6465
 11
-16.697
 21
-30.6553
  0
LINE
  8
0
 10
-16.697
 20
-30.6553
 11
-16.715
 21
-30.663
  0
LINE
  8
0
 10
-16.715
 20
-30.663
 11
-16.7335
 21
-30.6695
  0
LINE
  8
0
 10
-16.7335
 20
-30.6695
 11
-16.7524
 21
-30.6748
  0
LINE
  8
0
 10
-16.7524
 20
-30.6748
 11
-16.7718
 21
-30.679
  0
LINE
  8
0
 10
-16.7718
 20
-30.679
 11
-16.7916
 21
-30.6819
  0
LINE
  8
0
 10
-16.7916
 20
-30.6819
 11
-16.8119
 21
-30.6837
  0
LINE
  8
0
 10
-16.8119
 20
-30.6837
 11
-16.8326
 21
-30.6843
  0
LINE
  8
0
 10
-16.8326
 20
-30.6843
 11
-16.8537
 21
-30.6837
  0
LINE
  8
0
 10
35.0013
 20
-32.1358
 11
33.264
 21
-32.1358
  0
LINE
  8
0
 10
33.264
 20
-32.1358
 11
33.264
 21
-31.3811
  0
LINE
  8
0
 10
33.264
 20
-31.3811
 11
34.7938
 21
-31.3811
  0
LINE
  8
0
 10
34.7938
 20
-31.3811
 11
34.7938
 21
-30.9173
  0
LINE
  8
0
 10
34.7938
 20
-30.9173
 11
33.264
 21
-30.9173
  0
LINE
  8
0
 10
33.264
 20
-30.9173
 11
33.264
 21
-30.1971
  0
LINE
  8
0
 10
33.264
 20
-30.1971
 11
34.9179
 21
-30.1971
  0
LINE
  8
0
 10
34.9179
 20
-30.1971
 11
34.9179
 21
-29.7332
  0
LINE
  8
0
 10
34.9179
 20
-29.7332
 11
32.6638
 21
-29.7332
  0
LINE
  8
0
 10
32.6638
 20
-29.7332
 11
32.6638
 21
-32.5997
  0
LINE
  8
0
 10
32.6638
 20
-32.5997
 11
35.0013
 21
-32.5997
  0
LINE
  8
0
 10
35.0013
 20
-32.5997
 11
35.0013
 21
-32.1358
  0
LINE
  8
0
 10
21.5099
 20
-29.7332
 11
20.9098
 21
-29.7332
  0
LINE
  8
0
 10
20.9098
 20
-29.7332
 11
20.9098
 21
-32.5997
  0
LINE
  8
0
 10
20.9098
 20
-32.5997
 11
21.5099
 21
-32.5997
  0
LINE
  8
0
 10
21.5099
 20
-32.5997
 11
21.5099
 21
-29.7332
  0
LINE
  8
0
 10
9.53136
 20
-31.5113
 11
10.2352
 21
-31.5113
  0
LINE
  8
0
 10
10.2352
 20
-31.5113
 11
10.9005
 21
-32.5997
  0
LINE
  8
0
 10
10.9005
 20
-32.5997
 11
11.5759
 21
-32.5997
  0
LINE
  8
0
 10
11.5759
 20
-32.5997
 11
10.8008
 21
-31.3953
  0
LINE
  8
0
 10
10.8008
 20
-31.3953
 11
10.8448
 21
-31.3838
  0
LINE
  8
0
 10
10.8448
 20
-31.3838
 11
10.8875
 21
-31.3705
  0
LINE
  8
0
 10
10.8875
 20
-31.3705
 11
10.9287
 21
-31.3554
  0
LINE
  8
0
 10
10.9287
 20
-31.3554
 11
10.9685
 21
-31.3386
  0
LINE
  8
0
 10
10.9685
 20
-31.3386
 11
11.0068
 21
-31.32
  0
LINE
  8
0
 10
11.0068
 20
-31.32
 11
11.0438
 21
-31.2996
  0
LINE
  8
0
 10
11.0438
 20
-31.2996
 11
11.0793
 21
-31.2775
  0
LINE
  8
0
 10
11.0793
 20
-31.2775
 11
11.1134
 21
-31.2536
  0
LINE
  8
0
 10
11.1134
 20
-31.2536
 11
11.1461
 21
-31.2279
  0
LINE
  8
0
 10
11.1461
 20
-31.2279
 11
11.1773
 21
-31.2004
  0
LINE
  8
0
 10
11.1773
 20
-31.2004
 11
11.2072
 21
-31.1712
  0
LINE
  8
0
 10
11.2072
 20
-31.1712
 11
11.2356
 21
-31.1402
  0
LINE
  8
0
 10
11.2356
 20
-31.1402
 11
11.2626
 21
-31.1075
  0
LINE
  8
0
 10
11.2626
 20
-31.1075
 11
11.2879
 21
-31.0734
  0
LINE
  8
0
 10
11.2879
 20
-31.0734
 11
11.3111
 21
-31.0383
  0
LINE
  8
0
 10
11.3111
 20
-31.0383
 11
11.3324
 21
-31.0022
  0
LINE
  8
0
 10
11.3324
 20
-31.0022
 11
11.3516
 21
-30.9651
  0
LINE
  8
0
 10
11.3516
 20
-30.9651
 11
11.3688
 21
-30.9271
  0
LINE
  8
0
 10
11.3688
 20
-30.9271
 11
11.3839
 21
-30.8881
  0
LINE
  8
0
 10
11.3839
 20
-30.8881
 11
11.3971
 21
-30.8481
  0
LINE
  8
0
 10
11.3971
 20
-30.8481
 11
11.4082
 21
-30.8071
  0
LINE
  8
0
 10
11.4082
 20
-30.8071
 11
11.4173
 21
-30.7652
  0
LINE
  8
0
 10
11.4173
 20
-30.7652
 11
11.4244
 21
-30.7223
  0
LINE
  8
0
 10
11.4244
 20
-30.7223
 11
11.4295
 21
-30.6784
  0
LINE
  8
0
 10
11.4295
 20
-30.6784
 11
11.4325
 21
-30.6335
  0
LINE
  8
0
 10
11.4325
 20
-30.6335
 11
11.4335
 21
-30.5877
  0
LINE
  8
0
 10
11.4335
 20
-30.5877
 11
11.4319
 21
-30.5253
  0
LINE
  8
0
 10
11.4319
 20
-30.5253
 11
11.4269
 21
-30.4652
  0
LINE
  8
0
 10
11.4269
 20
-30.4652
 11
11.4187
 21
-30.4073
  0
LINE
  8
0
 10
11.4187
 20
-30.4073
 11
11.4071
 21
-30.3517
  0
LINE
  8
0
 10
11.4071
 20
-30.3517
 11
11.3923
 21
-30.2984
  0
LINE
  8
0
 10
11.3923
 20
-30.2984
 11
11.3741
 21
-30.2474
  0
LINE
  8
0
 10
11.3741
 20
-30.2474
 11
11.3527
 21
-30.1987
  0
LINE
  8
0
 10
11.3527
 20
-30.1987
 11
11.3279
 21
-30.1522
  0
LINE
  8
0
 10
11.3279
 20
-30.1522
 11
11.2999
 21
-30.108
  0
LINE
  8
0
 10
11.2999
 20
-30.108
 11
11.2686
 21
-30.0661
  0
LINE
  8
0
 10
11.2686
 20
-30.0661
 11
11.2339
 21
-30.0265
  0
LINE
  8
0
 10
11.2339
 20
-30.0265
 11
11.196
 21
-29.9891
  0
LINE
  8
0
 10
11.196
 20
-29.9891
 11
11.1548
 21
-29.954
  0
LINE
  8
0
 10
11.1548
 20
-29.954
 11
11.1105
 21
-29.9213
  0
LINE
  8
0
 10
11.1105
 20
-29.9213
 11
11.0635
 21
-29.8913
  0
LINE
  8
0
 10
11.0635
 20
-29.8913
 11
11.0137
 21
-29.8639
  0
LINE
  8
0
 10
11.0137
 20
-29.8639
 11
10.9611
 21
-29.8391
  0
LINE
  8
0
 10
10.9611
 20
-29.8391
 11
10.9058
 21
-29.8168
  0
LINE
  8
0
 10
10.9058
 20
-29.8168
 11
10.8477
 21
-29.7973
  0
LINE
  8
0
 10
10.8477
 20
-29.7973
 11
10.7868
 21
-29.7803
  0
LINE
  8
0
 10
10.7868
 20
-29.7803
 11
10.7232
 21
-29.7659
  0
LINE
  8
0
 10
10.7232
 20
-29.7659
 11
10.6567
 21
-29.7542
  0
LINE
  8
0
 10
10.6567
 20
-29.7542
 11
10.5876
 21
-29.745
  0
LINE
  8
0
 10
10.5876
 20
-29.745
 11
10.5156
 21
-29.7385
  0
LINE
  8
0
 10
10.5156
 20
-29.7385
 11
10.4409
 21
-29.7346
  0
LINE
  8
0
 10
10.4409
 20
-29.7346
 11
10.3634
 21
-29.7332
  0
LINE
  8
0
 10
10.3634
 20
-29.7332
 11
8.9312
 21
-29.7332
  0
LINE
  8
0
 10
8.9312
 20
-29.7332
 11
8.9312
 21
-32.5997
  0
LINE
  8
0
 10
8.9312
 20
-32.5997
 11
9.53136
 21
-32.5997
  0
LINE
  8
0
 10
9.53136
 20
-32.5997
 11
9.53136
 21
-31.5113
  0
LINE
  8
0
 10
9.53136
 20
-31.0454
 11
9.53136
 21
-30.1991
  0
LINE
  8
0
 10
9.53136
 20
-30.1991
 11
10.3003
 21
-30.1991
  0
LINE
  8
0
 10
10.3003
 20
-30.1991
 11
10.3786
 21
-30.2016
  0
LINE
  8
0
 10
10.3786
 20
-30.2016
 11
10.4506
 21
-30.2089
  0
LINE
  8
0
 10
10.4506
 20
-30.2089
 11
10.5163
 21
-30.2211
  0
LINE
  8
0
 10
10.5163
 20
-30.2211
 11
10.5758
 21
-30.2382
  0
LINE
  8
0
 10
10.5758
 20
-30.2382
 11
10.629
 21
-30.2602
  0
LINE
  8
0
 10
10.629
 20
-30.2602
 11
10.6759
 21
-30.2871
  0
LINE
  8
0
 10
10.6759
 20
-30.2871
 11
10.7166
 21
-30.3189
  0
LINE
  8
0
 10
10.7166
 20
-30.3189
 11
10.751
 21
-30.3555
  0
LINE
  8
0
 10
10.751
 20
-30.3555
 11
10.7792
 21
-30.3971
  0
LINE
  8
0
 10
10.7792
 20
-30.3971
 11
10.8011
 21
-30.4435
  0
LINE
  8
0
 10
10.8011
 20
-30.4435
 11
10.8168
 21
-30.4948
  0
LINE
  8
0
 10
10.8168
 20
-30.4948
 11
10.8261
 21
-30.551
  0
LINE
  8
0
 10
10.8261
 20
-30.551
 11
10.8293
 21
-30.6121
  0
LINE
  8
0
 10
10.8293
 20
-30.6121
 11
10.8285
 21
-30.6432
  0
LINE
  8
0
 10
10.8285
 20
-30.6432
 11
10.8262
 21
-30.6732
  0
LINE
  8
0
 10
10.8262
 20
-30.6732
 11
10.8223
 21
-30.7021
  0
LINE
  8
0
 10
10.8223
 20
-30.7021
 11
10.8169
 21
-30.7299
  0
LINE
  8
0
 10
10.8169
 20
-30.7299
 11
10.81
 21
-30.7566
  0
LINE
  8
0
 10
10.81
 20
-30.7566
 11
10.8015
 21
-30.7823
  0
LINE
  8
0
 10
10.8015
 20
-30.7823
 11
10.7915
 21
-30.8068
  0
LINE
  8
0
 10
10.7915
 20
-30.8068
 11
10.78
 21
-30.8303
  0
LINE
  8
0
 10
10.78
 20
-30.8303
 11
10.7669
 21
-30.8527
  0
LINE
  8
0
 10
10.7669
 20
-30.8527
 11
10.7522
 21
-30.8741
  0
LINE
  8
0
 10
10.7522
 20
-30.8741
 11
10.7361
 21
-30.8943
  0
LINE
  8
0
 10
10.7361
 20
-30.8943
 11
10.7183
 21
-30.9134
  0
LINE
  8
0
 10
10.7183
 20
-30.9134
 11
10.6991
 21
-30.9315
  0
LINE
  8
0
 10
10.6991
 20
-30.9315
 11
10.6783
 21
-30.9484
  0
LINE
  8
0
 10
10.6783
 20
-30.9484
 11
10.6561
 21
-30.9639
  0
LINE
  8
0
 10
10.6561
 20
-30.9639
 11
10.6325
 21
-30.978
  0
LINE
  8
0
 10
10.6325
 20
-30.978
 11
10.6074
 21
-30.9908
  0
LINE
  8
0
 10
10.6074
 20
-30.9908
 11
10.5809
 21
-31.0023
  0
LINE
  8
0
 10
10.5809
 20
-31.0023
 11
10.5529
 21
-31.0124
  0
LINE
  8
0
 10
10.5529
 20
-31.0124
 11
10.5235
 21
-31.0212
  0
LINE
  8
0
 10
10.5235
 20
-31.0212
 11
10.4926
 21
-31.0286
  0
LINE
  8
0
 10
10.4926
 20
-31.0286
 11
10.4603
 21
-31.0346
  0
LINE
  8
0
 10
10.4603
 20
-31.0346
 11
10.4265
 21
-31.0394
  0
LINE
  8
0
 10
10.4265
 20
-31.0394
 11
10.3914
 21
-31.0427
  0
LINE
  8
0
 10
10.3914
 20
-31.0427
 11
10.3547
 21
-31.0448
  0
LINE
  8
0
 10
10.3547
 20
-31.0448
 11
10.3166
 21
-31.0454
  0
LINE
  8
0
 10
10.3166
 20
-31.0454
 11
9.53136
 21
-31.0454
  0
LINE
  8
0
 10
24.3778
 20
-32.1358
 11
22.6404
 21
-32.1358
  0
LINE
  8
0
 10
22.6404
 20
-32.1358
 11
22.6404
 21
-31.3811
  0
LINE
  8
0
 10
22.6404
 20
-31.3811
 11
24.1703
 21
-31.3811
  0
LINE
  8
0
 10
24.1703
 20
-31.3811
 11
24.1703
 21
-30.9173
  0
LINE
  8
0
 10
24.1703
 20
-30.9173
 11
22.6404
 21
-30.9173
  0
LINE
  8
0
 10
22.6404
 20
-30.9173
 11
22.6404
 21
-30.1971
  0
LINE
  8
0
 10
22.6404
 20
-30.1971
 11
24.2944
 21
-30.1971
  0
LINE
  8
0
 10
24.2944
 20
-30.1971
 11
24.2944
 21
-29.7332
  0
LINE
  8
0
 10
24.2944
 20
-29.7332
 11
22.0403
 21
-29.7332
  0
LINE
  8
0
 10
22.0403
 20
-29.7332
 11
22.0403
 21
-32.5997
  0
LINE
  8
0
 10
22.0403
 20
-32.5997
 11
24.3778
 21
-32.5997
  0
LINE
  8
0
 10
24.3778
 20
-32.5997
 11
24.3778
 21
-32.1358
  0
LINE
  8
0
 10
38.9318
 20
-32.1064
 11
39.0293
 21
-31.6882
  0
LINE
  8
0
 10
39.0293
 20
-31.6882
 11
39.1092
 21
-31.345
  0
LINE
  8
0
 10
39.1092
 20
-31.345
 11
39.1714
 21
-31.077
  0
LINE
  8
0
 10
39.1714
 20
-31.077
 11
39.196
 21
-30.9711
  0
LINE
  8
0
 10
39.196
 20
-30.9711
 11
39.2161
 21
-30.884
  0
LINE
  8
0
 10
39.2161
 20
-30.884
 11
39.2318
 21
-30.8156
  0
LINE
  8
0
 10
39.2318
 20
-30.8156
 11
39.2431
 21
-30.766
  0
LINE
  8
0
 10
39.2431
 20
-30.766
 11
39.25
 21
-30.7352
  0
LINE
  8
0
 10
39.25
 20
-30.7352
 11
39.2548
 21
-30.713
  0
LINE
  8
0
 10
39.2548
 20
-30.713
 11
39.2598
 21
-30.6893
  0
LINE
  8
0
 10
39.2598
 20
-30.6893
 11
39.265
 21
-30.6641
  0
LINE
  8
0
 10
39.265
 20
-30.6641
 11
39.2705
 21
-30.6374
  0
LINE
  8
0
 10
39.2705
 20
-30.6374
 11
39.2762
 21
-30.6092
  0
LINE
  8
0
 10
39.2762
 20
-30.6092
 11
39.2821
 21
-30.5795
  0
LINE
  8
0
 10
39.2821
 20
-30.5795
 11
39.2882
 21
-30.5482
  0
LINE
  8
0
 10
39.2882
 20
-30.5482
 11
39.2945
 21
-30.5155
  0
LINE
  8
0
 10
39.2945
 20
-30.5155
 11
39.301
 21
-30.4813
  0
LINE
  8
0
 10
39.301
 20
-30.4813
 11
39.3078
 21
-30.4456
  0
LINE
  8
0
 10
39.3078
 20
-30.4456
 11
39.3147
 21
-30.4083
  0
LINE
  8
0
 10
39.3147
 20
-30.4083
 11
39.3219
 21
-30.3696
  0
LINE
  8
0
 10
39.3219
 20
-30.3696
 11
39.3293
 21
-30.3293
  0
LINE
  8
0
 10
39.3293
 20
-30.3293
 11
39.337
 21
-30.3783
  0
LINE
  8
0
 10
39.337
 20
-30.3783
 11
39.3449
 21
-30.427
  0
LINE
  8
0
 10
39.3449
 20
-30.427
 11
39.3531
 21
-30.4753
  0
LINE
  8
0
 10
39.3531
 20
-30.4753
 11
39.3615
 21
-30.5234
  0
LINE
  8
0
 10
39.3615
 20
-30.5234
 11
39.3702
 21
-30.5711
  0
LINE
  8
0
 10
39.3702
 20
-30.5711
 11
39.3792
 21
-30.6185
  0
LINE
  8
0
 10
39.3792
 20
-30.6185
 11
39.3884
 21
-30.6656
  0
LINE
  8
0
 10
39.3884
 20
-30.6656
 11
39.3979
 21
-30.7124
  0
LINE
  8
0
 10
39.3979
 20
-30.7124
 11
39.4077
 21
-30.7589
  0
LINE
  8
0
 10
39.4077
 20
-30.7589
 11
39.4177
 21
-30.8051
  0
LINE
  8
0
 10
39.4177
 20
-30.8051
 11
39.428
 21
-30.8509
  0
LINE
  8
0
 10
39.428
 20
-30.8509
 11
39.4386
 21
-30.8965
  0
LINE
  8
0
 10
39.4386
 20
-30.8965
 11
39.4494
 21
-30.9417
  0
LINE
  8
0
 10
39.4494
 20
-30.9417
 11
39.8379
 21
-32.5997
  0
LINE
  8
0
 10
39.8379
 20
-32.5997
 11
40.55
 21
-32.5997
  0
LINE
  8
0
 10
40.55
 20
-32.5997
 11
41.2905
 21
-29.7332
  0
LINE
  8
0
 10
41.2905
 20
-29.7332
 11
40.6822
 21
-29.7332
  0
LINE
  8
0
 10
40.6822
 20
-29.7332
 11
40.3363
 21
-31.3282
  0
LINE
  8
0
 10
40.3363
 20
-31.3282
 11
40.2285
 21
-31.7961
  0
LINE
  8
0
 10
40.2285
 20
-31.7961
 11
40.1777
 21
-32.0321
  0
LINE
  8
0
 10
40.1777
 20
-32.0321
 11
40.1624
 21
-31.942
  0
LINE
  8
0
 10
40.1624
 20
-31.942
 11
40.1478
 21
-31.857
  0
LINE
  8
0
 10
40.1478
 20
-31.857
 11
40.1339
 21
-31.7771
  0
LINE
  8
0
 10
40.1339
 20
-31.7771
 11
40.1207
 21
-31.7023
  0
LINE
  8
0
 10
40.1207
 20
-31.7023
 11
40.1082
 21
-31.6327
  0
LINE
  8
0
 10
40.1082
 20
-31.6327
 11
40.0963
 21
-31.5681
  0
LINE
  8
0
 10
40.0963
 20
-31.5681
 11
40.0852
 21
-31.5086
  0
LINE
  8
0
 10
40.0852
 20
-31.5086
 11
40.0748
 21
-31.4543
  0
LINE
  8
0
 10
40.0748
 20
-31.4543
 11
40.0651
 21
-31.405
  0
LINE
  8
0
 10
40.0651
 20
-31.405
 11
40.0561
 21
-31.3609
  0
LINE
  8
0
 10
40.0561
 20
-31.3609
 11
40.0478
 21
-31.3218
  0
LINE
  8
0
 10
40.0478
 20
-31.3218
 11
40.0401
 21
-31.2879
  0
LINE
  8
0
 10
40.0401
 20
-31.2879
 11
40.0332
 21
-31.259
  0
LINE
  8
0
 10
40.0332
 20
-31.259
 11
39.6711
 21
-29.7332
  0
LINE
  8
0
 10
39.6711
 20
-29.7332
 11
38.9998
 21
-29.7332
  0
LINE
  8
0
 10
38.9998
 20
-29.7332
 11
38.9474
 21
-29.9569
  0
LINE
  8
0
 10
38.9474
 20
-29.9569
 11
38.8985
 21
-30.1658
  0
LINE
  8
0
 10
38.8985
 20
-30.1658
 11
38.8532
 21
-30.3599
  0
LINE
  8
0
 10
38.8532
 20
-30.3599
 11
38.8114
 21
-30.5394
  0
LINE
  8
0
 10
38.8114
 20
-30.5394
 11
38.7731
 21
-30.7041
  0
LINE
  8
0
 10
38.7731
 20
-30.7041
 11
38.7384
 21
-30.8541
  0
LINE
  8
0
 10
38.7384
 20
-30.8541
 11
38.7072
 21
-30.9894
  0
LINE
  8
0
 10
38.7072
 20
-30.9894
 11
38.6795
 21
-31.11
  0
LINE
  8
0
 10
38.6795
 20
-31.11
 11
38.6553
 21
-31.2158
  0
LINE
  8
0
 10
38.6553
 20
-31.2158
 11
38.6347
 21
-31.3069
  0
LINE
  8
0
 10
38.6347
 20
-31.3069
 11
38.6175
 21
-31.3833
  0
LINE
  8
0
 10
38.6175
 20
-31.3833
 11
38.604
 21
-31.445
  0
LINE
  8
0
 10
38.604
 20
-31.445
 11
38.5939
 21
-31.492
  0
LINE
  8
0
 10
38.5939
 20
-31.492
 11
38.5688
 21
-31.6121
  0
LINE
  8
0
 10
38.5688
 20
-31.6121
 11
38.552
 21
-31.6937
  0
LINE
  8
0
 10
38.552
 20
-31.6937
 11
38.535
 21
-31.7765
  0
LINE
  8
0
 10
38.535
 20
-31.7765
 11
38.5178
 21
-31.8605
  0
LINE
  8
0
 10
38.5178
 20
-31.8605
 11
38.5005
 21
-31.9457
  0
LINE
  8
0
 10
38.5005
 20
-31.9457
 11
38.483
 21
-32.0321
  0
LINE
  8
0
 10
38.483
 20
-32.0321
 11
38.3894
 21
-31.5845
  0
LINE
  8
0
 10
38.3894
 20
-31.5845
 11
37.9745
 21
-29.7332
  0
LINE
  8
0
 10
37.9745
 20
-29.7332
 11
37.3662
 21
-29.7332
  0
LINE
  8
0
 10
37.3662
 20
-29.7332
 11
38.1046
 21
-32.5997
  0
LINE
  8
0
 10
38.1046
 20
-32.5997
 11
38.8167
 21
-32.5997
  0
LINE
  8
0
 10
38.8167
 20
-32.5997
 11
38.9318
 21
-32.1064
  0
LINE
  8
0
 10
13.1636
 20
-30.1971
 11
14.0913
 21
-30.1971
  0
LINE
  8
0
 10
14.0913
 20
-30.1971
 11
14.0913
 21
-29.7332
  0
LINE
  8
0
 10
14.0913
 20
-29.7332
 11
11.6378
 21
-29.7332
  0
LINE
  8
0
 10
11.6378
 20
-29.7332
 11
11.6378
 21
-30.1971
  0
LINE
  8
0
 10
11.6378
 20
-30.1971
 11
12.5634
 21
-30.1971
  0
LINE
  8
0
 10
12.5634
 20
-30.1971
 11
12.5634
 21
-32.5997
  0
LINE
  8
0
 10
12.5634
 20
-32.5997
 11
13.1636
 21
-32.5997
  0
LINE
  8
0
 10
13.1636
 20
-32.5997
 11
13.1636
 21
-30.1971
  0
LINE
  8
0
 10
28.4621
 20
-32.5986
 11
28.5236
 21
-32.5955
  0
LINE
  8
0
 10
28.5236
 20
-32.5955
 11
28.5841
 21
-32.5904
  0
LINE
  8
0
 10
28.5841
 20
-32.5904
 11
28.6435
 21
-32.5831
  0
LINE
  8
0
 10
28.6435
 20
-32.5831
 11
28.7018
 21
-32.5738
  0
LINE
  8
0
 10
28.7018
 20
-32.5738
 11
28.759
 21
-32.5624
  0
LINE
  8
0
 10
28.759
 20
-32.5624
 11
28.8151
 21
-32.549
  0
LINE
  8
0
 10
28.8151
 20
-32.549
 11
28.8701
 21
-32.5334
  0
LINE
  8
0
 10
28.8701
 20
-32.5334
 11
28.924
 21
-32.5158
  0
LINE
  8
0
 10
28.924
 20
-32.5158
 11
28.9768
 21
-32.4962
  0
LINE
  8
0
 10
28.9768
 20
-32.4962
 11
29.0286
 21
-32.4744
  0
LINE
  8
0
 10
29.0286
 20
-32.4744
 11
29.0792
 21
-32.4506
  0
LINE
  8
0
 10
29.0792
 20
-32.4506
 11
29.1287
 21
-32.4247
  0
LINE
  8
0
 10
29.1287
 20
-32.4247
 11
29.1768
 21
-32.3969
  0
LINE
  8
0
 10
29.1768
 20
-32.3969
 11
29.2233
 21
-32.3672
  0
LINE
  8
0
 10
29.2233
 20
-32.3672
 11
29.268
 21
-32.3357
  0
LINE
  8
0
 10
29.268
 20
-32.3357
 11
29.311
 21
-32.3023
  0
LINE
  8
0
 10
29.311
 20
-32.3023
 11
29.3522
 21
-32.2671
  0
LINE
  8
0
 10
29.3522
 20
-32.2671
 11
29.3918
 21
-32.2301
  0
LINE
  8
0
 10
29.3918
 20
-32.2301
 11
29.4297
 21
-32.1912
  0
LINE
  8
0
 10
29.4297
 20
-32.1912
 11
29.4659
 21
-32.1505
  0
LINE
  8
0
 10
29.4659
 20
-32.1505
 11
29.5003
 21
-32.1079
  0
LINE
  8
0
 10
29.5003
 20
-32.1079
 11
29.5331
 21
-32.0635
  0
LINE
  8
0
 10
29.5331
 20
-32.0635
 11
29.5641
 21
-32.0172
  0
LINE
  8
0
 10
29.5641
 20
-32.0172
 11
29.5934
 21
-31.9691
  0
LINE
  8
0
 10
29.5934
 20
-31.9691
 11
29.621
 21
-31.9192
  0
LINE
  8
0
 10
29.621
 20
-31.9192
 11
29.6468
 21
-31.8677
  0
LINE
  8
0
 10
29.6468
 20
-31.8677
 11
29.6704
 21
-31.8148
  0
LINE
  8
0
 10
29.6704
 20
-31.8148
 11
29.692
 21
-31.7606
  0
LINE
  8
0
 10
29.692
 20
-31.7606
 11
29.7116
 21
-31.705
  0
LINE
  8
0
 10
29.7116
 20
-31.705
 11
29.7291
 21
-31.6482
  0
LINE
  8
0
 10
29.7291
 20
-31.6482
 11
29.7445
 21
-31.59
  0
LINE
  8
0
 10
29.7445
 20
-31.59
 11
29.7579
 21
-31.5304
  0
LINE
  8
0
 10
29.7579
 20
-31.5304
 11
29.7692
 21
-31.4695
  0
LINE
  8
0
 10
29.7692
 20
-31.4695
 11
29.7785
 21
-31.4073
  0
LINE
  8
0
 10
29.7785
 20
-31.4073
 11
29.7857
 21
-31.3438
  0
LINE
  8
0
 10
29.7857
 20
-31.3438
 11
29.7909
 21
-31.2789
  0
LINE
  8
0
 10
29.7909
 20
-31.2789
 11
29.7939
 21
-31.2127
  0
LINE
  8
0
 10
29.7939
 20
-31.2127
 11
29.795
 21
-31.1451
  0
LINE
  8
0
 10
29.795
 20
-31.1451
 11
29.7926
 21
-31.0421
  0
LINE
  8
0
 10
29.7926
 20
-31.0421
 11
29.7856
 21
-30.9429
  0
LINE
  8
0
 10
29.7856
 20
-30.9429
 11
29.7738
 21
-30.8474
  0
LINE
  8
0
 10
29.7738
 20
-30.8474
 11
29.7574
 21
-30.7557
  0
LINE
  8
0
 10
29.7574
 20
-30.7557
 11
29.7363
 21
-30.6677
  0
LINE
  8
0
 10
29.7363
 20
-30.6677
 11
29.7105
 21
-30.5834
  0
LINE
  8
0
 10
29.7105
 20
-30.5834
 11
29.6799
 21
-30.5029
  0
LINE
  8
0
 10
29.6799
 20
-30.5029
 11
29.6447
 21
-30.4261
  0
LINE
  8
0
 10
29.6447
 20
-30.4261
 11
29.6048
 21
-30.3531
  0
LINE
  8
0
 10
29.6048
 20
-30.3531
 11
29.5602
 21
-30.2838
  0
LINE
  8
0
 10
29.5602
 20
-30.2838
 11
29.5109
 21
-30.2183
  0
LINE
  8
0
 10
29.5109
 20
-30.2183
 11
29.4569
 21
-30.1565
  0
LINE
  8
0
 10
29.4569
 20
-30.1565
 11
29.3983
 21
-30.0984
  0
LINE
  8
0
 10
29.3983
 20
-30.0984
 11
29.3353
 21
-30.0444
  0
LINE
  8
0
 10
29.3353
 20
-30.0444
 11
29.2684
 21
-29.9947
  0
LINE
  8
0
 10
29.2684
 20
-29.9947
 11
29.1977
 21
-29.9493
  0
LINE
  8
0
 10
29.1977
 20
-29.9493
 11
29.1231
 21
-29.9083
  0
LINE
  8
0
 10
29.1231
 20
-29.9083
 11
29.0447
 21
-29.8716
  0
LINE
  8
0
 10
29.0447
 20
-29.8716
 11
28.9623
 21
-29.8391
  0
LINE
  8
0
 10
28.9623
 20
-29.8391
 11
28.8761
 21
-29.8111
  0
LINE
  8
0
 10
28.8761
 20
-29.8111
 11
28.786
 21
-29.7873
  0
LINE
  8
0
 10
28.786
 20
-29.7873
 11
28.692
 21
-29.7678
  0
LINE
  8
0
 10
28.692
 20
-29.7678
 11
28.5941
 21
-29.7527
  0
LINE
  8
0
 10
28.5941
 20
-29.7527
 11
28.4924
 21
-29.7419
  0
LINE
  8
0
 10
28.4924
 20
-29.7419
 11
28.3868
 21
-29.7354
  0
LINE
  8
0
 10
28.3868
 20
-29.7354
 11
28.2773
 21
-29.7332
  0
LINE
  8
0
 10
28.2773
 20
-29.7332
 11
27.2398
 21
-29.7332
  0
LINE
  8
0
 10
27.2398
 20
-29.7332
 11
27.2398
 21
-32.5997
  0
LINE
  8
0
 10
27.2398
 20
-32.5997
 11
28.3994
 21
-32.5997
  0
LINE
  8
0
 10
28.3994
 20
-32.5997
 11
28.4621
 21
-32.5986
  0
LINE
  8
0
 10
27.8399
 20
-32.1358
 11
27.8399
 21
-30.1971
  0
LINE
  8
0
 10
27.8399
 20
-30.1971
 11
28.2651
 21
-30.1971
  0
LINE
  8
0
 10
28.2651
 20
-30.1971
 11
28.3325
 21
-30.1985
  0
LINE
  8
0
 10
28.3325
 20
-30.1985
 11
28.3974
 21
-30.2028
  0
LINE
  8
0
 10
28.3974
 20
-30.2028
 11
28.4598
 21
-30.21
  0
LINE
  8
0
 10
28.4598
 20
-30.21
 11
28.5199
 21
-30.2201
  0
LINE
  8
0
 10
28.5199
 20
-30.2201
 11
28.5775
 21
-30.233
  0
LINE
  8
0
 10
28.5775
 20
-30.233
 11
28.6326
 21
-30.2489
  0
LINE
  8
0
 10
28.6326
 20
-30.2489
 11
28.6853
 21
-30.2676
  0
LINE
  8
0
 10
28.6853
 20
-30.2676
 11
28.7357
 21
-30.2892
  0
LINE
  8
0
 10
28.7357
 20
-30.2892
 11
28.7835
 21
-30.3136
  0
LINE
  8
0
 10
28.7835
 20
-30.3136
 11
28.829
 21
-30.3409
  0
LINE
  8
0
 10
28.829
 20
-30.3409
 11
28.872
 21
-30.3712
  0
LINE
  8
0
 10
28.872
 20
-30.3712
 11
28.9126
 21
-30.4042
  0
LINE
  8
0
 10
28.9126
 20
-30.4042
 11
28.9507
 21
-30.4402
  0
LINE
  8
0
 10
28.9507
 20
-30.4402
 11
28.9862
 21
-30.4789
  0
LINE
  8
0
 10
28.9862
 20
-30.4789
 11
29.0189
 21
-30.5202
  0
LINE
  8
0
 10
29.0189
 20
-30.5202
 11
29.0487
 21
-30.5641
  0
LINE
  8
0
 10
29.0487
 20
-30.5641
 11
29.0757
 21
-30.6105
  0
LINE
  8
0
 10
29.0757
 20
-30.6105
 11
29.0999
 21
-30.6596
  0
LINE
  8
0
 10
29.0999
 20
-30.6596
 11
29.1212
 21
-30.7112
  0
LINE
  8
0
 10
29.1212
 20
-30.7112
 11
29.1396
 21
-30.7654
  0
LINE
  8
0
 10
29.1396
 20
-30.7654
 11
29.1553
 21
-30.8222
  0
LINE
  8
0
 10
29.1553
 20
-30.8222
 11
29.168
 21
-30.8816
  0
LINE
  8
0
 10
29.168
 20
-30.8816
 11
29.178
 21
-30.9436
  0
LINE
  8
0
 10
29.178
 20
-30.9436
 11
29.1851
 21
-31.0082
  0
LINE
  8
0
 10
29.1851
 20
-31.0082
 11
29.1894
 21
-31.0754
  0
LINE
  8
0
 10
29.1894
 20
-31.0754
 11
29.1908
 21
-31.1451
  0
LINE
  8
0
 10
29.1908
 20
-31.1451
 11
29.1894
 21
-31.2144
  0
LINE
  8
0
 10
29.1894
 20
-31.2144
 11
29.1854
 21
-31.2814
  0
LINE
  8
0
 10
29.1854
 20
-31.2814
 11
29.1786
 21
-31.3462
  0
LINE
  8
0
 10
29.1786
 20
-31.3462
 11
29.1692
 21
-31.4087
  0
LINE
  8
0
 10
29.1692
 20
-31.4087
 11
29.1571
 21
-31.4689
  0
LINE
  8
0
 10
29.1571
 20
-31.4689
 11
29.1422
 21
-31.5269
  0
LINE
  8
0
 10
29.1422
 20
-31.5269
 11
29.1247
 21
-31.5826
  0
LINE
  8
0
 10
29.1247
 20
-31.5826
 11
29.1045
 21
-31.636
  0
LINE
  8
0
 10
29.1045
 20
-31.636
 11
29.0816
 21
-31.6872
  0
LINE
  8
0
 10
29.0816
 20
-31.6872
 11
29.056
 21
-31.7362
  0
LINE
  8
0
 10
29.056
 20
-31.7362
 11
29.0276
 21
-31.7828
  0
LINE
  8
0
 10
29.0276
 20
-31.7828
 11
28.9966
 21
-31.8272
  0
LINE
  8
0
 10
28.9966
 20
-31.8272
 11
28.9629
 21
-31.8694
  0
LINE
  8
0
 10
28.9629
 20
-31.8694
 11
28.9269
 21
-31.9088
  0
LINE
  8
0
 10
28.9269
 20
-31.9088
 11
28.8891
 21
-31.9451
  0
LINE
  8
0
 10
28.8891
 20
-31.9451
 11
28.8493
 21
-31.9782
  0
LINE
  8
0
 10
28.8493
 20
-31.9782
 11
28.8077
 21
-32.0081
  0
LINE
  8
0
 10
28.8077
 20
-32.0081
 11
28.7642
 21
-32.0349
  0
LINE
  8
0
 10
28.7642
 20
-32.0349
 11
28.7188
 21
-32.0586
  0
LINE
  8
0
 10
28.7188
 20
-32.0586
 11
28.6715
 21
-32.0791
  0
LINE
  8
0
 10
28.6715
 20
-32.0791
 11
28.6224
 21
-32.0964
  0
LINE
  8
0
 10
28.6224
 20
-32.0964
 11
28.5714
 21
-32.1106
  0
LINE
  8
0
 10
28.5714
 20
-32.1106
 11
28.5185
 21
-32.1217
  0
LINE
  8
0
 10
28.5185
 20
-32.1217
 11
28.4637
 21
-32.1295
  0
LINE
  8
0
 10
28.4637
 20
-32.1295
 11
28.4071
 21
-32.1343
  0
LINE
  8
0
 10
28.4071
 20
-32.1343
 11
28.3485
 21
-32.1358
  0
LINE
  8
0
 10
28.3485
 20
-32.1358
 11
27.8399
 21
-32.1358
  0
LINE
  8
0
 10
14.9554
 20
-31.3709
 11
16.2045
 21
-31.3709
  0
LINE
  8
0
 10
16.2045
 20
-31.3709
 11
16.2045
 21
-32.5997
  0
LINE
  8
0
 10
16.2045
 20
-32.5997
 11
16.8046
 21
-32.5997
  0
LINE
  8
0
 10
16.8046
 20
-32.5997
 11
16.8046
 21
-29.7332
  0
LINE
  8
0
 10
16.8046
 20
-29.7332
 11
16.2045
 21
-29.7332
  0
LINE
  8
0
 10
16.2045
 20
-29.7332
 11
16.2045
 21
-30.8745
  0
LINE
  8
0
 10
16.2045
 20
-30.8745
 11
14.9554
 21
-30.8745
  0
LINE
  8
0
 10
14.9554
 20
-30.8745
 11
14.9554
 21
-29.7332
  0
LINE
  8
0
 10
14.9554
 20
-29.7332
 11
14.3552
 21
-29.7332
  0
LINE
  8
0
 10
14.3552
 20
-29.7332
 11
14.3552
 21
-32.5997
  0
LINE
  8
0
 10
14.3552
 20
-32.5997
 11
14.9554
 21
-32.5997
  0
LINE
  8
0
 10
14.9554
 20
-32.5997
 11
14.9554
 21
-31.3709
  0
LINE
  8
0
 10
19.0244
 20
-31.5479
 11
20.4912
 21
-31.5479
  0
LINE
  8
0
 10
20.4912
 20
-31.5479
 11
20.4912
 21
-31.0841
  0
LINE
  8
0
 10
20.4912
 20
-31.0841
 11
19.0244
 21
-31.0841
  0
LINE
  8
0
 10
19.0244
 20
-31.0841
 11
19.0244
 21
-30.1971
  0
LINE
  8
0
 10
19.0244
 20
-30.1971
 11
20.538
 21
-30.1971
  0
LINE
  8
0
 10
20.538
 20
-30.1971
 11
20.538
 21
-29.7332
  0
LINE
  8
0
 10
20.538
 20
-29.7332
 11
18.4242
 21
-29.7332
  0
LINE
  8
0
 10
18.4242
 20
-29.7332
 11
18.4242
 21
-32.5997
  0
LINE
  8
0
 10
18.4242
 20
-32.5997
 11
19.0244
 21
-32.5997
  0
LINE
  8
0
 10
19.0244
 20
-32.5997
 11
19.0244
 21
-31.5479
  0
LINE
  8
0
 10
5.6162
 20
-32.1358
 11
3.87885
 21
-32.1358
  0
LINE
  8
0
 10
3.87885
 20
-32.1358
 11
3.87885
 21
-31.3811
  0
LINE
  8
0
 10
3.87885
 20
-31.3811
 11
5.40869
 21
-31.3811
  0
LINE
  8
0
 10
5.40869
 20
-31.3811
 11
5.40869
 21
-30.9173
  0
LINE
  8
0
 10
5.40869
 20
-30.9173
 11
3.87885
 21
-30.9173
  0
LINE
  8
0
 10
3.87885
 20
-30.9173
 11
3.87885
 21
-30.1971
  0
LINE
  8
0
 10
3.87885
 20
-30.1971
 11
5.53281
 21
-30.1971
  0
LINE
  8
0
 10
5.53281
 20
-30.1971
 11
5.53281
 21
-29.7332
  0
LINE
  8
0
 10
5.53281
 20
-29.7332
 11
3.27869
 21
-29.7332
  0
LINE
  8
0
 10
3.27869
 20
-29.7332
 11
3.27869
 21
-32.5997
  0
LINE
  8
0
 10
3.27869
 20
-32.5997
 11
5.6162
 21
-32.5997
  0
LINE
  8
0
 10
5.6162
 20
-32.5997
 11
5.6162
 21
-32.1358
  0
LINE
  8
0
 10
26.8924
 20
-32.1358
 11
25.3544
 21
-32.1358
  0
LINE
  8
0
 10
25.3544
 20
-32.1358
 11
25.3544
 21
-29.7332
  0
LINE
  8
0
 10
25.3544
 20
-29.7332
 11
24.7543
 21
-29.7332
  0
LINE
  8
0
 10
24.7543
 20
-29.7332
 11
24.7543
 21
-32.5997
  0
LINE
  8
0
 10
24.7543
 20
-32.5997
 11
26.8924
 21
-32.5997
  0
LINE
  8
0
 10
26.8924
 20
-32.5997
 11
26.8924
 21
-32.1358
  0
LINE
  8
0
 10
6.6722
 20
-31.8673
 11
7.76465
 21
-31.8673
  0
LINE
  8
0
 10
7.76465
 20
-31.8673
 11
8.01895
 21
-32.5997
  0
LINE
  8
0
 10
8.01895
 20
-32.5997
 11
8.61299
 21
-32.5997
  0
LINE
  8
0
 10
8.61299
 20
-32.5997
 11
7.57138
 21
-29.7332
  0
LINE
  8
0
 10
7.57138
 20
-29.7332
 11
6.86342
 21
-29.7332
  0
LINE
  8
0
 10
6.86342
 20
-29.7332
 11
5.81773
 21
-32.5997
  0
LINE
  8
0
 10
5.81773
 20
-32.5997
 11
6.41789
 21
-32.5997
  0
LINE
  8
0
 10
6.41789
 20
-32.5997
 11
6.6722
 21
-31.8673
  0
LINE
  8
0
 10
6.80644
 20
-31.4157
 11
6.85417
 21
-31.2767
  0
LINE
  8
0
 10
6.85417
 20
-31.2767
 11
6.89842
 21
-31.1477
  0
LINE
  8
0
 10
6.89842
 20
-31.1477
 11
6.93921
 21
-31.0286
  0
LINE
  8
0
 10
6.93921
 20
-31.0286
 11
7.01038
 21
-30.8204
  0
LINE
  8
0
 10
7.01038
 20
-30.8204
 11
7.04076
 21
-30.7313
  0
LINE
  8
0
 10
7.04076
 20
-30.7313
 11
7.06767
 21
-30.6521
  0
LINE
  8
0
 10
7.06767
 20
-30.6521
 11
7.09113
 21
-30.5829
  0
LINE
  8
0
 10
7.09113
 20
-30.5829
 11
7.11111
 21
-30.5236
  0
LINE
  8
0
 10
7.11111
 20
-30.5236
 11
7.12762
 21
-30.4743
  0
LINE
  8
0
 10
7.12762
 20
-30.4743
 11
7.14067
 21
-30.435
  0
LINE
  8
0
 10
7.14067
 20
-30.435
 11
7.15025
 21
-30.4057
  0
LINE
  8
0
 10
7.15025
 20
-30.4057
 11
7.15637
 21
-30.3863
  0
LINE
  8
0
 10
7.15637
 20
-30.3863
 11
7.16493
 21
-30.358
  0
LINE
  8
0
 10
7.16493
 20
-30.358
 11
7.17313
 21
-30.3306
  0
LINE
  8
0
 10
7.17313
 20
-30.3306
 11
7.18092
 21
-30.3042
  0
LINE
  8
0
 10
7.18092
 20
-30.3042
 11
7.18834
 21
-30.2788
  0
LINE
  8
0
 10
7.18834
 20
-30.2788
 11
7.19537
 21
-30.2543
  0
LINE
  8
0
 10
7.19537
 20
-30.2543
 11
7.20203
 21
-30.2309
  0
LINE
  8
0
 10
7.20203
 20
-30.2309
 11
7.2052
 21
-30.2195
  0
LINE
  8
0
 10
7.2052
 20
-30.2195
 11
7.21739
 21
-30.1747
  0
LINE
  8
0
 10
7.21739
 20
-30.1747
 11
7.26013
 21
-30.3151
  0
LINE
  8
0
 10
7.26013
 20
-30.3151
 11
7.34758
 21
-30.5918
  0
LINE
  8
0
 10
7.34758
 20
-30.5918
 11
7.63037
 21
-31.4157
  0
LINE
  8
0
 10
7.63037
 20
-31.4157
 11
6.80644
 21
-31.4157
  0
LINE
  8
0
 10
-26.2888
 20
-29.7342
 11
-26.889
 21
-29.7342
  0
LINE
  8
0
 10
-26.889
 20
-29.7342
 11
-26.889
 21
-32.6006
  0
LINE
  8
0
 10
-26.889
 20
-32.6006
 11
-26.2888
 21
-32.6006
  0
LINE
  8
0
 10
-26.2888
 20
-32.6006
 11
-26.2888
 21
-29.7342
  0
LINE
  8
0
 10
-13.3364
 20
-30.198
 11
-12.4087
 21
-30.198
  0
LINE
  8
0
 10
-12.4087
 20
-30.198
 11
-12.4087
 21
-29.7342
  0
LINE
  8
0
 10
-12.4087
 20
-29.7342
 11
-14.8622
 21
-29.7342
  0
LINE
  8
0
 10
-14.8622
 20
-29.7342
 11
-14.8622
 21
-30.198
  0
LINE
  8
0
 10
-14.8622
 20
-30.198
 11
-13.9366
 21
-30.198
  0
LINE
  8
0
 10
-13.9366
 20
-30.198
 11
-13.9366
 21
-32.6006
  0
LINE
  8
0
 10
-13.9366
 20
-32.6006
 11
-13.3364
 21
-32.6006
  0
LINE
  8
0
 10
-13.3364
 20
-32.6006
 11
-13.3364
 21
-30.198
  0
LINE
  8
0
 10
-31.862
 20
-31.8682
 11
-30.7695
 21
-31.8682
  0
LINE
  8
0
 10
-30.7695
 20
-31.8682
 11
-30.5152
 21
-32.6006
  0
LINE
  8
0
 10
-30.5152
 20
-32.6006
 11
-29.9212
 21
-32.6006
  0
LINE
  8
0
 10
-29.9212
 20
-32.6006
 11
-30.9628
 21
-29.7342
  0
LINE
  8
0
 10
-30.9628
 20
-29.7342
 11
-31.6708
 21
-29.7342
  0
LINE
  8
0
 10
-31.6708
 20
-29.7342
 11
-32.7165
 21
-32.6006
  0
LINE
  8
0
 10
-32.7165
 20
-32.6006
 11
-32.1163
 21
-32.6006
  0
LINE
  8
0
 10
-32.1163
 20
-32.6006
 11
-31.862
 21
-31.8682
  0
LINE
  8
0
 10
-31.7278
 20
-31.4166
 11
-31.68
 21
-31.2776
  0
LINE
  8
0
 10
-31.68
 20
-31.2776
 11
-31.6358
 21
-31.1486
  0
LINE
  8
0
 10
-31.6358
 20
-31.1486
 11
-31.595
 21
-31.0296
  0
LINE
  8
0
 10
-31.595
 20
-31.0296
 11
-31.5577
 21
-30.9205
  0
LINE
  8
0
 10
-31.5577
 20
-30.9205
 11
-31.5238
 21
-30.8214
  0
LINE
  8
0
 10
-31.5238
 20
-30.8214
 11
-31.4934
 21
-30.7322
  0
LINE
  8
0
 10
-31.4934
 20
-30.7322
 11
-31.4665
 21
-30.653
  0
LINE
  8
0
 10
-31.4665
 20
-30.653
 11
-31.4431
 21
-30.5838
  0
LINE
  8
0
 10
-31.4431
 20
-30.5838
 11
-31.4231
 21
-30.5246
  0
LINE
  8
0
 10
-31.4231
 20
-30.5246
 11
-31.4066
 21
-30.4753
  0
LINE
  8
0
 10
-31.4066
 20
-30.4753
 11
-31.3935
 21
-30.436
  0
LINE
  8
0
 10
-31.3935
 20
-30.436
 11
-31.3839
 21
-30.4066
  0
LINE
  8
0
 10
-31.3839
 20
-30.4066
 11
-31.3778
 21
-30.3872
  0
LINE
  8
0
 10
-31.3778
 20
-30.3872
 11
-31.3651
 21
-30.3451
  0
LINE
  8
0
 10
-31.3651
 20
-30.3451
 11
-31.3533
 21
-30.3052
  0
LINE
  8
0
 10
-31.3533
 20
-30.3052
 11
-31.3423
 21
-30.2674
  0
LINE
  8
0
 10
-31.3423
 20
-30.2674
 11
-31.3322
 21
-30.2318
  0
LINE
  8
0
 10
-31.3322
 20
-30.2318
 11
-31.329
 21
-30.2204
  0
LINE
  8
0
 10
-31.329
 20
-30.2204
 11
-31.3168
 21
-30.1756
  0
LINE
  8
0
 10
-31.3168
 20
-30.1756
 11
-31.2741
 21
-30.316
  0
LINE
  8
0
 10
-31.2741
 20
-30.316
 11
-31.1866
 21
-30.5927
  0
LINE
  8
0
 10
-31.1866
 20
-30.5927
 11
-30.9038
 21
-31.4166
  0
LINE
  8
0
 10
-30.9038
 20
-31.4166
 11
-31.7278
 21
-31.4166
  0
LINE
  8
0
 10
-28.4902
 20
-31.4593
 11
-27.77
 21
-32.6006
  0
LINE
  8
0
 10
-27.77
 20
-32.6006
 11
-27.1394
 21
-32.6006
  0
LINE
  8
0
 10
-27.1394
 20
-32.6006
 11
-28.0935
 21
-31.0932
  0
LINE
  8
0
 10
-28.0935
 20
-31.0932
 11
-27.2228
 21
-29.7342
  0
LINE
  8
0
 10
-27.2228
 20
-29.7342
 11
-27.8534
 21
-29.7342
  0
LINE
  8
0
 10
-27.8534
 20
-29.7342
 11
-28.4902
 21
-30.7473
  0
LINE
  8
0
 10
-28.4902
 20
-30.7473
 11
-29.127
 21
-29.7342
  0
LINE
  8
0
 10
-29.127
 20
-29.7342
 11
-29.7617
 21
-29.7342
  0
LINE
  8
0
 10
-29.7617
 20
-29.7342
 11
-28.8523
 21
-31.0932
  0
LINE
  8
0
 10
-28.8523
 20
-31.0932
 11
-29.8451
 21
-32.6006
  0
LINE
  8
0
 10
-29.8451
 20
-32.6006
 11
-29.2104
 21
-32.6006
  0
LINE
  8
0
 10
-29.2104
 20
-32.6006
 11
-28.4902
 21
-31.4593
  0
LINE
  8
0
 10
-6.40976
 20
-32.5993
 11
-6.33368
 21
-32.5956
  0
LINE
  8
0
 10
-6.33368
 20
-32.5956
 11
-6.2603
 21
-32.5892
  0
LINE
  8
0
 10
-6.2603
 20
-32.5892
 11
-6.18962
 21
-32.5804
  0
LINE
  8
0
 10
-6.18962
 20
-32.5804
 11
-6.12163
 21
-32.569
  0
LINE
  8
0
 10
-6.12163
 20
-32.569
 11
-6.05634
 21
-32.5551
  0
LINE
  8
0
 10
-6.05634
 20
-32.5551
 11
-5.99374
 21
-32.5387
  0
LINE
  8
0
 10
-5.99374
 20
-32.5387
 11
-5.93384
 21
-32.5197
  0
LINE
  8
0
 10
-5.93384
 20
-32.5197
 11
-5.87663
 21
-32.4982
  0
LINE
  8
0
 10
-5.87663
 20
-32.4982
 11
-5.82213
 21
-32.4742
  0
LINE
  8
0
 10
-5.82213
 20
-32.4742
 11
-5.77032
 21
-32.4477
  0
LINE
  8
0
 10
-5.77032
 20
-32.4477
 11
-5.72121
 21
-32.4186
  0
LINE
  8
0
 10
-5.72121
 20
-32.4186
 11
-5.67479
 21
-32.387
  0
LINE
  8
0
 10
-5.67479
 20
-32.387
 11
-5.63145
 21
-32.3531
  0
LINE
  8
0
 10
-5.63145
 20
-32.3531
 11
-5.59158
 21
-32.3171
  0
LINE
  8
0
 10
-5.59158
 20
-32.3171
 11
-5.55518
 21
-32.279
  0
LINE
  8
0
 10
-5.55518
 20
-32.279
 11
-5.52225
 21
-32.2388
  0
LINE
  8
0
 10
-5.52225
 20
-32.2388
 11
-5.49278
 21
-32.1965
  0
LINE
  8
0
 10
-5.49278
 20
-32.1965
 11
-5.46678
 21
-32.1521
  0
LINE
  8
0
 10
-5.46678
 20
-32.1521
 11
-5.44424
 21
-32.1056
  0
LINE
  8
0
 10
-5.44424
 20
-32.1056
 11
-5.42517
 21
-32.0571
  0
LINE
  8
0
 10
-5.42517
 20
-32.0571
 11
-5.40958
 21
-32.0064
  0
LINE
  8
0
 10
-5.40958
 20
-32.0064
 11
-5.39743
 21
-31.9536
  0
LINE
  8
0
 10
-5.39743
 20
-31.9536
 11
-5.38876
 21
-31.8988
  0
LINE
  8
0
 10
-5.38876
 20
-31.8988
 11
-5.38358
 21
-31.8418
  0
LINE
  8
0
 10
-5.38358
 20
-31.8418
 11
-5.38184
 21
-31.7828
  0
LINE
  8
0
 10
-5.38184
 20
-31.7828
 11
-5.38292
 21
-31.7384
  0
LINE
  8
0
 10
-5.38292
 20
-31.7384
 11
-5.38614
 21
-31.6954
  0
LINE
  8
0
 10
-5.38614
 20
-31.6954
 11
-5.39153
 21
-31.6537
  0
LINE
  8
0
 10
-5.39153
 20
-31.6537
 11
-5.39908
 21
-31.6134
  0
LINE
  8
0
 10
-5.39908
 20
-31.6134
 11
-5.40877
 21
-31.5744
  0
LINE
  8
0
 10
-5.40877
 20
-31.5744
 11
-5.42062
 21
-31.5368
  0
LINE
  8
0
 10
-5.42062
 20
-31.5368
 11
-5.43463
 21
-31.5006
  0
LINE
  8
0
 10
-5.43463
 20
-31.5006
 11
-5.45079
 21
-31.4658
  0
LINE
  8
0
 10
-5.45079
 20
-31.4658
 11
-5.4691
 21
-31.4323
  0
LINE
  8
0
 10
-5.4691
 20
-31.4323
 11
-5.48956
 21
-31.4001
  0
LINE
  8
0
 10
-5.48956
 20
-31.4001
 11
-5.51219
 21
-31.3693
  0
LINE
  8
0
 10
-5.51219
 20
-31.3693
 11
-5.53697
 21
-31.3399
  0
LINE
  8
0
 10
-5.53697
 20
-31.3399
 11
-5.5639
 21
-31.3118
  0
LINE
  8
0
 10
-5.5639
 20
-31.3118
 11
-5.5929
 21
-31.2853
  0
LINE
  8
0
 10
-5.5929
 20
-31.2853
 11
-5.62386
 21
-31.2603
  0
LINE
  8
0
 10
-5.62386
 20
-31.2603
 11
-5.65677
 21
-31.237
  0
LINE
  8
0
 10
-5.65677
 20
-31.237
 11
-5.69165
 21
-31.2153
  0
LINE
  8
0
 10
-5.69165
 20
-31.2153
 11
-5.72849
 21
-31.1952
  0
LINE
  8
0
 10
-5.72849
 20
-31.1952
 11
-5.76729
 21
-31.1768
  0
LINE
  8
0
 10
-5.76729
 20
-31.1768
 11
-5.80806
 21
-31.16
  0
LINE
  8
0
 10
-5.80806
 20
-31.16
 11
-5.85078
 21
-31.1448
  0
LINE
  8
0
 10
-5.85078
 20
-31.1448
 11
-5.89548
 21
-31.1312
  0
LINE
  8
0
 10
-5.89548
 20
-31.1312
 11
-5.94212
 21
-31.1192
  0
LINE
  8
0
 10
-5.94212
 20
-31.1192
 11
-5.99074
 21
-31.1089
  0
LINE
  8
0
 10
-5.99074
 20
-31.1089
 11
-6.04132
 21
-31.1002
  0
LINE
  8
0
 10
-6.04132
 20
-31.1002
 11
-6.09386
 21
-31.0932
  0
LINE
  8
0
 10
-6.09386
 20
-31.0932
 11
-6.05212
 21
-31.0834
  0
LINE
  8
0
 10
-6.05212
 20
-31.0834
 11
-6.01207
 21
-31.0724
  0
LINE
  8
0
 10
-6.01207
 20
-31.0724
 11
-5.97369
 21
-31.0601
  0
LINE
  8
0
 10
-5.97369
 20
-31.0601
 11
-5.937
 21
-31.0465
  0
LINE
  8
0
 10
-5.937
 20
-31.0465
 11
-5.90196
 21
-31.0317
  0
LINE
  8
0
 10
-5.90196
 20
-31.0317
 11
-5.86859
 21
-31.0155
  0
LINE
  8
0
 10
-5.86859
 20
-31.0155
 11
-5.83691
 21
-30.9981
  0
LINE
  8
0
 10
-5.83691
 20
-30.9981
 11
-5.8069
 21
-30.9793
  0
LINE
  8
0
 10
-5.8069
 20
-30.9793
 11
-5.77855
 21
-30.9593
  0
LINE
  8
0
 10
-5.77855
 20
-30.9593
 11
-5.75189
 21
-30.938
  0
LINE
  8
0
 10
-5.75189
 20
-30.938
 11
-5.7269
 21
-30.9154
  0
LINE
  8
0
 10
-5.7269
 20
-30.9154
 11
-5.70357
 21
-30.8915
  0
LINE
  8
0
 10
-5.70357
 20
-30.8915
 11
-5.68193
 21
-30.8663
  0
LINE
  8
0
 10
-5.68193
 20
-30.8663
 11
-5.66191
 21
-30.8401
  0
LINE
  8
0
 10
-5.66191
 20
-30.8401
 11
-5.64349
 21
-30.8129
  0
LINE
  8
0
 10
-5.64349
 20
-30.8129
 11
-5.62668
 21
-30.7848
  0
LINE
  8
0
 10
-5.62668
 20
-30.7848
 11
-5.61148
 21
-30.7558
  0
LINE
  8
0
 10
-5.61148
 20
-30.7558
 11
-5.59787
 21
-30.7259
  0
LINE
  8
0
 10
-5.59787
 20
-30.7259
 11
-5.58586
 21
-30.6951
  0
LINE
  8
0
 10
-5.58586
 20
-30.6951
 11
-5.57545
 21
-30.6635
  0
LINE
  8
0
 10
-5.57545
 20
-30.6635
 11
-5.56664
 21
-30.6309
  0
LINE
  8
0
 10
-5.56664
 20
-30.6309
 11
-5.55943
 21
-30.5974
  0
LINE
  8
0
 10
-5.55943
 20
-30.5974
 11
-5.55383
 21
-30.563
  0
LINE
  8
0
 10
-5.55383
 20
-30.563
 11
-5.54984
 21
-30.5277
  0
LINE
  8
0
 10
-5.54984
 20
-30.5277
 11
-5.54742
 21
-30.4915
  0
LINE
  8
0
 10
-5.54742
 20
-30.4915
 11
-5.54663
 21
-30.4544
  0
LINE
  8
0
 10
-5.54663
 20
-30.4544
 11
-5.54822
 21
-30.4006
  0
LINE
  8
0
 10
-5.54822
 20
-30.4006
 11
-5.55301
 21
-30.3489
  0
LINE
  8
0
 10
-5.55301
 20
-30.3489
 11
-5.56097
 21
-30.2993
  0
LINE
  8
0
 10
-5.56097
 20
-30.2993
 11
-5.57214
 21
-30.2518
  0
LINE
  8
0
 10
-5.57214
 20
-30.2518
 11
-5.5865
 21
-30.2063
  0
LINE
  8
0
 10
-5.5865
 20
-30.2063
 11
-5.60405
 21
-30.1628
  0
LINE
  8
0
 10
-5.60405
 20
-30.1628
 11
-5.62479
 21
-30.1214
  0
LINE
  8
0
 10
-5.62479
 20
-30.1214
 11
-5.64871
 21
-30.0821
  0
LINE
  8
0
 10
-5.64871
 20
-30.0821
 11
-5.67581
 21
-30.0448
  0
LINE
  8
0
 10
-5.67581
 20
-30.0448
 11
-5.70613
 21
-30.0096
  0
LINE
  8
0
 10
-5.70613
 20
-30.0096
 11
-5.73962
 21
-29.9764
  0
LINE
  8
0
 10
-5.73962
 20
-29.9764
 11
-5.77631
 21
-29.9453
  0
LINE
  8
0
 10
-5.77631
 20
-29.9453
 11
-5.81618
 21
-29.9163
  0
LINE
  8
0
 10
-5.81618
 20
-29.9163
 11
-5.85916
 21
-29.8894
  0
LINE
  8
0
 10
-5.85916
 20
-29.8894
 11
-5.90515
 21
-29.8646
  0
LINE
  8
0
 10
-5.90515
 20
-29.8646
 11
-5.95418
 21
-29.8419
  0
LINE
  8
0
 10
-5.95418
 20
-29.8419
 11
-6.00623
 21
-29.8215
  0
LINE
  8
0
 10
-6.00623
 20
-29.8215
 11
-6.06129
 21
-29.8031
  0
LINE
  8
0
 10
-6.06129
 20
-29.8031
 11
-6.11938
 21
-29.787
  0
LINE
  8
0
 10
-6.11938
 20
-29.787
 11
-6.1805
 21
-29.773
  0
LINE
  8
0
 10
-6.1805
 20
-29.773
 11
-6.24463
 21
-29.7611
  0
LINE
  8
0
 10
-6.24463
 20
-29.7611
 11
-6.31178
 21
-29.7514
  0
LINE
  8
0
 10
-6.31178
 20
-29.7514
 11
-6.38196
 21
-29.7439
  0
LINE
  8
0
 10
-6.38196
 20
-29.7439
 11
-6.45515
 21
-29.7385
  0
LINE
  8
0
 10
-6.45515
 20
-29.7385
 11
-6.53137
 21
-29.7353
  0
LINE
  8
0
 10
-6.53137
 20
-29.7353
 11
-6.61061
 21
-29.7342
  0
LINE
  8
0
 10
-6.61061
 20
-29.7342
 11
-7.92278
 21
-29.7342
  0
LINE
  8
0
 10
-7.92278
 20
-29.7342
 11
-7.92278
 21
-32.6006
  0
LINE
  8
0
 10
-7.92278
 20
-32.6006
 11
-6.48854
 21
-32.6006
  0
LINE
  8
0
 10
-6.48854
 20
-32.6006
 11
-6.40976
 21
-32.5993
  0
LINE
  8
0
 10
-7.32263
 20
-30.8897
 11
-7.32263
 21
-30.1797
  0
LINE
  8
0
 10
-7.32263
 20
-30.1797
 11
-6.63908
 21
-30.1797
  0
LINE
  8
0
 10
-6.63908
 20
-30.1797
 11
-6.60254
 21
-30.1802
  0
LINE
  8
0
 10
-6.60254
 20
-30.1802
 11
-6.5674
 21
-30.1816
  0
LINE
  8
0
 10
-6.5674
 20
-30.1816
 11
-6.53368
 21
-30.1841
  0
LINE
  8
0
 10
-6.53368
 20
-30.1841
 11
-6.50136
 21
-30.1874
  0
LINE
  8
0
 10
-6.50136
 20
-30.1874
 11
-6.47046
 21
-30.1918
  0
LINE
  8
0
 10
-6.47046
 20
-30.1918
 11
-6.44096
 21
-30.1971
  0
LINE
  8
0
 10
-6.44096
 20
-30.1971
 11
-6.41287
 21
-30.2033
  0
LINE
  8
0
 10
-6.41287
 20
-30.2033
 11
-6.38618
 21
-30.2105
  0
LINE
  8
0
 10
-6.38618
 20
-30.2105
 11
-6.36092
 21
-30.2187
  0
LINE
  8
0
 10
-6.36092
 20
-30.2187
 11
-6.33705
 21
-30.2279
  0
LINE
  8
0
 10
-6.33705
 20
-30.2279
 11
-6.31461
 21
-30.238
  0
LINE
  8
0
 10
-6.31461
 20
-30.238
 11
-6.29355
 21
-30.2491
  0
LINE
  8
0
 10
-6.29355
 20
-30.2491
 11
-6.27391
 21
-30.2611
  0
LINE
  8
0
 10
-6.27391
 20
-30.2611
 11
-6.25571
 21
-30.2743
  0
LINE
  8
0
 10
-6.25571
 20
-30.2743
 11
-6.23895
 21
-30.2888
  0
LINE
  8
0
 10
-6.23895
 20
-30.2888
 11
-6.22366
 21
-30.3046
  0
LINE
  8
0
 10
-6.22366
 20
-30.3046
 11
-6.20982
 21
-30.3218
  0
LINE
  8
0
 10
-6.20982
 20
-30.3218
 11
-6.19743
 21
-30.3402
  0
LINE
  8
0
 10
-6.19743
 20
-30.3402
 11
-6.18651
 21
-30.36
  0
LINE
  8
0
 10
-6.18651
 20
-30.36
 11
-6.17705
 21
-30.3812
  0
LINE
  8
0
 10
-6.17705
 20
-30.3812
 11
-6.16904
 21
-30.4036
  0
LINE
  8
0
 10
-6.16904
 20
-30.4036
 11
-6.16248
 21
-30.4274
  0
LINE
  8
0
 10
-6.16248
 20
-30.4274
 11
-6.15738
 21
-30.4525
  0
LINE
  8
0
 10
-6.15738
 20
-30.4525
 11
-6.15375
 21
-30.4789
  0
LINE
  8
0
 10
-6.15375
 20
-30.4789
 11
-6.15155
 21
-30.5067
  0
LINE
  8
0
 10
-6.15155
 20
-30.5067
 11
-6.15083
 21
-30.5357
  0
LINE
  8
0
 10
-6.15083
 20
-30.5357
 11
-6.1515
 21
-30.5624
  0
LINE
  8
0
 10
-6.1515
 20
-30.5624
 11
-6.15355
 21
-30.5881
  0
LINE
  8
0
 10
-6.15355
 20
-30.5881
 11
-6.15695
 21
-30.6127
  0
LINE
  8
0
 10
-6.15695
 20
-30.6127
 11
-6.16171
 21
-30.6363
  0
LINE
  8
0
 10
-6.16171
 20
-30.6363
 11
-6.16783
 21
-30.6588
  0
LINE
  8
0
 10
-6.16783
 20
-30.6588
 11
-6.17531
 21
-30.6803
  0
LINE
  8
0
 10
-6.17531
 20
-30.6803
 11
-6.18416
 21
-30.7007
  0
LINE
  8
0
 10
-6.18416
 20
-30.7007
 11
-6.19437
 21
-30.7201
  0
LINE
  8
0
 10
-6.19437
 20
-30.7201
 11
-6.20593
 21
-30.7384
  0
LINE
  8
0
 10
-6.20593
 20
-30.7384
 11
-6.21886
 21
-30.7557
  0
LINE
  8
0
 10
-6.21886
 20
-30.7557
 11
-6.23314
 21
-30.7719
  0
LINE
  8
0
 10
-6.23314
 20
-30.7719
 11
-6.24878
 21
-30.7871
  0
LINE
  8
0
 10
-6.24878
 20
-30.7871
 11
-6.26579
 21
-30.8012
  0
LINE
  8
0
 10
-6.26579
 20
-30.8012
 11
-6.28429
 21
-30.8143
  0
LINE
  8
0
 10
-6.28429
 20
-30.8143
 11
-6.30444
 21
-30.8264
  0
LINE
  8
0
 10
-6.30444
 20
-30.8264
 11
-6.32625
 21
-30.8374
  0
LINE
  8
0
 10
-6.32625
 20
-30.8374
 11
-6.3497
 21
-30.8473
  0
LINE
  8
0
 10
-6.3497
 20
-30.8473
 11
-6.3748
 21
-30.8562
  0
LINE
  8
0
 10
-6.3748
 20
-30.8562
 11
-6.40157
 21
-30.8641
  0
LINE
  8
0
 10
-6.40157
 20
-30.8641
 11
-6.42996
 21
-30.8709
  0
LINE
  8
0
 10
-6.42996
 20
-30.8709
 11
-6.46001
 21
-30.8766
  0
LINE
  8
0
 10
-6.46001
 20
-30.8766
 11
-6.49171
 21
-30.8813
  0
LINE
  8
0
 10
-6.49171
 20
-30.8813
 11
-6.52505
 21
-30.885
  0
LINE
  8
0
 10
-6.52505
 20
-30.885
 11
-6.56006
 21
-30.8876
  0
LINE
  8
0
 10
-6.56006
 20
-30.8876
 11
-6.59669
 21
-30.8892
  0
LINE
  8
0
 10
-6.59669
 20
-30.8892
 11
-6.63499
 21
-30.8897
  0
LINE
  8
0
 10
-6.63499
 20
-30.8897
 11
-7.32263
 21
-30.8897
  0
LINE
  8
0
 10
-7.32263
 20
-32.1551
 11
-7.32263
 21
-31.3332
  0
LINE
  8
0
 10
-7.32263
 20
-31.3332
 11
-6.56177
 21
-31.3332
  0
LINE
  8
0
 10
-6.56177
 20
-31.3332
 11
-6.4763
 21
-31.3356
  0
LINE
  8
0
 10
-6.4763
 20
-31.3356
 11
-6.39766
 21
-31.3427
  0
LINE
  8
0
 10
-6.39766
 20
-31.3427
 11
-6.32587
 21
-31.3547
  0
LINE
  8
0
 10
-6.32587
 20
-31.3547
 11
-6.26091
 21
-31.3713
  0
LINE
  8
0
 10
-6.26091
 20
-31.3713
 11
-6.2028
 21
-31.3928
  0
LINE
  8
0
 10
-6.2028
 20
-31.3928
 11
-6.15152
 21
-31.419
  0
LINE
  8
0
 10
-6.15152
 20
-31.419
 11
-6.10707
 21
-31.45
  0
LINE
  8
0
 10
-6.10707
 20
-31.45
 11
-6.06947
 21
-31.4857
  0
LINE
  8
0
 10
-6.06947
 20
-31.4857
 11
-6.0387
 21
-31.5263
  0
LINE
  8
0
 10
-6.0387
 20
-31.5263
 11
-6.01477
 21
-31.5715
  0
LINE
  8
0
 10
-6.01477
 20
-31.5715
 11
-5.99767
 21
-31.6216
  0
LINE
  8
0
 10
-5.99767
 20
-31.6216
 11
-5.98741
 21
-31.6764
  0
LINE
  8
0
 10
-5.98741
 20
-31.6764
 11
-5.98399
 21
-31.736
  0
LINE
  8
0
 10
-5.98399
 20
-31.736
 11
-5.98479
 21
-31.7676
  0
LINE
  8
0
 10
-5.98479
 20
-31.7676
 11
-5.98715
 21
-31.798
  0
LINE
  8
0
 10
-5.98715
 20
-31.798
 11
-5.99109
 21
-31.8271
  0
LINE
  8
0
 10
-5.99109
 20
-31.8271
 11
-5.99661
 21
-31.855
  0
LINE
  8
0
 10
-5.99661
 20
-31.855
 11
-6.00371
 21
-31.8817
  0
LINE
  8
0
 10
-6.00371
 20
-31.8817
 11
-6.01239
 21
-31.9071
  0
LINE
  8
0
 10
-6.01239
 20
-31.9071
 11
-6.02263
 21
-31.9313
  0
LINE
  8
0
 10
-6.02263
 20
-31.9313
 11
-6.03447
 21
-31.9542
  0
LINE
  8
0
 10
-6.03447
 20
-31.9542
 11
-6.04787
 21
-31.9759
  0
LINE
  8
0
 10
-6.04787
 20
-31.9759
 11
-6.06285
 21
-31.9964
  0
LINE
  8
0
 10
-6.06285
 20
-31.9964
 11
-6.07941
 21
-32.0156
  0
LINE
  8
0
 10
-6.07941
 20
-32.0156
 11
-6.09755
 21
-32.0336
  0
LINE
  8
0
 10
-6.09755
 20
-32.0336
 11
-6.11726
 21
-32.0503
  0
LINE
  8
0
 10
-6.11726
 20
-32.0503
 11
-6.13867
 21
-32.0658
  0
LINE
  8
0
 10
-6.13867
 20
-32.0658
 11
-6.16194
 21
-32.0801
  0
LINE
  8
0
 10
-6.16194
 20
-32.0801
 11
-6.18704
 21
-32.0931
  0
LINE
  8
0
 10
-6.18704
 20
-32.0931
 11
-6.21399
 21
-32.1049
  0
LINE
  8
0
 10
-6.21399
 20
-32.1049
 11
-6.24278
 21
-32.1154
  0
LINE
  8
0
 10
-6.24278
 20
-32.1154
 11
-6.27341
 21
-32.1247
  0
LINE
  8
0
 10
-6.27341
 20
-32.1247
 11
-6.30588
 21
-32.1328
  0
LINE
  8
0
 10
-6.30588
 20
-32.1328
 11
-6.34019
 21
-32.1396
  0
LINE
  8
0
 10
-6.34019
 20
-32.1396
 11
-6.37636
 21
-32.1452
  0
LINE
  8
0
 10
-6.37636
 20
-32.1452
 11
-6.41435
 21
-32.1495
  0
LINE
  8
0
 10
-6.41435
 20
-32.1495
 11
-6.45419
 21
-32.1526
  0
LINE
  8
0
 10
-6.45419
 20
-32.1526
 11
-6.49586
 21
-32.1545
  0
LINE
  8
0
 10
-6.49586
 20
-32.1545
 11
-6.53938
 21
-32.1551
  0
LINE
  8
0
 10
-6.53938
 20
-32.1551
 11
-7.32263
 21
-32.1551
  0
LINE
  8
0
 10
30.8863
 20
-30.4962
 11
30.3004
 21
-30.4962
  0
LINE
  8
0
 10
30.3004
 20
-30.4962
 11
30.3004
 21
-31.0698
  0
LINE
  8
0
 10
30.3004
 20
-31.0698
 11
30.8863
 21
-31.0698
  0
LINE
  8
0
 10
30.8863
 20
-31.0698
 11
30.8863
 21
-30.4962
  0
LINE
  8
0
 10
37.2881
 20
-31.2753
 11
35.2252
 21
-31.2753
  0
LINE
  8
0
 10
35.2252
 20
-31.2753
 11
35.2252
 21
-31.6883
  0
LINE
  8
0
 10
35.2252
 20
-31.6883
 11
37.2881
 21
-31.6883
  0
LINE
  8
0
 10
37.2881
 20
-31.6883
 11
37.2881
 21
-31.2753
  0
LINE
  8
0
 10
30.8863
 20
-32.028
 11
30.3004
 21
-32.028
  0
LINE
  8
0
 10
30.3004
 20
-32.028
 11
30.3004
 21
-32.5997
  0
LINE
  8
0
 10
30.3004
 20
-32.5997
 11
30.8863
 21
-32.5997
  0
LINE
  8
0
 10
30.8863
 20
-32.5997
 11
30.8863
 21
-32.028
  0
ENDSEC
  0
SECTION
  2
OBJECTS
  0
DICTIONARY
  0
ENDSEC
  0
EOF
