solid OpenSCAD_Model
  facet normal 0.999466 0.0326894 0
    outer loop
      vertex 23 0 6
      vertex 22.9508 1.50427 0
      vertex 22.9508 1.50427 6
    endloop
  endfacet
  facet normal 0.999466 0.0326894 0
    outer loop
      vertex 22.9508 1.50427 0
      vertex 23 0 6
      vertex 23 0 0
    endloop
  endfacet
  facet normal -0.999466 0.0326894 0
    outer loop
      vertex -23 0 0
      vertex -22.9508 1.50427 6
      vertex -22.9508 1.50427 0
    endloop
  endfacet
  facet normal -0.999466 0.0326894 0
    outer loop
      vertex -22.9508 1.50427 6
      vertex -23 0 0
      vertex -23 0 6
    endloop
  endfacet
  facet normal 0.0326894 0.999466 -0
    outer loop
      vertex 1.50427 22.9508 0
      vertex 0 23 6
      vertex 1.50427 22.9508 6
    endloop
  endfacet
  facet normal 0.0326894 0.999466 0
    outer loop
      vertex 0 23 6
      vertex 1.50427 22.9508 0
      vertex 0 23 0
    endloop
  endfacet
  facet normal -0.729883 -0.683572 0
    outer loop
      vertex -16.2635 -16.2635 0
      vertex -17.2923 -15.165 6
      vertex -17.2923 -15.165 0
    endloop
  endfacet
  facet normal -0.729883 -0.683572 0
    outer loop
      vertex -17.2923 -15.165 6
      vertex -16.2635 -16.2635 0
      vertex -16.2635 -16.2635 6
    endloop
  endfacet
  facet normal 0.683572 0.729883 -0
    outer loop
      vertex 16.2635 16.2635 0
      vertex 15.165 17.2923 6
      vertex 16.2635 16.2635 6
    endloop
  endfacet
  facet normal 0.683572 0.729883 0
    outer loop
      vertex 15.165 17.2923 6
      vertex 16.2635 16.2635 0
      vertex 15.165 17.2923 0
    endloop
  endfacet
  facet normal -0.683572 0.729883 0
    outer loop
      vertex -15.165 17.2923 0
      vertex -16.2635 16.2635 6
      vertex -15.165 17.2923 6
    endloop
  endfacet
  facet normal -0.683572 0.729883 0
    outer loop
      vertex -16.2635 16.2635 6
      vertex -15.165 17.2923 0
      vertex -16.2635 16.2635 0
    endloop
  endfacet
  facet normal -0.352271 0.935898 0
    outer loop
      vertex -7.39311 21.7794 0
      vertex -8.80172 21.2492 6
      vertex -7.39311 21.7794 6
    endloop
  endfacet
  facet normal -0.352271 0.935898 0
    outer loop
      vertex -8.80172 21.2492 6
      vertex -7.39311 21.7794 0
      vertex -8.80172 21.2492 0
    endloop
  endfacet
  facet normal 0.729883 -0.683572 0
    outer loop
      vertex 16.2635 -16.2635 6
      vertex 17.2923 -15.165 0
      vertex 17.2923 -15.165 6
    endloop
  endfacet
  facet normal 0.729883 -0.683572 0
    outer loop
      vertex 17.2923 -15.165 0
      vertex 16.2635 -16.2635 6
      vertex 16.2635 -16.2635 0
    endloop
  endfacet
  facet normal 0.910873 0.412686 0
    outer loop
      vertex 21.2492 8.80172 6
      vertex 20.6281 10.1726 0
      vertex 20.6281 10.1726 6
    endloop
  endfacet
  facet normal 0.910873 0.412686 0
    outer loop
      vertex 20.6281 10.1726 0
      vertex 21.2492 8.80172 6
      vertex 21.2492 8.80172 0
    endloop
  endfacet
  facet normal 0.412686 0.910873 -0
    outer loop
      vertex 10.1726 20.6281 0
      vertex 8.80172 21.2492 6
      vertex 10.1726 20.6281 6
    endloop
  endfacet
  facet normal 0.412686 0.910873 0
    outer loop
      vertex 8.80172 21.2492 6
      vertex 10.1726 20.6281 0
      vertex 8.80172 21.2492 0
    endloop
  endfacet
  facet normal 0.52808 0.849194 -0
    outer loop
      vertex 12.7781 19.1238 0
      vertex 11.5 19.9186 6
      vertex 12.7781 19.1238 6
    endloop
  endfacet
  facet normal 0.52808 0.849194 0
    outer loop
      vertex 11.5 19.9186 6
      vertex 12.7781 19.1238 0
      vertex 11.5 19.9186 0
    endloop
  endfacet
  facet normal -0.910873 0.412686 0
    outer loop
      vertex -21.2492 8.80172 0
      vertex -20.6281 10.1726 6
      vertex -20.6281 10.1726 0
    endloop
  endfacet
  facet normal -0.910873 0.412686 0
    outer loop
      vertex -20.6281 10.1726 6
      vertex -21.2492 8.80172 0
      vertex -21.2492 8.80172 6
    endloop
  endfacet
  facet normal -0.162849 0.986651 0
    outer loop
      vertex -3.0021 22.8032 0
      vertex -4.48708 22.5581 6
      vertex -3.0021 22.8032 6
    endloop
  endfacet
  facet normal -0.162849 0.986651 0
    outer loop
      vertex -4.48708 22.5581 6
      vertex -3.0021 22.8032 0
      vertex -4.48708 22.5581 0
    endloop
  endfacet
  facet normal 0 0 -1
    outer loop
      vertex 18 0 0
      vertex 23 0 0
      vertex 22.9508 -1.50427 0
    endloop
  endfacet
  facet normal 0 0 -1
    outer loop
      vertex 17.9615 -1.17726 0
      vertex 22.9508 -1.50427 0
      vertex 22.8032 -3.0021 0
    endloop
  endfacet
  facet normal 0 0 -1
    outer loop
      vertex 23 0 0
      vertex 18 0 0
      vertex 22.9508 1.50427 0
    endloop
  endfacet
  facet normal 0 0 -1
    outer loop
      vertex 17.846 -2.34947 0
      vertex 22.8032 -3.0021 0
      vertex 22.5581 -4.48708 0
    endloop
  endfacet
  facet normal 0 0 -1
    outer loop
      vertex 17.9615 1.17726 0
      vertex 22.9508 1.50427 0
      vertex 18 0 0
    endloop
  endfacet
  facet normal 0 0 -1
    outer loop
      vertex 17.6541 -3.51163 0
      vertex 22.5581 -4.48708 0
      vertex 22.2163 -5.95284 0
    endloop
  endfacet
  facet normal -0 0 -1
    outer loop
      vertex 22.9508 1.50427 0
      vertex 17.9615 1.17726 0
      vertex 22.8032 3.0021 0
    endloop
  endfacet
  facet normal 0 0 -1
    outer loop
      vertex 17.3867 -4.65874 0
      vertex 22.2163 -5.95284 0
      vertex 21.7794 -7.39311 0
    endloop
  endfacet
  facet normal 0 0 -1
    outer loop
      vertex 17.846 2.34947 0
      vertex 22.8032 3.0021 0
      vertex 17.9615 1.17726 0
    endloop
  endfacet
  facet normal 0 0 -1
    outer loop
      vertex 17.0447 -5.78591 0
      vertex 21.7794 -7.39311 0
      vertex 21.2492 -8.80172 0
    endloop
  endfacet
  facet normal -0 0 -1
    outer loop
      vertex 22.8032 3.0021 0
      vertex 17.846 2.34947 0
      vertex 22.5581 4.48708 0
    endloop
  endfacet
  facet normal 0 0 -1
    outer loop
      vertex 16.6298 -6.8883 0
      vertex 21.2492 -8.80172 0
      vertex 20.6281 -10.1726 0
    endloop
  endfacet
  facet normal 0 0 -1
    outer loop
      vertex 17.6541 3.51163 0
      vertex 22.5581 4.48708 0
      vertex 17.846 2.34947 0
    endloop
  endfacet
  facet normal 0 0 -1
    outer loop
      vertex 16.1437 -7.9612 0
      vertex 20.6281 -10.1726 0
      vertex 19.9186 -11.5 0
    endloop
  endfacet
  facet normal -0 0 -1
    outer loop
      vertex 22.5581 4.48708 0
      vertex 17.6541 3.51163 0
      vertex 22.2163 5.95284 0
    endloop
  endfacet
  facet normal 0 0 -1
    outer loop
      vertex 15.5885 -9 0
      vertex 19.9186 -11.5 0
      vertex 19.1238 -12.7781 0
    endloop
  endfacet
  facet normal 0 0 -1
    outer loop
      vertex 17.3867 4.65874 0
      vertex 22.2163 5.95284 0
      vertex 17.6541 3.51163 0
    endloop
  endfacet
  facet normal 0 0 -1
    outer loop
      vertex 14.9665 -10.0003 0
      vertex 19.1238 -12.7781 0
      vertex 18.2471 -14.0015 0
    endloop
  endfacet
  facet normal -0 0 -1
    outer loop
      vertex 22.2163 5.95284 0
      vertex 17.3867 4.65874 0
      vertex 21.7794 7.39311 0
    endloop
  endfacet
  facet normal 0 0 -1
    outer loop
      vertex 17.0447 5.78591 0
      vertex 21.7794 7.39311 0
      vertex 17.3867 4.65874 0
    endloop
  endfacet
  facet normal 0 0 -1
    outer loop
      vertex 22.9508 -1.50427 0
      vertex 17.9615 -1.17726 0
      vertex 18 0 0
    endloop
  endfacet
  facet normal 0 0 -1
    outer loop
      vertex 22.8032 -3.0021 0
      vertex 17.846 -2.34947 0
      vertex 17.9615 -1.17726 0
    endloop
  endfacet
  facet normal 0 0 -1
    outer loop
      vertex 22.5581 -4.48708 0
      vertex 17.6541 -3.51163 0
      vertex 17.846 -2.34947 0
    endloop
  endfacet
  facet normal 0 0 -1
    outer loop
      vertex 22.2163 -5.95284 0
      vertex 17.3867 -4.65874 0
      vertex 17.6541 -3.51163 0
    endloop
  endfacet
  facet normal 0 0 -1
    outer loop
      vertex 14.2804 -10.9577 0
      vertex 18.2471 -14.0015 0
      vertex 17.2923 -15.165 0
    endloop
  endfacet
  facet normal 0 0 -1
    outer loop
      vertex 21.7794 -7.39311 0
      vertex 17.0447 -5.78591 0
      vertex 17.3867 -4.65874 0
    endloop
  endfacet
  facet normal 0 0 -1
    outer loop
      vertex 21.2492 -8.80172 0
      vertex 16.6298 -6.8883 0
      vertex 17.0447 -5.78591 0
    endloop
  endfacet
  facet normal 0 0 -1
    outer loop
      vertex 13.5331 -11.8682 0
      vertex 17.2923 -15.165 0
      vertex 16.2635 -16.2635 0
    endloop
  endfacet
  facet normal 0 0 -1
    outer loop
      vertex 20.6281 -10.1726 0
      vertex 16.1437 -7.9612 0
      vertex 16.6298 -6.8883 0
    endloop
  endfacet
  facet normal 0 0 -1
    outer loop
      vertex 19.9186 -11.5 0
      vertex 15.5885 -9 0
      vertex 16.1437 -7.9612 0
    endloop
  endfacet
  facet normal 0 0 -1
    outer loop
      vertex 12.7279 -12.7279 0
      vertex 16.2635 -16.2635 0
      vertex 15.165 -17.2923 0
    endloop
  endfacet
  facet normal 0 0 -1
    outer loop
      vertex 19.1238 -12.7781 0
      vertex 14.9665 -10.0003 0
      vertex 15.5885 -9 0
    endloop
  endfacet
  facet normal 0 0 -1
    outer loop
      vertex 18.2471 -14.0015 0
      vertex 14.2804 -10.9577 0
      vertex 14.9665 -10.0003 0
    endloop
  endfacet
  facet normal 0 0 -1
    outer loop
      vertex 11.8682 -13.5331 0
      vertex 15.165 -17.2923 0
      vertex 14.0015 -18.2471 0
    endloop
  endfacet
  facet normal 0 0 -1
    outer loop
      vertex 17.2923 -15.165 0
      vertex 13.5331 -11.8682 0
      vertex 14.2804 -10.9577 0
    endloop
  endfacet
  facet normal 0 0 -1
    outer loop
      vertex 10.9577 -14.2804 0
      vertex 14.0015 -18.2471 0
      vertex 12.7781 -19.1238 0
    endloop
  endfacet
  facet normal 0 0 -1
    outer loop
      vertex 16.2635 -16.2635 0
      vertex 12.7279 -12.7279 0
      vertex 13.5331 -11.8682 0
    endloop
  endfacet
  facet normal 0 0 -1
    outer loop
      vertex 15.165 -17.2923 0
      vertex 11.8682 -13.5331 0
      vertex 12.7279 -12.7279 0
    endloop
  endfacet
  facet normal 0 0 -1
    outer loop
      vertex 10.0003 -14.9665 0
      vertex 12.7781 -19.1238 0
      vertex 11.5 -19.9186 0
    endloop
  endfacet
  facet normal 0 0 -1
    outer loop
      vertex 14.0015 -18.2471 0
      vertex 10.9577 -14.2804 0
      vertex 11.8682 -13.5331 0
    endloop
  endfacet
  facet normal 0 0 -1
    outer loop
      vertex 9 -15.5885 0
      vertex 11.5 -19.9186 0
      vertex 10.1726 -20.6281 0
    endloop
  endfacet
  facet normal 0 0 -1
    outer loop
      vertex 12.7781 -19.1238 0
      vertex 10.0003 -14.9665 0
      vertex 10.9577 -14.2804 0
    endloop
  endfacet
  facet normal 0 0 -1
    outer loop
      vertex 11.5 -19.9186 0
      vertex 9 -15.5885 0
      vertex 10.0003 -14.9665 0
    endloop
  endfacet
  facet normal 0 0 -1
    outer loop
      vertex 7.9612 -16.1437 0
      vertex 10.1726 -20.6281 0
      vertex 8.80172 -21.2492 0
    endloop
  endfacet
  facet normal 0 0 -1
    outer loop
      vertex 10.1726 -20.6281 0
      vertex 7.9612 -16.1437 0
      vertex 9 -15.5885 0
    endloop
  endfacet
  facet normal 0 0 -1
    outer loop
      vertex 6.8883 -16.6298 0
      vertex 8.80172 -21.2492 0
      vertex 7.39311 -21.7794 0
    endloop
  endfacet
  facet normal 0 0 -1
    outer loop
      vertex 8.80172 -21.2492 0
      vertex 6.8883 -16.6298 0
      vertex 7.9612 -16.1437 0
    endloop
  endfacet
  facet normal 0 0 -1
    outer loop
      vertex 5.78591 -17.0447 0
      vertex 7.39311 -21.7794 0
      vertex 5.95284 -22.2163 0
    endloop
  endfacet
  facet normal 0 0 -1
    outer loop
      vertex 7.39311 -21.7794 0
      vertex 5.78591 -17.0447 0
      vertex 6.8883 -16.6298 0
    endloop
  endfacet
  facet normal 0 0 -1
    outer loop
      vertex 5.95284 -22.2163 0
      vertex 4.65874 -17.3867 0
      vertex 5.78591 -17.0447 0
    endloop
  endfacet
  facet normal 0 0 -1
    outer loop
      vertex 4.48708 -22.5581 0
      vertex 4.65874 -17.3867 0
      vertex 5.95284 -22.2163 0
    endloop
  endfacet
  facet normal 0 0 -1
    outer loop
      vertex 4.48708 -22.5581 0
      vertex 3.51163 -17.6541 0
      vertex 4.65874 -17.3867 0
    endloop
  endfacet
  facet normal 0 0 -1
    outer loop
      vertex 3.0021 -22.8032 0
      vertex 3.51163 -17.6541 0
      vertex 4.48708 -22.5581 0
    endloop
  endfacet
  facet normal 0 0 -1
    outer loop
      vertex 3.0021 -22.8032 0
      vertex 2.34947 -17.846 0
      vertex 3.51163 -17.6541 0
    endloop
  endfacet
  facet normal 0 0 -1
    outer loop
      vertex 1.50427 -22.9508 0
      vertex 2.34947 -17.846 0
      vertex 3.0021 -22.8032 0
    endloop
  endfacet
  facet normal 0 0 -1
    outer loop
      vertex 1.50427 -22.9508 0
      vertex 1.17726 -17.9615 0
      vertex 2.34947 -17.846 0
    endloop
  endfacet
  facet normal 0 0 -1
    outer loop
      vertex 0 -23 0
      vertex 1.17726 -17.9615 0
      vertex 1.50427 -22.9508 0
    endloop
  endfacet
  facet normal 0 0 -1
    outer loop
      vertex 0 -23 0
      vertex 0 -18 0
      vertex 1.17726 -17.9615 0
    endloop
  endfacet
  facet normal 0 0 -1
    outer loop
      vertex 0 -23 0
      vertex -1.17726 -17.9615 0
      vertex 0 -18 0
    endloop
  endfacet
  facet normal 0 0 -1
    outer loop
      vertex -1.50427 -22.9508 0
      vertex -1.17726 -17.9615 0
      vertex 0 -23 0
    endloop
  endfacet
  facet normal 0 0 -1
    outer loop
      vertex -1.50427 -22.9508 0
      vertex -2.34947 -17.846 0
      vertex -1.17726 -17.9615 0
    endloop
  endfacet
  facet normal 0 0 -1
    outer loop
      vertex -3.0021 -22.8032 0
      vertex -2.34947 -17.846 0
      vertex -1.50427 -22.9508 0
    endloop
  endfacet
  facet normal 0 0 -1
    outer loop
      vertex -3.0021 -22.8032 0
      vertex -3.51163 -17.6541 0
      vertex -2.34947 -17.846 0
    endloop
  endfacet
  facet normal 0 0 -1
    outer loop
      vertex -4.48708 -22.5581 0
      vertex -3.51163 -17.6541 0
      vertex -3.0021 -22.8032 0
    endloop
  endfacet
  facet normal 0 0 -1
    outer loop
      vertex -4.48708 -22.5581 0
      vertex -4.65874 -17.3867 0
      vertex -3.51163 -17.6541 0
    endloop
  endfacet
  facet normal 0 0 -1
    outer loop
      vertex -5.95284 -22.2163 0
      vertex -4.65874 -17.3867 0
      vertex -4.48708 -22.5581 0
    endloop
  endfacet
  facet normal -0 0 -1
    outer loop
      vertex -4.65874 -17.3867 0
      vertex -5.95284 -22.2163 0
      vertex -5.78591 -17.0447 0
    endloop
  endfacet
  facet normal 0 0 -1
    outer loop
      vertex -7.39311 -21.7794 0
      vertex -5.78591 -17.0447 0
      vertex -5.95284 -22.2163 0
    endloop
  endfacet
  facet normal -0 0 -1
    outer loop
      vertex -5.78591 -17.0447 0
      vertex -7.39311 -21.7794 0
      vertex -6.8883 -16.6298 0
    endloop
  endfacet
  facet normal 0 0 -1
    outer loop
      vertex -8.80172 -21.2492 0
      vertex -6.8883 -16.6298 0
      vertex -7.39311 -21.7794 0
    endloop
  endfacet
  facet normal -0 0 -1
    outer loop
      vertex -6.8883 -16.6298 0
      vertex -8.80172 -21.2492 0
      vertex -7.9612 -16.1437 0
    endloop
  endfacet
  facet normal 0 0 -1
    outer loop
      vertex -10.1726 -20.6281 0
      vertex -7.9612 -16.1437 0
      vertex -8.80172 -21.2492 0
    endloop
  endfacet
  facet normal -0 0 -1
    outer loop
      vertex -7.9612 -16.1437 0
      vertex -10.1726 -20.6281 0
      vertex -9 -15.5885 0
    endloop
  endfacet
  facet normal 0 0 -1
    outer loop
      vertex -11.5 -19.9186 0
      vertex -9 -15.5885 0
      vertex -10.1726 -20.6281 0
    endloop
  endfacet
  facet normal -0 0 -1
    outer loop
      vertex -9 -15.5885 0
      vertex -11.5 -19.9186 0
      vertex -10.0003 -14.9665 0
    endloop
  endfacet
  facet normal 0 0 -1
    outer loop
      vertex -12.7781 -19.1238 0
      vertex -10.0003 -14.9665 0
      vertex -11.5 -19.9186 0
    endloop
  endfacet
  facet normal -0 0 -1
    outer loop
      vertex -10.0003 -14.9665 0
      vertex -12.7781 -19.1238 0
      vertex -10.9577 -14.2804 0
    endloop
  endfacet
  facet normal 0 0 -1
    outer loop
      vertex -14.0015 -18.2471 0
      vertex -10.9577 -14.2804 0
      vertex -12.7781 -19.1238 0
    endloop
  endfacet
  facet normal -0 0 -1
    outer loop
      vertex -10.9577 -14.2804 0
      vertex -14.0015 -18.2471 0
      vertex -11.8682 -13.5331 0
    endloop
  endfacet
  facet normal 0 0 -1
    outer loop
      vertex -15.165 -17.2923 0
      vertex -11.8682 -13.5331 0
      vertex -14.0015 -18.2471 0
    endloop
  endfacet
  facet normal -0 0 -1
    outer loop
      vertex -11.8682 -13.5331 0
      vertex -15.165 -17.2923 0
      vertex -12.7279 -12.7279 0
    endloop
  endfacet
  facet normal 0 0 -1
    outer loop
      vertex -16.2635 -16.2635 0
      vertex -12.7279 -12.7279 0
      vertex -15.165 -17.2923 0
    endloop
  endfacet
  facet normal -0 0 -1
    outer loop
      vertex -12.7279 -12.7279 0
      vertex -16.2635 -16.2635 0
      vertex -13.5331 -11.8682 0
    endloop
  endfacet
  facet normal 0 0 -1
    outer loop
      vertex -17.2923 -15.165 0
      vertex -13.5331 -11.8682 0
      vertex -16.2635 -16.2635 0
    endloop
  endfacet
  facet normal -0 0 -1
    outer loop
      vertex -13.5331 -11.8682 0
      vertex -17.2923 -15.165 0
      vertex -14.2804 -10.9577 0
    endloop
  endfacet
  facet normal 0 0 -1
    outer loop
      vertex -18.2471 -14.0015 0
      vertex -14.2804 -10.9577 0
      vertex -17.2923 -15.165 0
    endloop
  endfacet
  facet normal -0 0 -1
    outer loop
      vertex -14.2804 -10.9577 0
      vertex -18.2471 -14.0015 0
      vertex -14.9665 -10.0003 0
    endloop
  endfacet
  facet normal 0 0 -1
    outer loop
      vertex -19.1238 -12.7781 0
      vertex -14.9665 -10.0003 0
      vertex -18.2471 -14.0015 0
    endloop
  endfacet
  facet normal -0 0 -1
    outer loop
      vertex -14.9665 -10.0003 0
      vertex -19.1238 -12.7781 0
      vertex -15.5885 -9 0
    endloop
  endfacet
  facet normal 0 0 -1
    outer loop
      vertex -19.9186 -11.5 0
      vertex -15.5885 -9 0
      vertex -19.1238 -12.7781 0
    endloop
  endfacet
  facet normal -0 0 -1
    outer loop
      vertex -15.5885 -9 0
      vertex -19.9186 -11.5 0
      vertex -16.1437 -7.9612 0
    endloop
  endfacet
  facet normal 0 0 -1
    outer loop
      vertex -20.6281 -10.1726 0
      vertex -16.1437 -7.9612 0
      vertex -19.9186 -11.5 0
    endloop
  endfacet
  facet normal -0 0 -1
    outer loop
      vertex -16.1437 -7.9612 0
      vertex -20.6281 -10.1726 0
      vertex -16.6298 -6.8883 0
    endloop
  endfacet
  facet normal 0 0 -1
    outer loop
      vertex -21.2492 -8.80172 0
      vertex -16.6298 -6.8883 0
      vertex -20.6281 -10.1726 0
    endloop
  endfacet
  facet normal 0 0 -1
    outer loop
      vertex -21.7794 -7.39311 0
      vertex -17.0447 -5.78591 0
      vertex -21.2492 -8.80172 0
    endloop
  endfacet
  facet normal -0 0 -1
    outer loop
      vertex -16.6298 -6.8883 0
      vertex -21.2492 -8.80172 0
      vertex -17.0447 -5.78591 0
    endloop
  endfacet
  facet normal -0 0 -1
    outer loop
      vertex 21.7794 7.39311 0
      vertex 17.0447 5.78591 0
      vertex 21.2492 8.80172 0
    endloop
  endfacet
  facet normal 0 0 -1
    outer loop
      vertex 16.6298 6.8883 0
      vertex 21.2492 8.80172 0
      vertex 17.0447 5.78591 0
    endloop
  endfacet
  facet normal -0 0 -1
    outer loop
      vertex 21.2492 8.80172 0
      vertex 16.6298 6.8883 0
      vertex 20.6281 10.1726 0
    endloop
  endfacet
  facet normal 0 0 -1
    outer loop
      vertex 16.1437 7.9612 0
      vertex 20.6281 10.1726 0
      vertex 16.6298 6.8883 0
    endloop
  endfacet
  facet normal -0 0 -1
    outer loop
      vertex 20.6281 10.1726 0
      vertex 16.1437 7.9612 0
      vertex 19.9186 11.5 0
    endloop
  endfacet
  facet normal 0 0 -1
    outer loop
      vertex 15.5885 9 0
      vertex 19.9186 11.5 0
      vertex 16.1437 7.9612 0
    endloop
  endfacet
  facet normal -0 0 -1
    outer loop
      vertex 19.9186 11.5 0
      vertex 15.5885 9 0
      vertex 19.1238 12.7781 0
    endloop
  endfacet
  facet normal 0 0 -1
    outer loop
      vertex 14.9665 10.0003 0
      vertex 19.1238 12.7781 0
      vertex 15.5885 9 0
    endloop
  endfacet
  facet normal -0 0 -1
    outer loop
      vertex 19.1238 12.7781 0
      vertex 14.9665 10.0003 0
      vertex 18.2471 14.0015 0
    endloop
  endfacet
  facet normal 0 0 -1
    outer loop
      vertex 14.2804 10.9577 0
      vertex 18.2471 14.0015 0
      vertex 14.9665 10.0003 0
    endloop
  endfacet
  facet normal -0 0 -1
    outer loop
      vertex 18.2471 14.0015 0
      vertex 14.2804 10.9577 0
      vertex 17.2923 15.165 0
    endloop
  endfacet
  facet normal 0 0 -1
    outer loop
      vertex 13.5331 11.8682 0
      vertex 17.2923 15.165 0
      vertex 14.2804 10.9577 0
    endloop
  endfacet
  facet normal -0 0 -1
    outer loop
      vertex 17.2923 15.165 0
      vertex 13.5331 11.8682 0
      vertex 16.2635 16.2635 0
    endloop
  endfacet
  facet normal 0 0 -1
    outer loop
      vertex 12.7279 12.7279 0
      vertex 16.2635 16.2635 0
      vertex 13.5331 11.8682 0
    endloop
  endfacet
  facet normal -0 0 -1
    outer loop
      vertex 16.2635 16.2635 0
      vertex 12.7279 12.7279 0
      vertex 15.165 17.2923 0
    endloop
  endfacet
  facet normal 0 0 -1
    outer loop
      vertex 11.8682 13.5331 0
      vertex 15.165 17.2923 0
      vertex 12.7279 12.7279 0
    endloop
  endfacet
  facet normal -0 0 -1
    outer loop
      vertex 15.165 17.2923 0
      vertex 11.8682 13.5331 0
      vertex 14.0015 18.2471 0
    endloop
  endfacet
  facet normal 0 0 -1
    outer loop
      vertex 10.9577 14.2804 0
      vertex 14.0015 18.2471 0
      vertex 11.8682 13.5331 0
    endloop
  endfacet
  facet normal -0 0 -1
    outer loop
      vertex 14.0015 18.2471 0
      vertex 10.9577 14.2804 0
      vertex 12.7781 19.1238 0
    endloop
  endfacet
  facet normal 0 0 -1
    outer loop
      vertex 10.0003 14.9665 0
      vertex 12.7781 19.1238 0
      vertex 10.9577 14.2804 0
    endloop
  endfacet
  facet normal -0 0 -1
    outer loop
      vertex 12.7781 19.1238 0
      vertex 10.0003 14.9665 0
      vertex 11.5 19.9186 0
    endloop
  endfacet
  facet normal 0 0 -1
    outer loop
      vertex 9 15.5885 0
      vertex 11.5 19.9186 0
      vertex 10.0003 14.9665 0
    endloop
  endfacet
  facet normal -0 0 -1
    outer loop
      vertex 11.5 19.9186 0
      vertex 9 15.5885 0
      vertex 10.1726 20.6281 0
    endloop
  endfacet
  facet normal 0 0 -1
    outer loop
      vertex 7.9612 16.1437 0
      vertex 10.1726 20.6281 0
      vertex 9 15.5885 0
    endloop
  endfacet
  facet normal -0 0 -1
    outer loop
      vertex 10.1726 20.6281 0
      vertex 7.9612 16.1437 0
      vertex 8.80172 21.2492 0
    endloop
  endfacet
  facet normal 0 0 -1
    outer loop
      vertex 6.8883 16.6298 0
      vertex 8.80172 21.2492 0
      vertex 7.9612 16.1437 0
    endloop
  endfacet
  facet normal -0 0 -1
    outer loop
      vertex 8.80172 21.2492 0
      vertex 6.8883 16.6298 0
      vertex 7.39311 21.7794 0
    endloop
  endfacet
  facet normal 0 0 -1
    outer loop
      vertex 5.78591 17.0447 0
      vertex 7.39311 21.7794 0
      vertex 6.8883 16.6298 0
    endloop
  endfacet
  facet normal -0 0 -1
    outer loop
      vertex 7.39311 21.7794 0
      vertex 5.78591 17.0447 0
      vertex 5.95284 22.2163 0
    endloop
  endfacet
  facet normal 0 0 -1
    outer loop
      vertex 4.65874 17.3867 0
      vertex 5.95284 22.2163 0
      vertex 5.78591 17.0447 0
    endloop
  endfacet
  facet normal 0 0 -1
    outer loop
      vertex 4.65874 17.3867 0
      vertex 4.48708 22.5581 0
      vertex 5.95284 22.2163 0
    endloop
  endfacet
  facet normal 0 0 -1
    outer loop
      vertex 3.51163 17.6541 0
      vertex 4.48708 22.5581 0
      vertex 4.65874 17.3867 0
    endloop
  endfacet
  facet normal 0 0 -1
    outer loop
      vertex 3.51163 17.6541 0
      vertex 3.0021 22.8032 0
      vertex 4.48708 22.5581 0
    endloop
  endfacet
  facet normal 0 0 -1
    outer loop
      vertex 2.34947 17.846 0
      vertex 3.0021 22.8032 0
      vertex 3.51163 17.6541 0
    endloop
  endfacet
  facet normal 0 0 -1
    outer loop
      vertex 2.34947 17.846 0
      vertex 1.50427 22.9508 0
      vertex 3.0021 22.8032 0
    endloop
  endfacet
  facet normal 0 0 -1
    outer loop
      vertex 1.17726 17.9615 0
      vertex 1.50427 22.9508 0
      vertex 2.34947 17.846 0
    endloop
  endfacet
  facet normal 0 0 -1
    outer loop
      vertex 0 18 0
      vertex 1.50427 22.9508 0
      vertex 1.17726 17.9615 0
    endloop
  endfacet
  facet normal 0 0 -1
    outer loop
      vertex 0 18 0
      vertex 0 23 0
      vertex 1.50427 22.9508 0
    endloop
  endfacet
  facet normal 0 0 -1
    outer loop
      vertex -1.17726 17.9615 0
      vertex 0 23 0
      vertex 0 18 0
    endloop
  endfacet
  facet normal 0 0 -1
    outer loop
      vertex -1.17726 17.9615 0
      vertex -1.50427 22.9508 0
      vertex 0 23 0
    endloop
  endfacet
  facet normal 0 0 -1
    outer loop
      vertex -2.34947 17.846 0
      vertex -1.50427 22.9508 0
      vertex -1.17726 17.9615 0
    endloop
  endfacet
  facet normal 0 0 -1
    outer loop
      vertex -2.34947 17.846 0
      vertex -3.0021 22.8032 0
      vertex -1.50427 22.9508 0
    endloop
  endfacet
  facet normal 0 0 -1
    outer loop
      vertex -3.51163 17.6541 0
      vertex -3.0021 22.8032 0
      vertex -2.34947 17.846 0
    endloop
  endfacet
  facet normal 0 0 -1
    outer loop
      vertex -3.51163 17.6541 0
      vertex -4.48708 22.5581 0
      vertex -3.0021 22.8032 0
    endloop
  endfacet
  facet normal 0 0 -1
    outer loop
      vertex -4.65874 17.3867 0
      vertex -4.48708 22.5581 0
      vertex -3.51163 17.6541 0
    endloop
  endfacet
  facet normal 0 0 -1
    outer loop
      vertex -5.95284 22.2163 0
      vertex -4.65874 17.3867 0
      vertex -5.78591 17.0447 0
    endloop
  endfacet
  facet normal 0 0 -1
    outer loop
      vertex -4.65874 17.3867 0
      vertex -5.95284 22.2163 0
      vertex -4.48708 22.5581 0
    endloop
  endfacet
  facet normal 0 0 -1
    outer loop
      vertex -7.39311 21.7794 0
      vertex -5.78591 17.0447 0
      vertex -6.8883 16.6298 0
    endloop
  endfacet
  facet normal 0 0 -1
    outer loop
      vertex -5.78591 17.0447 0
      vertex -7.39311 21.7794 0
      vertex -5.95284 22.2163 0
    endloop
  endfacet
  facet normal 0 0 -1
    outer loop
      vertex -8.80172 21.2492 0
      vertex -6.8883 16.6298 0
      vertex -7.9612 16.1437 0
    endloop
  endfacet
  facet normal 0 0 -1
    outer loop
      vertex -6.8883 16.6298 0
      vertex -8.80172 21.2492 0
      vertex -7.39311 21.7794 0
    endloop
  endfacet
  facet normal 0 0 -1
    outer loop
      vertex -10.1726 20.6281 0
      vertex -7.9612 16.1437 0
      vertex -9 15.5885 0
    endloop
  endfacet
  facet normal 0 0 -1
    outer loop
      vertex -11.5 19.9186 0
      vertex -9 15.5885 0
      vertex -10.0003 14.9665 0
    endloop
  endfacet
  facet normal 0 0 -1
    outer loop
      vertex -7.9612 16.1437 0
      vertex -10.1726 20.6281 0
      vertex -8.80172 21.2492 0
    endloop
  endfacet
  facet normal 0 0 -1
    outer loop
      vertex -12.7781 19.1238 0
      vertex -10.0003 14.9665 0
      vertex -10.9577 14.2804 0
    endloop
  endfacet
  facet normal 0 0 -1
    outer loop
      vertex -9 15.5885 0
      vertex -11.5 19.9186 0
      vertex -10.1726 20.6281 0
    endloop
  endfacet
  facet normal 0 0 -1
    outer loop
      vertex -14.0015 18.2471 0
      vertex -10.9577 14.2804 0
      vertex -11.8682 13.5331 0
    endloop
  endfacet
  facet normal 0 0 -1
    outer loop
      vertex -15.165 17.2923 0
      vertex -11.8682 13.5331 0
      vertex -12.7279 12.7279 0
    endloop
  endfacet
  facet normal 0 0 -1
    outer loop
      vertex -10.0003 14.9665 0
      vertex -12.7781 19.1238 0
      vertex -11.5 19.9186 0
    endloop
  endfacet
  facet normal 0 0 -1
    outer loop
      vertex -16.2635 16.2635 0
      vertex -12.7279 12.7279 0
      vertex -13.5331 11.8682 0
    endloop
  endfacet
  facet normal 0 0 -1
    outer loop
      vertex -10.9577 14.2804 0
      vertex -14.0015 18.2471 0
      vertex -12.7781 19.1238 0
    endloop
  endfacet
  facet normal 0 0 -1
    outer loop
      vertex -17.2923 15.165 0
      vertex -13.5331 11.8682 0
      vertex -14.2804 10.9577 0
    endloop
  endfacet
  facet normal 0 0 -1
    outer loop
      vertex -18.2471 14.0015 0
      vertex -14.2804 10.9577 0
      vertex -14.9665 10.0003 0
    endloop
  endfacet
  facet normal 0 0 -1
    outer loop
      vertex -11.8682 13.5331 0
      vertex -15.165 17.2923 0
      vertex -14.0015 18.2471 0
    endloop
  endfacet
  facet normal 0 0 -1
    outer loop
      vertex -19.1238 12.7781 0
      vertex -14.9665 10.0003 0
      vertex -15.5885 9 0
    endloop
  endfacet
  facet normal 0 0 -1
    outer loop
      vertex -19.9186 11.5 0
      vertex -15.5885 9 0
      vertex -16.1437 7.9612 0
    endloop
  endfacet
  facet normal 0 0 -1
    outer loop
      vertex -12.7279 12.7279 0
      vertex -16.2635 16.2635 0
      vertex -15.165 17.2923 0
    endloop
  endfacet
  facet normal 0 0 -1
    outer loop
      vertex -20.6281 10.1726 0
      vertex -16.1437 7.9612 0
      vertex -16.6298 6.8883 0
    endloop
  endfacet
  facet normal 0 0 -1
    outer loop
      vertex -21.2492 8.80172 0
      vertex -16.6298 6.8883 0
      vertex -17.0447 5.78591 0
    endloop
  endfacet
  facet normal 0 0 -1
    outer loop
      vertex -13.5331 11.8682 0
      vertex -17.2923 15.165 0
      vertex -16.2635 16.2635 0
    endloop
  endfacet
  facet normal 0 0 -1
    outer loop
      vertex -21.7794 7.39311 0
      vertex -17.0447 5.78591 0
      vertex -17.3867 4.65874 0
    endloop
  endfacet
  facet normal 0 0 -1
    outer loop
      vertex -22.2163 5.95284 0
      vertex -17.3867 4.65874 0
      vertex -17.6541 3.51163 0
    endloop
  endfacet
  facet normal 0 0 -1
    outer loop
      vertex -22.5581 4.48708 0
      vertex -17.6541 3.51163 0
      vertex -17.846 2.34947 0
    endloop
  endfacet
  facet normal 0 0 -1
    outer loop
      vertex -22.8032 3.0021 0
      vertex -17.846 2.34947 0
      vertex -17.9615 1.17726 0
    endloop
  endfacet
  facet normal 0 0 -1
    outer loop
      vertex -14.2804 10.9577 0
      vertex -18.2471 14.0015 0
      vertex -17.2923 15.165 0
    endloop
  endfacet
  facet normal 0 0 -1
    outer loop
      vertex -22.9508 1.50427 0
      vertex -17.9615 1.17726 0
      vertex -18 0 0
    endloop
  endfacet
  facet normal -0 0 -1
    outer loop
      vertex -17.0447 -5.78591 0
      vertex -21.7794 -7.39311 0
      vertex -17.3867 -4.65874 0
    endloop
  endfacet
  facet normal 0 0 -1
    outer loop
      vertex -22.2163 -5.95284 0
      vertex -17.3867 -4.65874 0
      vertex -21.7794 -7.39311 0
    endloop
  endfacet
  facet normal 0 0 -1
    outer loop
      vertex -14.9665 10.0003 0
      vertex -19.1238 12.7781 0
      vertex -18.2471 14.0015 0
    endloop
  endfacet
  facet normal -0 0 -1
    outer loop
      vertex -17.3867 -4.65874 0
      vertex -22.2163 -5.95284 0
      vertex -17.6541 -3.51163 0
    endloop
  endfacet
  facet normal 0 0 -1
    outer loop
      vertex -15.5885 9 0
      vertex -19.9186 11.5 0
      vertex -19.1238 12.7781 0
    endloop
  endfacet
  facet normal 0 0 -1
    outer loop
      vertex -22.5581 -4.48708 0
      vertex -17.6541 -3.51163 0
      vertex -22.2163 -5.95284 0
    endloop
  endfacet
  facet normal 0 0 -1
    outer loop
      vertex -16.1437 7.9612 0
      vertex -20.6281 10.1726 0
      vertex -19.9186 11.5 0
    endloop
  endfacet
  facet normal -0 0 -1
    outer loop
      vertex -17.6541 -3.51163 0
      vertex -22.5581 -4.48708 0
      vertex -17.846 -2.34947 0
    endloop
  endfacet
  facet normal 0 0 -1
    outer loop
      vertex -16.6298 6.8883 0
      vertex -21.2492 8.80172 0
      vertex -20.6281 10.1726 0
    endloop
  endfacet
  facet normal 0 0 -1
    outer loop
      vertex -22.8032 -3.0021 0
      vertex -17.846 -2.34947 0
      vertex -22.5581 -4.48708 0
    endloop
  endfacet
  facet normal 0 0 -1
    outer loop
      vertex -17.0447 5.78591 0
      vertex -21.7794 7.39311 0
      vertex -21.2492 8.80172 0
    endloop
  endfacet
  facet normal -0 0 -1
    outer loop
      vertex -17.846 -2.34947 0
      vertex -22.8032 -3.0021 0
      vertex -17.9615 -1.17726 0
    endloop
  endfacet
  facet normal 0 0 -1
    outer loop
      vertex -17.3867 4.65874 0
      vertex -22.2163 5.95284 0
      vertex -21.7794 7.39311 0
    endloop
  endfacet
  facet normal 0 0 -1
    outer loop
      vertex -22.9508 -1.50427 0
      vertex -17.9615 -1.17726 0
      vertex -22.8032 -3.0021 0
    endloop
  endfacet
  facet normal 0 0 -1
    outer loop
      vertex -17.6541 3.51163 0
      vertex -22.5581 4.48708 0
      vertex -22.2163 5.95284 0
    endloop
  endfacet
  facet normal -0 0 -1
    outer loop
      vertex -17.9615 -1.17726 0
      vertex -22.9508 -1.50427 0
      vertex -18 0 0
    endloop
  endfacet
  facet normal 0 0 -1
    outer loop
      vertex -17.846 2.34947 0
      vertex -22.8032 3.0021 0
      vertex -22.5581 4.48708 0
    endloop
  endfacet
  facet normal 0 0 -1
    outer loop
      vertex -23 0 0
      vertex -18 0 0
      vertex -22.9508 -1.50427 0
    endloop
  endfacet
  facet normal 0 0 -1
    outer loop
      vertex -17.9615 1.17726 0
      vertex -22.9508 1.50427 0
      vertex -22.8032 3.0021 0
    endloop
  endfacet
  facet normal 0 0 -1
    outer loop
      vertex -18 0 0
      vertex -23 0 0
      vertex -22.9508 1.50427 0
    endloop
  endfacet
  facet normal 0.973872 0.227097 0
    outer loop
      vertex 22.5581 4.48708 6
      vertex 22.2163 5.95284 0
      vertex 22.2163 5.95284 6
    endloop
  endfacet
  facet normal 0.973872 0.227097 0
    outer loop
      vertex 22.2163 5.95284 0
      vertex 22.5581 4.48708 6
      vertex 22.5581 4.48708 0
    endloop
  endfacet
  facet normal 0.99518 0.0980676 0
    outer loop
      vertex 22.9508 1.50427 6
      vertex 22.8032 3.0021 0
      vertex 22.8032 3.0021 6
    endloop
  endfacet
  facet normal 0.99518 0.0980676 0
    outer loop
      vertex 22.8032 3.0021 0
      vertex 22.9508 1.50427 6
      vertex 22.9508 1.50427 0
    endloop
  endfacet
  facet normal 0.956941 0.290284 0
    outer loop
      vertex 22.2163 5.95284 6
      vertex 21.7794 7.39311 0
      vertex 21.7794 7.39311 6
    endloop
  endfacet
  facet normal 0.956941 0.290284 0
    outer loop
      vertex 21.7794 7.39311 0
      vertex 22.2163 5.95284 6
      vertex 22.2163 5.95284 0
    endloop
  endfacet
  facet normal 0.812839 0.582488 0
    outer loop
      vertex 19.1238 12.7781 6
      vertex 18.2471 14.0015 0
      vertex 18.2471 14.0015 6
    endloop
  endfacet
  facet normal 0.812839 0.582488 0
    outer loop
      vertex 18.2471 14.0015 0
      vertex 19.1238 12.7781 6
      vertex 19.1238 12.7781 0
    endloop
  endfacet
  facet normal 0.77303 0.63437 0
    outer loop
      vertex 18.2471 14.0015 6
      vertex 17.2923 15.165 0
      vertex 17.2923 15.165 6
    endloop
  endfacet
  facet normal 0.77303 0.63437 0
    outer loop
      vertex 17.2923 15.165 0
      vertex 18.2471 14.0015 6
      vertex 18.2471 14.0015 0
    endloop
  endfacet
  facet normal 0.881924 0.471392 0
    outer loop
      vertex 20.6281 10.1726 6
      vertex 19.9186 11.5 0
      vertex 19.9186 11.5 6
    endloop
  endfacet
  facet normal 0.881924 0.471392 0
    outer loop
      vertex 19.9186 11.5 0
      vertex 20.6281 10.1726 6
      vertex 20.6281 10.1726 0
    endloop
  endfacet
  facet normal 0.227097 0.973872 -0
    outer loop
      vertex 5.95284 22.2163 0
      vertex 4.48708 22.5581 6
      vertex 5.95284 22.2163 6
    endloop
  endfacet
  facet normal 0.227097 0.973872 0
    outer loop
      vertex 4.48708 22.5581 6
      vertex 5.95284 22.2163 0
      vertex 4.48708 22.5581 0
    endloop
  endfacet
  facet normal 0.471392 0.881924 -0
    outer loop
      vertex 11.5 19.9186 0
      vertex 10.1726 20.6281 6
      vertex 11.5 19.9186 6
    endloop
  endfacet
  facet normal 0.471392 0.881924 0
    outer loop
      vertex 10.1726 20.6281 6
      vertex 11.5 19.9186 0
      vertex 10.1726 20.6281 0
    endloop
  endfacet
  facet normal 0.63437 0.77303 -0
    outer loop
      vertex 15.165 17.2923 0
      vertex 14.0015 18.2471 6
      vertex 15.165 17.2923 6
    endloop
  endfacet
  facet normal 0.63437 0.77303 0
    outer loop
      vertex 14.0015 18.2471 6
      vertex 15.165 17.2923 0
      vertex 14.0015 18.2471 0
    endloop
  endfacet
  facet normal -0.973872 0.227097 0
    outer loop
      vertex -22.5581 4.48708 0
      vertex -22.2163 5.95284 6
      vertex -22.2163 5.95284 0
    endloop
  endfacet
  facet normal -0.973872 0.227097 0
    outer loop
      vertex -22.2163 5.95284 6
      vertex -22.5581 4.48708 0
      vertex -22.5581 4.48708 6
    endloop
  endfacet
  facet normal -0.812839 0.582488 0
    outer loop
      vertex -19.1238 12.7781 0
      vertex -18.2471 14.0015 6
      vertex -18.2471 14.0015 0
    endloop
  endfacet
  facet normal -0.812839 0.582488 0
    outer loop
      vertex -18.2471 14.0015 6
      vertex -19.1238 12.7781 0
      vertex -19.1238 12.7781 6
    endloop
  endfacet
  facet normal -0.729883 0.683572 0
    outer loop
      vertex -17.2923 15.165 0
      vertex -16.2635 16.2635 6
      vertex -16.2635 16.2635 0
    endloop
  endfacet
  facet normal -0.729883 0.683572 0
    outer loop
      vertex -16.2635 16.2635 6
      vertex -17.2923 15.165 0
      vertex -17.2923 15.165 6
    endloop
  endfacet
  facet normal 0 0 1
    outer loop
      vertex 20 0 6
      vertex 23 0 6
      vertex 22.9508 1.50427 6
    endloop
  endfacet
  facet normal 0 0 1
    outer loop
      vertex 19.9572 1.30806 6
      vertex 22.9508 1.50427 6
      vertex 22.8032 3.0021 6
    endloop
  endfacet
  facet normal 0 0 1
    outer loop
      vertex 23 0 6
      vertex 20 0 6
      vertex 22.9508 -1.50427 6
    endloop
  endfacet
  facet normal 0 0 1
    outer loop
      vertex 19.8289 2.61052 6
      vertex 22.8032 3.0021 6
      vertex 22.5581 4.48708 6
    endloop
  endfacet
  facet normal -0 0 1
    outer loop
      vertex 19.9572 -1.30806 6
      vertex 22.9508 -1.50427 6
      vertex 20 0 6
    endloop
  endfacet
  facet normal 0 0 1
    outer loop
      vertex 19.6157 3.90181 6
      vertex 22.5581 4.48708 6
      vertex 22.2163 5.95284 6
    endloop
  endfacet
  facet normal 0 0 1
    outer loop
      vertex 22.9508 -1.50427 6
      vertex 19.9572 -1.30806 6
      vertex 22.8032 -3.0021 6
    endloop
  endfacet
  facet normal 0 0 1
    outer loop
      vertex 19.3185 5.17638 6
      vertex 22.2163 5.95284 6
      vertex 21.7794 7.39311 6
    endloop
  endfacet
  facet normal -0 0 1
    outer loop
      vertex 19.8289 -2.61052 6
      vertex 22.8032 -3.0021 6
      vertex 19.9572 -1.30806 6
    endloop
  endfacet
  facet normal 0 0 1
    outer loop
      vertex 18.9386 6.42879 6
      vertex 21.7794 7.39311 6
      vertex 21.2492 8.80172 6
    endloop
  endfacet
  facet normal 0 0 1
    outer loop
      vertex 22.8032 -3.0021 6
      vertex 19.8289 -2.61052 6
      vertex 22.5581 -4.48708 6
    endloop
  endfacet
  facet normal 0 0 1
    outer loop
      vertex 18.4776 7.65367 6
      vertex 21.2492 8.80172 6
      vertex 20.6281 10.1726 6
    endloop
  endfacet
  facet normal -0 0 1
    outer loop
      vertex 19.6157 -3.90181 6
      vertex 22.5581 -4.48708 6
      vertex 19.8289 -2.61052 6
    endloop
  endfacet
  facet normal 0 0 1
    outer loop
      vertex 22.5581 -4.48708 6
      vertex 19.6157 -3.90181 6
      vertex 22.2163 -5.95284 6
    endloop
  endfacet
  facet normal 0 0 1
    outer loop
      vertex 22.9508 1.50427 6
      vertex 19.9572 1.30806 6
      vertex 20 0 6
    endloop
  endfacet
  facet normal 0 0 1
    outer loop
      vertex 17.9375 8.84577 6
      vertex 20.6281 10.1726 6
      vertex 19.9186 11.5 6
    endloop
  endfacet
  facet normal 0 0 1
    outer loop
      vertex 22.8032 3.0021 6
      vertex 19.8289 2.61052 6
      vertex 19.9572 1.30806 6
    endloop
  endfacet
  facet normal 0 0 1
    outer loop
      vertex 22.5581 4.48708 6
      vertex 19.6157 3.90181 6
      vertex 19.8289 2.61052 6
    endloop
  endfacet
  facet normal 0 0 1
    outer loop
      vertex 22.2163 5.95284 6
      vertex 19.3185 5.17638 6
      vertex 19.6157 3.90181 6
    endloop
  endfacet
  facet normal 0 0 1
    outer loop
      vertex 17.3205 10 6
      vertex 19.9186 11.5 6
      vertex 19.1238 12.7781 6
    endloop
  endfacet
  facet normal 0 0 1
    outer loop
      vertex 21.7794 7.39311 6
      vertex 18.9386 6.42879 6
      vertex 19.3185 5.17638 6
    endloop
  endfacet
  facet normal 0 0 1
    outer loop
      vertex 21.2492 8.80172 6
      vertex 18.4776 7.65367 6
      vertex 18.9386 6.42879 6
    endloop
  endfacet
  facet normal 0 0 1
    outer loop
      vertex 16.6294 11.1114 6
      vertex 19.1238 12.7781 6
      vertex 18.2471 14.0015 6
    endloop
  endfacet
  facet normal 0 0 1
    outer loop
      vertex 20.6281 10.1726 6
      vertex 17.9375 8.84577 6
      vertex 18.4776 7.65367 6
    endloop
  endfacet
  facet normal 0 0 1
    outer loop
      vertex 19.9186 11.5 6
      vertex 17.3205 10 6
      vertex 17.9375 8.84577 6
    endloop
  endfacet
  facet normal 0 0 1
    outer loop
      vertex 15.8671 12.1752 6
      vertex 18.2471 14.0015 6
      vertex 17.2923 15.165 6
    endloop
  endfacet
  facet normal 0 0 1
    outer loop
      vertex 19.1238 12.7781 6
      vertex 16.6294 11.1114 6
      vertex 17.3205 10 6
    endloop
  endfacet
  facet normal 0 0 1
    outer loop
      vertex 15.0368 13.1869 6
      vertex 17.2923 15.165 6
      vertex 16.2635 16.2635 6
    endloop
  endfacet
  facet normal 0 0 1
    outer loop
      vertex 18.2471 14.0015 6
      vertex 15.8671 12.1752 6
      vertex 16.6294 11.1114 6
    endloop
  endfacet
  facet normal 0 0 1
    outer loop
      vertex 14.1421 14.1421 6
      vertex 16.2635 16.2635 6
      vertex 15.165 17.2923 6
    endloop
  endfacet
  facet normal 0 0 1
    outer loop
      vertex 17.2923 15.165 6
      vertex 15.0368 13.1869 6
      vertex 15.8671 12.1752 6
    endloop
  endfacet
  facet normal 0 0 1
    outer loop
      vertex 16.2635 16.2635 6
      vertex 14.1421 14.1421 6
      vertex 15.0368 13.1869 6
    endloop
  endfacet
  facet normal 0 0 1
    outer loop
      vertex 13.1869 15.0368 6
      vertex 15.165 17.2923 6
      vertex 14.0015 18.2471 6
    endloop
  endfacet
  facet normal 0 0 1
    outer loop
      vertex 15.165 17.2923 6
      vertex 13.1869 15.0368 6
      vertex 14.1421 14.1421 6
    endloop
  endfacet
  facet normal 0 0 1
    outer loop
      vertex 12.1752 15.8671 6
      vertex 14.0015 18.2471 6
      vertex 12.7781 19.1238 6
    endloop
  endfacet
  facet normal 0 0 1
    outer loop
      vertex 14.0015 18.2471 6
      vertex 12.1752 15.8671 6
      vertex 13.1869 15.0368 6
    endloop
  endfacet
  facet normal 0 0 1
    outer loop
      vertex 11.1114 16.6294 6
      vertex 12.7781 19.1238 6
      vertex 11.5 19.9186 6
    endloop
  endfacet
  facet normal 0 0 1
    outer loop
      vertex 12.7781 19.1238 6
      vertex 11.1114 16.6294 6
      vertex 12.1752 15.8671 6
    endloop
  endfacet
  facet normal 0 0 1
    outer loop
      vertex 10 17.3205 6
      vertex 11.5 19.9186 6
      vertex 10.1726 20.6281 6
    endloop
  endfacet
  facet normal 0 0 1
    outer loop
      vertex 11.5 19.9186 6
      vertex 10 17.3205 6
      vertex 11.1114 16.6294 6
    endloop
  endfacet
  facet normal 0 0 1
    outer loop
      vertex 10.1726 20.6281 6
      vertex 8.84577 17.9375 6
      vertex 10 17.3205 6
    endloop
  endfacet
  facet normal 0 0 1
    outer loop
      vertex 8.80172 21.2492 6
      vertex 8.84577 17.9375 6
      vertex 10.1726 20.6281 6
    endloop
  endfacet
  facet normal 0 0 1
    outer loop
      vertex 8.80172 21.2492 6
      vertex 7.65367 18.4776 6
      vertex 8.84577 17.9375 6
    endloop
  endfacet
  facet normal 0 0 1
    outer loop
      vertex 7.39311 21.7794 6
      vertex 7.65367 18.4776 6
      vertex 8.80172 21.2492 6
    endloop
  endfacet
  facet normal 0 0 1
    outer loop
      vertex 7.39311 21.7794 6
      vertex 6.42879 18.9386 6
      vertex 7.65367 18.4776 6
    endloop
  endfacet
  facet normal 0 0 1
    outer loop
      vertex 5.95284 22.2163 6
      vertex 6.42879 18.9386 6
      vertex 7.39311 21.7794 6
    endloop
  endfacet
  facet normal 0 0 1
    outer loop
      vertex 5.95284 22.2163 6
      vertex 5.17638 19.3185 6
      vertex 6.42879 18.9386 6
    endloop
  endfacet
  facet normal 0 0 1
    outer loop
      vertex 4.48708 22.5581 6
      vertex 5.17638 19.3185 6
      vertex 5.95284 22.2163 6
    endloop
  endfacet
  facet normal 0 0 1
    outer loop
      vertex 4.48708 22.5581 6
      vertex 3.90181 19.6157 6
      vertex 5.17638 19.3185 6
    endloop
  endfacet
  facet normal 0 0 1
    outer loop
      vertex 3.0021 22.8032 6
      vertex 3.90181 19.6157 6
      vertex 4.48708 22.5581 6
    endloop
  endfacet
  facet normal 0 0 1
    outer loop
      vertex 3.0021 22.8032 6
      vertex 2.61052 19.8289 6
      vertex 3.90181 19.6157 6
    endloop
  endfacet
  facet normal 0 0 1
    outer loop
      vertex 1.50427 22.9508 6
      vertex 2.61052 19.8289 6
      vertex 3.0021 22.8032 6
    endloop
  endfacet
  facet normal 0 0 1
    outer loop
      vertex 1.50427 22.9508 6
      vertex 1.30806 19.9572 6
      vertex 2.61052 19.8289 6
    endloop
  endfacet
  facet normal 0 0 1
    outer loop
      vertex 0 23 6
      vertex 1.30806 19.9572 6
      vertex 1.50427 22.9508 6
    endloop
  endfacet
  facet normal 0 0 1
    outer loop
      vertex 0 23 6
      vertex 0 20 6
      vertex 1.30806 19.9572 6
    endloop
  endfacet
  facet normal 0 0 1
    outer loop
      vertex 0 23 6
      vertex -1.30806 19.9572 6
      vertex 0 20 6
    endloop
  endfacet
  facet normal -0 0 1
    outer loop
      vertex -1.50427 22.9508 6
      vertex -1.30806 19.9572 6
      vertex 0 23 6
    endloop
  endfacet
  facet normal 0 0 1
    outer loop
      vertex -1.50427 22.9508 6
      vertex -2.61052 19.8289 6
      vertex -1.30806 19.9572 6
    endloop
  endfacet
  facet normal -0 0 1
    outer loop
      vertex -3.0021 22.8032 6
      vertex -2.61052 19.8289 6
      vertex -1.50427 22.9508 6
    endloop
  endfacet
  facet normal 0 0 1
    outer loop
      vertex -3.0021 22.8032 6
      vertex -3.90181 19.6157 6
      vertex -2.61052 19.8289 6
    endloop
  endfacet
  facet normal -0 0 1
    outer loop
      vertex -4.48708 22.5581 6
      vertex -3.90181 19.6157 6
      vertex -3.0021 22.8032 6
    endloop
  endfacet
  facet normal 0 0 1
    outer loop
      vertex -4.48708 22.5581 6
      vertex -5.17638 19.3185 6
      vertex -3.90181 19.6157 6
    endloop
  endfacet
  facet normal -0 0 1
    outer loop
      vertex -5.95284 22.2163 6
      vertex -5.17638 19.3185 6
      vertex -4.48708 22.5581 6
    endloop
  endfacet
  facet normal 0 0 1
    outer loop
      vertex -5.95284 22.2163 6
      vertex -6.42879 18.9386 6
      vertex -5.17638 19.3185 6
    endloop
  endfacet
  facet normal -0 0 1
    outer loop
      vertex -7.39311 21.7794 6
      vertex -6.42879 18.9386 6
      vertex -5.95284 22.2163 6
    endloop
  endfacet
  facet normal 0 0 1
    outer loop
      vertex -7.39311 21.7794 6
      vertex -7.65367 18.4776 6
      vertex -6.42879 18.9386 6
    endloop
  endfacet
  facet normal -0 0 1
    outer loop
      vertex -8.80172 21.2492 6
      vertex -7.65367 18.4776 6
      vertex -7.39311 21.7794 6
    endloop
  endfacet
  facet normal 0 0 1
    outer loop
      vertex -8.80172 21.2492 6
      vertex -8.84577 17.9375 6
      vertex -7.65367 18.4776 6
    endloop
  endfacet
  facet normal -0 0 1
    outer loop
      vertex -10.1726 20.6281 6
      vertex -8.84577 17.9375 6
      vertex -8.80172 21.2492 6
    endloop
  endfacet
  facet normal 0 0 1
    outer loop
      vertex -8.84577 17.9375 6
      vertex -10.1726 20.6281 6
      vertex -10 17.3205 6
    endloop
  endfacet
  facet normal -0 0 1
    outer loop
      vertex -11.5 19.9186 6
      vertex -10 17.3205 6
      vertex -10.1726 20.6281 6
    endloop
  endfacet
  facet normal 0 0 1
    outer loop
      vertex -10 17.3205 6
      vertex -11.5 19.9186 6
      vertex -11.1114 16.6294 6
    endloop
  endfacet
  facet normal -0 0 1
    outer loop
      vertex -12.7781 19.1238 6
      vertex -11.1114 16.6294 6
      vertex -11.5 19.9186 6
    endloop
  endfacet
  facet normal 0 0 1
    outer loop
      vertex -11.1114 16.6294 6
      vertex -12.7781 19.1238 6
      vertex -12.1752 15.8671 6
    endloop
  endfacet
  facet normal -0 0 1
    outer loop
      vertex -14.0015 18.2471 6
      vertex -12.1752 15.8671 6
      vertex -12.7781 19.1238 6
    endloop
  endfacet
  facet normal 0 0 1
    outer loop
      vertex -12.1752 15.8671 6
      vertex -14.0015 18.2471 6
      vertex -13.1869 15.0368 6
    endloop
  endfacet
  facet normal -0 0 1
    outer loop
      vertex -15.165 17.2923 6
      vertex -13.1869 15.0368 6
      vertex -14.0015 18.2471 6
    endloop
  endfacet
  facet normal 0 0 1
    outer loop
      vertex -13.1869 15.0368 6
      vertex -15.165 17.2923 6
      vertex -14.1421 14.1421 6
    endloop
  endfacet
  facet normal -0 0 1
    outer loop
      vertex -16.2635 16.2635 6
      vertex -14.1421 14.1421 6
      vertex -15.165 17.2923 6
    endloop
  endfacet
  facet normal 0 0 1
    outer loop
      vertex -14.1421 14.1421 6
      vertex -16.2635 16.2635 6
      vertex -15.0368 13.1869 6
    endloop
  endfacet
  facet normal -0 0 1
    outer loop
      vertex -17.2923 15.165 6
      vertex -15.0368 13.1869 6
      vertex -16.2635 16.2635 6
    endloop
  endfacet
  facet normal 0 0 1
    outer loop
      vertex -15.0368 13.1869 6
      vertex -17.2923 15.165 6
      vertex -15.8671 12.1752 6
    endloop
  endfacet
  facet normal -0 0 1
    outer loop
      vertex -18.2471 14.0015 6
      vertex -15.8671 12.1752 6
      vertex -17.2923 15.165 6
    endloop
  endfacet
  facet normal 0 0 1
    outer loop
      vertex -15.8671 12.1752 6
      vertex -18.2471 14.0015 6
      vertex -16.6294 11.1114 6
    endloop
  endfacet
  facet normal -0 0 1
    outer loop
      vertex -19.1238 12.7781 6
      vertex -16.6294 11.1114 6
      vertex -18.2471 14.0015 6
    endloop
  endfacet
  facet normal 0 0 1
    outer loop
      vertex -16.6294 11.1114 6
      vertex -19.1238 12.7781 6
      vertex -17.3205 10 6
    endloop
  endfacet
  facet normal -0 0 1
    outer loop
      vertex -19.9186 11.5 6
      vertex -17.3205 10 6
      vertex -19.1238 12.7781 6
    endloop
  endfacet
  facet normal 0 0 1
    outer loop
      vertex -17.3205 10 6
      vertex -19.9186 11.5 6
      vertex -17.9375 8.84577 6
    endloop
  endfacet
  facet normal -0 0 1
    outer loop
      vertex -20.6281 10.1726 6
      vertex -17.9375 8.84577 6
      vertex -19.9186 11.5 6
    endloop
  endfacet
  facet normal 0 0 1
    outer loop
      vertex -17.9375 8.84577 6
      vertex -20.6281 10.1726 6
      vertex -18.4776 7.65367 6
    endloop
  endfacet
  facet normal -0 0 1
    outer loop
      vertex -21.2492 8.80172 6
      vertex -18.4776 7.65367 6
      vertex -20.6281 10.1726 6
    endloop
  endfacet
  facet normal 0 0 1
    outer loop
      vertex -18.4776 7.65367 6
      vertex -21.2492 8.80172 6
      vertex -18.9386 6.42879 6
    endloop
  endfacet
  facet normal -0 0 1
    outer loop
      vertex -21.7794 7.39311 6
      vertex -18.9386 6.42879 6
      vertex -21.2492 8.80172 6
    endloop
  endfacet
  facet normal 0 0 1
    outer loop
      vertex -18.9386 6.42879 6
      vertex -21.7794 7.39311 6
      vertex -19.3185 5.17638 6
    endloop
  endfacet
  facet normal -0 0 1
    outer loop
      vertex -22.2163 5.95284 6
      vertex -19.3185 5.17638 6
      vertex -21.7794 7.39311 6
    endloop
  endfacet
  facet normal 0 0 1
    outer loop
      vertex -19.3185 5.17638 6
      vertex -22.2163 5.95284 6
      vertex -19.6157 3.90181 6
    endloop
  endfacet
  facet normal -0 0 1
    outer loop
      vertex 19.3185 -5.17638 6
      vertex 22.2163 -5.95284 6
      vertex 19.6157 -3.90181 6
    endloop
  endfacet
  facet normal 0 0 1
    outer loop
      vertex 22.2163 -5.95284 6
      vertex 19.3185 -5.17638 6
      vertex 21.7794 -7.39311 6
    endloop
  endfacet
  facet normal -0 0 1
    outer loop
      vertex 18.9386 -6.42879 6
      vertex 21.7794 -7.39311 6
      vertex 19.3185 -5.17638 6
    endloop
  endfacet
  facet normal 0 0 1
    outer loop
      vertex 21.7794 -7.39311 6
      vertex 18.9386 -6.42879 6
      vertex 21.2492 -8.80172 6
    endloop
  endfacet
  facet normal -0 0 1
    outer loop
      vertex 18.4776 -7.65367 6
      vertex 21.2492 -8.80172 6
      vertex 18.9386 -6.42879 6
    endloop
  endfacet
  facet normal 0 0 1
    outer loop
      vertex 21.2492 -8.80172 6
      vertex 18.4776 -7.65367 6
      vertex 20.6281 -10.1726 6
    endloop
  endfacet
  facet normal -0 0 1
    outer loop
      vertex 17.9375 -8.84577 6
      vertex 20.6281 -10.1726 6
      vertex 18.4776 -7.65367 6
    endloop
  endfacet
  facet normal 0 0 1
    outer loop
      vertex 20.6281 -10.1726 6
      vertex 17.9375 -8.84577 6
      vertex 19.9186 -11.5 6
    endloop
  endfacet
  facet normal -0 0 1
    outer loop
      vertex 17.3205 -10 6
      vertex 19.9186 -11.5 6
      vertex 17.9375 -8.84577 6
    endloop
  endfacet
  facet normal 0 0 1
    outer loop
      vertex 19.9186 -11.5 6
      vertex 17.3205 -10 6
      vertex 19.1238 -12.7781 6
    endloop
  endfacet
  facet normal -0 0 1
    outer loop
      vertex 16.6294 -11.1114 6
      vertex 19.1238 -12.7781 6
      vertex 17.3205 -10 6
    endloop
  endfacet
  facet normal 0 0 1
    outer loop
      vertex 19.1238 -12.7781 6
      vertex 16.6294 -11.1114 6
      vertex 18.2471 -14.0015 6
    endloop
  endfacet
  facet normal -0 0 1
    outer loop
      vertex 15.8671 -12.1752 6
      vertex 18.2471 -14.0015 6
      vertex 16.6294 -11.1114 6
    endloop
  endfacet
  facet normal 0 0 1
    outer loop
      vertex 18.2471 -14.0015 6
      vertex 15.8671 -12.1752 6
      vertex 17.2923 -15.165 6
    endloop
  endfacet
  facet normal -0 0 1
    outer loop
      vertex 15.0368 -13.1869 6
      vertex 17.2923 -15.165 6
      vertex 15.8671 -12.1752 6
    endloop
  endfacet
  facet normal 0 0 1
    outer loop
      vertex 17.2923 -15.165 6
      vertex 15.0368 -13.1869 6
      vertex 16.2635 -16.2635 6
    endloop
  endfacet
  facet normal -0 0 1
    outer loop
      vertex 14.1421 -14.1421 6
      vertex 16.2635 -16.2635 6
      vertex 15.0368 -13.1869 6
    endloop
  endfacet
  facet normal 0 0 1
    outer loop
      vertex 16.2635 -16.2635 6
      vertex 14.1421 -14.1421 6
      vertex 15.165 -17.2923 6
    endloop
  endfacet
  facet normal -0 0 1
    outer loop
      vertex 13.1869 -15.0368 6
      vertex 15.165 -17.2923 6
      vertex 14.1421 -14.1421 6
    endloop
  endfacet
  facet normal 0 0 1
    outer loop
      vertex 15.165 -17.2923 6
      vertex 13.1869 -15.0368 6
      vertex 14.0015 -18.2471 6
    endloop
  endfacet
  facet normal -0 0 1
    outer loop
      vertex 12.1752 -15.8671 6
      vertex 14.0015 -18.2471 6
      vertex 13.1869 -15.0368 6
    endloop
  endfacet
  facet normal 0 0 1
    outer loop
      vertex 14.0015 -18.2471 6
      vertex 12.1752 -15.8671 6
      vertex 12.7781 -19.1238 6
    endloop
  endfacet
  facet normal -0 0 1
    outer loop
      vertex 11.1114 -16.6294 6
      vertex 12.7781 -19.1238 6
      vertex 12.1752 -15.8671 6
    endloop
  endfacet
  facet normal 0 0 1
    outer loop
      vertex 12.7781 -19.1238 6
      vertex 11.1114 -16.6294 6
      vertex 11.5 -19.9186 6
    endloop
  endfacet
  facet normal -0 0 1
    outer loop
      vertex 10 -17.3205 6
      vertex 11.5 -19.9186 6
      vertex 11.1114 -16.6294 6
    endloop
  endfacet
  facet normal 0 0 1
    outer loop
      vertex 11.5 -19.9186 6
      vertex 10 -17.3205 6
      vertex 10.1726 -20.6281 6
    endloop
  endfacet
  facet normal -0 0 1
    outer loop
      vertex 8.84577 -17.9375 6
      vertex 10.1726 -20.6281 6
      vertex 10 -17.3205 6
    endloop
  endfacet
  facet normal 0 0 1
    outer loop
      vertex 8.84577 -17.9375 6
      vertex 8.80172 -21.2492 6
      vertex 10.1726 -20.6281 6
    endloop
  endfacet
  facet normal -0 0 1
    outer loop
      vertex 7.65367 -18.4776 6
      vertex 8.80172 -21.2492 6
      vertex 8.84577 -17.9375 6
    endloop
  endfacet
  facet normal 0 0 1
    outer loop
      vertex 7.65367 -18.4776 6
      vertex 7.39311 -21.7794 6
      vertex 8.80172 -21.2492 6
    endloop
  endfacet
  facet normal -0 0 1
    outer loop
      vertex 6.42879 -18.9386 6
      vertex 7.39311 -21.7794 6
      vertex 7.65367 -18.4776 6
    endloop
  endfacet
  facet normal 0 0 1
    outer loop
      vertex 6.42879 -18.9386 6
      vertex 5.95284 -22.2163 6
      vertex 7.39311 -21.7794 6
    endloop
  endfacet
  facet normal -0 0 1
    outer loop
      vertex 5.17638 -19.3185 6
      vertex 5.95284 -22.2163 6
      vertex 6.42879 -18.9386 6
    endloop
  endfacet
  facet normal 0 0 1
    outer loop
      vertex 5.17638 -19.3185 6
      vertex 4.48708 -22.5581 6
      vertex 5.95284 -22.2163 6
    endloop
  endfacet
  facet normal -0 0 1
    outer loop
      vertex 3.90181 -19.6157 6
      vertex 4.48708 -22.5581 6
      vertex 5.17638 -19.3185 6
    endloop
  endfacet
  facet normal 0 0 1
    outer loop
      vertex 3.90181 -19.6157 6
      vertex 3.0021 -22.8032 6
      vertex 4.48708 -22.5581 6
    endloop
  endfacet
  facet normal -0 0 1
    outer loop
      vertex 2.61052 -19.8289 6
      vertex 3.0021 -22.8032 6
      vertex 3.90181 -19.6157 6
    endloop
  endfacet
  facet normal 0 0 1
    outer loop
      vertex 2.61052 -19.8289 6
      vertex 1.50427 -22.9508 6
      vertex 3.0021 -22.8032 6
    endloop
  endfacet
  facet normal -0 0 1
    outer loop
      vertex 1.30806 -19.9572 6
      vertex 1.50427 -22.9508 6
      vertex 2.61052 -19.8289 6
    endloop
  endfacet
  facet normal -0 0 1
    outer loop
      vertex 0 -20 6
      vertex 1.50427 -22.9508 6
      vertex 1.30806 -19.9572 6
    endloop
  endfacet
  facet normal 0 0 1
    outer loop
      vertex 0 -20 6
      vertex 0 -23 6
      vertex 1.50427 -22.9508 6
    endloop
  endfacet
  facet normal 0 0 1
    outer loop
      vertex -1.30806 -19.9572 6
      vertex 0 -23 6
      vertex 0 -20 6
    endloop
  endfacet
  facet normal 0 0 1
    outer loop
      vertex -1.30806 -19.9572 6
      vertex -1.50427 -22.9508 6
      vertex 0 -23 6
    endloop
  endfacet
  facet normal 0 0 1
    outer loop
      vertex -2.61052 -19.8289 6
      vertex -1.50427 -22.9508 6
      vertex -1.30806 -19.9572 6
    endloop
  endfacet
  facet normal 0 0 1
    outer loop
      vertex -2.61052 -19.8289 6
      vertex -3.0021 -22.8032 6
      vertex -1.50427 -22.9508 6
    endloop
  endfacet
  facet normal 0 0 1
    outer loop
      vertex -3.90181 -19.6157 6
      vertex -3.0021 -22.8032 6
      vertex -2.61052 -19.8289 6
    endloop
  endfacet
  facet normal 0 0 1
    outer loop
      vertex -3.90181 -19.6157 6
      vertex -4.48708 -22.5581 6
      vertex -3.0021 -22.8032 6
    endloop
  endfacet
  facet normal 0 0 1
    outer loop
      vertex -5.17638 -19.3185 6
      vertex -4.48708 -22.5581 6
      vertex -3.90181 -19.6157 6
    endloop
  endfacet
  facet normal 0 0 1
    outer loop
      vertex -5.17638 -19.3185 6
      vertex -5.95284 -22.2163 6
      vertex -4.48708 -22.5581 6
    endloop
  endfacet
  facet normal 0 0 1
    outer loop
      vertex -6.42879 -18.9386 6
      vertex -5.95284 -22.2163 6
      vertex -5.17638 -19.3185 6
    endloop
  endfacet
  facet normal 0 0 1
    outer loop
      vertex -6.42879 -18.9386 6
      vertex -7.39311 -21.7794 6
      vertex -5.95284 -22.2163 6
    endloop
  endfacet
  facet normal 0 0 1
    outer loop
      vertex -7.65367 -18.4776 6
      vertex -7.39311 -21.7794 6
      vertex -6.42879 -18.9386 6
    endloop
  endfacet
  facet normal 0 0 1
    outer loop
      vertex -7.65367 -18.4776 6
      vertex -8.80172 -21.2492 6
      vertex -7.39311 -21.7794 6
    endloop
  endfacet
  facet normal 0 0 1
    outer loop
      vertex -8.84577 -17.9375 6
      vertex -8.80172 -21.2492 6
      vertex -7.65367 -18.4776 6
    endloop
  endfacet
  facet normal 0 0 1
    outer loop
      vertex -10.1726 -20.6281 6
      vertex -8.84577 -17.9375 6
      vertex -10 -17.3205 6
    endloop
  endfacet
  facet normal 0 0 1
    outer loop
      vertex -8.84577 -17.9375 6
      vertex -10.1726 -20.6281 6
      vertex -8.80172 -21.2492 6
    endloop
  endfacet
  facet normal 0 0 1
    outer loop
      vertex -11.5 -19.9186 6
      vertex -10 -17.3205 6
      vertex -11.1114 -16.6294 6
    endloop
  endfacet
  facet normal 0 0 1
    outer loop
      vertex -10 -17.3205 6
      vertex -11.5 -19.9186 6
      vertex -10.1726 -20.6281 6
    endloop
  endfacet
  facet normal 0 0 1
    outer loop
      vertex -12.7781 -19.1238 6
      vertex -11.1114 -16.6294 6
      vertex -12.1752 -15.8671 6
    endloop
  endfacet
  facet normal 0 0 1
    outer loop
      vertex -11.1114 -16.6294 6
      vertex -12.7781 -19.1238 6
      vertex -11.5 -19.9186 6
    endloop
  endfacet
  facet normal 0 0 1
    outer loop
      vertex -14.0015 -18.2471 6
      vertex -12.1752 -15.8671 6
      vertex -13.1869 -15.0368 6
    endloop
  endfacet
  facet normal 0 0 1
    outer loop
      vertex -12.1752 -15.8671 6
      vertex -14.0015 -18.2471 6
      vertex -12.7781 -19.1238 6
    endloop
  endfacet
  facet normal 0 0 1
    outer loop
      vertex -15.165 -17.2923 6
      vertex -13.1869 -15.0368 6
      vertex -14.1421 -14.1421 6
    endloop
  endfacet
  facet normal 0 0 1
    outer loop
      vertex -16.2635 -16.2635 6
      vertex -14.1421 -14.1421 6
      vertex -15.0368 -13.1869 6
    endloop
  endfacet
  facet normal 0 0 1
    outer loop
      vertex -13.1869 -15.0368 6
      vertex -15.165 -17.2923 6
      vertex -14.0015 -18.2471 6
    endloop
  endfacet
  facet normal 0 0 1
    outer loop
      vertex -17.2923 -15.165 6
      vertex -15.0368 -13.1869 6
      vertex -15.8671 -12.1752 6
    endloop
  endfacet
  facet normal 0 0 1
    outer loop
      vertex -14.1421 -14.1421 6
      vertex -16.2635 -16.2635 6
      vertex -15.165 -17.2923 6
    endloop
  endfacet
  facet normal 0 0 1
    outer loop
      vertex -18.2471 -14.0015 6
      vertex -15.8671 -12.1752 6
      vertex -16.6294 -11.1114 6
    endloop
  endfacet
  facet normal 0 0 1
    outer loop
      vertex -15.0368 -13.1869 6
      vertex -17.2923 -15.165 6
      vertex -16.2635 -16.2635 6
    endloop
  endfacet
  facet normal 0 0 1
    outer loop
      vertex -19.1238 -12.7781 6
      vertex -16.6294 -11.1114 6
      vertex -17.3205 -10 6
    endloop
  endfacet
  facet normal 0 0 1
    outer loop
      vertex -19.9186 -11.5 6
      vertex -17.3205 -10 6
      vertex -17.9375 -8.84577 6
    endloop
  endfacet
  facet normal 0 0 1
    outer loop
      vertex -15.8671 -12.1752 6
      vertex -18.2471 -14.0015 6
      vertex -17.2923 -15.165 6
    endloop
  endfacet
  facet normal 0 0 1
    outer loop
      vertex -20.6281 -10.1726 6
      vertex -17.9375 -8.84577 6
      vertex -18.4776 -7.65367 6
    endloop
  endfacet
  facet normal 0 0 1
    outer loop
      vertex -21.2492 -8.80172 6
      vertex -18.4776 -7.65367 6
      vertex -18.9386 -6.42879 6
    endloop
  endfacet
  facet normal 0 0 1
    outer loop
      vertex -16.6294 -11.1114 6
      vertex -19.1238 -12.7781 6
      vertex -18.2471 -14.0015 6
    endloop
  endfacet
  facet normal 0 0 1
    outer loop
      vertex -21.7794 -7.39311 6
      vertex -18.9386 -6.42879 6
      vertex -19.3185 -5.17638 6
    endloop
  endfacet
  facet normal 0 0 1
    outer loop
      vertex -22.2163 -5.95284 6
      vertex -19.3185 -5.17638 6
      vertex -19.6157 -3.90181 6
    endloop
  endfacet
  facet normal 0 0 1
    outer loop
      vertex -22.5581 -4.48708 6
      vertex -19.6157 -3.90181 6
      vertex -19.8289 -2.61052 6
    endloop
  endfacet
  facet normal 0 0 1
    outer loop
      vertex -17.3205 -10 6
      vertex -19.9186 -11.5 6
      vertex -19.1238 -12.7781 6
    endloop
  endfacet
  facet normal 0 0 1
    outer loop
      vertex -22.8032 -3.0021 6
      vertex -19.8289 -2.61052 6
      vertex -19.9572 -1.30806 6
    endloop
  endfacet
  facet normal 0 0 1
    outer loop
      vertex -22.9508 -1.50427 6
      vertex -19.9572 -1.30806 6
      vertex -20 0 6
    endloop
  endfacet
  facet normal -0 0 1
    outer loop
      vertex -22.5581 4.48708 6
      vertex -19.6157 3.90181 6
      vertex -22.2163 5.95284 6
    endloop
  endfacet
  facet normal 0 0 1
    outer loop
      vertex -17.9375 -8.84577 6
      vertex -20.6281 -10.1726 6
      vertex -19.9186 -11.5 6
    endloop
  endfacet
  facet normal 0 0 1
    outer loop
      vertex -19.6157 3.90181 6
      vertex -22.5581 4.48708 6
      vertex -19.8289 2.61052 6
    endloop
  endfacet
  facet normal 0 0 1
    outer loop
      vertex -18.4776 -7.65367 6
      vertex -21.2492 -8.80172 6
      vertex -20.6281 -10.1726 6
    endloop
  endfacet
  facet normal -0 0 1
    outer loop
      vertex -22.8032 3.0021 6
      vertex -19.8289 2.61052 6
      vertex -22.5581 4.48708 6
    endloop
  endfacet
  facet normal 0 0 1
    outer loop
      vertex -18.9386 -6.42879 6
      vertex -21.7794 -7.39311 6
      vertex -21.2492 -8.80172 6
    endloop
  endfacet
  facet normal 0 0 1
    outer loop
      vertex -19.8289 2.61052 6
      vertex -22.8032 3.0021 6
      vertex -19.9572 1.30806 6
    endloop
  endfacet
  facet normal 0 0 1
    outer loop
      vertex -19.3185 -5.17638 6
      vertex -22.2163 -5.95284 6
      vertex -21.7794 -7.39311 6
    endloop
  endfacet
  facet normal -0 0 1
    outer loop
      vertex -22.9508 1.50427 6
      vertex -19.9572 1.30806 6
      vertex -22.8032 3.0021 6
    endloop
  endfacet
  facet normal 0 0 1
    outer loop
      vertex -19.6157 -3.90181 6
      vertex -22.5581 -4.48708 6
      vertex -22.2163 -5.95284 6
    endloop
  endfacet
  facet normal 0 0 1
    outer loop
      vertex -19.9572 1.30806 6
      vertex -22.9508 1.50427 6
      vertex -20 0 6
    endloop
  endfacet
  facet normal 0 0 1
    outer loop
      vertex -19.8289 -2.61052 6
      vertex -22.8032 -3.0021 6
      vertex -22.5581 -4.48708 6
    endloop
  endfacet
  facet normal 0 0 1
    outer loop
      vertex -23 0 6
      vertex -20 0 6
      vertex -22.9508 1.50427 6
    endloop
  endfacet
  facet normal 0 0 1
    outer loop
      vertex -19.9572 -1.30806 6
      vertex -22.9508 -1.50427 6
      vertex -22.8032 -3.0021 6
    endloop
  endfacet
  facet normal 0 0 1
    outer loop
      vertex -20 0 6
      vertex -23 0 6
      vertex -22.9508 -1.50427 6
    endloop
  endfacet
  facet normal -0.52808 0.849194 0
    outer loop
      vertex -11.5 19.9186 0
      vertex -12.7781 19.1238 6
      vertex -11.5 19.9186 6
    endloop
  endfacet
  facet normal -0.52808 0.849194 0
    outer loop
      vertex -12.7781 19.1238 6
      vertex -11.5 19.9186 0
      vertex -12.7781 19.1238 0
    endloop
  endfacet
  facet normal -0.412686 0.910873 0
    outer loop
      vertex -8.80172 21.2492 0
      vertex -10.1726 20.6281 6
      vertex -8.80172 21.2492 6
    endloop
  endfacet
  facet normal -0.412686 0.910873 0
    outer loop
      vertex -10.1726 20.6281 6
      vertex -8.80172 21.2492 0
      vertex -10.1726 20.6281 0
    endloop
  endfacet
  facet normal -0.227097 0.973872 0
    outer loop
      vertex -4.48708 22.5581 0
      vertex -5.95284 22.2163 6
      vertex -4.48708 22.5581 6
    endloop
  endfacet
  facet normal -0.227097 0.973872 0
    outer loop
      vertex -5.95284 22.2163 6
      vertex -4.48708 22.5581 0
      vertex -5.95284 22.2163 0
    endloop
  endfacet
  facet normal -0.0326894 0.999466 0
    outer loop
      vertex 0 23 0
      vertex -1.50427 22.9508 6
      vertex 0 23 6
    endloop
  endfacet
  facet normal -0.0326894 0.999466 0
    outer loop
      vertex -1.50427 22.9508 6
      vertex 0 23 0
      vertex -1.50427 22.9508 0
    endloop
  endfacet
  facet normal 0.290284 -0.956941 0
    outer loop
      vertex 5.95284 -22.2163 0
      vertex 7.39311 -21.7794 6
      vertex 5.95284 -22.2163 6
    endloop
  endfacet
  facet normal 0.290284 -0.956941 0
    outer loop
      vertex 7.39311 -21.7794 6
      vertex 5.95284 -22.2163 0
      vertex 7.39311 -21.7794 0
    endloop
  endfacet
  facet normal 0.63437 -0.77303 0
    outer loop
      vertex 14.0015 -18.2471 0
      vertex 15.165 -17.2923 6
      vertex 14.0015 -18.2471 6
    endloop
  endfacet
  facet normal 0.63437 -0.77303 0
    outer loop
      vertex 15.165 -17.2923 6
      vertex 14.0015 -18.2471 0
      vertex 15.165 -17.2923 0
    endloop
  endfacet
  facet normal 0.471392 -0.881924 0
    outer loop
      vertex 10.1726 -20.6281 0
      vertex 11.5 -19.9186 6
      vertex 10.1726 -20.6281 6
    endloop
  endfacet
  facet normal 0.471392 -0.881924 0
    outer loop
      vertex 11.5 -19.9186 6
      vertex 10.1726 -20.6281 0
      vertex 11.5 -19.9186 0
    endloop
  endfacet
  facet normal 0.77303 -0.63437 0
    outer loop
      vertex 17.2923 -15.165 6
      vertex 18.2471 -14.0015 0
      vertex 18.2471 -14.0015 6
    endloop
  endfacet
  facet normal 0.77303 -0.63437 0
    outer loop
      vertex 18.2471 -14.0015 0
      vertex 17.2923 -15.165 6
      vertex 17.2923 -15.165 0
    endloop
  endfacet
  facet normal 0.881924 -0.471392 0
    outer loop
      vertex 19.9186 -11.5 6
      vertex 20.6281 -10.1726 0
      vertex 20.6281 -10.1726 6
    endloop
  endfacet
  facet normal 0.881924 -0.471392 0
    outer loop
      vertex 20.6281 -10.1726 0
      vertex 19.9186 -11.5 6
      vertex 19.9186 -11.5 0
    endloop
  endfacet
  facet normal 0.99518 -0.0980676 0
    outer loop
      vertex 22.8032 -3.0021 6
      vertex 22.9508 -1.50427 0
      vertex 22.9508 -1.50427 6
    endloop
  endfacet
  facet normal 0.99518 -0.0980676 0
    outer loop
      vertex 22.9508 -1.50427 0
      vertex 22.8032 -3.0021 6
      vertex 22.8032 -3.0021 0
    endloop
  endfacet
  facet normal -0.683572 -0.729883 0
    outer loop
      vertex -16.2635 -16.2635 0
      vertex -15.165 -17.2923 6
      vertex -16.2635 -16.2635 6
    endloop
  endfacet
  facet normal -0.683572 -0.729883 -0
    outer loop
      vertex -15.165 -17.2923 6
      vertex -16.2635 -16.2635 0
      vertex -15.165 -17.2923 0
    endloop
  endfacet
  facet normal -0.910873 -0.412686 0
    outer loop
      vertex -20.6281 -10.1726 0
      vertex -21.2492 -8.80172 6
      vertex -21.2492 -8.80172 0
    endloop
  endfacet
  facet normal -0.910873 -0.412686 0
    outer loop
      vertex -21.2492 -8.80172 6
      vertex -20.6281 -10.1726 0
      vertex -20.6281 -10.1726 6
    endloop
  endfacet
  facet normal -0.973872 -0.227097 0
    outer loop
      vertex -22.2163 -5.95284 0
      vertex -22.5581 -4.48708 6
      vertex -22.5581 -4.48708 0
    endloop
  endfacet
  facet normal -0.973872 -0.227097 0
    outer loop
      vertex -22.5581 -4.48708 6
      vertex -22.2163 -5.95284 0
      vertex -22.2163 -5.95284 6
    endloop
  endfacet
  facet normal -0.999466 -0.0326894 0
    outer loop
      vertex -22.9508 -1.50427 0
      vertex -23 0 6
      vertex -23 0 0
    endloop
  endfacet
  facet normal -0.999466 -0.0326894 0
    outer loop
      vertex -23 0 6
      vertex -22.9508 -1.50427 0
      vertex -22.9508 -1.50427 6
    endloop
  endfacet
  facet normal 0.986651 0.162849 0
    outer loop
      vertex 22.8032 3.0021 6
      vertex 22.5581 4.48708 0
      vertex 22.5581 4.48708 6
    endloop
  endfacet
  facet normal 0.986651 0.162849 0
    outer loop
      vertex 22.5581 4.48708 0
      vertex 22.8032 3.0021 6
      vertex 22.8032 3.0021 0
    endloop
  endfacet
  facet normal 0.935898 0.352271 0
    outer loop
      vertex 21.7794 7.39311 6
      vertex 21.2492 8.80172 0
      vertex 21.2492 8.80172 6
    endloop
  endfacet
  facet normal 0.935898 0.352271 0
    outer loop
      vertex 21.2492 8.80172 0
      vertex 21.7794 7.39311 6
      vertex 21.7794 7.39311 0
    endloop
  endfacet
  facet normal 0.729883 0.683572 0
    outer loop
      vertex 17.2923 15.165 6
      vertex 16.2635 16.2635 0
      vertex 16.2635 16.2635 6
    endloop
  endfacet
  facet normal 0.729883 0.683572 0
    outer loop
      vertex 16.2635 16.2635 0
      vertex 17.2923 15.165 6
      vertex 17.2923 15.165 0
    endloop
  endfacet
  facet normal 0.849194 0.52808 0
    outer loop
      vertex 19.9186 11.5 6
      vertex 19.1238 12.7781 0
      vertex 19.1238 12.7781 6
    endloop
  endfacet
  facet normal 0.849194 0.52808 0
    outer loop
      vertex 19.1238 12.7781 0
      vertex 19.9186 11.5 6
      vertex 19.9186 11.5 0
    endloop
  endfacet
  facet normal 0.290284 0.956941 -0
    outer loop
      vertex 7.39311 21.7794 0
      vertex 5.95284 22.2163 6
      vertex 7.39311 21.7794 6
    endloop
  endfacet
  facet normal 0.290284 0.956941 0
    outer loop
      vertex 5.95284 22.2163 6
      vertex 7.39311 21.7794 0
      vertex 5.95284 22.2163 0
    endloop
  endfacet
  facet normal 0.352271 0.935898 -0
    outer loop
      vertex 8.80172 21.2492 0
      vertex 7.39311 21.7794 6
      vertex 8.80172 21.2492 6
    endloop
  endfacet
  facet normal 0.352271 0.935898 0
    outer loop
      vertex 7.39311 21.7794 6
      vertex 8.80172 21.2492 0
      vertex 7.39311 21.7794 0
    endloop
  endfacet
  facet normal 0.162849 0.986651 -0
    outer loop
      vertex 4.48708 22.5581 0
      vertex 3.0021 22.8032 6
      vertex 4.48708 22.5581 6
    endloop
  endfacet
  facet normal 0.162849 0.986651 0
    outer loop
      vertex 3.0021 22.8032 6
      vertex 4.48708 22.5581 0
      vertex 3.0021 22.8032 0
    endloop
  endfacet
  facet normal 0.0980676 0.99518 -0
    outer loop
      vertex 3.0021 22.8032 0
      vertex 1.50427 22.9508 6
      vertex 3.0021 22.8032 6
    endloop
  endfacet
  facet normal 0.0980676 0.99518 0
    outer loop
      vertex 1.50427 22.9508 6
      vertex 3.0021 22.8032 0
      vertex 1.50427 22.9508 0
    endloop
  endfacet
  facet normal 0.582488 0.812839 -0
    outer loop
      vertex 14.0015 18.2471 0
      vertex 12.7781 19.1238 6
      vertex 14.0015 18.2471 6
    endloop
  endfacet
  facet normal 0.582488 0.812839 0
    outer loop
      vertex 12.7781 19.1238 6
      vertex 14.0015 18.2471 0
      vertex 12.7781 19.1238 0
    endloop
  endfacet
  facet normal -0.77303 0.63437 0
    outer loop
      vertex -18.2471 14.0015 0
      vertex -17.2923 15.165 6
      vertex -17.2923 15.165 0
    endloop
  endfacet
  facet normal -0.77303 0.63437 0
    outer loop
      vertex -17.2923 15.165 6
      vertex -18.2471 14.0015 0
      vertex -18.2471 14.0015 6
    endloop
  endfacet
  facet normal -0.881924 0.471392 0
    outer loop
      vertex -20.6281 10.1726 0
      vertex -19.9186 11.5 6
      vertex -19.9186 11.5 0
    endloop
  endfacet
  facet normal -0.881924 0.471392 0
    outer loop
      vertex -19.9186 11.5 6
      vertex -20.6281 10.1726 0
      vertex -20.6281 10.1726 6
    endloop
  endfacet
  facet normal -0.849194 0.52808 0
    outer loop
      vertex -19.9186 11.5 0
      vertex -19.1238 12.7781 6
      vertex -19.1238 12.7781 0
    endloop
  endfacet
  facet normal -0.849194 0.52808 0
    outer loop
      vertex -19.1238 12.7781 6
      vertex -19.9186 11.5 0
      vertex -19.9186 11.5 6
    endloop
  endfacet
  facet normal -0.956941 0.290284 0
    outer loop
      vertex -22.2163 5.95284 0
      vertex -21.7794 7.39311 6
      vertex -21.7794 7.39311 0
    endloop
  endfacet
  facet normal -0.956941 0.290284 0
    outer loop
      vertex -21.7794 7.39311 6
      vertex -22.2163 5.95284 0
      vertex -22.2163 5.95284 6
    endloop
  endfacet
  facet normal -0.935898 0.352271 0
    outer loop
      vertex -21.7794 7.39311 0
      vertex -21.2492 8.80172 6
      vertex -21.2492 8.80172 0
    endloop
  endfacet
  facet normal -0.935898 0.352271 0
    outer loop
      vertex -21.2492 8.80172 6
      vertex -21.7794 7.39311 0
      vertex -21.7794 7.39311 6
    endloop
  endfacet
  facet normal -0.986651 0.162849 0
    outer loop
      vertex -22.8032 3.0021 0
      vertex -22.5581 4.48708 6
      vertex -22.5581 4.48708 0
    endloop
  endfacet
  facet normal -0.986651 0.162849 0
    outer loop
      vertex -22.5581 4.48708 6
      vertex -22.8032 3.0021 0
      vertex -22.8032 3.0021 6
    endloop
  endfacet
  facet normal -0.99518 0.0980676 0
    outer loop
      vertex -22.9508 1.50427 0
      vertex -22.8032 3.0021 6
      vertex -22.8032 3.0021 0
    endloop
  endfacet
  facet normal -0.99518 0.0980676 0
    outer loop
      vertex -22.8032 3.0021 6
      vertex -22.9508 1.50427 0
      vertex -22.9508 1.50427 6
    endloop
  endfacet
  facet normal -0.471392 0.881924 0
    outer loop
      vertex -10.1726 20.6281 0
      vertex -11.5 19.9186 6
      vertex -10.1726 20.6281 6
    endloop
  endfacet
  facet normal -0.471392 0.881924 0
    outer loop
      vertex -11.5 19.9186 6
      vertex -10.1726 20.6281 0
      vertex -11.5 19.9186 0
    endloop
  endfacet
  facet normal -0.582488 0.812839 0
    outer loop
      vertex -12.7781 19.1238 0
      vertex -14.0015 18.2471 6
      vertex -12.7781 19.1238 6
    endloop
  endfacet
  facet normal -0.582488 0.812839 0
    outer loop
      vertex -14.0015 18.2471 6
      vertex -12.7781 19.1238 0
      vertex -14.0015 18.2471 0
    endloop
  endfacet
  facet normal -0.63437 0.77303 0
    outer loop
      vertex -14.0015 18.2471 0
      vertex -15.165 17.2923 6
      vertex -14.0015 18.2471 6
    endloop
  endfacet
  facet normal -0.63437 0.77303 0
    outer loop
      vertex -15.165 17.2923 6
      vertex -14.0015 18.2471 0
      vertex -15.165 17.2923 0
    endloop
  endfacet
  facet normal -0.290284 0.956941 0
    outer loop
      vertex -5.95284 22.2163 0
      vertex -7.39311 21.7794 6
      vertex -5.95284 22.2163 6
    endloop
  endfacet
  facet normal -0.290284 0.956941 0
    outer loop
      vertex -7.39311 21.7794 6
      vertex -5.95284 22.2163 0
      vertex -7.39311 21.7794 0
    endloop
  endfacet
  facet normal -0.0980676 0.99518 0
    outer loop
      vertex -1.50427 22.9508 0
      vertex -3.0021 22.8032 6
      vertex -1.50427 22.9508 6
    endloop
  endfacet
  facet normal -0.0980676 0.99518 0
    outer loop
      vertex -3.0021 22.8032 6
      vertex -1.50427 22.9508 0
      vertex -3.0021 22.8032 0
    endloop
  endfacet
  facet normal 0.999466 -0.0326894 0
    outer loop
      vertex 22.9508 -1.50427 6
      vertex 23 0 0
      vertex 23 0 6
    endloop
  endfacet
  facet normal 0.999466 -0.0326894 0
    outer loop
      vertex 23 0 0
      vertex 22.9508 -1.50427 6
      vertex 22.9508 -1.50427 0
    endloop
  endfacet
  facet normal 0.0326894 -0.999466 0
    outer loop
      vertex 0 -23 0
      vertex 1.50427 -22.9508 6
      vertex 0 -23 6
    endloop
  endfacet
  facet normal 0.0326894 -0.999466 0
    outer loop
      vertex 1.50427 -22.9508 6
      vertex 0 -23 0
      vertex 1.50427 -22.9508 0
    endloop
  endfacet
  facet normal 0.162849 -0.986651 0
    outer loop
      vertex 3.0021 -22.8032 0
      vertex 4.48708 -22.5581 6
      vertex 3.0021 -22.8032 6
    endloop
  endfacet
  facet normal 0.162849 -0.986651 0
    outer loop
      vertex 4.48708 -22.5581 6
      vertex 3.0021 -22.8032 0
      vertex 4.48708 -22.5581 0
    endloop
  endfacet
  facet normal 0.352271 -0.935898 0
    outer loop
      vertex 7.39311 -21.7794 0
      vertex 8.80172 -21.2492 6
      vertex 7.39311 -21.7794 6
    endloop
  endfacet
  facet normal 0.352271 -0.935898 0
    outer loop
      vertex 8.80172 -21.2492 6
      vertex 7.39311 -21.7794 0
      vertex 8.80172 -21.2492 0
    endloop
  endfacet
  facet normal 0.683572 -0.729883 0
    outer loop
      vertex 15.165 -17.2923 0
      vertex 16.2635 -16.2635 6
      vertex 15.165 -17.2923 6
    endloop
  endfacet
  facet normal 0.683572 -0.729883 0
    outer loop
      vertex 16.2635 -16.2635 6
      vertex 15.165 -17.2923 0
      vertex 16.2635 -16.2635 0
    endloop
  endfacet
  facet normal 0.52808 -0.849194 0
    outer loop
      vertex 11.5 -19.9186 0
      vertex 12.7781 -19.1238 6
      vertex 11.5 -19.9186 6
    endloop
  endfacet
  facet normal 0.52808 -0.849194 0
    outer loop
      vertex 12.7781 -19.1238 6
      vertex 11.5 -19.9186 0
      vertex 12.7781 -19.1238 0
    endloop
  endfacet
  facet normal 0.812839 -0.582488 0
    outer loop
      vertex 18.2471 -14.0015 6
      vertex 19.1238 -12.7781 0
      vertex 19.1238 -12.7781 6
    endloop
  endfacet
  facet normal 0.812839 -0.582488 0
    outer loop
      vertex 19.1238 -12.7781 0
      vertex 18.2471 -14.0015 6
      vertex 18.2471 -14.0015 0
    endloop
  endfacet
  facet normal 0.910873 -0.412686 0
    outer loop
      vertex 20.6281 -10.1726 6
      vertex 21.2492 -8.80172 0
      vertex 21.2492 -8.80172 6
    endloop
  endfacet
  facet normal 0.910873 -0.412686 0
    outer loop
      vertex 21.2492 -8.80172 0
      vertex 20.6281 -10.1726 6
      vertex 20.6281 -10.1726 0
    endloop
  endfacet
  facet normal 0.956941 -0.290284 0
    outer loop
      vertex 21.7794 -7.39311 6
      vertex 22.2163 -5.95284 0
      vertex 22.2163 -5.95284 6
    endloop
  endfacet
  facet normal 0.956941 -0.290284 0
    outer loop
      vertex 22.2163 -5.95284 0
      vertex 21.7794 -7.39311 6
      vertex 21.7794 -7.39311 0
    endloop
  endfacet
  facet normal -0.63437 -0.77303 0
    outer loop
      vertex -15.165 -17.2923 0
      vertex -14.0015 -18.2471 6
      vertex -15.165 -17.2923 6
    endloop
  endfacet
  facet normal -0.63437 -0.77303 -0
    outer loop
      vertex -14.0015 -18.2471 6
      vertex -15.165 -17.2923 0
      vertex -14.0015 -18.2471 0
    endloop
  endfacet
  facet normal -0.412686 -0.910873 0
    outer loop
      vertex -10.1726 -20.6281 0
      vertex -8.80172 -21.2492 6
      vertex -10.1726 -20.6281 6
    endloop
  endfacet
  facet normal -0.412686 -0.910873 -0
    outer loop
      vertex -8.80172 -21.2492 6
      vertex -10.1726 -20.6281 0
      vertex -8.80172 -21.2492 0
    endloop
  endfacet
  facet normal -0.52808 -0.849194 0
    outer loop
      vertex -12.7781 -19.1238 0
      vertex -11.5 -19.9186 6
      vertex -12.7781 -19.1238 6
    endloop
  endfacet
  facet normal -0.52808 -0.849194 -0
    outer loop
      vertex -11.5 -19.9186 6
      vertex -12.7781 -19.1238 0
      vertex -11.5 -19.9186 0
    endloop
  endfacet
  facet normal -0.352271 -0.935898 0
    outer loop
      vertex -8.80172 -21.2492 0
      vertex -7.39311 -21.7794 6
      vertex -8.80172 -21.2492 6
    endloop
  endfacet
  facet normal -0.352271 -0.935898 -0
    outer loop
      vertex -7.39311 -21.7794 6
      vertex -8.80172 -21.2492 0
      vertex -7.39311 -21.7794 0
    endloop
  endfacet
  facet normal -0.227097 -0.973872 0
    outer loop
      vertex -5.95284 -22.2163 0
      vertex -4.48708 -22.5581 6
      vertex -5.95284 -22.2163 6
    endloop
  endfacet
  facet normal -0.227097 -0.973872 -0
    outer loop
      vertex -4.48708 -22.5581 6
      vertex -5.95284 -22.2163 0
      vertex -4.48708 -22.5581 0
    endloop
  endfacet
  facet normal -0.162849 -0.986651 0
    outer loop
      vertex -4.48708 -22.5581 0
      vertex -3.0021 -22.8032 6
      vertex -4.48708 -22.5581 6
    endloop
  endfacet
  facet normal -0.162849 -0.986651 -0
    outer loop
      vertex -3.0021 -22.8032 6
      vertex -4.48708 -22.5581 0
      vertex -3.0021 -22.8032 0
    endloop
  endfacet
  facet normal -0.0326894 -0.999466 0
    outer loop
      vertex -1.50427 -22.9508 0
      vertex 0 -23 6
      vertex -1.50427 -22.9508 6
    endloop
  endfacet
  facet normal -0.0326894 -0.999466 -0
    outer loop
      vertex 0 -23 6
      vertex -1.50427 -22.9508 0
      vertex 0 -23 0
    endloop
  endfacet
  facet normal -0.881924 -0.471392 0
    outer loop
      vertex -19.9186 -11.5 0
      vertex -20.6281 -10.1726 6
      vertex -20.6281 -10.1726 0
    endloop
  endfacet
  facet normal -0.881924 -0.471392 0
    outer loop
      vertex -20.6281 -10.1726 6
      vertex -19.9186 -11.5 0
      vertex -19.9186 -11.5 6
    endloop
  endfacet
  facet normal -0.812839 -0.582488 0
    outer loop
      vertex -18.2471 -14.0015 0
      vertex -19.1238 -12.7781 6
      vertex -19.1238 -12.7781 0
    endloop
  endfacet
  facet normal -0.812839 -0.582488 0
    outer loop
      vertex -19.1238 -12.7781 6
      vertex -18.2471 -14.0015 0
      vertex -18.2471 -14.0015 6
    endloop
  endfacet
  facet normal -0.956941 -0.290284 0
    outer loop
      vertex -21.7794 -7.39311 0
      vertex -22.2163 -5.95284 6
      vertex -22.2163 -5.95284 0
    endloop
  endfacet
  facet normal -0.956941 -0.290284 0
    outer loop
      vertex -22.2163 -5.95284 6
      vertex -21.7794 -7.39311 0
      vertex -21.7794 -7.39311 6
    endloop
  endfacet
  facet normal -0.99518 -0.0980676 0
    outer loop
      vertex -22.8032 -3.0021 0
      vertex -22.9508 -1.50427 6
      vertex -22.9508 -1.50427 0
    endloop
  endfacet
  facet normal -0.99518 -0.0980676 0
    outer loop
      vertex -22.9508 -1.50427 6
      vertex -22.8032 -3.0021 0
      vertex -22.8032 -3.0021 6
    endloop
  endfacet
  facet normal 0.0980676 -0.99518 0
    outer loop
      vertex 1.50427 -22.9508 0
      vertex 3.0021 -22.8032 6
      vertex 1.50427 -22.9508 6
    endloop
  endfacet
  facet normal 0.0980676 -0.99518 0
    outer loop
      vertex 3.0021 -22.8032 6
      vertex 1.50427 -22.9508 0
      vertex 3.0021 -22.8032 0
    endloop
  endfacet
  facet normal 0.227097 -0.973872 0
    outer loop
      vertex 4.48708 -22.5581 0
      vertex 5.95284 -22.2163 6
      vertex 4.48708 -22.5581 6
    endloop
  endfacet
  facet normal 0.227097 -0.973872 0
    outer loop
      vertex 5.95284 -22.2163 6
      vertex 4.48708 -22.5581 0
      vertex 5.95284 -22.2163 0
    endloop
  endfacet
  facet normal 0.412686 -0.910873 0
    outer loop
      vertex 8.80172 -21.2492 0
      vertex 10.1726 -20.6281 6
      vertex 8.80172 -21.2492 6
    endloop
  endfacet
  facet normal 0.412686 -0.910873 0
    outer loop
      vertex 10.1726 -20.6281 6
      vertex 8.80172 -21.2492 0
      vertex 10.1726 -20.6281 0
    endloop
  endfacet
  facet normal 0.582488 -0.812839 0
    outer loop
      vertex 12.7781 -19.1238 0
      vertex 14.0015 -18.2471 6
      vertex 12.7781 -19.1238 6
    endloop
  endfacet
  facet normal 0.582488 -0.812839 0
    outer loop
      vertex 14.0015 -18.2471 6
      vertex 12.7781 -19.1238 0
      vertex 14.0015 -18.2471 0
    endloop
  endfacet
  facet normal 0.849194 -0.52808 0
    outer loop
      vertex 19.1238 -12.7781 6
      vertex 19.9186 -11.5 0
      vertex 19.9186 -11.5 6
    endloop
  endfacet
  facet normal 0.849194 -0.52808 0
    outer loop
      vertex 19.9186 -11.5 0
      vertex 19.1238 -12.7781 6
      vertex 19.1238 -12.7781 0
    endloop
  endfacet
  facet normal 0.935898 -0.352271 0
    outer loop
      vertex 21.2492 -8.80172 6
      vertex 21.7794 -7.39311 0
      vertex 21.7794 -7.39311 6
    endloop
  endfacet
  facet normal 0.935898 -0.352271 0
    outer loop
      vertex 21.7794 -7.39311 0
      vertex 21.2492 -8.80172 6
      vertex 21.2492 -8.80172 0
    endloop
  endfacet
  facet normal 0.973872 -0.227097 0
    outer loop
      vertex 22.2163 -5.95284 6
      vertex 22.5581 -4.48708 0
      vertex 22.5581 -4.48708 6
    endloop
  endfacet
  facet normal 0.973872 -0.227097 0
    outer loop
      vertex 22.5581 -4.48708 0
      vertex 22.2163 -5.95284 6
      vertex 22.2163 -5.95284 0
    endloop
  endfacet
  facet normal -0.582488 -0.812839 0
    outer loop
      vertex -14.0015 -18.2471 0
      vertex -12.7781 -19.1238 6
      vertex -14.0015 -18.2471 6
    endloop
  endfacet
  facet normal -0.582488 -0.812839 -0
    outer loop
      vertex -12.7781 -19.1238 6
      vertex -14.0015 -18.2471 0
      vertex -12.7781 -19.1238 0
    endloop
  endfacet
  facet normal -0.471392 -0.881924 0
    outer loop
      vertex -11.5 -19.9186 0
      vertex -10.1726 -20.6281 6
      vertex -11.5 -19.9186 6
    endloop
  endfacet
  facet normal -0.471392 -0.881924 -0
    outer loop
      vertex -10.1726 -20.6281 6
      vertex -11.5 -19.9186 0
      vertex -10.1726 -20.6281 0
    endloop
  endfacet
  facet normal -0.290284 -0.956941 0
    outer loop
      vertex -7.39311 -21.7794 0
      vertex -5.95284 -22.2163 6
      vertex -7.39311 -21.7794 6
    endloop
  endfacet
  facet normal -0.290284 -0.956941 -0
    outer loop
      vertex -5.95284 -22.2163 6
      vertex -7.39311 -21.7794 0
      vertex -5.95284 -22.2163 0
    endloop
  endfacet
  facet normal -0.0980676 -0.99518 0
    outer loop
      vertex -3.0021 -22.8032 0
      vertex -1.50427 -22.9508 6
      vertex -3.0021 -22.8032 6
    endloop
  endfacet
  facet normal -0.0980676 -0.99518 -0
    outer loop
      vertex -1.50427 -22.9508 6
      vertex -3.0021 -22.8032 0
      vertex -1.50427 -22.9508 0
    endloop
  endfacet
  facet normal -0.849194 -0.52808 0
    outer loop
      vertex -19.1238 -12.7781 0
      vertex -19.9186 -11.5 6
      vertex -19.9186 -11.5 0
    endloop
  endfacet
  facet normal -0.849194 -0.52808 0
    outer loop
      vertex -19.9186 -11.5 6
      vertex -19.1238 -12.7781 0
      vertex -19.1238 -12.7781 6
    endloop
  endfacet
  facet normal -0.77303 -0.63437 0
    outer loop
      vertex -17.2923 -15.165 0
      vertex -18.2471 -14.0015 6
      vertex -18.2471 -14.0015 0
    endloop
  endfacet
  facet normal -0.77303 -0.63437 0
    outer loop
      vertex -18.2471 -14.0015 6
      vertex -17.2923 -15.165 0
      vertex -17.2923 -15.165 6
    endloop
  endfacet
  facet normal -0.935898 -0.352271 0
    outer loop
      vertex -21.2492 -8.80172 0
      vertex -21.7794 -7.39311 6
      vertex -21.7794 -7.39311 0
    endloop
  endfacet
  facet normal -0.935898 -0.352271 0
    outer loop
      vertex -21.7794 -7.39311 6
      vertex -21.2492 -8.80172 0
      vertex -21.2492 -8.80172 6
    endloop
  endfacet
  facet normal -0.986651 -0.162849 0
    outer loop
      vertex -22.5581 -4.48708 0
      vertex -22.8032 -3.0021 6
      vertex -22.8032 -3.0021 0
    endloop
  endfacet
  facet normal -0.986651 -0.162849 0
    outer loop
      vertex -22.8032 -3.0021 6
      vertex -22.5581 -4.48708 0
      vertex -22.5581 -4.48708 6
    endloop
  endfacet
  facet normal 0.986651 -0.162849 0
    outer loop
      vertex 22.5581 -4.48708 6
      vertex 22.8032 -3.0021 0
      vertex 22.8032 -3.0021 6
    endloop
  endfacet
  facet normal 0.986651 -0.162849 0
    outer loop
      vertex 22.8032 -3.0021 0
      vertex 22.5581 -4.48708 6
      vertex 22.5581 -4.48708 0
    endloop
  endfacet
  facet normal 0.999465 0.0327027 0
    outer loop
      vertex 20 0 125
      vertex 19.9572 1.30806 122.5
      vertex 19.9572 1.30806 125
    endloop
  endfacet
  facet normal 0.999465 0.0327027 0
    outer loop
      vertex 19.9572 1.30806 122.5
      vertex 20 0 125
      vertex 20 0 122.5
    endloop
  endfacet
  facet normal 0.999465 0.0327027 -0
    outer loop
      vertex 20 0 105
      vertex 19.9572 1.30806 106
      vertex 20 0 106
    endloop
  endfacet
  facet normal 0.999465 0.0327027 0
    outer loop
      vertex 19.9572 1.30806 106
      vertex 20 0 105
      vertex 19.9572 1.30806 6
    endloop
  endfacet
  facet normal 0.999465 0.0327027 0
    outer loop
      vertex 19.9572 1.30806 6
      vertex 20 0 105
      vertex 20 0 6
    endloop
  endfacet
  facet normal 0.999465 0.0327027 0
    outer loop
      vertex 20 0 117.5
      vertex 19.9572 1.30806 115
      vertex 19.9572 1.30806 117.5
    endloop
  endfacet
  facet normal 0.999465 0.0327027 -0
    outer loop
      vertex 20 0 115.01
      vertex 19.9572 1.30806 115
      vertex 20 0 117.5
    endloop
  endfacet
  facet normal 0.999465 0.0327027 0
    outer loop
      vertex 19.9572 1.30806 115
      vertex 20 0 115.01
      vertex 20 0 115
    endloop
  endfacet
  facet normal -0.999465 0.0327027 0
    outer loop
      vertex -20 0 122.5
      vertex -19.9572 1.30806 125
      vertex -19.9572 1.30806 122.5
    endloop
  endfacet
  facet normal -0.999465 0.0327027 0
    outer loop
      vertex -19.9572 1.30806 125
      vertex -20 0 122.5
      vertex -20 0 125
    endloop
  endfacet
  facet normal -0.999465 0.0327027 0
    outer loop
      vertex -20 0 6
      vertex -19.9572 1.30806 106
      vertex -19.9572 1.30806 6
    endloop
  endfacet
  facet normal -0.999465 0.0327027 0
    outer loop
      vertex -19.9572 1.30806 106
      vertex -20 0 6
      vertex -20 0 106
    endloop
  endfacet
  facet normal -0.999465 0.0327027 0
    outer loop
      vertex -20 0 115
      vertex -19.9572 1.30806 117.5
      vertex -19.9572 1.30806 115
    endloop
  endfacet
  facet normal -0.999465 0.0327027 0
    outer loop
      vertex -19.9572 1.30806 117.5
      vertex -20 0 115
      vertex -20 0 117.5
    endloop
  endfacet
  facet normal 0.0327027 0.999465 -0
    outer loop
      vertex 1.30806 19.9572 122.5
      vertex 0 20 125
      vertex 1.30806 19.9572 125
    endloop
  endfacet
  facet normal 0.0327027 0.999465 0
    outer loop
      vertex 0 20 125
      vertex 1.30806 19.9572 122.5
      vertex 0 20 122.5
    endloop
  endfacet
  facet normal 0.0327027 0.999465 -0
    outer loop
      vertex 1.30806 19.9572 6
      vertex 0 20 106
      vertex 1.30806 19.9572 106
    endloop
  endfacet
  facet normal 0.0327027 0.999465 0
    outer loop
      vertex 0 20 106
      vertex 1.30806 19.9572 6
      vertex 0 20 6
    endloop
  endfacet
  facet normal 0.0327027 0.999465 -0
    outer loop
      vertex 1.30806 19.9572 115
      vertex 0 20 117.5
      vertex 1.30806 19.9572 117.5
    endloop
  endfacet
  facet normal 0.0327027 0.999465 0
    outer loop
      vertex 0 20 117.5
      vertex 1.30806 19.9572 115
      vertex 0 20 115
    endloop
  endfacet
  facet normal -0.0327027 -0.999465 0
    outer loop
      vertex -1.30806 -19.9572 122.5
      vertex 0 -20 125
      vertex -1.30806 -19.9572 125
    endloop
  endfacet
  facet normal -0.0327027 -0.999465 -0
    outer loop
      vertex 0 -20 125
      vertex -1.30806 -19.9572 122.5
      vertex 0 -20 122.5
    endloop
  endfacet
  facet normal -0.0327027 -0.999465 0
    outer loop
      vertex -1.30806 -19.9572 6
      vertex 0 -20 106
      vertex -1.30806 -19.9572 106
    endloop
  endfacet
  facet normal -0.0327027 -0.999465 -0
    outer loop
      vertex 0 -20 106
      vertex -1.30806 -19.9572 6
      vertex 0 -20 6
    endloop
  endfacet
  facet normal -0.0327027 -0.999465 0
    outer loop
      vertex -1.30806 -19.9572 115
      vertex 0 -20 117.5
      vertex -1.30806 -19.9572 117.5
    endloop
  endfacet
  facet normal -0.0327027 -0.999465 -0
    outer loop
      vertex 0 -20 117.5
      vertex -1.30806 -19.9572 115
      vertex 0 -20 115
    endloop
  endfacet
  facet normal 0.729842 0.683616 0
    outer loop
      vertex 15.0368 13.1869 125
      vertex 14.1421 14.1421 122.5
      vertex 14.1421 14.1421 125
    endloop
  endfacet
  facet normal 0.729842 0.683616 0
    outer loop
      vertex 14.1421 14.1421 122.5
      vertex 15.0368 13.1869 125
      vertex 15.0368 13.1869 122.5
    endloop
  endfacet
  facet normal 0.729842 0.683616 0
    outer loop
      vertex 15.0368 13.1869 106
      vertex 14.1421 14.1421 6
      vertex 14.1421 14.1421 106
    endloop
  endfacet
  facet normal 0.729842 0.683616 0
    outer loop
      vertex 14.1421 14.1421 6
      vertex 15.0368 13.1869 106
      vertex 15.0368 13.1869 6
    endloop
  endfacet
  facet normal 0.729842 0.683616 0
    outer loop
      vertex 15.0368 13.1869 117.5
      vertex 14.1421 14.1421 115
      vertex 14.1421 14.1421 117.5
    endloop
  endfacet
  facet normal 0.729842 0.683616 0
    outer loop
      vertex 14.1421 14.1421 115
      vertex 15.0368 13.1869 117.5
      vertex 15.0368 13.1869 115
    endloop
  endfacet
  facet normal -0.683616 0.729842 0
    outer loop
      vertex -13.1869 15.0368 122.5
      vertex -14.1421 14.1421 125
      vertex -13.1869 15.0368 125
    endloop
  endfacet
  facet normal -0.683616 0.729842 0
    outer loop
      vertex -14.1421 14.1421 125
      vertex -13.1869 15.0368 122.5
      vertex -14.1421 14.1421 122.5
    endloop
  endfacet
  facet normal -0.683616 0.729842 0
    outer loop
      vertex -13.1869 15.0368 6
      vertex -14.1421 14.1421 106
      vertex -13.1869 15.0368 106
    endloop
  endfacet
  facet normal -0.683616 0.729842 0
    outer loop
      vertex -14.1421 14.1421 106
      vertex -13.1869 15.0368 6
      vertex -14.1421 14.1421 6
    endloop
  endfacet
  facet normal -0.683616 0.729842 0
    outer loop
      vertex -13.1869 15.0368 115
      vertex -14.1421 14.1421 117.5
      vertex -13.1869 15.0368 117.5
    endloop
  endfacet
  facet normal -0.683616 0.729842 0
    outer loop
      vertex -14.1421 14.1421 117.5
      vertex -13.1869 15.0368 115
      vertex -14.1421 14.1421 115
    endloop
  endfacet
  facet normal -0.352242 0.935909 0
    outer loop
      vertex -6.42879 18.9386 122.5
      vertex -7.65367 18.4776 125
      vertex -6.42879 18.9386 125
    endloop
  endfacet
  facet normal -0.352242 0.935909 0
    outer loop
      vertex -7.65367 18.4776 125
      vertex -6.42879 18.9386 122.5
      vertex -7.65367 18.4776 122.5
    endloop
  endfacet
  facet normal -0.352242 0.935909 0
    outer loop
      vertex -6.42879 18.9386 6
      vertex -7.65367 18.4776 106
      vertex -6.42879 18.9386 106
    endloop
  endfacet
  facet normal -0.352242 0.935909 0
    outer loop
      vertex -7.65367 18.4776 106
      vertex -6.42879 18.9386 6
      vertex -7.65367 18.4776 6
    endloop
  endfacet
  facet normal -0.352242 0.935909 0
    outer loop
      vertex -6.42879 18.9386 115
      vertex -7.65367 18.4776 117.5
      vertex -6.42879 18.9386 117.5
    endloop
  endfacet
  facet normal -0.352242 0.935909 0
    outer loop
      vertex -7.65367 18.4776 117.5
      vertex -6.42879 18.9386 115
      vertex -7.65367 18.4776 115
    endloop
  endfacet
  facet normal 0.935909 0.352242 0
    outer loop
      vertex 18.9386 6.42879 125
      vertex 18.4776 7.65367 122.5
      vertex 18.4776 7.65367 125
    endloop
  endfacet
  facet normal 0.935909 0.352242 0
    outer loop
      vertex 18.4776 7.65367 122.5
      vertex 18.9386 6.42879 125
      vertex 18.9386 6.42879 122.5
    endloop
  endfacet
  facet normal 0.935909 0.352242 0
    outer loop
      vertex 18.9386 6.42879 106
      vertex 18.4776 7.65367 6
      vertex 18.4776 7.65367 106
    endloop
  endfacet
  facet normal 0.935909 0.352242 0
    outer loop
      vertex 18.4776 7.65367 6
      vertex 18.9386 6.42879 106
      vertex 18.9386 6.42879 6
    endloop
  endfacet
  facet normal 0.935909 0.352242 0
    outer loop
      vertex 18.9386 6.42879 117.5
      vertex 18.4776 7.65367 115
      vertex 18.4776 7.65367 117.5
    endloop
  endfacet
  facet normal 0.935909 0.352242 0
    outer loop
      vertex 18.4776 7.65367 115
      vertex 18.9386 6.42879 117.5
      vertex 18.9386 6.42879 115
    endloop
  endfacet
  facet normal 0.412686 0.910873 -0
    outer loop
      vertex 8.84577 17.9375 122.5
      vertex 7.65367 18.4776 125
      vertex 8.84577 17.9375 125
    endloop
  endfacet
  facet normal 0.412686 0.910873 0
    outer loop
      vertex 7.65367 18.4776 125
      vertex 8.84577 17.9375 122.5
      vertex 7.65367 18.4776 122.5
    endloop
  endfacet
  facet normal 0.412686 0.910873 -0
    outer loop
      vertex 8.84577 17.9375 6
      vertex 7.65367 18.4776 106
      vertex 8.84577 17.9375 106
    endloop
  endfacet
  facet normal 0.412686 0.910873 0
    outer loop
      vertex 7.65367 18.4776 106
      vertex 8.84577 17.9375 6
      vertex 7.65367 18.4776 6
    endloop
  endfacet
  facet normal 0.412686 0.910873 -0
    outer loop
      vertex 8.84577 17.9375 115
      vertex 7.65367 18.4776 117.5
      vertex 8.84577 17.9375 117.5
    endloop
  endfacet
  facet normal 0.412686 0.910873 0
    outer loop
      vertex 7.65367 18.4776 117.5
      vertex 8.84577 17.9375 115
      vertex 7.65367 18.4776 115
    endloop
  endfacet
  facet normal 0.582474 0.81285 -0
    outer loop
      vertex 12.1752 15.8671 122.5
      vertex 11.1114 16.6294 125
      vertex 12.1752 15.8671 125
    endloop
  endfacet
  facet normal 0.582474 0.81285 0
    outer loop
      vertex 11.1114 16.6294 125
      vertex 12.1752 15.8671 122.5
      vertex 11.1114 16.6294 122.5
    endloop
  endfacet
  facet normal 0.582474 0.81285 -0
    outer loop
      vertex 12.1752 15.8671 6
      vertex 11.1114 16.6294 106
      vertex 12.1752 15.8671 106
    endloop
  endfacet
  facet normal 0.582474 0.81285 0
    outer loop
      vertex 11.1114 16.6294 106
      vertex 12.1752 15.8671 6
      vertex 11.1114 16.6294 6
    endloop
  endfacet
  facet normal 0.582474 0.81285 -0
    outer loop
      vertex 12.1752 15.8671 115
      vertex 11.1114 16.6294 117.5
      vertex 12.1752 15.8671 117.5
    endloop
  endfacet
  facet normal 0.582474 0.81285 0
    outer loop
      vertex 11.1114 16.6294 117.5
      vertex 12.1752 15.8671 115
      vertex 11.1114 16.6294 115
    endloop
  endfacet
  facet normal -0.910873 0.412686 0
    outer loop
      vertex -18.4776 7.65367 122.5
      vertex -17.9375 8.84577 125
      vertex -17.9375 8.84577 122.5
    endloop
  endfacet
  facet normal -0.910873 0.412686 0
    outer loop
      vertex -17.9375 8.84577 125
      vertex -18.4776 7.65367 122.5
      vertex -18.4776 7.65367 125
    endloop
  endfacet
  facet normal -0.910873 0.412686 0
    outer loop
      vertex -18.4776 7.65367 6
      vertex -17.9375 8.84577 106
      vertex -17.9375 8.84577 6
    endloop
  endfacet
  facet normal -0.910873 0.412686 0
    outer loop
      vertex -17.9375 8.84577 106
      vertex -18.4776 7.65367 6
      vertex -18.4776 7.65367 106
    endloop
  endfacet
  facet normal -0.910873 0.412686 0
    outer loop
      vertex -18.4776 7.65367 115
      vertex -17.9375 8.84577 117.5
      vertex -17.9375 8.84577 115
    endloop
  endfacet
  facet normal -0.910873 0.412686 0
    outer loop
      vertex -17.9375 8.84577 117.5
      vertex -18.4776 7.65367 115
      vertex -18.4776 7.65367 117.5
    endloop
  endfacet
  facet normal -0.773003 0.634402 0
    outer loop
      vertex -15.8671 12.1752 122.5
      vertex -15.0368 13.1869 125
      vertex -15.0368 13.1869 122.5
    endloop
  endfacet
  facet normal -0.773003 0.634402 0
    outer loop
      vertex -15.0368 13.1869 125
      vertex -15.8671 12.1752 122.5
      vertex -15.8671 12.1752 125
    endloop
  endfacet
  facet normal -0.773003 0.634402 0
    outer loop
      vertex -15.8671 12.1752 6
      vertex -15.0368 13.1869 106
      vertex -15.0368 13.1869 6
    endloop
  endfacet
  facet normal -0.773003 0.634402 0
    outer loop
      vertex -15.0368 13.1869 106
      vertex -15.8671 12.1752 6
      vertex -15.8671 12.1752 106
    endloop
  endfacet
  facet normal -0.773003 0.634402 0
    outer loop
      vertex -15.8671 12.1752 115
      vertex -15.0368 13.1869 117.5
      vertex -15.0368 13.1869 115
    endloop
  endfacet
  facet normal -0.773003 0.634402 0
    outer loop
      vertex -15.0368 13.1869 117.5
      vertex -15.8671 12.1752 115
      vertex -15.8671 12.1752 117.5
    endloop
  endfacet
  facet normal -0.162901 0.986642 0
    outer loop
      vertex -2.61052 19.8289 122.5
      vertex -3.90181 19.6157 125
      vertex -2.61052 19.8289 125
    endloop
  endfacet
  facet normal -0.162901 0.986642 0
    outer loop
      vertex -3.90181 19.6157 125
      vertex -2.61052 19.8289 122.5
      vertex -3.90181 19.6157 122.5
    endloop
  endfacet
  facet normal -0.162901 0.986642 0
    outer loop
      vertex -2.61052 19.8289 6
      vertex -3.90181 19.6157 106
      vertex -2.61052 19.8289 106
    endloop
  endfacet
  facet normal -0.162901 0.986642 0
    outer loop
      vertex -3.90181 19.6157 106
      vertex -2.61052 19.8289 6
      vertex -3.90181 19.6157 6
    endloop
  endfacet
  facet normal -0.162901 0.986642 0
    outer loop
      vertex -2.61052 19.8289 115
      vertex -3.90181 19.6157 117.5
      vertex -2.61052 19.8289 117.5
    endloop
  endfacet
  facet normal -0.162901 0.986642 0
    outer loop
      vertex -3.90181 19.6157 117.5
      vertex -2.61052 19.8289 115
      vertex -3.90181 19.6157 115
    endloop
  endfacet
  facet normal -0.773003 -0.634402 0
    outer loop
      vertex -15.0368 -13.1869 122.5
      vertex -15.8671 -12.1752 125
      vertex -15.8671 -12.1752 122.5
    endloop
  endfacet
  facet normal -0.773003 -0.634402 0
    outer loop
      vertex -15.8671 -12.1752 125
      vertex -15.0368 -13.1869 122.5
      vertex -15.0368 -13.1869 125
    endloop
  endfacet
  facet normal -0.773003 -0.634402 0
    outer loop
      vertex -15.0368 -13.1869 6
      vertex -15.8671 -12.1752 106
      vertex -15.8671 -12.1752 6
    endloop
  endfacet
  facet normal -0.773003 -0.634402 0
    outer loop
      vertex -15.8671 -12.1752 106
      vertex -15.0368 -13.1869 6
      vertex -15.0368 -13.1869 106
    endloop
  endfacet
  facet normal -0.773003 -0.634402 0
    outer loop
      vertex -15.0368 -13.1869 115
      vertex -15.8671 -12.1752 117.5
      vertex -15.8671 -12.1752 115
    endloop
  endfacet
  facet normal -0.773003 -0.634402 0
    outer loop
      vertex -15.8671 -12.1752 117.5
      vertex -15.0368 -13.1869 115
      vertex -15.0368 -13.1869 117.5
    endloop
  endfacet
  facet normal -0.995183 -0.0980314 0
    outer loop
      vertex -19.8289 -2.61052 122.5
      vertex -19.9572 -1.30806 125
      vertex -19.9572 -1.30806 122.5
    endloop
  endfacet
  facet normal -0.995183 -0.0980314 0
    outer loop
      vertex -19.9572 -1.30806 125
      vertex -19.8289 -2.61052 122.5
      vertex -19.8289 -2.61052 125
    endloop
  endfacet
  facet normal -0.995183 -0.0980314 0
    outer loop
      vertex -19.8289 -2.61052 6
      vertex -19.9572 -1.30806 106
      vertex -19.9572 -1.30806 6
    endloop
  endfacet
  facet normal -0.995183 -0.0980314 0
    outer loop
      vertex -19.9572 -1.30806 106
      vertex -19.8289 -2.61052 6
      vertex -19.8289 -2.61052 106
    endloop
  endfacet
  facet normal -0.995183 -0.0980314 0
    outer loop
      vertex -19.8289 -2.61052 115
      vertex -19.9572 -1.30806 117.5
      vertex -19.9572 -1.30806 115
    endloop
  endfacet
  facet normal -0.995183 -0.0980314 0
    outer loop
      vertex -19.9572 -1.30806 117.5
      vertex -19.8289 -2.61052 115
      vertex -19.8289 -2.61052 117.5
    endloop
  endfacet
  facet normal 0.986642 0.162901 0
    outer loop
      vertex 19.8289 2.61052 125
      vertex 19.6157 3.90181 122.5
      vertex 19.6157 3.90181 125
    endloop
  endfacet
  facet normal 0.986642 0.162901 0
    outer loop
      vertex 19.6157 3.90181 122.5
      vertex 19.8289 2.61052 125
      vertex 19.8289 2.61052 122.5
    endloop
  endfacet
  facet normal 0.986642 0.162901 0
    outer loop
      vertex 19.8289 2.61052 106
      vertex 19.6157 3.90181 6
      vertex 19.6157 3.90181 106
    endloop
  endfacet
  facet normal 0.986642 0.162901 0
    outer loop
      vertex 19.6157 3.90181 6
      vertex 19.8289 2.61052 106
      vertex 19.8289 2.61052 6
    endloop
  endfacet
  facet normal 0.986642 0.162901 0
    outer loop
      vertex 19.8289 2.61052 117.5
      vertex 19.6157 3.90181 115
      vertex 19.6157 3.90181 117.5
    endloop
  endfacet
  facet normal 0.986642 0.162901 0
    outer loop
      vertex 19.6157 3.90181 115
      vertex 19.8289 2.61052 117.5
      vertex 19.8289 2.61052 115
    endloop
  endfacet
  facet normal 0.995183 0.0980314 0
    outer loop
      vertex 19.9572 1.30806 125
      vertex 19.8289 2.61052 122.5
      vertex 19.8289 2.61052 125
    endloop
  endfacet
  facet normal 0.995183 0.0980314 0
    outer loop
      vertex 19.8289 2.61052 122.5
      vertex 19.9572 1.30806 125
      vertex 19.9572 1.30806 122.5
    endloop
  endfacet
  facet normal 0.995183 0.0980314 0
    outer loop
      vertex 19.9572 1.30806 106
      vertex 19.8289 2.61052 6
      vertex 19.8289 2.61052 106
    endloop
  endfacet
  facet normal 0.995183 0.0980314 0
    outer loop
      vertex 19.8289 2.61052 6
      vertex 19.9572 1.30806 106
      vertex 19.9572 1.30806 6
    endloop
  endfacet
  facet normal 0.995183 0.0980314 0
    outer loop
      vertex 19.9572 1.30806 117.5
      vertex 19.8289 2.61052 115
      vertex 19.8289 2.61052 117.5
    endloop
  endfacet
  facet normal 0.995183 0.0980314 0
    outer loop
      vertex 19.8289 2.61052 115
      vertex 19.9572 1.30806 117.5
      vertex 19.9572 1.30806 115
    endloop
  endfacet
  facet normal 0.849207 0.528061 0
    outer loop
      vertex 17.3205 10 125
      vertex 16.6294 11.1114 122.5
      vertex 16.6294 11.1114 125
    endloop
  endfacet
  facet normal 0.849207 0.528061 0
    outer loop
      vertex 16.6294 11.1114 122.5
      vertex 17.3205 10 125
      vertex 17.3205 10 122.5
    endloop
  endfacet
  facet normal 0.849207 0.528061 0
    outer loop
      vertex 17.3205 10 106
      vertex 16.6294 11.1114 6
      vertex 16.6294 11.1114 106
    endloop
  endfacet
  facet normal 0.849207 0.528061 0
    outer loop
      vertex 16.6294 11.1114 6
      vertex 17.3205 10 106
      vertex 17.3205 10 6
    endloop
  endfacet
  facet normal 0.849207 0.528061 0
    outer loop
      vertex 17.3205 10 117.5
      vertex 16.6294 11.1114 115
      vertex 16.6294 11.1114 117.5
    endloop
  endfacet
  facet normal 0.849207 0.528061 0
    outer loop
      vertex 16.6294 11.1114 115
      vertex 17.3205 10 117.5
      vertex 17.3205 10 115
    endloop
  endfacet
  facet normal 0.81285 0.582474 0
    outer loop
      vertex 16.6294 11.1114 125
      vertex 15.8671 12.1752 122.5
      vertex 15.8671 12.1752 125
    endloop
  endfacet
  facet normal 0.81285 0.582474 0
    outer loop
      vertex 15.8671 12.1752 122.5
      vertex 16.6294 11.1114 125
      vertex 16.6294 11.1114 122.5
    endloop
  endfacet
  facet normal 0.81285 0.582474 0
    outer loop
      vertex 16.6294 11.1114 106
      vertex 15.8671 12.1752 6
      vertex 15.8671 12.1752 106
    endloop
  endfacet
  facet normal 0.81285 0.582474 0
    outer loop
      vertex 15.8671 12.1752 6
      vertex 16.6294 11.1114 106
      vertex 16.6294 11.1114 6
    endloop
  endfacet
  facet normal 0.81285 0.582474 0
    outer loop
      vertex 16.6294 11.1114 117.5
      vertex 15.8671 12.1752 115
      vertex 15.8671 12.1752 117.5
    endloop
  endfacet
  facet normal 0.81285 0.582474 0
    outer loop
      vertex 15.8671 12.1752 115
      vertex 16.6294 11.1114 117.5
      vertex 16.6294 11.1114 115
    endloop
  endfacet
  facet normal 0.881905 0.471427 0
    outer loop
      vertex 17.9375 8.84577 125
      vertex 17.3205 10 122.5
      vertex 17.3205 10 125
    endloop
  endfacet
  facet normal 0.881905 0.471427 0
    outer loop
      vertex 17.3205 10 122.5
      vertex 17.9375 8.84577 125
      vertex 17.9375 8.84577 122.5
    endloop
  endfacet
  facet normal 0.881905 0.471427 0
    outer loop
      vertex 17.9375 8.84577 106
      vertex 17.3205 10 6
      vertex 17.3205 10 106
    endloop
  endfacet
  facet normal 0.881905 0.471427 0
    outer loop
      vertex 17.3205 10 6
      vertex 17.9375 8.84577 106
      vertex 17.9375 8.84577 6
    endloop
  endfacet
  facet normal 0.881905 0.471427 0
    outer loop
      vertex 17.9375 8.84577 117.5
      vertex 17.3205 10 115
      vertex 17.3205 10 117.5
    endloop
  endfacet
  facet normal 0.881905 0.471427 0
    outer loop
      vertex 17.3205 10 115
      vertex 17.9375 8.84577 117.5
      vertex 17.9375 8.84577 115
    endloop
  endfacet
  facet normal 0.290275 0.956943 -0
    outer loop
      vertex 6.42879 18.9386 122.5
      vertex 5.17638 19.3185 125
      vertex 6.42879 18.9386 125
    endloop
  endfacet
  facet normal 0.290275 0.956943 0
    outer loop
      vertex 5.17638 19.3185 125
      vertex 6.42879 18.9386 122.5
      vertex 5.17638 19.3185 122.5
    endloop
  endfacet
  facet normal 0.290275 0.956943 -0
    outer loop
      vertex 6.42879 18.9386 6
      vertex 5.17638 19.3185 106
      vertex 6.42879 18.9386 106
    endloop
  endfacet
  facet normal 0.290275 0.956943 0
    outer loop
      vertex 5.17638 19.3185 106
      vertex 6.42879 18.9386 6
      vertex 5.17638 19.3185 6
    endloop
  endfacet
  facet normal 0.290275 0.956943 -0
    outer loop
      vertex 6.42879 18.9386 115
      vertex 5.17638 19.3185 117.5
      vertex 6.42879 18.9386 117.5
    endloop
  endfacet
  facet normal 0.290275 0.956943 0
    outer loop
      vertex 5.17638 19.3185 117.5
      vertex 6.42879 18.9386 115
      vertex 5.17638 19.3185 115
    endloop
  endfacet
  facet normal 0.352242 0.935909 -0
    outer loop
      vertex 7.65367 18.4776 122.5
      vertex 6.42879 18.9386 125
      vertex 7.65367 18.4776 125
    endloop
  endfacet
  facet normal 0.352242 0.935909 0
    outer loop
      vertex 6.42879 18.9386 125
      vertex 7.65367 18.4776 122.5
      vertex 6.42879 18.9386 122.5
    endloop
  endfacet
  facet normal 0.352242 0.935909 -0
    outer loop
      vertex 7.65367 18.4776 6
      vertex 6.42879 18.9386 106
      vertex 7.65367 18.4776 106
    endloop
  endfacet
  facet normal 0.352242 0.935909 0
    outer loop
      vertex 6.42879 18.9386 106
      vertex 7.65367 18.4776 6
      vertex 6.42879 18.9386 6
    endloop
  endfacet
  facet normal 0.352242 0.935909 -0
    outer loop
      vertex 7.65367 18.4776 115
      vertex 6.42879 18.9386 117.5
      vertex 7.65367 18.4776 117.5
    endloop
  endfacet
  facet normal 0.352242 0.935909 0
    outer loop
      vertex 6.42879 18.9386 117.5
      vertex 7.65367 18.4776 115
      vertex 6.42879 18.9386 115
    endloop
  endfacet
  facet normal 0.528061 0.849207 -0
    outer loop
      vertex 11.1114 16.6294 122.5
      vertex 10 17.3205 125
      vertex 11.1114 16.6294 125
    endloop
  endfacet
  facet normal 0.528061 0.849207 0
    outer loop
      vertex 10 17.3205 125
      vertex 11.1114 16.6294 122.5
      vertex 10 17.3205 122.5
    endloop
  endfacet
  facet normal 0.528061 0.849207 -0
    outer loop
      vertex 11.1114 16.6294 6
      vertex 10 17.3205 106
      vertex 11.1114 16.6294 106
    endloop
  endfacet
  facet normal 0.528061 0.849207 0
    outer loop
      vertex 10 17.3205 106
      vertex 11.1114 16.6294 6
      vertex 10 17.3205 6
    endloop
  endfacet
  facet normal 0.528061 0.849207 -0
    outer loop
      vertex 11.1114 16.6294 115
      vertex 10 17.3205 117.5
      vertex 11.1114 16.6294 117.5
    endloop
  endfacet
  facet normal 0.528061 0.849207 0
    outer loop
      vertex 10 17.3205 117.5
      vertex 11.1114 16.6294 115
      vertex 10 17.3205 115
    endloop
  endfacet
  facet normal 0.634402 0.773003 -0
    outer loop
      vertex 13.1869 15.0368 122.5
      vertex 12.1752 15.8671 125
      vertex 13.1869 15.0368 125
    endloop
  endfacet
  facet normal 0.634402 0.773003 0
    outer loop
      vertex 12.1752 15.8671 125
      vertex 13.1869 15.0368 122.5
      vertex 12.1752 15.8671 122.5
    endloop
  endfacet
  facet normal 0.634402 0.773003 -0
    outer loop
      vertex 13.1869 15.0368 6
      vertex 12.1752 15.8671 106
      vertex 13.1869 15.0368 106
    endloop
  endfacet
  facet normal 0.634402 0.773003 0
    outer loop
      vertex 12.1752 15.8671 106
      vertex 13.1869 15.0368 6
      vertex 12.1752 15.8671 6
    endloop
  endfacet
  facet normal 0.634402 0.773003 -0
    outer loop
      vertex 13.1869 15.0368 115
      vertex 12.1752 15.8671 117.5
      vertex 13.1869 15.0368 117.5
    endloop
  endfacet
  facet normal 0.634402 0.773003 0
    outer loop
      vertex 12.1752 15.8671 117.5
      vertex 13.1869 15.0368 115
      vertex 12.1752 15.8671 115
    endloop
  endfacet
  facet normal -0.956943 0.290275 0
    outer loop
      vertex -19.3185 5.17638 122.5
      vertex -18.9386 6.42879 125
      vertex -18.9386 6.42879 122.5
    endloop
  endfacet
  facet normal -0.956943 0.290275 0
    outer loop
      vertex -18.9386 6.42879 125
      vertex -19.3185 5.17638 122.5
      vertex -19.3185 5.17638 125
    endloop
  endfacet
  facet normal -0.956943 0.290275 0
    outer loop
      vertex -19.3185 5.17638 6
      vertex -18.9386 6.42879 106
      vertex -18.9386 6.42879 6
    endloop
  endfacet
  facet normal -0.956943 0.290275 0
    outer loop
      vertex -18.9386 6.42879 106
      vertex -19.3185 5.17638 6
      vertex -19.3185 5.17638 106
    endloop
  endfacet
  facet normal -0.956943 0.290275 0
    outer loop
      vertex -19.3185 5.17638 115
      vertex -18.9386 6.42879 117.5
      vertex -18.9386 6.42879 115
    endloop
  endfacet
  facet normal -0.956943 0.290275 0
    outer loop
      vertex -18.9386 6.42879 117.5
      vertex -19.3185 5.17638 115
      vertex -19.3185 5.17638 117.5
    endloop
  endfacet
  facet normal -0.81285 0.582474 0
    outer loop
      vertex -16.6294 11.1114 122.5
      vertex -15.8671 12.1752 125
      vertex -15.8671 12.1752 122.5
    endloop
  endfacet
  facet normal -0.81285 0.582474 0
    outer loop
      vertex -15.8671 12.1752 125
      vertex -16.6294 11.1114 122.5
      vertex -16.6294 11.1114 125
    endloop
  endfacet
  facet normal -0.81285 0.582474 0
    outer loop
      vertex -16.6294 11.1114 6
      vertex -15.8671 12.1752 106
      vertex -15.8671 12.1752 6
    endloop
  endfacet
  facet normal -0.81285 0.582474 0
    outer loop
      vertex -15.8671 12.1752 106
      vertex -16.6294 11.1114 6
      vertex -16.6294 11.1114 106
    endloop
  endfacet
  facet normal -0.81285 0.582474 0
    outer loop
      vertex -16.6294 11.1114 115
      vertex -15.8671 12.1752 117.5
      vertex -15.8671 12.1752 115
    endloop
  endfacet
  facet normal -0.81285 0.582474 0
    outer loop
      vertex -15.8671 12.1752 117.5
      vertex -16.6294 11.1114 115
      vertex -16.6294 11.1114 117.5
    endloop
  endfacet
  facet normal -0.849207 0.528061 0
    outer loop
      vertex -17.3205 10 122.5
      vertex -16.6294 11.1114 125
      vertex -16.6294 11.1114 122.5
    endloop
  endfacet
  facet normal -0.849207 0.528061 0
    outer loop
      vertex -16.6294 11.1114 125
      vertex -17.3205 10 122.5
      vertex -17.3205 10 125
    endloop
  endfacet
  facet normal -0.849207 0.528061 0
    outer loop
      vertex -17.3205 10 6
      vertex -16.6294 11.1114 106
      vertex -16.6294 11.1114 6
    endloop
  endfacet
  facet normal -0.849207 0.528061 0
    outer loop
      vertex -16.6294 11.1114 106
      vertex -17.3205 10 6
      vertex -17.3205 10 106
    endloop
  endfacet
  facet normal -0.849207 0.528061 0
    outer loop
      vertex -17.3205 10 115
      vertex -16.6294 11.1114 117.5
      vertex -16.6294 11.1114 115
    endloop
  endfacet
  facet normal -0.849207 0.528061 0
    outer loop
      vertex -16.6294 11.1114 117.5
      vertex -17.3205 10 115
      vertex -17.3205 10 117.5
    endloop
  endfacet
  facet normal -0.935909 0.352242 0
    outer loop
      vertex -18.9386 6.42879 122.5
      vertex -18.4776 7.65367 125
      vertex -18.4776 7.65367 122.5
    endloop
  endfacet
  facet normal -0.935909 0.352242 0
    outer loop
      vertex -18.4776 7.65367 125
      vertex -18.9386 6.42879 122.5
      vertex -18.9386 6.42879 125
    endloop
  endfacet
  facet normal -0.935909 0.352242 0
    outer loop
      vertex -18.9386 6.42879 6
      vertex -18.4776 7.65367 106
      vertex -18.4776 7.65367 6
    endloop
  endfacet
  facet normal -0.935909 0.352242 0
    outer loop
      vertex -18.4776 7.65367 106
      vertex -18.9386 6.42879 6
      vertex -18.9386 6.42879 106
    endloop
  endfacet
  facet normal -0.935909 0.352242 0
    outer loop
      vertex -18.9386 6.42879 115
      vertex -18.4776 7.65367 117.5
      vertex -18.4776 7.65367 115
    endloop
  endfacet
  facet normal -0.935909 0.352242 0
    outer loop
      vertex -18.4776 7.65367 117.5
      vertex -18.9386 6.42879 115
      vertex -18.9386 6.42879 117.5
    endloop
  endfacet
  facet normal 0 0 1
    outer loop
      vertex 18 0 125
      vertex 20 0 125
      vertex 19.9572 1.30806 125
    endloop
  endfacet
  facet normal 0 0 1
    outer loop
      vertex 17.9615 1.17726 125
      vertex 19.9572 1.30806 125
      vertex 19.8289 2.61052 125
    endloop
  endfacet
  facet normal 0 0 1
    outer loop
      vertex 20 0 125
      vertex 18 0 125
      vertex 19.9572 -1.30806 125
    endloop
  endfacet
  facet normal 0 0 1
    outer loop
      vertex 17.846 2.34947 125
      vertex 19.8289 2.61052 125
      vertex 19.6157 3.90181 125
    endloop
  endfacet
  facet normal -0 0 1
    outer loop
      vertex 17.9615 -1.17726 125
      vertex 19.9572 -1.30806 125
      vertex 18 0 125
    endloop
  endfacet
  facet normal 0 0 1
    outer loop
      vertex 17.6541 3.51163 125
      vertex 19.6157 3.90181 125
      vertex 19.3185 5.17638 125
    endloop
  endfacet
  facet normal 0 0 1
    outer loop
      vertex 19.9572 -1.30806 125
      vertex 17.9615 -1.17726 125
      vertex 19.8289 -2.61052 125
    endloop
  endfacet
  facet normal 0 0 1
    outer loop
      vertex 17.3867 4.65874 125
      vertex 19.3185 5.17638 125
      vertex 18.9386 6.42879 125
    endloop
  endfacet
  facet normal -0 0 1
    outer loop
      vertex 17.846 -2.34947 125
      vertex 19.8289 -2.61052 125
      vertex 17.9615 -1.17726 125
    endloop
  endfacet
  facet normal 0 0 1
    outer loop
      vertex 17.0447 5.78591 125
      vertex 18.9386 6.42879 125
      vertex 18.4776 7.65367 125
    endloop
  endfacet
  facet normal 0 0 1
    outer loop
      vertex 19.8289 -2.61052 125
      vertex 17.846 -2.34947 125
      vertex 19.6157 -3.90181 125
    endloop
  endfacet
  facet normal -0 0 1
    outer loop
      vertex 17.6541 -3.51163 125
      vertex 19.6157 -3.90181 125
      vertex 17.846 -2.34947 125
    endloop
  endfacet
  facet normal 0 0 1
    outer loop
      vertex 19.9572 1.30806 125
      vertex 17.9615 1.17726 125
      vertex 18 0 125
    endloop
  endfacet
  facet normal 0 0 1
    outer loop
      vertex 16.6298 6.8883 125
      vertex 18.4776 7.65367 125
      vertex 17.9375 8.84577 125
    endloop
  endfacet
  facet normal 0 0 1
    outer loop
      vertex 19.8289 2.61052 125
      vertex 17.846 2.34947 125
      vertex 17.9615 1.17726 125
    endloop
  endfacet
  facet normal 0 0 1
    outer loop
      vertex 19.6157 3.90181 125
      vertex 17.6541 3.51163 125
      vertex 17.846 2.34947 125
    endloop
  endfacet
  facet normal 0 0 1
    outer loop
      vertex 19.3185 5.17638 125
      vertex 17.3867 4.65874 125
      vertex 17.6541 3.51163 125
    endloop
  endfacet
  facet normal 0 0 1
    outer loop
      vertex 16.1437 7.9612 125
      vertex 17.9375 8.84577 125
      vertex 17.3205 10 125
    endloop
  endfacet
  facet normal 0 0 1
    outer loop
      vertex 18.9386 6.42879 125
      vertex 17.0447 5.78591 125
      vertex 17.3867 4.65874 125
    endloop
  endfacet
  facet normal 0 0 1
    outer loop
      vertex 18.4776 7.65367 125
      vertex 16.6298 6.8883 125
      vertex 17.0447 5.78591 125
    endloop
  endfacet
  facet normal 0 0 1
    outer loop
      vertex 15.5885 9 125
      vertex 17.3205 10 125
      vertex 16.6294 11.1114 125
    endloop
  endfacet
  facet normal 0 0 1
    outer loop
      vertex 17.9375 8.84577 125
      vertex 16.1437 7.9612 125
      vertex 16.6298 6.8883 125
    endloop
  endfacet
  facet normal 0 0 1
    outer loop
      vertex 14.9665 10.0003 125
      vertex 16.6294 11.1114 125
      vertex 15.8671 12.1752 125
    endloop
  endfacet
  facet normal 0 0 1
    outer loop
      vertex 17.3205 10 125
      vertex 15.5885 9 125
      vertex 16.1437 7.9612 125
    endloop
  endfacet
  facet normal 0 0 1
    outer loop
      vertex 14.2804 10.9577 125
      vertex 15.8671 12.1752 125
      vertex 15.0368 13.1869 125
    endloop
  endfacet
  facet normal 0 0 1
    outer loop
      vertex 16.6294 11.1114 125
      vertex 14.9665 10.0003 125
      vertex 15.5885 9 125
    endloop
  endfacet
  facet normal 0 0 1
    outer loop
      vertex 15.8671 12.1752 125
      vertex 14.2804 10.9577 125
      vertex 14.9665 10.0003 125
    endloop
  endfacet
  facet normal 0 0 1
    outer loop
      vertex 13.5331 11.8682 125
      vertex 15.0368 13.1869 125
      vertex 14.1421 14.1421 125
    endloop
  endfacet
  facet normal 0 0 1
    outer loop
      vertex 15.0368 13.1869 125
      vertex 13.5331 11.8682 125
      vertex 14.2804 10.9577 125
    endloop
  endfacet
  facet normal 0 0 1
    outer loop
      vertex 12.7279 12.7279 125
      vertex 14.1421 14.1421 125
      vertex 13.1869 15.0368 125
    endloop
  endfacet
  facet normal 0 0 1
    outer loop
      vertex 14.1421 14.1421 125
      vertex 12.7279 12.7279 125
      vertex 13.5331 11.8682 125
    endloop
  endfacet
  facet normal 0 0 1
    outer loop
      vertex 11.8682 13.5331 125
      vertex 13.1869 15.0368 125
      vertex 12.1752 15.8671 125
    endloop
  endfacet
  facet normal 0 0 1
    outer loop
      vertex 13.1869 15.0368 125
      vertex 11.8682 13.5331 125
      vertex 12.7279 12.7279 125
    endloop
  endfacet
  facet normal 0 0 1
    outer loop
      vertex 10.9577 14.2804 125
      vertex 12.1752 15.8671 125
      vertex 11.1114 16.6294 125
    endloop
  endfacet
  facet normal 0 0 1
    outer loop
      vertex 12.1752 15.8671 125
      vertex 10.9577 14.2804 125
      vertex 11.8682 13.5331 125
    endloop
  endfacet
  facet normal 0 0 1
    outer loop
      vertex 11.1114 16.6294 125
      vertex 10.0003 14.9665 125
      vertex 10.9577 14.2804 125
    endloop
  endfacet
  facet normal 0 0 1
    outer loop
      vertex 10 17.3205 125
      vertex 10.0003 14.9665 125
      vertex 11.1114 16.6294 125
    endloop
  endfacet
  facet normal 0 0 1
    outer loop
      vertex 10 17.3205 125
      vertex 9 15.5885 125
      vertex 10.0003 14.9665 125
    endloop
  endfacet
  facet normal 0 0 1
    outer loop
      vertex 8.84577 17.9375 125
      vertex 9 15.5885 125
      vertex 10 17.3205 125
    endloop
  endfacet
  facet normal 0 0 1
    outer loop
      vertex 8.84577 17.9375 125
      vertex 7.9612 16.1437 125
      vertex 9 15.5885 125
    endloop
  endfacet
  facet normal 0 0 1
    outer loop
      vertex 7.65367 18.4776 125
      vertex 7.9612 16.1437 125
      vertex 8.84577 17.9375 125
    endloop
  endfacet
  facet normal 0 0 1
    outer loop
      vertex 7.65367 18.4776 125
      vertex 6.8883 16.6298 125
      vertex 7.9612 16.1437 125
    endloop
  endfacet
  facet normal 0 0 1
    outer loop
      vertex 6.42879 18.9386 125
      vertex 6.8883 16.6298 125
      vertex 7.65367 18.4776 125
    endloop
  endfacet
  facet normal 0 0 1
    outer loop
      vertex 6.42879 18.9386 125
      vertex 5.78591 17.0447 125
      vertex 6.8883 16.6298 125
    endloop
  endfacet
  facet normal 0 0 1
    outer loop
      vertex 5.17638 19.3185 125
      vertex 5.78591 17.0447 125
      vertex 6.42879 18.9386 125
    endloop
  endfacet
  facet normal 0 0 1
    outer loop
      vertex 5.17638 19.3185 125
      vertex 4.65874 17.3867 125
      vertex 5.78591 17.0447 125
    endloop
  endfacet
  facet normal 0 0 1
    outer loop
      vertex 3.90181 19.6157 125
      vertex 4.65874 17.3867 125
      vertex 5.17638 19.3185 125
    endloop
  endfacet
  facet normal 0 0 1
    outer loop
      vertex 3.90181 19.6157 125
      vertex 3.51163 17.6541 125
      vertex 4.65874 17.3867 125
    endloop
  endfacet
  facet normal 0 0 1
    outer loop
      vertex 2.61052 19.8289 125
      vertex 3.51163 17.6541 125
      vertex 3.90181 19.6157 125
    endloop
  endfacet
  facet normal 0 0 1
    outer loop
      vertex 2.61052 19.8289 125
      vertex 2.34947 17.846 125
      vertex 3.51163 17.6541 125
    endloop
  endfacet
  facet normal 0 0 1
    outer loop
      vertex 1.30806 19.9572 125
      vertex 2.34947 17.846 125
      vertex 2.61052 19.8289 125
    endloop
  endfacet
  facet normal 0 0 1
    outer loop
      vertex 1.30806 19.9572 125
      vertex 1.17726 17.9615 125
      vertex 2.34947 17.846 125
    endloop
  endfacet
  facet normal 0 0 1
    outer loop
      vertex 0 20 125
      vertex 1.17726 17.9615 125
      vertex 1.30806 19.9572 125
    endloop
  endfacet
  facet normal 0 0 1
    outer loop
      vertex 0 20 125
      vertex 0 18 125
      vertex 1.17726 17.9615 125
    endloop
  endfacet
  facet normal 0 0 1
    outer loop
      vertex 0 20 125
      vertex -1.17726 17.9615 125
      vertex 0 18 125
    endloop
  endfacet
  facet normal -0 0 1
    outer loop
      vertex -1.30806 19.9572 125
      vertex -1.17726 17.9615 125
      vertex 0 20 125
    endloop
  endfacet
  facet normal 0 0 1
    outer loop
      vertex -1.30806 19.9572 125
      vertex -2.34947 17.846 125
      vertex -1.17726 17.9615 125
    endloop
  endfacet
  facet normal -0 0 1
    outer loop
      vertex -2.61052 19.8289 125
      vertex -2.34947 17.846 125
      vertex -1.30806 19.9572 125
    endloop
  endfacet
  facet normal 0 0 1
    outer loop
      vertex -2.61052 19.8289 125
      vertex -3.51163 17.6541 125
      vertex -2.34947 17.846 125
    endloop
  endfacet
  facet normal -0 0 1
    outer loop
      vertex -3.90181 19.6157 125
      vertex -3.51163 17.6541 125
      vertex -2.61052 19.8289 125
    endloop
  endfacet
  facet normal 0 0 1
    outer loop
      vertex -3.90181 19.6157 125
      vertex -4.65874 17.3867 125
      vertex -3.51163 17.6541 125
    endloop
  endfacet
  facet normal -0 0 1
    outer loop
      vertex -5.17638 19.3185 125
      vertex -4.65874 17.3867 125
      vertex -3.90181 19.6157 125
    endloop
  endfacet
  facet normal 0 0 1
    outer loop
      vertex -5.17638 19.3185 125
      vertex -5.78591 17.0447 125
      vertex -4.65874 17.3867 125
    endloop
  endfacet
  facet normal -0 0 1
    outer loop
      vertex -6.42879 18.9386 125
      vertex -5.78591 17.0447 125
      vertex -5.17638 19.3185 125
    endloop
  endfacet
  facet normal 0 0 1
    outer loop
      vertex -6.42879 18.9386 125
      vertex -6.8883 16.6298 125
      vertex -5.78591 17.0447 125
    endloop
  endfacet
  facet normal -0 0 1
    outer loop
      vertex -7.65367 18.4776 125
      vertex -6.8883 16.6298 125
      vertex -6.42879 18.9386 125
    endloop
  endfacet
  facet normal 0 0 1
    outer loop
      vertex -7.65367 18.4776 125
      vertex -7.9612 16.1437 125
      vertex -6.8883 16.6298 125
    endloop
  endfacet
  facet normal -0 0 1
    outer loop
      vertex -8.84577 17.9375 125
      vertex -7.9612 16.1437 125
      vertex -7.65367 18.4776 125
    endloop
  endfacet
  facet normal 0 0 1
    outer loop
      vertex -8.84577 17.9375 125
      vertex -9 15.5885 125
      vertex -7.9612 16.1437 125
    endloop
  endfacet
  facet normal -0 0 1
    outer loop
      vertex -10 17.3205 125
      vertex -9 15.5885 125
      vertex -8.84577 17.9375 125
    endloop
  endfacet
  facet normal 0 0 1
    outer loop
      vertex -10 17.3205 125
      vertex -10.0003 14.9665 125
      vertex -9 15.5885 125
    endloop
  endfacet
  facet normal -0 0 1
    outer loop
      vertex -11.1114 16.6294 125
      vertex -10.0003 14.9665 125
      vertex -10 17.3205 125
    endloop
  endfacet
  facet normal 0 0 1
    outer loop
      vertex -10.0003 14.9665 125
      vertex -11.1114 16.6294 125
      vertex -10.9577 14.2804 125
    endloop
  endfacet
  facet normal -0 0 1
    outer loop
      vertex -12.1752 15.8671 125
      vertex -10.9577 14.2804 125
      vertex -11.1114 16.6294 125
    endloop
  endfacet
  facet normal 0 0 1
    outer loop
      vertex -10.9577 14.2804 125
      vertex -12.1752 15.8671 125
      vertex -11.8682 13.5331 125
    endloop
  endfacet
  facet normal -0 0 1
    outer loop
      vertex -13.1869 15.0368 125
      vertex -11.8682 13.5331 125
      vertex -12.1752 15.8671 125
    endloop
  endfacet
  facet normal 0 0 1
    outer loop
      vertex -11.8682 13.5331 125
      vertex -13.1869 15.0368 125
      vertex -12.7279 12.7279 125
    endloop
  endfacet
  facet normal -0 0 1
    outer loop
      vertex -14.1421 14.1421 125
      vertex -12.7279 12.7279 125
      vertex -13.1869 15.0368 125
    endloop
  endfacet
  facet normal 0 0 1
    outer loop
      vertex -12.7279 12.7279 125
      vertex -14.1421 14.1421 125
      vertex -13.5331 11.8682 125
    endloop
  endfacet
  facet normal -0 0 1
    outer loop
      vertex -15.0368 13.1869 125
      vertex -13.5331 11.8682 125
      vertex -14.1421 14.1421 125
    endloop
  endfacet
  facet normal 0 0 1
    outer loop
      vertex -13.5331 11.8682 125
      vertex -15.0368 13.1869 125
      vertex -14.2804 10.9577 125
    endloop
  endfacet
  facet normal -0 0 1
    outer loop
      vertex -15.8671 12.1752 125
      vertex -14.2804 10.9577 125
      vertex -15.0368 13.1869 125
    endloop
  endfacet
  facet normal 0 0 1
    outer loop
      vertex -14.2804 10.9577 125
      vertex -15.8671 12.1752 125
      vertex -14.9665 10.0003 125
    endloop
  endfacet
  facet normal -0 0 1
    outer loop
      vertex -16.6294 11.1114 125
      vertex -14.9665 10.0003 125
      vertex -15.8671 12.1752 125
    endloop
  endfacet
  facet normal 0 0 1
    outer loop
      vertex -14.9665 10.0003 125
      vertex -16.6294 11.1114 125
      vertex -15.5885 9 125
    endloop
  endfacet
  facet normal -0 0 1
    outer loop
      vertex -17.3205 10 125
      vertex -15.5885 9 125
      vertex -16.6294 11.1114 125
    endloop
  endfacet
  facet normal 0 0 1
    outer loop
      vertex -15.5885 9 125
      vertex -17.3205 10 125
      vertex -16.1437 7.9612 125
    endloop
  endfacet
  facet normal -0 0 1
    outer loop
      vertex -17.9375 8.84577 125
      vertex -16.1437 7.9612 125
      vertex -17.3205 10 125
    endloop
  endfacet
  facet normal 0 0 1
    outer loop
      vertex -16.1437 7.9612 125
      vertex -17.9375 8.84577 125
      vertex -16.6298 6.8883 125
    endloop
  endfacet
  facet normal -0 0 1
    outer loop
      vertex -18.4776 7.65367 125
      vertex -16.6298 6.8883 125
      vertex -17.9375 8.84577 125
    endloop
  endfacet
  facet normal 0 0 1
    outer loop
      vertex -16.6298 6.8883 125
      vertex -18.4776 7.65367 125
      vertex -17.0447 5.78591 125
    endloop
  endfacet
  facet normal -0 0 1
    outer loop
      vertex -18.9386 6.42879 125
      vertex -17.0447 5.78591 125
      vertex -18.4776 7.65367 125
    endloop
  endfacet
  facet normal 0 0 1
    outer loop
      vertex -17.0447 5.78591 125
      vertex -18.9386 6.42879 125
      vertex -17.3867 4.65874 125
    endloop
  endfacet
  facet normal -0 0 1
    outer loop
      vertex -19.3185 5.17638 125
      vertex -17.3867 4.65874 125
      vertex -18.9386 6.42879 125
    endloop
  endfacet
  facet normal 0 0 1
    outer loop
      vertex -17.3867 4.65874 125
      vertex -19.3185 5.17638 125
      vertex -17.6541 3.51163 125
    endloop
  endfacet
  facet normal -0 0 1
    outer loop
      vertex -19.6157 3.90181 125
      vertex -17.6541 3.51163 125
      vertex -19.3185 5.17638 125
    endloop
  endfacet
  facet normal 0 0 1
    outer loop
      vertex 19.6157 -3.90181 125
      vertex 17.6541 -3.51163 125
      vertex 19.3185 -5.17638 125
    endloop
  endfacet
  facet normal -0 0 1
    outer loop
      vertex 17.3867 -4.65874 125
      vertex 19.3185 -5.17638 125
      vertex 17.6541 -3.51163 125
    endloop
  endfacet
  facet normal 0 0 1
    outer loop
      vertex 19.3185 -5.17638 125
      vertex 17.3867 -4.65874 125
      vertex 18.9386 -6.42879 125
    endloop
  endfacet
  facet normal -0 0 1
    outer loop
      vertex 17.0447 -5.78591 125
      vertex 18.9386 -6.42879 125
      vertex 17.3867 -4.65874 125
    endloop
  endfacet
  facet normal 0 0 1
    outer loop
      vertex 18.9386 -6.42879 125
      vertex 17.0447 -5.78591 125
      vertex 18.4776 -7.65367 125
    endloop
  endfacet
  facet normal -0 0 1
    outer loop
      vertex 16.6298 -6.8883 125
      vertex 18.4776 -7.65367 125
      vertex 17.0447 -5.78591 125
    endloop
  endfacet
  facet normal 0 0 1
    outer loop
      vertex 18.4776 -7.65367 125
      vertex 16.6298 -6.8883 125
      vertex 17.9375 -8.84577 125
    endloop
  endfacet
  facet normal -0 0 1
    outer loop
      vertex 16.1437 -7.9612 125
      vertex 17.9375 -8.84577 125
      vertex 16.6298 -6.8883 125
    endloop
  endfacet
  facet normal 0 0 1
    outer loop
      vertex 17.9375 -8.84577 125
      vertex 16.1437 -7.9612 125
      vertex 17.3205 -10 125
    endloop
  endfacet
  facet normal -0 0 1
    outer loop
      vertex 15.5885 -9 125
      vertex 17.3205 -10 125
      vertex 16.1437 -7.9612 125
    endloop
  endfacet
  facet normal 0 0 1
    outer loop
      vertex 17.3205 -10 125
      vertex 15.5885 -9 125
      vertex 16.6294 -11.1114 125
    endloop
  endfacet
  facet normal -0 0 1
    outer loop
      vertex 14.9665 -10.0003 125
      vertex 16.6294 -11.1114 125
      vertex 15.5885 -9 125
    endloop
  endfacet
  facet normal 0 0 1
    outer loop
      vertex 16.6294 -11.1114 125
      vertex 14.9665 -10.0003 125
      vertex 15.8671 -12.1752 125
    endloop
  endfacet
  facet normal -0 0 1
    outer loop
      vertex 14.2804 -10.9577 125
      vertex 15.8671 -12.1752 125
      vertex 14.9665 -10.0003 125
    endloop
  endfacet
  facet normal 0 0 1
    outer loop
      vertex 15.8671 -12.1752 125
      vertex 14.2804 -10.9577 125
      vertex 15.0368 -13.1869 125
    endloop
  endfacet
  facet normal -0 0 1
    outer loop
      vertex 13.5331 -11.8682 125
      vertex 15.0368 -13.1869 125
      vertex 14.2804 -10.9577 125
    endloop
  endfacet
  facet normal 0 0 1
    outer loop
      vertex 15.0368 -13.1869 125
      vertex 13.5331 -11.8682 125
      vertex 14.1421 -14.1421 125
    endloop
  endfacet
  facet normal -0 0 1
    outer loop
      vertex 12.7279 -12.7279 125
      vertex 14.1421 -14.1421 125
      vertex 13.5331 -11.8682 125
    endloop
  endfacet
  facet normal 0 0 1
    outer loop
      vertex 14.1421 -14.1421 125
      vertex 12.7279 -12.7279 125
      vertex 13.1869 -15.0368 125
    endloop
  endfacet
  facet normal -0 0 1
    outer loop
      vertex 11.8682 -13.5331 125
      vertex 13.1869 -15.0368 125
      vertex 12.7279 -12.7279 125
    endloop
  endfacet
  facet normal 0 0 1
    outer loop
      vertex 13.1869 -15.0368 125
      vertex 11.8682 -13.5331 125
      vertex 12.1752 -15.8671 125
    endloop
  endfacet
  facet normal -0 0 1
    outer loop
      vertex 10.9577 -14.2804 125
      vertex 12.1752 -15.8671 125
      vertex 11.8682 -13.5331 125
    endloop
  endfacet
  facet normal 0 0 1
    outer loop
      vertex 12.1752 -15.8671 125
      vertex 10.9577 -14.2804 125
      vertex 11.1114 -16.6294 125
    endloop
  endfacet
  facet normal -0 0 1
    outer loop
      vertex 10.0003 -14.9665 125
      vertex 11.1114 -16.6294 125
      vertex 10.9577 -14.2804 125
    endloop
  endfacet
  facet normal 0 0 1
    outer loop
      vertex 10.0003 -14.9665 125
      vertex 10 -17.3205 125
      vertex 11.1114 -16.6294 125
    endloop
  endfacet
  facet normal -0 0 1
    outer loop
      vertex 9 -15.5885 125
      vertex 10 -17.3205 125
      vertex 10.0003 -14.9665 125
    endloop
  endfacet
  facet normal 0 0 1
    outer loop
      vertex 9 -15.5885 125
      vertex 8.84577 -17.9375 125
      vertex 10 -17.3205 125
    endloop
  endfacet
  facet normal -0 0 1
    outer loop
      vertex 7.9612 -16.1437 125
      vertex 8.84577 -17.9375 125
      vertex 9 -15.5885 125
    endloop
  endfacet
  facet normal 0 0 1
    outer loop
      vertex 7.9612 -16.1437 125
      vertex 7.65367 -18.4776 125
      vertex 8.84577 -17.9375 125
    endloop
  endfacet
  facet normal -0 0 1
    outer loop
      vertex 6.8883 -16.6298 125
      vertex 7.65367 -18.4776 125
      vertex 7.9612 -16.1437 125
    endloop
  endfacet
  facet normal 0 0 1
    outer loop
      vertex 6.8883 -16.6298 125
      vertex 6.42879 -18.9386 125
      vertex 7.65367 -18.4776 125
    endloop
  endfacet
  facet normal -0 0 1
    outer loop
      vertex 5.78591 -17.0447 125
      vertex 6.42879 -18.9386 125
      vertex 6.8883 -16.6298 125
    endloop
  endfacet
  facet normal 0 0 1
    outer loop
      vertex 5.78591 -17.0447 125
      vertex 5.17638 -19.3185 125
      vertex 6.42879 -18.9386 125
    endloop
  endfacet
  facet normal -0 0 1
    outer loop
      vertex 4.65874 -17.3867 125
      vertex 5.17638 -19.3185 125
      vertex 5.78591 -17.0447 125
    endloop
  endfacet
  facet normal 0 0 1
    outer loop
      vertex 4.65874 -17.3867 125
      vertex 3.90181 -19.6157 125
      vertex 5.17638 -19.3185 125
    endloop
  endfacet
  facet normal -0 0 1
    outer loop
      vertex 3.51163 -17.6541 125
      vertex 3.90181 -19.6157 125
      vertex 4.65874 -17.3867 125
    endloop
  endfacet
  facet normal 0 0 1
    outer loop
      vertex 3.51163 -17.6541 125
      vertex 2.61052 -19.8289 125
      vertex 3.90181 -19.6157 125
    endloop
  endfacet
  facet normal -0 0 1
    outer loop
      vertex 2.34947 -17.846 125
      vertex 2.61052 -19.8289 125
      vertex 3.51163 -17.6541 125
    endloop
  endfacet
  facet normal 0 0 1
    outer loop
      vertex 2.34947 -17.846 125
      vertex 1.30806 -19.9572 125
      vertex 2.61052 -19.8289 125
    endloop
  endfacet
  facet normal -0 0 1
    outer loop
      vertex 1.17726 -17.9615 125
      vertex 1.30806 -19.9572 125
      vertex 2.34947 -17.846 125
    endloop
  endfacet
  facet normal -0 0 1
    outer loop
      vertex 0 -18 125
      vertex 1.30806 -19.9572 125
      vertex 1.17726 -17.9615 125
    endloop
  endfacet
  facet normal 0 0 1
    outer loop
      vertex 0 -18 125
      vertex 0 -20 125
      vertex 1.30806 -19.9572 125
    endloop
  endfacet
  facet normal 0 0 1
    outer loop
      vertex -1.17726 -17.9615 125
      vertex 0 -20 125
      vertex 0 -18 125
    endloop
  endfacet
  facet normal 0 0 1
    outer loop
      vertex -1.17726 -17.9615 125
      vertex -1.30806 -19.9572 125
      vertex 0 -20 125
    endloop
  endfacet
  facet normal 0 0 1
    outer loop
      vertex -2.34947 -17.846 125
      vertex -1.30806 -19.9572 125
      vertex -1.17726 -17.9615 125
    endloop
  endfacet
  facet normal 0 0 1
    outer loop
      vertex -2.34947 -17.846 125
      vertex -2.61052 -19.8289 125
      vertex -1.30806 -19.9572 125
    endloop
  endfacet
  facet normal 0 0 1
    outer loop
      vertex -3.51163 -17.6541 125
      vertex -2.61052 -19.8289 125
      vertex -2.34947 -17.846 125
    endloop
  endfacet
  facet normal 0 0 1
    outer loop
      vertex -3.51163 -17.6541 125
      vertex -3.90181 -19.6157 125
      vertex -2.61052 -19.8289 125
    endloop
  endfacet
  facet normal 0 0 1
    outer loop
      vertex -4.65874 -17.3867 125
      vertex -3.90181 -19.6157 125
      vertex -3.51163 -17.6541 125
    endloop
  endfacet
  facet normal 0 0 1
    outer loop
      vertex -4.65874 -17.3867 125
      vertex -5.17638 -19.3185 125
      vertex -3.90181 -19.6157 125
    endloop
  endfacet
  facet normal 0 0 1
    outer loop
      vertex -5.78591 -17.0447 125
      vertex -5.17638 -19.3185 125
      vertex -4.65874 -17.3867 125
    endloop
  endfacet
  facet normal 0 0 1
    outer loop
      vertex -5.78591 -17.0447 125
      vertex -6.42879 -18.9386 125
      vertex -5.17638 -19.3185 125
    endloop
  endfacet
  facet normal 0 0 1
    outer loop
      vertex -6.8883 -16.6298 125
      vertex -6.42879 -18.9386 125
      vertex -5.78591 -17.0447 125
    endloop
  endfacet
  facet normal 0 0 1
    outer loop
      vertex -6.8883 -16.6298 125
      vertex -7.65367 -18.4776 125
      vertex -6.42879 -18.9386 125
    endloop
  endfacet
  facet normal 0 0 1
    outer loop
      vertex -7.9612 -16.1437 125
      vertex -7.65367 -18.4776 125
      vertex -6.8883 -16.6298 125
    endloop
  endfacet
  facet normal 0 0 1
    outer loop
      vertex -7.9612 -16.1437 125
      vertex -8.84577 -17.9375 125
      vertex -7.65367 -18.4776 125
    endloop
  endfacet
  facet normal 0 0 1
    outer loop
      vertex -9 -15.5885 125
      vertex -8.84577 -17.9375 125
      vertex -7.9612 -16.1437 125
    endloop
  endfacet
  facet normal 0 0 1
    outer loop
      vertex -9 -15.5885 125
      vertex -10 -17.3205 125
      vertex -8.84577 -17.9375 125
    endloop
  endfacet
  facet normal 0 0 1
    outer loop
      vertex -10.0003 -14.9665 125
      vertex -10 -17.3205 125
      vertex -9 -15.5885 125
    endloop
  endfacet
  facet normal 0 0 1
    outer loop
      vertex -11.1114 -16.6294 125
      vertex -10.0003 -14.9665 125
      vertex -10.9577 -14.2804 125
    endloop
  endfacet
  facet normal 0 0 1
    outer loop
      vertex -10.0003 -14.9665 125
      vertex -11.1114 -16.6294 125
      vertex -10 -17.3205 125
    endloop
  endfacet
  facet normal 0 0 1
    outer loop
      vertex -12.1752 -15.8671 125
      vertex -10.9577 -14.2804 125
      vertex -11.8682 -13.5331 125
    endloop
  endfacet
  facet normal 0 0 1
    outer loop
      vertex -10.9577 -14.2804 125
      vertex -12.1752 -15.8671 125
      vertex -11.1114 -16.6294 125
    endloop
  endfacet
  facet normal 0 0 1
    outer loop
      vertex -13.1869 -15.0368 125
      vertex -11.8682 -13.5331 125
      vertex -12.7279 -12.7279 125
    endloop
  endfacet
  facet normal 0 0 1
    outer loop
      vertex -11.8682 -13.5331 125
      vertex -13.1869 -15.0368 125
      vertex -12.1752 -15.8671 125
    endloop
  endfacet
  facet normal 0 0 1
    outer loop
      vertex -14.1421 -14.1421 125
      vertex -12.7279 -12.7279 125
      vertex -13.5331 -11.8682 125
    endloop
  endfacet
  facet normal 0 0 1
    outer loop
      vertex -12.7279 -12.7279 125
      vertex -14.1421 -14.1421 125
      vertex -13.1869 -15.0368 125
    endloop
  endfacet
  facet normal 0 0 1
    outer loop
      vertex -15.0368 -13.1869 125
      vertex -13.5331 -11.8682 125
      vertex -14.2804 -10.9577 125
    endloop
  endfacet
  facet normal 0 0 1
    outer loop
      vertex -15.8671 -12.1752 125
      vertex -14.2804 -10.9577 125
      vertex -14.9665 -10.0003 125
    endloop
  endfacet
  facet normal 0 0 1
    outer loop
      vertex -13.5331 -11.8682 125
      vertex -15.0368 -13.1869 125
      vertex -14.1421 -14.1421 125
    endloop
  endfacet
  facet normal 0 0 1
    outer loop
      vertex -16.6294 -11.1114 125
      vertex -14.9665 -10.0003 125
      vertex -15.5885 -9 125
    endloop
  endfacet
  facet normal 0 0 1
    outer loop
      vertex -14.2804 -10.9577 125
      vertex -15.8671 -12.1752 125
      vertex -15.0368 -13.1869 125
    endloop
  endfacet
  facet normal 0 0 1
    outer loop
      vertex -17.3205 -10 125
      vertex -15.5885 -9 125
      vertex -16.1437 -7.9612 125
    endloop
  endfacet
  facet normal 0 0 1
    outer loop
      vertex -14.9665 -10.0003 125
      vertex -16.6294 -11.1114 125
      vertex -15.8671 -12.1752 125
    endloop
  endfacet
  facet normal 0 0 1
    outer loop
      vertex -17.9375 -8.84577 125
      vertex -16.1437 -7.9612 125
      vertex -16.6298 -6.8883 125
    endloop
  endfacet
  facet normal 0 0 1
    outer loop
      vertex -18.4776 -7.65367 125
      vertex -16.6298 -6.8883 125
      vertex -17.0447 -5.78591 125
    endloop
  endfacet
  facet normal 0 0 1
    outer loop
      vertex -15.5885 -9 125
      vertex -17.3205 -10 125
      vertex -16.6294 -11.1114 125
    endloop
  endfacet
  facet normal 0 0 1
    outer loop
      vertex -18.9386 -6.42879 125
      vertex -17.0447 -5.78591 125
      vertex -17.3867 -4.65874 125
    endloop
  endfacet
  facet normal 0 0 1
    outer loop
      vertex -19.3185 -5.17638 125
      vertex -17.3867 -4.65874 125
      vertex -17.6541 -3.51163 125
    endloop
  endfacet
  facet normal 0 0 1
    outer loop
      vertex -19.6157 -3.90181 125
      vertex -17.6541 -3.51163 125
      vertex -17.846 -2.34947 125
    endloop
  endfacet
  facet normal 0 0 1
    outer loop
      vertex -16.1437 -7.9612 125
      vertex -17.9375 -8.84577 125
      vertex -17.3205 -10 125
    endloop
  endfacet
  facet normal 0 0 1
    outer loop
      vertex -19.8289 -2.61052 125
      vertex -17.846 -2.34947 125
      vertex -17.9615 -1.17726 125
    endloop
  endfacet
  facet normal 0 0 1
    outer loop
      vertex -19.9572 -1.30806 125
      vertex -17.9615 -1.17726 125
      vertex -18 0 125
    endloop
  endfacet
  facet normal 0 0 1
    outer loop
      vertex -17.6541 3.51163 125
      vertex -19.6157 3.90181 125
      vertex -17.846 2.34947 125
    endloop
  endfacet
  facet normal 0 0 1
    outer loop
      vertex -16.6298 -6.8883 125
      vertex -18.4776 -7.65367 125
      vertex -17.9375 -8.84577 125
    endloop
  endfacet
  facet normal -0 0 1
    outer loop
      vertex -19.8289 2.61052 125
      vertex -17.846 2.34947 125
      vertex -19.6157 3.90181 125
    endloop
  endfacet
  facet normal 0 0 1
    outer loop
      vertex -17.0447 -5.78591 125
      vertex -18.9386 -6.42879 125
      vertex -18.4776 -7.65367 125
    endloop
  endfacet
  facet normal 0 0 1
    outer loop
      vertex -17.846 2.34947 125
      vertex -19.8289 2.61052 125
      vertex -17.9615 1.17726 125
    endloop
  endfacet
  facet normal 0 0 1
    outer loop
      vertex -17.3867 -4.65874 125
      vertex -19.3185 -5.17638 125
      vertex -18.9386 -6.42879 125
    endloop
  endfacet
  facet normal -0 0 1
    outer loop
      vertex -19.9572 1.30806 125
      vertex -17.9615 1.17726 125
      vertex -19.8289 2.61052 125
    endloop
  endfacet
  facet normal 0 0 1
    outer loop
      vertex -17.6541 -3.51163 125
      vertex -19.6157 -3.90181 125
      vertex -19.3185 -5.17638 125
    endloop
  endfacet
  facet normal 0 0 1
    outer loop
      vertex -17.9615 1.17726 125
      vertex -19.9572 1.30806 125
      vertex -18 0 125
    endloop
  endfacet
  facet normal 0 0 1
    outer loop
      vertex -17.846 -2.34947 125
      vertex -19.8289 -2.61052 125
      vertex -19.6157 -3.90181 125
    endloop
  endfacet
  facet normal 0 0 1
    outer loop
      vertex -20 0 125
      vertex -18 0 125
      vertex -19.9572 1.30806 125
    endloop
  endfacet
  facet normal 0 0 1
    outer loop
      vertex -17.9615 -1.17726 125
      vertex -19.9572 -1.30806 125
      vertex -19.8289 -2.61052 125
    endloop
  endfacet
  facet normal 0 0 1
    outer loop
      vertex -18 0 125
      vertex -20 0 125
      vertex -19.9572 -1.30806 125
    endloop
  endfacet
  facet normal -0.528061 0.849207 0
    outer loop
      vertex -10 17.3205 122.5
      vertex -11.1114 16.6294 125
      vertex -10 17.3205 125
    endloop
  endfacet
  facet normal -0.528061 0.849207 0
    outer loop
      vertex -11.1114 16.6294 125
      vertex -10 17.3205 122.5
      vertex -11.1114 16.6294 122.5
    endloop
  endfacet
  facet normal -0.528061 0.849207 0
    outer loop
      vertex -10 17.3205 6
      vertex -11.1114 16.6294 106
      vertex -10 17.3205 106
    endloop
  endfacet
  facet normal -0.528061 0.849207 0
    outer loop
      vertex -11.1114 16.6294 106
      vertex -10 17.3205 6
      vertex -11.1114 16.6294 6
    endloop
  endfacet
  facet normal -0.528061 0.849207 0
    outer loop
      vertex -10 17.3205 115
      vertex -11.1114 16.6294 117.5
      vertex -10 17.3205 117.5
    endloop
  endfacet
  facet normal -0.528061 0.849207 0
    outer loop
      vertex -11.1114 16.6294 117.5
      vertex -10 17.3205 115
      vertex -11.1114 16.6294 115
    endloop
  endfacet
  facet normal -0.471427 0.881905 0
    outer loop
      vertex -8.84577 17.9375 122.5
      vertex -10 17.3205 125
      vertex -8.84577 17.9375 125
    endloop
  endfacet
  facet normal -0.471427 0.881905 0
    outer loop
      vertex -10 17.3205 125
      vertex -8.84577 17.9375 122.5
      vertex -10 17.3205 122.5
    endloop
  endfacet
  facet normal -0.471427 0.881905 0
    outer loop
      vertex -8.84577 17.9375 6
      vertex -10 17.3205 106
      vertex -8.84577 17.9375 106
    endloop
  endfacet
  facet normal -0.471427 0.881905 0
    outer loop
      vertex -10 17.3205 106
      vertex -8.84577 17.9375 6
      vertex -10 17.3205 6
    endloop
  endfacet
  facet normal -0.471427 0.881905 0
    outer loop
      vertex -8.84577 17.9375 115
      vertex -10 17.3205 117.5
      vertex -8.84577 17.9375 117.5
    endloop
  endfacet
  facet normal -0.471427 0.881905 0
    outer loop
      vertex -10 17.3205 117.5
      vertex -8.84577 17.9375 115
      vertex -10 17.3205 115
    endloop
  endfacet
  facet normal -0.582474 0.81285 0
    outer loop
      vertex -11.1114 16.6294 122.5
      vertex -12.1752 15.8671 125
      vertex -11.1114 16.6294 125
    endloop
  endfacet
  facet normal -0.582474 0.81285 0
    outer loop
      vertex -12.1752 15.8671 125
      vertex -11.1114 16.6294 122.5
      vertex -12.1752 15.8671 122.5
    endloop
  endfacet
  facet normal -0.582474 0.81285 0
    outer loop
      vertex -11.1114 16.6294 6
      vertex -12.1752 15.8671 106
      vertex -11.1114 16.6294 106
    endloop
  endfacet
  facet normal -0.582474 0.81285 0
    outer loop
      vertex -12.1752 15.8671 106
      vertex -11.1114 16.6294 6
      vertex -12.1752 15.8671 6
    endloop
  endfacet
  facet normal -0.582474 0.81285 0
    outer loop
      vertex -11.1114 16.6294 115
      vertex -12.1752 15.8671 117.5
      vertex -11.1114 16.6294 117.5
    endloop
  endfacet
  facet normal -0.582474 0.81285 0
    outer loop
      vertex -12.1752 15.8671 117.5
      vertex -11.1114 16.6294 115
      vertex -12.1752 15.8671 115
    endloop
  endfacet
  facet normal -0.290275 0.956943 0
    outer loop
      vertex -5.17638 19.3185 122.5
      vertex -6.42879 18.9386 125
      vertex -5.17638 19.3185 125
    endloop
  endfacet
  facet normal -0.290275 0.956943 0
    outer loop
      vertex -6.42879 18.9386 125
      vertex -5.17638 19.3185 122.5
      vertex -6.42879 18.9386 122.5
    endloop
  endfacet
  facet normal -0.290275 0.956943 0
    outer loop
      vertex -5.17638 19.3185 6
      vertex -6.42879 18.9386 106
      vertex -5.17638 19.3185 106
    endloop
  endfacet
  facet normal -0.290275 0.956943 0
    outer loop
      vertex -6.42879 18.9386 106
      vertex -5.17638 19.3185 6
      vertex -6.42879 18.9386 6
    endloop
  endfacet
  facet normal -0.290275 0.956943 0
    outer loop
      vertex -5.17638 19.3185 115
      vertex -6.42879 18.9386 117.5
      vertex -5.17638 19.3185 117.5
    endloop
  endfacet
  facet normal -0.290275 0.956943 0
    outer loop
      vertex -6.42879 18.9386 117.5
      vertex -5.17638 19.3185 115
      vertex -6.42879 18.9386 115
    endloop
  endfacet
  facet normal -0.0327027 0.999465 0
    outer loop
      vertex 0 20 122.5
      vertex -1.30806 19.9572 125
      vertex 0 20 125
    endloop
  endfacet
  facet normal -0.0327027 0.999465 0
    outer loop
      vertex -1.30806 19.9572 125
      vertex 0 20 122.5
      vertex -1.30806 19.9572 122.5
    endloop
  endfacet
  facet normal -0.0327027 0.999465 0
    outer loop
      vertex 0 20 6
      vertex -1.30806 19.9572 106
      vertex 0 20 106
    endloop
  endfacet
  facet normal -0.0327027 0.999465 0
    outer loop
      vertex -1.30806 19.9572 106
      vertex 0 20 6
      vertex -1.30806 19.9572 6
    endloop
  endfacet
  facet normal -0.0327027 0.999465 0
    outer loop
      vertex 0 20 115
      vertex -1.30806 19.9572 117.5
      vertex 0 20 117.5
    endloop
  endfacet
  facet normal -0.0327027 0.999465 0
    outer loop
      vertex -1.30806 19.9572 117.5
      vertex 0 20 115
      vertex -1.30806 19.9572 115
    endloop
  endfacet
  facet normal 0.986642 -0.162901 0
    outer loop
      vertex 19.6157 -3.90181 125
      vertex 19.8289 -2.61052 122.5
      vertex 19.8289 -2.61052 125
    endloop
  endfacet
  facet normal 0.986642 -0.162901 0
    outer loop
      vertex 19.8289 -2.61052 122.5
      vertex 19.6157 -3.90181 125
      vertex 19.6157 -3.90181 122.5
    endloop
  endfacet
  facet normal 0.986642 -0.162901 0
    outer loop
      vertex 19.6157 -3.90181 106
      vertex 19.8289 -2.61052 6
      vertex 19.8289 -2.61052 106
    endloop
  endfacet
  facet normal 0.986642 -0.162901 0
    outer loop
      vertex 19.8289 -2.61052 6
      vertex 19.6157 -3.90181 106
      vertex 19.6157 -3.90181 6
    endloop
  endfacet
  facet normal 0.986642 -0.162901 0
    outer loop
      vertex 19.6157 -3.90181 117.5
      vertex 19.8289 -2.61052 115
      vertex 19.8289 -2.61052 117.5
    endloop
  endfacet
  facet normal 0.986642 -0.162901 0
    outer loop
      vertex 19.8289 -2.61052 115
      vertex 19.6157 -3.90181 117.5
      vertex 19.6157 -3.90181 115
    endloop
  endfacet
  facet normal 0.0980314 -0.995183 0
    outer loop
      vertex 1.30806 -19.9572 122.5
      vertex 2.61052 -19.8289 125
      vertex 1.30806 -19.9572 125
    endloop
  endfacet
  facet normal 0.0980314 -0.995183 0
    outer loop
      vertex 2.61052 -19.8289 125
      vertex 1.30806 -19.9572 122.5
      vertex 2.61052 -19.8289 122.5
    endloop
  endfacet
  facet normal 0.0980314 -0.995183 0
    outer loop
      vertex 1.30806 -19.9572 6
      vertex 2.61052 -19.8289 106
      vertex 1.30806 -19.9572 106
    endloop
  endfacet
  facet normal 0.0980314 -0.995183 0
    outer loop
      vertex 2.61052 -19.8289 106
      vertex 1.30806 -19.9572 6
      vertex 2.61052 -19.8289 6
    endloop
  endfacet
  facet normal 0.0980314 -0.995183 0
    outer loop
      vertex 1.30806 -19.9572 115
      vertex 2.61052 -19.8289 117.5
      vertex 1.30806 -19.9572 117.5
    endloop
  endfacet
  facet normal 0.0980314 -0.995183 0
    outer loop
      vertex 2.61052 -19.8289 117.5
      vertex 1.30806 -19.9572 115
      vertex 2.61052 -19.8289 115
    endloop
  endfacet
  facet normal 0.0327027 -0.999465 0
    outer loop
      vertex 0 -20 122.5
      vertex 1.30806 -19.9572 125
      vertex 0 -20 125
    endloop
  endfacet
  facet normal 0.0327027 -0.999465 0
    outer loop
      vertex 1.30806 -19.9572 125
      vertex 0 -20 122.5
      vertex 1.30806 -19.9572 122.5
    endloop
  endfacet
  facet normal 0.0327027 -0.999465 0
    outer loop
      vertex 0 -20 6
      vertex 1.30806 -19.9572 106
      vertex 0 -20 106
    endloop
  endfacet
  facet normal 0.0327027 -0.999465 0
    outer loop
      vertex 1.30806 -19.9572 106
      vertex 0 -20 6
      vertex 1.30806 -19.9572 6
    endloop
  endfacet
  facet normal 0.0327027 -0.999465 0
    outer loop
      vertex 0 -20 115
      vertex 1.30806 -19.9572 117.5
      vertex 0 -20 117.5
    endloop
  endfacet
  facet normal 0.0327027 -0.999465 0
    outer loop
      vertex 1.30806 -19.9572 117.5
      vertex 0 -20 115
      vertex 1.30806 -19.9572 115
    endloop
  endfacet
  facet normal 0.582474 -0.81285 0
    outer loop
      vertex 11.1114 -16.6294 122.5
      vertex 12.1752 -15.8671 125
      vertex 11.1114 -16.6294 125
    endloop
  endfacet
  facet normal 0.582474 -0.81285 0
    outer loop
      vertex 12.1752 -15.8671 125
      vertex 11.1114 -16.6294 122.5
      vertex 12.1752 -15.8671 122.5
    endloop
  endfacet
  facet normal 0.582474 -0.81285 0
    outer loop
      vertex 11.1114 -16.6294 6
      vertex 12.1752 -15.8671 106
      vertex 11.1114 -16.6294 106
    endloop
  endfacet
  facet normal 0.582474 -0.81285 0
    outer loop
      vertex 12.1752 -15.8671 106
      vertex 11.1114 -16.6294 6
      vertex 12.1752 -15.8671 6
    endloop
  endfacet
  facet normal 0.582474 -0.81285 0
    outer loop
      vertex 11.1114 -16.6294 115
      vertex 12.1752 -15.8671 117.5
      vertex 11.1114 -16.6294 117.5
    endloop
  endfacet
  facet normal 0.582474 -0.81285 0
    outer loop
      vertex 12.1752 -15.8671 117.5
      vertex 11.1114 -16.6294 115
      vertex 12.1752 -15.8671 115
    endloop
  endfacet
  facet normal 0.683616 -0.729842 0
    outer loop
      vertex 13.1869 -15.0368 122.5
      vertex 14.1421 -14.1421 125
      vertex 13.1869 -15.0368 125
    endloop
  endfacet
  facet normal 0.683616 -0.729842 0
    outer loop
      vertex 14.1421 -14.1421 125
      vertex 13.1869 -15.0368 122.5
      vertex 14.1421 -14.1421 122.5
    endloop
  endfacet
  facet normal 0.683616 -0.729842 0
    outer loop
      vertex 13.1869 -15.0368 6
      vertex 14.1421 -14.1421 106
      vertex 13.1869 -15.0368 106
    endloop
  endfacet
  facet normal 0.683616 -0.729842 0
    outer loop
      vertex 14.1421 -14.1421 106
      vertex 13.1869 -15.0368 6
      vertex 14.1421 -14.1421 6
    endloop
  endfacet
  facet normal 0.683616 -0.729842 0
    outer loop
      vertex 13.1869 -15.0368 115
      vertex 14.1421 -14.1421 117.5
      vertex 13.1869 -15.0368 117.5
    endloop
  endfacet
  facet normal 0.683616 -0.729842 0
    outer loop
      vertex 14.1421 -14.1421 117.5
      vertex 13.1869 -15.0368 115
      vertex 14.1421 -14.1421 115
    endloop
  endfacet
  facet normal 0.412686 -0.910873 0
    outer loop
      vertex 7.65367 -18.4776 122.5
      vertex 8.84577 -17.9375 125
      vertex 7.65367 -18.4776 125
    endloop
  endfacet
  facet normal 0.412686 -0.910873 0
    outer loop
      vertex 8.84577 -17.9375 125
      vertex 7.65367 -18.4776 122.5
      vertex 8.84577 -17.9375 122.5
    endloop
  endfacet
  facet normal 0.412686 -0.910873 0
    outer loop
      vertex 7.65367 -18.4776 6
      vertex 8.84577 -17.9375 106
      vertex 7.65367 -18.4776 106
    endloop
  endfacet
  facet normal 0.412686 -0.910873 0
    outer loop
      vertex 8.84577 -17.9375 106
      vertex 7.65367 -18.4776 6
      vertex 8.84577 -17.9375 6
    endloop
  endfacet
  facet normal 0.412686 -0.910873 0
    outer loop
      vertex 7.65367 -18.4776 115
      vertex 8.84577 -17.9375 117.5
      vertex 7.65367 -18.4776 117.5
    endloop
  endfacet
  facet normal 0.412686 -0.910873 0
    outer loop
      vertex 8.84577 -17.9375 117.5
      vertex 7.65367 -18.4776 115
      vertex 8.84577 -17.9375 115
    endloop
  endfacet
  facet normal 0.81285 -0.582474 0
    outer loop
      vertex 15.8671 -12.1752 125
      vertex 16.6294 -11.1114 122.5
      vertex 16.6294 -11.1114 125
    endloop
  endfacet
  facet normal 0.81285 -0.582474 0
    outer loop
      vertex 16.6294 -11.1114 122.5
      vertex 15.8671 -12.1752 125
      vertex 15.8671 -12.1752 122.5
    endloop
  endfacet
  facet normal 0.81285 -0.582474 0
    outer loop
      vertex 15.8671 -12.1752 106
      vertex 16.6294 -11.1114 6
      vertex 16.6294 -11.1114 106
    endloop
  endfacet
  facet normal 0.81285 -0.582474 0
    outer loop
      vertex 16.6294 -11.1114 6
      vertex 15.8671 -12.1752 106
      vertex 15.8671 -12.1752 6
    endloop
  endfacet
  facet normal 0.81285 -0.582474 0
    outer loop
      vertex 15.8671 -12.1752 117.5
      vertex 16.6294 -11.1114 115
      vertex 16.6294 -11.1114 117.5
    endloop
  endfacet
  facet normal 0.81285 -0.582474 0
    outer loop
      vertex 16.6294 -11.1114 115
      vertex 15.8671 -12.1752 117.5
      vertex 15.8671 -12.1752 115
    endloop
  endfacet
  facet normal 0.956943 -0.290275 0
    outer loop
      vertex 18.9386 -6.42879 125
      vertex 19.3185 -5.17638 122.5
      vertex 19.3185 -5.17638 125
    endloop
  endfacet
  facet normal 0.956943 -0.290275 0
    outer loop
      vertex 19.3185 -5.17638 122.5
      vertex 18.9386 -6.42879 125
      vertex 18.9386 -6.42879 122.5
    endloop
  endfacet
  facet normal 0.956943 -0.290275 0
    outer loop
      vertex 18.9386 -6.42879 106
      vertex 19.3185 -5.17638 6
      vertex 19.3185 -5.17638 106
    endloop
  endfacet
  facet normal 0.956943 -0.290275 0
    outer loop
      vertex 19.3185 -5.17638 6
      vertex 18.9386 -6.42879 106
      vertex 18.9386 -6.42879 6
    endloop
  endfacet
  facet normal 0.956943 -0.290275 0
    outer loop
      vertex 18.9386 -6.42879 117.5
      vertex 19.3185 -5.17638 115
      vertex 19.3185 -5.17638 117.5
    endloop
  endfacet
  facet normal 0.956943 -0.290275 0
    outer loop
      vertex 19.3185 -5.17638 115
      vertex 18.9386 -6.42879 117.5
      vertex 18.9386 -6.42879 115
    endloop
  endfacet
  facet normal -0.290275 -0.956943 0
    outer loop
      vertex -6.42879 -18.9386 122.5
      vertex -5.17638 -19.3185 125
      vertex -6.42879 -18.9386 125
    endloop
  endfacet
  facet normal -0.290275 -0.956943 -0
    outer loop
      vertex -5.17638 -19.3185 125
      vertex -6.42879 -18.9386 122.5
      vertex -5.17638 -19.3185 122.5
    endloop
  endfacet
  facet normal -0.290275 -0.956943 0
    outer loop
      vertex -6.42879 -18.9386 6
      vertex -5.17638 -19.3185 106
      vertex -6.42879 -18.9386 106
    endloop
  endfacet
  facet normal -0.290275 -0.956943 -0
    outer loop
      vertex -5.17638 -19.3185 106
      vertex -6.42879 -18.9386 6
      vertex -5.17638 -19.3185 6
    endloop
  endfacet
  facet normal -0.290275 -0.956943 0
    outer loop
      vertex -6.42879 -18.9386 115
      vertex -5.17638 -19.3185 117.5
      vertex -6.42879 -18.9386 117.5
    endloop
  endfacet
  facet normal -0.290275 -0.956943 -0
    outer loop
      vertex -5.17638 -19.3185 117.5
      vertex -6.42879 -18.9386 115
      vertex -5.17638 -19.3185 115
    endloop
  endfacet
  facet normal -0.412686 -0.910873 0
    outer loop
      vertex -8.84577 -17.9375 122.5
      vertex -7.65367 -18.4776 125
      vertex -8.84577 -17.9375 125
    endloop
  endfacet
  facet normal -0.412686 -0.910873 -0
    outer loop
      vertex -7.65367 -18.4776 125
      vertex -8.84577 -17.9375 122.5
      vertex -7.65367 -18.4776 122.5
    endloop
  endfacet
  facet normal -0.412686 -0.910873 0
    outer loop
      vertex -8.84577 -17.9375 6
      vertex -7.65367 -18.4776 106
      vertex -8.84577 -17.9375 106
    endloop
  endfacet
  facet normal -0.412686 -0.910873 -0
    outer loop
      vertex -7.65367 -18.4776 106
      vertex -8.84577 -17.9375 6
      vertex -7.65367 -18.4776 6
    endloop
  endfacet
  facet normal -0.412686 -0.910873 0
    outer loop
      vertex -8.84577 -17.9375 115
      vertex -7.65367 -18.4776 117.5
      vertex -8.84577 -17.9375 117.5
    endloop
  endfacet
  facet normal -0.412686 -0.910873 -0
    outer loop
      vertex -7.65367 -18.4776 117.5
      vertex -8.84577 -17.9375 115
      vertex -7.65367 -18.4776 115
    endloop
  endfacet
  facet normal -0.528061 -0.849207 0
    outer loop
      vertex -11.1114 -16.6294 122.5
      vertex -10 -17.3205 125
      vertex -11.1114 -16.6294 125
    endloop
  endfacet
  facet normal -0.528061 -0.849207 -0
    outer loop
      vertex -10 -17.3205 125
      vertex -11.1114 -16.6294 122.5
      vertex -10 -17.3205 122.5
    endloop
  endfacet
  facet normal -0.528061 -0.849207 0
    outer loop
      vertex -11.1114 -16.6294 6
      vertex -10 -17.3205 106
      vertex -11.1114 -16.6294 106
    endloop
  endfacet
  facet normal -0.528061 -0.849207 -0
    outer loop
      vertex -10 -17.3205 106
      vertex -11.1114 -16.6294 6
      vertex -10 -17.3205 6
    endloop
  endfacet
  facet normal -0.528061 -0.849207 0
    outer loop
      vertex -11.1114 -16.6294 115
      vertex -10 -17.3205 117.5
      vertex -11.1114 -16.6294 117.5
    endloop
  endfacet
  facet normal -0.528061 -0.849207 -0
    outer loop
      vertex -10 -17.3205 117.5
      vertex -11.1114 -16.6294 115
      vertex -10 -17.3205 115
    endloop
  endfacet
  facet normal -0.352242 -0.935909 0
    outer loop
      vertex -7.65367 -18.4776 122.5
      vertex -6.42879 -18.9386 125
      vertex -7.65367 -18.4776 125
    endloop
  endfacet
  facet normal -0.352242 -0.935909 -0
    outer loop
      vertex -6.42879 -18.9386 125
      vertex -7.65367 -18.4776 122.5
      vertex -6.42879 -18.9386 122.5
    endloop
  endfacet
  facet normal -0.352242 -0.935909 0
    outer loop
      vertex -7.65367 -18.4776 6
      vertex -6.42879 -18.9386 106
      vertex -7.65367 -18.4776 106
    endloop
  endfacet
  facet normal -0.352242 -0.935909 -0
    outer loop
      vertex -6.42879 -18.9386 106
      vertex -7.65367 -18.4776 6
      vertex -6.42879 -18.9386 6
    endloop
  endfacet
  facet normal -0.352242 -0.935909 0
    outer loop
      vertex -7.65367 -18.4776 115
      vertex -6.42879 -18.9386 117.5
      vertex -7.65367 -18.4776 117.5
    endloop
  endfacet
  facet normal -0.352242 -0.935909 -0
    outer loop
      vertex -6.42879 -18.9386 117.5
      vertex -7.65367 -18.4776 115
      vertex -6.42879 -18.9386 115
    endloop
  endfacet
  facet normal -0.849207 -0.528061 0
    outer loop
      vertex -16.6294 -11.1114 122.5
      vertex -17.3205 -10 125
      vertex -17.3205 -10 122.5
    endloop
  endfacet
  facet normal -0.849207 -0.528061 0
    outer loop
      vertex -17.3205 -10 125
      vertex -16.6294 -11.1114 122.5
      vertex -16.6294 -11.1114 125
    endloop
  endfacet
  facet normal -0.849207 -0.528061 0
    outer loop
      vertex -16.6294 -11.1114 6
      vertex -17.3205 -10 106
      vertex -17.3205 -10 6
    endloop
  endfacet
  facet normal -0.849207 -0.528061 0
    outer loop
      vertex -17.3205 -10 106
      vertex -16.6294 -11.1114 6
      vertex -16.6294 -11.1114 106
    endloop
  endfacet
  facet normal -0.849207 -0.528061 0
    outer loop
      vertex -16.6294 -11.1114 115
      vertex -17.3205 -10 117.5
      vertex -17.3205 -10 115
    endloop
  endfacet
  facet normal -0.849207 -0.528061 0
    outer loop
      vertex -17.3205 -10 117.5
      vertex -16.6294 -11.1114 115
      vertex -16.6294 -11.1114 117.5
    endloop
  endfacet
  facet normal -0.81285 -0.582474 0
    outer loop
      vertex -15.8671 -12.1752 122.5
      vertex -16.6294 -11.1114 125
      vertex -16.6294 -11.1114 122.5
    endloop
  endfacet
  facet normal -0.81285 -0.582474 0
    outer loop
      vertex -16.6294 -11.1114 125
      vertex -15.8671 -12.1752 122.5
      vertex -15.8671 -12.1752 125
    endloop
  endfacet
  facet normal -0.81285 -0.582474 0
    outer loop
      vertex -15.8671 -12.1752 6
      vertex -16.6294 -11.1114 106
      vertex -16.6294 -11.1114 6
    endloop
  endfacet
  facet normal -0.81285 -0.582474 0
    outer loop
      vertex -16.6294 -11.1114 106
      vertex -15.8671 -12.1752 6
      vertex -15.8671 -12.1752 106
    endloop
  endfacet
  facet normal -0.81285 -0.582474 0
    outer loop
      vertex -15.8671 -12.1752 115
      vertex -16.6294 -11.1114 117.5
      vertex -16.6294 -11.1114 115
    endloop
  endfacet
  facet normal -0.81285 -0.582474 0
    outer loop
      vertex -16.6294 -11.1114 117.5
      vertex -15.8671 -12.1752 115
      vertex -15.8671 -12.1752 117.5
    endloop
  endfacet
  facet normal -0.935909 -0.352242 0
    outer loop
      vertex -18.4776 -7.65367 122.5
      vertex -18.9386 -6.42879 125
      vertex -18.9386 -6.42879 122.5
    endloop
  endfacet
  facet normal -0.935909 -0.352242 0
    outer loop
      vertex -18.9386 -6.42879 125
      vertex -18.4776 -7.65367 122.5
      vertex -18.4776 -7.65367 125
    endloop
  endfacet
  facet normal -0.935909 -0.352242 0
    outer loop
      vertex -18.4776 -7.65367 6
      vertex -18.9386 -6.42879 106
      vertex -18.9386 -6.42879 6
    endloop
  endfacet
  facet normal -0.935909 -0.352242 0
    outer loop
      vertex -18.9386 -6.42879 106
      vertex -18.4776 -7.65367 6
      vertex -18.4776 -7.65367 106
    endloop
  endfacet
  facet normal -0.935909 -0.352242 0
    outer loop
      vertex -18.4776 -7.65367 115
      vertex -18.9386 -6.42879 117.5
      vertex -18.9386 -6.42879 115
    endloop
  endfacet
  facet normal -0.935909 -0.352242 0
    outer loop
      vertex -18.9386 -6.42879 117.5
      vertex -18.4776 -7.65367 115
      vertex -18.4776 -7.65367 117.5
    endloop
  endfacet
  facet normal -0.999465 -0.0327027 0
    outer loop
      vertex -19.9572 -1.30806 122.5
      vertex -20 0 125
      vertex -20 0 122.5
    endloop
  endfacet
  facet normal -0.999465 -0.0327027 0
    outer loop
      vertex -20 0 125
      vertex -19.9572 -1.30806 122.5
      vertex -19.9572 -1.30806 125
    endloop
  endfacet
  facet normal -0.999465 -0.0327027 0
    outer loop
      vertex -19.9572 -1.30806 6
      vertex -20 0 106
      vertex -20 0 6
    endloop
  endfacet
  facet normal -0.999465 -0.0327027 0
    outer loop
      vertex -20 0 106
      vertex -19.9572 -1.30806 6
      vertex -19.9572 -1.30806 106
    endloop
  endfacet
  facet normal -0.999465 -0.0327027 0
    outer loop
      vertex -19.9572 -1.30806 115
      vertex -20 0 117.5
      vertex -20 0 115
    endloop
  endfacet
  facet normal -0.999465 -0.0327027 0
    outer loop
      vertex -20 0 117.5
      vertex -19.9572 -1.30806 115
      vertex -19.9572 -1.30806 117.5
    endloop
  endfacet
  facet normal 0.973875 0.227085 0
    outer loop
      vertex 19.6157 3.90181 125
      vertex 19.3185 5.17638 122.5
      vertex 19.3185 5.17638 125
    endloop
  endfacet
  facet normal 0.973875 0.227085 0
    outer loop
      vertex 19.3185 5.17638 122.5
      vertex 19.6157 3.90181 125
      vertex 19.6157 3.90181 122.5
    endloop
  endfacet
  facet normal 0.973875 0.227085 0
    outer loop
      vertex 19.6157 3.90181 106
      vertex 19.3185 5.17638 6
      vertex 19.3185 5.17638 106
    endloop
  endfacet
  facet normal 0.973875 0.227085 0
    outer loop
      vertex 19.3185 5.17638 6
      vertex 19.6157 3.90181 106
      vertex 19.6157 3.90181 6
    endloop
  endfacet
  facet normal 0.973875 0.227085 0
    outer loop
      vertex 19.6157 3.90181 117.5
      vertex 19.3185 5.17638 115
      vertex 19.3185 5.17638 117.5
    endloop
  endfacet
  facet normal 0.973875 0.227085 0
    outer loop
      vertex 19.3185 5.17638 115
      vertex 19.6157 3.90181 117.5
      vertex 19.6157 3.90181 115
    endloop
  endfacet
  facet normal 0.956943 0.290275 0
    outer loop
      vertex 19.3185 5.17638 125
      vertex 18.9386 6.42879 122.5
      vertex 18.9386 6.42879 125
    endloop
  endfacet
  facet normal 0.956943 0.290275 0
    outer loop
      vertex 18.9386 6.42879 122.5
      vertex 19.3185 5.17638 125
      vertex 19.3185 5.17638 122.5
    endloop
  endfacet
  facet normal 0.956943 0.290275 0
    outer loop
      vertex 19.3185 5.17638 106
      vertex 18.9386 6.42879 6
      vertex 18.9386 6.42879 106
    endloop
  endfacet
  facet normal 0.956943 0.290275 0
    outer loop
      vertex 18.9386 6.42879 6
      vertex 19.3185 5.17638 106
      vertex 19.3185 5.17638 6
    endloop
  endfacet
  facet normal 0.956943 0.290275 0
    outer loop
      vertex 19.3185 5.17638 117.5
      vertex 18.9386 6.42879 115
      vertex 18.9386 6.42879 117.5
    endloop
  endfacet
  facet normal 0.956943 0.290275 0
    outer loop
      vertex 18.9386 6.42879 115
      vertex 19.3185 5.17638 117.5
      vertex 19.3185 5.17638 115
    endloop
  endfacet
  facet normal 0.773003 0.634402 0
    outer loop
      vertex 15.8671 12.1752 125
      vertex 15.0368 13.1869 122.5
      vertex 15.0368 13.1869 125
    endloop
  endfacet
  facet normal 0.773003 0.634402 0
    outer loop
      vertex 15.0368 13.1869 122.5
      vertex 15.8671 12.1752 125
      vertex 15.8671 12.1752 122.5
    endloop
  endfacet
  facet normal 0.773003 0.634402 0
    outer loop
      vertex 15.8671 12.1752 106
      vertex 15.0368 13.1869 6
      vertex 15.0368 13.1869 106
    endloop
  endfacet
  facet normal 0.773003 0.634402 0
    outer loop
      vertex 15.0368 13.1869 6
      vertex 15.8671 12.1752 106
      vertex 15.8671 12.1752 6
    endloop
  endfacet
  facet normal 0.773003 0.634402 0
    outer loop
      vertex 15.8671 12.1752 117.5
      vertex 15.0368 13.1869 115
      vertex 15.0368 13.1869 117.5
    endloop
  endfacet
  facet normal 0.773003 0.634402 0
    outer loop
      vertex 15.0368 13.1869 115
      vertex 15.8671 12.1752 117.5
      vertex 15.8671 12.1752 115
    endloop
  endfacet
  facet normal 0.910873 0.412686 0
    outer loop
      vertex 18.4776 7.65367 125
      vertex 17.9375 8.84577 122.5
      vertex 17.9375 8.84577 125
    endloop
  endfacet
  facet normal 0.910873 0.412686 0
    outer loop
      vertex 17.9375 8.84577 122.5
      vertex 18.4776 7.65367 125
      vertex 18.4776 7.65367 122.5
    endloop
  endfacet
  facet normal 0.910873 0.412686 0
    outer loop
      vertex 18.4776 7.65367 106
      vertex 17.9375 8.84577 6
      vertex 17.9375 8.84577 106
    endloop
  endfacet
  facet normal 0.910873 0.412686 0
    outer loop
      vertex 17.9375 8.84577 6
      vertex 18.4776 7.65367 106
      vertex 18.4776 7.65367 6
    endloop
  endfacet
  facet normal 0.910873 0.412686 0
    outer loop
      vertex 18.4776 7.65367 117.5
      vertex 17.9375 8.84577 115
      vertex 17.9375 8.84577 117.5
    endloop
  endfacet
  facet normal 0.910873 0.412686 0
    outer loop
      vertex 17.9375 8.84577 115
      vertex 18.4776 7.65367 117.5
      vertex 18.4776 7.65367 115
    endloop
  endfacet
  facet normal 0.227085 0.973875 -0
    outer loop
      vertex 5.17638 19.3185 122.5
      vertex 3.90181 19.6157 125
      vertex 5.17638 19.3185 125
    endloop
  endfacet
  facet normal 0.227085 0.973875 0
    outer loop
      vertex 3.90181 19.6157 125
      vertex 5.17638 19.3185 122.5
      vertex 3.90181 19.6157 122.5
    endloop
  endfacet
  facet normal 0.227085 0.973875 -0
    outer loop
      vertex 5.17638 19.3185 6
      vertex 3.90181 19.6157 106
      vertex 5.17638 19.3185 106
    endloop
  endfacet
  facet normal 0.227085 0.973875 0
    outer loop
      vertex 3.90181 19.6157 106
      vertex 5.17638 19.3185 6
      vertex 3.90181 19.6157 6
    endloop
  endfacet
  facet normal 0.227085 0.973875 -0
    outer loop
      vertex 5.17638 19.3185 115
      vertex 3.90181 19.6157 117.5
      vertex 5.17638 19.3185 117.5
    endloop
  endfacet
  facet normal 0.227085 0.973875 0
    outer loop
      vertex 3.90181 19.6157 117.5
      vertex 5.17638 19.3185 115
      vertex 3.90181 19.6157 115
    endloop
  endfacet
  facet normal 0.162901 0.986642 -0
    outer loop
      vertex 3.90181 19.6157 122.5
      vertex 2.61052 19.8289 125
      vertex 3.90181 19.6157 125
    endloop
  endfacet
  facet normal 0.162901 0.986642 0
    outer loop
      vertex 2.61052 19.8289 125
      vertex 3.90181 19.6157 122.5
      vertex 2.61052 19.8289 122.5
    endloop
  endfacet
  facet normal 0.162901 0.986642 -0
    outer loop
      vertex 3.90181 19.6157 6
      vertex 2.61052 19.8289 106
      vertex 3.90181 19.6157 106
    endloop
  endfacet
  facet normal 0.162901 0.986642 0
    outer loop
      vertex 2.61052 19.8289 106
      vertex 3.90181 19.6157 6
      vertex 2.61052 19.8289 6
    endloop
  endfacet
  facet normal 0.162901 0.986642 -0
    outer loop
      vertex 3.90181 19.6157 115
      vertex 2.61052 19.8289 117.5
      vertex 3.90181 19.6157 117.5
    endloop
  endfacet
  facet normal 0.162901 0.986642 0
    outer loop
      vertex 2.61052 19.8289 117.5
      vertex 3.90181 19.6157 115
      vertex 2.61052 19.8289 115
    endloop
  endfacet
  facet normal 0.0980314 0.995183 -0
    outer loop
      vertex 2.61052 19.8289 122.5
      vertex 1.30806 19.9572 125
      vertex 2.61052 19.8289 125
    endloop
  endfacet
  facet normal 0.0980314 0.995183 0
    outer loop
      vertex 1.30806 19.9572 125
      vertex 2.61052 19.8289 122.5
      vertex 1.30806 19.9572 122.5
    endloop
  endfacet
  facet normal 0.0980314 0.995183 -0
    outer loop
      vertex 2.61052 19.8289 6
      vertex 1.30806 19.9572 106
      vertex 2.61052 19.8289 106
    endloop
  endfacet
  facet normal 0.0980314 0.995183 0
    outer loop
      vertex 1.30806 19.9572 106
      vertex 2.61052 19.8289 6
      vertex 1.30806 19.9572 6
    endloop
  endfacet
  facet normal 0.0980314 0.995183 -0
    outer loop
      vertex 2.61052 19.8289 115
      vertex 1.30806 19.9572 117.5
      vertex 2.61052 19.8289 117.5
    endloop
  endfacet
  facet normal 0.0980314 0.995183 0
    outer loop
      vertex 1.30806 19.9572 117.5
      vertex 2.61052 19.8289 115
      vertex 1.30806 19.9572 115
    endloop
  endfacet
  facet normal 0.683616 0.729842 -0
    outer loop
      vertex 14.1421 14.1421 122.5
      vertex 13.1869 15.0368 125
      vertex 14.1421 14.1421 125
    endloop
  endfacet
  facet normal 0.683616 0.729842 0
    outer loop
      vertex 13.1869 15.0368 125
      vertex 14.1421 14.1421 122.5
      vertex 13.1869 15.0368 122.5
    endloop
  endfacet
  facet normal 0.683616 0.729842 -0
    outer loop
      vertex 14.1421 14.1421 6
      vertex 13.1869 15.0368 106
      vertex 14.1421 14.1421 106
    endloop
  endfacet
  facet normal 0.683616 0.729842 0
    outer loop
      vertex 13.1869 15.0368 106
      vertex 14.1421 14.1421 6
      vertex 13.1869 15.0368 6
    endloop
  endfacet
  facet normal 0.683616 0.729842 -0
    outer loop
      vertex 14.1421 14.1421 115
      vertex 13.1869 15.0368 117.5
      vertex 14.1421 14.1421 117.5
    endloop
  endfacet
  facet normal 0.683616 0.729842 0
    outer loop
      vertex 13.1869 15.0368 117.5
      vertex 14.1421 14.1421 115
      vertex 13.1869 15.0368 115
    endloop
  endfacet
  facet normal -0.973875 0.227085 0
    outer loop
      vertex -19.6157 3.90181 122.5
      vertex -19.3185 5.17638 125
      vertex -19.3185 5.17638 122.5
    endloop
  endfacet
  facet normal -0.973875 0.227085 0
    outer loop
      vertex -19.3185 5.17638 125
      vertex -19.6157 3.90181 122.5
      vertex -19.6157 3.90181 125
    endloop
  endfacet
  facet normal -0.973875 0.227085 0
    outer loop
      vertex -19.6157 3.90181 6
      vertex -19.3185 5.17638 106
      vertex -19.3185 5.17638 6
    endloop
  endfacet
  facet normal -0.973875 0.227085 0
    outer loop
      vertex -19.3185 5.17638 106
      vertex -19.6157 3.90181 6
      vertex -19.6157 3.90181 106
    endloop
  endfacet
  facet normal -0.973875 0.227085 0
    outer loop
      vertex -19.6157 3.90181 115
      vertex -19.3185 5.17638 117.5
      vertex -19.3185 5.17638 115
    endloop
  endfacet
  facet normal -0.973875 0.227085 0
    outer loop
      vertex -19.3185 5.17638 117.5
      vertex -19.6157 3.90181 115
      vertex -19.6157 3.90181 117.5
    endloop
  endfacet
  facet normal -0.995183 0.0980314 0
    outer loop
      vertex -19.9572 1.30806 122.5
      vertex -19.8289 2.61052 125
      vertex -19.8289 2.61052 122.5
    endloop
  endfacet
  facet normal -0.995183 0.0980314 0
    outer loop
      vertex -19.8289 2.61052 125
      vertex -19.9572 1.30806 122.5
      vertex -19.9572 1.30806 125
    endloop
  endfacet
  facet normal -0.995183 0.0980314 0
    outer loop
      vertex -19.9572 1.30806 6
      vertex -19.8289 2.61052 106
      vertex -19.8289 2.61052 6
    endloop
  endfacet
  facet normal -0.995183 0.0980314 0
    outer loop
      vertex -19.8289 2.61052 106
      vertex -19.9572 1.30806 6
      vertex -19.9572 1.30806 106
    endloop
  endfacet
  facet normal -0.995183 0.0980314 0
    outer loop
      vertex -19.9572 1.30806 115
      vertex -19.8289 2.61052 117.5
      vertex -19.8289 2.61052 115
    endloop
  endfacet
  facet normal -0.995183 0.0980314 0
    outer loop
      vertex -19.8289 2.61052 117.5
      vertex -19.9572 1.30806 115
      vertex -19.9572 1.30806 117.5
    endloop
  endfacet
  facet normal 0.999465 -0.0327027 0
    outer loop
      vertex 19.9572 -1.30806 125
      vertex 20 0 122.5
      vertex 20 0 125
    endloop
  endfacet
  facet normal 0.999465 -0.0327027 0
    outer loop
      vertex 20 0 122.5
      vertex 19.9572 -1.30806 125
      vertex 19.9572 -1.30806 122.5
    endloop
  endfacet
  facet normal 0.999465 -0.0327027 0
    outer loop
      vertex 19.9572 -1.30806 106
      vertex 20 0 105
      vertex 20 0 106
    endloop
  endfacet
  facet normal 0.999465 -0.0327027 0
    outer loop
      vertex 19.9572 -1.30806 6
      vertex 20 0 105
      vertex 19.9572 -1.30806 106
    endloop
  endfacet
  facet normal 0.999465 -0.0327027 0
    outer loop
      vertex 20 0 105
      vertex 19.9572 -1.30806 6
      vertex 20 0 6
    endloop
  endfacet
  facet normal 0.999465 -0.0327027 0
    outer loop
      vertex 19.9572 -1.30806 117.5
      vertex 20 0 115.01
      vertex 20 0 117.5
    endloop
  endfacet
  facet normal 0.999465 -0.0327027 0
    outer loop
      vertex 19.9572 -1.30806 115
      vertex 20 0 115.01
      vertex 19.9572 -1.30806 117.5
    endloop
  endfacet
  facet normal 0.999465 -0.0327027 0
    outer loop
      vertex 20 0 115.01
      vertex 19.9572 -1.30806 115
      vertex 20 0 115
    endloop
  endfacet
  facet normal 0.227085 -0.973875 0
    outer loop
      vertex 3.90181 -19.6157 122.5
      vertex 5.17638 -19.3185 125
      vertex 3.90181 -19.6157 125
    endloop
  endfacet
  facet normal 0.227085 -0.973875 0
    outer loop
      vertex 5.17638 -19.3185 125
      vertex 3.90181 -19.6157 122.5
      vertex 5.17638 -19.3185 122.5
    endloop
  endfacet
  facet normal 0.227085 -0.973875 0
    outer loop
      vertex 3.90181 -19.6157 6
      vertex 5.17638 -19.3185 106
      vertex 3.90181 -19.6157 106
    endloop
  endfacet
  facet normal 0.227085 -0.973875 0
    outer loop
      vertex 5.17638 -19.3185 106
      vertex 3.90181 -19.6157 6
      vertex 5.17638 -19.3185 6
    endloop
  endfacet
  facet normal 0.227085 -0.973875 0
    outer loop
      vertex 3.90181 -19.6157 115
      vertex 5.17638 -19.3185 117.5
      vertex 3.90181 -19.6157 117.5
    endloop
  endfacet
  facet normal 0.227085 -0.973875 0
    outer loop
      vertex 5.17638 -19.3185 117.5
      vertex 3.90181 -19.6157 115
      vertex 5.17638 -19.3185 115
    endloop
  endfacet
  facet normal 0.352242 -0.935909 0
    outer loop
      vertex 6.42879 -18.9386 122.5
      vertex 7.65367 -18.4776 125
      vertex 6.42879 -18.9386 125
    endloop
  endfacet
  facet normal 0.352242 -0.935909 0
    outer loop
      vertex 7.65367 -18.4776 125
      vertex 6.42879 -18.9386 122.5
      vertex 7.65367 -18.4776 122.5
    endloop
  endfacet
  facet normal 0.352242 -0.935909 0
    outer loop
      vertex 6.42879 -18.9386 6
      vertex 7.65367 -18.4776 106
      vertex 6.42879 -18.9386 106
    endloop
  endfacet
  facet normal 0.352242 -0.935909 0
    outer loop
      vertex 7.65367 -18.4776 106
      vertex 6.42879 -18.9386 6
      vertex 7.65367 -18.4776 6
    endloop
  endfacet
  facet normal 0.352242 -0.935909 0
    outer loop
      vertex 6.42879 -18.9386 115
      vertex 7.65367 -18.4776 117.5
      vertex 6.42879 -18.9386 117.5
    endloop
  endfacet
  facet normal 0.352242 -0.935909 0
    outer loop
      vertex 7.65367 -18.4776 117.5
      vertex 6.42879 -18.9386 115
      vertex 7.65367 -18.4776 115
    endloop
  endfacet
  facet normal 0.290275 -0.956943 0
    outer loop
      vertex 5.17638 -19.3185 122.5
      vertex 6.42879 -18.9386 125
      vertex 5.17638 -19.3185 125
    endloop
  endfacet
  facet normal 0.290275 -0.956943 0
    outer loop
      vertex 6.42879 -18.9386 125
      vertex 5.17638 -19.3185 122.5
      vertex 6.42879 -18.9386 122.5
    endloop
  endfacet
  facet normal 0.290275 -0.956943 0
    outer loop
      vertex 5.17638 -19.3185 6
      vertex 6.42879 -18.9386 106
      vertex 5.17638 -19.3185 106
    endloop
  endfacet
  facet normal 0.290275 -0.956943 0
    outer loop
      vertex 6.42879 -18.9386 106
      vertex 5.17638 -19.3185 6
      vertex 6.42879 -18.9386 6
    endloop
  endfacet
  facet normal 0.290275 -0.956943 0
    outer loop
      vertex 5.17638 -19.3185 115
      vertex 6.42879 -18.9386 117.5
      vertex 5.17638 -19.3185 117.5
    endloop
  endfacet
  facet normal 0.290275 -0.956943 0
    outer loop
      vertex 6.42879 -18.9386 117.5
      vertex 5.17638 -19.3185 115
      vertex 6.42879 -18.9386 115
    endloop
  endfacet
  facet normal 0.634402 -0.773003 0
    outer loop
      vertex 12.1752 -15.8671 122.5
      vertex 13.1869 -15.0368 125
      vertex 12.1752 -15.8671 125
    endloop
  endfacet
  facet normal 0.634402 -0.773003 0
    outer loop
      vertex 13.1869 -15.0368 125
      vertex 12.1752 -15.8671 122.5
      vertex 13.1869 -15.0368 122.5
    endloop
  endfacet
  facet normal 0.634402 -0.773003 0
    outer loop
      vertex 12.1752 -15.8671 6
      vertex 13.1869 -15.0368 106
      vertex 12.1752 -15.8671 106
    endloop
  endfacet
  facet normal 0.634402 -0.773003 0
    outer loop
      vertex 13.1869 -15.0368 106
      vertex 12.1752 -15.8671 6
      vertex 13.1869 -15.0368 6
    endloop
  endfacet
  facet normal 0.634402 -0.773003 0
    outer loop
      vertex 12.1752 -15.8671 115
      vertex 13.1869 -15.0368 117.5
      vertex 12.1752 -15.8671 117.5
    endloop
  endfacet
  facet normal 0.634402 -0.773003 0
    outer loop
      vertex 13.1869 -15.0368 117.5
      vertex 12.1752 -15.8671 115
      vertex 13.1869 -15.0368 115
    endloop
  endfacet
  facet normal 0.528061 -0.849207 0
    outer loop
      vertex 10 -17.3205 122.5
      vertex 11.1114 -16.6294 125
      vertex 10 -17.3205 125
    endloop
  endfacet
  facet normal 0.528061 -0.849207 0
    outer loop
      vertex 11.1114 -16.6294 125
      vertex 10 -17.3205 122.5
      vertex 11.1114 -16.6294 122.5
    endloop
  endfacet
  facet normal 0.528061 -0.849207 0
    outer loop
      vertex 10 -17.3205 6
      vertex 11.1114 -16.6294 106
      vertex 10 -17.3205 106
    endloop
  endfacet
  facet normal 0.528061 -0.849207 0
    outer loop
      vertex 11.1114 -16.6294 106
      vertex 10 -17.3205 6
      vertex 11.1114 -16.6294 6
    endloop
  endfacet
  facet normal 0.528061 -0.849207 0
    outer loop
      vertex 10 -17.3205 115
      vertex 11.1114 -16.6294 117.5
      vertex 10 -17.3205 117.5
    endloop
  endfacet
  facet normal 0.528061 -0.849207 0
    outer loop
      vertex 11.1114 -16.6294 117.5
      vertex 10 -17.3205 115
      vertex 11.1114 -16.6294 115
    endloop
  endfacet
  facet normal 0.471427 -0.881905 0
    outer loop
      vertex 8.84577 -17.9375 122.5
      vertex 10 -17.3205 125
      vertex 8.84577 -17.9375 125
    endloop
  endfacet
  facet normal 0.471427 -0.881905 0
    outer loop
      vertex 10 -17.3205 125
      vertex 8.84577 -17.9375 122.5
      vertex 10 -17.3205 122.5
    endloop
  endfacet
  facet normal 0.471427 -0.881905 0
    outer loop
      vertex 8.84577 -17.9375 6
      vertex 10 -17.3205 106
      vertex 8.84577 -17.9375 106
    endloop
  endfacet
  facet normal 0.471427 -0.881905 0
    outer loop
      vertex 10 -17.3205 106
      vertex 8.84577 -17.9375 6
      vertex 10 -17.3205 6
    endloop
  endfacet
  facet normal 0.471427 -0.881905 0
    outer loop
      vertex 8.84577 -17.9375 115
      vertex 10 -17.3205 117.5
      vertex 8.84577 -17.9375 117.5
    endloop
  endfacet
  facet normal 0.471427 -0.881905 0
    outer loop
      vertex 10 -17.3205 117.5
      vertex 8.84577 -17.9375 115
      vertex 10 -17.3205 115
    endloop
  endfacet
  facet normal 0.729842 -0.683616 0
    outer loop
      vertex 14.1421 -14.1421 125
      vertex 15.0368 -13.1869 122.5
      vertex 15.0368 -13.1869 125
    endloop
  endfacet
  facet normal 0.729842 -0.683616 0
    outer loop
      vertex 15.0368 -13.1869 122.5
      vertex 14.1421 -14.1421 125
      vertex 14.1421 -14.1421 122.5
    endloop
  endfacet
  facet normal 0.729842 -0.683616 0
    outer loop
      vertex 14.1421 -14.1421 106
      vertex 15.0368 -13.1869 6
      vertex 15.0368 -13.1869 106
    endloop
  endfacet
  facet normal 0.729842 -0.683616 0
    outer loop
      vertex 15.0368 -13.1869 6
      vertex 14.1421 -14.1421 106
      vertex 14.1421 -14.1421 6
    endloop
  endfacet
  facet normal 0.729842 -0.683616 0
    outer loop
      vertex 14.1421 -14.1421 117.5
      vertex 15.0368 -13.1869 115
      vertex 15.0368 -13.1869 117.5
    endloop
  endfacet
  facet normal 0.729842 -0.683616 0
    outer loop
      vertex 15.0368 -13.1869 115
      vertex 14.1421 -14.1421 117.5
      vertex 14.1421 -14.1421 115
    endloop
  endfacet
  facet normal 0.773003 -0.634402 0
    outer loop
      vertex 15.0368 -13.1869 125
      vertex 15.8671 -12.1752 122.5
      vertex 15.8671 -12.1752 125
    endloop
  endfacet
  facet normal 0.773003 -0.634402 0
    outer loop
      vertex 15.8671 -12.1752 122.5
      vertex 15.0368 -13.1869 125
      vertex 15.0368 -13.1869 122.5
    endloop
  endfacet
  facet normal 0.773003 -0.634402 0
    outer loop
      vertex 15.0368 -13.1869 106
      vertex 15.8671 -12.1752 6
      vertex 15.8671 -12.1752 106
    endloop
  endfacet
  facet normal 0.773003 -0.634402 0
    outer loop
      vertex 15.8671 -12.1752 6
      vertex 15.0368 -13.1869 106
      vertex 15.0368 -13.1869 6
    endloop
  endfacet
  facet normal 0.773003 -0.634402 0
    outer loop
      vertex 15.0368 -13.1869 117.5
      vertex 15.8671 -12.1752 115
      vertex 15.8671 -12.1752 117.5
    endloop
  endfacet
  facet normal 0.773003 -0.634402 0
    outer loop
      vertex 15.8671 -12.1752 115
      vertex 15.0368 -13.1869 117.5
      vertex 15.0368 -13.1869 115
    endloop
  endfacet
  facet normal 0.881905 -0.471427 0
    outer loop
      vertex 17.3205 -10 125
      vertex 17.9375 -8.84577 122.5
      vertex 17.9375 -8.84577 125
    endloop
  endfacet
  facet normal 0.881905 -0.471427 0
    outer loop
      vertex 17.9375 -8.84577 122.5
      vertex 17.3205 -10 125
      vertex 17.3205 -10 122.5
    endloop
  endfacet
  facet normal 0.881905 -0.471427 0
    outer loop
      vertex 17.3205 -10 106
      vertex 17.9375 -8.84577 6
      vertex 17.9375 -8.84577 106
    endloop
  endfacet
  facet normal 0.881905 -0.471427 0
    outer loop
      vertex 17.9375 -8.84577 6
      vertex 17.3205 -10 106
      vertex 17.3205 -10 6
    endloop
  endfacet
  facet normal 0.881905 -0.471427 0
    outer loop
      vertex 17.3205 -10 117.5
      vertex 17.9375 -8.84577 115
      vertex 17.9375 -8.84577 117.5
    endloop
  endfacet
  facet normal 0.881905 -0.471427 0
    outer loop
      vertex 17.9375 -8.84577 115
      vertex 17.3205 -10 117.5
      vertex 17.3205 -10 115
    endloop
  endfacet
  facet normal 0.935909 -0.352242 0
    outer loop
      vertex 18.4776 -7.65367 125
      vertex 18.9386 -6.42879 122.5
      vertex 18.9386 -6.42879 125
    endloop
  endfacet
  facet normal 0.935909 -0.352242 0
    outer loop
      vertex 18.9386 -6.42879 122.5
      vertex 18.4776 -7.65367 125
      vertex 18.4776 -7.65367 122.5
    endloop
  endfacet
  facet normal 0.935909 -0.352242 0
    outer loop
      vertex 18.4776 -7.65367 106
      vertex 18.9386 -6.42879 6
      vertex 18.9386 -6.42879 106
    endloop
  endfacet
  facet normal 0.935909 -0.352242 0
    outer loop
      vertex 18.9386 -6.42879 6
      vertex 18.4776 -7.65367 106
      vertex 18.4776 -7.65367 6
    endloop
  endfacet
  facet normal 0.935909 -0.352242 0
    outer loop
      vertex 18.4776 -7.65367 117.5
      vertex 18.9386 -6.42879 115
      vertex 18.9386 -6.42879 117.5
    endloop
  endfacet
  facet normal 0.935909 -0.352242 0
    outer loop
      vertex 18.9386 -6.42879 115
      vertex 18.4776 -7.65367 117.5
      vertex 18.4776 -7.65367 115
    endloop
  endfacet
  facet normal 0.910873 -0.412686 0
    outer loop
      vertex 17.9375 -8.84577 125
      vertex 18.4776 -7.65367 122.5
      vertex 18.4776 -7.65367 125
    endloop
  endfacet
  facet normal 0.910873 -0.412686 0
    outer loop
      vertex 18.4776 -7.65367 122.5
      vertex 17.9375 -8.84577 125
      vertex 17.9375 -8.84577 122.5
    endloop
  endfacet
  facet normal 0.910873 -0.412686 0
    outer loop
      vertex 17.9375 -8.84577 106
      vertex 18.4776 -7.65367 6
      vertex 18.4776 -7.65367 106
    endloop
  endfacet
  facet normal 0.910873 -0.412686 0
    outer loop
      vertex 18.4776 -7.65367 6
      vertex 17.9375 -8.84577 106
      vertex 17.9375 -8.84577 6
    endloop
  endfacet
  facet normal 0.910873 -0.412686 0
    outer loop
      vertex 17.9375 -8.84577 117.5
      vertex 18.4776 -7.65367 115
      vertex 18.4776 -7.65367 117.5
    endloop
  endfacet
  facet normal 0.910873 -0.412686 0
    outer loop
      vertex 18.4776 -7.65367 115
      vertex 17.9375 -8.84577 117.5
      vertex 17.9375 -8.84577 115
    endloop
  endfacet
  facet normal 0.973875 -0.227085 0
    outer loop
      vertex 19.3185 -5.17638 125
      vertex 19.6157 -3.90181 122.5
      vertex 19.6157 -3.90181 125
    endloop
  endfacet
  facet normal 0.973875 -0.227085 0
    outer loop
      vertex 19.6157 -3.90181 122.5
      vertex 19.3185 -5.17638 125
      vertex 19.3185 -5.17638 122.5
    endloop
  endfacet
  facet normal 0.973875 -0.227085 0
    outer loop
      vertex 19.3185 -5.17638 106
      vertex 19.6157 -3.90181 6
      vertex 19.6157 -3.90181 106
    endloop
  endfacet
  facet normal 0.973875 -0.227085 0
    outer loop
      vertex 19.6157 -3.90181 6
      vertex 19.3185 -5.17638 106
      vertex 19.3185 -5.17638 6
    endloop
  endfacet
  facet normal 0.973875 -0.227085 0
    outer loop
      vertex 19.3185 -5.17638 117.5
      vertex 19.6157 -3.90181 115
      vertex 19.6157 -3.90181 117.5
    endloop
  endfacet
  facet normal 0.973875 -0.227085 0
    outer loop
      vertex 19.6157 -3.90181 115
      vertex 19.3185 -5.17638 117.5
      vertex 19.3185 -5.17638 115
    endloop
  endfacet
  facet normal -0.582474 -0.81285 0
    outer loop
      vertex -12.1752 -15.8671 122.5
      vertex -11.1114 -16.6294 125
      vertex -12.1752 -15.8671 125
    endloop
  endfacet
  facet normal -0.582474 -0.81285 -0
    outer loop
      vertex -11.1114 -16.6294 125
      vertex -12.1752 -15.8671 122.5
      vertex -11.1114 -16.6294 122.5
    endloop
  endfacet
  facet normal -0.582474 -0.81285 0
    outer loop
      vertex -12.1752 -15.8671 6
      vertex -11.1114 -16.6294 106
      vertex -12.1752 -15.8671 106
    endloop
  endfacet
  facet normal -0.582474 -0.81285 -0
    outer loop
      vertex -11.1114 -16.6294 106
      vertex -12.1752 -15.8671 6
      vertex -11.1114 -16.6294 6
    endloop
  endfacet
  facet normal -0.582474 -0.81285 0
    outer loop
      vertex -12.1752 -15.8671 115
      vertex -11.1114 -16.6294 117.5
      vertex -12.1752 -15.8671 117.5
    endloop
  endfacet
  facet normal -0.582474 -0.81285 -0
    outer loop
      vertex -11.1114 -16.6294 117.5
      vertex -12.1752 -15.8671 115
      vertex -11.1114 -16.6294 115
    endloop
  endfacet
  facet normal -0.683616 -0.729842 0
    outer loop
      vertex -14.1421 -14.1421 122.5
      vertex -13.1869 -15.0368 125
      vertex -14.1421 -14.1421 125
    endloop
  endfacet
  facet normal -0.683616 -0.729842 -0
    outer loop
      vertex -13.1869 -15.0368 125
      vertex -14.1421 -14.1421 122.5
      vertex -13.1869 -15.0368 122.5
    endloop
  endfacet
  facet normal -0.683616 -0.729842 0
    outer loop
      vertex -14.1421 -14.1421 6
      vertex -13.1869 -15.0368 106
      vertex -14.1421 -14.1421 106
    endloop
  endfacet
  facet normal -0.683616 -0.729842 -0
    outer loop
      vertex -13.1869 -15.0368 106
      vertex -14.1421 -14.1421 6
      vertex -13.1869 -15.0368 6
    endloop
  endfacet
  facet normal -0.683616 -0.729842 0
    outer loop
      vertex -14.1421 -14.1421 115
      vertex -13.1869 -15.0368 117.5
      vertex -14.1421 -14.1421 117.5
    endloop
  endfacet
  facet normal -0.683616 -0.729842 -0
    outer loop
      vertex -13.1869 -15.0368 117.5
      vertex -14.1421 -14.1421 115
      vertex -13.1869 -15.0368 115
    endloop
  endfacet
  facet normal -0.634402 -0.773003 0
    outer loop
      vertex -13.1869 -15.0368 122.5
      vertex -12.1752 -15.8671 125
      vertex -13.1869 -15.0368 125
    endloop
  endfacet
  facet normal -0.634402 -0.773003 -0
    outer loop
      vertex -12.1752 -15.8671 125
      vertex -13.1869 -15.0368 122.5
      vertex -12.1752 -15.8671 122.5
    endloop
  endfacet
  facet normal -0.634402 -0.773003 0
    outer loop
      vertex -13.1869 -15.0368 6
      vertex -12.1752 -15.8671 106
      vertex -13.1869 -15.0368 106
    endloop
  endfacet
  facet normal -0.634402 -0.773003 -0
    outer loop
      vertex -12.1752 -15.8671 106
      vertex -13.1869 -15.0368 6
      vertex -12.1752 -15.8671 6
    endloop
  endfacet
  facet normal -0.634402 -0.773003 0
    outer loop
      vertex -13.1869 -15.0368 115
      vertex -12.1752 -15.8671 117.5
      vertex -13.1869 -15.0368 117.5
    endloop
  endfacet
  facet normal -0.634402 -0.773003 -0
    outer loop
      vertex -12.1752 -15.8671 117.5
      vertex -13.1869 -15.0368 115
      vertex -12.1752 -15.8671 115
    endloop
  endfacet
  facet normal -0.471427 -0.881905 0
    outer loop
      vertex -10 -17.3205 122.5
      vertex -8.84577 -17.9375 125
      vertex -10 -17.3205 125
    endloop
  endfacet
  facet normal -0.471427 -0.881905 -0
    outer loop
      vertex -8.84577 -17.9375 125
      vertex -10 -17.3205 122.5
      vertex -8.84577 -17.9375 122.5
    endloop
  endfacet
  facet normal -0.471427 -0.881905 0
    outer loop
      vertex -10 -17.3205 6
      vertex -8.84577 -17.9375 106
      vertex -10 -17.3205 106
    endloop
  endfacet
  facet normal -0.471427 -0.881905 -0
    outer loop
      vertex -8.84577 -17.9375 106
      vertex -10 -17.3205 6
      vertex -8.84577 -17.9375 6
    endloop
  endfacet
  facet normal -0.471427 -0.881905 0
    outer loop
      vertex -10 -17.3205 115
      vertex -8.84577 -17.9375 117.5
      vertex -10 -17.3205 117.5
    endloop
  endfacet
  facet normal -0.471427 -0.881905 -0
    outer loop
      vertex -8.84577 -17.9375 117.5
      vertex -10 -17.3205 115
      vertex -8.84577 -17.9375 115
    endloop
  endfacet
  facet normal -0.0980314 -0.995183 0
    outer loop
      vertex -2.61052 -19.8289 122.5
      vertex -1.30806 -19.9572 125
      vertex -2.61052 -19.8289 125
    endloop
  endfacet
  facet normal -0.0980314 -0.995183 -0
    outer loop
      vertex -1.30806 -19.9572 125
      vertex -2.61052 -19.8289 122.5
      vertex -1.30806 -19.9572 122.5
    endloop
  endfacet
  facet normal -0.0980314 -0.995183 0
    outer loop
      vertex -2.61052 -19.8289 6
      vertex -1.30806 -19.9572 106
      vertex -2.61052 -19.8289 106
    endloop
  endfacet
  facet normal -0.0980314 -0.995183 -0
    outer loop
      vertex -1.30806 -19.9572 106
      vertex -2.61052 -19.8289 6
      vertex -1.30806 -19.9572 6
    endloop
  endfacet
  facet normal -0.0980314 -0.995183 0
    outer loop
      vertex -2.61052 -19.8289 115
      vertex -1.30806 -19.9572 117.5
      vertex -2.61052 -19.8289 117.5
    endloop
  endfacet
  facet normal -0.0980314 -0.995183 -0
    outer loop
      vertex -1.30806 -19.9572 117.5
      vertex -2.61052 -19.8289 115
      vertex -1.30806 -19.9572 115
    endloop
  endfacet
  facet normal -0.162901 -0.986642 0
    outer loop
      vertex -3.90181 -19.6157 122.5
      vertex -2.61052 -19.8289 125
      vertex -3.90181 -19.6157 125
    endloop
  endfacet
  facet normal -0.162901 -0.986642 -0
    outer loop
      vertex -2.61052 -19.8289 125
      vertex -3.90181 -19.6157 122.5
      vertex -2.61052 -19.8289 122.5
    endloop
  endfacet
  facet normal -0.162901 -0.986642 0
    outer loop
      vertex -3.90181 -19.6157 6
      vertex -2.61052 -19.8289 106
      vertex -3.90181 -19.6157 106
    endloop
  endfacet
  facet normal -0.162901 -0.986642 -0
    outer loop
      vertex -2.61052 -19.8289 106
      vertex -3.90181 -19.6157 6
      vertex -2.61052 -19.8289 6
    endloop
  endfacet
  facet normal -0.162901 -0.986642 0
    outer loop
      vertex -3.90181 -19.6157 115
      vertex -2.61052 -19.8289 117.5
      vertex -3.90181 -19.6157 117.5
    endloop
  endfacet
  facet normal -0.162901 -0.986642 -0
    outer loop
      vertex -2.61052 -19.8289 117.5
      vertex -3.90181 -19.6157 115
      vertex -2.61052 -19.8289 115
    endloop
  endfacet
  facet normal -0.729842 -0.683616 0
    outer loop
      vertex -14.1421 -14.1421 122.5
      vertex -15.0368 -13.1869 125
      vertex -15.0368 -13.1869 122.5
    endloop
  endfacet
  facet normal -0.729842 -0.683616 0
    outer loop
      vertex -15.0368 -13.1869 125
      vertex -14.1421 -14.1421 122.5
      vertex -14.1421 -14.1421 125
    endloop
  endfacet
  facet normal -0.729842 -0.683616 0
    outer loop
      vertex -14.1421 -14.1421 6
      vertex -15.0368 -13.1869 106
      vertex -15.0368 -13.1869 6
    endloop
  endfacet
  facet normal -0.729842 -0.683616 0
    outer loop
      vertex -15.0368 -13.1869 106
      vertex -14.1421 -14.1421 6
      vertex -14.1421 -14.1421 106
    endloop
  endfacet
  facet normal -0.729842 -0.683616 0
    outer loop
      vertex -14.1421 -14.1421 115
      vertex -15.0368 -13.1869 117.5
      vertex -15.0368 -13.1869 115
    endloop
  endfacet
  facet normal -0.729842 -0.683616 0
    outer loop
      vertex -15.0368 -13.1869 117.5
      vertex -14.1421 -14.1421 115
      vertex -14.1421 -14.1421 117.5
    endloop
  endfacet
  facet normal -0.910873 -0.412686 0
    outer loop
      vertex -17.9375 -8.84577 122.5
      vertex -18.4776 -7.65367 125
      vertex -18.4776 -7.65367 122.5
    endloop
  endfacet
  facet normal -0.910873 -0.412686 0
    outer loop
      vertex -18.4776 -7.65367 125
      vertex -17.9375 -8.84577 122.5
      vertex -17.9375 -8.84577 125
    endloop
  endfacet
  facet normal -0.910873 -0.412686 0
    outer loop
      vertex -17.9375 -8.84577 6
      vertex -18.4776 -7.65367 106
      vertex -18.4776 -7.65367 6
    endloop
  endfacet
  facet normal -0.910873 -0.412686 0
    outer loop
      vertex -18.4776 -7.65367 106
      vertex -17.9375 -8.84577 6
      vertex -17.9375 -8.84577 106
    endloop
  endfacet
  facet normal -0.910873 -0.412686 0
    outer loop
      vertex -17.9375 -8.84577 115
      vertex -18.4776 -7.65367 117.5
      vertex -18.4776 -7.65367 115
    endloop
  endfacet
  facet normal -0.910873 -0.412686 0
    outer loop
      vertex -18.4776 -7.65367 117.5
      vertex -17.9375 -8.84577 115
      vertex -17.9375 -8.84577 117.5
    endloop
  endfacet
  facet normal -0.881905 -0.471427 0
    outer loop
      vertex -17.3205 -10 122.5
      vertex -17.9375 -8.84577 125
      vertex -17.9375 -8.84577 122.5
    endloop
  endfacet
  facet normal -0.881905 -0.471427 0
    outer loop
      vertex -17.9375 -8.84577 125
      vertex -17.3205 -10 122.5
      vertex -17.3205 -10 125
    endloop
  endfacet
  facet normal -0.881905 -0.471427 0
    outer loop
      vertex -17.3205 -10 6
      vertex -17.9375 -8.84577 106
      vertex -17.9375 -8.84577 6
    endloop
  endfacet
  facet normal -0.881905 -0.471427 0
    outer loop
      vertex -17.9375 -8.84577 106
      vertex -17.3205 -10 6
      vertex -17.3205 -10 106
    endloop
  endfacet
  facet normal -0.881905 -0.471427 0
    outer loop
      vertex -17.3205 -10 115
      vertex -17.9375 -8.84577 117.5
      vertex -17.9375 -8.84577 115
    endloop
  endfacet
  facet normal -0.881905 -0.471427 0
    outer loop
      vertex -17.9375 -8.84577 117.5
      vertex -17.3205 -10 115
      vertex -17.3205 -10 117.5
    endloop
  endfacet
  facet normal -0.973875 -0.227085 0
    outer loop
      vertex -19.3185 -5.17638 122.5
      vertex -19.6157 -3.90181 125
      vertex -19.6157 -3.90181 122.5
    endloop
  endfacet
  facet normal -0.973875 -0.227085 0
    outer loop
      vertex -19.6157 -3.90181 125
      vertex -19.3185 -5.17638 122.5
      vertex -19.3185 -5.17638 125
    endloop
  endfacet
  facet normal -0.973875 -0.227085 0
    outer loop
      vertex -19.3185 -5.17638 6
      vertex -19.6157 -3.90181 106
      vertex -19.6157 -3.90181 6
    endloop
  endfacet
  facet normal -0.973875 -0.227085 0
    outer loop
      vertex -19.6157 -3.90181 106
      vertex -19.3185 -5.17638 6
      vertex -19.3185 -5.17638 106
    endloop
  endfacet
  facet normal -0.973875 -0.227085 0
    outer loop
      vertex -19.3185 -5.17638 115
      vertex -19.6157 -3.90181 117.5
      vertex -19.6157 -3.90181 115
    endloop
  endfacet
  facet normal -0.973875 -0.227085 0
    outer loop
      vertex -19.6157 -3.90181 117.5
      vertex -19.3185 -5.17638 115
      vertex -19.3185 -5.17638 117.5
    endloop
  endfacet
  facet normal 0.471427 0.881905 -0
    outer loop
      vertex 10 17.3205 122.5
      vertex 8.84577 17.9375 125
      vertex 10 17.3205 125
    endloop
  endfacet
  facet normal 0.471427 0.881905 0
    outer loop
      vertex 8.84577 17.9375 125
      vertex 10 17.3205 122.5
      vertex 8.84577 17.9375 122.5
    endloop
  endfacet
  facet normal 0.471427 0.881905 -0
    outer loop
      vertex 10 17.3205 6
      vertex 8.84577 17.9375 106
      vertex 10 17.3205 106
    endloop
  endfacet
  facet normal 0.471427 0.881905 0
    outer loop
      vertex 8.84577 17.9375 106
      vertex 10 17.3205 6
      vertex 8.84577 17.9375 6
    endloop
  endfacet
  facet normal 0.471427 0.881905 -0
    outer loop
      vertex 10 17.3205 115
      vertex 8.84577 17.9375 117.5
      vertex 10 17.3205 117.5
    endloop
  endfacet
  facet normal 0.471427 0.881905 0
    outer loop
      vertex 8.84577 17.9375 117.5
      vertex 10 17.3205 115
      vertex 8.84577 17.9375 115
    endloop
  endfacet
  facet normal -0.729842 0.683616 0
    outer loop
      vertex -15.0368 13.1869 122.5
      vertex -14.1421 14.1421 125
      vertex -14.1421 14.1421 122.5
    endloop
  endfacet
  facet normal -0.729842 0.683616 0
    outer loop
      vertex -14.1421 14.1421 125
      vertex -15.0368 13.1869 122.5
      vertex -15.0368 13.1869 125
    endloop
  endfacet
  facet normal -0.729842 0.683616 0
    outer loop
      vertex -15.0368 13.1869 6
      vertex -14.1421 14.1421 106
      vertex -14.1421 14.1421 6
    endloop
  endfacet
  facet normal -0.729842 0.683616 0
    outer loop
      vertex -14.1421 14.1421 106
      vertex -15.0368 13.1869 6
      vertex -15.0368 13.1869 106
    endloop
  endfacet
  facet normal -0.729842 0.683616 0
    outer loop
      vertex -15.0368 13.1869 115
      vertex -14.1421 14.1421 117.5
      vertex -14.1421 14.1421 115
    endloop
  endfacet
  facet normal -0.729842 0.683616 0
    outer loop
      vertex -14.1421 14.1421 117.5
      vertex -15.0368 13.1869 115
      vertex -15.0368 13.1869 117.5
    endloop
  endfacet
  facet normal -0.881905 0.471427 0
    outer loop
      vertex -17.9375 8.84577 122.5
      vertex -17.3205 10 125
      vertex -17.3205 10 122.5
    endloop
  endfacet
  facet normal -0.881905 0.471427 0
    outer loop
      vertex -17.3205 10 125
      vertex -17.9375 8.84577 122.5
      vertex -17.9375 8.84577 125
    endloop
  endfacet
  facet normal -0.881905 0.471427 0
    outer loop
      vertex -17.9375 8.84577 6
      vertex -17.3205 10 106
      vertex -17.3205 10 6
    endloop
  endfacet
  facet normal -0.881905 0.471427 0
    outer loop
      vertex -17.3205 10 106
      vertex -17.9375 8.84577 6
      vertex -17.9375 8.84577 106
    endloop
  endfacet
  facet normal -0.881905 0.471427 0
    outer loop
      vertex -17.9375 8.84577 115
      vertex -17.3205 10 117.5
      vertex -17.3205 10 115
    endloop
  endfacet
  facet normal -0.881905 0.471427 0
    outer loop
      vertex -17.3205 10 117.5
      vertex -17.9375 8.84577 115
      vertex -17.9375 8.84577 117.5
    endloop
  endfacet
  facet normal -0.986642 0.162901 0
    outer loop
      vertex -19.8289 2.61052 122.5
      vertex -19.6157 3.90181 125
      vertex -19.6157 3.90181 122.5
    endloop
  endfacet
  facet normal -0.986642 0.162901 0
    outer loop
      vertex -19.6157 3.90181 125
      vertex -19.8289 2.61052 122.5
      vertex -19.8289 2.61052 125
    endloop
  endfacet
  facet normal -0.986642 0.162901 0
    outer loop
      vertex -19.8289 2.61052 6
      vertex -19.6157 3.90181 106
      vertex -19.6157 3.90181 6
    endloop
  endfacet
  facet normal -0.986642 0.162901 0
    outer loop
      vertex -19.6157 3.90181 106
      vertex -19.8289 2.61052 6
      vertex -19.8289 2.61052 106
    endloop
  endfacet
  facet normal -0.986642 0.162901 0
    outer loop
      vertex -19.8289 2.61052 115
      vertex -19.6157 3.90181 117.5
      vertex -19.6157 3.90181 115
    endloop
  endfacet
  facet normal -0.986642 0.162901 0
    outer loop
      vertex -19.6157 3.90181 117.5
      vertex -19.8289 2.61052 115
      vertex -19.8289 2.61052 117.5
    endloop
  endfacet
  facet normal -0.412686 0.910873 0
    outer loop
      vertex -7.65367 18.4776 122.5
      vertex -8.84577 17.9375 125
      vertex -7.65367 18.4776 125
    endloop
  endfacet
  facet normal -0.412686 0.910873 0
    outer loop
      vertex -8.84577 17.9375 125
      vertex -7.65367 18.4776 122.5
      vertex -8.84577 17.9375 122.5
    endloop
  endfacet
  facet normal -0.412686 0.910873 0
    outer loop
      vertex -7.65367 18.4776 6
      vertex -8.84577 17.9375 106
      vertex -7.65367 18.4776 106
    endloop
  endfacet
  facet normal -0.412686 0.910873 0
    outer loop
      vertex -8.84577 17.9375 106
      vertex -7.65367 18.4776 6
      vertex -8.84577 17.9375 6
    endloop
  endfacet
  facet normal -0.412686 0.910873 0
    outer loop
      vertex -7.65367 18.4776 115
      vertex -8.84577 17.9375 117.5
      vertex -7.65367 18.4776 117.5
    endloop
  endfacet
  facet normal -0.412686 0.910873 0
    outer loop
      vertex -8.84577 17.9375 117.5
      vertex -7.65367 18.4776 115
      vertex -8.84577 17.9375 115
    endloop
  endfacet
  facet normal -0.634402 0.773003 0
    outer loop
      vertex -12.1752 15.8671 122.5
      vertex -13.1869 15.0368 125
      vertex -12.1752 15.8671 125
    endloop
  endfacet
  facet normal -0.634402 0.773003 0
    outer loop
      vertex -13.1869 15.0368 125
      vertex -12.1752 15.8671 122.5
      vertex -13.1869 15.0368 122.5
    endloop
  endfacet
  facet normal -0.634402 0.773003 0
    outer loop
      vertex -12.1752 15.8671 6
      vertex -13.1869 15.0368 106
      vertex -12.1752 15.8671 106
    endloop
  endfacet
  facet normal -0.634402 0.773003 0
    outer loop
      vertex -13.1869 15.0368 106
      vertex -12.1752 15.8671 6
      vertex -13.1869 15.0368 6
    endloop
  endfacet
  facet normal -0.634402 0.773003 0
    outer loop
      vertex -12.1752 15.8671 115
      vertex -13.1869 15.0368 117.5
      vertex -12.1752 15.8671 117.5
    endloop
  endfacet
  facet normal -0.634402 0.773003 0
    outer loop
      vertex -13.1869 15.0368 117.5
      vertex -12.1752 15.8671 115
      vertex -13.1869 15.0368 115
    endloop
  endfacet
  facet normal -0.227085 0.973875 0
    outer loop
      vertex -3.90181 19.6157 122.5
      vertex -5.17638 19.3185 125
      vertex -3.90181 19.6157 125
    endloop
  endfacet
  facet normal -0.227085 0.973875 0
    outer loop
      vertex -5.17638 19.3185 125
      vertex -3.90181 19.6157 122.5
      vertex -5.17638 19.3185 122.5
    endloop
  endfacet
  facet normal -0.227085 0.973875 0
    outer loop
      vertex -3.90181 19.6157 6
      vertex -5.17638 19.3185 106
      vertex -3.90181 19.6157 106
    endloop
  endfacet
  facet normal -0.227085 0.973875 0
    outer loop
      vertex -5.17638 19.3185 106
      vertex -3.90181 19.6157 6
      vertex -5.17638 19.3185 6
    endloop
  endfacet
  facet normal -0.227085 0.973875 0
    outer loop
      vertex -3.90181 19.6157 115
      vertex -5.17638 19.3185 117.5
      vertex -3.90181 19.6157 117.5
    endloop
  endfacet
  facet normal -0.227085 0.973875 0
    outer loop
      vertex -5.17638 19.3185 117.5
      vertex -3.90181 19.6157 115
      vertex -5.17638 19.3185 115
    endloop
  endfacet
  facet normal -0.0980314 0.995183 0
    outer loop
      vertex -1.30806 19.9572 122.5
      vertex -2.61052 19.8289 125
      vertex -1.30806 19.9572 125
    endloop
  endfacet
  facet normal -0.0980314 0.995183 0
    outer loop
      vertex -2.61052 19.8289 125
      vertex -1.30806 19.9572 122.5
      vertex -2.61052 19.8289 122.5
    endloop
  endfacet
  facet normal -0.0980314 0.995183 0
    outer loop
      vertex -1.30806 19.9572 6
      vertex -2.61052 19.8289 106
      vertex -1.30806 19.9572 106
    endloop
  endfacet
  facet normal -0.0980314 0.995183 0
    outer loop
      vertex -2.61052 19.8289 106
      vertex -1.30806 19.9572 6
      vertex -2.61052 19.8289 6
    endloop
  endfacet
  facet normal -0.0980314 0.995183 0
    outer loop
      vertex -1.30806 19.9572 115
      vertex -2.61052 19.8289 117.5
      vertex -1.30806 19.9572 117.5
    endloop
  endfacet
  facet normal -0.0980314 0.995183 0
    outer loop
      vertex -2.61052 19.8289 117.5
      vertex -1.30806 19.9572 115
      vertex -2.61052 19.8289 115
    endloop
  endfacet
  facet normal 0.162901 -0.986642 0
    outer loop
      vertex 2.61052 -19.8289 122.5
      vertex 3.90181 -19.6157 125
      vertex 2.61052 -19.8289 125
    endloop
  endfacet
  facet normal 0.162901 -0.986642 0
    outer loop
      vertex 3.90181 -19.6157 125
      vertex 2.61052 -19.8289 122.5
      vertex 3.90181 -19.6157 122.5
    endloop
  endfacet
  facet normal 0.162901 -0.986642 0
    outer loop
      vertex 2.61052 -19.8289 6
      vertex 3.90181 -19.6157 106
      vertex 2.61052 -19.8289 106
    endloop
  endfacet
  facet normal 0.162901 -0.986642 0
    outer loop
      vertex 3.90181 -19.6157 106
      vertex 2.61052 -19.8289 6
      vertex 3.90181 -19.6157 6
    endloop
  endfacet
  facet normal 0.162901 -0.986642 0
    outer loop
      vertex 2.61052 -19.8289 115
      vertex 3.90181 -19.6157 117.5
      vertex 2.61052 -19.8289 117.5
    endloop
  endfacet
  facet normal 0.162901 -0.986642 0
    outer loop
      vertex 3.90181 -19.6157 117.5
      vertex 2.61052 -19.8289 115
      vertex 3.90181 -19.6157 115
    endloop
  endfacet
  facet normal 0.849207 -0.528061 0
    outer loop
      vertex 16.6294 -11.1114 125
      vertex 17.3205 -10 122.5
      vertex 17.3205 -10 125
    endloop
  endfacet
  facet normal 0.849207 -0.528061 0
    outer loop
      vertex 17.3205 -10 122.5
      vertex 16.6294 -11.1114 125
      vertex 16.6294 -11.1114 122.5
    endloop
  endfacet
  facet normal 0.849207 -0.528061 0
    outer loop
      vertex 16.6294 -11.1114 106
      vertex 17.3205 -10 6
      vertex 17.3205 -10 106
    endloop
  endfacet
  facet normal 0.849207 -0.528061 0
    outer loop
      vertex 17.3205 -10 6
      vertex 16.6294 -11.1114 106
      vertex 16.6294 -11.1114 6
    endloop
  endfacet
  facet normal 0.849207 -0.528061 0
    outer loop
      vertex 16.6294 -11.1114 117.5
      vertex 17.3205 -10 115
      vertex 17.3205 -10 117.5
    endloop
  endfacet
  facet normal 0.849207 -0.528061 0
    outer loop
      vertex 17.3205 -10 115
      vertex 16.6294 -11.1114 117.5
      vertex 16.6294 -11.1114 115
    endloop
  endfacet
  facet normal 0.995183 -0.0980314 0
    outer loop
      vertex 19.8289 -2.61052 125
      vertex 19.9572 -1.30806 122.5
      vertex 19.9572 -1.30806 125
    endloop
  endfacet
  facet normal 0.995183 -0.0980314 0
    outer loop
      vertex 19.9572 -1.30806 122.5
      vertex 19.8289 -2.61052 125
      vertex 19.8289 -2.61052 122.5
    endloop
  endfacet
  facet normal 0.995183 -0.0980314 0
    outer loop
      vertex 19.8289 -2.61052 106
      vertex 19.9572 -1.30806 6
      vertex 19.9572 -1.30806 106
    endloop
  endfacet
  facet normal 0.995183 -0.0980314 0
    outer loop
      vertex 19.9572 -1.30806 6
      vertex 19.8289 -2.61052 106
      vertex 19.8289 -2.61052 6
    endloop
  endfacet
  facet normal 0.995183 -0.0980314 0
    outer loop
      vertex 19.8289 -2.61052 117.5
      vertex 19.9572 -1.30806 115
      vertex 19.9572 -1.30806 117.5
    endloop
  endfacet
  facet normal 0.995183 -0.0980314 0
    outer loop
      vertex 19.9572 -1.30806 115
      vertex 19.8289 -2.61052 117.5
      vertex 19.8289 -2.61052 115
    endloop
  endfacet
  facet normal -0.227085 -0.973875 0
    outer loop
      vertex -5.17638 -19.3185 122.5
      vertex -3.90181 -19.6157 125
      vertex -5.17638 -19.3185 125
    endloop
  endfacet
  facet normal -0.227085 -0.973875 -0
    outer loop
      vertex -3.90181 -19.6157 125
      vertex -5.17638 -19.3185 122.5
      vertex -3.90181 -19.6157 122.5
    endloop
  endfacet
  facet normal -0.227085 -0.973875 0
    outer loop
      vertex -5.17638 -19.3185 6
      vertex -3.90181 -19.6157 106
      vertex -5.17638 -19.3185 106
    endloop
  endfacet
  facet normal -0.227085 -0.973875 -0
    outer loop
      vertex -3.90181 -19.6157 106
      vertex -5.17638 -19.3185 6
      vertex -3.90181 -19.6157 6
    endloop
  endfacet
  facet normal -0.227085 -0.973875 0
    outer loop
      vertex -5.17638 -19.3185 115
      vertex -3.90181 -19.6157 117.5
      vertex -5.17638 -19.3185 117.5
    endloop
  endfacet
  facet normal -0.227085 -0.973875 -0
    outer loop
      vertex -3.90181 -19.6157 117.5
      vertex -5.17638 -19.3185 115
      vertex -3.90181 -19.6157 115
    endloop
  endfacet
  facet normal -0.956943 -0.290275 0
    outer loop
      vertex -18.9386 -6.42879 122.5
      vertex -19.3185 -5.17638 125
      vertex -19.3185 -5.17638 122.5
    endloop
  endfacet
  facet normal -0.956943 -0.290275 0
    outer loop
      vertex -19.3185 -5.17638 125
      vertex -18.9386 -6.42879 122.5
      vertex -18.9386 -6.42879 125
    endloop
  endfacet
  facet normal -0.956943 -0.290275 0
    outer loop
      vertex -18.9386 -6.42879 6
      vertex -19.3185 -5.17638 106
      vertex -19.3185 -5.17638 6
    endloop
  endfacet
  facet normal -0.956943 -0.290275 0
    outer loop
      vertex -19.3185 -5.17638 106
      vertex -18.9386 -6.42879 6
      vertex -18.9386 -6.42879 106
    endloop
  endfacet
  facet normal -0.956943 -0.290275 0
    outer loop
      vertex -18.9386 -6.42879 115
      vertex -19.3185 -5.17638 117.5
      vertex -19.3185 -5.17638 115
    endloop
  endfacet
  facet normal -0.956943 -0.290275 0
    outer loop
      vertex -19.3185 -5.17638 117.5
      vertex -18.9386 -6.42879 115
      vertex -18.9386 -6.42879 117.5
    endloop
  endfacet
  facet normal -0.986642 -0.162901 0
    outer loop
      vertex -19.6157 -3.90181 122.5
      vertex -19.8289 -2.61052 125
      vertex -19.8289 -2.61052 122.5
    endloop
  endfacet
  facet normal -0.986642 -0.162901 0
    outer loop
      vertex -19.8289 -2.61052 125
      vertex -19.6157 -3.90181 122.5
      vertex -19.6157 -3.90181 125
    endloop
  endfacet
  facet normal -0.986642 -0.162901 0
    outer loop
      vertex -19.6157 -3.90181 6
      vertex -19.8289 -2.61052 106
      vertex -19.8289 -2.61052 6
    endloop
  endfacet
  facet normal -0.986642 -0.162901 0
    outer loop
      vertex -19.8289 -2.61052 106
      vertex -19.6157 -3.90181 6
      vertex -19.6157 -3.90181 106
    endloop
  endfacet
  facet normal -0.986642 -0.162901 0
    outer loop
      vertex -19.6157 -3.90181 115
      vertex -19.8289 -2.61052 117.5
      vertex -19.8289 -2.61052 115
    endloop
  endfacet
  facet normal -0.986642 -0.162901 0
    outer loop
      vertex -19.8289 -2.61052 117.5
      vertex -19.6157 -3.90181 115
      vertex -19.6157 -3.90181 117.5
    endloop
  endfacet
  facet normal 0.644261 -0.291893 -0.706914
    outer loop
      vertex 20.6281 -10.1726 109
      vertex 18.4776 -7.65367 106
      vertex 21.2492 -8.80172 109
    endloop
  endfacet
  facet normal 0.706908 0.0237064 -0.706908
    outer loop
      vertex 21.1543 0.229609 107.162
      vertex 23 0 109
      vertex 21.2 0 107.2
    endloop
  endfacet
  facet normal 0.706881 0.0231199 -0.706954
    outer loop
      vertex 23 0 109
      vertex 21.1543 0.229609 107.162
      vertex 22.9508 1.50427 109
    endloop
  endfacet
  facet normal 0.707228 0.0221752 -0.706638
    outer loop
      vertex 21.0243 0.424264 107.038
      vertex 22.9508 1.50427 109
      vertex 21.1543 0.229609 107.162
    endloop
  endfacet
  facet normal 0.706349 0.025156 -0.707416
    outer loop
      vertex 22.9508 1.50427 109
      vertex 21.0243 0.424264 107.038
      vertex 20.9412 0.479794 106.957
    endloop
  endfacet
  facet normal 0.70667 0.0239692 -0.707137
    outer loop
      vertex 20.8296 0.554327 106.848
      vertex 22.9508 1.50427 109
      vertex 20.9412 0.479794 106.957
    endloop
  endfacet
  facet normal 0.706687 0.0223301 -0.707173
    outer loop
      vertex 19.9572 1.30806 106
      vertex 20.8296 0.554327 106.848
      vertex 20.6 0.599999 106.62
    endloop
  endfacet
  facet normal 0.706834 0.0225991 -0.707018
    outer loop
      vertex 19.9572 1.30806 106
      vertex 20.6 0.599999 106.62
      vertex 20.3704 0.554327 106.389
    endloop
  endfacet
  facet normal 0.706927 0.0228967 -0.706916
    outer loop
      vertex 20.8296 0.554327 106.848
      vertex 19.9572 1.30806 106
      vertex 22.9508 1.50427 109
    endloop
  endfacet
  facet normal 0.707087 0.0228725 -0.706757
    outer loop
      vertex 20.1757 0.424264 106.19
      vertex 19.9572 1.30806 106
      vertex 20.3704 0.554327 106.389
    endloop
  endfacet
  facet normal 0.708342 0.0234576 -0.705479
    outer loop
      vertex 20.0457 0.229609 106.053
      vertex 19.9572 1.30806 106
      vertex 20.1757 0.424264 106.19
    endloop
  endfacet
  facet normal 0.7055 0.0230841 -0.708334
    outer loop
      vertex 19.9572 1.30806 106
      vertex 20.0457 0.229609 106.053
      vertex 20 0 106
    endloop
  endfacet
  facet normal 0.483517 0.516212 -0.70692
    outer loop
      vertex 14.1421 14.1421 106
      vertex 13.1869 15.0368 106
      vertex 15.165 17.2923 109
    endloop
  endfacet
  facet normal -0.291893 0.644261 -0.706913
    outer loop
      vertex -8.84577 17.9375 106
      vertex -10.1726 20.6281 109
      vertex -7.65367 18.4776 106
    endloop
  endfacet
  facet normal 0.688811 -0.160624 -0.706922
    outer loop
      vertex 22.2163 -5.95284 109
      vertex 19.6157 -3.90181 106
      vertex 22.5581 -4.48708 109
    endloop
  endfacet
  facet normal 0.644261 -0.291893 -0.706913
    outer loop
      vertex 20.6281 -10.1726 109
      vertex 17.9375 -8.84577 106
      vertex 18.4776 -7.65367 106
    endloop
  endfacet
  facet normal 0.0693626 -0.703885 -0.70692
    outer loop
      vertex 1.50427 -22.9508 109
      vertex 1.30806 -19.9572 106
      vertex 3.0021 -22.8032 109
    endloop
  endfacet
  facet normal -0.333412 -0.623779 -0.70692
    outer loop
      vertex -10.1726 -20.6281 109
      vertex -11.5 -19.9186 109
      vertex -10 -17.3205 106
    endloop
  endfacet
  facet normal 0.706881 -0.0231199 -0.706954
    outer loop
      vertex 21.1543 -0.229609 107.162
      vertex 23 0 109
      vertex 22.9508 -1.50427 109
    endloop
  endfacet
  facet normal 0.706908 -0.0237064 -0.706908
    outer loop
      vertex 23 0 109
      vertex 21.1543 -0.229609 107.162
      vertex 21.2 0 107.2
    endloop
  endfacet
  facet normal 0.707228 -0.0221752 -0.706638
    outer loop
      vertex 22.9508 -1.50427 109
      vertex 21.0243 -0.424264 107.038
      vertex 21.1543 -0.229609 107.162
    endloop
  endfacet
  facet normal 0.706349 -0.025156 -0.707416
    outer loop
      vertex 21.0243 -0.424264 107.038
      vertex 22.9508 -1.50427 109
      vertex 20.9412 -0.479794 106.957
    endloop
  endfacet
  facet normal 0.67684 -0.205309 -0.70692
    outer loop
      vertex 22.2163 -5.95284 109
      vertex 18.9386 -6.42879 106
      vertex 19.3185 -5.17638 106
    endloop
  endfacet
  facet normal 0.703893 -0.0693376 -0.706914
    outer loop
      vertex 22.8032 -3.0021 109
      vertex 19.8289 -2.61052 106
      vertex 19.9572 -1.30806 106
    endloop
  endfacet
  facet normal 0.69785 -0.115182 -0.706922
    outer loop
      vertex 22.5581 -4.48708 109
      vertex 19.6157 -3.90181 106
      vertex 22.8032 -3.0021 109
    endloop
  endfacet
  facet normal 0.60063 -0.373508 -0.70692
    outer loop
      vertex 19.1238 -12.7781 109
      vertex 17.3205 -10 106
      vertex 19.9186 -11.5 109
    endloop
  endfacet
  facet normal 0.516234 -0.483479 -0.70693
    outer loop
      vertex 16.2635 -16.2635 109
      vertex 14.1421 -14.1421 106
      vertex 17.2923 -15.165 109
    endloop
  endfacet
  facet normal 0.516212 -0.483517 -0.70692
    outer loop
      vertex 17.2923 -15.165 109
      vertex 14.1421 -14.1421 106
      vertex 15.0368 -13.1869 106
    endloop
  endfacet
  facet normal 0.291893 -0.644261 -0.706914
    outer loop
      vertex 8.80172 -21.2492 109
      vertex 7.65367 -18.4776 106
      vertex 10.1726 -20.6281 109
    endloop
  endfacet
  facet normal -0.644261 -0.291893 -0.706913
    outer loop
      vertex -17.9375 -8.84577 106
      vertex -20.6281 -10.1726 109
      vertex -18.4776 -7.65367 106
    endloop
  endfacet
  facet normal -0.115182 0.69785 -0.706922
    outer loop
      vertex -3.90181 19.6157 106
      vertex -4.48708 22.5581 109
      vertex -3.0021 22.8032 109
    endloop
  endfacet
  facet normal -0.516212 0.483517 -0.70692
    outer loop
      vertex -15.0368 13.1869 106
      vertex -17.2923 15.165 109
      vertex -14.1421 14.1421 106
    endloop
  endfacet
  facet normal 0.661961 -0.249162 -0.706913
    outer loop
      vertex 21.2492 -8.80172 109
      vertex 18.4776 -7.65367 106
      vertex 21.7794 -7.39311 109
    endloop
  endfacet
  facet normal 0.697852 -0.11522 -0.706913
    outer loop
      vertex 22.8032 -3.0021 109
      vertex 19.6157 -3.90181 106
      vertex 19.8289 -2.61052 106
    endloop
  endfacet
  facet normal 0.70667 -0.0239692 -0.707137
    outer loop
      vertex 22.9508 -1.50427 109
      vertex 20.8296 -0.554327 106.848
      vertex 20.9412 -0.479794 106.957
    endloop
  endfacet
  facet normal 0.706927 -0.0228967 -0.706916
    outer loop
      vertex 19.9572 -1.30806 106
      vertex 20.8296 -0.554327 106.848
      vertex 22.9508 -1.50427 109
    endloop
  endfacet
  facet normal 0.706687 -0.0223301 -0.707173
    outer loop
      vertex 20.8296 -0.554327 106.848
      vertex 19.9572 -1.30806 106
      vertex 20.6 -0.599999 106.62
    endloop
  endfacet
  facet normal 0.7055 -0.0230841 -0.708334
    outer loop
      vertex 20.0457 -0.229609 106.053
      vertex 19.9572 -1.30806 106
      vertex 20 0 106
    endloop
  endfacet
  facet normal 0.708342 -0.0234576 -0.705479
    outer loop
      vertex 20.1757 -0.424264 106.19
      vertex 19.9572 -1.30806 106
      vertex 20.0457 -0.229609 106.053
    endloop
  endfacet
  facet normal 0.707087 -0.0228725 -0.706757
    outer loop
      vertex 20.3704 -0.554327 106.389
      vertex 19.9572 -1.30806 106
      vertex 20.1757 -0.424264 106.19
    endloop
  endfacet
  facet normal 0.706834 -0.0225991 -0.707018
    outer loop
      vertex 20.6 -0.599999 106.62
      vertex 19.9572 -1.30806 106
      vertex 20.3704 -0.554327 106.389
    endloop
  endfacet
  facet normal 0.703885 -0.0693626 -0.70692
    outer loop
      vertex 22.8032 -3.0021 109
      vertex 19.9572 -1.30806 106
      vertex 22.9508 -1.50427 109
    endloop
  endfacet
  facet normal 0.600642 -0.373496 -0.706916
    outer loop
      vertex 19.1238 -12.7781 109
      vertex 16.6294 -11.1114 106
      vertex 17.3205 -10 106
    endloop
  endfacet
  facet normal 0.574919 -0.411993 -0.706916
    outer loop
      vertex 18.2471 -14.0015 109
      vertex 16.6294 -11.1114 106
      vertex 19.1238 -12.7781 109
    endloop
  endfacet
  facet normal 0.0231211 -0.706918 -0.706918
    outer loop
      vertex 1.50427 -22.9508 109
      vertex 0 -23 109
      vertex 0 -20 106
    endloop
  endfacet
  facet normal 0.205316 -0.676839 -0.706919
    outer loop
      vertex 7.39311 -21.7794 109
      vertex 5.95284 -22.2163 109
      vertex 6.42879 -18.9386 106
    endloop
  endfacet
  facet normal -0.706915 -0.0231304 -0.70692
    outer loop
      vertex -19.9572 -1.30806 106
      vertex -22.9508 -1.50427 109
      vertex -20 0 106
    endloop
  endfacet
  facet normal -0.373508 -0.60063 -0.70692
    outer loop
      vertex -11.5 -19.9186 109
      vertex -12.7781 -19.1238 109
      vertex -10 -17.3205 106
    endloop
  endfacet
  facet normal -0.688811 -0.160624 -0.706922
    outer loop
      vertex -22.2163 -5.95284 109
      vertex -22.5581 -4.48708 109
      vertex -19.6157 -3.90181 106
    endloop
  endfacet
  facet normal -0.249162 -0.661961 -0.706913
    outer loop
      vertex -7.39311 -21.7794 109
      vertex -8.80172 -21.2492 109
      vertex -7.65367 -18.4776 106
    endloop
  endfacet
  facet normal -0.0231211 -0.706918 -0.706918
    outer loop
      vertex 0 -23 109
      vertex -1.50427 -22.9508 109
      vertex 0 -20 106
    endloop
  endfacet
  facet normal 0.623779 0.333412 -0.70692
    outer loop
      vertex 20.6281 10.1726 109
      vertex 17.3205 10 106
      vertex 19.9186 11.5 109
    endloop
  endfacet
  facet normal 0.44869 0.546764 -0.706913
    outer loop
      vertex 15.165 17.2923 109
      vertex 12.1752 15.8671 106
      vertex 14.0015 18.2471 109
    endloop
  endfacet
  facet normal -0.483517 0.516212 -0.70692
    outer loop
      vertex -14.1421 14.1421 106
      vertex -15.165 17.2923 109
      vertex -13.1869 15.0368 106
    endloop
  endfacet
  facet normal -0.160616 0.688815 -0.70692
    outer loop
      vertex -5.17638 19.3185 106
      vertex -5.95284 22.2163 109
      vertex -3.90181 19.6157 106
    endloop
  endfacet
  facet normal -0.249162 0.661961 -0.706913
    outer loop
      vertex -7.65367 18.4776 106
      vertex -8.80172 21.2492 109
      vertex -7.39311 21.7794 109
    endloop
  endfacet
  facet normal -0.0231304 0.706915 -0.70692
    outer loop
      vertex -1.30806 19.9572 106
      vertex -1.50427 22.9508 109
      vertex 0 20 106
    endloop
  endfacet
  facet normal -0.623779 0.333412 -0.70692
    outer loop
      vertex -17.3205 10 106
      vertex -20.6281 10.1726 109
      vertex -19.9186 11.5 109
    endloop
  endfacet
  facet normal 0.676839 -0.205316 -0.706919
    outer loop
      vertex 21.7794 -7.39311 109
      vertex 18.9386 -6.42879 106
      vertex 22.2163 -5.95284 109
    endloop
  endfacet
  facet normal 0.661964 -0.249139 -0.706919
    outer loop
      vertex 21.7794 -7.39311 109
      vertex 18.4776 -7.65367 106
      vertex 18.9386 -6.42879 106
    endloop
  endfacet
  facet normal 0.623772 -0.333441 -0.706913
    outer loop
      vertex 20.6281 -10.1726 109
      vertex 17.3205 -10 106
      vertex 17.9375 -8.84577 106
    endloop
  endfacet
  facet normal 0.623779 -0.333412 -0.70692
    outer loop
      vertex 19.9186 -11.5 109
      vertex 17.3205 -10 106
      vertex 20.6281 -10.1726 109
    endloop
  endfacet
  facet normal 0.574929 -0.411984 -0.706913
    outer loop
      vertex 18.2471 -14.0015 109
      vertex 15.8671 -12.1752 106
      vertex 16.6294 -11.1114 106
    endloop
  endfacet
  facet normal 0.546764 -0.44869 -0.706913
    outer loop
      vertex 17.2923 -15.165 109
      vertex 15.8671 -12.1752 106
      vertex 18.2471 -14.0015 109
    endloop
  endfacet
  facet normal 0.115182 -0.69785 -0.706922
    outer loop
      vertex 4.48708 -22.5581 109
      vertex 3.0021 -22.8032 109
      vertex 3.90181 -19.6157 106
    endloop
  endfacet
  facet normal 0.11522 -0.697852 -0.706913
    outer loop
      vertex 3.0021 -22.8032 109
      vertex 2.61052 -19.8289 106
      vertex 3.90181 -19.6157 106
    endloop
  endfacet
  facet normal 0.291893 -0.644261 -0.706913
    outer loop
      vertex 10.1726 -20.6281 109
      vertex 7.65367 -18.4776 106
      vertex 8.84577 -17.9375 106
    endloop
  endfacet
  facet normal 0.44869 -0.546764 -0.706913
    outer loop
      vertex 14.0015 -18.2471 109
      vertex 12.1752 -15.8671 106
      vertex 15.165 -17.2923 109
    endloop
  endfacet
  facet normal 0.483479 -0.516234 -0.70693
    outer loop
      vertex 15.165 -17.2923 109
      vertex 14.1421 -14.1421 106
      vertex 16.2635 -16.2635 109
    endloop
  endfacet
  facet normal -0.703885 -0.0693626 -0.70692
    outer loop
      vertex -22.8032 -3.0021 109
      vertex -22.9508 -1.50427 109
      vertex -19.9572 -1.30806 106
    endloop
  endfacet
  facet normal -0.373496 -0.600642 -0.706916
    outer loop
      vertex -10 -17.3205 106
      vertex -12.7781 -19.1238 109
      vertex -11.1114 -16.6294 106
    endloop
  endfacet
  facet normal -0.411993 -0.574919 -0.706916
    outer loop
      vertex -12.7781 -19.1238 109
      vertex -14.0015 -18.2471 109
      vertex -11.1114 -16.6294 106
    endloop
  endfacet
  facet normal -0.291893 -0.644261 -0.706914
    outer loop
      vertex -8.80172 -21.2492 109
      vertex -10.1726 -20.6281 109
      vertex -7.65367 -18.4776 106
    endloop
  endfacet
  facet normal -0.661961 -0.249162 -0.706913
    outer loop
      vertex -21.2492 -8.80172 109
      vertex -21.7794 -7.39311 109
      vertex -18.4776 -7.65367 106
    endloop
  endfacet
  facet normal -0.661964 -0.249139 -0.706919
    outer loop
      vertex -18.4776 -7.65367 106
      vertex -21.7794 -7.39311 109
      vertex -18.9386 -6.42879 106
    endloop
  endfacet
  facet normal -0.703893 -0.0693376 -0.706914
    outer loop
      vertex -19.8289 -2.61052 106
      vertex -22.8032 -3.0021 109
      vertex -19.9572 -1.30806 106
    endloop
  endfacet
  facet normal -0.697852 -0.11522 -0.706913
    outer loop
      vertex -19.6157 -3.90181 106
      vertex -22.8032 -3.0021 109
      vertex -19.8289 -2.61052 106
    endloop
  endfacet
  facet normal -0.0231304 -0.706915 -0.70692
    outer loop
      vertex 0 -20 106
      vertex -1.50427 -22.9508 109
      vertex -1.30806 -19.9572 106
    endloop
  endfacet
  facet normal -0.115182 -0.69785 -0.706922
    outer loop
      vertex -3.0021 -22.8032 109
      vertex -4.48708 -22.5581 109
      vertex -3.90181 -19.6157 106
    endloop
  endfacet
  facet normal -0.160624 -0.688811 -0.706922
    outer loop
      vertex -4.48708 -22.5581 109
      vertex -5.95284 -22.2163 109
      vertex -3.90181 -19.6157 106
    endloop
  endfacet
  facet normal 0.676884 0.20533 -0.706872
    outer loop
      vertex 22.2163 5.95284 109
      vertex 19.8659 6.74357 106.979
      vertex 21.7794 7.39311 109
    endloop
  endfacet
  facet normal 0.676832 0.204245 -0.707236
    outer loop
      vertex 22.2163 5.95284 109
      vertex 19.763 6.60325 106.84
      vertex 19.8659 6.74357 106.979
    endloop
  endfacet
  facet normal 0.676841 0.205843 -0.706764
    outer loop
      vertex 22.2163 5.95284 109
      vertex 19.5629 6.4818 106.613
      vertex 19.763 6.60325 106.84
    endloop
  endfacet
  facet normal 0.676834 0.206051 -0.70671
    outer loop
      vertex 22.2163 5.95284 109
      vertex 19.3315 6.44619 106.381
      vertex 19.5629 6.4818 106.613
    endloop
  endfacet
  facet normal 0.676959 0.203298 -0.707387
    outer loop
      vertex 19.3315 6.44619 106.381
      vertex 18.9386 6.42879 106
      vertex 19.133 6.49477 106.205
    endloop
  endfacet
  facet normal 0.676973 0.203215 -0.707398
    outer loop
      vertex 18.9386 6.42879 106
      vertex 19.3315 6.44619 106.381
      vertex 22.2163 5.95284 109
    endloop
  endfacet
  facet normal 0.703893 0.0693376 -0.706914
    outer loop
      vertex 19.9572 1.30806 106
      vertex 19.8289 2.61052 106
      vertex 22.8032 3.0021 109
    endloop
  endfacet
  facet normal 0.546764 0.44869 -0.706913
    outer loop
      vertex 18.2471 14.0015 109
      vertex 15.8671 12.1752 106
      vertex 17.2923 15.165 109
    endloop
  endfacet
  facet normal 0.411984 0.574929 -0.706913
    outer loop
      vertex 12.1752 15.8671 106
      vertex 11.1114 16.6294 106
      vertex 14.0015 18.2471 109
    endloop
  endfacet
  facet normal 0.0693626 0.703885 -0.70692
    outer loop
      vertex 3.0021 22.8032 109
      vertex 1.30806 19.9572 106
      vertex 1.50427 22.9508 109
    endloop
  endfacet
  facet normal 0.333412 0.623779 -0.70692
    outer loop
      vertex 11.5 19.9186 109
      vertex 10 17.3205 106
      vertex 10.1726 20.6281 109
    endloop
  endfacet
  facet normal 0.11522 0.697852 -0.706913
    outer loop
      vertex 3.90181 19.6157 106
      vertex 2.61052 19.8289 106
      vertex 3.0021 22.8032 109
    endloop
  endfacet
  facet normal 0.0231211 0.706918 -0.706918
    outer loop
      vertex 1.50427 22.9508 109
      vertex 0 20 106
      vertex 0 23 109
    endloop
  endfacet
  facet normal -0.373508 0.60063 -0.70692
    outer loop
      vertex -10 17.3205 106
      vertex -12.7781 19.1238 109
      vertex -11.5 19.9186 109
    endloop
  endfacet
  facet normal -0.291893 0.644261 -0.706914
    outer loop
      vertex -7.65367 18.4776 106
      vertex -10.1726 20.6281 109
      vertex -8.80172 21.2492 109
    endloop
  endfacet
  facet normal -0.249139 0.661964 -0.706919
    outer loop
      vertex -6.42879 18.9386 106
      vertex -7.65367 18.4776 106
      vertex -7.39311 21.7794 109
    endloop
  endfacet
  facet normal -0.0693626 0.703885 -0.70692
    outer loop
      vertex -1.30806 19.9572 106
      vertex -3.0021 22.8032 109
      vertex -1.50427 22.9508 109
    endloop
  endfacet
  facet normal -0.661964 0.249139 -0.706919
    outer loop
      vertex -18.9386 6.42879 106
      vertex -21.7794 7.39311 109
      vertex -18.4776 7.65367 106
    endloop
  endfacet
  facet normal -0.703893 0.0693376 -0.706914
    outer loop
      vertex -19.9572 1.30806 106
      vertex -22.8032 3.0021 109
      vertex -19.8289 2.61052 106
    endloop
  endfacet
  facet normal -0.69785 0.115182 -0.706922
    outer loop
      vertex -19.6157 3.90181 106
      vertex -22.8032 3.0021 109
      vertex -22.5581 4.48708 109
    endloop
  endfacet
  facet normal -0.60063 0.373508 -0.70692
    outer loop
      vertex -17.3205 10 106
      vertex -19.9186 11.5 109
      vertex -19.1238 12.7781 109
    endloop
  endfacet
  facet normal -0.706918 0.0231211 -0.706918
    outer loop
      vertex -20 0 106
      vertex -23 0 109
      vertex -22.9508 1.50427 109
    endloop
  endfacet
  facet normal -0.706918 -0.0231211 -0.706918
    outer loop
      vertex -22.9508 -1.50427 109
      vertex -23 0 109
      vertex -20 0 106
    endloop
  endfacet
  facet normal 0.688815 -0.160616 -0.70692
    outer loop
      vertex 22.2163 -5.95284 109
      vertex 19.3185 -5.17638 106
      vertex 19.6157 -3.90181 106
    endloop
  endfacet
  facet normal 0.54674 -0.448708 -0.70692
    outer loop
      vertex 17.2923 -15.165 109
      vertex 15.0368 -13.1869 106
      vertex 15.8671 -12.1752 106
    endloop
  endfacet
  facet normal 0.0231304 -0.706915 -0.70692
    outer loop
      vertex 1.50427 -22.9508 109
      vertex 0 -20 106
      vertex 1.30806 -19.9572 106
    endloop
  endfacet
  facet normal 0.0693376 -0.703893 -0.706914
    outer loop
      vertex 3.0021 -22.8032 109
      vertex 1.30806 -19.9572 106
      vertex 2.61052 -19.8289 106
    endloop
  endfacet
  facet normal 0.160624 -0.688811 -0.706922
    outer loop
      vertex 4.48708 -22.5581 109
      vertex 3.90181 -19.6157 106
      vertex 5.95284 -22.2163 109
    endloop
  endfacet
  facet normal 0.249139 -0.661964 -0.706919
    outer loop
      vertex 7.39311 -21.7794 109
      vertex 6.42879 -18.9386 106
      vertex 7.65367 -18.4776 106
    endloop
  endfacet
  facet normal 0.249162 -0.661961 -0.706913
    outer loop
      vertex 8.80172 -21.2492 109
      vertex 7.39311 -21.7794 109
      vertex 7.65367 -18.4776 106
    endloop
  endfacet
  facet normal 0.373508 -0.60063 -0.70692
    outer loop
      vertex 11.5 -19.9186 109
      vertex 10 -17.3205 106
      vertex 12.7781 -19.1238 109
    endloop
  endfacet
  facet normal 0.411984 -0.574929 -0.706913
    outer loop
      vertex 14.0015 -18.2471 109
      vertex 11.1114 -16.6294 106
      vertex 12.1752 -15.8671 106
    endloop
  endfacet
  facet normal 0.373496 -0.600642 -0.706916
    outer loop
      vertex 12.7781 -19.1238 109
      vertex 10 -17.3205 106
      vertex 11.1114 -16.6294 106
    endloop
  endfacet
  facet normal 0.411993 -0.574919 -0.706916
    outer loop
      vertex 12.7781 -19.1238 109
      vertex 11.1114 -16.6294 106
      vertex 14.0015 -18.2471 109
    endloop
  endfacet
  facet normal 0.333412 -0.623779 -0.70692
    outer loop
      vertex 10.1726 -20.6281 109
      vertex 10 -17.3205 106
      vertex 11.5 -19.9186 109
    endloop
  endfacet
  facet normal 0.333441 -0.623772 -0.706913
    outer loop
      vertex 10.1726 -20.6281 109
      vertex 8.84577 -17.9375 106
      vertex 10 -17.3205 106
    endloop
  endfacet
  facet normal -0.44869 -0.546764 -0.706913
    outer loop
      vertex -14.0015 -18.2471 109
      vertex -15.165 -17.2923 109
      vertex -12.1752 -15.8671 106
    endloop
  endfacet
  facet normal -0.448708 -0.54674 -0.70692
    outer loop
      vertex -12.1752 -15.8671 106
      vertex -15.165 -17.2923 109
      vertex -13.1869 -15.0368 106
    endloop
  endfacet
  facet normal -0.249139 -0.661964 -0.706919
    outer loop
      vertex -7.39311 -21.7794 109
      vertex -7.65367 -18.4776 106
      vertex -6.42879 -18.9386 106
    endloop
  endfacet
  facet normal -0.574919 -0.411993 -0.706916
    outer loop
      vertex -18.2471 -14.0015 109
      vertex -19.1238 -12.7781 109
      vertex -16.6294 -11.1114 106
    endloop
  endfacet
  facet normal -0.54674 -0.448708 -0.70692
    outer loop
      vertex -15.0368 -13.1869 106
      vertex -17.2923 -15.165 109
      vertex -15.8671 -12.1752 106
    endloop
  endfacet
  facet normal -0.516234 -0.483479 -0.70693
    outer loop
      vertex -16.2635 -16.2635 109
      vertex -17.2923 -15.165 109
      vertex -14.1421 -14.1421 106
    endloop
  endfacet
  facet normal -0.644261 -0.291893 -0.706914
    outer loop
      vertex -20.6281 -10.1726 109
      vertex -21.2492 -8.80172 109
      vertex -18.4776 -7.65367 106
    endloop
  endfacet
  facet normal -0.688815 -0.160616 -0.70692
    outer loop
      vertex -19.3185 -5.17638 106
      vertex -22.2163 -5.95284 109
      vertex -19.6157 -3.90181 106
    endloop
  endfacet
  facet normal -0.69785 -0.115182 -0.706922
    outer loop
      vertex -22.5581 -4.48708 109
      vertex -22.8032 -3.0021 109
      vertex -19.6157 -3.90181 106
    endloop
  endfacet
  facet normal -0.0693376 -0.703893 -0.706914
    outer loop
      vertex -1.30806 -19.9572 106
      vertex -3.0021 -22.8032 109
      vertex -2.61052 -19.8289 106
    endloop
  endfacet
  facet normal -0.0693626 -0.703885 -0.70692
    outer loop
      vertex -1.50427 -22.9508 109
      vertex -3.0021 -22.8032 109
      vertex -1.30806 -19.9572 106
    endloop
  endfacet
  facet normal -0.205316 -0.676839 -0.706919
    outer loop
      vertex -5.95284 -22.2163 109
      vertex -7.39311 -21.7794 109
      vertex -6.42879 -18.9386 106
    endloop
  endfacet
  facet normal -0.160616 -0.688815 -0.70692
    outer loop
      vertex -3.90181 -19.6157 106
      vertex -5.95284 -22.2163 109
      vertex -5.17638 -19.3185 106
    endloop
  endfacet
  facet normal -0.205309 -0.67684 -0.70692
    outer loop
      vertex -5.95284 -22.2163 109
      vertex -6.42879 -18.9386 106
      vertex -5.17638 -19.3185 106
    endloop
  endfacet
  facet normal 0.703885 0.0693626 -0.70692
    outer loop
      vertex 22.9508 1.50427 109
      vertex 19.9572 1.30806 106
      vertex 22.8032 3.0021 109
    endloop
  endfacet
  facet normal 0.67684 0.205309 -0.70692
    outer loop
      vertex 19.3185 5.17638 106
      vertex 18.9386 6.42879 106
      vertex 22.2163 5.95284 109
    endloop
  endfacet
  facet normal 0.623772 0.333441 -0.706913
    outer loop
      vertex 17.9375 8.84577 106
      vertex 17.3205 10 106
      vertex 20.6281 10.1726 109
    endloop
  endfacet
  facet normal 0.516212 0.483517 -0.70692
    outer loop
      vertex 15.0368 13.1869 106
      vertex 14.1421 14.1421 106
      vertex 17.2923 15.165 109
    endloop
  endfacet
  facet normal 0.448708 0.54674 -0.70692
    outer loop
      vertex 13.1869 15.0368 106
      vertex 12.1752 15.8671 106
      vertex 15.165 17.2923 109
    endloop
  endfacet
  facet normal 0.249139 0.661964 -0.706919
    outer loop
      vertex 7.65367 18.4776 106
      vertex 6.42879 18.9386 106
      vertex 7.39311 21.7794 109
    endloop
  endfacet
  facet normal 0.0693376 0.703893 -0.706914
    outer loop
      vertex 2.61052 19.8289 106
      vertex 1.30806 19.9572 106
      vertex 3.0021 22.8032 109
    endloop
  endfacet
  facet normal -0.0231211 0.706918 -0.706918
    outer loop
      vertex 0 20 106
      vertex -1.50427 22.9508 109
      vertex 0 23 109
    endloop
  endfacet
  facet normal -0.373496 0.600642 -0.706916
    outer loop
      vertex -11.1114 16.6294 106
      vertex -12.7781 19.1238 109
      vertex -10 17.3205 106
    endloop
  endfacet
  facet normal -0.44869 0.546764 -0.706913
    outer loop
      vertex -12.1752 15.8671 106
      vertex -15.165 17.2923 109
      vertex -14.0015 18.2471 109
    endloop
  endfacet
  facet normal -0.160624 0.688811 -0.706922
    outer loop
      vertex -3.90181 19.6157 106
      vertex -5.95284 22.2163 109
      vertex -4.48708 22.5581 109
    endloop
  endfacet
  facet normal -0.0693376 0.703893 -0.706914
    outer loop
      vertex -2.61052 19.8289 106
      vertex -3.0021 22.8032 109
      vertex -1.30806 19.9572 106
    endloop
  endfacet
  facet normal -0.11522 0.697852 -0.706913
    outer loop
      vertex -2.61052 19.8289 106
      vertex -3.90181 19.6157 106
      vertex -3.0021 22.8032 109
    endloop
  endfacet
  facet normal -0.67684 0.205309 -0.70692
    outer loop
      vertex -19.3185 5.17638 106
      vertex -22.2163 5.95284 109
      vertex -18.9386 6.42879 106
    endloop
  endfacet
  facet normal -0.676839 0.205316 -0.706919
    outer loop
      vertex -18.9386 6.42879 106
      vertex -22.2163 5.95284 109
      vertex -21.7794 7.39311 109
    endloop
  endfacet
  facet normal -0.706915 0.0231304 -0.70692
    outer loop
      vertex -20 0 106
      vertex -22.9508 1.50427 109
      vertex -19.9572 1.30806 106
    endloop
  endfacet
  facet normal -0.703885 0.0693626 -0.70692
    outer loop
      vertex -19.9572 1.30806 106
      vertex -22.9508 1.50427 109
      vertex -22.8032 3.0021 109
    endloop
  endfacet
  facet normal -0.688811 0.160624 -0.706922
    outer loop
      vertex -19.6157 3.90181 106
      vertex -22.5581 4.48708 109
      vertex -22.2163 5.95284 109
    endloop
  endfacet
  facet normal -0.688815 0.160616 -0.70692
    outer loop
      vertex -19.6157 3.90181 106
      vertex -22.2163 5.95284 109
      vertex -19.3185 5.17638 106
    endloop
  endfacet
  facet normal -0.546764 0.44869 -0.706913
    outer loop
      vertex -15.8671 12.1752 106
      vertex -18.2471 14.0015 109
      vertex -17.2923 15.165 109
    endloop
  endfacet
  facet normal -0.600642 0.373496 -0.706916
    outer loop
      vertex -17.3205 10 106
      vertex -19.1238 12.7781 109
      vertex -16.6294 11.1114 106
    endloop
  endfacet
  facet normal -0.574919 0.411993 -0.706916
    outer loop
      vertex -16.6294 11.1114 106
      vertex -19.1238 12.7781 109
      vertex -18.2471 14.0015 109
    endloop
  endfacet
  facet normal 0.205309 -0.67684 -0.70692
    outer loop
      vertex 5.95284 -22.2163 109
      vertex 5.17638 -19.3185 106
      vertex 6.42879 -18.9386 106
    endloop
  endfacet
  facet normal 0.160616 -0.688815 -0.70692
    outer loop
      vertex 5.95284 -22.2163 109
      vertex 3.90181 -19.6157 106
      vertex 5.17638 -19.3185 106
    endloop
  endfacet
  facet normal 0.483517 -0.516212 -0.70692
    outer loop
      vertex 15.165 -17.2923 109
      vertex 13.1869 -15.0368 106
      vertex 14.1421 -14.1421 106
    endloop
  endfacet
  facet normal 0.448708 -0.54674 -0.70692
    outer loop
      vertex 15.165 -17.2923 109
      vertex 12.1752 -15.8671 106
      vertex 13.1869 -15.0368 106
    endloop
  endfacet
  facet normal -0.411984 -0.574929 -0.706913
    outer loop
      vertex -11.1114 -16.6294 106
      vertex -14.0015 -18.2471 109
      vertex -12.1752 -15.8671 106
    endloop
  endfacet
  facet normal -0.483517 -0.516212 -0.70692
    outer loop
      vertex -13.1869 -15.0368 106
      vertex -15.165 -17.2923 109
      vertex -14.1421 -14.1421 106
    endloop
  endfacet
  facet normal -0.291893 -0.644261 -0.706913
    outer loop
      vertex -7.65367 -18.4776 106
      vertex -10.1726 -20.6281 109
      vertex -8.84577 -17.9375 106
    endloop
  endfacet
  facet normal -0.333441 -0.623772 -0.706913
    outer loop
      vertex -8.84577 -17.9375 106
      vertex -10.1726 -20.6281 109
      vertex -10 -17.3205 106
    endloop
  endfacet
  facet normal -0.546764 -0.44869 -0.706913
    outer loop
      vertex -17.2923 -15.165 109
      vertex -18.2471 -14.0015 109
      vertex -15.8671 -12.1752 106
    endloop
  endfacet
  facet normal -0.574929 -0.411984 -0.706913
    outer loop
      vertex -15.8671 -12.1752 106
      vertex -18.2471 -14.0015 109
      vertex -16.6294 -11.1114 106
    endloop
  endfacet
  facet normal -0.483479 -0.516234 -0.70693
    outer loop
      vertex -15.165 -17.2923 109
      vertex -16.2635 -16.2635 109
      vertex -14.1421 -14.1421 106
    endloop
  endfacet
  facet normal -0.11522 -0.697852 -0.706913
    outer loop
      vertex -3.0021 -22.8032 109
      vertex -3.90181 -19.6157 106
      vertex -2.61052 -19.8289 106
    endloop
  endfacet
  facet normal 0.644261 0.291893 -0.706913
    outer loop
      vertex 18.4776 7.65367 106
      vertex 17.9375 8.84577 106
      vertex 20.6281 10.1726 109
    endloop
  endfacet
  facet normal 0.688815 0.160616 -0.70692
    outer loop
      vertex 19.6157 3.90181 106
      vertex 19.3185 5.17638 106
      vertex 22.2163 5.95284 109
    endloop
  endfacet
  facet normal 0.69785 0.115182 -0.706922
    outer loop
      vertex 22.8032 3.0021 109
      vertex 19.6157 3.90181 106
      vertex 22.5581 4.48708 109
    endloop
  endfacet
  facet normal 0.662127 0.248499 -0.706991
    outer loop
      vertex 21.7794 7.39311 109
      vertex 19.9015 6.79204 107.03
      vertex 19.9571 7.01944 107.162
    endloop
  endfacet
  facet normal 0.65799 0.260236 -0.70663
    outer loop
      vertex 19.9015 6.79204 107.03
      vertex 21.7794 7.39311 109
      vertex 19.8659 6.74357 106.979
    endloop
  endfacet
  facet normal 0.662118 0.248528 -0.706989
    outer loop
      vertex 19.9215 7.25083 107.21
      vertex 21.7794 7.39311 109
      vertex 19.9571 7.01944 107.162
    endloop
  endfacet
  facet normal 0.661814 0.249919 -0.706784
    outer loop
      vertex 19.8 7.45097 107.167
      vertex 21.7794 7.39311 109
      vertex 19.9215 7.25083 107.21
    endloop
  endfacet
  facet normal 0.662042 0.248487 -0.707075
    outer loop
      vertex 21.7794 7.39311 109
      vertex 19.8 7.45097 107.167
      vertex 19.6497 7.56117 107.065
    endloop
  endfacet
  facet normal 0.653273 0.271347 -0.706828
    outer loop
      vertex 18.9386 6.42879 106
      vertex 19.1041 6.50183 106.181
      vertex 19.133 6.49477 106.205
    endloop
  endfacet
  facet normal 0.662208 0.250002 -0.706385
    outer loop
      vertex 18.9386 6.42879 106
      vertex 18.9153 6.64026 106.053
      vertex 19.1041 6.50183 106.181
    endloop
  endfacet
  facet normal 0.662306 0.24999 -0.706298
    outer loop
      vertex 18.9386 6.42879 106
      vertex 18.7939 6.8404 106.01
      vertex 18.9153 6.64026 106.053
    endloop
  endfacet
  facet normal 0.662057 0.248797 -0.706952
    outer loop
      vertex 18.7939 6.8404 106.01
      vertex 18.4776 7.65367 106
      vertex 18.7582 7.07179 106.058
    endloop
  endfacet
  facet normal 0.676495 0.254608 -0.691035
    outer loop
      vertex 18.4776 7.65367 106
      vertex 18.7939 6.8404 106.01
      vertex 18.9386 6.42879 106
    endloop
  endfacet
  facet normal 0.661858 0.248988 -0.707071
    outer loop
      vertex 18.9523 7.48798 106.386
      vertex 18.4776 7.65367 106
      vertex 19.1393 7.60145 106.601
    endloop
  endfacet
  facet normal 0.661855 0.248907 -0.707102
    outer loop
      vertex 18.8139 7.29919 106.19
      vertex 18.4776 7.65367 106
      vertex 18.9523 7.48798 106.386
    endloop
  endfacet
  facet normal 0.661662 0.248561 -0.707404
    outer loop
      vertex 18.4776 7.65367 106
      vertex 18.8139 7.29919 106.19
      vertex 18.7582 7.07179 106.058
    endloop
  endfacet
  facet normal 0.54674 0.448708 -0.70692
    outer loop
      vertex 15.8671 12.1752 106
      vertex 15.0368 13.1869 106
      vertex 17.2923 15.165 109
    endloop
  endfacet
  facet normal 0.60063 0.373508 -0.70692
    outer loop
      vertex 19.9186 11.5 109
      vertex 17.3205 10 106
      vertex 19.1238 12.7781 109
    endloop
  endfacet
  facet normal 0.516234 0.483479 -0.70693
    outer loop
      vertex 17.2923 15.165 109
      vertex 14.1421 14.1421 106
      vertex 16.2635 16.2635 109
    endloop
  endfacet
  facet normal 0.483479 0.516234 -0.70693
    outer loop
      vertex 16.2635 16.2635 109
      vertex 14.1421 14.1421 106
      vertex 15.165 17.2923 109
    endloop
  endfacet
  facet normal 0.291893 0.644261 -0.706913
    outer loop
      vertex 8.84577 17.9375 106
      vertex 7.65367 18.4776 106
      vertex 10.1726 20.6281 109
    endloop
  endfacet
  facet normal 0.205309 0.67684 -0.70692
    outer loop
      vertex 6.42879 18.9386 106
      vertex 5.17638 19.3185 106
      vertex 5.95284 22.2163 109
    endloop
  endfacet
  facet normal 0.205316 0.676839 -0.706919
    outer loop
      vertex 6.42879 18.9386 106
      vertex 5.95284 22.2163 109
      vertex 7.39311 21.7794 109
    endloop
  endfacet
  facet normal 0.0231304 0.706915 -0.70692
    outer loop
      vertex 1.30806 19.9572 106
      vertex 0 20 106
      vertex 1.50427 22.9508 109
    endloop
  endfacet
  facet normal 0.160624 0.688811 -0.706922
    outer loop
      vertex 5.95284 22.2163 109
      vertex 3.90181 19.6157 106
      vertex 4.48708 22.5581 109
    endloop
  endfacet
  facet normal 0.115182 0.69785 -0.706922
    outer loop
      vertex 3.90181 19.6157 106
      vertex 3.0021 22.8032 109
      vertex 4.48708 22.5581 109
    endloop
  endfacet
  facet normal 0.373508 0.60063 -0.70692
    outer loop
      vertex 12.7781 19.1238 109
      vertex 10 17.3205 106
      vertex 11.5 19.9186 109
    endloop
  endfacet
  facet normal -0.411984 0.574929 -0.706913
    outer loop
      vertex -12.1752 15.8671 106
      vertex -14.0015 18.2471 109
      vertex -11.1114 16.6294 106
    endloop
  endfacet
  facet normal -0.411993 0.574919 -0.706916
    outer loop
      vertex -11.1114 16.6294 106
      vertex -14.0015 18.2471 109
      vertex -12.7781 19.1238 109
    endloop
  endfacet
  facet normal -0.333412 0.623779 -0.70692
    outer loop
      vertex -10 17.3205 106
      vertex -11.5 19.9186 109
      vertex -10.1726 20.6281 109
    endloop
  endfacet
  facet normal -0.333441 0.623772 -0.706913
    outer loop
      vertex -10 17.3205 106
      vertex -10.1726 20.6281 109
      vertex -8.84577 17.9375 106
    endloop
  endfacet
  facet normal -0.483479 0.516234 -0.70693
    outer loop
      vertex -14.1421 14.1421 106
      vertex -16.2635 16.2635 109
      vertex -15.165 17.2923 109
    endloop
  endfacet
  facet normal -0.516234 0.483479 -0.70693
    outer loop
      vertex -14.1421 14.1421 106
      vertex -17.2923 15.165 109
      vertex -16.2635 16.2635 109
    endloop
  endfacet
  facet normal -0.205316 0.676839 -0.706919
    outer loop
      vertex -6.42879 18.9386 106
      vertex -7.39311 21.7794 109
      vertex -5.95284 22.2163 109
    endloop
  endfacet
  facet normal -0.205309 0.67684 -0.70692
    outer loop
      vertex -5.17638 19.3185 106
      vertex -6.42879 18.9386 106
      vertex -5.95284 22.2163 109
    endloop
  endfacet
  facet normal -0.644261 0.291893 -0.706913
    outer loop
      vertex -18.4776 7.65367 106
      vertex -20.6281 10.1726 109
      vertex -17.9375 8.84577 106
    endloop
  endfacet
  facet normal -0.623772 0.333441 -0.706913
    outer loop
      vertex -17.9375 8.84577 106
      vertex -20.6281 10.1726 109
      vertex -17.3205 10 106
    endloop
  endfacet
  facet normal -0.644261 0.291893 -0.706914
    outer loop
      vertex -18.4776 7.65367 106
      vertex -21.2492 8.80172 109
      vertex -20.6281 10.1726 109
    endloop
  endfacet
  facet normal -0.661961 0.249162 -0.706913
    outer loop
      vertex -18.4776 7.65367 106
      vertex -21.7794 7.39311 109
      vertex -21.2492 8.80172 109
    endloop
  endfacet
  facet normal -0.697852 0.11522 -0.706913
    outer loop
      vertex -19.8289 2.61052 106
      vertex -22.8032 3.0021 109
      vertex -19.6157 3.90181 106
    endloop
  endfacet
  facet normal -0.54674 0.448708 -0.70692
    outer loop
      vertex -15.8671 12.1752 106
      vertex -17.2923 15.165 109
      vertex -15.0368 13.1869 106
    endloop
  endfacet
  facet normal -0.574929 0.411984 -0.706913
    outer loop
      vertex -16.6294 11.1114 106
      vertex -18.2471 14.0015 109
      vertex -15.8671 12.1752 106
    endloop
  endfacet
  facet normal -0.516212 -0.483517 -0.70692
    outer loop
      vertex -14.1421 -14.1421 106
      vertex -17.2923 -15.165 109
      vertex -15.0368 -13.1869 106
    endloop
  endfacet
  facet normal -0.623779 -0.333412 -0.70692
    outer loop
      vertex -19.9186 -11.5 109
      vertex -20.6281 -10.1726 109
      vertex -17.3205 -10 106
    endloop
  endfacet
  facet normal -0.623772 -0.333441 -0.706913
    outer loop
      vertex -17.3205 -10 106
      vertex -20.6281 -10.1726 109
      vertex -17.9375 -8.84577 106
    endloop
  endfacet
  facet normal -0.60063 -0.373508 -0.70692
    outer loop
      vertex -19.1238 -12.7781 109
      vertex -19.9186 -11.5 109
      vertex -17.3205 -10 106
    endloop
  endfacet
  facet normal -0.600642 -0.373496 -0.706916
    outer loop
      vertex -16.6294 -11.1114 106
      vertex -19.1238 -12.7781 109
      vertex -17.3205 -10 106
    endloop
  endfacet
  facet normal -0.676839 -0.205316 -0.706919
    outer loop
      vertex -21.7794 -7.39311 109
      vertex -22.2163 -5.95284 109
      vertex -18.9386 -6.42879 106
    endloop
  endfacet
  facet normal -0.67684 -0.205309 -0.70692
    outer loop
      vertex -18.9386 -6.42879 106
      vertex -22.2163 -5.95284 109
      vertex -19.3185 -5.17638 106
    endloop
  endfacet
  facet normal 0.697852 0.11522 -0.706913
    outer loop
      vertex 19.8289 2.61052 106
      vertex 19.6157 3.90181 106
      vertex 22.8032 3.0021 109
    endloop
  endfacet
  facet normal 0.688811 0.160624 -0.706922
    outer loop
      vertex 22.5581 4.48708 109
      vertex 19.6157 3.90181 106
      vertex 22.2163 5.95284 109
    endloop
  endfacet
  facet normal 0.644261 0.291893 -0.706914
    outer loop
      vertex 21.2492 8.80172 109
      vertex 18.4776 7.65367 106
      vertex 20.6281 10.1726 109
    endloop
  endfacet
  facet normal 0.661954 0.249159 -0.70692
    outer loop
      vertex 19.6497 7.56117 107.065
      vertex 21.2492 8.80172 109
      vertex 21.7794 7.39311 109
    endloop
  endfacet
  facet normal 0.661213 0.250472 -0.707149
    outer loop
      vertex 19.6112 7.5894 107.039
      vertex 21.2492 8.80172 109
      vertex 19.6497 7.56117 107.065
    endloop
  endfacet
  facet normal 0.661359 0.250206 -0.707107
    outer loop
      vertex 19.3838 7.64504 106.846
      vertex 21.2492 8.80172 109
      vertex 19.6112 7.5894 107.039
    endloop
  endfacet
  facet normal 0.659914 0.261948 -0.7042
    outer loop
      vertex 18.4776 7.65367 106
      vertex 19.3838 7.64504 106.846
      vertex 19.1525 7.60943 106.616
    endloop
  endfacet
  facet normal 0.662302 0.248296 -0.706898
    outer loop
      vertex 19.3838 7.64504 106.846
      vertex 18.4776 7.65367 106
      vertex 21.2492 8.80172 109
    endloop
  endfacet
  facet normal 0.66338 0.236886 -0.709797
    outer loop
      vertex 18.4776 7.65367 106
      vertex 19.1525 7.60943 106.616
      vertex 19.1393 7.60145 106.601
    endloop
  endfacet
  facet normal 0.574929 0.411984 -0.706913
    outer loop
      vertex 16.6294 11.1114 106
      vertex 15.8671 12.1752 106
      vertex 18.2471 14.0015 109
    endloop
  endfacet
  facet normal 0.333441 0.623772 -0.706913
    outer loop
      vertex 10 17.3205 106
      vertex 8.84577 17.9375 106
      vertex 10.1726 20.6281 109
    endloop
  endfacet
  facet normal 0.291893 0.644261 -0.706914
    outer loop
      vertex 10.1726 20.6281 109
      vertex 7.65367 18.4776 106
      vertex 8.80172 21.2492 109
    endloop
  endfacet
  facet normal 0.249162 0.661961 -0.706913
    outer loop
      vertex 7.65367 18.4776 106
      vertex 7.39311 21.7794 109
      vertex 8.80172 21.2492 109
    endloop
  endfacet
  facet normal 0.160616 0.688815 -0.70692
    outer loop
      vertex 5.17638 19.3185 106
      vertex 3.90181 19.6157 106
      vertex 5.95284 22.2163 109
    endloop
  endfacet
  facet normal 0.373496 0.600642 -0.706916
    outer loop
      vertex 11.1114 16.6294 106
      vertex 10 17.3205 106
      vertex 12.7781 19.1238 109
    endloop
  endfacet
  facet normal 0.411993 0.574919 -0.706916
    outer loop
      vertex 14.0015 18.2471 109
      vertex 11.1114 16.6294 106
      vertex 12.7781 19.1238 109
    endloop
  endfacet
  facet normal -0.448708 0.54674 -0.70692
    outer loop
      vertex -13.1869 15.0368 106
      vertex -15.165 17.2923 109
      vertex -12.1752 15.8671 106
    endloop
  endfacet
  facet normal 0.574919 0.411993 -0.706916
    outer loop
      vertex 19.1238 12.7781 109
      vertex 16.6294 11.1114 106
      vertex 18.2471 14.0015 109
    endloop
  endfacet
  facet normal 0.600642 0.373496 -0.706916
    outer loop
      vertex 17.3205 10 106
      vertex 16.6294 11.1114 106
      vertex 19.1238 12.7781 109
    endloop
  endfacet
  facet normal 0.999466 0.0326894 0
    outer loop
      vertex 23 0 115
      vertex 22.9508 1.50427 109
      vertex 22.9508 1.50427 115
    endloop
  endfacet
  facet normal 0.999466 0.0326894 0
    outer loop
      vertex 22.9508 1.50427 109
      vertex 23 0 115
      vertex 23 0 109
    endloop
  endfacet
  facet normal -0.999466 0.0326894 0
    outer loop
      vertex -23 0 109
      vertex -22.9508 1.50427 115
      vertex -22.9508 1.50427 109
    endloop
  endfacet
  facet normal -0.999466 0.0326894 0
    outer loop
      vertex -22.9508 1.50427 115
      vertex -23 0 109
      vertex -23 0 115
    endloop
  endfacet
  facet normal 0.0326894 0.999466 -0
    outer loop
      vertex 1.50427 22.9508 109
      vertex 0 23 115
      vertex 1.50427 22.9508 115
    endloop
  endfacet
  facet normal 0.0326894 0.999466 0
    outer loop
      vertex 0 23 115
      vertex 1.50427 22.9508 109
      vertex 0 23 109
    endloop
  endfacet
  facet normal 0.683572 0.729883 -0
    outer loop
      vertex 16.2635 16.2635 109
      vertex 15.165 17.2923 115
      vertex 16.2635 16.2635 115
    endloop
  endfacet
  facet normal 0.683572 0.729883 0
    outer loop
      vertex 15.165 17.2923 115
      vertex 16.2635 16.2635 109
      vertex 15.165 17.2923 109
    endloop
  endfacet
  facet normal -0.683572 0.729883 0
    outer loop
      vertex -15.165 17.2923 109
      vertex -16.2635 16.2635 115
      vertex -15.165 17.2923 115
    endloop
  endfacet
  facet normal -0.683572 0.729883 0
    outer loop
      vertex -16.2635 16.2635 115
      vertex -15.165 17.2923 109
      vertex -16.2635 16.2635 109
    endloop
  endfacet
  facet normal -0.973872 -0.227097 0
    outer loop
      vertex -22.2163 -5.95284 109
      vertex -22.5581 -4.48708 115
      vertex -22.5581 -4.48708 109
    endloop
  endfacet
  facet normal -0.973872 -0.227097 0
    outer loop
      vertex -22.5581 -4.48708 115
      vertex -22.2163 -5.95284 109
      vertex -22.2163 -5.95284 115
    endloop
  endfacet
  facet normal 0.910873 0.412686 0
    outer loop
      vertex 21.2492 8.80172 115
      vertex 20.6281 10.1726 109
      vertex 20.6281 10.1726 115
    endloop
  endfacet
  facet normal 0.910873 0.412686 0
    outer loop
      vertex 20.6281 10.1726 109
      vertex 21.2492 8.80172 115
      vertex 21.2492 8.80172 109
    endloop
  endfacet
  facet normal 0.412686 0.910873 -0
    outer loop
      vertex 10.1726 20.6281 109
      vertex 8.80172 21.2492 115
      vertex 10.1726 20.6281 115
    endloop
  endfacet
  facet normal 0.412686 0.910873 0
    outer loop
      vertex 8.80172 21.2492 115
      vertex 10.1726 20.6281 109
      vertex 8.80172 21.2492 109
    endloop
  endfacet
  facet normal -0.849194 0.52808 0
    outer loop
      vertex -19.9186 11.5 109
      vertex -19.1238 12.7781 115
      vertex -19.1238 12.7781 109
    endloop
  endfacet
  facet normal -0.849194 0.52808 0
    outer loop
      vertex -19.1238 12.7781 115
      vertex -19.9186 11.5 109
      vertex -19.9186 11.5 115
    endloop
  endfacet
  facet normal -0.0980676 0.99518 0
    outer loop
      vertex -1.50427 22.9508 109
      vertex -3.0021 22.8032 115
      vertex -1.50427 22.9508 115
    endloop
  endfacet
  facet normal -0.0980676 0.99518 0
    outer loop
      vertex -3.0021 22.8032 115
      vertex -1.50427 22.9508 109
      vertex -3.0021 22.8032 109
    endloop
  endfacet
  facet normal 0.881924 -0.471392 0
    outer loop
      vertex 19.9186 -11.5 115
      vertex 20.6281 -10.1726 109
      vertex 20.6281 -10.1726 115
    endloop
  endfacet
  facet normal 0.881924 -0.471392 0
    outer loop
      vertex 20.6281 -10.1726 109
      vertex 19.9186 -11.5 115
      vertex 19.9186 -11.5 109
    endloop
  endfacet
  facet normal 0.290284 -0.956941 0
    outer loop
      vertex 5.95284 -22.2163 109
      vertex 7.39311 -21.7794 115
      vertex 5.95284 -22.2163 115
    endloop
  endfacet
  facet normal 0.290284 -0.956941 0
    outer loop
      vertex 7.39311 -21.7794 115
      vertex 5.95284 -22.2163 109
      vertex 7.39311 -21.7794 109
    endloop
  endfacet
  facet normal 0.683572 -0.729883 0
    outer loop
      vertex 15.165 -17.2923 109
      vertex 16.2635 -16.2635 115
      vertex 15.165 -17.2923 115
    endloop
  endfacet
  facet normal 0.683572 -0.729883 0
    outer loop
      vertex 16.2635 -16.2635 115
      vertex 15.165 -17.2923 109
      vertex 16.2635 -16.2635 109
    endloop
  endfacet
  facet normal 0.956941 -0.290284 0
    outer loop
      vertex 21.7794 -7.39311 115
      vertex 22.2163 -5.95284 109
      vertex 22.2163 -5.95284 115
    endloop
  endfacet
  facet normal 0.956941 -0.290284 0
    outer loop
      vertex 22.2163 -5.95284 109
      vertex 21.7794 -7.39311 115
      vertex 21.7794 -7.39311 109
    endloop
  endfacet
  facet normal -0.352271 -0.935898 0
    outer loop
      vertex -8.80172 -21.2492 109
      vertex -7.39311 -21.7794 115
      vertex -8.80172 -21.2492 115
    endloop
  endfacet
  facet normal -0.352271 -0.935898 -0
    outer loop
      vertex -7.39311 -21.7794 115
      vertex -8.80172 -21.2492 109
      vertex -7.39311 -21.7794 109
    endloop
  endfacet
  facet normal -0.729883 -0.683572 0
    outer loop
      vertex -16.2635 -16.2635 109
      vertex -17.2923 -15.165 115
      vertex -17.2923 -15.165 109
    endloop
  endfacet
  facet normal -0.729883 -0.683572 0
    outer loop
      vertex -17.2923 -15.165 115
      vertex -16.2635 -16.2635 109
      vertex -16.2635 -16.2635 115
    endloop
  endfacet
  facet normal -0.986651 -0.162849 0
    outer loop
      vertex -22.5581 -4.48708 109
      vertex -22.8032 -3.0021 115
      vertex -22.8032 -3.0021 109
    endloop
  endfacet
  facet normal -0.986651 -0.162849 0
    outer loop
      vertex -22.8032 -3.0021 115
      vertex -22.5581 -4.48708 109
      vertex -22.5581 -4.48708 115
    endloop
  endfacet
  facet normal 0.99518 0.0980676 0
    outer loop
      vertex 22.9508 1.50427 115
      vertex 22.8032 3.0021 109
      vertex 22.8032 3.0021 115
    endloop
  endfacet
  facet normal 0.99518 0.0980676 0
    outer loop
      vertex 22.8032 3.0021 109
      vertex 22.9508 1.50427 115
      vertex 22.9508 1.50427 109
    endloop
  endfacet
  facet normal 0.956941 0.290284 0
    outer loop
      vertex 22.2163 5.95284 115
      vertex 21.7794 7.39311 109
      vertex 21.7794 7.39311 115
    endloop
  endfacet
  facet normal 0.956941 0.290284 0
    outer loop
      vertex 21.7794 7.39311 109
      vertex 22.2163 5.95284 115
      vertex 22.2163 5.95284 109
    endloop
  endfacet
  facet normal 0.77303 0.63437 0
    outer loop
      vertex 18.2471 14.0015 115
      vertex 17.2923 15.165 109
      vertex 17.2923 15.165 115
    endloop
  endfacet
  facet normal 0.77303 0.63437 0
    outer loop
      vertex 17.2923 15.165 109
      vertex 18.2471 14.0015 115
      vertex 18.2471 14.0015 109
    endloop
  endfacet
  facet normal 0.881924 0.471392 0
    outer loop
      vertex 20.6281 10.1726 115
      vertex 19.9186 11.5 109
      vertex 19.9186 11.5 115
    endloop
  endfacet
  facet normal 0.881924 0.471392 0
    outer loop
      vertex 19.9186 11.5 109
      vertex 20.6281 10.1726 115
      vertex 20.6281 10.1726 109
    endloop
  endfacet
  facet normal 0.227097 0.973872 -0
    outer loop
      vertex 5.95284 22.2163 109
      vertex 4.48708 22.5581 115
      vertex 5.95284 22.2163 115
    endloop
  endfacet
  facet normal 0.227097 0.973872 0
    outer loop
      vertex 4.48708 22.5581 115
      vertex 5.95284 22.2163 109
      vertex 4.48708 22.5581 109
    endloop
  endfacet
  facet normal 0.63437 0.77303 -0
    outer loop
      vertex 15.165 17.2923 109
      vertex 14.0015 18.2471 115
      vertex 15.165 17.2923 115
    endloop
  endfacet
  facet normal 0.63437 0.77303 0
    outer loop
      vertex 14.0015 18.2471 115
      vertex 15.165 17.2923 109
      vertex 14.0015 18.2471 109
    endloop
  endfacet
  facet normal -0.973872 0.227097 0
    outer loop
      vertex -22.5581 4.48708 109
      vertex -22.2163 5.95284 115
      vertex -22.2163 5.95284 109
    endloop
  endfacet
  facet normal -0.973872 0.227097 0
    outer loop
      vertex -22.2163 5.95284 115
      vertex -22.5581 4.48708 109
      vertex -22.5581 4.48708 115
    endloop
  endfacet
  facet normal -0.910873 0.412686 0
    outer loop
      vertex -21.2492 8.80172 109
      vertex -20.6281 10.1726 115
      vertex -20.6281 10.1726 109
    endloop
  endfacet
  facet normal -0.910873 0.412686 0
    outer loop
      vertex -20.6281 10.1726 115
      vertex -21.2492 8.80172 109
      vertex -21.2492 8.80172 115
    endloop
  endfacet
  facet normal -0 0 1
    outer loop
      vertex 21.1543 0.229609 115
      vertex 23 0 115
      vertex 22.9508 1.50427 115
    endloop
  endfacet
  facet normal 0 0 1
    outer loop
      vertex 20.8296 0.554327 115
      vertex 22.9508 1.50427 115
      vertex 22.8032 3.0021 115
    endloop
  endfacet
  facet normal 0 0 1
    outer loop
      vertex 23 0 115
      vertex 21.1543 0.229609 115
      vertex 21.2 0 115
    endloop
  endfacet
  facet normal 0 0 1
    outer loop
      vertex 19.8289 2.61052 115
      vertex 22.8032 3.0021 115
      vertex 22.5581 4.48708 115
    endloop
  endfacet
  facet normal 0 0 1
    outer loop
      vertex 23 0 115
      vertex 21.1543 -0.229609 115
      vertex 22.9508 -1.50427 115
    endloop
  endfacet
  facet normal 0 0 1
    outer loop
      vertex 19.6157 3.90181 115
      vertex 22.5581 4.48708 115
      vertex 22.2163 5.95284 115
    endloop
  endfacet
  facet normal -0 0 1
    outer loop
      vertex 21.0243 -0.424264 115
      vertex 22.9508 -1.50427 115
      vertex 21.1543 -0.229609 115
    endloop
  endfacet
  facet normal -0 0 1
    outer loop
      vertex 19.9015 6.79204 115
      vertex 22.2163 5.95284 115
      vertex 21.7794 7.39311 115
    endloop
  endfacet
  facet normal -0 0 1
    outer loop
      vertex 20.8296 -0.554327 115
      vertex 22.9508 -1.50427 115
      vertex 21.0243 -0.424264 115
    endloop
  endfacet
  facet normal 0 0 1
    outer loop
      vertex 19.9215 7.25083 115
      vertex 21.7794 7.39311 115
      vertex 21.2492 8.80172 115
    endloop
  endfacet
  facet normal 0 0 1
    outer loop
      vertex 22.9508 -1.50427 115
      vertex 20.8296 -0.554327 115
      vertex 22.8032 -3.0021 115
    endloop
  endfacet
  facet normal -0 0 1
    outer loop
      vertex 19.8289 -2.61052 115
      vertex 22.8032 -3.0021 115
      vertex 20.8296 -0.554327 115
    endloop
  endfacet
  facet normal 0 0 1
    outer loop
      vertex 21.1543 -0.229609 115
      vertex 23 0 115
      vertex 21.2 0 115
    endloop
  endfacet
  facet normal 0 0 1
    outer loop
      vertex 22.9508 1.50427 115
      vertex 21.0243 0.424264 115
      vertex 21.1543 0.229609 115
    endloop
  endfacet
  facet normal 0 0 1
    outer loop
      vertex 22.5581 4.48708 115
      vertex 19.6157 3.90181 115
      vertex 19.8289 2.61052 115
    endloop
  endfacet
  facet normal 0 0 1
    outer loop
      vertex 19.6112 7.5894 115
      vertex 21.2492 8.80172 115
      vertex 20.6281 10.1726 115
    endloop
  endfacet
  facet normal 0 0 1
    outer loop
      vertex 21.7794 7.39311 115
      vertex 19.9571 7.01944 115
      vertex 19.9015 6.79204 115
    endloop
  endfacet
  facet normal 0 0 1
    outer loop
      vertex 22.2163 5.95284 115
      vertex 19.9015 6.79204 115
      vertex 19.763 6.60325 115
    endloop
  endfacet
  facet normal 0 0 1
    outer loop
      vertex 22.8032 3.0021 115
      vertex 19.8289 2.61052 115
      vertex 20.8296 0.554327 115
    endloop
  endfacet
  facet normal 0 0 1
    outer loop
      vertex 20.8296 0.554327 115
      vertex 19.9572 1.30806 115
      vertex 20.6 0.599999 115
    endloop
  endfacet
  facet normal 0 0 1
    outer loop
      vertex 20.1757 0.424264 115
      vertex 19.9572 1.30806 115
      vertex 20.0457 0.229609 115
    endloop
  endfacet
  facet normal 0 0 1
    outer loop
      vertex 20.0457 0.229609 115
      vertex 19.9572 1.30806 115
      vertex 20 0 115
    endloop
  endfacet
  facet normal 0 0 1
    outer loop
      vertex 20.6 0.599999 115
      vertex 19.9572 1.30806 115
      vertex 20.3704 0.554327 115
    endloop
  endfacet
  facet normal 0 0 1
    outer loop
      vertex 21.7794 7.39311 115
      vertex 19.9215 7.25083 115
      vertex 19.9571 7.01944 115
    endloop
  endfacet
  facet normal 0 0 1
    outer loop
      vertex 17.9375 8.84577 115
      vertex 20.6281 10.1726 115
      vertex 19.9186 11.5 115
    endloop
  endfacet
  facet normal 0 0 1
    outer loop
      vertex 21.2492 8.80172 115
      vertex 19.8 7.45097 115
      vertex 19.9215 7.25083 115
    endloop
  endfacet
  facet normal 0 0 1
    outer loop
      vertex 21.2492 8.80172 115
      vertex 19.6112 7.5894 115
      vertex 19.8 7.45097 115
    endloop
  endfacet
  facet normal 0 0 1
    outer loop
      vertex 20.6281 10.1726 115
      vertex 19.3838 7.64504 115
      vertex 19.6112 7.5894 115
    endloop
  endfacet
  facet normal 0 0 1
    outer loop
      vertex 20.6281 10.1726 115
      vertex 17.9375 8.84577 115
      vertex 19.3838 7.64504 115
    endloop
  endfacet
  facet normal 0 0 1
    outer loop
      vertex 17.3205 10 115
      vertex 19.9186 11.5 115
      vertex 19.1238 12.7781 115
    endloop
  endfacet
  facet normal 0 0 1
    outer loop
      vertex 19.3838 7.64504 115
      vertex 17.9375 8.84577 115
      vertex 19.1525 7.60943 115
    endloop
  endfacet
  facet normal -0 -0 1
    outer loop
      vertex 18.4776 7.65367 115
      vertex 19.1525 7.60943 115
      vertex 17.9375 8.84577 115
    endloop
  endfacet
  facet normal 0 0 1
    outer loop
      vertex 19.1525 7.60943 115
      vertex 18.4776 7.65367 115
      vertex 18.9523 7.48798 115
    endloop
  endfacet
  facet normal 0 0 1
    outer loop
      vertex 18.8139 7.29919 115
      vertex 18.4776 7.65367 115
      vertex 18.7582 7.07179 115
    endloop
  endfacet
  facet normal 0 0 1
    outer loop
      vertex 16.6294 11.1114 115
      vertex 19.1238 12.7781 115
      vertex 18.2471 14.0015 115
    endloop
  endfacet
  facet normal 0 0 1
    outer loop
      vertex 18.9523 7.48798 115
      vertex 18.4776 7.65367 115
      vertex 18.8139 7.29919 115
    endloop
  endfacet
  facet normal 0 0 1
    outer loop
      vertex 19.9186 11.5 115
      vertex 17.3205 10 115
      vertex 17.9375 8.84577 115
    endloop
  endfacet
  facet normal 0 0 1
    outer loop
      vertex 15.8671 12.1752 115
      vertex 18.2471 14.0015 115
      vertex 17.2923 15.165 115
    endloop
  endfacet
  facet normal 0 0 1
    outer loop
      vertex 19.1238 12.7781 115
      vertex 16.6294 11.1114 115
      vertex 17.3205 10 115
    endloop
  endfacet
  facet normal 0 0 1
    outer loop
      vertex 15.0368 13.1869 115
      vertex 17.2923 15.165 115
      vertex 16.2635 16.2635 115
    endloop
  endfacet
  facet normal 0 0 1
    outer loop
      vertex 18.2471 14.0015 115
      vertex 15.8671 12.1752 115
      vertex 16.6294 11.1114 115
    endloop
  endfacet
  facet normal 0 0 1
    outer loop
      vertex 14.1421 14.1421 115
      vertex 16.2635 16.2635 115
      vertex 15.165 17.2923 115
    endloop
  endfacet
  facet normal 0 0 1
    outer loop
      vertex 17.2923 15.165 115
      vertex 15.0368 13.1869 115
      vertex 15.8671 12.1752 115
    endloop
  endfacet
  facet normal 0 0 1
    outer loop
      vertex 16.2635 16.2635 115
      vertex 14.1421 14.1421 115
      vertex 15.0368 13.1869 115
    endloop
  endfacet
  facet normal 0 0 1
    outer loop
      vertex 13.1869 15.0368 115
      vertex 15.165 17.2923 115
      vertex 14.0015 18.2471 115
    endloop
  endfacet
  facet normal 0 0 1
    outer loop
      vertex 15.165 17.2923 115
      vertex 13.1869 15.0368 115
      vertex 14.1421 14.1421 115
    endloop
  endfacet
  facet normal 0 0 1
    outer loop
      vertex 12.1752 15.8671 115
      vertex 14.0015 18.2471 115
      vertex 12.7781 19.1238 115
    endloop
  endfacet
  facet normal 0 0 1
    outer loop
      vertex 14.0015 18.2471 115
      vertex 12.1752 15.8671 115
      vertex 13.1869 15.0368 115
    endloop
  endfacet
  facet normal 0 0 1
    outer loop
      vertex 11.1114 16.6294 115
      vertex 12.7781 19.1238 115
      vertex 11.5 19.9186 115
    endloop
  endfacet
  facet normal 0 0 1
    outer loop
      vertex 12.7781 19.1238 115
      vertex 11.1114 16.6294 115
      vertex 12.1752 15.8671 115
    endloop
  endfacet
  facet normal 0 0 1
    outer loop
      vertex 10 17.3205 115
      vertex 11.5 19.9186 115
      vertex 10.1726 20.6281 115
    endloop
  endfacet
  facet normal 0 0 1
    outer loop
      vertex 11.5 19.9186 115
      vertex 10 17.3205 115
      vertex 11.1114 16.6294 115
    endloop
  endfacet
  facet normal 0 0 1
    outer loop
      vertex 10.1726 20.6281 115
      vertex 8.84577 17.9375 115
      vertex 10 17.3205 115
    endloop
  endfacet
  facet normal 0 0 1
    outer loop
      vertex 8.80172 21.2492 115
      vertex 8.84577 17.9375 115
      vertex 10.1726 20.6281 115
    endloop
  endfacet
  facet normal 0 0 1
    outer loop
      vertex 8.80172 21.2492 115
      vertex 7.65367 18.4776 115
      vertex 8.84577 17.9375 115
    endloop
  endfacet
  facet normal 0 0 1
    outer loop
      vertex 7.39311 21.7794 115
      vertex 7.65367 18.4776 115
      vertex 8.80172 21.2492 115
    endloop
  endfacet
  facet normal 0 0 1
    outer loop
      vertex 7.39311 21.7794 115
      vertex 6.42879 18.9386 115
      vertex 7.65367 18.4776 115
    endloop
  endfacet
  facet normal 0 0 1
    outer loop
      vertex 5.95284 22.2163 115
      vertex 6.42879 18.9386 115
      vertex 7.39311 21.7794 115
    endloop
  endfacet
  facet normal 0 0 1
    outer loop
      vertex 5.95284 22.2163 115
      vertex 5.17638 19.3185 115
      vertex 6.42879 18.9386 115
    endloop
  endfacet
  facet normal 0 0 1
    outer loop
      vertex 4.48708 22.5581 115
      vertex 5.17638 19.3185 115
      vertex 5.95284 22.2163 115
    endloop
  endfacet
  facet normal 0 0 1
    outer loop
      vertex 4.48708 22.5581 115
      vertex 3.90181 19.6157 115
      vertex 5.17638 19.3185 115
    endloop
  endfacet
  facet normal 0 0 1
    outer loop
      vertex 3.0021 22.8032 115
      vertex 3.90181 19.6157 115
      vertex 4.48708 22.5581 115
    endloop
  endfacet
  facet normal 0 0 1
    outer loop
      vertex 3.0021 22.8032 115
      vertex 2.61052 19.8289 115
      vertex 3.90181 19.6157 115
    endloop
  endfacet
  facet normal 0 0 1
    outer loop
      vertex 1.50427 22.9508 115
      vertex 2.61052 19.8289 115
      vertex 3.0021 22.8032 115
    endloop
  endfacet
  facet normal 0 0 1
    outer loop
      vertex 1.50427 22.9508 115
      vertex 1.30806 19.9572 115
      vertex 2.61052 19.8289 115
    endloop
  endfacet
  facet normal 0 0 1
    outer loop
      vertex 0 23 115
      vertex 1.30806 19.9572 115
      vertex 1.50427 22.9508 115
    endloop
  endfacet
  facet normal 0 0 1
    outer loop
      vertex 0 23 115
      vertex 0 20 115
      vertex 1.30806 19.9572 115
    endloop
  endfacet
  facet normal 0 0 1
    outer loop
      vertex 0 23 115
      vertex -1.30806 19.9572 115
      vertex 0 20 115
    endloop
  endfacet
  facet normal -0 0 1
    outer loop
      vertex -1.50427 22.9508 115
      vertex -1.30806 19.9572 115
      vertex 0 23 115
    endloop
  endfacet
  facet normal 0 0 1
    outer loop
      vertex -1.50427 22.9508 115
      vertex -2.61052 19.8289 115
      vertex -1.30806 19.9572 115
    endloop
  endfacet
  facet normal -0 0 1
    outer loop
      vertex -3.0021 22.8032 115
      vertex -2.61052 19.8289 115
      vertex -1.50427 22.9508 115
    endloop
  endfacet
  facet normal 0 0 1
    outer loop
      vertex -3.0021 22.8032 115
      vertex -3.90181 19.6157 115
      vertex -2.61052 19.8289 115
    endloop
  endfacet
  facet normal -0 0 1
    outer loop
      vertex -4.48708 22.5581 115
      vertex -3.90181 19.6157 115
      vertex -3.0021 22.8032 115
    endloop
  endfacet
  facet normal 0 0 1
    outer loop
      vertex -4.48708 22.5581 115
      vertex -5.17638 19.3185 115
      vertex -3.90181 19.6157 115
    endloop
  endfacet
  facet normal -0 0 1
    outer loop
      vertex -5.95284 22.2163 115
      vertex -5.17638 19.3185 115
      vertex -4.48708 22.5581 115
    endloop
  endfacet
  facet normal 0 0 1
    outer loop
      vertex -5.95284 22.2163 115
      vertex -6.42879 18.9386 115
      vertex -5.17638 19.3185 115
    endloop
  endfacet
  facet normal -0 0 1
    outer loop
      vertex -7.39311 21.7794 115
      vertex -6.42879 18.9386 115
      vertex -5.95284 22.2163 115
    endloop
  endfacet
  facet normal 0 0 1
    outer loop
      vertex -7.39311 21.7794 115
      vertex -7.65367 18.4776 115
      vertex -6.42879 18.9386 115
    endloop
  endfacet
  facet normal -0 0 1
    outer loop
      vertex -8.80172 21.2492 115
      vertex -7.65367 18.4776 115
      vertex -7.39311 21.7794 115
    endloop
  endfacet
  facet normal 0 0 1
    outer loop
      vertex -8.80172 21.2492 115
      vertex -8.84577 17.9375 115
      vertex -7.65367 18.4776 115
    endloop
  endfacet
  facet normal -0 0 1
    outer loop
      vertex -10.1726 20.6281 115
      vertex -8.84577 17.9375 115
      vertex -8.80172 21.2492 115
    endloop
  endfacet
  facet normal 0 0 1
    outer loop
      vertex -8.84577 17.9375 115
      vertex -10.1726 20.6281 115
      vertex -10 17.3205 115
    endloop
  endfacet
  facet normal -0 0 1
    outer loop
      vertex -11.5 19.9186 115
      vertex -10 17.3205 115
      vertex -10.1726 20.6281 115
    endloop
  endfacet
  facet normal 0 0 1
    outer loop
      vertex -10 17.3205 115
      vertex -11.5 19.9186 115
      vertex -11.1114 16.6294 115
    endloop
  endfacet
  facet normal -0 0 1
    outer loop
      vertex -12.7781 19.1238 115
      vertex -11.1114 16.6294 115
      vertex -11.5 19.9186 115
    endloop
  endfacet
  facet normal 0 0 1
    outer loop
      vertex -11.1114 16.6294 115
      vertex -12.7781 19.1238 115
      vertex -12.1752 15.8671 115
    endloop
  endfacet
  facet normal -0 0 1
    outer loop
      vertex -14.0015 18.2471 115
      vertex -12.1752 15.8671 115
      vertex -12.7781 19.1238 115
    endloop
  endfacet
  facet normal 0 0 1
    outer loop
      vertex -12.1752 15.8671 115
      vertex -14.0015 18.2471 115
      vertex -13.1869 15.0368 115
    endloop
  endfacet
  facet normal -0 0 1
    outer loop
      vertex -15.165 17.2923 115
      vertex -13.1869 15.0368 115
      vertex -14.0015 18.2471 115
    endloop
  endfacet
  facet normal 0 0 1
    outer loop
      vertex -13.1869 15.0368 115
      vertex -15.165 17.2923 115
      vertex -14.1421 14.1421 115
    endloop
  endfacet
  facet normal -0 0 1
    outer loop
      vertex -16.2635 16.2635 115
      vertex -14.1421 14.1421 115
      vertex -15.165 17.2923 115
    endloop
  endfacet
  facet normal 0 0 1
    outer loop
      vertex -14.1421 14.1421 115
      vertex -16.2635 16.2635 115
      vertex -15.0368 13.1869 115
    endloop
  endfacet
  facet normal -0 0 1
    outer loop
      vertex -17.2923 15.165 115
      vertex -15.0368 13.1869 115
      vertex -16.2635 16.2635 115
    endloop
  endfacet
  facet normal 0 0 1
    outer loop
      vertex -15.0368 13.1869 115
      vertex -17.2923 15.165 115
      vertex -15.8671 12.1752 115
    endloop
  endfacet
  facet normal -0 0 1
    outer loop
      vertex -18.2471 14.0015 115
      vertex -15.8671 12.1752 115
      vertex -17.2923 15.165 115
    endloop
  endfacet
  facet normal 0 0 1
    outer loop
      vertex -15.8671 12.1752 115
      vertex -18.2471 14.0015 115
      vertex -16.6294 11.1114 115
    endloop
  endfacet
  facet normal -0 0 1
    outer loop
      vertex -19.1238 12.7781 115
      vertex -16.6294 11.1114 115
      vertex -18.2471 14.0015 115
    endloop
  endfacet
  facet normal 0 0 1
    outer loop
      vertex -16.6294 11.1114 115
      vertex -19.1238 12.7781 115
      vertex -17.3205 10 115
    endloop
  endfacet
  facet normal -0 0 1
    outer loop
      vertex -19.9186 11.5 115
      vertex -17.3205 10 115
      vertex -19.1238 12.7781 115
    endloop
  endfacet
  facet normal 0 0 1
    outer loop
      vertex -17.3205 10 115
      vertex -19.9186 11.5 115
      vertex -17.9375 8.84577 115
    endloop
  endfacet
  facet normal -0 0 1
    outer loop
      vertex -20.6281 10.1726 115
      vertex -17.9375 8.84577 115
      vertex -19.9186 11.5 115
    endloop
  endfacet
  facet normal 0 0 1
    outer loop
      vertex -17.9375 8.84577 115
      vertex -20.6281 10.1726 115
      vertex -18.4776 7.65367 115
    endloop
  endfacet
  facet normal -0 0 1
    outer loop
      vertex -21.2492 8.80172 115
      vertex -18.4776 7.65367 115
      vertex -20.6281 10.1726 115
    endloop
  endfacet
  facet normal 0 0 1
    outer loop
      vertex -18.4776 7.65367 115
      vertex -21.2492 8.80172 115
      vertex -18.9386 6.42879 115
    endloop
  endfacet
  facet normal -0 0 1
    outer loop
      vertex -21.7794 7.39311 115
      vertex -18.9386 6.42879 115
      vertex -21.2492 8.80172 115
    endloop
  endfacet
  facet normal 0 0 1
    outer loop
      vertex -18.9386 6.42879 115
      vertex -21.7794 7.39311 115
      vertex -19.3185 5.17638 115
    endloop
  endfacet
  facet normal -0 0 1
    outer loop
      vertex -22.2163 5.95284 115
      vertex -19.3185 5.17638 115
      vertex -21.7794 7.39311 115
    endloop
  endfacet
  facet normal 0 0 1
    outer loop
      vertex -19.3185 5.17638 115
      vertex -22.2163 5.95284 115
      vertex -19.6157 3.90181 115
    endloop
  endfacet
  facet normal -0 0 1
    outer loop
      vertex 19.6157 -3.90181 115
      vertex 22.5581 -4.48708 115
      vertex 19.8289 -2.61052 115
    endloop
  endfacet
  facet normal 0 0 1
    outer loop
      vertex 22.5581 -4.48708 115
      vertex 19.6157 -3.90181 115
      vertex 22.2163 -5.95284 115
    endloop
  endfacet
  facet normal 0 0 1
    outer loop
      vertex 22.8032 -3.0021 115
      vertex 19.8289 -2.61052 115
      vertex 22.5581 -4.48708 115
    endloop
  endfacet
  facet normal 0 0 1
    outer loop
      vertex 22.2163 -5.95284 115
      vertex 19.3185 -5.17638 115
      vertex 21.7794 -7.39311 115
    endloop
  endfacet
  facet normal 0 0 1
    outer loop
      vertex 19.9572 -1.30806 115
      vertex 20.8296 -0.554327 115
      vertex 20.6 -0.599999 115
    endloop
  endfacet
  facet normal 0 0 1
    outer loop
      vertex 19.9572 -1.30806 115
      vertex 20.6 -0.599999 115
      vertex 20.3704 -0.554327 115
    endloop
  endfacet
  facet normal 0 0 1
    outer loop
      vertex 19.9572 -1.30806 115
      vertex 20.3704 -0.554327 115
      vertex 20.1757 -0.424264 115
    endloop
  endfacet
  facet normal 0 0 1
    outer loop
      vertex 19.9572 -1.30806 115
      vertex 20.1757 -0.424264 115
      vertex 20.0457 -0.229609 115
    endloop
  endfacet
  facet normal 0 0 1
    outer loop
      vertex 19.9572 -1.30806 115
      vertex 20.0457 -0.229609 115
      vertex 20 0 115
    endloop
  endfacet
  facet normal 0 0 1
    outer loop
      vertex 20.8296 -0.554327 115
      vertex 19.9572 -1.30806 115
      vertex 19.8289 -2.61052 115
    endloop
  endfacet
  facet normal -0 0 1
    outer loop
      vertex 19.3185 -5.17638 115
      vertex 22.2163 -5.95284 115
      vertex 19.6157 -3.90181 115
    endloop
  endfacet
  facet normal -0 0 1
    outer loop
      vertex 18.9386 -6.42879 115
      vertex 21.7794 -7.39311 115
      vertex 19.3185 -5.17638 115
    endloop
  endfacet
  facet normal 0 0 1
    outer loop
      vertex 21.7794 -7.39311 115
      vertex 18.9386 -6.42879 115
      vertex 21.2492 -8.80172 115
    endloop
  endfacet
  facet normal -0 0 1
    outer loop
      vertex 18.4776 -7.65367 115
      vertex 21.2492 -8.80172 115
      vertex 18.9386 -6.42879 115
    endloop
  endfacet
  facet normal 0 0 1
    outer loop
      vertex 21.2492 -8.80172 115
      vertex 18.4776 -7.65367 115
      vertex 20.6281 -10.1726 115
    endloop
  endfacet
  facet normal -0 0 1
    outer loop
      vertex 17.9375 -8.84577 115
      vertex 20.6281 -10.1726 115
      vertex 18.4776 -7.65367 115
    endloop
  endfacet
  facet normal 0 0 1
    outer loop
      vertex 20.6281 -10.1726 115
      vertex 17.9375 -8.84577 115
      vertex 19.9186 -11.5 115
    endloop
  endfacet
  facet normal -0 0 1
    outer loop
      vertex 17.3205 -10 115
      vertex 19.9186 -11.5 115
      vertex 17.9375 -8.84577 115
    endloop
  endfacet
  facet normal 0 0 1
    outer loop
      vertex 19.9186 -11.5 115
      vertex 17.3205 -10 115
      vertex 19.1238 -12.7781 115
    endloop
  endfacet
  facet normal -0 0 1
    outer loop
      vertex 16.6294 -11.1114 115
      vertex 19.1238 -12.7781 115
      vertex 17.3205 -10 115
    endloop
  endfacet
  facet normal 0 0 1
    outer loop
      vertex 19.1238 -12.7781 115
      vertex 16.6294 -11.1114 115
      vertex 18.2471 -14.0015 115
    endloop
  endfacet
  facet normal -0 0 1
    outer loop
      vertex 15.8671 -12.1752 115
      vertex 18.2471 -14.0015 115
      vertex 16.6294 -11.1114 115
    endloop
  endfacet
  facet normal 0 0 1
    outer loop
      vertex 18.2471 -14.0015 115
      vertex 15.8671 -12.1752 115
      vertex 17.2923 -15.165 115
    endloop
  endfacet
  facet normal -0 0 1
    outer loop
      vertex 15.0368 -13.1869 115
      vertex 17.2923 -15.165 115
      vertex 15.8671 -12.1752 115
    endloop
  endfacet
  facet normal 0 0 1
    outer loop
      vertex 17.2923 -15.165 115
      vertex 15.0368 -13.1869 115
      vertex 16.2635 -16.2635 115
    endloop
  endfacet
  facet normal -0 0 1
    outer loop
      vertex 14.1421 -14.1421 115
      vertex 16.2635 -16.2635 115
      vertex 15.0368 -13.1869 115
    endloop
  endfacet
  facet normal 0 0 1
    outer loop
      vertex 16.2635 -16.2635 115
      vertex 14.1421 -14.1421 115
      vertex 15.165 -17.2923 115
    endloop
  endfacet
  facet normal -0 0 1
    outer loop
      vertex 13.1869 -15.0368 115
      vertex 15.165 -17.2923 115
      vertex 14.1421 -14.1421 115
    endloop
  endfacet
  facet normal 0 0 1
    outer loop
      vertex 15.165 -17.2923 115
      vertex 13.1869 -15.0368 115
      vertex 14.0015 -18.2471 115
    endloop
  endfacet
  facet normal -0 0 1
    outer loop
      vertex 12.1752 -15.8671 115
      vertex 14.0015 -18.2471 115
      vertex 13.1869 -15.0368 115
    endloop
  endfacet
  facet normal 0 0 1
    outer loop
      vertex 14.0015 -18.2471 115
      vertex 12.1752 -15.8671 115
      vertex 12.7781 -19.1238 115
    endloop
  endfacet
  facet normal -0 0 1
    outer loop
      vertex 11.1114 -16.6294 115
      vertex 12.7781 -19.1238 115
      vertex 12.1752 -15.8671 115
    endloop
  endfacet
  facet normal 0 0 1
    outer loop
      vertex 12.7781 -19.1238 115
      vertex 11.1114 -16.6294 115
      vertex 11.5 -19.9186 115
    endloop
  endfacet
  facet normal -0 0 1
    outer loop
      vertex 10 -17.3205 115
      vertex 11.5 -19.9186 115
      vertex 11.1114 -16.6294 115
    endloop
  endfacet
  facet normal 0 0 1
    outer loop
      vertex 11.5 -19.9186 115
      vertex 10 -17.3205 115
      vertex 10.1726 -20.6281 115
    endloop
  endfacet
  facet normal -0 0 1
    outer loop
      vertex 8.84577 -17.9375 115
      vertex 10.1726 -20.6281 115
      vertex 10 -17.3205 115
    endloop
  endfacet
  facet normal 0 0 1
    outer loop
      vertex 8.84577 -17.9375 115
      vertex 8.80172 -21.2492 115
      vertex 10.1726 -20.6281 115
    endloop
  endfacet
  facet normal -0 0 1
    outer loop
      vertex 7.65367 -18.4776 115
      vertex 8.80172 -21.2492 115
      vertex 8.84577 -17.9375 115
    endloop
  endfacet
  facet normal 0 0 1
    outer loop
      vertex 7.65367 -18.4776 115
      vertex 7.39311 -21.7794 115
      vertex 8.80172 -21.2492 115
    endloop
  endfacet
  facet normal -0 0 1
    outer loop
      vertex 6.42879 -18.9386 115
      vertex 7.39311 -21.7794 115
      vertex 7.65367 -18.4776 115
    endloop
  endfacet
  facet normal 0 0 1
    outer loop
      vertex 6.42879 -18.9386 115
      vertex 5.95284 -22.2163 115
      vertex 7.39311 -21.7794 115
    endloop
  endfacet
  facet normal -0 0 1
    outer loop
      vertex 5.17638 -19.3185 115
      vertex 5.95284 -22.2163 115
      vertex 6.42879 -18.9386 115
    endloop
  endfacet
  facet normal 0 0 1
    outer loop
      vertex 5.17638 -19.3185 115
      vertex 4.48708 -22.5581 115
      vertex 5.95284 -22.2163 115
    endloop
  endfacet
  facet normal -0 0 1
    outer loop
      vertex 3.90181 -19.6157 115
      vertex 4.48708 -22.5581 115
      vertex 5.17638 -19.3185 115
    endloop
  endfacet
  facet normal 0 0 1
    outer loop
      vertex 3.90181 -19.6157 115
      vertex 3.0021 -22.8032 115
      vertex 4.48708 -22.5581 115
    endloop
  endfacet
  facet normal -0 0 1
    outer loop
      vertex 2.61052 -19.8289 115
      vertex 3.0021 -22.8032 115
      vertex 3.90181 -19.6157 115
    endloop
  endfacet
  facet normal 0 0 1
    outer loop
      vertex 2.61052 -19.8289 115
      vertex 1.50427 -22.9508 115
      vertex 3.0021 -22.8032 115
    endloop
  endfacet
  facet normal -0 0 1
    outer loop
      vertex 1.30806 -19.9572 115
      vertex 1.50427 -22.9508 115
      vertex 2.61052 -19.8289 115
    endloop
  endfacet
  facet normal -0 0 1
    outer loop
      vertex 0 -20 115
      vertex 1.50427 -22.9508 115
      vertex 1.30806 -19.9572 115
    endloop
  endfacet
  facet normal 0 0 1
    outer loop
      vertex 0 -20 115
      vertex 0 -23 115
      vertex 1.50427 -22.9508 115
    endloop
  endfacet
  facet normal 0 0 1
    outer loop
      vertex -1.30806 -19.9572 115
      vertex 0 -23 115
      vertex 0 -20 115
    endloop
  endfacet
  facet normal 0 0 1
    outer loop
      vertex -1.30806 -19.9572 115
      vertex -1.50427 -22.9508 115
      vertex 0 -23 115
    endloop
  endfacet
  facet normal 0 0 1
    outer loop
      vertex -2.61052 -19.8289 115
      vertex -1.50427 -22.9508 115
      vertex -1.30806 -19.9572 115
    endloop
  endfacet
  facet normal 0 0 1
    outer loop
      vertex -2.61052 -19.8289 115
      vertex -3.0021 -22.8032 115
      vertex -1.50427 -22.9508 115
    endloop
  endfacet
  facet normal 0 0 1
    outer loop
      vertex -3.90181 -19.6157 115
      vertex -3.0021 -22.8032 115
      vertex -2.61052 -19.8289 115
    endloop
  endfacet
  facet normal 0 0 1
    outer loop
      vertex -3.90181 -19.6157 115
      vertex -4.48708 -22.5581 115
      vertex -3.0021 -22.8032 115
    endloop
  endfacet
  facet normal 0 0 1
    outer loop
      vertex -5.17638 -19.3185 115
      vertex -4.48708 -22.5581 115
      vertex -3.90181 -19.6157 115
    endloop
  endfacet
  facet normal 0 0 1
    outer loop
      vertex -5.17638 -19.3185 115
      vertex -5.95284 -22.2163 115
      vertex -4.48708 -22.5581 115
    endloop
  endfacet
  facet normal 0 0 1
    outer loop
      vertex -6.42879 -18.9386 115
      vertex -5.95284 -22.2163 115
      vertex -5.17638 -19.3185 115
    endloop
  endfacet
  facet normal 0 0 1
    outer loop
      vertex -6.42879 -18.9386 115
      vertex -7.39311 -21.7794 115
      vertex -5.95284 -22.2163 115
    endloop
  endfacet
  facet normal 0 0 1
    outer loop
      vertex -7.65367 -18.4776 115
      vertex -7.39311 -21.7794 115
      vertex -6.42879 -18.9386 115
    endloop
  endfacet
  facet normal 0 0 1
    outer loop
      vertex -7.65367 -18.4776 115
      vertex -8.80172 -21.2492 115
      vertex -7.39311 -21.7794 115
    endloop
  endfacet
  facet normal 0 0 1
    outer loop
      vertex -8.84577 -17.9375 115
      vertex -8.80172 -21.2492 115
      vertex -7.65367 -18.4776 115
    endloop
  endfacet
  facet normal 0 0 1
    outer loop
      vertex -10.1726 -20.6281 115
      vertex -8.84577 -17.9375 115
      vertex -10 -17.3205 115
    endloop
  endfacet
  facet normal 0 0 1
    outer loop
      vertex -8.84577 -17.9375 115
      vertex -10.1726 -20.6281 115
      vertex -8.80172 -21.2492 115
    endloop
  endfacet
  facet normal 0 0 1
    outer loop
      vertex -11.5 -19.9186 115
      vertex -10 -17.3205 115
      vertex -11.1114 -16.6294 115
    endloop
  endfacet
  facet normal 0 0 1
    outer loop
      vertex -10 -17.3205 115
      vertex -11.5 -19.9186 115
      vertex -10.1726 -20.6281 115
    endloop
  endfacet
  facet normal 0 0 1
    outer loop
      vertex -12.7781 -19.1238 115
      vertex -11.1114 -16.6294 115
      vertex -12.1752 -15.8671 115
    endloop
  endfacet
  facet normal 0 0 1
    outer loop
      vertex -11.1114 -16.6294 115
      vertex -12.7781 -19.1238 115
      vertex -11.5 -19.9186 115
    endloop
  endfacet
  facet normal 0 0 1
    outer loop
      vertex -14.0015 -18.2471 115
      vertex -12.1752 -15.8671 115
      vertex -13.1869 -15.0368 115
    endloop
  endfacet
  facet normal 0 0 1
    outer loop
      vertex -12.1752 -15.8671 115
      vertex -14.0015 -18.2471 115
      vertex -12.7781 -19.1238 115
    endloop
  endfacet
  facet normal 0 0 1
    outer loop
      vertex -15.165 -17.2923 115
      vertex -13.1869 -15.0368 115
      vertex -14.1421 -14.1421 115
    endloop
  endfacet
  facet normal 0 0 1
    outer loop
      vertex -16.2635 -16.2635 115
      vertex -14.1421 -14.1421 115
      vertex -15.0368 -13.1869 115
    endloop
  endfacet
  facet normal 0 0 1
    outer loop
      vertex -13.1869 -15.0368 115
      vertex -15.165 -17.2923 115
      vertex -14.0015 -18.2471 115
    endloop
  endfacet
  facet normal 0 0 1
    outer loop
      vertex -17.2923 -15.165 115
      vertex -15.0368 -13.1869 115
      vertex -15.8671 -12.1752 115
    endloop
  endfacet
  facet normal 0 0 1
    outer loop
      vertex -14.1421 -14.1421 115
      vertex -16.2635 -16.2635 115
      vertex -15.165 -17.2923 115
    endloop
  endfacet
  facet normal 0 0 1
    outer loop
      vertex -18.2471 -14.0015 115
      vertex -15.8671 -12.1752 115
      vertex -16.6294 -11.1114 115
    endloop
  endfacet
  facet normal 0 0 1
    outer loop
      vertex -15.0368 -13.1869 115
      vertex -17.2923 -15.165 115
      vertex -16.2635 -16.2635 115
    endloop
  endfacet
  facet normal 0 0 1
    outer loop
      vertex -19.1238 -12.7781 115
      vertex -16.6294 -11.1114 115
      vertex -17.3205 -10 115
    endloop
  endfacet
  facet normal 0 0 1
    outer loop
      vertex -19.9186 -11.5 115
      vertex -17.3205 -10 115
      vertex -17.9375 -8.84577 115
    endloop
  endfacet
  facet normal 0 0 1
    outer loop
      vertex -15.8671 -12.1752 115
      vertex -18.2471 -14.0015 115
      vertex -17.2923 -15.165 115
    endloop
  endfacet
  facet normal 0 0 1
    outer loop
      vertex -20.6281 -10.1726 115
      vertex -17.9375 -8.84577 115
      vertex -18.4776 -7.65367 115
    endloop
  endfacet
  facet normal 0 0 1
    outer loop
      vertex -21.2492 -8.80172 115
      vertex -18.4776 -7.65367 115
      vertex -18.9386 -6.42879 115
    endloop
  endfacet
  facet normal 0 0 1
    outer loop
      vertex -16.6294 -11.1114 115
      vertex -19.1238 -12.7781 115
      vertex -18.2471 -14.0015 115
    endloop
  endfacet
  facet normal 0 0 1
    outer loop
      vertex -21.7794 -7.39311 115
      vertex -18.9386 -6.42879 115
      vertex -19.3185 -5.17638 115
    endloop
  endfacet
  facet normal 0 0 1
    outer loop
      vertex -22.2163 -5.95284 115
      vertex -19.3185 -5.17638 115
      vertex -19.6157 -3.90181 115
    endloop
  endfacet
  facet normal 0 0 1
    outer loop
      vertex -22.5581 -4.48708 115
      vertex -19.6157 -3.90181 115
      vertex -19.8289 -2.61052 115
    endloop
  endfacet
  facet normal 0 0 1
    outer loop
      vertex -17.3205 -10 115
      vertex -19.9186 -11.5 115
      vertex -19.1238 -12.7781 115
    endloop
  endfacet
  facet normal 0 0 1
    outer loop
      vertex -22.8032 -3.0021 115
      vertex -19.8289 -2.61052 115
      vertex -19.9572 -1.30806 115
    endloop
  endfacet
  facet normal 0 0 1
    outer loop
      vertex -22.9508 -1.50427 115
      vertex -19.9572 -1.30806 115
      vertex -20 0 115
    endloop
  endfacet
  facet normal -0 0 1
    outer loop
      vertex -22.5581 4.48708 115
      vertex -19.6157 3.90181 115
      vertex -22.2163 5.95284 115
    endloop
  endfacet
  facet normal 0 0 1
    outer loop
      vertex -17.9375 -8.84577 115
      vertex -20.6281 -10.1726 115
      vertex -19.9186 -11.5 115
    endloop
  endfacet
  facet normal 0 0 1
    outer loop
      vertex -19.6157 3.90181 115
      vertex -22.5581 4.48708 115
      vertex -19.8289 2.61052 115
    endloop
  endfacet
  facet normal 0 0 1
    outer loop
      vertex -18.4776 -7.65367 115
      vertex -21.2492 -8.80172 115
      vertex -20.6281 -10.1726 115
    endloop
  endfacet
  facet normal -0 0 1
    outer loop
      vertex -22.8032 3.0021 115
      vertex -19.8289 2.61052 115
      vertex -22.5581 4.48708 115
    endloop
  endfacet
  facet normal 0 0 1
    outer loop
      vertex -18.9386 -6.42879 115
      vertex -21.7794 -7.39311 115
      vertex -21.2492 -8.80172 115
    endloop
  endfacet
  facet normal 0 0 1
    outer loop
      vertex -19.8289 2.61052 115
      vertex -22.8032 3.0021 115
      vertex -19.9572 1.30806 115
    endloop
  endfacet
  facet normal 0 0 1
    outer loop
      vertex -19.3185 -5.17638 115
      vertex -22.2163 -5.95284 115
      vertex -21.7794 -7.39311 115
    endloop
  endfacet
  facet normal -0 0 1
    outer loop
      vertex -22.9508 1.50427 115
      vertex -19.9572 1.30806 115
      vertex -22.8032 3.0021 115
    endloop
  endfacet
  facet normal 0 0 1
    outer loop
      vertex -19.6157 -3.90181 115
      vertex -22.5581 -4.48708 115
      vertex -22.2163 -5.95284 115
    endloop
  endfacet
  facet normal 0 0 1
    outer loop
      vertex -19.9572 1.30806 115
      vertex -22.9508 1.50427 115
      vertex -20 0 115
    endloop
  endfacet
  facet normal 0 0 1
    outer loop
      vertex -19.8289 -2.61052 115
      vertex -22.8032 -3.0021 115
      vertex -22.5581 -4.48708 115
    endloop
  endfacet
  facet normal 0 0 1
    outer loop
      vertex -23 0 115
      vertex -20 0 115
      vertex -22.9508 1.50427 115
    endloop
  endfacet
  facet normal 0 0 1
    outer loop
      vertex -19.9572 -1.30806 115
      vertex -22.9508 -1.50427 115
      vertex -22.8032 -3.0021 115
    endloop
  endfacet
  facet normal 0 0 1
    outer loop
      vertex -20 0 115
      vertex -23 0 115
      vertex -22.9508 -1.50427 115
    endloop
  endfacet
  facet normal -0 -0 1
    outer loop
      vertex 19.9572 1.30806 115
      vertex 20.8296 0.554327 115
      vertex 19.8289 2.61052 115
    endloop
  endfacet
  facet normal 0 0 1
    outer loop
      vertex 20.3704 0.554327 115
      vertex 19.9572 1.30806 115
      vertex 20.1757 0.424264 115
    endloop
  endfacet
  facet normal 0 0 1
    outer loop
      vertex 22.2163 5.95284 115
      vertex 19.763 6.60325 115
      vertex 19.3185 5.17638 115
    endloop
  endfacet
  facet normal 0 0 1
    outer loop
      vertex 22.9508 1.50427 115
      vertex 20.8296 0.554327 115
      vertex 21.0243 0.424264 115
    endloop
  endfacet
  facet normal 0 0 1
    outer loop
      vertex 19.3185 5.17638 115
      vertex 19.763 6.60325 115
      vertex 19.5629 6.4818 115
    endloop
  endfacet
  facet normal 0 0 1
    outer loop
      vertex 19.3185 5.17638 115
      vertex 19.5629 6.4818 115
      vertex 19.3315 6.44619 115
    endloop
  endfacet
  facet normal 0 0 1
    outer loop
      vertex 22.2163 5.95284 115
      vertex 19.3185 5.17638 115
      vertex 19.6157 3.90181 115
    endloop
  endfacet
  facet normal 0 0 1
    outer loop
      vertex 18.9386 6.42879 115
      vertex 19.3315 6.44619 115
      vertex 19.1041 6.50183 115
    endloop
  endfacet
  facet normal 0 0 1
    outer loop
      vertex 19.3315 6.44619 115
      vertex 18.9386 6.42879 115
      vertex 19.3185 5.17638 115
    endloop
  endfacet
  facet normal 0 0 1
    outer loop
      vertex 18.9153 6.64026 115
      vertex 18.9386 6.42879 115
      vertex 19.1041 6.50183 115
    endloop
  endfacet
  facet normal 0 0 1
    outer loop
      vertex 18.7939 6.8404 115
      vertex 18.9386 6.42879 115
      vertex 18.9153 6.64026 115
    endloop
  endfacet
  facet normal 0 0 1
    outer loop
      vertex 18.7939 6.8404 115
      vertex 18.4776 7.65367 115
      vertex 18.9386 6.42879 115
    endloop
  endfacet
  facet normal 0 0 1
    outer loop
      vertex 18.4776 7.65367 115
      vertex 18.7939 6.8404 115
      vertex 18.7582 7.07179 115
    endloop
  endfacet
  facet normal -0.52808 0.849194 0
    outer loop
      vertex -11.5 19.9186 109
      vertex -12.7781 19.1238 115
      vertex -11.5 19.9186 115
    endloop
  endfacet
  facet normal -0.52808 0.849194 0
    outer loop
      vertex -12.7781 19.1238 115
      vertex -11.5 19.9186 109
      vertex -12.7781 19.1238 109
    endloop
  endfacet
  facet normal -0.412686 0.910873 0
    outer loop
      vertex -8.80172 21.2492 109
      vertex -10.1726 20.6281 115
      vertex -8.80172 21.2492 115
    endloop
  endfacet
  facet normal -0.412686 0.910873 0
    outer loop
      vertex -10.1726 20.6281 115
      vertex -8.80172 21.2492 109
      vertex -10.1726 20.6281 109
    endloop
  endfacet
  facet normal -0.63437 0.77303 0
    outer loop
      vertex -14.0015 18.2471 109
      vertex -15.165 17.2923 115
      vertex -14.0015 18.2471 115
    endloop
  endfacet
  facet normal -0.63437 0.77303 0
    outer loop
      vertex -15.165 17.2923 115
      vertex -14.0015 18.2471 109
      vertex -15.165 17.2923 109
    endloop
  endfacet
  facet normal -0.0326894 0.999466 0
    outer loop
      vertex 0 23 109
      vertex -1.50427 22.9508 115
      vertex 0 23 115
    endloop
  endfacet
  facet normal -0.0326894 0.999466 0
    outer loop
      vertex -1.50427 22.9508 115
      vertex 0 23 109
      vertex -1.50427 22.9508 109
    endloop
  endfacet
  facet normal 0.471392 -0.881924 0
    outer loop
      vertex 10.1726 -20.6281 109
      vertex 11.5 -19.9186 115
      vertex 10.1726 -20.6281 115
    endloop
  endfacet
  facet normal 0.471392 -0.881924 0
    outer loop
      vertex 11.5 -19.9186 115
      vertex 10.1726 -20.6281 109
      vertex 11.5 -19.9186 109
    endloop
  endfacet
  facet normal 0.63437 -0.77303 0
    outer loop
      vertex 14.0015 -18.2471 109
      vertex 15.165 -17.2923 115
      vertex 14.0015 -18.2471 115
    endloop
  endfacet
  facet normal 0.63437 -0.77303 0
    outer loop
      vertex 15.165 -17.2923 115
      vertex 14.0015 -18.2471 109
      vertex 15.165 -17.2923 109
    endloop
  endfacet
  facet normal 0.77303 -0.63437 0
    outer loop
      vertex 17.2923 -15.165 115
      vertex 18.2471 -14.0015 109
      vertex 18.2471 -14.0015 115
    endloop
  endfacet
  facet normal 0.77303 -0.63437 0
    outer loop
      vertex 18.2471 -14.0015 109
      vertex 17.2923 -15.165 115
      vertex 17.2923 -15.165 109
    endloop
  endfacet
  facet normal -0.683572 -0.729883 0
    outer loop
      vertex -16.2635 -16.2635 109
      vertex -15.165 -17.2923 115
      vertex -16.2635 -16.2635 115
    endloop
  endfacet
  facet normal -0.683572 -0.729883 -0
    outer loop
      vertex -15.165 -17.2923 115
      vertex -16.2635 -16.2635 109
      vertex -15.165 -17.2923 109
    endloop
  endfacet
  facet normal -0.910873 -0.412686 0
    outer loop
      vertex -20.6281 -10.1726 109
      vertex -21.2492 -8.80172 115
      vertex -21.2492 -8.80172 109
    endloop
  endfacet
  facet normal -0.910873 -0.412686 0
    outer loop
      vertex -21.2492 -8.80172 115
      vertex -20.6281 -10.1726 109
      vertex -20.6281 -10.1726 115
    endloop
  endfacet
  facet normal -0.999466 -0.0326894 0
    outer loop
      vertex -22.9508 -1.50427 109
      vertex -23 0 115
      vertex -23 0 109
    endloop
  endfacet
  facet normal -0.999466 -0.0326894 0
    outer loop
      vertex -23 0 115
      vertex -22.9508 -1.50427 109
      vertex -22.9508 -1.50427 115
    endloop
  endfacet
  facet normal 0.973872 0.227097 0
    outer loop
      vertex 22.5581 4.48708 115
      vertex 22.2163 5.95284 109
      vertex 22.2163 5.95284 115
    endloop
  endfacet
  facet normal 0.973872 0.227097 0
    outer loop
      vertex 22.2163 5.95284 109
      vertex 22.5581 4.48708 115
      vertex 22.5581 4.48708 109
    endloop
  endfacet
  facet normal 0.986651 0.162849 0
    outer loop
      vertex 22.8032 3.0021 115
      vertex 22.5581 4.48708 109
      vertex 22.5581 4.48708 115
    endloop
  endfacet
  facet normal 0.986651 0.162849 0
    outer loop
      vertex 22.5581 4.48708 109
      vertex 22.8032 3.0021 115
      vertex 22.8032 3.0021 109
    endloop
  endfacet
  facet normal 0.935898 0.352271 0
    outer loop
      vertex 21.7794 7.39311 115
      vertex 21.2492 8.80172 109
      vertex 21.2492 8.80172 115
    endloop
  endfacet
  facet normal 0.935898 0.352271 0
    outer loop
      vertex 21.2492 8.80172 109
      vertex 21.7794 7.39311 115
      vertex 21.7794 7.39311 109
    endloop
  endfacet
  facet normal 0.812839 0.582488 0
    outer loop
      vertex 19.1238 12.7781 115
      vertex 18.2471 14.0015 109
      vertex 18.2471 14.0015 115
    endloop
  endfacet
  facet normal 0.812839 0.582488 0
    outer loop
      vertex 18.2471 14.0015 109
      vertex 19.1238 12.7781 115
      vertex 19.1238 12.7781 109
    endloop
  endfacet
  facet normal 0.849194 0.52808 0
    outer loop
      vertex 19.9186 11.5 115
      vertex 19.1238 12.7781 109
      vertex 19.1238 12.7781 115
    endloop
  endfacet
  facet normal 0.849194 0.52808 0
    outer loop
      vertex 19.1238 12.7781 109
      vertex 19.9186 11.5 115
      vertex 19.9186 11.5 109
    endloop
  endfacet
  facet normal 0.352271 0.935898 -0
    outer loop
      vertex 8.80172 21.2492 109
      vertex 7.39311 21.7794 115
      vertex 8.80172 21.2492 115
    endloop
  endfacet
  facet normal 0.352271 0.935898 0
    outer loop
      vertex 7.39311 21.7794 115
      vertex 8.80172 21.2492 109
      vertex 7.39311 21.7794 109
    endloop
  endfacet
  facet normal 0.290284 0.956941 -0
    outer loop
      vertex 7.39311 21.7794 109
      vertex 5.95284 22.2163 115
      vertex 7.39311 21.7794 115
    endloop
  endfacet
  facet normal 0.290284 0.956941 0
    outer loop
      vertex 5.95284 22.2163 115
      vertex 7.39311 21.7794 109
      vertex 5.95284 22.2163 109
    endloop
  endfacet
  facet normal 0.162849 0.986651 -0
    outer loop
      vertex 4.48708 22.5581 109
      vertex 3.0021 22.8032 115
      vertex 4.48708 22.5581 115
    endloop
  endfacet
  facet normal 0.162849 0.986651 0
    outer loop
      vertex 3.0021 22.8032 115
      vertex 4.48708 22.5581 109
      vertex 3.0021 22.8032 109
    endloop
  endfacet
  facet normal 0.0980676 0.99518 -0
    outer loop
      vertex 3.0021 22.8032 109
      vertex 1.50427 22.9508 115
      vertex 3.0021 22.8032 115
    endloop
  endfacet
  facet normal 0.0980676 0.99518 0
    outer loop
      vertex 1.50427 22.9508 115
      vertex 3.0021 22.8032 109
      vertex 1.50427 22.9508 109
    endloop
  endfacet
  facet normal 0.471392 0.881924 -0
    outer loop
      vertex 11.5 19.9186 109
      vertex 10.1726 20.6281 115
      vertex 11.5 19.9186 115
    endloop
  endfacet
  facet normal 0.471392 0.881924 0
    outer loop
      vertex 10.1726 20.6281 115
      vertex 11.5 19.9186 109
      vertex 10.1726 20.6281 109
    endloop
  endfacet
  facet normal 0.52808 0.849194 -0
    outer loop
      vertex 12.7781 19.1238 109
      vertex 11.5 19.9186 115
      vertex 12.7781 19.1238 115
    endloop
  endfacet
  facet normal 0.52808 0.849194 0
    outer loop
      vertex 11.5 19.9186 115
      vertex 12.7781 19.1238 109
      vertex 11.5 19.9186 109
    endloop
  endfacet
  facet normal 0.582488 0.812839 -0
    outer loop
      vertex 14.0015 18.2471 109
      vertex 12.7781 19.1238 115
      vertex 14.0015 18.2471 115
    endloop
  endfacet
  facet normal 0.582488 0.812839 0
    outer loop
      vertex 12.7781 19.1238 115
      vertex 14.0015 18.2471 109
      vertex 12.7781 19.1238 109
    endloop
  endfacet
  facet normal -0.881924 0.471392 0
    outer loop
      vertex -20.6281 10.1726 109
      vertex -19.9186 11.5 115
      vertex -19.9186 11.5 109
    endloop
  endfacet
  facet normal -0.881924 0.471392 0
    outer loop
      vertex -19.9186 11.5 115
      vertex -20.6281 10.1726 109
      vertex -20.6281 10.1726 115
    endloop
  endfacet
  facet normal -0.935898 0.352271 0
    outer loop
      vertex -21.7794 7.39311 109
      vertex -21.2492 8.80172 115
      vertex -21.2492 8.80172 109
    endloop
  endfacet
  facet normal -0.935898 0.352271 0
    outer loop
      vertex -21.2492 8.80172 115
      vertex -21.7794 7.39311 109
      vertex -21.7794 7.39311 115
    endloop
  endfacet
  facet normal -0.956941 0.290284 0
    outer loop
      vertex -22.2163 5.95284 109
      vertex -21.7794 7.39311 115
      vertex -21.7794 7.39311 109
    endloop
  endfacet
  facet normal -0.956941 0.290284 0
    outer loop
      vertex -21.7794 7.39311 115
      vertex -22.2163 5.95284 109
      vertex -22.2163 5.95284 115
    endloop
  endfacet
  facet normal -0.986651 0.162849 0
    outer loop
      vertex -22.8032 3.0021 109
      vertex -22.5581 4.48708 115
      vertex -22.5581 4.48708 109
    endloop
  endfacet
  facet normal -0.986651 0.162849 0
    outer loop
      vertex -22.5581 4.48708 115
      vertex -22.8032 3.0021 109
      vertex -22.8032 3.0021 115
    endloop
  endfacet
  facet normal -0.99518 0.0980676 0
    outer loop
      vertex -22.9508 1.50427 109
      vertex -22.8032 3.0021 115
      vertex -22.8032 3.0021 109
    endloop
  endfacet
  facet normal -0.99518 0.0980676 0
    outer loop
      vertex -22.8032 3.0021 115
      vertex -22.9508 1.50427 109
      vertex -22.9508 1.50427 115
    endloop
  endfacet
  facet normal -0.471392 0.881924 0
    outer loop
      vertex -10.1726 20.6281 109
      vertex -11.5 19.9186 115
      vertex -10.1726 20.6281 115
    endloop
  endfacet
  facet normal -0.471392 0.881924 0
    outer loop
      vertex -11.5 19.9186 115
      vertex -10.1726 20.6281 109
      vertex -11.5 19.9186 109
    endloop
  endfacet
  facet normal -0.582488 0.812839 0
    outer loop
      vertex -12.7781 19.1238 109
      vertex -14.0015 18.2471 115
      vertex -12.7781 19.1238 115
    endloop
  endfacet
  facet normal -0.582488 0.812839 0
    outer loop
      vertex -14.0015 18.2471 115
      vertex -12.7781 19.1238 109
      vertex -14.0015 18.2471 109
    endloop
  endfacet
  facet normal -0.352271 0.935898 0
    outer loop
      vertex -7.39311 21.7794 109
      vertex -8.80172 21.2492 115
      vertex -7.39311 21.7794 115
    endloop
  endfacet
  facet normal -0.352271 0.935898 0
    outer loop
      vertex -8.80172 21.2492 115
      vertex -7.39311 21.7794 109
      vertex -8.80172 21.2492 109
    endloop
  endfacet
  facet normal -0.227097 0.973872 0
    outer loop
      vertex -4.48708 22.5581 109
      vertex -5.95284 22.2163 115
      vertex -4.48708 22.5581 115
    endloop
  endfacet
  facet normal -0.227097 0.973872 0
    outer loop
      vertex -5.95284 22.2163 115
      vertex -4.48708 22.5581 109
      vertex -5.95284 22.2163 109
    endloop
  endfacet
  facet normal -0.162849 0.986651 0
    outer loop
      vertex -3.0021 22.8032 109
      vertex -4.48708 22.5581 115
      vertex -3.0021 22.8032 115
    endloop
  endfacet
  facet normal -0.162849 0.986651 0
    outer loop
      vertex -4.48708 22.5581 115
      vertex -3.0021 22.8032 109
      vertex -4.48708 22.5581 109
    endloop
  endfacet
  facet normal 0.999466 -0.0326894 0
    outer loop
      vertex 22.9508 -1.50427 115
      vertex 23 0 109
      vertex 23 0 115
    endloop
  endfacet
  facet normal 0.999466 -0.0326894 0
    outer loop
      vertex 23 0 109
      vertex 22.9508 -1.50427 115
      vertex 22.9508 -1.50427 109
    endloop
  endfacet
  facet normal 0.0326894 -0.999466 0
    outer loop
      vertex 0 -23 109
      vertex 1.50427 -22.9508 115
      vertex 0 -23 115
    endloop
  endfacet
  facet normal 0.0326894 -0.999466 0
    outer loop
      vertex 1.50427 -22.9508 115
      vertex 0 -23 109
      vertex 1.50427 -22.9508 109
    endloop
  endfacet
  facet normal 0.227097 -0.973872 0
    outer loop
      vertex 4.48708 -22.5581 109
      vertex 5.95284 -22.2163 115
      vertex 4.48708 -22.5581 115
    endloop
  endfacet
  facet normal 0.227097 -0.973872 0
    outer loop
      vertex 5.95284 -22.2163 115
      vertex 4.48708 -22.5581 109
      vertex 5.95284 -22.2163 109
    endloop
  endfacet
  facet normal 0.162849 -0.986651 0
    outer loop
      vertex 3.0021 -22.8032 109
      vertex 4.48708 -22.5581 115
      vertex 3.0021 -22.8032 115
    endloop
  endfacet
  facet normal 0.162849 -0.986651 0
    outer loop
      vertex 4.48708 -22.5581 115
      vertex 3.0021 -22.8032 109
      vertex 4.48708 -22.5581 109
    endloop
  endfacet
  facet normal 0.352271 -0.935898 0
    outer loop
      vertex 7.39311 -21.7794 109
      vertex 8.80172 -21.2492 115
      vertex 7.39311 -21.7794 115
    endloop
  endfacet
  facet normal 0.352271 -0.935898 0
    outer loop
      vertex 8.80172 -21.2492 115
      vertex 7.39311 -21.7794 109
      vertex 8.80172 -21.2492 109
    endloop
  endfacet
  facet normal 0.412686 -0.910873 0
    outer loop
      vertex 8.80172 -21.2492 109
      vertex 10.1726 -20.6281 115
      vertex 8.80172 -21.2492 115
    endloop
  endfacet
  facet normal 0.412686 -0.910873 0
    outer loop
      vertex 10.1726 -20.6281 115
      vertex 8.80172 -21.2492 109
      vertex 10.1726 -20.6281 109
    endloop
  endfacet
  facet normal 0.729883 -0.683572 0
    outer loop
      vertex 16.2635 -16.2635 115
      vertex 17.2923 -15.165 109
      vertex 17.2923 -15.165 115
    endloop
  endfacet
  facet normal 0.729883 -0.683572 0
    outer loop
      vertex 17.2923 -15.165 109
      vertex 16.2635 -16.2635 115
      vertex 16.2635 -16.2635 109
    endloop
  endfacet
  facet normal 0.52808 -0.849194 0
    outer loop
      vertex 11.5 -19.9186 109
      vertex 12.7781 -19.1238 115
      vertex 11.5 -19.9186 115
    endloop
  endfacet
  facet normal 0.52808 -0.849194 0
    outer loop
      vertex 12.7781 -19.1238 115
      vertex 11.5 -19.9186 109
      vertex 12.7781 -19.1238 109
    endloop
  endfacet
  facet normal 0.582488 -0.812839 0
    outer loop
      vertex 12.7781 -19.1238 109
      vertex 14.0015 -18.2471 115
      vertex 12.7781 -19.1238 115
    endloop
  endfacet
  facet normal 0.582488 -0.812839 0
    outer loop
      vertex 14.0015 -18.2471 115
      vertex 12.7781 -19.1238 109
      vertex 14.0015 -18.2471 109
    endloop
  endfacet
  facet normal 0.812839 -0.582488 0
    outer loop
      vertex 18.2471 -14.0015 115
      vertex 19.1238 -12.7781 109
      vertex 19.1238 -12.7781 115
    endloop
  endfacet
  facet normal 0.812839 -0.582488 0
    outer loop
      vertex 19.1238 -12.7781 109
      vertex 18.2471 -14.0015 115
      vertex 18.2471 -14.0015 109
    endloop
  endfacet
  facet normal 0.910873 -0.412686 0
    outer loop
      vertex 20.6281 -10.1726 115
      vertex 21.2492 -8.80172 109
      vertex 21.2492 -8.80172 115
    endloop
  endfacet
  facet normal 0.910873 -0.412686 0
    outer loop
      vertex 21.2492 -8.80172 109
      vertex 20.6281 -10.1726 115
      vertex 20.6281 -10.1726 109
    endloop
  endfacet
  facet normal 0.935898 -0.352271 0
    outer loop
      vertex 21.2492 -8.80172 115
      vertex 21.7794 -7.39311 109
      vertex 21.7794 -7.39311 115
    endloop
  endfacet
  facet normal 0.935898 -0.352271 0
    outer loop
      vertex 21.7794 -7.39311 109
      vertex 21.2492 -8.80172 115
      vertex 21.2492 -8.80172 109
    endloop
  endfacet
  facet normal 0.973872 -0.227097 0
    outer loop
      vertex 22.2163 -5.95284 115
      vertex 22.5581 -4.48708 109
      vertex 22.5581 -4.48708 115
    endloop
  endfacet
  facet normal 0.973872 -0.227097 0
    outer loop
      vertex 22.5581 -4.48708 109
      vertex 22.2163 -5.95284 115
      vertex 22.2163 -5.95284 109
    endloop
  endfacet
  facet normal -0.63437 -0.77303 0
    outer loop
      vertex -15.165 -17.2923 109
      vertex -14.0015 -18.2471 115
      vertex -15.165 -17.2923 115
    endloop
  endfacet
  facet normal -0.63437 -0.77303 -0
    outer loop
      vertex -14.0015 -18.2471 115
      vertex -15.165 -17.2923 109
      vertex -14.0015 -18.2471 109
    endloop
  endfacet
  facet normal -0.412686 -0.910873 0
    outer loop
      vertex -10.1726 -20.6281 109
      vertex -8.80172 -21.2492 115
      vertex -10.1726 -20.6281 115
    endloop
  endfacet
  facet normal -0.412686 -0.910873 -0
    outer loop
      vertex -8.80172 -21.2492 115
      vertex -10.1726 -20.6281 109
      vertex -8.80172 -21.2492 109
    endloop
  endfacet
  facet normal -0.52808 -0.849194 0
    outer loop
      vertex -12.7781 -19.1238 109
      vertex -11.5 -19.9186 115
      vertex -12.7781 -19.1238 115
    endloop
  endfacet
  facet normal -0.52808 -0.849194 -0
    outer loop
      vertex -11.5 -19.9186 115
      vertex -12.7781 -19.1238 109
      vertex -11.5 -19.9186 109
    endloop
  endfacet
  facet normal -0.227097 -0.973872 0
    outer loop
      vertex -5.95284 -22.2163 109
      vertex -4.48708 -22.5581 115
      vertex -5.95284 -22.2163 115
    endloop
  endfacet
  facet normal -0.227097 -0.973872 -0
    outer loop
      vertex -4.48708 -22.5581 115
      vertex -5.95284 -22.2163 109
      vertex -4.48708 -22.5581 109
    endloop
  endfacet
  facet normal -0.162849 -0.986651 0
    outer loop
      vertex -4.48708 -22.5581 109
      vertex -3.0021 -22.8032 115
      vertex -4.48708 -22.5581 115
    endloop
  endfacet
  facet normal -0.162849 -0.986651 -0
    outer loop
      vertex -3.0021 -22.8032 115
      vertex -4.48708 -22.5581 109
      vertex -3.0021 -22.8032 109
    endloop
  endfacet
  facet normal -0.0326894 -0.999466 0
    outer loop
      vertex -1.50427 -22.9508 109
      vertex 0 -23 115
      vertex -1.50427 -22.9508 115
    endloop
  endfacet
  facet normal -0.0326894 -0.999466 -0
    outer loop
      vertex 0 -23 115
      vertex -1.50427 -22.9508 109
      vertex 0 -23 109
    endloop
  endfacet
  facet normal -0.812839 -0.582488 0
    outer loop
      vertex -18.2471 -14.0015 109
      vertex -19.1238 -12.7781 115
      vertex -19.1238 -12.7781 109
    endloop
  endfacet
  facet normal -0.812839 -0.582488 0
    outer loop
      vertex -19.1238 -12.7781 115
      vertex -18.2471 -14.0015 109
      vertex -18.2471 -14.0015 115
    endloop
  endfacet
  facet normal -0.881924 -0.471392 0
    outer loop
      vertex -19.9186 -11.5 109
      vertex -20.6281 -10.1726 115
      vertex -20.6281 -10.1726 109
    endloop
  endfacet
  facet normal -0.881924 -0.471392 0
    outer loop
      vertex -20.6281 -10.1726 115
      vertex -19.9186 -11.5 109
      vertex -19.9186 -11.5 115
    endloop
  endfacet
  facet normal -0.935898 -0.352271 0
    outer loop
      vertex -21.2492 -8.80172 109
      vertex -21.7794 -7.39311 115
      vertex -21.7794 -7.39311 109
    endloop
  endfacet
  facet normal -0.935898 -0.352271 0
    outer loop
      vertex -21.7794 -7.39311 115
      vertex -21.2492 -8.80172 109
      vertex -21.2492 -8.80172 115
    endloop
  endfacet
  facet normal -0.956941 -0.290284 0
    outer loop
      vertex -21.7794 -7.39311 109
      vertex -22.2163 -5.95284 115
      vertex -22.2163 -5.95284 109
    endloop
  endfacet
  facet normal -0.956941 -0.290284 0
    outer loop
      vertex -22.2163 -5.95284 115
      vertex -21.7794 -7.39311 109
      vertex -21.7794 -7.39311 115
    endloop
  endfacet
  facet normal -0.99518 -0.0980676 0
    outer loop
      vertex -22.8032 -3.0021 109
      vertex -22.9508 -1.50427 115
      vertex -22.9508 -1.50427 109
    endloop
  endfacet
  facet normal -0.99518 -0.0980676 0
    outer loop
      vertex -22.9508 -1.50427 115
      vertex -22.8032 -3.0021 109
      vertex -22.8032 -3.0021 115
    endloop
  endfacet
  facet normal 0.729883 0.683572 0
    outer loop
      vertex 17.2923 15.165 115
      vertex 16.2635 16.2635 109
      vertex 16.2635 16.2635 115
    endloop
  endfacet
  facet normal 0.729883 0.683572 0
    outer loop
      vertex 16.2635 16.2635 109
      vertex 17.2923 15.165 115
      vertex 17.2923 15.165 109
    endloop
  endfacet
  facet normal -0.812839 0.582488 0
    outer loop
      vertex -19.1238 12.7781 109
      vertex -18.2471 14.0015 115
      vertex -18.2471 14.0015 109
    endloop
  endfacet
  facet normal -0.812839 0.582488 0
    outer loop
      vertex -18.2471 14.0015 115
      vertex -19.1238 12.7781 109
      vertex -19.1238 12.7781 115
    endloop
  endfacet
  facet normal -0.77303 0.63437 0
    outer loop
      vertex -18.2471 14.0015 109
      vertex -17.2923 15.165 115
      vertex -17.2923 15.165 109
    endloop
  endfacet
  facet normal -0.77303 0.63437 0
    outer loop
      vertex -17.2923 15.165 115
      vertex -18.2471 14.0015 109
      vertex -18.2471 14.0015 115
    endloop
  endfacet
  facet normal -0.729883 0.683572 0
    outer loop
      vertex -17.2923 15.165 109
      vertex -16.2635 16.2635 115
      vertex -16.2635 16.2635 109
    endloop
  endfacet
  facet normal -0.729883 0.683572 0
    outer loop
      vertex -16.2635 16.2635 115
      vertex -17.2923 15.165 109
      vertex -17.2923 15.165 115
    endloop
  endfacet
  facet normal -0.290284 0.956941 0
    outer loop
      vertex -5.95284 22.2163 109
      vertex -7.39311 21.7794 115
      vertex -5.95284 22.2163 115
    endloop
  endfacet
  facet normal -0.290284 0.956941 0
    outer loop
      vertex -7.39311 21.7794 115
      vertex -5.95284 22.2163 109
      vertex -7.39311 21.7794 109
    endloop
  endfacet
  facet normal 0.99518 -0.0980676 0
    outer loop
      vertex 22.8032 -3.0021 115
      vertex 22.9508 -1.50427 109
      vertex 22.9508 -1.50427 115
    endloop
  endfacet
  facet normal 0.99518 -0.0980676 0
    outer loop
      vertex 22.9508 -1.50427 109
      vertex 22.8032 -3.0021 115
      vertex 22.8032 -3.0021 109
    endloop
  endfacet
  facet normal 0.0980676 -0.99518 0
    outer loop
      vertex 1.50427 -22.9508 109
      vertex 3.0021 -22.8032 115
      vertex 1.50427 -22.9508 115
    endloop
  endfacet
  facet normal 0.0980676 -0.99518 0
    outer loop
      vertex 3.0021 -22.8032 115
      vertex 1.50427 -22.9508 109
      vertex 3.0021 -22.8032 109
    endloop
  endfacet
  facet normal 0.849194 -0.52808 0
    outer loop
      vertex 19.1238 -12.7781 115
      vertex 19.9186 -11.5 109
      vertex 19.9186 -11.5 115
    endloop
  endfacet
  facet normal 0.849194 -0.52808 0
    outer loop
      vertex 19.9186 -11.5 109
      vertex 19.1238 -12.7781 115
      vertex 19.1238 -12.7781 109
    endloop
  endfacet
  facet normal -0.582488 -0.812839 0
    outer loop
      vertex -14.0015 -18.2471 109
      vertex -12.7781 -19.1238 115
      vertex -14.0015 -18.2471 115
    endloop
  endfacet
  facet normal -0.582488 -0.812839 -0
    outer loop
      vertex -12.7781 -19.1238 115
      vertex -14.0015 -18.2471 109
      vertex -12.7781 -19.1238 109
    endloop
  endfacet
  facet normal -0.471392 -0.881924 0
    outer loop
      vertex -11.5 -19.9186 109
      vertex -10.1726 -20.6281 115
      vertex -11.5 -19.9186 115
    endloop
  endfacet
  facet normal -0.471392 -0.881924 -0
    outer loop
      vertex -10.1726 -20.6281 115
      vertex -11.5 -19.9186 109
      vertex -10.1726 -20.6281 109
    endloop
  endfacet
  facet normal -0.290284 -0.956941 0
    outer loop
      vertex -7.39311 -21.7794 109
      vertex -5.95284 -22.2163 115
      vertex -7.39311 -21.7794 115
    endloop
  endfacet
  facet normal -0.290284 -0.956941 -0
    outer loop
      vertex -5.95284 -22.2163 115
      vertex -7.39311 -21.7794 109
      vertex -5.95284 -22.2163 109
    endloop
  endfacet
  facet normal -0.0980676 -0.99518 0
    outer loop
      vertex -3.0021 -22.8032 109
      vertex -1.50427 -22.9508 115
      vertex -3.0021 -22.8032 115
    endloop
  endfacet
  facet normal -0.0980676 -0.99518 -0
    outer loop
      vertex -1.50427 -22.9508 115
      vertex -3.0021 -22.8032 109
      vertex -1.50427 -22.9508 109
    endloop
  endfacet
  facet normal -0.77303 -0.63437 0
    outer loop
      vertex -17.2923 -15.165 109
      vertex -18.2471 -14.0015 115
      vertex -18.2471 -14.0015 109
    endloop
  endfacet
  facet normal -0.77303 -0.63437 0
    outer loop
      vertex -18.2471 -14.0015 115
      vertex -17.2923 -15.165 109
      vertex -17.2923 -15.165 115
    endloop
  endfacet
  facet normal -0.849194 -0.52808 0
    outer loop
      vertex -19.1238 -12.7781 109
      vertex -19.9186 -11.5 115
      vertex -19.9186 -11.5 109
    endloop
  endfacet
  facet normal -0.849194 -0.52808 0
    outer loop
      vertex -19.9186 -11.5 115
      vertex -19.1238 -12.7781 109
      vertex -19.1238 -12.7781 115
    endloop
  endfacet
  facet normal 0.986651 -0.162849 0
    outer loop
      vertex 22.5581 -4.48708 115
      vertex 22.8032 -3.0021 109
      vertex 22.8032 -3.0021 115
    endloop
  endfacet
  facet normal 0.986651 -0.162849 0
    outer loop
      vertex 22.8032 -3.0021 109
      vertex 22.5581 -4.48708 115
      vertex 22.5581 -4.48708 109
    endloop
  endfacet
  facet normal -0.980762 -0.195205 0
    outer loop
      vertex 21.2 0 107.2
      vertex 21.1543 0.229609 115
      vertex 21.1543 0.229609 107.162
    endloop
  endfacet
  facet normal -0.980762 -0.195205 0
    outer loop
      vertex 21.1543 0.229609 115
      vertex 21.2 0 107.2
      vertex 21.2 0 115
    endloop
  endfacet
  facet normal 0.980762 0.195205 -0
    outer loop
      vertex 20.0457 -0.229609 106.053
      vertex 20 0 115
      vertex 20.0457 -0.229609 115
    endloop
  endfacet
  facet normal 0.980762 0.195205 0
    outer loop
      vertex 20 0 115
      vertex 20.0457 -0.229609 106.053
      vertex 20 0 106
    endloop
  endfacet
  facet normal 0.195097 -0.980784 0
    outer loop
      vertex 20.3704 0.554327 115
      vertex 20.6 0.599999 106.62
      vertex 20.6 0.599999 115
    endloop
  endfacet
  facet normal 0.195097 -0.980784 0
    outer loop
      vertex 20.6 0.599999 106.62
      vertex 20.3704 0.554327 115
      vertex 20.3704 0.554327 106.389
    endloop
  endfacet
  facet normal -0.195097 0.980784 0
    outer loop
      vertex 20.8296 -0.554327 106.848
      vertex 20.6 -0.599999 115
      vertex 20.8296 -0.554327 115
    endloop
  endfacet
  facet normal -0.195097 0.980784 0
    outer loop
      vertex 20.6 -0.599999 115
      vertex 20.8296 -0.554327 106.848
      vertex 20.6 -0.599999 106.62
    endloop
  endfacet
  facet normal -0.555478 -0.831532 0
    outer loop
      vertex 20.8296 0.554327 115
      vertex 21.0243 0.424264 107.038
      vertex 21.0243 0.424264 115
    endloop
  endfacet
  facet normal -0.555598 -0.831451 -4.2415e-06
    outer loop
      vertex 20.8296 0.554327 115
      vertex 20.9412 0.479794 106.957
      vertex 21.0243 0.424264 107.038
    endloop
  endfacet
  facet normal -0.555386 -0.831593 0
    outer loop
      vertex 20.9412 0.479794 106.957
      vertex 20.8296 0.554327 115
      vertex 20.8296 0.554327 106.848
    endloop
  endfacet
  facet normal -0.831597 -0.55538 0
    outer loop
      vertex 21.1543 0.229609 107.162
      vertex 21.0243 0.424264 115
      vertex 21.0243 0.424264 107.038
    endloop
  endfacet
  facet normal -0.831597 -0.55538 0
    outer loop
      vertex 21.0243 0.424264 115
      vertex 21.1543 0.229609 107.162
      vertex 21.1543 0.229609 115
    endloop
  endfacet
  facet normal -0.195097 -0.980784 0
    outer loop
      vertex 20.6 0.599999 115
      vertex 20.8296 0.554327 106.848
      vertex 20.8296 0.554327 115
    endloop
  endfacet
  facet normal -0.195097 -0.980784 0
    outer loop
      vertex 20.8296 0.554327 106.848
      vertex 20.6 0.599999 115
      vertex 20.6 0.599999 106.62
    endloop
  endfacet
  facet normal 0.831597 -0.55538 0
    outer loop
      vertex 20.0457 0.229609 115
      vertex 20.1757 0.424264 106.19
      vertex 20.1757 0.424264 115
    endloop
  endfacet
  facet normal 0.831597 -0.55538 0
    outer loop
      vertex 20.1757 0.424264 106.19
      vertex 20.0457 0.229609 115
      vertex 20.0457 0.229609 106.053
    endloop
  endfacet
  facet normal 0.980762 -0.195205 0
    outer loop
      vertex 20 0 115
      vertex 20.0457 0.229609 106.053
      vertex 20.0457 0.229609 115
    endloop
  endfacet
  facet normal 0.980762 -0.195205 0
    outer loop
      vertex 20.0457 0.229609 106.053
      vertex 20 0 115
      vertex 20 0 106
    endloop
  endfacet
  facet normal 0.555478 -0.831532 0
    outer loop
      vertex 20.1757 0.424264 115
      vertex 20.3704 0.554327 106.389
      vertex 20.3704 0.554327 115
    endloop
  endfacet
  facet normal 0.555478 -0.831532 0
    outer loop
      vertex 20.3704 0.554327 106.389
      vertex 20.1757 0.424264 115
      vertex 20.1757 0.424264 106.19
    endloop
  endfacet
  facet normal -0.980762 0.195205 0
    outer loop
      vertex 21.1543 -0.229609 115
      vertex 21.2 0 107.2
      vertex 21.1543 -0.229609 107.162
    endloop
  endfacet
  facet normal -0.980762 0.195205 0
    outer loop
      vertex 21.2 0 107.2
      vertex 21.1543 -0.229609 115
      vertex 21.2 0 115
    endloop
  endfacet
  facet normal 0.831597 0.55538 -0
    outer loop
      vertex 20.1757 -0.424264 106.19
      vertex 20.0457 -0.229609 115
      vertex 20.1757 -0.424264 115
    endloop
  endfacet
  facet normal 0.831597 0.55538 0
    outer loop
      vertex 20.0457 -0.229609 115
      vertex 20.1757 -0.424264 106.19
      vertex 20.0457 -0.229609 106.053
    endloop
  endfacet
  facet normal -0.555478 0.831532 0
    outer loop
      vertex 21.0243 -0.424264 107.038
      vertex 20.8296 -0.554327 115
      vertex 21.0243 -0.424264 115
    endloop
  endfacet
  facet normal -0.555598 0.831451 -4.2415e-06
    outer loop
      vertex 20.9412 -0.479794 106.957
      vertex 20.8296 -0.554327 115
      vertex 21.0243 -0.424264 107.038
    endloop
  endfacet
  facet normal -0.555386 0.831593 0
    outer loop
      vertex 20.8296 -0.554327 115
      vertex 20.9412 -0.479794 106.957
      vertex 20.8296 -0.554327 106.848
    endloop
  endfacet
  facet normal -0.831597 0.55538 0
    outer loop
      vertex 21.0243 -0.424264 115
      vertex 21.1543 -0.229609 107.162
      vertex 21.0243 -0.424264 107.038
    endloop
  endfacet
  facet normal -0.831597 0.55538 0
    outer loop
      vertex 21.1543 -0.229609 107.162
      vertex 21.0243 -0.424264 115
      vertex 21.1543 -0.229609 115
    endloop
  endfacet
  facet normal 0.195097 0.980784 -0
    outer loop
      vertex 20.6 -0.599999 106.62
      vertex 20.3704 -0.554327 115
      vertex 20.6 -0.599999 115
    endloop
  endfacet
  facet normal 0.195097 0.980784 0
    outer loop
      vertex 20.3704 -0.554327 115
      vertex 20.6 -0.599999 106.62
      vertex 20.3704 -0.554327 106.389
    endloop
  endfacet
  facet normal 0.555478 0.831532 -0
    outer loop
      vertex 20.3704 -0.554327 106.389
      vertex 20.1757 -0.424264 115
      vertex 20.3704 -0.554327 115
    endloop
  endfacet
  facet normal 0.555478 0.831532 0
    outer loop
      vertex 20.1757 -0.424264 115
      vertex 20.3704 -0.554327 106.389
      vertex 20.1757 -0.424264 106.19
    endloop
  endfacet
  facet normal -0.854813 -0.518936 0
    outer loop
      vertex 19.9215 7.25083 107.21
      vertex 19.8 7.45097 115
      vertex 19.8 7.45097 107.167
    endloop
  endfacet
  facet normal -0.854813 -0.518936 0
    outer loop
      vertex 19.8 7.45097 115
      vertex 19.9215 7.25083 107.21
      vertex 19.9215 7.25083 115
    endloop
  endfacet
  facet normal 0.152163 -0.988355 0
    outer loop
      vertex 19.1525 7.60943 115
      vertex 19.3838 7.64504 106.846
      vertex 19.3838 7.64504 115
    endloop
  endfacet
  facet normal 0.152163 -0.988355 0
    outer loop
      vertex 19.3838 7.64504 106.846
      vertex 19.1525 7.60943 115
      vertex 19.1525 7.60943 106.616
    endloop
  endfacet
  facet normal -0.591299 -0.806453 0
    outer loop
      vertex 19.6112 7.5894 115
      vertex 19.8 7.45097 107.167
      vertex 19.8 7.45097 115
    endloop
  endfacet
  facet normal -0.591294 -0.806456 1.81301e-07
    outer loop
      vertex 19.6112 7.5894 115
      vertex 19.6497 7.56117 107.065
      vertex 19.8 7.45097 107.167
    endloop
  endfacet
  facet normal -0.591318 -0.806438 0
    outer loop
      vertex 19.6497 7.56117 107.065
      vertex 19.6112 7.5894 115
      vertex 19.6112 7.5894 107.039
    endloop
  endfacet
  facet normal -0.518855 0.854862 0
    outer loop
      vertex 19.763 6.60325 106.84
      vertex 19.5629 6.4818 115
      vertex 19.763 6.60325 115
    endloop
  endfacet
  facet normal -0.518855 0.854862 0
    outer loop
      vertex 19.5629 6.4818 115
      vertex 19.763 6.60325 106.84
      vertex 19.5629 6.4818 106.613
    endloop
  endfacet
  facet normal -0.237668 -0.971346 0
    outer loop
      vertex 19.3838 7.64504 115
      vertex 19.6112 7.5894 107.039
      vertex 19.6112 7.5894 115
    endloop
  endfacet
  facet normal -0.237668 -0.971346 0
    outer loop
      vertex 19.6112 7.5894 107.039
      vertex 19.3838 7.64504 115
      vertex 19.3838 7.64504 106.846
    endloop
  endfacet
  facet normal 0.806499 -0.591236 0
    outer loop
      vertex 18.8139 7.29919 115
      vertex 18.9523 7.48798 106.386
      vertex 18.9523 7.48798 115
    endloop
  endfacet
  facet normal 0.806499 -0.591236 0
    outer loop
      vertex 18.9523 7.48798 106.386
      vertex 18.8139 7.29919 115
      vertex 18.8139 7.29919 106.19
    endloop
  endfacet
  facet normal 0.971287 -0.23791 0
    outer loop
      vertex 18.7582 7.07179 115
      vertex 18.8139 7.29919 106.19
      vertex 18.8139 7.29919 115
    endloop
  endfacet
  facet normal 0.971287 -0.23791 0
    outer loop
      vertex 18.8139 7.29919 106.19
      vertex 18.7582 7.07179 115
      vertex 18.7582 7.07179 106.058
    endloop
  endfacet
  facet normal 0.518666 -0.854977 0
    outer loop
      vertex 18.9523 7.48798 115
      vertex 19.1525 7.60943 106.616
      vertex 19.1525 7.60943 115
    endloop
  endfacet
  facet normal 0.517388 -0.855751 -4.17367e-05
    outer loop
      vertex 18.9523 7.48798 115
      vertex 19.1393 7.60145 106.601
      vertex 19.1525 7.60943 106.616
    endloop
  endfacet
  facet normal 0.518759 -0.854921 0
    outer loop
      vertex 19.1393 7.60145 106.601
      vertex 18.9523 7.48798 115
      vertex 18.9523 7.48798 106.386
    endloop
  endfacet
  facet normal -0.988371 -0.152064 -0
    outer loop
      vertex 19.9571 7.01944 115
      vertex 19.9215 7.25083 107.21
      vertex 19.9571 7.01944 107.162
    endloop
  endfacet
  facet normal -0.988371 -0.152064 0
    outer loop
      vertex 19.9215 7.25083 107.21
      vertex 19.9571 7.01944 115
      vertex 19.9215 7.25083 115
    endloop
  endfacet
  facet normal 0.237668 0.971346 -0
    outer loop
      vertex 19.3315 6.44619 106.381
      vertex 19.1041 6.50183 115
      vertex 19.3315 6.44619 115
    endloop
  endfacet
  facet normal 0.237719 0.971334 1.41576e-06
    outer loop
      vertex 19.133 6.49477 106.205
      vertex 19.1041 6.50183 115
      vertex 19.3315 6.44619 106.381
    endloop
  endfacet
  facet normal 0.237312 0.971433 0
    outer loop
      vertex 19.1041 6.50183 115
      vertex 19.133 6.49477 106.205
      vertex 19.1041 6.50183 106.181
    endloop
  endfacet
  facet normal 0.988306 0.152481 0
    outer loop
      vertex 18.7939 6.8404 115
      vertex 18.7582 7.07179 106.058
      vertex 18.7582 7.07179 115
    endloop
  endfacet
  facet normal 0.988306 0.152481 0
    outer loop
      vertex 18.7582 7.07179 106.058
      vertex 18.7939 6.8404 115
      vertex 18.7939 6.8404 106.01
    endloop
  endfacet
  facet normal -0.805974 0.591951 1.59369e-05
    outer loop
      vertex 19.763 6.60325 115
      vertex 19.9015 6.79204 107.03
      vertex 19.8659 6.74357 106.979
    endloop
  endfacet
  facet normal -0.806409 0.591359 0
    outer loop
      vertex 19.763 6.60325 115
      vertex 19.8659 6.74357 106.979
      vertex 19.763 6.60325 106.84
    endloop
  endfacet
  facet normal -0.806295 0.591514 0
    outer loop
      vertex 19.9015 6.79204 107.03
      vertex 19.763 6.60325 115
      vertex 19.9015 6.79204 115
    endloop
  endfacet
  facet normal -0.971386 0.237507 0
    outer loop
      vertex 19.9015 6.79204 115
      vertex 19.9571 7.01944 107.162
      vertex 19.9015 6.79204 107.03
    endloop
  endfacet
  facet normal -0.971386 0.237507 0
    outer loop
      vertex 19.9571 7.01944 107.162
      vertex 19.9015 6.79204 115
      vertex 19.9571 7.01944 115
    endloop
  endfacet
  facet normal -0.152099 0.988365 0
    outer loop
      vertex 19.5629 6.4818 106.613
      vertex 19.3315 6.44619 115
      vertex 19.5629 6.4818 115
    endloop
  endfacet
  facet normal -0.152099 0.988365 0
    outer loop
      vertex 19.3315 6.44619 115
      vertex 19.5629 6.4818 106.613
      vertex 19.3315 6.44619 106.381
    endloop
  endfacet
  facet normal 0.591299 0.806453 -0
    outer loop
      vertex 19.1041 6.50183 106.181
      vertex 18.9153 6.64026 115
      vertex 19.1041 6.50183 115
    endloop
  endfacet
  facet normal 0.591299 0.806453 0
    outer loop
      vertex 18.9153 6.64026 115
      vertex 19.1041 6.50183 106.181
      vertex 18.9153 6.64026 106.053
    endloop
  endfacet
  facet normal 0.855003 0.518624 -0
    outer loop
      vertex 18.9153 6.64026 106.053
      vertex 18.7939 6.8404 115
      vertex 18.9153 6.64026 115
    endloop
  endfacet
  facet normal 0.855003 0.518624 0
    outer loop
      vertex 18.7939 6.8404 115
      vertex 18.9153 6.64026 106.053
      vertex 18.7939 6.8404 106.01
    endloop
  endfacet
  facet normal 0 0 1
    outer loop
      vertex 19.2 0 117.5
      vertex 20 0 117.5
      vertex 19.9572 1.30806 117.5
    endloop
  endfacet
  facet normal 0 0 1
    outer loop
      vertex 19.1589 1.25574 117.5
      vertex 19.9572 1.30806 117.5
      vertex 19.8289 2.61052 117.5
    endloop
  endfacet
  facet normal 0 0 1
    outer loop
      vertex 20 0 117.5
      vertex 19.2 0 117.5
      vertex 19.9572 -1.30806 117.5
    endloop
  endfacet
  facet normal 0 0 1
    outer loop
      vertex 19.0357 2.5061 117.5
      vertex 19.8289 2.61052 117.5
      vertex 19.6157 3.90181 117.5
    endloop
  endfacet
  facet normal -0 0 1
    outer loop
      vertex 19.1589 -1.25574 117.5
      vertex 19.9572 -1.30806 117.5
      vertex 19.2 0 117.5
    endloop
  endfacet
  facet normal 0 0 1
    outer loop
      vertex 18.8311 3.74573 117.5
      vertex 19.6157 3.90181 117.5
      vertex 19.3185 5.17638 117.5
    endloop
  endfacet
  facet normal 0 0 1
    outer loop
      vertex 19.9572 -1.30806 117.5
      vertex 19.1589 -1.25574 117.5
      vertex 19.8289 -2.61052 117.5
    endloop
  endfacet
  facet normal -0 0 1
    outer loop
      vertex 19.0357 -2.5061 117.5
      vertex 19.8289 -2.61052 117.5
      vertex 19.1589 -1.25574 117.5
    endloop
  endfacet
  facet normal 0 0 1
    outer loop
      vertex 19.9572 1.30806 117.5
      vertex 19.1589 1.25574 117.5
      vertex 19.2 0 117.5
    endloop
  endfacet
  facet normal 0 0 1
    outer loop
      vertex 19.8289 2.61052 117.5
      vertex 19.0357 2.5061 117.5
      vertex 19.1589 1.25574 117.5
    endloop
  endfacet
  facet normal 0 0 1
    outer loop
      vertex 18.5458 4.96933 117.5
      vertex 19.3185 5.17638 117.5
      vertex 18.9386 6.42879 117.5
    endloop
  endfacet
  facet normal 0 0 1
    outer loop
      vertex 19.6157 3.90181 117.5
      vertex 18.8311 3.74573 117.5
      vertex 19.0357 2.5061 117.5
    endloop
  endfacet
  facet normal 0 0 1
    outer loop
      vertex 19.3185 5.17638 117.5
      vertex 18.5458 4.96933 117.5
      vertex 18.8311 3.74573 117.5
    endloop
  endfacet
  facet normal 0 0 1
    outer loop
      vertex 18.1811 6.17164 117.5
      vertex 18.9386 6.42879 117.5
      vertex 18.4776 7.65367 117.5
    endloop
  endfacet
  facet normal 0 0 1
    outer loop
      vertex 18.9386 6.42879 117.5
      vertex 18.1811 6.17164 117.5
      vertex 18.5458 4.96933 117.5
    endloop
  endfacet
  facet normal 0 0 1
    outer loop
      vertex 17.7385 7.34752 117.5
      vertex 18.4776 7.65367 117.5
      vertex 17.9375 8.84577 117.5
    endloop
  endfacet
  facet normal 0 0 1
    outer loop
      vertex 18.4776 7.65367 117.5
      vertex 17.7385 7.34752 117.5
      vertex 18.1811 6.17164 117.5
    endloop
  endfacet
  facet normal 0 0 1
    outer loop
      vertex 17.22 8.49194 117.5
      vertex 17.9375 8.84577 117.5
      vertex 17.3205 10 117.5
    endloop
  endfacet
  facet normal 0 0 1
    outer loop
      vertex 17.9375 8.84577 117.5
      vertex 17.22 8.49194 117.5
      vertex 17.7385 7.34752 117.5
    endloop
  endfacet
  facet normal 0 0 1
    outer loop
      vertex 16.6277 9.6 117.5
      vertex 17.3205 10 117.5
      vertex 16.6294 11.1114 117.5
    endloop
  endfacet
  facet normal 0 0 1
    outer loop
      vertex 17.3205 10 117.5
      vertex 16.6277 9.6 117.5
      vertex 17.22 8.49194 117.5
    endloop
  endfacet
  facet normal 0 0 1
    outer loop
      vertex 16.6294 11.1114 117.5
      vertex 15.9642 10.6669 117.5
      vertex 16.6277 9.6 117.5
    endloop
  endfacet
  facet normal 0 0 1
    outer loop
      vertex 15.8671 12.1752 117.5
      vertex 15.9642 10.6669 117.5
      vertex 16.6294 11.1114 117.5
    endloop
  endfacet
  facet normal 0 0 1
    outer loop
      vertex 15.8671 12.1752 117.5
      vertex 15.2324 11.6882 117.5
      vertex 15.9642 10.6669 117.5
    endloop
  endfacet
  facet normal 0 0 1
    outer loop
      vertex 15.0368 13.1869 117.5
      vertex 15.2324 11.6882 117.5
      vertex 15.8671 12.1752 117.5
    endloop
  endfacet
  facet normal 0 0 1
    outer loop
      vertex 15.0368 13.1869 117.5
      vertex 14.4353 12.6594 117.5
      vertex 15.2324 11.6882 117.5
    endloop
  endfacet
  facet normal 0 0 1
    outer loop
      vertex 14.1421 14.1421 117.5
      vertex 14.4353 12.6594 117.5
      vertex 15.0368 13.1869 117.5
    endloop
  endfacet
  facet normal 0 0 1
    outer loop
      vertex 14.1421 14.1421 117.5
      vertex 13.5764 13.5764 117.5
      vertex 14.4353 12.6594 117.5
    endloop
  endfacet
  facet normal 0 0 1
    outer loop
      vertex 13.1869 15.0368 117.5
      vertex 13.5764 13.5764 117.5
      vertex 14.1421 14.1421 117.5
    endloop
  endfacet
  facet normal 0 0 1
    outer loop
      vertex 13.1869 15.0368 117.5
      vertex 12.6594 14.4353 117.5
      vertex 13.5764 13.5764 117.5
    endloop
  endfacet
  facet normal 0 0 1
    outer loop
      vertex 12.1752 15.8671 117.5
      vertex 12.6594 14.4353 117.5
      vertex 13.1869 15.0368 117.5
    endloop
  endfacet
  facet normal 0 0 1
    outer loop
      vertex 12.1752 15.8671 117.5
      vertex 11.6882 15.2324 117.5
      vertex 12.6594 14.4353 117.5
    endloop
  endfacet
  facet normal 0 0 1
    outer loop
      vertex 11.1114 16.6294 117.5
      vertex 11.6882 15.2324 117.5
      vertex 12.1752 15.8671 117.5
    endloop
  endfacet
  facet normal 0 0 1
    outer loop
      vertex 11.1114 16.6294 117.5
      vertex 10.6669 15.9642 117.5
      vertex 11.6882 15.2324 117.5
    endloop
  endfacet
  facet normal 0 0 1
    outer loop
      vertex 10 17.3205 117.5
      vertex 10.6669 15.9642 117.5
      vertex 11.1114 16.6294 117.5
    endloop
  endfacet
  facet normal 0 0 1
    outer loop
      vertex 10 17.3205 117.5
      vertex 9.6 16.6277 117.5
      vertex 10.6669 15.9642 117.5
    endloop
  endfacet
  facet normal 0 0 1
    outer loop
      vertex 8.84577 17.9375 117.5
      vertex 9.6 16.6277 117.5
      vertex 10 17.3205 117.5
    endloop
  endfacet
  facet normal 0 0 1
    outer loop
      vertex 8.84577 17.9375 117.5
      vertex 8.49194 17.22 117.5
      vertex 9.6 16.6277 117.5
    endloop
  endfacet
  facet normal 0 0 1
    outer loop
      vertex 7.65367 18.4776 117.5
      vertex 8.49194 17.22 117.5
      vertex 8.84577 17.9375 117.5
    endloop
  endfacet
  facet normal 0 0 1
    outer loop
      vertex 7.65367 18.4776 117.5
      vertex 7.34752 17.7385 117.5
      vertex 8.49194 17.22 117.5
    endloop
  endfacet
  facet normal 0 0 1
    outer loop
      vertex 6.42879 18.9386 117.5
      vertex 7.34752 17.7385 117.5
      vertex 7.65367 18.4776 117.5
    endloop
  endfacet
  facet normal 0 0 1
    outer loop
      vertex 6.42879 18.9386 117.5
      vertex 6.17164 18.1811 117.5
      vertex 7.34752 17.7385 117.5
    endloop
  endfacet
  facet normal 0 0 1
    outer loop
      vertex 5.17638 19.3185 117.5
      vertex 6.17164 18.1811 117.5
      vertex 6.42879 18.9386 117.5
    endloop
  endfacet
  facet normal 0 0 1
    outer loop
      vertex 5.17638 19.3185 117.5
      vertex 4.96933 18.5458 117.5
      vertex 6.17164 18.1811 117.5
    endloop
  endfacet
  facet normal 0 0 1
    outer loop
      vertex 3.90181 19.6157 117.5
      vertex 4.96933 18.5458 117.5
      vertex 5.17638 19.3185 117.5
    endloop
  endfacet
  facet normal 0 0 1
    outer loop
      vertex 3.90181 19.6157 117.5
      vertex 3.74573 18.8311 117.5
      vertex 4.96933 18.5458 117.5
    endloop
  endfacet
  facet normal 0 0 1
    outer loop
      vertex 2.61052 19.8289 117.5
      vertex 3.74573 18.8311 117.5
      vertex 3.90181 19.6157 117.5
    endloop
  endfacet
  facet normal 0 0 1
    outer loop
      vertex 2.61052 19.8289 117.5
      vertex 2.5061 19.0357 117.5
      vertex 3.74573 18.8311 117.5
    endloop
  endfacet
  facet normal 0 0 1
    outer loop
      vertex 1.30806 19.9572 117.5
      vertex 2.5061 19.0357 117.5
      vertex 2.61052 19.8289 117.5
    endloop
  endfacet
  facet normal 0 0 1
    outer loop
      vertex 1.30806 19.9572 117.5
      vertex 1.25574 19.1589 117.5
      vertex 2.5061 19.0357 117.5
    endloop
  endfacet
  facet normal 0 0 1
    outer loop
      vertex 0 20 117.5
      vertex 1.25574 19.1589 117.5
      vertex 1.30806 19.9572 117.5
    endloop
  endfacet
  facet normal 0 0 1
    outer loop
      vertex 0 20 117.5
      vertex 0 19.2 117.5
      vertex 1.25574 19.1589 117.5
    endloop
  endfacet
  facet normal 0 0 1
    outer loop
      vertex 0 20 117.5
      vertex -1.25574 19.1589 117.5
      vertex 0 19.2 117.5
    endloop
  endfacet
  facet normal -0 0 1
    outer loop
      vertex -1.30806 19.9572 117.5
      vertex -1.25574 19.1589 117.5
      vertex 0 20 117.5
    endloop
  endfacet
  facet normal 0 0 1
    outer loop
      vertex -1.30806 19.9572 117.5
      vertex -2.5061 19.0357 117.5
      vertex -1.25574 19.1589 117.5
    endloop
  endfacet
  facet normal -0 0 1
    outer loop
      vertex -2.61052 19.8289 117.5
      vertex -2.5061 19.0357 117.5
      vertex -1.30806 19.9572 117.5
    endloop
  endfacet
  facet normal 0 0 1
    outer loop
      vertex -2.61052 19.8289 117.5
      vertex -3.74573 18.8311 117.5
      vertex -2.5061 19.0357 117.5
    endloop
  endfacet
  facet normal -0 0 1
    outer loop
      vertex -3.90181 19.6157 117.5
      vertex -3.74573 18.8311 117.5
      vertex -2.61052 19.8289 117.5
    endloop
  endfacet
  facet normal 0 0 1
    outer loop
      vertex -3.90181 19.6157 117.5
      vertex -4.96933 18.5458 117.5
      vertex -3.74573 18.8311 117.5
    endloop
  endfacet
  facet normal -0 0 1
    outer loop
      vertex -5.17638 19.3185 117.5
      vertex -4.96933 18.5458 117.5
      vertex -3.90181 19.6157 117.5
    endloop
  endfacet
  facet normal 0 0 1
    outer loop
      vertex -5.17638 19.3185 117.5
      vertex -6.17164 18.1811 117.5
      vertex -4.96933 18.5458 117.5
    endloop
  endfacet
  facet normal -0 0 1
    outer loop
      vertex -6.42879 18.9386 117.5
      vertex -6.17164 18.1811 117.5
      vertex -5.17638 19.3185 117.5
    endloop
  endfacet
  facet normal 0 0 1
    outer loop
      vertex -6.42879 18.9386 117.5
      vertex -7.34752 17.7385 117.5
      vertex -6.17164 18.1811 117.5
    endloop
  endfacet
  facet normal -0 0 1
    outer loop
      vertex -7.65367 18.4776 117.5
      vertex -7.34752 17.7385 117.5
      vertex -6.42879 18.9386 117.5
    endloop
  endfacet
  facet normal 0 0 1
    outer loop
      vertex -7.65367 18.4776 117.5
      vertex -8.49194 17.22 117.5
      vertex -7.34752 17.7385 117.5
    endloop
  endfacet
  facet normal -0 0 1
    outer loop
      vertex -8.84577 17.9375 117.5
      vertex -8.49194 17.22 117.5
      vertex -7.65367 18.4776 117.5
    endloop
  endfacet
  facet normal 0 0 1
    outer loop
      vertex -8.84577 17.9375 117.5
      vertex -9.6 16.6277 117.5
      vertex -8.49194 17.22 117.5
    endloop
  endfacet
  facet normal -0 0 1
    outer loop
      vertex -10 17.3205 117.5
      vertex -9.6 16.6277 117.5
      vertex -8.84577 17.9375 117.5
    endloop
  endfacet
  facet normal 0 0 1
    outer loop
      vertex -10 17.3205 117.5
      vertex -10.6669 15.9642 117.5
      vertex -9.6 16.6277 117.5
    endloop
  endfacet
  facet normal -0 0 1
    outer loop
      vertex -11.1114 16.6294 117.5
      vertex -10.6669 15.9642 117.5
      vertex -10 17.3205 117.5
    endloop
  endfacet
  facet normal 0 0 1
    outer loop
      vertex -11.1114 16.6294 117.5
      vertex -11.6882 15.2324 117.5
      vertex -10.6669 15.9642 117.5
    endloop
  endfacet
  facet normal -0 0 1
    outer loop
      vertex -12.1752 15.8671 117.5
      vertex -11.6882 15.2324 117.5
      vertex -11.1114 16.6294 117.5
    endloop
  endfacet
  facet normal 0 0 1
    outer loop
      vertex -12.1752 15.8671 117.5
      vertex -12.6594 14.4353 117.5
      vertex -11.6882 15.2324 117.5
    endloop
  endfacet
  facet normal -0 0 1
    outer loop
      vertex -13.1869 15.0368 117.5
      vertex -12.6594 14.4353 117.5
      vertex -12.1752 15.8671 117.5
    endloop
  endfacet
  facet normal 0 0 1
    outer loop
      vertex -13.1869 15.0368 117.5
      vertex -13.5764 13.5764 117.5
      vertex -12.6594 14.4353 117.5
    endloop
  endfacet
  facet normal -0 0 1
    outer loop
      vertex -14.1421 14.1421 117.5
      vertex -13.5764 13.5764 117.5
      vertex -13.1869 15.0368 117.5
    endloop
  endfacet
  facet normal 0 0 1
    outer loop
      vertex -14.1421 14.1421 117.5
      vertex -14.4353 12.6594 117.5
      vertex -13.5764 13.5764 117.5
    endloop
  endfacet
  facet normal -0 0 1
    outer loop
      vertex -15.0368 13.1869 117.5
      vertex -14.4353 12.6594 117.5
      vertex -14.1421 14.1421 117.5
    endloop
  endfacet
  facet normal 0 0 1
    outer loop
      vertex -15.0368 13.1869 117.5
      vertex -15.2324 11.6882 117.5
      vertex -14.4353 12.6594 117.5
    endloop
  endfacet
  facet normal -0 0 1
    outer loop
      vertex -15.8671 12.1752 117.5
      vertex -15.2324 11.6882 117.5
      vertex -15.0368 13.1869 117.5
    endloop
  endfacet
  facet normal 0 0 1
    outer loop
      vertex -15.8671 12.1752 117.5
      vertex -15.9642 10.6669 117.5
      vertex -15.2324 11.6882 117.5
    endloop
  endfacet
  facet normal -0 0 1
    outer loop
      vertex -16.6294 11.1114 117.5
      vertex -15.9642 10.6669 117.5
      vertex -15.8671 12.1752 117.5
    endloop
  endfacet
  facet normal 0 0 1
    outer loop
      vertex -15.9642 10.6669 117.5
      vertex -16.6294 11.1114 117.5
      vertex -16.6277 9.6 117.5
    endloop
  endfacet
  facet normal -0 0 1
    outer loop
      vertex -17.3205 10 117.5
      vertex -16.6277 9.6 117.5
      vertex -16.6294 11.1114 117.5
    endloop
  endfacet
  facet normal 0 0 1
    outer loop
      vertex -16.6277 9.6 117.5
      vertex -17.3205 10 117.5
      vertex -17.22 8.49194 117.5
    endloop
  endfacet
  facet normal -0 0 1
    outer loop
      vertex -17.9375 8.84577 117.5
      vertex -17.22 8.49194 117.5
      vertex -17.3205 10 117.5
    endloop
  endfacet
  facet normal 0 0 1
    outer loop
      vertex -17.22 8.49194 117.5
      vertex -17.9375 8.84577 117.5
      vertex -17.7385 7.34752 117.5
    endloop
  endfacet
  facet normal -0 0 1
    outer loop
      vertex -18.4776 7.65367 117.5
      vertex -17.7385 7.34752 117.5
      vertex -17.9375 8.84577 117.5
    endloop
  endfacet
  facet normal 0 0 1
    outer loop
      vertex -17.7385 7.34752 117.5
      vertex -18.4776 7.65367 117.5
      vertex -18.1811 6.17164 117.5
    endloop
  endfacet
  facet normal -0 0 1
    outer loop
      vertex -18.9386 6.42879 117.5
      vertex -18.1811 6.17164 117.5
      vertex -18.4776 7.65367 117.5
    endloop
  endfacet
  facet normal 0 0 1
    outer loop
      vertex -18.1811 6.17164 117.5
      vertex -18.9386 6.42879 117.5
      vertex -18.5458 4.96933 117.5
    endloop
  endfacet
  facet normal -0 0 1
    outer loop
      vertex -19.3185 5.17638 117.5
      vertex -18.5458 4.96933 117.5
      vertex -18.9386 6.42879 117.5
    endloop
  endfacet
  facet normal 0 0 1
    outer loop
      vertex -18.5458 4.96933 117.5
      vertex -19.3185 5.17638 117.5
      vertex -18.8311 3.74573 117.5
    endloop
  endfacet
  facet normal -0 0 1
    outer loop
      vertex -19.6157 3.90181 117.5
      vertex -18.8311 3.74573 117.5
      vertex -19.3185 5.17638 117.5
    endloop
  endfacet
  facet normal -0 0 1
    outer loop
      vertex -19.8289 2.61052 117.5
      vertex -19.0357 2.5061 117.5
      vertex -19.6157 3.90181 117.5
    endloop
  endfacet
  facet normal 0 0 1
    outer loop
      vertex -18.8311 3.74573 117.5
      vertex -19.6157 3.90181 117.5
      vertex -19.0357 2.5061 117.5
    endloop
  endfacet
  facet normal 0 0 1
    outer loop
      vertex 19.8289 -2.61052 117.5
      vertex 19.0357 -2.5061 117.5
      vertex 19.6157 -3.90181 117.5
    endloop
  endfacet
  facet normal -0 0 1
    outer loop
      vertex 18.8311 -3.74573 117.5
      vertex 19.6157 -3.90181 117.5
      vertex 19.0357 -2.5061 117.5
    endloop
  endfacet
  facet normal 0 0 1
    outer loop
      vertex 19.6157 -3.90181 117.5
      vertex 18.8311 -3.74573 117.5
      vertex 19.3185 -5.17638 117.5
    endloop
  endfacet
  facet normal -0 0 1
    outer loop
      vertex 18.5458 -4.96933 117.5
      vertex 19.3185 -5.17638 117.5
      vertex 18.8311 -3.74573 117.5
    endloop
  endfacet
  facet normal 0 0 1
    outer loop
      vertex 19.3185 -5.17638 117.5
      vertex 18.5458 -4.96933 117.5
      vertex 18.9386 -6.42879 117.5
    endloop
  endfacet
  facet normal -0 0 1
    outer loop
      vertex 18.1811 -6.17164 117.5
      vertex 18.9386 -6.42879 117.5
      vertex 18.5458 -4.96933 117.5
    endloop
  endfacet
  facet normal 0 0 1
    outer loop
      vertex 18.9386 -6.42879 117.5
      vertex 18.1811 -6.17164 117.5
      vertex 18.4776 -7.65367 117.5
    endloop
  endfacet
  facet normal -0 0 1
    outer loop
      vertex 17.7385 -7.34752 117.5
      vertex 18.4776 -7.65367 117.5
      vertex 18.1811 -6.17164 117.5
    endloop
  endfacet
  facet normal 0 0 1
    outer loop
      vertex 18.4776 -7.65367 117.5
      vertex 17.7385 -7.34752 117.5
      vertex 17.9375 -8.84577 117.5
    endloop
  endfacet
  facet normal -0 0 1
    outer loop
      vertex 17.22 -8.49194 117.5
      vertex 17.9375 -8.84577 117.5
      vertex 17.7385 -7.34752 117.5
    endloop
  endfacet
  facet normal 0 0 1
    outer loop
      vertex 17.9375 -8.84577 117.5
      vertex 17.22 -8.49194 117.5
      vertex 17.3205 -10 117.5
    endloop
  endfacet
  facet normal -0 0 1
    outer loop
      vertex 16.6277 -9.6 117.5
      vertex 17.3205 -10 117.5
      vertex 17.22 -8.49194 117.5
    endloop
  endfacet
  facet normal 0 0 1
    outer loop
      vertex 17.3205 -10 117.5
      vertex 16.6277 -9.6 117.5
      vertex 16.6294 -11.1114 117.5
    endloop
  endfacet
  facet normal -0 0 1
    outer loop
      vertex 15.9642 -10.6669 117.5
      vertex 16.6294 -11.1114 117.5
      vertex 16.6277 -9.6 117.5
    endloop
  endfacet
  facet normal 0 0 1
    outer loop
      vertex 15.9642 -10.6669 117.5
      vertex 15.8671 -12.1752 117.5
      vertex 16.6294 -11.1114 117.5
    endloop
  endfacet
  facet normal -0 0 1
    outer loop
      vertex 15.2324 -11.6882 117.5
      vertex 15.8671 -12.1752 117.5
      vertex 15.9642 -10.6669 117.5
    endloop
  endfacet
  facet normal 0 0 1
    outer loop
      vertex 15.2324 -11.6882 117.5
      vertex 15.0368 -13.1869 117.5
      vertex 15.8671 -12.1752 117.5
    endloop
  endfacet
  facet normal -0 0 1
    outer loop
      vertex 14.4353 -12.6594 117.5
      vertex 15.0368 -13.1869 117.5
      vertex 15.2324 -11.6882 117.5
    endloop
  endfacet
  facet normal 0 0 1
    outer loop
      vertex 14.4353 -12.6594 117.5
      vertex 14.1421 -14.1421 117.5
      vertex 15.0368 -13.1869 117.5
    endloop
  endfacet
  facet normal -0 0 1
    outer loop
      vertex 13.5764 -13.5764 117.5
      vertex 14.1421 -14.1421 117.5
      vertex 14.4353 -12.6594 117.5
    endloop
  endfacet
  facet normal 0 0 1
    outer loop
      vertex 13.5764 -13.5764 117.5
      vertex 13.1869 -15.0368 117.5
      vertex 14.1421 -14.1421 117.5
    endloop
  endfacet
  facet normal -0 0 1
    outer loop
      vertex 12.6594 -14.4353 117.5
      vertex 13.1869 -15.0368 117.5
      vertex 13.5764 -13.5764 117.5
    endloop
  endfacet
  facet normal 0 0 1
    outer loop
      vertex 12.6594 -14.4353 117.5
      vertex 12.1752 -15.8671 117.5
      vertex 13.1869 -15.0368 117.5
    endloop
  endfacet
  facet normal -0 0 1
    outer loop
      vertex 11.6882 -15.2324 117.5
      vertex 12.1752 -15.8671 117.5
      vertex 12.6594 -14.4353 117.5
    endloop
  endfacet
  facet normal 0 0 1
    outer loop
      vertex 11.6882 -15.2324 117.5
      vertex 11.1114 -16.6294 117.5
      vertex 12.1752 -15.8671 117.5
    endloop
  endfacet
  facet normal -0 0 1
    outer loop
      vertex 10.6669 -15.9642 117.5
      vertex 11.1114 -16.6294 117.5
      vertex 11.6882 -15.2324 117.5
    endloop
  endfacet
  facet normal 0 0 1
    outer loop
      vertex 10.6669 -15.9642 117.5
      vertex 10 -17.3205 117.5
      vertex 11.1114 -16.6294 117.5
    endloop
  endfacet
  facet normal -0 0 1
    outer loop
      vertex 9.6 -16.6277 117.5
      vertex 10 -17.3205 117.5
      vertex 10.6669 -15.9642 117.5
    endloop
  endfacet
  facet normal 0 0 1
    outer loop
      vertex 9.6 -16.6277 117.5
      vertex 8.84577 -17.9375 117.5
      vertex 10 -17.3205 117.5
    endloop
  endfacet
  facet normal -0 0 1
    outer loop
      vertex 8.49194 -17.22 117.5
      vertex 8.84577 -17.9375 117.5
      vertex 9.6 -16.6277 117.5
    endloop
  endfacet
  facet normal 0 0 1
    outer loop
      vertex 8.49194 -17.22 117.5
      vertex 7.65367 -18.4776 117.5
      vertex 8.84577 -17.9375 117.5
    endloop
  endfacet
  facet normal -0 0 1
    outer loop
      vertex 7.34752 -17.7385 117.5
      vertex 7.65367 -18.4776 117.5
      vertex 8.49194 -17.22 117.5
    endloop
  endfacet
  facet normal 0 0 1
    outer loop
      vertex 7.34752 -17.7385 117.5
      vertex 6.42879 -18.9386 117.5
      vertex 7.65367 -18.4776 117.5
    endloop
  endfacet
  facet normal -0 0 1
    outer loop
      vertex 6.17164 -18.1811 117.5
      vertex 6.42879 -18.9386 117.5
      vertex 7.34752 -17.7385 117.5
    endloop
  endfacet
  facet normal 0 0 1
    outer loop
      vertex 6.17164 -18.1811 117.5
      vertex 5.17638 -19.3185 117.5
      vertex 6.42879 -18.9386 117.5
    endloop
  endfacet
  facet normal -0 0 1
    outer loop
      vertex 4.96933 -18.5458 117.5
      vertex 5.17638 -19.3185 117.5
      vertex 6.17164 -18.1811 117.5
    endloop
  endfacet
  facet normal 0 0 1
    outer loop
      vertex 4.96933 -18.5458 117.5
      vertex 3.90181 -19.6157 117.5
      vertex 5.17638 -19.3185 117.5
    endloop
  endfacet
  facet normal -0 0 1
    outer loop
      vertex 3.74573 -18.8311 117.5
      vertex 3.90181 -19.6157 117.5
      vertex 4.96933 -18.5458 117.5
    endloop
  endfacet
  facet normal 0 0 1
    outer loop
      vertex 3.74573 -18.8311 117.5
      vertex 2.61052 -19.8289 117.5
      vertex 3.90181 -19.6157 117.5
    endloop
  endfacet
  facet normal -0 0 1
    outer loop
      vertex 2.5061 -19.0357 117.5
      vertex 2.61052 -19.8289 117.5
      vertex 3.74573 -18.8311 117.5
    endloop
  endfacet
  facet normal 0 0 1
    outer loop
      vertex 2.5061 -19.0357 117.5
      vertex 1.30806 -19.9572 117.5
      vertex 2.61052 -19.8289 117.5
    endloop
  endfacet
  facet normal -0 0 1
    outer loop
      vertex 1.25574 -19.1589 117.5
      vertex 1.30806 -19.9572 117.5
      vertex 2.5061 -19.0357 117.5
    endloop
  endfacet
  facet normal -0 0 1
    outer loop
      vertex 0 -19.2 117.5
      vertex 1.30806 -19.9572 117.5
      vertex 1.25574 -19.1589 117.5
    endloop
  endfacet
  facet normal 0 0 1
    outer loop
      vertex 0 -19.2 117.5
      vertex 0 -20 117.5
      vertex 1.30806 -19.9572 117.5
    endloop
  endfacet
  facet normal 0 0 1
    outer loop
      vertex -1.25574 -19.1589 117.5
      vertex 0 -20 117.5
      vertex 0 -19.2 117.5
    endloop
  endfacet
  facet normal 0 0 1
    outer loop
      vertex -1.25574 -19.1589 117.5
      vertex -1.30806 -19.9572 117.5
      vertex 0 -20 117.5
    endloop
  endfacet
  facet normal 0 0 1
    outer loop
      vertex -2.5061 -19.0357 117.5
      vertex -1.30806 -19.9572 117.5
      vertex -1.25574 -19.1589 117.5
    endloop
  endfacet
  facet normal 0 0 1
    outer loop
      vertex -2.5061 -19.0357 117.5
      vertex -2.61052 -19.8289 117.5
      vertex -1.30806 -19.9572 117.5
    endloop
  endfacet
  facet normal 0 0 1
    outer loop
      vertex -3.74573 -18.8311 117.5
      vertex -2.61052 -19.8289 117.5
      vertex -2.5061 -19.0357 117.5
    endloop
  endfacet
  facet normal 0 0 1
    outer loop
      vertex -3.74573 -18.8311 117.5
      vertex -3.90181 -19.6157 117.5
      vertex -2.61052 -19.8289 117.5
    endloop
  endfacet
  facet normal 0 0 1
    outer loop
      vertex -4.96933 -18.5458 117.5
      vertex -3.90181 -19.6157 117.5
      vertex -3.74573 -18.8311 117.5
    endloop
  endfacet
  facet normal 0 0 1
    outer loop
      vertex -4.96933 -18.5458 117.5
      vertex -5.17638 -19.3185 117.5
      vertex -3.90181 -19.6157 117.5
    endloop
  endfacet
  facet normal 0 0 1
    outer loop
      vertex -6.17164 -18.1811 117.5
      vertex -5.17638 -19.3185 117.5
      vertex -4.96933 -18.5458 117.5
    endloop
  endfacet
  facet normal 0 0 1
    outer loop
      vertex -6.17164 -18.1811 117.5
      vertex -6.42879 -18.9386 117.5
      vertex -5.17638 -19.3185 117.5
    endloop
  endfacet
  facet normal 0 0 1
    outer loop
      vertex -7.34752 -17.7385 117.5
      vertex -6.42879 -18.9386 117.5
      vertex -6.17164 -18.1811 117.5
    endloop
  endfacet
  facet normal 0 0 1
    outer loop
      vertex -7.34752 -17.7385 117.5
      vertex -7.65367 -18.4776 117.5
      vertex -6.42879 -18.9386 117.5
    endloop
  endfacet
  facet normal 0 0 1
    outer loop
      vertex -8.49194 -17.22 117.5
      vertex -7.65367 -18.4776 117.5
      vertex -7.34752 -17.7385 117.5
    endloop
  endfacet
  facet normal 0 0 1
    outer loop
      vertex -8.49194 -17.22 117.5
      vertex -8.84577 -17.9375 117.5
      vertex -7.65367 -18.4776 117.5
    endloop
  endfacet
  facet normal 0 0 1
    outer loop
      vertex -9.6 -16.6277 117.5
      vertex -8.84577 -17.9375 117.5
      vertex -8.49194 -17.22 117.5
    endloop
  endfacet
  facet normal 0 0 1
    outer loop
      vertex -9.6 -16.6277 117.5
      vertex -10 -17.3205 117.5
      vertex -8.84577 -17.9375 117.5
    endloop
  endfacet
  facet normal 0 0 1
    outer loop
      vertex -10.6669 -15.9642 117.5
      vertex -10 -17.3205 117.5
      vertex -9.6 -16.6277 117.5
    endloop
  endfacet
  facet normal 0 0 1
    outer loop
      vertex -10.6669 -15.9642 117.5
      vertex -11.1114 -16.6294 117.5
      vertex -10 -17.3205 117.5
    endloop
  endfacet
  facet normal 0 0 1
    outer loop
      vertex -11.6882 -15.2324 117.5
      vertex -11.1114 -16.6294 117.5
      vertex -10.6669 -15.9642 117.5
    endloop
  endfacet
  facet normal 0 0 1
    outer loop
      vertex -11.6882 -15.2324 117.5
      vertex -12.1752 -15.8671 117.5
      vertex -11.1114 -16.6294 117.5
    endloop
  endfacet
  facet normal 0 0 1
    outer loop
      vertex -12.6594 -14.4353 117.5
      vertex -12.1752 -15.8671 117.5
      vertex -11.6882 -15.2324 117.5
    endloop
  endfacet
  facet normal 0 0 1
    outer loop
      vertex -12.6594 -14.4353 117.5
      vertex -13.1869 -15.0368 117.5
      vertex -12.1752 -15.8671 117.5
    endloop
  endfacet
  facet normal 0 0 1
    outer loop
      vertex -13.5764 -13.5764 117.5
      vertex -13.1869 -15.0368 117.5
      vertex -12.6594 -14.4353 117.5
    endloop
  endfacet
  facet normal 0 0 1
    outer loop
      vertex -13.5764 -13.5764 117.5
      vertex -14.1421 -14.1421 117.5
      vertex -13.1869 -15.0368 117.5
    endloop
  endfacet
  facet normal 0 0 1
    outer loop
      vertex -14.4353 -12.6594 117.5
      vertex -14.1421 -14.1421 117.5
      vertex -13.5764 -13.5764 117.5
    endloop
  endfacet
  facet normal 0 0 1
    outer loop
      vertex -14.4353 -12.6594 117.5
      vertex -15.0368 -13.1869 117.5
      vertex -14.1421 -14.1421 117.5
    endloop
  endfacet
  facet normal 0 0 1
    outer loop
      vertex -15.2324 -11.6882 117.5
      vertex -15.0368 -13.1869 117.5
      vertex -14.4353 -12.6594 117.5
    endloop
  endfacet
  facet normal 0 0 1
    outer loop
      vertex -15.2324 -11.6882 117.5
      vertex -15.8671 -12.1752 117.5
      vertex -15.0368 -13.1869 117.5
    endloop
  endfacet
  facet normal 0 0 1
    outer loop
      vertex -15.9642 -10.6669 117.5
      vertex -15.8671 -12.1752 117.5
      vertex -15.2324 -11.6882 117.5
    endloop
  endfacet
  facet normal 0 0 1
    outer loop
      vertex -16.6294 -11.1114 117.5
      vertex -15.9642 -10.6669 117.5
      vertex -16.6277 -9.6 117.5
    endloop
  endfacet
  facet normal 0 0 1
    outer loop
      vertex -15.9642 -10.6669 117.5
      vertex -16.6294 -11.1114 117.5
      vertex -15.8671 -12.1752 117.5
    endloop
  endfacet
  facet normal 0 0 1
    outer loop
      vertex -17.3205 -10 117.5
      vertex -16.6277 -9.6 117.5
      vertex -17.22 -8.49194 117.5
    endloop
  endfacet
  facet normal 0 0 1
    outer loop
      vertex -16.6277 -9.6 117.5
      vertex -17.3205 -10 117.5
      vertex -16.6294 -11.1114 117.5
    endloop
  endfacet
  facet normal 0 0 1
    outer loop
      vertex -17.9375 -8.84577 117.5
      vertex -17.22 -8.49194 117.5
      vertex -17.7385 -7.34752 117.5
    endloop
  endfacet
  facet normal 0 0 1
    outer loop
      vertex -17.22 -8.49194 117.5
      vertex -17.9375 -8.84577 117.5
      vertex -17.3205 -10 117.5
    endloop
  endfacet
  facet normal 0 0 1
    outer loop
      vertex -18.4776 -7.65367 117.5
      vertex -17.7385 -7.34752 117.5
      vertex -18.1811 -6.17164 117.5
    endloop
  endfacet
  facet normal 0 0 1
    outer loop
      vertex -17.7385 -7.34752 117.5
      vertex -18.4776 -7.65367 117.5
      vertex -17.9375 -8.84577 117.5
    endloop
  endfacet
  facet normal 0 0 1
    outer loop
      vertex -18.9386 -6.42879 117.5
      vertex -18.1811 -6.17164 117.5
      vertex -18.5458 -4.96933 117.5
    endloop
  endfacet
  facet normal 0 0 1
    outer loop
      vertex -19.3185 -5.17638 117.5
      vertex -18.5458 -4.96933 117.5
      vertex -18.8311 -3.74573 117.5
    endloop
  endfacet
  facet normal 0 0 1
    outer loop
      vertex -18.1811 -6.17164 117.5
      vertex -18.9386 -6.42879 117.5
      vertex -18.4776 -7.65367 117.5
    endloop
  endfacet
  facet normal 0 0 1
    outer loop
      vertex -19.6157 -3.90181 117.5
      vertex -18.8311 -3.74573 117.5
      vertex -19.0357 -2.5061 117.5
    endloop
  endfacet
  facet normal 0 0 1
    outer loop
      vertex -19.8289 -2.61052 117.5
      vertex -19.0357 -2.5061 117.5
      vertex -19.1589 -1.25574 117.5
    endloop
  endfacet
  facet normal 0 0 1
    outer loop
      vertex -18.5458 -4.96933 117.5
      vertex -19.3185 -5.17638 117.5
      vertex -18.9386 -6.42879 117.5
    endloop
  endfacet
  facet normal 0 0 1
    outer loop
      vertex -19.9572 -1.30806 117.5
      vertex -19.1589 -1.25574 117.5
      vertex -19.2 0 117.5
    endloop
  endfacet
  facet normal 0 0 1
    outer loop
      vertex -19.0357 2.5061 117.5
      vertex -19.8289 2.61052 117.5
      vertex -19.1589 1.25574 117.5
    endloop
  endfacet
  facet normal -0 0 1
    outer loop
      vertex -19.9572 1.30806 117.5
      vertex -19.1589 1.25574 117.5
      vertex -19.8289 2.61052 117.5
    endloop
  endfacet
  facet normal 0 0 1
    outer loop
      vertex -18.8311 -3.74573 117.5
      vertex -19.6157 -3.90181 117.5
      vertex -19.3185 -5.17638 117.5
    endloop
  endfacet
  facet normal 0 0 1
    outer loop
      vertex -19.1589 1.25574 117.5
      vertex -19.9572 1.30806 117.5
      vertex -19.2 0 117.5
    endloop
  endfacet
  facet normal 0 0 1
    outer loop
      vertex -19.0357 -2.5061 117.5
      vertex -19.8289 -2.61052 117.5
      vertex -19.6157 -3.90181 117.5
    endloop
  endfacet
  facet normal 0 0 1
    outer loop
      vertex -20 0 117.5
      vertex -19.2 0 117.5
      vertex -19.9572 1.30806 117.5
    endloop
  endfacet
  facet normal 0 0 1
    outer loop
      vertex -19.1589 -1.25574 117.5
      vertex -19.9572 -1.30806 117.5
      vertex -19.8289 -2.61052 117.5
    endloop
  endfacet
  facet normal 0 0 1
    outer loop
      vertex -19.2 0 117.5
      vertex -20 0 117.5
      vertex -19.9572 -1.30806 117.5
    endloop
  endfacet
  facet normal 0 0 -1
    outer loop
      vertex 19.2 0 122.5
      vertex 20 0 122.5
      vertex 19.9572 -1.30806 122.5
    endloop
  endfacet
  facet normal 0 0 -1
    outer loop
      vertex 19.1589 -1.25574 122.5
      vertex 19.9572 -1.30806 122.5
      vertex 19.8289 -2.61052 122.5
    endloop
  endfacet
  facet normal 0 0 -1
    outer loop
      vertex 20 0 122.5
      vertex 19.2 0 122.5
      vertex 19.9572 1.30806 122.5
    endloop
  endfacet
  facet normal 0 0 -1
    outer loop
      vertex 19.0357 -2.5061 122.5
      vertex 19.8289 -2.61052 122.5
      vertex 19.6157 -3.90181 122.5
    endloop
  endfacet
  facet normal 0 0 -1
    outer loop
      vertex 19.1589 1.25574 122.5
      vertex 19.9572 1.30806 122.5
      vertex 19.2 0 122.5
    endloop
  endfacet
  facet normal 0 0 -1
    outer loop
      vertex 18.8311 -3.74573 122.5
      vertex 19.6157 -3.90181 122.5
      vertex 19.3185 -5.17638 122.5
    endloop
  endfacet
  facet normal -0 0 -1
    outer loop
      vertex 19.9572 1.30806 122.5
      vertex 19.1589 1.25574 122.5
      vertex 19.8289 2.61052 122.5
    endloop
  endfacet
  facet normal 0 0 -1
    outer loop
      vertex 19.0357 2.5061 122.5
      vertex 19.8289 2.61052 122.5
      vertex 19.1589 1.25574 122.5
    endloop
  endfacet
  facet normal 0 0 -1
    outer loop
      vertex 19.9572 -1.30806 122.5
      vertex 19.1589 -1.25574 122.5
      vertex 19.2 0 122.5
    endloop
  endfacet
  facet normal 0 0 -1
    outer loop
      vertex 19.8289 -2.61052 122.5
      vertex 19.0357 -2.5061 122.5
      vertex 19.1589 -1.25574 122.5
    endloop
  endfacet
  facet normal 0 0 -1
    outer loop
      vertex 18.5458 -4.96933 122.5
      vertex 19.3185 -5.17638 122.5
      vertex 18.9386 -6.42879 122.5
    endloop
  endfacet
  facet normal 0 0 -1
    outer loop
      vertex 19.6157 -3.90181 122.5
      vertex 18.8311 -3.74573 122.5
      vertex 19.0357 -2.5061 122.5
    endloop
  endfacet
  facet normal 0 0 -1
    outer loop
      vertex 19.3185 -5.17638 122.5
      vertex 18.5458 -4.96933 122.5
      vertex 18.8311 -3.74573 122.5
    endloop
  endfacet
  facet normal 0 0 -1
    outer loop
      vertex 18.1811 -6.17164 122.5
      vertex 18.9386 -6.42879 122.5
      vertex 18.4776 -7.65367 122.5
    endloop
  endfacet
  facet normal 0 0 -1
    outer loop
      vertex 18.9386 -6.42879 122.5
      vertex 18.1811 -6.17164 122.5
      vertex 18.5458 -4.96933 122.5
    endloop
  endfacet
  facet normal 0 0 -1
    outer loop
      vertex 17.7385 -7.34752 122.5
      vertex 18.4776 -7.65367 122.5
      vertex 17.9375 -8.84577 122.5
    endloop
  endfacet
  facet normal 0 0 -1
    outer loop
      vertex 18.4776 -7.65367 122.5
      vertex 17.7385 -7.34752 122.5
      vertex 18.1811 -6.17164 122.5
    endloop
  endfacet
  facet normal 0 0 -1
    outer loop
      vertex 17.22 -8.49194 122.5
      vertex 17.9375 -8.84577 122.5
      vertex 17.3205 -10 122.5
    endloop
  endfacet
  facet normal 0 0 -1
    outer loop
      vertex 17.9375 -8.84577 122.5
      vertex 17.22 -8.49194 122.5
      vertex 17.7385 -7.34752 122.5
    endloop
  endfacet
  facet normal 0 0 -1
    outer loop
      vertex 16.6277 -9.6 122.5
      vertex 17.3205 -10 122.5
      vertex 16.6294 -11.1114 122.5
    endloop
  endfacet
  facet normal 0 0 -1
    outer loop
      vertex 17.3205 -10 122.5
      vertex 16.6277 -9.6 122.5
      vertex 17.22 -8.49194 122.5
    endloop
  endfacet
  facet normal 0 0 -1
    outer loop
      vertex 16.6294 -11.1114 122.5
      vertex 15.9642 -10.6669 122.5
      vertex 16.6277 -9.6 122.5
    endloop
  endfacet
  facet normal 0 0 -1
    outer loop
      vertex 15.8671 -12.1752 122.5
      vertex 15.9642 -10.6669 122.5
      vertex 16.6294 -11.1114 122.5
    endloop
  endfacet
  facet normal 0 0 -1
    outer loop
      vertex 15.8671 -12.1752 122.5
      vertex 15.2324 -11.6882 122.5
      vertex 15.9642 -10.6669 122.5
    endloop
  endfacet
  facet normal 0 0 -1
    outer loop
      vertex 15.0368 -13.1869 122.5
      vertex 15.2324 -11.6882 122.5
      vertex 15.8671 -12.1752 122.5
    endloop
  endfacet
  facet normal 0 0 -1
    outer loop
      vertex 15.0368 -13.1869 122.5
      vertex 14.4353 -12.6594 122.5
      vertex 15.2324 -11.6882 122.5
    endloop
  endfacet
  facet normal 0 0 -1
    outer loop
      vertex 14.1421 -14.1421 122.5
      vertex 14.4353 -12.6594 122.5
      vertex 15.0368 -13.1869 122.5
    endloop
  endfacet
  facet normal 0 0 -1
    outer loop
      vertex 14.1421 -14.1421 122.5
      vertex 13.5764 -13.5764 122.5
      vertex 14.4353 -12.6594 122.5
    endloop
  endfacet
  facet normal 0 0 -1
    outer loop
      vertex 13.1869 -15.0368 122.5
      vertex 13.5764 -13.5764 122.5
      vertex 14.1421 -14.1421 122.5
    endloop
  endfacet
  facet normal 0 0 -1
    outer loop
      vertex 13.1869 -15.0368 122.5
      vertex 12.6594 -14.4353 122.5
      vertex 13.5764 -13.5764 122.5
    endloop
  endfacet
  facet normal 0 0 -1
    outer loop
      vertex 12.1752 -15.8671 122.5
      vertex 12.6594 -14.4353 122.5
      vertex 13.1869 -15.0368 122.5
    endloop
  endfacet
  facet normal 0 0 -1
    outer loop
      vertex 12.1752 -15.8671 122.5
      vertex 11.6882 -15.2324 122.5
      vertex 12.6594 -14.4353 122.5
    endloop
  endfacet
  facet normal 0 0 -1
    outer loop
      vertex 11.1114 -16.6294 122.5
      vertex 11.6882 -15.2324 122.5
      vertex 12.1752 -15.8671 122.5
    endloop
  endfacet
  facet normal 0 0 -1
    outer loop
      vertex 11.1114 -16.6294 122.5
      vertex 10.6669 -15.9642 122.5
      vertex 11.6882 -15.2324 122.5
    endloop
  endfacet
  facet normal 0 0 -1
    outer loop
      vertex 10 -17.3205 122.5
      vertex 10.6669 -15.9642 122.5
      vertex 11.1114 -16.6294 122.5
    endloop
  endfacet
  facet normal 0 0 -1
    outer loop
      vertex 10 -17.3205 122.5
      vertex 9.6 -16.6277 122.5
      vertex 10.6669 -15.9642 122.5
    endloop
  endfacet
  facet normal 0 0 -1
    outer loop
      vertex 8.84577 -17.9375 122.5
      vertex 9.6 -16.6277 122.5
      vertex 10 -17.3205 122.5
    endloop
  endfacet
  facet normal 0 0 -1
    outer loop
      vertex 8.84577 -17.9375 122.5
      vertex 8.49194 -17.22 122.5
      vertex 9.6 -16.6277 122.5
    endloop
  endfacet
  facet normal 0 0 -1
    outer loop
      vertex 7.65367 -18.4776 122.5
      vertex 8.49194 -17.22 122.5
      vertex 8.84577 -17.9375 122.5
    endloop
  endfacet
  facet normal 0 0 -1
    outer loop
      vertex 7.65367 -18.4776 122.5
      vertex 7.34752 -17.7385 122.5
      vertex 8.49194 -17.22 122.5
    endloop
  endfacet
  facet normal 0 0 -1
    outer loop
      vertex 6.42879 -18.9386 122.5
      vertex 7.34752 -17.7385 122.5
      vertex 7.65367 -18.4776 122.5
    endloop
  endfacet
  facet normal 0 0 -1
    outer loop
      vertex 6.42879 -18.9386 122.5
      vertex 6.17164 -18.1811 122.5
      vertex 7.34752 -17.7385 122.5
    endloop
  endfacet
  facet normal 0 0 -1
    outer loop
      vertex 5.17638 -19.3185 122.5
      vertex 6.17164 -18.1811 122.5
      vertex 6.42879 -18.9386 122.5
    endloop
  endfacet
  facet normal 0 0 -1
    outer loop
      vertex 5.17638 -19.3185 122.5
      vertex 4.96933 -18.5458 122.5
      vertex 6.17164 -18.1811 122.5
    endloop
  endfacet
  facet normal 0 0 -1
    outer loop
      vertex 3.90181 -19.6157 122.5
      vertex 4.96933 -18.5458 122.5
      vertex 5.17638 -19.3185 122.5
    endloop
  endfacet
  facet normal 0 0 -1
    outer loop
      vertex 3.90181 -19.6157 122.5
      vertex 3.74573 -18.8311 122.5
      vertex 4.96933 -18.5458 122.5
    endloop
  endfacet
  facet normal 0 0 -1
    outer loop
      vertex 2.61052 -19.8289 122.5
      vertex 3.74573 -18.8311 122.5
      vertex 3.90181 -19.6157 122.5
    endloop
  endfacet
  facet normal 0 0 -1
    outer loop
      vertex 2.61052 -19.8289 122.5
      vertex 2.5061 -19.0357 122.5
      vertex 3.74573 -18.8311 122.5
    endloop
  endfacet
  facet normal 0 0 -1
    outer loop
      vertex 1.30806 -19.9572 122.5
      vertex 2.5061 -19.0357 122.5
      vertex 2.61052 -19.8289 122.5
    endloop
  endfacet
  facet normal 0 0 -1
    outer loop
      vertex 1.30806 -19.9572 122.5
      vertex 1.25574 -19.1589 122.5
      vertex 2.5061 -19.0357 122.5
    endloop
  endfacet
  facet normal 0 0 -1
    outer loop
      vertex 0 -20 122.5
      vertex 1.25574 -19.1589 122.5
      vertex 1.30806 -19.9572 122.5
    endloop
  endfacet
  facet normal 0 0 -1
    outer loop
      vertex 0 -20 122.5
      vertex 0 -19.2 122.5
      vertex 1.25574 -19.1589 122.5
    endloop
  endfacet
  facet normal 0 0 -1
    outer loop
      vertex 0 -20 122.5
      vertex -1.25574 -19.1589 122.5
      vertex 0 -19.2 122.5
    endloop
  endfacet
  facet normal 0 0 -1
    outer loop
      vertex -1.30806 -19.9572 122.5
      vertex -1.25574 -19.1589 122.5
      vertex 0 -20 122.5
    endloop
  endfacet
  facet normal 0 0 -1
    outer loop
      vertex -1.30806 -19.9572 122.5
      vertex -2.5061 -19.0357 122.5
      vertex -1.25574 -19.1589 122.5
    endloop
  endfacet
  facet normal 0 0 -1
    outer loop
      vertex -2.61052 -19.8289 122.5
      vertex -2.5061 -19.0357 122.5
      vertex -1.30806 -19.9572 122.5
    endloop
  endfacet
  facet normal 0 0 -1
    outer loop
      vertex -2.61052 -19.8289 122.5
      vertex -3.74573 -18.8311 122.5
      vertex -2.5061 -19.0357 122.5
    endloop
  endfacet
  facet normal 0 0 -1
    outer loop
      vertex -3.90181 -19.6157 122.5
      vertex -3.74573 -18.8311 122.5
      vertex -2.61052 -19.8289 122.5
    endloop
  endfacet
  facet normal 0 0 -1
    outer loop
      vertex -3.90181 -19.6157 122.5
      vertex -4.96933 -18.5458 122.5
      vertex -3.74573 -18.8311 122.5
    endloop
  endfacet
  facet normal 0 0 -1
    outer loop
      vertex -5.17638 -19.3185 122.5
      vertex -4.96933 -18.5458 122.5
      vertex -3.90181 -19.6157 122.5
    endloop
  endfacet
  facet normal 0 0 -1
    outer loop
      vertex -5.17638 -19.3185 122.5
      vertex -6.17164 -18.1811 122.5
      vertex -4.96933 -18.5458 122.5
    endloop
  endfacet
  facet normal 0 0 -1
    outer loop
      vertex -6.42879 -18.9386 122.5
      vertex -6.17164 -18.1811 122.5
      vertex -5.17638 -19.3185 122.5
    endloop
  endfacet
  facet normal 0 0 -1
    outer loop
      vertex -6.42879 -18.9386 122.5
      vertex -7.34752 -17.7385 122.5
      vertex -6.17164 -18.1811 122.5
    endloop
  endfacet
  facet normal 0 0 -1
    outer loop
      vertex -7.65367 -18.4776 122.5
      vertex -7.34752 -17.7385 122.5
      vertex -6.42879 -18.9386 122.5
    endloop
  endfacet
  facet normal 0 0 -1
    outer loop
      vertex -7.65367 -18.4776 122.5
      vertex -8.49194 -17.22 122.5
      vertex -7.34752 -17.7385 122.5
    endloop
  endfacet
  facet normal 0 0 -1
    outer loop
      vertex -8.84577 -17.9375 122.5
      vertex -8.49194 -17.22 122.5
      vertex -7.65367 -18.4776 122.5
    endloop
  endfacet
  facet normal 0 0 -1
    outer loop
      vertex -8.84577 -17.9375 122.5
      vertex -9.6 -16.6277 122.5
      vertex -8.49194 -17.22 122.5
    endloop
  endfacet
  facet normal 0 0 -1
    outer loop
      vertex -10 -17.3205 122.5
      vertex -9.6 -16.6277 122.5
      vertex -8.84577 -17.9375 122.5
    endloop
  endfacet
  facet normal 0 0 -1
    outer loop
      vertex -10 -17.3205 122.5
      vertex -10.6669 -15.9642 122.5
      vertex -9.6 -16.6277 122.5
    endloop
  endfacet
  facet normal 0 0 -1
    outer loop
      vertex -11.1114 -16.6294 122.5
      vertex -10.6669 -15.9642 122.5
      vertex -10 -17.3205 122.5
    endloop
  endfacet
  facet normal 0 0 -1
    outer loop
      vertex -11.1114 -16.6294 122.5
      vertex -11.6882 -15.2324 122.5
      vertex -10.6669 -15.9642 122.5
    endloop
  endfacet
  facet normal 0 0 -1
    outer loop
      vertex -12.1752 -15.8671 122.5
      vertex -11.6882 -15.2324 122.5
      vertex -11.1114 -16.6294 122.5
    endloop
  endfacet
  facet normal 0 0 -1
    outer loop
      vertex -12.1752 -15.8671 122.5
      vertex -12.6594 -14.4353 122.5
      vertex -11.6882 -15.2324 122.5
    endloop
  endfacet
  facet normal 0 0 -1
    outer loop
      vertex -13.1869 -15.0368 122.5
      vertex -12.6594 -14.4353 122.5
      vertex -12.1752 -15.8671 122.5
    endloop
  endfacet
  facet normal 0 0 -1
    outer loop
      vertex -13.1869 -15.0368 122.5
      vertex -13.5764 -13.5764 122.5
      vertex -12.6594 -14.4353 122.5
    endloop
  endfacet
  facet normal 0 0 -1
    outer loop
      vertex -14.1421 -14.1421 122.5
      vertex -13.5764 -13.5764 122.5
      vertex -13.1869 -15.0368 122.5
    endloop
  endfacet
  facet normal 0 0 -1
    outer loop
      vertex -14.1421 -14.1421 122.5
      vertex -14.4353 -12.6594 122.5
      vertex -13.5764 -13.5764 122.5
    endloop
  endfacet
  facet normal 0 0 -1
    outer loop
      vertex -15.0368 -13.1869 122.5
      vertex -14.4353 -12.6594 122.5
      vertex -14.1421 -14.1421 122.5
    endloop
  endfacet
  facet normal 0 0 -1
    outer loop
      vertex -15.0368 -13.1869 122.5
      vertex -15.2324 -11.6882 122.5
      vertex -14.4353 -12.6594 122.5
    endloop
  endfacet
  facet normal 0 0 -1
    outer loop
      vertex -15.8671 -12.1752 122.5
      vertex -15.2324 -11.6882 122.5
      vertex -15.0368 -13.1869 122.5
    endloop
  endfacet
  facet normal 0 0 -1
    outer loop
      vertex -15.8671 -12.1752 122.5
      vertex -15.9642 -10.6669 122.5
      vertex -15.2324 -11.6882 122.5
    endloop
  endfacet
  facet normal 0 0 -1
    outer loop
      vertex -16.6294 -11.1114 122.5
      vertex -15.9642 -10.6669 122.5
      vertex -15.8671 -12.1752 122.5
    endloop
  endfacet
  facet normal -0 0 -1
    outer loop
      vertex -15.9642 -10.6669 122.5
      vertex -16.6294 -11.1114 122.5
      vertex -16.6277 -9.6 122.5
    endloop
  endfacet
  facet normal 0 0 -1
    outer loop
      vertex -17.3205 -10 122.5
      vertex -16.6277 -9.6 122.5
      vertex -16.6294 -11.1114 122.5
    endloop
  endfacet
  facet normal -0 0 -1
    outer loop
      vertex -16.6277 -9.6 122.5
      vertex -17.3205 -10 122.5
      vertex -17.22 -8.49194 122.5
    endloop
  endfacet
  facet normal 0 0 -1
    outer loop
      vertex -17.9375 -8.84577 122.5
      vertex -17.22 -8.49194 122.5
      vertex -17.3205 -10 122.5
    endloop
  endfacet
  facet normal -0 0 -1
    outer loop
      vertex -17.22 -8.49194 122.5
      vertex -17.9375 -8.84577 122.5
      vertex -17.7385 -7.34752 122.5
    endloop
  endfacet
  facet normal 0 0 -1
    outer loop
      vertex -18.4776 -7.65367 122.5
      vertex -17.7385 -7.34752 122.5
      vertex -17.9375 -8.84577 122.5
    endloop
  endfacet
  facet normal -0 0 -1
    outer loop
      vertex -17.7385 -7.34752 122.5
      vertex -18.4776 -7.65367 122.5
      vertex -18.1811 -6.17164 122.5
    endloop
  endfacet
  facet normal 0 0 -1
    outer loop
      vertex -18.9386 -6.42879 122.5
      vertex -18.1811 -6.17164 122.5
      vertex -18.4776 -7.65367 122.5
    endloop
  endfacet
  facet normal -0 0 -1
    outer loop
      vertex -18.1811 -6.17164 122.5
      vertex -18.9386 -6.42879 122.5
      vertex -18.5458 -4.96933 122.5
    endloop
  endfacet
  facet normal 0 0 -1
    outer loop
      vertex -19.3185 -5.17638 122.5
      vertex -18.5458 -4.96933 122.5
      vertex -18.9386 -6.42879 122.5
    endloop
  endfacet
  facet normal -0 0 -1
    outer loop
      vertex -18.5458 -4.96933 122.5
      vertex -19.3185 -5.17638 122.5
      vertex -18.8311 -3.74573 122.5
    endloop
  endfacet
  facet normal 0 0 -1
    outer loop
      vertex -19.6157 -3.90181 122.5
      vertex -18.8311 -3.74573 122.5
      vertex -19.3185 -5.17638 122.5
    endloop
  endfacet
  facet normal 0 0 -1
    outer loop
      vertex -19.8289 -2.61052 122.5
      vertex -19.0357 -2.5061 122.5
      vertex -19.6157 -3.90181 122.5
    endloop
  endfacet
  facet normal -0 0 -1
    outer loop
      vertex -18.8311 -3.74573 122.5
      vertex -19.6157 -3.90181 122.5
      vertex -19.0357 -2.5061 122.5
    endloop
  endfacet
  facet normal -0 0 -1
    outer loop
      vertex 19.8289 2.61052 122.5
      vertex 19.0357 2.5061 122.5
      vertex 19.6157 3.90181 122.5
    endloop
  endfacet
  facet normal 0 0 -1
    outer loop
      vertex 18.8311 3.74573 122.5
      vertex 19.6157 3.90181 122.5
      vertex 19.0357 2.5061 122.5
    endloop
  endfacet
  facet normal -0 0 -1
    outer loop
      vertex 19.6157 3.90181 122.5
      vertex 18.8311 3.74573 122.5
      vertex 19.3185 5.17638 122.5
    endloop
  endfacet
  facet normal 0 0 -1
    outer loop
      vertex 18.5458 4.96933 122.5
      vertex 19.3185 5.17638 122.5
      vertex 18.8311 3.74573 122.5
    endloop
  endfacet
  facet normal -0 0 -1
    outer loop
      vertex 19.3185 5.17638 122.5
      vertex 18.5458 4.96933 122.5
      vertex 18.9386 6.42879 122.5
    endloop
  endfacet
  facet normal 0 0 -1
    outer loop
      vertex 18.1811 6.17164 122.5
      vertex 18.9386 6.42879 122.5
      vertex 18.5458 4.96933 122.5
    endloop
  endfacet
  facet normal -0 0 -1
    outer loop
      vertex 18.9386 6.42879 122.5
      vertex 18.1811 6.17164 122.5
      vertex 18.4776 7.65367 122.5
    endloop
  endfacet
  facet normal 0 0 -1
    outer loop
      vertex 17.7385 7.34752 122.5
      vertex 18.4776 7.65367 122.5
      vertex 18.1811 6.17164 122.5
    endloop
  endfacet
  facet normal -0 0 -1
    outer loop
      vertex 18.4776 7.65367 122.5
      vertex 17.7385 7.34752 122.5
      vertex 17.9375 8.84577 122.5
    endloop
  endfacet
  facet normal 0 0 -1
    outer loop
      vertex 17.22 8.49194 122.5
      vertex 17.9375 8.84577 122.5
      vertex 17.7385 7.34752 122.5
    endloop
  endfacet
  facet normal -0 0 -1
    outer loop
      vertex 17.9375 8.84577 122.5
      vertex 17.22 8.49194 122.5
      vertex 17.3205 10 122.5
    endloop
  endfacet
  facet normal 0 0 -1
    outer loop
      vertex 16.6277 9.6 122.5
      vertex 17.3205 10 122.5
      vertex 17.22 8.49194 122.5
    endloop
  endfacet
  facet normal -0 0 -1
    outer loop
      vertex 17.3205 10 122.5
      vertex 16.6277 9.6 122.5
      vertex 16.6294 11.1114 122.5
    endloop
  endfacet
  facet normal 0 0 -1
    outer loop
      vertex 15.9642 10.6669 122.5
      vertex 16.6294 11.1114 122.5
      vertex 16.6277 9.6 122.5
    endloop
  endfacet
  facet normal 0 0 -1
    outer loop
      vertex 15.9642 10.6669 122.5
      vertex 15.8671 12.1752 122.5
      vertex 16.6294 11.1114 122.5
    endloop
  endfacet
  facet normal 0 0 -1
    outer loop
      vertex 15.2324 11.6882 122.5
      vertex 15.8671 12.1752 122.5
      vertex 15.9642 10.6669 122.5
    endloop
  endfacet
  facet normal 0 0 -1
    outer loop
      vertex 15.2324 11.6882 122.5
      vertex 15.0368 13.1869 122.5
      vertex 15.8671 12.1752 122.5
    endloop
  endfacet
  facet normal 0 0 -1
    outer loop
      vertex 14.4353 12.6594 122.5
      vertex 15.0368 13.1869 122.5
      vertex 15.2324 11.6882 122.5
    endloop
  endfacet
  facet normal 0 0 -1
    outer loop
      vertex 14.4353 12.6594 122.5
      vertex 14.1421 14.1421 122.5
      vertex 15.0368 13.1869 122.5
    endloop
  endfacet
  facet normal 0 0 -1
    outer loop
      vertex 13.5764 13.5764 122.5
      vertex 14.1421 14.1421 122.5
      vertex 14.4353 12.6594 122.5
    endloop
  endfacet
  facet normal 0 0 -1
    outer loop
      vertex 13.5764 13.5764 122.5
      vertex 13.1869 15.0368 122.5
      vertex 14.1421 14.1421 122.5
    endloop
  endfacet
  facet normal 0 0 -1
    outer loop
      vertex 12.6594 14.4353 122.5
      vertex 13.1869 15.0368 122.5
      vertex 13.5764 13.5764 122.5
    endloop
  endfacet
  facet normal 0 0 -1
    outer loop
      vertex 12.6594 14.4353 122.5
      vertex 12.1752 15.8671 122.5
      vertex 13.1869 15.0368 122.5
    endloop
  endfacet
  facet normal 0 0 -1
    outer loop
      vertex 11.6882 15.2324 122.5
      vertex 12.1752 15.8671 122.5
      vertex 12.6594 14.4353 122.5
    endloop
  endfacet
  facet normal 0 0 -1
    outer loop
      vertex 11.6882 15.2324 122.5
      vertex 11.1114 16.6294 122.5
      vertex 12.1752 15.8671 122.5
    endloop
  endfacet
  facet normal 0 0 -1
    outer loop
      vertex 10.6669 15.9642 122.5
      vertex 11.1114 16.6294 122.5
      vertex 11.6882 15.2324 122.5
    endloop
  endfacet
  facet normal 0 0 -1
    outer loop
      vertex 10.6669 15.9642 122.5
      vertex 10 17.3205 122.5
      vertex 11.1114 16.6294 122.5
    endloop
  endfacet
  facet normal 0 0 -1
    outer loop
      vertex 9.6 16.6277 122.5
      vertex 10 17.3205 122.5
      vertex 10.6669 15.9642 122.5
    endloop
  endfacet
  facet normal 0 0 -1
    outer loop
      vertex 9.6 16.6277 122.5
      vertex 8.84577 17.9375 122.5
      vertex 10 17.3205 122.5
    endloop
  endfacet
  facet normal 0 0 -1
    outer loop
      vertex 8.49194 17.22 122.5
      vertex 8.84577 17.9375 122.5
      vertex 9.6 16.6277 122.5
    endloop
  endfacet
  facet normal 0 0 -1
    outer loop
      vertex 8.49194 17.22 122.5
      vertex 7.65367 18.4776 122.5
      vertex 8.84577 17.9375 122.5
    endloop
  endfacet
  facet normal 0 0 -1
    outer loop
      vertex 7.34752 17.7385 122.5
      vertex 7.65367 18.4776 122.5
      vertex 8.49194 17.22 122.5
    endloop
  endfacet
  facet normal 0 0 -1
    outer loop
      vertex 7.34752 17.7385 122.5
      vertex 6.42879 18.9386 122.5
      vertex 7.65367 18.4776 122.5
    endloop
  endfacet
  facet normal 0 0 -1
    outer loop
      vertex 6.17164 18.1811 122.5
      vertex 6.42879 18.9386 122.5
      vertex 7.34752 17.7385 122.5
    endloop
  endfacet
  facet normal 0 0 -1
    outer loop
      vertex 6.17164 18.1811 122.5
      vertex 5.17638 19.3185 122.5
      vertex 6.42879 18.9386 122.5
    endloop
  endfacet
  facet normal 0 0 -1
    outer loop
      vertex 4.96933 18.5458 122.5
      vertex 5.17638 19.3185 122.5
      vertex 6.17164 18.1811 122.5
    endloop
  endfacet
  facet normal 0 0 -1
    outer loop
      vertex 4.96933 18.5458 122.5
      vertex 3.90181 19.6157 122.5
      vertex 5.17638 19.3185 122.5
    endloop
  endfacet
  facet normal 0 0 -1
    outer loop
      vertex 3.74573 18.8311 122.5
      vertex 3.90181 19.6157 122.5
      vertex 4.96933 18.5458 122.5
    endloop
  endfacet
  facet normal 0 0 -1
    outer loop
      vertex 3.74573 18.8311 122.5
      vertex 2.61052 19.8289 122.5
      vertex 3.90181 19.6157 122.5
    endloop
  endfacet
  facet normal 0 0 -1
    outer loop
      vertex 2.5061 19.0357 122.5
      vertex 2.61052 19.8289 122.5
      vertex 3.74573 18.8311 122.5
    endloop
  endfacet
  facet normal 0 0 -1
    outer loop
      vertex 2.5061 19.0357 122.5
      vertex 1.30806 19.9572 122.5
      vertex 2.61052 19.8289 122.5
    endloop
  endfacet
  facet normal 0 0 -1
    outer loop
      vertex 1.25574 19.1589 122.5
      vertex 1.30806 19.9572 122.5
      vertex 2.5061 19.0357 122.5
    endloop
  endfacet
  facet normal 0 0 -1
    outer loop
      vertex 0 19.2 122.5
      vertex 1.30806 19.9572 122.5
      vertex 1.25574 19.1589 122.5
    endloop
  endfacet
  facet normal 0 0 -1
    outer loop
      vertex 0 19.2 122.5
      vertex 0 20 122.5
      vertex 1.30806 19.9572 122.5
    endloop
  endfacet
  facet normal 0 0 -1
    outer loop
      vertex -1.25574 19.1589 122.5
      vertex 0 20 122.5
      vertex 0 19.2 122.5
    endloop
  endfacet
  facet normal 0 0 -1
    outer loop
      vertex -1.25574 19.1589 122.5
      vertex -1.30806 19.9572 122.5
      vertex 0 20 122.5
    endloop
  endfacet
  facet normal 0 0 -1
    outer loop
      vertex -2.5061 19.0357 122.5
      vertex -1.30806 19.9572 122.5
      vertex -1.25574 19.1589 122.5
    endloop
  endfacet
  facet normal 0 0 -1
    outer loop
      vertex -2.5061 19.0357 122.5
      vertex -2.61052 19.8289 122.5
      vertex -1.30806 19.9572 122.5
    endloop
  endfacet
  facet normal 0 0 -1
    outer loop
      vertex -3.74573 18.8311 122.5
      vertex -2.61052 19.8289 122.5
      vertex -2.5061 19.0357 122.5
    endloop
  endfacet
  facet normal 0 0 -1
    outer loop
      vertex -3.74573 18.8311 122.5
      vertex -3.90181 19.6157 122.5
      vertex -2.61052 19.8289 122.5
    endloop
  endfacet
  facet normal 0 0 -1
    outer loop
      vertex -4.96933 18.5458 122.5
      vertex -3.90181 19.6157 122.5
      vertex -3.74573 18.8311 122.5
    endloop
  endfacet
  facet normal 0 0 -1
    outer loop
      vertex -4.96933 18.5458 122.5
      vertex -5.17638 19.3185 122.5
      vertex -3.90181 19.6157 122.5
    endloop
  endfacet
  facet normal 0 0 -1
    outer loop
      vertex -6.17164 18.1811 122.5
      vertex -5.17638 19.3185 122.5
      vertex -4.96933 18.5458 122.5
    endloop
  endfacet
  facet normal 0 0 -1
    outer loop
      vertex -6.17164 18.1811 122.5
      vertex -6.42879 18.9386 122.5
      vertex -5.17638 19.3185 122.5
    endloop
  endfacet
  facet normal 0 0 -1
    outer loop
      vertex -7.34752 17.7385 122.5
      vertex -6.42879 18.9386 122.5
      vertex -6.17164 18.1811 122.5
    endloop
  endfacet
  facet normal 0 0 -1
    outer loop
      vertex -7.34752 17.7385 122.5
      vertex -7.65367 18.4776 122.5
      vertex -6.42879 18.9386 122.5
    endloop
  endfacet
  facet normal 0 0 -1
    outer loop
      vertex -8.49194 17.22 122.5
      vertex -7.65367 18.4776 122.5
      vertex -7.34752 17.7385 122.5
    endloop
  endfacet
  facet normal 0 0 -1
    outer loop
      vertex -8.49194 17.22 122.5
      vertex -8.84577 17.9375 122.5
      vertex -7.65367 18.4776 122.5
    endloop
  endfacet
  facet normal 0 0 -1
    outer loop
      vertex -9.6 16.6277 122.5
      vertex -8.84577 17.9375 122.5
      vertex -8.49194 17.22 122.5
    endloop
  endfacet
  facet normal 0 0 -1
    outer loop
      vertex -9.6 16.6277 122.5
      vertex -10 17.3205 122.5
      vertex -8.84577 17.9375 122.5
    endloop
  endfacet
  facet normal 0 0 -1
    outer loop
      vertex -10.6669 15.9642 122.5
      vertex -10 17.3205 122.5
      vertex -9.6 16.6277 122.5
    endloop
  endfacet
  facet normal 0 0 -1
    outer loop
      vertex -10.6669 15.9642 122.5
      vertex -11.1114 16.6294 122.5
      vertex -10 17.3205 122.5
    endloop
  endfacet
  facet normal 0 0 -1
    outer loop
      vertex -11.6882 15.2324 122.5
      vertex -11.1114 16.6294 122.5
      vertex -10.6669 15.9642 122.5
    endloop
  endfacet
  facet normal 0 0 -1
    outer loop
      vertex -11.6882 15.2324 122.5
      vertex -12.1752 15.8671 122.5
      vertex -11.1114 16.6294 122.5
    endloop
  endfacet
  facet normal 0 0 -1
    outer loop
      vertex -12.6594 14.4353 122.5
      vertex -12.1752 15.8671 122.5
      vertex -11.6882 15.2324 122.5
    endloop
  endfacet
  facet normal 0 0 -1
    outer loop
      vertex -12.6594 14.4353 122.5
      vertex -13.1869 15.0368 122.5
      vertex -12.1752 15.8671 122.5
    endloop
  endfacet
  facet normal 0 0 -1
    outer loop
      vertex -13.5764 13.5764 122.5
      vertex -13.1869 15.0368 122.5
      vertex -12.6594 14.4353 122.5
    endloop
  endfacet
  facet normal 0 0 -1
    outer loop
      vertex -13.5764 13.5764 122.5
      vertex -14.1421 14.1421 122.5
      vertex -13.1869 15.0368 122.5
    endloop
  endfacet
  facet normal 0 0 -1
    outer loop
      vertex -14.4353 12.6594 122.5
      vertex -14.1421 14.1421 122.5
      vertex -13.5764 13.5764 122.5
    endloop
  endfacet
  facet normal 0 0 -1
    outer loop
      vertex -14.4353 12.6594 122.5
      vertex -15.0368 13.1869 122.5
      vertex -14.1421 14.1421 122.5
    endloop
  endfacet
  facet normal 0 0 -1
    outer loop
      vertex -15.2324 11.6882 122.5
      vertex -15.0368 13.1869 122.5
      vertex -14.4353 12.6594 122.5
    endloop
  endfacet
  facet normal 0 0 -1
    outer loop
      vertex -15.2324 11.6882 122.5
      vertex -15.8671 12.1752 122.5
      vertex -15.0368 13.1869 122.5
    endloop
  endfacet
  facet normal 0 0 -1
    outer loop
      vertex -15.9642 10.6669 122.5
      vertex -15.8671 12.1752 122.5
      vertex -15.2324 11.6882 122.5
    endloop
  endfacet
  facet normal 0 0 -1
    outer loop
      vertex -16.6294 11.1114 122.5
      vertex -15.9642 10.6669 122.5
      vertex -16.6277 9.6 122.5
    endloop
  endfacet
  facet normal 0 0 -1
    outer loop
      vertex -15.9642 10.6669 122.5
      vertex -16.6294 11.1114 122.5
      vertex -15.8671 12.1752 122.5
    endloop
  endfacet
  facet normal 0 0 -1
    outer loop
      vertex -17.3205 10 122.5
      vertex -16.6277 9.6 122.5
      vertex -17.22 8.49194 122.5
    endloop
  endfacet
  facet normal 0 0 -1
    outer loop
      vertex -16.6277 9.6 122.5
      vertex -17.3205 10 122.5
      vertex -16.6294 11.1114 122.5
    endloop
  endfacet
  facet normal 0 0 -1
    outer loop
      vertex -17.9375 8.84577 122.5
      vertex -17.22 8.49194 122.5
      vertex -17.7385 7.34752 122.5
    endloop
  endfacet
  facet normal 0 0 -1
    outer loop
      vertex -17.22 8.49194 122.5
      vertex -17.9375 8.84577 122.5
      vertex -17.3205 10 122.5
    endloop
  endfacet
  facet normal 0 0 -1
    outer loop
      vertex -18.4776 7.65367 122.5
      vertex -17.7385 7.34752 122.5
      vertex -18.1811 6.17164 122.5
    endloop
  endfacet
  facet normal 0 0 -1
    outer loop
      vertex -17.7385 7.34752 122.5
      vertex -18.4776 7.65367 122.5
      vertex -17.9375 8.84577 122.5
    endloop
  endfacet
  facet normal 0 0 -1
    outer loop
      vertex -18.9386 6.42879 122.5
      vertex -18.1811 6.17164 122.5
      vertex -18.5458 4.96933 122.5
    endloop
  endfacet
  facet normal 0 0 -1
    outer loop
      vertex -19.3185 5.17638 122.5
      vertex -18.5458 4.96933 122.5
      vertex -18.8311 3.74573 122.5
    endloop
  endfacet
  facet normal 0 0 -1
    outer loop
      vertex -18.1811 6.17164 122.5
      vertex -18.9386 6.42879 122.5
      vertex -18.4776 7.65367 122.5
    endloop
  endfacet
  facet normal 0 0 -1
    outer loop
      vertex -19.6157 3.90181 122.5
      vertex -18.8311 3.74573 122.5
      vertex -19.0357 2.5061 122.5
    endloop
  endfacet
  facet normal 0 0 -1
    outer loop
      vertex -19.8289 2.61052 122.5
      vertex -19.0357 2.5061 122.5
      vertex -19.1589 1.25574 122.5
    endloop
  endfacet
  facet normal 0 0 -1
    outer loop
      vertex -18.5458 4.96933 122.5
      vertex -19.3185 5.17638 122.5
      vertex -18.9386 6.42879 122.5
    endloop
  endfacet
  facet normal 0 0 -1
    outer loop
      vertex -19.9572 1.30806 122.5
      vertex -19.1589 1.25574 122.5
      vertex -19.2 0 122.5
    endloop
  endfacet
  facet normal -0 0 -1
    outer loop
      vertex -19.0357 -2.5061 122.5
      vertex -19.8289 -2.61052 122.5
      vertex -19.1589 -1.25574 122.5
    endloop
  endfacet
  facet normal 0 0 -1
    outer loop
      vertex -19.9572 -1.30806 122.5
      vertex -19.1589 -1.25574 122.5
      vertex -19.8289 -2.61052 122.5
    endloop
  endfacet
  facet normal 0 0 -1
    outer loop
      vertex -18.8311 3.74573 122.5
      vertex -19.6157 3.90181 122.5
      vertex -19.3185 5.17638 122.5
    endloop
  endfacet
  facet normal -0 0 -1
    outer loop
      vertex -19.1589 -1.25574 122.5
      vertex -19.9572 -1.30806 122.5
      vertex -19.2 0 122.5
    endloop
  endfacet
  facet normal 0 0 -1
    outer loop
      vertex -19.0357 2.5061 122.5
      vertex -19.8289 2.61052 122.5
      vertex -19.6157 3.90181 122.5
    endloop
  endfacet
  facet normal 0 0 -1
    outer loop
      vertex -20 0 122.5
      vertex -19.2 0 122.5
      vertex -19.9572 -1.30806 122.5
    endloop
  endfacet
  facet normal 0 0 -1
    outer loop
      vertex -19.1589 1.25574 122.5
      vertex -19.9572 1.30806 122.5
      vertex -19.8289 2.61052 122.5
    endloop
  endfacet
  facet normal 0 0 -1
    outer loop
      vertex -19.2 0 122.5
      vertex -20 0 122.5
      vertex -19.9572 1.30806 122.5
    endloop
  endfacet
  facet normal 0.999465 0.0327122 0
    outer loop
      vertex 19.2 0 122.5
      vertex 19.1589 1.25574 117.5
      vertex 19.1589 1.25574 122.5
    endloop
  endfacet
  facet normal 0.999465 0.0327122 0
    outer loop
      vertex 19.1589 1.25574 117.5
      vertex 19.2 0 122.5
      vertex 19.2 0 117.5
    endloop
  endfacet
  facet normal -0.999465 0.0327122 0
    outer loop
      vertex -19.2 0 117.5
      vertex -19.1589 1.25574 122.5
      vertex -19.1589 1.25574 117.5
    endloop
  endfacet
  facet normal -0.999465 0.0327122 0
    outer loop
      vertex -19.1589 1.25574 122.5
      vertex -19.2 0 117.5
      vertex -19.2 0 122.5
    endloop
  endfacet
  facet normal 0.0327122 0.999465 -0
    outer loop
      vertex 1.25574 19.1589 117.5
      vertex 0 19.2 122.5
      vertex 1.25574 19.1589 122.5
    endloop
  endfacet
  facet normal 0.0327122 0.999465 0
    outer loop
      vertex 0 19.2 122.5
      vertex 1.25574 19.1589 117.5
      vertex 0 19.2 117.5
    endloop
  endfacet
  facet normal -0.0327122 -0.999465 0
    outer loop
      vertex -1.25574 -19.1589 117.5
      vertex 0 -19.2 122.5
      vertex -1.25574 -19.1589 122.5
    endloop
  endfacet
  facet normal -0.0327122 -0.999465 -0
    outer loop
      vertex 0 -19.2 122.5
      vertex -1.25574 -19.1589 117.5
      vertex 0 -19.2 117.5
    endloop
  endfacet
  facet normal -0.72985 -0.683607 0
    outer loop
      vertex -13.5764 -13.5764 117.5
      vertex -14.4353 -12.6594 122.5
      vertex -14.4353 -12.6594 117.5
    endloop
  endfacet
  facet normal -0.72985 -0.683607 0
    outer loop
      vertex -14.4353 -12.6594 122.5
      vertex -13.5764 -13.5764 117.5
      vertex -13.5764 -13.5764 122.5
    endloop
  endfacet
  facet normal 0.683607 0.72985 -0
    outer loop
      vertex 13.5764 13.5764 117.5
      vertex 12.6594 14.4353 122.5
      vertex 13.5764 13.5764 122.5
    endloop
  endfacet
  facet normal 0.683607 0.72985 0
    outer loop
      vertex 12.6594 14.4353 122.5
      vertex 13.5764 13.5764 117.5
      vertex 12.6594 14.4353 117.5
    endloop
  endfacet
  facet normal -0.683607 0.72985 0
    outer loop
      vertex -12.6594 14.4353 117.5
      vertex -13.5764 13.5764 122.5
      vertex -12.6594 14.4353 122.5
    endloop
  endfacet
  facet normal -0.683607 0.72985 0
    outer loop
      vertex -13.5764 13.5764 122.5
      vertex -12.6594 14.4353 117.5
      vertex -13.5764 13.5764 117.5
    endloop
  endfacet
  facet normal -0.352271 0.935898 0
    outer loop
      vertex -6.17164 18.1811 117.5
      vertex -7.34752 17.7385 122.5
      vertex -6.17164 18.1811 122.5
    endloop
  endfacet
  facet normal -0.352271 0.935898 0
    outer loop
      vertex -7.34752 17.7385 122.5
      vertex -6.17164 18.1811 117.5
      vertex -7.34752 17.7385 117.5
    endloop
  endfacet
  facet normal -0.935898 -0.352271 0
    outer loop
      vertex -17.7385 -7.34752 117.5
      vertex -18.1811 -6.17164 122.5
      vertex -18.1811 -6.17164 117.5
    endloop
  endfacet
  facet normal -0.935898 -0.352271 0
    outer loop
      vertex -18.1811 -6.17164 122.5
      vertex -17.7385 -7.34752 117.5
      vertex -17.7385 -7.34752 122.5
    endloop
  endfacet
  facet normal 0.910873 0.412687 0
    outer loop
      vertex 17.7385 7.34752 122.5
      vertex 17.22 8.49194 117.5
      vertex 17.22 8.49194 122.5
    endloop
  endfacet
  facet normal 0.910873 0.412687 0
    outer loop
      vertex 17.22 8.49194 117.5
      vertex 17.7385 7.34752 122.5
      vertex 17.7385 7.34752 117.5
    endloop
  endfacet
  facet normal 0.352271 0.935898 -0
    outer loop
      vertex 7.34752 17.7385 117.5
      vertex 6.17164 18.1811 122.5
      vertex 7.34752 17.7385 122.5
    endloop
  endfacet
  facet normal 0.352271 0.935898 0
    outer loop
      vertex 6.17164 18.1811 122.5
      vertex 7.34752 17.7385 117.5
      vertex 6.17164 18.1811 117.5
    endloop
  endfacet
  facet normal 0.528102 0.849181 -0
    outer loop
      vertex 10.6669 15.9642 117.5
      vertex 9.6 16.6277 122.5
      vertex 10.6669 15.9642 122.5
    endloop
  endfacet
  facet normal 0.528102 0.849181 0
    outer loop
      vertex 9.6 16.6277 122.5
      vertex 10.6669 15.9642 117.5
      vertex 9.6 16.6277 117.5
    endloop
  endfacet
  facet normal -0.910873 0.412687 0
    outer loop
      vertex -17.7385 7.34752 117.5
      vertex -17.22 8.49194 122.5
      vertex -17.22 8.49194 117.5
    endloop
  endfacet
  facet normal -0.910873 0.412687 0
    outer loop
      vertex -17.22 8.49194 122.5
      vertex -17.7385 7.34752 117.5
      vertex -17.7385 7.34752 122.5
    endloop
  endfacet
  facet normal -0.162846 0.986651 0
    outer loop
      vertex -2.5061 19.0357 117.5
      vertex -3.74573 18.8311 122.5
      vertex -2.5061 19.0357 122.5
    endloop
  endfacet
  facet normal -0.162846 0.986651 0
    outer loop
      vertex -3.74573 18.8311 122.5
      vertex -2.5061 19.0357 117.5
      vertex -3.74573 18.8311 117.5
    endloop
  endfacet
  facet normal 0.935898 -0.352271 0
    outer loop
      vertex 17.7385 -7.34752 122.5
      vertex 18.1811 -6.17164 117.5
      vertex 18.1811 -6.17164 122.5
    endloop
  endfacet
  facet normal 0.935898 -0.352271 0
    outer loop
      vertex 18.1811 -6.17164 117.5
      vertex 17.7385 -7.34752 122.5
      vertex 17.7385 -7.34752 117.5
    endloop
  endfacet
  facet normal 0.973878 0.227074 0
    outer loop
      vertex 18.8311 3.74573 122.5
      vertex 18.5458 4.96933 117.5
      vertex 18.5458 4.96933 122.5
    endloop
  endfacet
  facet normal 0.973878 0.227074 0
    outer loop
      vertex 18.5458 4.96933 117.5
      vertex 18.8311 3.74573 122.5
      vertex 18.8311 3.74573 117.5
    endloop
  endfacet
  facet normal 0.995181 0.0980568 0
    outer loop
      vertex 19.1589 1.25574 122.5
      vertex 19.0357 2.5061 117.5
      vertex 19.0357 2.5061 122.5
    endloop
  endfacet
  facet normal 0.995181 0.0980568 0
    outer loop
      vertex 19.0357 2.5061 117.5
      vertex 19.1589 1.25574 122.5
      vertex 19.1589 1.25574 117.5
    endloop
  endfacet
  facet normal 0.956944 0.290272 0
    outer loop
      vertex 18.5458 4.96933 122.5
      vertex 18.1811 6.17164 117.5
      vertex 18.1811 6.17164 122.5
    endloop
  endfacet
  facet normal 0.956944 0.290272 0
    outer loop
      vertex 18.1811 6.17164 117.5
      vertex 18.5458 4.96933 122.5
      vertex 18.5458 4.96933 117.5
    endloop
  endfacet
  facet normal 0.812867 0.58245 0
    outer loop
      vertex 15.9642 10.6669 122.5
      vertex 15.2324 11.6882 117.5
      vertex 15.2324 11.6882 122.5
    endloop
  endfacet
  facet normal 0.812867 0.58245 0
    outer loop
      vertex 15.2324 11.6882 117.5
      vertex 15.9642 10.6669 122.5
      vertex 15.9642 10.6669 117.5
    endloop
  endfacet
  facet normal 0.772988 0.63442 0
    outer loop
      vertex 15.2324 11.6882 122.5
      vertex 14.4353 12.6594 117.5
      vertex 14.4353 12.6594 122.5
    endloop
  endfacet
  facet normal 0.772988 0.63442 0
    outer loop
      vertex 14.4353 12.6594 117.5
      vertex 15.2324 11.6882 122.5
      vertex 15.2324 11.6882 117.5
    endloop
  endfacet
  facet normal 0.849181 0.528102 0
    outer loop
      vertex 16.6277 9.6 122.5
      vertex 15.9642 10.6669 117.5
      vertex 15.9642 10.6669 122.5
    endloop
  endfacet
  facet normal 0.849181 0.528102 0
    outer loop
      vertex 15.9642 10.6669 117.5
      vertex 16.6277 9.6 122.5
      vertex 16.6277 9.6 117.5
    endloop
  endfacet
  facet normal 0.162846 0.986651 -0
    outer loop
      vertex 3.74573 18.8311 117.5
      vertex 2.5061 19.0357 122.5
      vertex 3.74573 18.8311 122.5
    endloop
  endfacet
  facet normal 0.162846 0.986651 0
    outer loop
      vertex 2.5061 19.0357 122.5
      vertex 3.74573 18.8311 117.5
      vertex 2.5061 19.0357 117.5
    endloop
  endfacet
  facet normal 0.290272 0.956944 -0
    outer loop
      vertex 6.17164 18.1811 117.5
      vertex 4.96933 18.5458 122.5
      vertex 6.17164 18.1811 122.5
    endloop
  endfacet
  facet normal 0.290272 0.956944 0
    outer loop
      vertex 4.96933 18.5458 122.5
      vertex 6.17164 18.1811 117.5
      vertex 4.96933 18.5458 117.5
    endloop
  endfacet
  facet normal 0.0980568 0.995181 -0
    outer loop
      vertex 2.5061 19.0357 117.5
      vertex 1.25574 19.1589 122.5
      vertex 2.5061 19.0357 122.5
    endloop
  endfacet
  facet normal 0.0980568 0.995181 0
    outer loop
      vertex 1.25574 19.1589 122.5
      vertex 2.5061 19.0357 117.5
      vertex 1.25574 19.1589 117.5
    endloop
  endfacet
  facet normal 0.471415 0.881911 -0
    outer loop
      vertex 9.6 16.6277 117.5
      vertex 8.49194 17.22 122.5
      vertex 9.6 16.6277 122.5
    endloop
  endfacet
  facet normal 0.471415 0.881911 0
    outer loop
      vertex 8.49194 17.22 122.5
      vertex 9.6 16.6277 117.5
      vertex 8.49194 17.22 117.5
    endloop
  endfacet
  facet normal 0.58245 0.812867 -0
    outer loop
      vertex 11.6882 15.2324 117.5
      vertex 10.6669 15.9642 122.5
      vertex 11.6882 15.2324 122.5
    endloop
  endfacet
  facet normal 0.58245 0.812867 0
    outer loop
      vertex 10.6669 15.9642 122.5
      vertex 11.6882 15.2324 117.5
      vertex 10.6669 15.9642 117.5
    endloop
  endfacet
  facet normal -0.973878 0.227074 0
    outer loop
      vertex -18.8311 3.74573 117.5
      vertex -18.5458 4.96933 122.5
      vertex -18.5458 4.96933 117.5
    endloop
  endfacet
  facet normal -0.973878 0.227074 0
    outer loop
      vertex -18.5458 4.96933 122.5
      vertex -18.8311 3.74573 117.5
      vertex -18.8311 3.74573 122.5
    endloop
  endfacet
  facet normal -0.812867 0.58245 0
    outer loop
      vertex -15.9642 10.6669 117.5
      vertex -15.2324 11.6882 122.5
      vertex -15.2324 11.6882 117.5
    endloop
  endfacet
  facet normal -0.812867 0.58245 0
    outer loop
      vertex -15.2324 11.6882 122.5
      vertex -15.9642 10.6669 117.5
      vertex -15.9642 10.6669 122.5
    endloop
  endfacet
  facet normal -0.986651 0.162846 0
    outer loop
      vertex -19.0357 2.5061 117.5
      vertex -18.8311 3.74573 122.5
      vertex -18.8311 3.74573 117.5
    endloop
  endfacet
  facet normal -0.986651 0.162846 0
    outer loop
      vertex -18.8311 3.74573 122.5
      vertex -19.0357 2.5061 117.5
      vertex -19.0357 2.5061 122.5
    endloop
  endfacet
  facet normal -0.528102 0.849181 0
    outer loop
      vertex -9.6 16.6277 117.5
      vertex -10.6669 15.9642 122.5
      vertex -9.6 16.6277 122.5
    endloop
  endfacet
  facet normal -0.528102 0.849181 0
    outer loop
      vertex -10.6669 15.9642 122.5
      vertex -9.6 16.6277 117.5
      vertex -10.6669 15.9642 117.5
    endloop
  endfacet
  facet normal -0.412687 0.910873 0
    outer loop
      vertex -7.34752 17.7385 117.5
      vertex -8.49194 17.22 122.5
      vertex -7.34752 17.7385 122.5
    endloop
  endfacet
  facet normal -0.412687 0.910873 0
    outer loop
      vertex -8.49194 17.22 122.5
      vertex -7.34752 17.7385 117.5
      vertex -8.49194 17.22 117.5
    endloop
  endfacet
  facet normal -0.58245 0.812867 0
    outer loop
      vertex -10.6669 15.9642 117.5
      vertex -11.6882 15.2324 122.5
      vertex -10.6669 15.9642 122.5
    endloop
  endfacet
  facet normal -0.58245 0.812867 0
    outer loop
      vertex -11.6882 15.2324 122.5
      vertex -10.6669 15.9642 117.5
      vertex -11.6882 15.2324 117.5
    endloop
  endfacet
  facet normal -0.227074 0.973878 0
    outer loop
      vertex -3.74573 18.8311 117.5
      vertex -4.96933 18.5458 122.5
      vertex -3.74573 18.8311 122.5
    endloop
  endfacet
  facet normal -0.227074 0.973878 0
    outer loop
      vertex -4.96933 18.5458 122.5
      vertex -3.74573 18.8311 117.5
      vertex -4.96933 18.5458 117.5
    endloop
  endfacet
  facet normal -0.0980568 0.995181 0
    outer loop
      vertex -1.25574 19.1589 117.5
      vertex -2.5061 19.0357 122.5
      vertex -1.25574 19.1589 122.5
    endloop
  endfacet
  facet normal -0.0980568 0.995181 0
    outer loop
      vertex -2.5061 19.0357 122.5
      vertex -1.25574 19.1589 117.5
      vertex -2.5061 19.0357 117.5
    endloop
  endfacet
  facet normal 0.290272 -0.956944 0
    outer loop
      vertex 4.96933 -18.5458 117.5
      vertex 6.17164 -18.1811 122.5
      vertex 4.96933 -18.5458 122.5
    endloop
  endfacet
  facet normal 0.290272 -0.956944 0
    outer loop
      vertex 6.17164 -18.1811 122.5
      vertex 4.96933 -18.5458 117.5
      vertex 6.17164 -18.1811 117.5
    endloop
  endfacet
  facet normal 0.63442 -0.772988 0
    outer loop
      vertex 11.6882 -15.2324 117.5
      vertex 12.6594 -14.4353 122.5
      vertex 11.6882 -15.2324 122.5
    endloop
  endfacet
  facet normal 0.63442 -0.772988 0
    outer loop
      vertex 12.6594 -14.4353 122.5
      vertex 11.6882 -15.2324 117.5
      vertex 12.6594 -14.4353 117.5
    endloop
  endfacet
  facet normal 0.881911 -0.471415 0
    outer loop
      vertex 16.6277 -9.6 122.5
      vertex 17.22 -8.49194 117.5
      vertex 17.22 -8.49194 122.5
    endloop
  endfacet
  facet normal 0.881911 -0.471415 0
    outer loop
      vertex 17.22 -8.49194 117.5
      vertex 16.6277 -9.6 122.5
      vertex 16.6277 -9.6 117.5
    endloop
  endfacet
  facet normal -0.162846 -0.986651 0
    outer loop
      vertex -3.74573 -18.8311 117.5
      vertex -2.5061 -19.0357 122.5
      vertex -3.74573 -18.8311 122.5
    endloop
  endfacet
  facet normal -0.162846 -0.986651 -0
    outer loop
      vertex -2.5061 -19.0357 122.5
      vertex -3.74573 -18.8311 117.5
      vertex -2.5061 -19.0357 117.5
    endloop
  endfacet
  facet normal -0.910873 -0.412687 0
    outer loop
      vertex -17.22 -8.49194 117.5
      vertex -17.7385 -7.34752 122.5
      vertex -17.7385 -7.34752 117.5
    endloop
  endfacet
  facet normal -0.910873 -0.412687 0
    outer loop
      vertex -17.7385 -7.34752 122.5
      vertex -17.22 -8.49194 117.5
      vertex -17.22 -8.49194 122.5
    endloop
  endfacet
  facet normal -0.812867 -0.58245 0
    outer loop
      vertex -15.2324 -11.6882 117.5
      vertex -15.9642 -10.6669 122.5
      vertex -15.9642 -10.6669 117.5
    endloop
  endfacet
  facet normal -0.812867 -0.58245 0
    outer loop
      vertex -15.9642 -10.6669 122.5
      vertex -15.2324 -11.6882 117.5
      vertex -15.2324 -11.6882 122.5
    endloop
  endfacet
  facet normal -0.973878 -0.227074 0
    outer loop
      vertex -18.5458 -4.96933 117.5
      vertex -18.8311 -3.74573 122.5
      vertex -18.8311 -3.74573 117.5
    endloop
  endfacet
  facet normal -0.973878 -0.227074 0
    outer loop
      vertex -18.8311 -3.74573 122.5
      vertex -18.5458 -4.96933 117.5
      vertex -18.5458 -4.96933 122.5
    endloop
  endfacet
  facet normal 0.986651 0.162846 0
    outer loop
      vertex 19.0357 2.5061 122.5
      vertex 18.8311 3.74573 117.5
      vertex 18.8311 3.74573 122.5
    endloop
  endfacet
  facet normal 0.986651 0.162846 0
    outer loop
      vertex 18.8311 3.74573 117.5
      vertex 19.0357 2.5061 122.5
      vertex 19.0357 2.5061 117.5
    endloop
  endfacet
  facet normal 0.935898 0.352271 0
    outer loop
      vertex 18.1811 6.17164 122.5
      vertex 17.7385 7.34752 117.5
      vertex 17.7385 7.34752 122.5
    endloop
  endfacet
  facet normal 0.935898 0.352271 0
    outer loop
      vertex 17.7385 7.34752 117.5
      vertex 18.1811 6.17164 122.5
      vertex 18.1811 6.17164 117.5
    endloop
  endfacet
  facet normal 0.72985 0.683607 0
    outer loop
      vertex 14.4353 12.6594 122.5
      vertex 13.5764 13.5764 117.5
      vertex 13.5764 13.5764 122.5
    endloop
  endfacet
  facet normal 0.72985 0.683607 0
    outer loop
      vertex 13.5764 13.5764 117.5
      vertex 14.4353 12.6594 122.5
      vertex 14.4353 12.6594 117.5
    endloop
  endfacet
  facet normal 0.881911 0.471415 0
    outer loop
      vertex 17.22 8.49194 122.5
      vertex 16.6277 9.6 117.5
      vertex 16.6277 9.6 122.5
    endloop
  endfacet
  facet normal 0.881911 0.471415 0
    outer loop
      vertex 16.6277 9.6 117.5
      vertex 17.22 8.49194 122.5
      vertex 17.22 8.49194 117.5
    endloop
  endfacet
  facet normal 0.227074 0.973878 -0
    outer loop
      vertex 4.96933 18.5458 117.5
      vertex 3.74573 18.8311 122.5
      vertex 4.96933 18.5458 122.5
    endloop
  endfacet
  facet normal 0.227074 0.973878 0
    outer loop
      vertex 3.74573 18.8311 122.5
      vertex 4.96933 18.5458 117.5
      vertex 3.74573 18.8311 117.5
    endloop
  endfacet
  facet normal 0.412687 0.910873 -0
    outer loop
      vertex 8.49194 17.22 117.5
      vertex 7.34752 17.7385 122.5
      vertex 8.49194 17.22 122.5
    endloop
  endfacet
  facet normal 0.412687 0.910873 0
    outer loop
      vertex 7.34752 17.7385 122.5
      vertex 8.49194 17.22 117.5
      vertex 7.34752 17.7385 117.5
    endloop
  endfacet
  facet normal 0.63442 0.772988 -0
    outer loop
      vertex 12.6594 14.4353 117.5
      vertex 11.6882 15.2324 122.5
      vertex 12.6594 14.4353 122.5
    endloop
  endfacet
  facet normal 0.63442 0.772988 0
    outer loop
      vertex 11.6882 15.2324 122.5
      vertex 12.6594 14.4353 117.5
      vertex 11.6882 15.2324 117.5
    endloop
  endfacet
  facet normal -0.772988 0.63442 0
    outer loop
      vertex -15.2324 11.6882 117.5
      vertex -14.4353 12.6594 122.5
      vertex -14.4353 12.6594 117.5
    endloop
  endfacet
  facet normal -0.772988 0.63442 0
    outer loop
      vertex -14.4353 12.6594 122.5
      vertex -15.2324 11.6882 117.5
      vertex -15.2324 11.6882 122.5
    endloop
  endfacet
  facet normal -0.72985 0.683607 0
    outer loop
      vertex -14.4353 12.6594 117.5
      vertex -13.5764 13.5764 122.5
      vertex -13.5764 13.5764 117.5
    endloop
  endfacet
  facet normal -0.72985 0.683607 0
    outer loop
      vertex -13.5764 13.5764 122.5
      vertex -14.4353 12.6594 117.5
      vertex -14.4353 12.6594 122.5
    endloop
  endfacet
  facet normal -0.881911 0.471415 0
    outer loop
      vertex -17.22 8.49194 117.5
      vertex -16.6277 9.6 122.5
      vertex -16.6277 9.6 117.5
    endloop
  endfacet
  facet normal -0.881911 0.471415 0
    outer loop
      vertex -16.6277 9.6 122.5
      vertex -17.22 8.49194 117.5
      vertex -17.22 8.49194 122.5
    endloop
  endfacet
  facet normal -0.849181 0.528102 0
    outer loop
      vertex -16.6277 9.6 117.5
      vertex -15.9642 10.6669 122.5
      vertex -15.9642 10.6669 117.5
    endloop
  endfacet
  facet normal -0.849181 0.528102 0
    outer loop
      vertex -15.9642 10.6669 122.5
      vertex -16.6277 9.6 117.5
      vertex -16.6277 9.6 122.5
    endloop
  endfacet
  facet normal -0.956944 0.290272 0
    outer loop
      vertex -18.5458 4.96933 117.5
      vertex -18.1811 6.17164 122.5
      vertex -18.1811 6.17164 117.5
    endloop
  endfacet
  facet normal -0.956944 0.290272 0
    outer loop
      vertex -18.1811 6.17164 122.5
      vertex -18.5458 4.96933 117.5
      vertex -18.5458 4.96933 122.5
    endloop
  endfacet
  facet normal -0.935898 0.352271 0
    outer loop
      vertex -18.1811 6.17164 117.5
      vertex -17.7385 7.34752 122.5
      vertex -17.7385 7.34752 117.5
    endloop
  endfacet
  facet normal -0.935898 0.352271 0
    outer loop
      vertex -17.7385 7.34752 122.5
      vertex -18.1811 6.17164 117.5
      vertex -18.1811 6.17164 122.5
    endloop
  endfacet
  facet normal -0.995181 0.0980568 0
    outer loop
      vertex -19.1589 1.25574 117.5
      vertex -19.0357 2.5061 122.5
      vertex -19.0357 2.5061 117.5
    endloop
  endfacet
  facet normal -0.995181 0.0980568 0
    outer loop
      vertex -19.0357 2.5061 122.5
      vertex -19.1589 1.25574 117.5
      vertex -19.1589 1.25574 122.5
    endloop
  endfacet
  facet normal -0.471415 0.881911 0
    outer loop
      vertex -8.49194 17.22 117.5
      vertex -9.6 16.6277 122.5
      vertex -8.49194 17.22 122.5
    endloop
  endfacet
  facet normal -0.471415 0.881911 0
    outer loop
      vertex -9.6 16.6277 122.5
      vertex -8.49194 17.22 117.5
      vertex -9.6 16.6277 117.5
    endloop
  endfacet
  facet normal -0.63442 0.772988 0
    outer loop
      vertex -11.6882 15.2324 117.5
      vertex -12.6594 14.4353 122.5
      vertex -11.6882 15.2324 122.5
    endloop
  endfacet
  facet normal -0.63442 0.772988 0
    outer loop
      vertex -12.6594 14.4353 122.5
      vertex -11.6882 15.2324 117.5
      vertex -12.6594 14.4353 117.5
    endloop
  endfacet
  facet normal -0.290272 0.956944 0
    outer loop
      vertex -4.96933 18.5458 117.5
      vertex -6.17164 18.1811 122.5
      vertex -4.96933 18.5458 122.5
    endloop
  endfacet
  facet normal -0.290272 0.956944 0
    outer loop
      vertex -6.17164 18.1811 122.5
      vertex -4.96933 18.5458 117.5
      vertex -6.17164 18.1811 117.5
    endloop
  endfacet
  facet normal -0.0327122 0.999465 0
    outer loop
      vertex 0 19.2 117.5
      vertex -1.25574 19.1589 122.5
      vertex 0 19.2 122.5
    endloop
  endfacet
  facet normal -0.0327122 0.999465 0
    outer loop
      vertex -1.25574 19.1589 122.5
      vertex 0 19.2 117.5
      vertex -1.25574 19.1589 117.5
    endloop
  endfacet
  facet normal 0.999465 -0.0327122 0
    outer loop
      vertex 19.1589 -1.25574 122.5
      vertex 19.2 0 117.5
      vertex 19.2 0 122.5
    endloop
  endfacet
  facet normal 0.999465 -0.0327122 0
    outer loop
      vertex 19.2 0 117.5
      vertex 19.1589 -1.25574 122.5
      vertex 19.1589 -1.25574 117.5
    endloop
  endfacet
  facet normal 0.0327122 -0.999465 0
    outer loop
      vertex 0 -19.2 117.5
      vertex 1.25574 -19.1589 122.5
      vertex 0 -19.2 122.5
    endloop
  endfacet
  facet normal 0.0327122 -0.999465 0
    outer loop
      vertex 1.25574 -19.1589 122.5
      vertex 0 -19.2 117.5
      vertex 1.25574 -19.1589 117.5
    endloop
  endfacet
  facet normal 0.162846 -0.986651 0
    outer loop
      vertex 2.5061 -19.0357 117.5
      vertex 3.74573 -18.8311 122.5
      vertex 2.5061 -19.0357 122.5
    endloop
  endfacet
  facet normal 0.162846 -0.986651 0
    outer loop
      vertex 3.74573 -18.8311 122.5
      vertex 2.5061 -19.0357 117.5
      vertex 3.74573 -18.8311 117.5
    endloop
  endfacet
  facet normal 0.352271 -0.935898 0
    outer loop
      vertex 6.17164 -18.1811 117.5
      vertex 7.34752 -17.7385 122.5
      vertex 6.17164 -18.1811 122.5
    endloop
  endfacet
  facet normal 0.352271 -0.935898 0
    outer loop
      vertex 7.34752 -17.7385 122.5
      vertex 6.17164 -18.1811 117.5
      vertex 7.34752 -17.7385 117.5
    endloop
  endfacet
  facet normal 0.683607 -0.72985 0
    outer loop
      vertex 12.6594 -14.4353 117.5
      vertex 13.5764 -13.5764 122.5
      vertex 12.6594 -14.4353 122.5
    endloop
  endfacet
  facet normal 0.683607 -0.72985 0
    outer loop
      vertex 13.5764 -13.5764 122.5
      vertex 12.6594 -14.4353 117.5
      vertex 13.5764 -13.5764 117.5
    endloop
  endfacet
  facet normal 0.58245 -0.812867 0
    outer loop
      vertex 10.6669 -15.9642 117.5
      vertex 11.6882 -15.2324 122.5
      vertex 10.6669 -15.9642 122.5
    endloop
  endfacet
  facet normal 0.58245 -0.812867 0
    outer loop
      vertex 11.6882 -15.2324 122.5
      vertex 10.6669 -15.9642 117.5
      vertex 11.6882 -15.2324 117.5
    endloop
  endfacet
  facet normal 0.471415 -0.881911 0
    outer loop
      vertex 8.49194 -17.22 117.5
      vertex 9.6 -16.6277 122.5
      vertex 8.49194 -17.22 122.5
    endloop
  endfacet
  facet normal 0.471415 -0.881911 0
    outer loop
      vertex 9.6 -16.6277 122.5
      vertex 8.49194 -17.22 117.5
      vertex 9.6 -16.6277 117.5
    endloop
  endfacet
  facet normal 0.772988 -0.63442 0
    outer loop
      vertex 14.4353 -12.6594 122.5
      vertex 15.2324 -11.6882 117.5
      vertex 15.2324 -11.6882 122.5
    endloop
  endfacet
  facet normal 0.772988 -0.63442 0
    outer loop
      vertex 15.2324 -11.6882 117.5
      vertex 14.4353 -12.6594 122.5
      vertex 14.4353 -12.6594 117.5
    endloop
  endfacet
  facet normal 0.849181 -0.528102 0
    outer loop
      vertex 15.9642 -10.6669 122.5
      vertex 16.6277 -9.6 117.5
      vertex 16.6277 -9.6 122.5
    endloop
  endfacet
  facet normal 0.849181 -0.528102 0
    outer loop
      vertex 16.6277 -9.6 117.5
      vertex 15.9642 -10.6669 122.5
      vertex 15.9642 -10.6669 117.5
    endloop
  endfacet
  facet normal 0.910873 -0.412687 0
    outer loop
      vertex 17.22 -8.49194 122.5
      vertex 17.7385 -7.34752 117.5
      vertex 17.7385 -7.34752 122.5
    endloop
  endfacet
  facet normal 0.910873 -0.412687 0
    outer loop
      vertex 17.7385 -7.34752 117.5
      vertex 17.22 -8.49194 122.5
      vertex 17.22 -8.49194 117.5
    endloop
  endfacet
  facet normal 0.956944 -0.290272 0
    outer loop
      vertex 18.1811 -6.17164 122.5
      vertex 18.5458 -4.96933 117.5
      vertex 18.5458 -4.96933 122.5
    endloop
  endfacet
  facet normal 0.956944 -0.290272 0
    outer loop
      vertex 18.5458 -4.96933 117.5
      vertex 18.1811 -6.17164 122.5
      vertex 18.1811 -6.17164 117.5
    endloop
  endfacet
  facet normal 0.995181 -0.0980568 0
    outer loop
      vertex 19.0357 -2.5061 122.5
      vertex 19.1589 -1.25574 117.5
      vertex 19.1589 -1.25574 122.5
    endloop
  endfacet
  facet normal 0.995181 -0.0980568 0
    outer loop
      vertex 19.1589 -1.25574 117.5
      vertex 19.0357 -2.5061 122.5
      vertex 19.0357 -2.5061 117.5
    endloop
  endfacet
  facet normal -0.683607 -0.72985 0
    outer loop
      vertex -13.5764 -13.5764 117.5
      vertex -12.6594 -14.4353 122.5
      vertex -13.5764 -13.5764 122.5
    endloop
  endfacet
  facet normal -0.683607 -0.72985 -0
    outer loop
      vertex -12.6594 -14.4353 122.5
      vertex -13.5764 -13.5764 117.5
      vertex -12.6594 -14.4353 117.5
    endloop
  endfacet
  facet normal -0.58245 -0.812867 0
    outer loop
      vertex -11.6882 -15.2324 117.5
      vertex -10.6669 -15.9642 122.5
      vertex -11.6882 -15.2324 122.5
    endloop
  endfacet
  facet normal -0.58245 -0.812867 -0
    outer loop
      vertex -10.6669 -15.9642 122.5
      vertex -11.6882 -15.2324 117.5
      vertex -10.6669 -15.9642 117.5
    endloop
  endfacet
  facet normal -0.412687 -0.910873 0
    outer loop
      vertex -8.49194 -17.22 117.5
      vertex -7.34752 -17.7385 122.5
      vertex -8.49194 -17.22 122.5
    endloop
  endfacet
  facet normal -0.412687 -0.910873 -0
    outer loop
      vertex -7.34752 -17.7385 122.5
      vertex -8.49194 -17.22 117.5
      vertex -7.34752 -17.7385 117.5
    endloop
  endfacet
  facet normal -0.528102 -0.849181 0
    outer loop
      vertex -10.6669 -15.9642 117.5
      vertex -9.6 -16.6277 122.5
      vertex -10.6669 -15.9642 122.5
    endloop
  endfacet
  facet normal -0.528102 -0.849181 -0
    outer loop
      vertex -9.6 -16.6277 122.5
      vertex -10.6669 -15.9642 117.5
      vertex -9.6 -16.6277 117.5
    endloop
  endfacet
  facet normal -0.352271 -0.935898 0
    outer loop
      vertex -7.34752 -17.7385 117.5
      vertex -6.17164 -18.1811 122.5
      vertex -7.34752 -17.7385 122.5
    endloop
  endfacet
  facet normal -0.352271 -0.935898 -0
    outer loop
      vertex -6.17164 -18.1811 122.5
      vertex -7.34752 -17.7385 117.5
      vertex -6.17164 -18.1811 117.5
    endloop
  endfacet
  facet normal -0.227074 -0.973878 0
    outer loop
      vertex -4.96933 -18.5458 117.5
      vertex -3.74573 -18.8311 122.5
      vertex -4.96933 -18.5458 122.5
    endloop
  endfacet
  facet normal -0.227074 -0.973878 -0
    outer loop
      vertex -3.74573 -18.8311 122.5
      vertex -4.96933 -18.5458 117.5
      vertex -3.74573 -18.8311 117.5
    endloop
  endfacet
  facet normal -0.0980568 -0.995181 0
    outer loop
      vertex -2.5061 -19.0357 117.5
      vertex -1.25574 -19.1589 122.5
      vertex -2.5061 -19.0357 122.5
    endloop
  endfacet
  facet normal -0.0980568 -0.995181 -0
    outer loop
      vertex -1.25574 -19.1589 122.5
      vertex -2.5061 -19.0357 117.5
      vertex -1.25574 -19.1589 117.5
    endloop
  endfacet
  facet normal -0.881911 -0.471415 0
    outer loop
      vertex -16.6277 -9.6 117.5
      vertex -17.22 -8.49194 122.5
      vertex -17.22 -8.49194 117.5
    endloop
  endfacet
  facet normal -0.881911 -0.471415 0
    outer loop
      vertex -17.22 -8.49194 122.5
      vertex -16.6277 -9.6 117.5
      vertex -16.6277 -9.6 122.5
    endloop
  endfacet
  facet normal -0.772988 -0.63442 0
    outer loop
      vertex -14.4353 -12.6594 117.5
      vertex -15.2324 -11.6882 122.5
      vertex -15.2324 -11.6882 117.5
    endloop
  endfacet
  facet normal -0.772988 -0.63442 0
    outer loop
      vertex -15.2324 -11.6882 122.5
      vertex -14.4353 -12.6594 117.5
      vertex -14.4353 -12.6594 122.5
    endloop
  endfacet
  facet normal -0.956944 -0.290272 0
    outer loop
      vertex -18.1811 -6.17164 117.5
      vertex -18.5458 -4.96933 122.5
      vertex -18.5458 -4.96933 117.5
    endloop
  endfacet
  facet normal -0.956944 -0.290272 0
    outer loop
      vertex -18.5458 -4.96933 122.5
      vertex -18.1811 -6.17164 117.5
      vertex -18.1811 -6.17164 122.5
    endloop
  endfacet
  facet normal -0.986651 -0.162846 0
    outer loop
      vertex -18.8311 -3.74573 117.5
      vertex -19.0357 -2.5061 122.5
      vertex -19.0357 -2.5061 117.5
    endloop
  endfacet
  facet normal -0.986651 -0.162846 0
    outer loop
      vertex -19.0357 -2.5061 122.5
      vertex -18.8311 -3.74573 117.5
      vertex -18.8311 -3.74573 122.5
    endloop
  endfacet
  facet normal -0.999465 -0.0327122 0
    outer loop
      vertex -19.1589 -1.25574 117.5
      vertex -19.2 0 122.5
      vertex -19.2 0 117.5
    endloop
  endfacet
  facet normal -0.999465 -0.0327122 0
    outer loop
      vertex -19.2 0 122.5
      vertex -19.1589 -1.25574 117.5
      vertex -19.1589 -1.25574 122.5
    endloop
  endfacet
  facet normal 0.0980568 -0.995181 0
    outer loop
      vertex 1.25574 -19.1589 117.5
      vertex 2.5061 -19.0357 122.5
      vertex 1.25574 -19.1589 122.5
    endloop
  endfacet
  facet normal 0.0980568 -0.995181 0
    outer loop
      vertex 2.5061 -19.0357 122.5
      vertex 1.25574 -19.1589 117.5
      vertex 2.5061 -19.0357 117.5
    endloop
  endfacet
  facet normal 0.227074 -0.973878 0
    outer loop
      vertex 3.74573 -18.8311 117.5
      vertex 4.96933 -18.5458 122.5
      vertex 3.74573 -18.8311 122.5
    endloop
  endfacet
  facet normal 0.227074 -0.973878 0
    outer loop
      vertex 4.96933 -18.5458 122.5
      vertex 3.74573 -18.8311 117.5
      vertex 4.96933 -18.5458 117.5
    endloop
  endfacet
  facet normal 0.412687 -0.910873 0
    outer loop
      vertex 7.34752 -17.7385 117.5
      vertex 8.49194 -17.22 122.5
      vertex 7.34752 -17.7385 122.5
    endloop
  endfacet
  facet normal 0.412687 -0.910873 0
    outer loop
      vertex 8.49194 -17.22 122.5
      vertex 7.34752 -17.7385 117.5
      vertex 8.49194 -17.22 117.5
    endloop
  endfacet
  facet normal 0.72985 -0.683607 0
    outer loop
      vertex 13.5764 -13.5764 122.5
      vertex 14.4353 -12.6594 117.5
      vertex 14.4353 -12.6594 122.5
    endloop
  endfacet
  facet normal 0.72985 -0.683607 0
    outer loop
      vertex 14.4353 -12.6594 117.5
      vertex 13.5764 -13.5764 122.5
      vertex 13.5764 -13.5764 117.5
    endloop
  endfacet
  facet normal 0.528102 -0.849181 0
    outer loop
      vertex 9.6 -16.6277 117.5
      vertex 10.6669 -15.9642 122.5
      vertex 9.6 -16.6277 122.5
    endloop
  endfacet
  facet normal 0.528102 -0.849181 0
    outer loop
      vertex 10.6669 -15.9642 122.5
      vertex 9.6 -16.6277 117.5
      vertex 10.6669 -15.9642 117.5
    endloop
  endfacet
  facet normal 0.812867 -0.58245 0
    outer loop
      vertex 15.2324 -11.6882 122.5
      vertex 15.9642 -10.6669 117.5
      vertex 15.9642 -10.6669 122.5
    endloop
  endfacet
  facet normal 0.812867 -0.58245 0
    outer loop
      vertex 15.9642 -10.6669 117.5
      vertex 15.2324 -11.6882 122.5
      vertex 15.2324 -11.6882 117.5
    endloop
  endfacet
  facet normal 0.973878 -0.227074 0
    outer loop
      vertex 18.5458 -4.96933 122.5
      vertex 18.8311 -3.74573 117.5
      vertex 18.8311 -3.74573 122.5
    endloop
  endfacet
  facet normal 0.973878 -0.227074 0
    outer loop
      vertex 18.8311 -3.74573 117.5
      vertex 18.5458 -4.96933 122.5
      vertex 18.5458 -4.96933 117.5
    endloop
  endfacet
  facet normal -0.63442 -0.772988 0
    outer loop
      vertex -12.6594 -14.4353 117.5
      vertex -11.6882 -15.2324 122.5
      vertex -12.6594 -14.4353 122.5
    endloop
  endfacet
  facet normal -0.63442 -0.772988 -0
    outer loop
      vertex -11.6882 -15.2324 122.5
      vertex -12.6594 -14.4353 117.5
      vertex -11.6882 -15.2324 117.5
    endloop
  endfacet
  facet normal -0.471415 -0.881911 0
    outer loop
      vertex -9.6 -16.6277 117.5
      vertex -8.49194 -17.22 122.5
      vertex -9.6 -16.6277 122.5
    endloop
  endfacet
  facet normal -0.471415 -0.881911 -0
    outer loop
      vertex -8.49194 -17.22 122.5
      vertex -9.6 -16.6277 117.5
      vertex -8.49194 -17.22 117.5
    endloop
  endfacet
  facet normal -0.290272 -0.956944 0
    outer loop
      vertex -6.17164 -18.1811 117.5
      vertex -4.96933 -18.5458 122.5
      vertex -6.17164 -18.1811 122.5
    endloop
  endfacet
  facet normal -0.290272 -0.956944 -0
    outer loop
      vertex -4.96933 -18.5458 122.5
      vertex -6.17164 -18.1811 117.5
      vertex -4.96933 -18.5458 117.5
    endloop
  endfacet
  facet normal -0.849181 -0.528102 0
    outer loop
      vertex -15.9642 -10.6669 117.5
      vertex -16.6277 -9.6 122.5
      vertex -16.6277 -9.6 117.5
    endloop
  endfacet
  facet normal -0.849181 -0.528102 0
    outer loop
      vertex -16.6277 -9.6 122.5
      vertex -15.9642 -10.6669 117.5
      vertex -15.9642 -10.6669 122.5
    endloop
  endfacet
  facet normal -0.995181 -0.0980568 0
    outer loop
      vertex -19.0357 -2.5061 117.5
      vertex -19.1589 -1.25574 122.5
      vertex -19.1589 -1.25574 117.5
    endloop
  endfacet
  facet normal -0.995181 -0.0980568 0
    outer loop
      vertex -19.1589 -1.25574 122.5
      vertex -19.0357 -2.5061 117.5
      vertex -19.0357 -2.5061 122.5
    endloop
  endfacet
  facet normal 0.986651 -0.162846 0
    outer loop
      vertex 18.8311 -3.74573 122.5
      vertex 19.0357 -2.5061 117.5
      vertex 19.0357 -2.5061 122.5
    endloop
  endfacet
  facet normal 0.986651 -0.162846 0
    outer loop
      vertex 19.0357 -2.5061 117.5
      vertex 18.8311 -3.74573 122.5
      vertex 18.8311 -3.74573 117.5
    endloop
  endfacet
  facet normal -0.999466 -0.0326856 0
    outer loop
      vertex 18 0 0
      vertex 17.9615 1.17726 125
      vertex 17.9615 1.17726 0
    endloop
  endfacet
  facet normal -0.999466 -0.0326856 0
    outer loop
      vertex 17.9615 1.17726 125
      vertex 18 0 0
      vertex 18 0 125
    endloop
  endfacet
  facet normal 0.999466 -0.0326856 0
    outer loop
      vertex -18 0 125
      vertex -17.9615 1.17726 0
      vertex -17.9615 1.17726 125
    endloop
  endfacet
  facet normal 0.999466 -0.0326856 0
    outer loop
      vertex -17.9615 1.17726 0
      vertex -18 0 125
      vertex -18 0 0
    endloop
  endfacet
  facet normal -0.0326856 -0.999466 0
    outer loop
      vertex 0 18 0
      vertex 1.17726 17.9615 125
      vertex 0 18 125
    endloop
  endfacet
  facet normal -0.0326856 -0.999466 -0
    outer loop
      vertex 1.17726 17.9615 125
      vertex 0 18 0
      vertex 1.17726 17.9615 0
    endloop
  endfacet
  facet normal 0.0326856 0.999466 -0
    outer loop
      vertex 0 -18 0
      vertex -1.17726 -17.9615 125
      vertex 0 -18 125
    endloop
  endfacet
  facet normal 0.0326856 0.999466 0
    outer loop
      vertex -1.17726 -17.9615 125
      vertex 0 -18 0
      vertex -1.17726 -17.9615 0
    endloop
  endfacet
  facet normal -0.683594 -0.729863 0
    outer loop
      vertex 11.8682 13.5331 0
      vertex 12.7279 12.7279 125
      vertex 11.8682 13.5331 125
    endloop
  endfacet
  facet normal -0.683594 -0.729863 -0
    outer loop
      vertex 12.7279 12.7279 125
      vertex 11.8682 13.5331 0
      vertex 12.7279 12.7279 0
    endloop
  endfacet
  facet normal 0.683594 -0.729863 0
    outer loop
      vertex -12.7279 12.7279 0
      vertex -11.8682 13.5331 125
      vertex -12.7279 12.7279 125
    endloop
  endfacet
  facet normal 0.683594 -0.729863 0
    outer loop
      vertex -11.8682 13.5331 125
      vertex -12.7279 12.7279 0
      vertex -11.8682 13.5331 0
    endloop
  endfacet
  facet normal 0.97389 0.227021 0
    outer loop
      vertex -17.3867 -4.65874 125
      vertex -17.6541 -3.51163 0
      vertex -17.6541 -3.51163 125
    endloop
  endfacet
  facet normal 0.97389 0.227021 0
    outer loop
      vertex -17.6541 -3.51163 0
      vertex -17.3867 -4.65874 125
      vertex -17.3867 -4.65874 0
    endloop
  endfacet
  facet normal -0.910872 -0.41269 0
    outer loop
      vertex 16.6298 6.8883 0
      vertex 16.1437 7.9612 125
      vertex 16.1437 7.9612 0
    endloop
  endfacet
  facet normal -0.910872 -0.41269 0
    outer loop
      vertex 16.1437 7.9612 125
      vertex 16.6298 6.8883 0
      vertex 16.6298 6.8883 125
    endloop
  endfacet
  facet normal -0.41269 -0.910872 0
    outer loop
      vertex 6.8883 16.6298 0
      vertex 7.9612 16.1437 125
      vertex 6.8883 16.6298 125
    endloop
  endfacet
  facet normal -0.41269 -0.910872 -0
    outer loop
      vertex 7.9612 16.1437 125
      vertex 6.8883 16.6298 0
      vertex 7.9612 16.1437 0
    endloop
  endfacet
  facet normal 0.849212 -0.528052 0
    outer loop
      vertex -15.5885 9 125
      vertex -14.9665 10.0003 0
      vertex -14.9665 10.0003 125
    endloop
  endfacet
  facet normal 0.849212 -0.528052 0
    outer loop
      vertex -14.9665 10.0003 0
      vertex -15.5885 9 125
      vertex -15.5885 9 0
    endloop
  endfacet
  facet normal 0.162917 -0.98664 0
    outer loop
      vertex -3.51163 17.6541 0
      vertex -2.34947 17.846 125
      vertex -3.51163 17.6541 125
    endloop
  endfacet
  facet normal 0.162917 -0.98664 0
    outer loop
      vertex -2.34947 17.846 125
      vertex -3.51163 17.6541 0
      vertex -2.34947 17.846 0
    endloop
  endfacet
  facet normal -0.881939 0.471364 0
    outer loop
      vertex 15.5885 -9 0
      vertex 16.1437 -7.9612 125
      vertex 16.1437 -7.9612 0
    endloop
  endfacet
  facet normal -0.881939 0.471364 0
    outer loop
      vertex 16.1437 -7.9612 125
      vertex 15.5885 -9 0
      vertex 15.5885 -9 125
    endloop
  endfacet
  facet normal -0.227021 0.97389 0
    outer loop
      vertex 4.65874 -17.3867 0
      vertex 3.51163 -17.6541 125
      vertex 4.65874 -17.3867 125
    endloop
  endfacet
  facet normal -0.227021 0.97389 0
    outer loop
      vertex 3.51163 -17.6541 125
      vertex 4.65874 -17.3867 0
      vertex 3.51163 -17.6541 0
    endloop
  endfacet
  facet normal -0.683594 0.729863 0
    outer loop
      vertex 12.7279 -12.7279 0
      vertex 11.8682 -13.5331 125
      vertex 12.7279 -12.7279 125
    endloop
  endfacet
  facet normal -0.683594 0.729863 0
    outer loop
      vertex 11.8682 -13.5331 125
      vertex 12.7279 -12.7279 0
      vertex 11.8682 -13.5331 0
    endloop
  endfacet
  facet normal -0.97389 0.227021 0
    outer loop
      vertex 17.3867 -4.65874 0
      vertex 17.6541 -3.51163 125
      vertex 17.6541 -3.51163 0
    endloop
  endfacet
  facet normal -0.97389 0.227021 0
    outer loop
      vertex 17.6541 -3.51163 125
      vertex 17.3867 -4.65874 0
      vertex 17.3867 -4.65874 125
    endloop
  endfacet
  facet normal 0.352242 0.935909 -0
    outer loop
      vertex -5.78591 -17.0447 0
      vertex -6.8883 -16.6298 125
      vertex -5.78591 -17.0447 125
    endloop
  endfacet
  facet normal 0.352242 0.935909 0
    outer loop
      vertex -6.8883 -16.6298 125
      vertex -5.78591 -17.0447 0
      vertex -6.8883 -16.6298 0
    endloop
  endfacet
  facet normal 0.729863 0.683594 0
    outer loop
      vertex -12.7279 -12.7279 125
      vertex -13.5331 -11.8682 0
      vertex -13.5331 -11.8682 125
    endloop
  endfacet
  facet normal 0.729863 0.683594 0
    outer loop
      vertex -13.5331 -11.8682 0
      vertex -12.7279 -12.7279 125
      vertex -12.7279 -12.7279 0
    endloop
  endfacet
  facet normal -0.995181 -0.098057 0
    outer loop
      vertex 17.9615 1.17726 0
      vertex 17.846 2.34947 125
      vertex 17.846 2.34947 0
    endloop
  endfacet
  facet normal -0.995181 -0.098057 0
    outer loop
      vertex 17.846 2.34947 125
      vertex 17.9615 1.17726 0
      vertex 17.9615 1.17726 125
    endloop
  endfacet
  facet normal -0.956922 -0.290344 0
    outer loop
      vertex 17.3867 4.65874 0
      vertex 17.0447 5.78591 125
      vertex 17.0447 5.78591 0
    endloop
  endfacet
  facet normal -0.956922 -0.290344 0
    outer loop
      vertex 17.0447 5.78591 125
      vertex 17.3867 4.65874 0
      vertex 17.3867 4.65874 125
    endloop
  endfacet
  facet normal -0.881939 -0.471364 0
    outer loop
      vertex 16.1437 7.9612 0
      vertex 15.5885 9 125
      vertex 15.5885 9 0
    endloop
  endfacet
  facet normal -0.881939 -0.471364 0
    outer loop
      vertex 15.5885 9 125
      vertex 16.1437 7.9612 0
      vertex 16.1437 7.9612 125
    endloop
  endfacet
  facet normal -0.227021 -0.97389 0
    outer loop
      vertex 3.51163 17.6541 0
      vertex 4.65874 17.3867 125
      vertex 3.51163 17.6541 125
    endloop
  endfacet
  facet normal -0.227021 -0.97389 -0
    outer loop
      vertex 4.65874 17.3867 125
      vertex 3.51163 17.6541 0
      vertex 4.65874 17.3867 0
    endloop
  endfacet
  facet normal -0.162917 -0.98664 0
    outer loop
      vertex 2.34947 17.846 0
      vertex 3.51163 17.6541 125
      vertex 2.34947 17.846 125
    endloop
  endfacet
  facet normal -0.162917 -0.98664 -0
    outer loop
      vertex 3.51163 17.6541 125
      vertex 2.34947 17.846 0
      vertex 3.51163 17.6541 0
    endloop
  endfacet
  facet normal -0.528052 -0.849212 0
    outer loop
      vertex 9 15.5885 0
      vertex 10.0003 14.9665 125
      vertex 9 15.5885 125
    endloop
  endfacet
  facet normal -0.528052 -0.849212 -0
    outer loop
      vertex 10.0003 14.9665 125
      vertex 9 15.5885 0
      vertex 10.0003 14.9665 0
    endloop
  endfacet
  facet normal -0.471364 -0.881939 0
    outer loop
      vertex 7.9612 16.1437 0
      vertex 9 15.5885 125
      vertex 7.9612 16.1437 125
    endloop
  endfacet
  facet normal -0.471364 -0.881939 -0
    outer loop
      vertex 9 15.5885 125
      vertex 7.9612 16.1437 0
      vertex 9 15.5885 0
    endloop
  endfacet
  facet normal 0.97389 -0.227021 0
    outer loop
      vertex -17.6541 3.51163 125
      vertex -17.3867 4.65874 0
      vertex -17.3867 4.65874 125
    endloop
  endfacet
  facet normal 0.97389 -0.227021 0
    outer loop
      vertex -17.3867 4.65874 0
      vertex -17.6541 3.51163 125
      vertex -17.6541 3.51163 0
    endloop
  endfacet
  facet normal 0.98664 -0.162917 0
    outer loop
      vertex -17.846 2.34947 125
      vertex -17.6541 3.51163 0
      vertex -17.6541 3.51163 125
    endloop
  endfacet
  facet normal 0.98664 -0.162917 0
    outer loop
      vertex -17.6541 3.51163 0
      vertex -17.846 2.34947 125
      vertex -17.846 2.34947 0
    endloop
  endfacet
  facet normal 0.528052 -0.849212 0
    outer loop
      vertex -10.0003 14.9665 0
      vertex -9 15.5885 125
      vertex -10.0003 14.9665 125
    endloop
  endfacet
  facet normal 0.528052 -0.849212 0
    outer loop
      vertex -9 15.5885 125
      vertex -10.0003 14.9665 0
      vertex -9 15.5885 0
    endloop
  endfacet
  facet normal 0.63443 -0.77298 0
    outer loop
      vertex -11.8682 13.5331 0
      vertex -10.9577 14.2804 125
      vertex -11.8682 13.5331 125
    endloop
  endfacet
  facet normal 0.63443 -0.77298 0
    outer loop
      vertex -10.9577 14.2804 125
      vertex -11.8682 13.5331 0
      vertex -10.9577 14.2804 0
    endloop
  endfacet
  facet normal 0.098057 -0.995181 0
    outer loop
      vertex -2.34947 17.846 0
      vertex -1.17726 17.9615 125
      vertex -2.34947 17.846 125
    endloop
  endfacet
  facet normal 0.098057 -0.995181 0
    outer loop
      vertex -1.17726 17.9615 125
      vertex -2.34947 17.846 0
      vertex -1.17726 17.9615 0
    endloop
  endfacet
  facet normal -0.471364 0.881939 0
    outer loop
      vertex 9 -15.5885 0
      vertex 7.9612 -16.1437 125
      vertex 9 -15.5885 125
    endloop
  endfacet
  facet normal -0.471364 0.881939 0
    outer loop
      vertex 7.9612 -16.1437 125
      vertex 9 -15.5885 0
      vertex 7.9612 -16.1437 0
    endloop
  endfacet
  facet normal -0.63443 0.77298 0
    outer loop
      vertex 11.8682 -13.5331 0
      vertex 10.9577 -14.2804 125
      vertex 11.8682 -13.5331 125
    endloop
  endfacet
  facet normal -0.63443 0.77298 0
    outer loop
      vertex 10.9577 -14.2804 125
      vertex 11.8682 -13.5331 0
      vertex 10.9577 -14.2804 0
    endloop
  endfacet
  facet normal -0.849212 0.528052 0
    outer loop
      vertex 14.9665 -10.0003 0
      vertex 15.5885 -9 125
      vertex 15.5885 -9 0
    endloop
  endfacet
  facet normal -0.849212 0.528052 0
    outer loop
      vertex 15.5885 -9 125
      vertex 14.9665 -10.0003 0
      vertex 14.9665 -10.0003 125
    endloop
  endfacet
  facet normal 0.683594 0.729863 -0
    outer loop
      vertex -11.8682 -13.5331 0
      vertex -12.7279 -12.7279 125
      vertex -11.8682 -13.5331 125
    endloop
  endfacet
  facet normal 0.683594 0.729863 0
    outer loop
      vertex -12.7279 -12.7279 125
      vertex -11.8682 -13.5331 0
      vertex -12.7279 -12.7279 0
    endloop
  endfacet
  facet normal 0.582498 0.812832 -0
    outer loop
      vertex -10.0003 -14.9665 0
      vertex -10.9577 -14.2804 125
      vertex -10.0003 -14.9665 125
    endloop
  endfacet
  facet normal 0.582498 0.812832 0
    outer loop
      vertex -10.9577 -14.2804 125
      vertex -10.0003 -14.9665 0
      vertex -10.9577 -14.2804 0
    endloop
  endfacet
  facet normal 0.528052 0.849212 -0
    outer loop
      vertex -9 -15.5885 0
      vertex -10.0003 -14.9665 125
      vertex -9 -15.5885 125
    endloop
  endfacet
  facet normal 0.528052 0.849212 0
    outer loop
      vertex -10.0003 -14.9665 125
      vertex -9 -15.5885 0
      vertex -10.0003 -14.9665 0
    endloop
  endfacet
  facet normal 0.162917 0.98664 -0
    outer loop
      vertex -2.34947 -17.846 0
      vertex -3.51163 -17.6541 125
      vertex -2.34947 -17.846 125
    endloop
  endfacet
  facet normal 0.162917 0.98664 0
    outer loop
      vertex -3.51163 -17.6541 125
      vertex -2.34947 -17.846 0
      vertex -3.51163 -17.6541 0
    endloop
  endfacet
  facet normal 0.910872 0.41269 0
    outer loop
      vertex -16.1437 -7.9612 125
      vertex -16.6298 -6.8883 0
      vertex -16.6298 -6.8883 125
    endloop
  endfacet
  facet normal 0.910872 0.41269 0
    outer loop
      vertex -16.6298 -6.8883 0
      vertex -16.1437 -7.9612 125
      vertex -16.1437 -7.9612 0
    endloop
  endfacet
  facet normal -0.97389 -0.227021 0
    outer loop
      vertex 17.6541 3.51163 0
      vertex 17.3867 4.65874 125
      vertex 17.3867 4.65874 0
    endloop
  endfacet
  facet normal -0.97389 -0.227021 0
    outer loop
      vertex 17.3867 4.65874 125
      vertex 17.6541 3.51163 0
      vertex 17.6541 3.51163 125
    endloop
  endfacet
  facet normal -0.98664 -0.162917 0
    outer loop
      vertex 17.846 2.34947 0
      vertex 17.6541 3.51163 125
      vertex 17.6541 3.51163 0
    endloop
  endfacet
  facet normal -0.98664 -0.162917 0
    outer loop
      vertex 17.6541 3.51163 125
      vertex 17.846 2.34947 0
      vertex 17.846 2.34947 125
    endloop
  endfacet
  facet normal -0.935909 -0.352242 0
    outer loop
      vertex 17.0447 5.78591 0
      vertex 16.6298 6.8883 125
      vertex 16.6298 6.8883 0
    endloop
  endfacet
  facet normal -0.935909 -0.352242 0
    outer loop
      vertex 16.6298 6.8883 125
      vertex 17.0447 5.78591 0
      vertex 17.0447 5.78591 125
    endloop
  endfacet
  facet normal -0.77298 -0.63443 0
    outer loop
      vertex 14.2804 10.9577 0
      vertex 13.5331 11.8682 125
      vertex 13.5331 11.8682 0
    endloop
  endfacet
  facet normal -0.77298 -0.63443 0
    outer loop
      vertex 13.5331 11.8682 125
      vertex 14.2804 10.9577 0
      vertex 14.2804 10.9577 125
    endloop
  endfacet
  facet normal -0.812832 -0.582498 0
    outer loop
      vertex 14.9665 10.0003 0
      vertex 14.2804 10.9577 125
      vertex 14.2804 10.9577 0
    endloop
  endfacet
  facet normal -0.812832 -0.582498 0
    outer loop
      vertex 14.2804 10.9577 125
      vertex 14.9665 10.0003 0
      vertex 14.9665 10.0003 125
    endloop
  endfacet
  facet normal -0.849212 -0.528052 0
    outer loop
      vertex 15.5885 9 0
      vertex 14.9665 10.0003 125
      vertex 14.9665 10.0003 0
    endloop
  endfacet
  facet normal -0.849212 -0.528052 0
    outer loop
      vertex 14.9665 10.0003 125
      vertex 15.5885 9 0
      vertex 15.5885 9 125
    endloop
  endfacet
  facet normal -0.352242 -0.935909 0
    outer loop
      vertex 5.78591 17.0447 0
      vertex 6.8883 16.6298 125
      vertex 5.78591 17.0447 125
    endloop
  endfacet
  facet normal -0.352242 -0.935909 -0
    outer loop
      vertex 6.8883 16.6298 125
      vertex 5.78591 17.0447 0
      vertex 6.8883 16.6298 0
    endloop
  endfacet
  facet normal -0.290344 -0.956922 0
    outer loop
      vertex 4.65874 17.3867 0
      vertex 5.78591 17.0447 125
      vertex 4.65874 17.3867 125
    endloop
  endfacet
  facet normal -0.290344 -0.956922 -0
    outer loop
      vertex 5.78591 17.0447 125
      vertex 4.65874 17.3867 0
      vertex 5.78591 17.0447 0
    endloop
  endfacet
  facet normal -0.098057 -0.995181 0
    outer loop
      vertex 1.17726 17.9615 0
      vertex 2.34947 17.846 125
      vertex 1.17726 17.9615 125
    endloop
  endfacet
  facet normal -0.098057 -0.995181 -0
    outer loop
      vertex 2.34947 17.846 125
      vertex 1.17726 17.9615 0
      vertex 2.34947 17.846 0
    endloop
  endfacet
  facet normal -0.582498 -0.812832 0
    outer loop
      vertex 10.0003 14.9665 0
      vertex 10.9577 14.2804 125
      vertex 10.0003 14.9665 125
    endloop
  endfacet
  facet normal -0.582498 -0.812832 -0
    outer loop
      vertex 10.9577 14.2804 125
      vertex 10.0003 14.9665 0
      vertex 10.9577 14.2804 0
    endloop
  endfacet
  facet normal -0.63443 -0.77298 0
    outer loop
      vertex 10.9577 14.2804 0
      vertex 11.8682 13.5331 125
      vertex 10.9577 14.2804 125
    endloop
  endfacet
  facet normal -0.63443 -0.77298 -0
    outer loop
      vertex 11.8682 13.5331 125
      vertex 10.9577 14.2804 0
      vertex 11.8682 13.5331 0
    endloop
  endfacet
  facet normal 0.910872 -0.41269 0
    outer loop
      vertex -16.6298 6.8883 125
      vertex -16.1437 7.9612 0
      vertex -16.1437 7.9612 125
    endloop
  endfacet
  facet normal 0.910872 -0.41269 0
    outer loop
      vertex -16.1437 7.9612 0
      vertex -16.6298 6.8883 125
      vertex -16.6298 6.8883 0
    endloop
  endfacet
  facet normal 0.935909 -0.352242 0
    outer loop
      vertex -17.0447 5.78591 125
      vertex -16.6298 6.8883 0
      vertex -16.6298 6.8883 125
    endloop
  endfacet
  facet normal 0.935909 -0.352242 0
    outer loop
      vertex -16.6298 6.8883 0
      vertex -17.0447 5.78591 125
      vertex -17.0447 5.78591 0
    endloop
  endfacet
  facet normal 0.956922 -0.290344 0
    outer loop
      vertex -17.3867 4.65874 125
      vertex -17.0447 5.78591 0
      vertex -17.0447 5.78591 125
    endloop
  endfacet
  facet normal 0.956922 -0.290344 0
    outer loop
      vertex -17.0447 5.78591 0
      vertex -17.3867 4.65874 125
      vertex -17.3867 4.65874 0
    endloop
  endfacet
  facet normal 0.995181 -0.098057 0
    outer loop
      vertex -17.9615 1.17726 125
      vertex -17.846 2.34947 0
      vertex -17.846 2.34947 125
    endloop
  endfacet
  facet normal 0.995181 -0.098057 0
    outer loop
      vertex -17.846 2.34947 0
      vertex -17.9615 1.17726 125
      vertex -17.9615 1.17726 0
    endloop
  endfacet
  facet normal 0.471364 -0.881939 0
    outer loop
      vertex -9 15.5885 0
      vertex -7.9612 16.1437 125
      vertex -9 15.5885 125
    endloop
  endfacet
  facet normal 0.471364 -0.881939 0
    outer loop
      vertex -7.9612 16.1437 125
      vertex -9 15.5885 0
      vertex -7.9612 16.1437 0
    endloop
  endfacet
  facet normal 0.582498 -0.812832 0
    outer loop
      vertex -10.9577 14.2804 0
      vertex -10.0003 14.9665 125
      vertex -10.9577 14.2804 125
    endloop
  endfacet
  facet normal 0.582498 -0.812832 0
    outer loop
      vertex -10.0003 14.9665 125
      vertex -10.9577 14.2804 0
      vertex -10.0003 14.9665 0
    endloop
  endfacet
  facet normal 0.352242 -0.935909 0
    outer loop
      vertex -6.8883 16.6298 0
      vertex -5.78591 17.0447 125
      vertex -6.8883 16.6298 125
    endloop
  endfacet
  facet normal 0.352242 -0.935909 0
    outer loop
      vertex -5.78591 17.0447 125
      vertex -6.8883 16.6298 0
      vertex -5.78591 17.0447 0
    endloop
  endfacet
  facet normal 0.227021 -0.97389 0
    outer loop
      vertex -4.65874 17.3867 0
      vertex -3.51163 17.6541 125
      vertex -4.65874 17.3867 125
    endloop
  endfacet
  facet normal 0.227021 -0.97389 0
    outer loop
      vertex -3.51163 17.6541 125
      vertex -4.65874 17.3867 0
      vertex -3.51163 17.6541 0
    endloop
  endfacet
  facet normal 0.0326856 -0.999466 0
    outer loop
      vertex -1.17726 17.9615 0
      vertex 0 18 125
      vertex -1.17726 17.9615 125
    endloop
  endfacet
  facet normal 0.0326856 -0.999466 0
    outer loop
      vertex 0 18 125
      vertex -1.17726 17.9615 0
      vertex 0 18 0
    endloop
  endfacet
  facet normal -0.0326856 0.999466 0
    outer loop
      vertex 1.17726 -17.9615 0
      vertex 0 -18 125
      vertex 1.17726 -17.9615 125
    endloop
  endfacet
  facet normal -0.0326856 0.999466 0
    outer loop
      vertex 0 -18 125
      vertex 1.17726 -17.9615 0
      vertex 0 -18 0
    endloop
  endfacet
  facet normal -0.162917 0.98664 0
    outer loop
      vertex 3.51163 -17.6541 0
      vertex 2.34947 -17.846 125
      vertex 3.51163 -17.6541 125
    endloop
  endfacet
  facet normal -0.162917 0.98664 0
    outer loop
      vertex 2.34947 -17.846 125
      vertex 3.51163 -17.6541 0
      vertex 2.34947 -17.846 0
    endloop
  endfacet
  facet normal -0.352242 0.935909 0
    outer loop
      vertex 6.8883 -16.6298 0
      vertex 5.78591 -17.0447 125
      vertex 6.8883 -16.6298 125
    endloop
  endfacet
  facet normal -0.352242 0.935909 0
    outer loop
      vertex 5.78591 -17.0447 125
      vertex 6.8883 -16.6298 0
      vertex 5.78591 -17.0447 0
    endloop
  endfacet
  facet normal -0.41269 0.910872 0
    outer loop
      vertex 7.9612 -16.1437 0
      vertex 6.8883 -16.6298 125
      vertex 7.9612 -16.1437 125
    endloop
  endfacet
  facet normal -0.41269 0.910872 0
    outer loop
      vertex 6.8883 -16.6298 125
      vertex 7.9612 -16.1437 0
      vertex 6.8883 -16.6298 0
    endloop
  endfacet
  facet normal -0.729863 0.683594 0
    outer loop
      vertex 12.7279 -12.7279 0
      vertex 13.5331 -11.8682 125
      vertex 13.5331 -11.8682 0
    endloop
  endfacet
  facet normal -0.729863 0.683594 0
    outer loop
      vertex 13.5331 -11.8682 125
      vertex 12.7279 -12.7279 0
      vertex 12.7279 -12.7279 125
    endloop
  endfacet
  facet normal -0.528052 0.849212 0
    outer loop
      vertex 10.0003 -14.9665 0
      vertex 9 -15.5885 125
      vertex 10.0003 -14.9665 125
    endloop
  endfacet
  facet normal -0.528052 0.849212 0
    outer loop
      vertex 9 -15.5885 125
      vertex 10.0003 -14.9665 0
      vertex 9 -15.5885 0
    endloop
  endfacet
  facet normal -0.582498 0.812832 0
    outer loop
      vertex 10.9577 -14.2804 0
      vertex 10.0003 -14.9665 125
      vertex 10.9577 -14.2804 125
    endloop
  endfacet
  facet normal -0.582498 0.812832 0
    outer loop
      vertex 10.0003 -14.9665 125
      vertex 10.9577 -14.2804 0
      vertex 10.0003 -14.9665 0
    endloop
  endfacet
  facet normal -0.77298 0.63443 0
    outer loop
      vertex 13.5331 -11.8682 0
      vertex 14.2804 -10.9577 125
      vertex 14.2804 -10.9577 0
    endloop
  endfacet
  facet normal -0.77298 0.63443 0
    outer loop
      vertex 14.2804 -10.9577 125
      vertex 13.5331 -11.8682 0
      vertex 13.5331 -11.8682 125
    endloop
  endfacet
  facet normal -0.812832 0.582498 0
    outer loop
      vertex 14.2804 -10.9577 0
      vertex 14.9665 -10.0003 125
      vertex 14.9665 -10.0003 0
    endloop
  endfacet
  facet normal -0.812832 0.582498 0
    outer loop
      vertex 14.9665 -10.0003 125
      vertex 14.2804 -10.9577 0
      vertex 14.2804 -10.9577 125
    endloop
  endfacet
  facet normal -0.910872 0.41269 0
    outer loop
      vertex 16.1437 -7.9612 0
      vertex 16.6298 -6.8883 125
      vertex 16.6298 -6.8883 0
    endloop
  endfacet
  facet normal -0.910872 0.41269 0
    outer loop
      vertex 16.6298 -6.8883 125
      vertex 16.1437 -7.9612 0
      vertex 16.1437 -7.9612 125
    endloop
  endfacet
  facet normal -0.935909 0.352242 0
    outer loop
      vertex 16.6298 -6.8883 0
      vertex 17.0447 -5.78591 125
      vertex 17.0447 -5.78591 0
    endloop
  endfacet
  facet normal -0.935909 0.352242 0
    outer loop
      vertex 17.0447 -5.78591 125
      vertex 16.6298 -6.8883 0
      vertex 16.6298 -6.8883 125
    endloop
  endfacet
  facet normal -0.98664 0.162917 0
    outer loop
      vertex 17.6541 -3.51163 0
      vertex 17.846 -2.34947 125
      vertex 17.846 -2.34947 0
    endloop
  endfacet
  facet normal -0.98664 0.162917 0
    outer loop
      vertex 17.846 -2.34947 125
      vertex 17.6541 -3.51163 0
      vertex 17.6541 -3.51163 125
    endloop
  endfacet
  facet normal -0.956922 0.290344 0
    outer loop
      vertex 17.0447 -5.78591 0
      vertex 17.3867 -4.65874 125
      vertex 17.3867 -4.65874 0
    endloop
  endfacet
  facet normal -0.956922 0.290344 0
    outer loop
      vertex 17.3867 -4.65874 125
      vertex 17.0447 -5.78591 0
      vertex 17.0447 -5.78591 125
    endloop
  endfacet
  facet normal 0.63443 0.77298 -0
    outer loop
      vertex -10.9577 -14.2804 0
      vertex -11.8682 -13.5331 125
      vertex -10.9577 -14.2804 125
    endloop
  endfacet
  facet normal 0.63443 0.77298 0
    outer loop
      vertex -11.8682 -13.5331 125
      vertex -10.9577 -14.2804 0
      vertex -11.8682 -13.5331 0
    endloop
  endfacet
  facet normal 0.471364 0.881939 -0
    outer loop
      vertex -7.9612 -16.1437 0
      vertex -9 -15.5885 125
      vertex -7.9612 -16.1437 125
    endloop
  endfacet
  facet normal 0.471364 0.881939 0
    outer loop
      vertex -9 -15.5885 125
      vertex -7.9612 -16.1437 0
      vertex -9 -15.5885 0
    endloop
  endfacet
  facet normal 0.227021 0.97389 -0
    outer loop
      vertex -3.51163 -17.6541 0
      vertex -4.65874 -17.3867 125
      vertex -3.51163 -17.6541 125
    endloop
  endfacet
  facet normal 0.227021 0.97389 0
    outer loop
      vertex -4.65874 -17.3867 125
      vertex -3.51163 -17.6541 0
      vertex -4.65874 -17.3867 0
    endloop
  endfacet
  facet normal 0.098057 0.995181 -0
    outer loop
      vertex -1.17726 -17.9615 0
      vertex -2.34947 -17.846 125
      vertex -1.17726 -17.9615 125
    endloop
  endfacet
  facet normal 0.098057 0.995181 0
    outer loop
      vertex -2.34947 -17.846 125
      vertex -1.17726 -17.9615 0
      vertex -2.34947 -17.846 0
    endloop
  endfacet
  facet normal 0.812832 0.582498 0
    outer loop
      vertex -14.2804 -10.9577 125
      vertex -14.9665 -10.0003 0
      vertex -14.9665 -10.0003 125
    endloop
  endfacet
  facet normal 0.812832 0.582498 0
    outer loop
      vertex -14.9665 -10.0003 0
      vertex -14.2804 -10.9577 125
      vertex -14.2804 -10.9577 0
    endloop
  endfacet
  facet normal 0.849212 0.528052 0
    outer loop
      vertex -14.9665 -10.0003 125
      vertex -15.5885 -9 0
      vertex -15.5885 -9 125
    endloop
  endfacet
  facet normal 0.849212 0.528052 0
    outer loop
      vertex -15.5885 -9 0
      vertex -14.9665 -10.0003 125
      vertex -14.9665 -10.0003 0
    endloop
  endfacet
  facet normal 0.935909 0.352242 0
    outer loop
      vertex -16.6298 -6.8883 125
      vertex -17.0447 -5.78591 0
      vertex -17.0447 -5.78591 125
    endloop
  endfacet
  facet normal 0.935909 0.352242 0
    outer loop
      vertex -17.0447 -5.78591 0
      vertex -16.6298 -6.8883 125
      vertex -16.6298 -6.8883 0
    endloop
  endfacet
  facet normal 0.956922 0.290344 0
    outer loop
      vertex -17.0447 -5.78591 125
      vertex -17.3867 -4.65874 0
      vertex -17.3867 -4.65874 125
    endloop
  endfacet
  facet normal 0.956922 0.290344 0
    outer loop
      vertex -17.3867 -4.65874 0
      vertex -17.0447 -5.78591 125
      vertex -17.0447 -5.78591 0
    endloop
  endfacet
  facet normal 0.98664 0.162917 0
    outer loop
      vertex -17.6541 -3.51163 125
      vertex -17.846 -2.34947 0
      vertex -17.846 -2.34947 125
    endloop
  endfacet
  facet normal 0.98664 0.162917 0
    outer loop
      vertex -17.846 -2.34947 0
      vertex -17.6541 -3.51163 125
      vertex -17.6541 -3.51163 0
    endloop
  endfacet
  facet normal 0.999466 0.0326856 0
    outer loop
      vertex -17.9615 -1.17726 125
      vertex -18 0 0
      vertex -18 0 125
    endloop
  endfacet
  facet normal 0.999466 0.0326856 0
    outer loop
      vertex -18 0 0
      vertex -17.9615 -1.17726 125
      vertex -17.9615 -1.17726 0
    endloop
  endfacet
  facet normal -0.729863 -0.683594 0
    outer loop
      vertex 13.5331 11.8682 0
      vertex 12.7279 12.7279 125
      vertex 12.7279 12.7279 0
    endloop
  endfacet
  facet normal -0.729863 -0.683594 0
    outer loop
      vertex 12.7279 12.7279 125
      vertex 13.5331 11.8682 0
      vertex 13.5331 11.8682 125
    endloop
  endfacet
  facet normal 0.812832 -0.582498 0
    outer loop
      vertex -14.9665 10.0003 125
      vertex -14.2804 10.9577 0
      vertex -14.2804 10.9577 125
    endloop
  endfacet
  facet normal 0.812832 -0.582498 0
    outer loop
      vertex -14.2804 10.9577 0
      vertex -14.9665 10.0003 125
      vertex -14.9665 10.0003 0
    endloop
  endfacet
  facet normal 0.77298 -0.63443 0
    outer loop
      vertex -14.2804 10.9577 125
      vertex -13.5331 11.8682 0
      vertex -13.5331 11.8682 125
    endloop
  endfacet
  facet normal 0.77298 -0.63443 0
    outer loop
      vertex -13.5331 11.8682 0
      vertex -14.2804 10.9577 125
      vertex -14.2804 10.9577 0
    endloop
  endfacet
  facet normal 0.729863 -0.683594 0
    outer loop
      vertex -13.5331 11.8682 125
      vertex -12.7279 12.7279 0
      vertex -12.7279 12.7279 125
    endloop
  endfacet
  facet normal 0.729863 -0.683594 0
    outer loop
      vertex -12.7279 12.7279 0
      vertex -13.5331 11.8682 125
      vertex -13.5331 11.8682 0
    endloop
  endfacet
  facet normal 0.881939 -0.471364 0
    outer loop
      vertex -16.1437 7.9612 125
      vertex -15.5885 9 0
      vertex -15.5885 9 125
    endloop
  endfacet
  facet normal 0.881939 -0.471364 0
    outer loop
      vertex -15.5885 9 0
      vertex -16.1437 7.9612 125
      vertex -16.1437 7.9612 0
    endloop
  endfacet
  facet normal 0.41269 -0.910872 0
    outer loop
      vertex -7.9612 16.1437 0
      vertex -6.8883 16.6298 125
      vertex -7.9612 16.1437 125
    endloop
  endfacet
  facet normal 0.41269 -0.910872 0
    outer loop
      vertex -6.8883 16.6298 125
      vertex -7.9612 16.1437 0
      vertex -6.8883 16.6298 0
    endloop
  endfacet
  facet normal 0.290344 -0.956922 0
    outer loop
      vertex -5.78591 17.0447 0
      vertex -4.65874 17.3867 125
      vertex -5.78591 17.0447 125
    endloop
  endfacet
  facet normal 0.290344 -0.956922 0
    outer loop
      vertex -4.65874 17.3867 125
      vertex -5.78591 17.0447 0
      vertex -4.65874 17.3867 0
    endloop
  endfacet
  facet normal -0.098057 0.995181 0
    outer loop
      vertex 2.34947 -17.846 0
      vertex 1.17726 -17.9615 125
      vertex 2.34947 -17.846 125
    endloop
  endfacet
  facet normal -0.098057 0.995181 0
    outer loop
      vertex 1.17726 -17.9615 125
      vertex 2.34947 -17.846 0
      vertex 1.17726 -17.9615 0
    endloop
  endfacet
  facet normal -0.290344 0.956922 0
    outer loop
      vertex 5.78591 -17.0447 0
      vertex 4.65874 -17.3867 125
      vertex 5.78591 -17.0447 125
    endloop
  endfacet
  facet normal -0.290344 0.956922 0
    outer loop
      vertex 4.65874 -17.3867 125
      vertex 5.78591 -17.0447 0
      vertex 4.65874 -17.3867 0
    endloop
  endfacet
  facet normal -0.995181 0.098057 0
    outer loop
      vertex 17.846 -2.34947 0
      vertex 17.9615 -1.17726 125
      vertex 17.9615 -1.17726 0
    endloop
  endfacet
  facet normal -0.995181 0.098057 0
    outer loop
      vertex 17.9615 -1.17726 125
      vertex 17.846 -2.34947 0
      vertex 17.846 -2.34947 125
    endloop
  endfacet
  facet normal 0.41269 0.910872 -0
    outer loop
      vertex -6.8883 -16.6298 0
      vertex -7.9612 -16.1437 125
      vertex -6.8883 -16.6298 125
    endloop
  endfacet
  facet normal 0.41269 0.910872 0
    outer loop
      vertex -7.9612 -16.1437 125
      vertex -6.8883 -16.6298 0
      vertex -7.9612 -16.1437 0
    endloop
  endfacet
  facet normal 0.290344 0.956922 -0
    outer loop
      vertex -4.65874 -17.3867 0
      vertex -5.78591 -17.0447 125
      vertex -4.65874 -17.3867 125
    endloop
  endfacet
  facet normal 0.290344 0.956922 0
    outer loop
      vertex -5.78591 -17.0447 125
      vertex -4.65874 -17.3867 0
      vertex -5.78591 -17.0447 0
    endloop
  endfacet
  facet normal 0.77298 0.63443 0
    outer loop
      vertex -13.5331 -11.8682 125
      vertex -14.2804 -10.9577 0
      vertex -14.2804 -10.9577 125
    endloop
  endfacet
  facet normal 0.77298 0.63443 0
    outer loop
      vertex -14.2804 -10.9577 0
      vertex -13.5331 -11.8682 125
      vertex -13.5331 -11.8682 0
    endloop
  endfacet
  facet normal 0.881939 0.471364 0
    outer loop
      vertex -15.5885 -9 125
      vertex -16.1437 -7.9612 0
      vertex -16.1437 -7.9612 125
    endloop
  endfacet
  facet normal 0.881939 0.471364 0
    outer loop
      vertex -16.1437 -7.9612 0
      vertex -15.5885 -9 125
      vertex -15.5885 -9 0
    endloop
  endfacet
  facet normal 0.995181 0.098057 0
    outer loop
      vertex -17.846 -2.34947 125
      vertex -17.9615 -1.17726 0
      vertex -17.9615 -1.17726 125
    endloop
  endfacet
  facet normal 0.995181 0.098057 0
    outer loop
      vertex -17.9615 -1.17726 0
      vertex -17.846 -2.34947 125
      vertex -17.846 -2.34947 0
    endloop
  endfacet
  facet normal -0.999466 0.0326856 0
    outer loop
      vertex 17.9615 -1.17726 0
      vertex 18 0 125
      vertex 18 0 0
    endloop
  endfacet
  facet normal -0.999466 0.0326856 0
    outer loop
      vertex 18 0 125
      vertex 17.9615 -1.17726 0
      vertex 17.9615 -1.17726 125
    endloop
  endfacet
endsolid OpenSCAD_Model
