solid OpenSCAD_Model
  facet normal 0.63437 0.77303 -0
    outer loop
      vertex 15.165 17.2923 0
      vertex 14.0015 18.2471 6
      vertex 15.165 17.2923 6
    endloop
  endfacet
  facet normal 0.63437 0.77303 0
    outer loop
      vertex 14.0015 18.2471 6
      vertex 15.165 17.2923 0
      vertex 14.0015 18.2471 0
    endloop
  endfacet
  facet normal -0.352271 0.935898 0
    outer loop
      vertex -7.39311 21.7794 0
      vertex -8.80172 21.2492 6
      vertex -7.39311 21.7794 6
    endloop
  endfacet
  facet normal -0.352271 0.935898 0
    outer loop
      vertex -8.80172 21.2492 6
      vertex -7.39311 21.7794 0
      vertex -8.80172 21.2492 0
    endloop
  endfacet
  facet normal -0.910873 0.412686 0
    outer loop
      vertex -21.2492 8.80172 0
      vertex -20.6281 10.1726 6
      vertex -20.6281 10.1726 0
    endloop
  endfacet
  facet normal -0.910873 0.412686 0
    outer loop
      vertex -20.6281 10.1726 6
      vertex -21.2492 8.80172 0
      vertex -21.2492 8.80172 6
    endloop
  endfacet
  facet normal 0.999466 -0.0326894 0
    outer loop
      vertex 22.9508 -1.50427 6
      vertex 23 0 0
      vertex 23 0 6
    endloop
  endfacet
  facet normal 0.999466 -0.0326894 0
    outer loop
      vertex 23 0 0
      vertex 22.9508 -1.50427 6
      vertex 22.9508 -1.50427 0
    endloop
  endfacet
  facet normal 0.881924 0.471392 0
    outer loop
      vertex 20.6281 10.1726 6
      vertex 19.9186 11.5 0
      vertex 19.9186 11.5 6
    endloop
  endfacet
  facet normal 0.881924 0.471392 0
    outer loop
      vertex 19.9186 11.5 0
      vertex 20.6281 10.1726 6
      vertex 20.6281 10.1726 0
    endloop
  endfacet
  facet normal 0.412686 0.910873 -0
    outer loop
      vertex 10.1726 20.6281 0
      vertex 8.80172 21.2492 6
      vertex 10.1726 20.6281 6
    endloop
  endfacet
  facet normal 0.412686 0.910873 0
    outer loop
      vertex 8.80172 21.2492 6
      vertex 10.1726 20.6281 0
      vertex 8.80172 21.2492 0
    endloop
  endfacet
  facet normal -0.729883 0.683572 0
    outer loop
      vertex -17.2923 15.165 0
      vertex -16.2635 16.2635 6
      vertex -16.2635 16.2635 0
    endloop
  endfacet
  facet normal -0.729883 0.683572 0
    outer loop
      vertex -16.2635 16.2635 6
      vertex -17.2923 15.165 0
      vertex -17.2923 15.165 6
    endloop
  endfacet
  facet normal -0.162849 0.986651 0
    outer loop
      vertex -3.0021 22.8032 0
      vertex -4.48708 22.5581 6
      vertex -3.0021 22.8032 6
    endloop
  endfacet
  facet normal -0.162849 0.986651 0
    outer loop
      vertex -4.48708 22.5581 6
      vertex -3.0021 22.8032 0
      vertex -4.48708 22.5581 0
    endloop
  endfacet
  facet normal 0.935898 -0.352271 0
    outer loop
      vertex 21.2492 -8.80172 6
      vertex 21.7794 -7.39311 0
      vertex 21.7794 -7.39311 6
    endloop
  endfacet
  facet normal 0.935898 -0.352271 0
    outer loop
      vertex 21.7794 -7.39311 0
      vertex 21.2492 -8.80172 6
      vertex 21.2492 -8.80172 0
    endloop
  endfacet
  facet normal -0.683572 -0.729883 0
    outer loop
      vertex -16.2635 -16.2635 0
      vertex -15.165 -17.2923 6
      vertex -16.2635 -16.2635 6
    endloop
  endfacet
  facet normal -0.683572 -0.729883 -0
    outer loop
      vertex -15.165 -17.2923 6
      vertex -16.2635 -16.2635 0
      vertex -15.165 -17.2923 0
    endloop
  endfacet
  facet normal 0 0 -1
    outer loop
      vertex 19.1901 0 0
      vertex 23 0 0
      vertex 22.9508 -1.50427 0
    endloop
  endfacet
  facet normal 0 0 -1
    outer loop
      vertex 19.148 -1.26478 0
      vertex 22.9508 -1.50427 0
      vertex 22.8032 -3.0021 0
    endloop
  endfacet
  facet normal 0 0 -1
    outer loop
      vertex 23 0 0
      vertex 19.1901 0 0
      vertex 22.9508 1.50427 0
    endloop
  endfacet
  facet normal 0 0 -1
    outer loop
      vertex 19.0243 -2.51441 0
      vertex 22.8032 -3.0021 0
      vertex 22.5581 -4.48708 0
    endloop
  endfacet
  facet normal 0 0 -1
    outer loop
      vertex 19.1493 1.24536 0
      vertex 22.9508 1.50427 0
      vertex 19.1901 0 0
    endloop
  endfacet
  facet normal 0 0 -1
    outer loop
      vertex 18.8214 -3.7438 0
      vertex 22.5581 -4.48708 0
      vertex 22.2163 -5.95284 0
    endloop
  endfacet
  facet normal 0 0 -1
    outer loop
      vertex 19.149 1.25509 0
      vertex 22.9508 1.50427 0
      vertex 19.1493 1.24536 0
    endloop
  endfacet
  facet normal 0 0 -1
    outer loop
      vertex 18.5362 -4.96676 0
      vertex 22.2163 -5.95284 0
      vertex 21.7794 -7.39311 0
    endloop
  endfacet
  facet normal 0 0 -1
    outer loop
      vertex 19.148 1.26478 0
      vertex 22.9508 1.50427 0
      vertex 19.149 1.25509 0
    endloop
  endfacet
  facet normal 0 0 -1
    outer loop
      vertex 18.1682 -6.17756 0
      vertex 21.7794 -7.39311 0
      vertex 21.2492 -8.80172 0
    endloop
  endfacet
  facet normal -0 0 -1
    outer loop
      vertex 22.9508 1.50427 0
      vertex 19.148 1.26478 0
      vertex 22.8032 3.0021 0
    endloop
  endfacet
  facet normal 0 0 -1
    outer loop
      vertex 17.7293 -7.34373 0
      vertex 21.2492 -8.80172 0
      vertex 20.6281 -10.1726 0
    endloop
  endfacet
  facet normal 0 0 -1
    outer loop
      vertex 19.0259 2.50481 0
      vertex 22.8032 3.0021 0
      vertex 19.148 1.26478 0
    endloop
  endfacet
  facet normal 0 0 -1
    outer loop
      vertex 17.2065 -8.49614 0
      vertex 20.6281 -10.1726 0
      vertex 19.9186 -11.5 0
    endloop
  endfacet
  facet normal 0 0 -1
    outer loop
      vertex 19.0243 2.51441 0
      vertex 22.8032 3.0021 0
      vertex 19.0259 2.50481 0
    endloop
  endfacet
  facet normal -0 0 -1
    outer loop
      vertex 22.8032 3.0021 0
      vertex 19.0243 2.51441 0
      vertex 22.5581 4.48708 0
    endloop
  endfacet
  facet normal 0 0 -1
    outer loop
      vertex 22.9508 -1.50427 0
      vertex 19.1493 -1.24536 0
      vertex 19.1901 0 0
    endloop
  endfacet
  facet normal 0 0 -1
    outer loop
      vertex 22.9508 -1.50427 0
      vertex 19.149 -1.25509 0
      vertex 19.1493 -1.24536 0
    endloop
  endfacet
  facet normal 0 0 -1
    outer loop
      vertex 22.9508 -1.50427 0
      vertex 19.148 -1.26478 0
      vertex 19.149 -1.25509 0
    endloop
  endfacet
  facet normal 0 0 -1
    outer loop
      vertex 16.6191 -9.59504 0
      vertex 19.9186 -11.5 0
      vertex 19.1238 -12.7781 0
    endloop
  endfacet
  facet normal 0 0 -1
    outer loop
      vertex 22.8032 -3.0021 0
      vertex 19.0259 -2.50481 0
      vertex 19.148 -1.26478 0
    endloop
  endfacet
  facet normal 0 0 -1
    outer loop
      vertex 22.8032 -3.0021 0
      vertex 19.0243 -2.51441 0
      vertex 19.0259 -2.50481 0
    endloop
  endfacet
  facet normal 0 0 -1
    outer loop
      vertex 22.5581 -4.48708 0
      vertex 18.8214 -3.7438 0
      vertex 19.0243 -2.51441 0
    endloop
  endfacet
  facet normal 0 0 -1
    outer loop
      vertex 22.2163 -5.95284 0
      vertex 18.5384 -4.95728 0
      vertex 18.8214 -3.7438 0
    endloop
  endfacet
  facet normal 0 0 -1
    outer loop
      vertex 22.2163 -5.95284 0
      vertex 18.5362 -4.96676 0
      vertex 18.5384 -4.95728 0
    endloop
  endfacet
  facet normal 0 0 -1
    outer loop
      vertex 15.956 -10.6614 0
      vertex 19.1238 -12.7781 0
      vertex 18.2471 -14.0015 0
    endloop
  endfacet
  facet normal 0 0 -1
    outer loop
      vertex 21.7794 -7.39311 0
      vertex 18.1745 -6.15914 0
      vertex 18.5362 -4.96676 0
    endloop
  endfacet
  facet normal 0 0 -1
    outer loop
      vertex 21.7794 -7.39311 0
      vertex 18.1717 -6.16845 0
      vertex 18.1745 -6.15914 0
    endloop
  endfacet
  facet normal 0 0 -1
    outer loop
      vertex 21.7794 -7.39311 0
      vertex 18.1682 -6.17756 0
      vertex 18.1717 -6.16845 0
    endloop
  endfacet
  facet normal 0 0 -1
    outer loop
      vertex 21.2492 -8.80172 0
      vertex 17.7293 -7.34373 0
      vertex 18.1682 -6.17756 0
    endloop
  endfacet
  facet normal 0 0 -1
    outer loop
      vertex 15.2183 -11.6897 0
      vertex 18.2471 -14.0015 0
      vertex 17.2923 -15.165 0
    endloop
  endfacet
  facet normal 0 0 -1
    outer loop
      vertex 20.6281 -10.1726 0
      vertex 17.2151 -8.47869 0
      vertex 17.7293 -7.34373 0
    endloop
  endfacet
  facet normal 0 0 -1
    outer loop
      vertex 20.6281 -10.1726 0
      vertex 17.2111 -8.48756 0
      vertex 17.2151 -8.47869 0
    endloop
  endfacet
  facet normal 0 0 -1
    outer loop
      vertex 20.6281 -10.1726 0
      vertex 17.2065 -8.49614 0
      vertex 17.2111 -8.48756 0
    endloop
  endfacet
  facet normal 0 0 -1
    outer loop
      vertex 19.9186 -11.5 0
      vertex 16.6191 -9.59504 0
      vertex 17.2065 -8.49614 0
    endloop
  endfacet
  facet normal 0 0 -1
    outer loop
      vertex 14.4279 -12.6529 0
      vertex 17.2923 -15.165 0
      vertex 16.2635 -16.2635 0
    endloop
  endfacet
  facet normal 0 0 -1
    outer loop
      vertex 19.1238 -12.7781 0
      vertex 15.9611 -10.6532 0
      vertex 16.6191 -9.59504 0
    endloop
  endfacet
  facet normal 0 0 -1
    outer loop
      vertex 19.1238 -12.7781 0
      vertex 15.956 -10.6614 0
      vertex 15.9611 -10.6532 0
    endloop
  endfacet
  facet normal 0 0 -1
    outer loop
      vertex 18.2471 -14.0015 0
      vertex 15.2302 -11.6743 0
      vertex 15.956 -10.6614 0
    endloop
  endfacet
  facet normal 0 0 -1
    outer loop
      vertex 18.2471 -14.0015 0
      vertex 15.2245 -11.6822 0
      vertex 15.2302 -11.6743 0
    endloop
  endfacet
  facet normal 0 0 -1
    outer loop
      vertex 18.2471 -14.0015 0
      vertex 15.2183 -11.6897 0
      vertex 15.2245 -11.6822 0
    endloop
  endfacet
  facet normal 0 0 -1
    outer loop
      vertex 13.5623 -13.5761 0
      vertex 16.2635 -16.2635 0
      vertex 15.165 -17.2923 0
    endloop
  endfacet
  facet normal 0 0 -1
    outer loop
      vertex 17.2923 -15.165 0
      vertex 14.4279 -12.6529 0
      vertex 15.2183 -11.6897 0
    endloop
  endfacet
  facet normal 0 0 -1
    outer loop
      vertex 12.6529 -14.4279 0
      vertex 15.165 -17.2923 0
      vertex 14.0015 -18.2471 0
    endloop
  endfacet
  facet normal 0 0 -1
    outer loop
      vertex 16.2635 -16.2635 0
      vertex 13.5761 -13.5623 0
      vertex 14.4279 -12.6529 0
    endloop
  endfacet
  facet normal 0 0 -1
    outer loop
      vertex 16.2635 -16.2635 0
      vertex 13.5694 -13.5694 0
      vertex 13.5761 -13.5623 0
    endloop
  endfacet
  facet normal 0 0 -1
    outer loop
      vertex 16.2635 -16.2635 0
      vertex 13.5623 -13.5761 0
      vertex 13.5694 -13.5694 0
    endloop
  endfacet
  facet normal 0 0 -1
    outer loop
      vertex 11.6743 -15.2302 0
      vertex 14.0015 -18.2471 0
      vertex 12.7781 -19.1238 0
    endloop
  endfacet
  facet normal 0 0 -1
    outer loop
      vertex 15.165 -17.2923 0
      vertex 12.6529 -14.4279 0
      vertex 13.5623 -13.5761 0
    endloop
  endfacet
  facet normal 0 0 -1
    outer loop
      vertex 14.0015 -18.2471 0
      vertex 11.6897 -15.2183 0
      vertex 12.6529 -14.4279 0
    endloop
  endfacet
  facet normal 0 0 -1
    outer loop
      vertex 14.0015 -18.2471 0
      vertex 11.6822 -15.2245 0
      vertex 11.6897 -15.2183 0
    endloop
  endfacet
  facet normal 0 0 -1
    outer loop
      vertex 14.0015 -18.2471 0
      vertex 11.6743 -15.2302 0
      vertex 11.6822 -15.2245 0
    endloop
  endfacet
  facet normal 0 0 -1
    outer loop
      vertex 10.6532 -15.9611 0
      vertex 12.7781 -19.1238 0
      vertex 11.5 -19.9186 0
    endloop
  endfacet
  facet normal 0 0 -1
    outer loop
      vertex 12.7781 -19.1238 0
      vertex 10.6614 -15.956 0
      vertex 11.6743 -15.2302 0
    endloop
  endfacet
  facet normal 0 0 -1
    outer loop
      vertex 12.7781 -19.1238 0
      vertex 10.6532 -15.9611 0
      vertex 10.6614 -15.956 0
    endloop
  endfacet
  facet normal 0 0 -1
    outer loop
      vertex 9.59504 -16.6191 0
      vertex 11.5 -19.9186 0
      vertex 10.1726 -20.6281 0
    endloop
  endfacet
  facet normal 0 0 -1
    outer loop
      vertex 11.5 -19.9186 0
      vertex 9.59504 -16.6191 0
      vertex 10.6532 -15.9611 0
    endloop
  endfacet
  facet normal 0 0 -1
    outer loop
      vertex 8.47869 -17.2151 0
      vertex 10.1726 -20.6281 0
      vertex 8.80172 -21.2492 0
    endloop
  endfacet
  facet normal 0 0 -1
    outer loop
      vertex 10.1726 -20.6281 0
      vertex 8.49614 -17.2065 0
      vertex 9.59504 -16.6191 0
    endloop
  endfacet
  facet normal 0 0 -1
    outer loop
      vertex 10.1726 -20.6281 0
      vertex 8.48756 -17.2111 0
      vertex 8.49614 -17.2065 0
    endloop
  endfacet
  facet normal 0 0 -1
    outer loop
      vertex 10.1726 -20.6281 0
      vertex 8.47869 -17.2151 0
      vertex 8.48756 -17.2111 0
    endloop
  endfacet
  facet normal 0 0 -1
    outer loop
      vertex 7.34373 -17.7293 0
      vertex 8.80172 -21.2492 0
      vertex 7.39311 -21.7794 0
    endloop
  endfacet
  facet normal 0 0 -1
    outer loop
      vertex 8.80172 -21.2492 0
      vertex 7.34373 -17.7293 0
      vertex 8.47869 -17.2151 0
    endloop
  endfacet
  facet normal 0 0 -1
    outer loop
      vertex 7.39311 -21.7794 0
      vertex 6.17756 -18.1682 0
      vertex 7.34373 -17.7293 0
    endloop
  endfacet
  facet normal 0 0 -1
    outer loop
      vertex 7.39311 -21.7794 0
      vertex 6.16845 -18.1717 0
      vertex 6.17756 -18.1682 0
    endloop
  endfacet
  facet normal 0 0 -1
    outer loop
      vertex 7.39311 -21.7794 0
      vertex 6.15914 -18.1745 0
      vertex 6.16845 -18.1717 0
    endloop
  endfacet
  facet normal 0 0 -1
    outer loop
      vertex 5.95284 -22.2163 0
      vertex 6.15914 -18.1745 0
      vertex 7.39311 -21.7794 0
    endloop
  endfacet
  facet normal 0 0 -1
    outer loop
      vertex 5.95284 -22.2163 0
      vertex 4.96676 -18.5362 0
      vertex 6.15914 -18.1745 0
    endloop
  endfacet
  facet normal 0 0 -1
    outer loop
      vertex 5.95284 -22.2163 0
      vertex 4.95728 -18.5384 0
      vertex 4.96676 -18.5362 0
    endloop
  endfacet
  facet normal 0 0 -1
    outer loop
      vertex 4.48708 -22.5581 0
      vertex 4.95728 -18.5384 0
      vertex 5.95284 -22.2163 0
    endloop
  endfacet
  facet normal 0 0 -1
    outer loop
      vertex 4.48708 -22.5581 0
      vertex 3.7438 -18.8214 0
      vertex 4.95728 -18.5384 0
    endloop
  endfacet
  facet normal 0 0 -1
    outer loop
      vertex 3.0021 -22.8032 0
      vertex 3.7438 -18.8214 0
      vertex 4.48708 -22.5581 0
    endloop
  endfacet
  facet normal 0 0 -1
    outer loop
      vertex 3.0021 -22.8032 0
      vertex 2.51441 -19.0243 0
      vertex 3.7438 -18.8214 0
    endloop
  endfacet
  facet normal 0 0 -1
    outer loop
      vertex 3.0021 -22.8032 0
      vertex 2.50481 -19.0259 0
      vertex 2.51441 -19.0243 0
    endloop
  endfacet
  facet normal 0 0 -1
    outer loop
      vertex 1.50427 -22.9508 0
      vertex 2.50481 -19.0259 0
      vertex 3.0021 -22.8032 0
    endloop
  endfacet
  facet normal 0 0 -1
    outer loop
      vertex 1.50427 -22.9508 0
      vertex 1.26478 -19.148 0
      vertex 2.50481 -19.0259 0
    endloop
  endfacet
  facet normal 0 0 -1
    outer loop
      vertex 1.50427 -22.9508 0
      vertex 1.25509 -19.149 0
      vertex 1.26478 -19.148 0
    endloop
  endfacet
  facet normal 0 0 -1
    outer loop
      vertex 1.50427 -22.9508 0
      vertex 1.24536 -19.1493 0
      vertex 1.25509 -19.149 0
    endloop
  endfacet
  facet normal 0 0 -1
    outer loop
      vertex 0 -23 0
      vertex 1.24536 -19.1493 0
      vertex 1.50427 -22.9508 0
    endloop
  endfacet
  facet normal 0 0 -1
    outer loop
      vertex 0 -23 0
      vertex 0 -19.1901 0
      vertex 1.24536 -19.1493 0
    endloop
  endfacet
  facet normal 0 0 -1
    outer loop
      vertex 0 -23 0
      vertex -1.24536 -19.1493 0
      vertex 0 -19.1901 0
    endloop
  endfacet
  facet normal 0 0 -1
    outer loop
      vertex -1.50427 -22.9508 0
      vertex -1.24536 -19.1493 0
      vertex 0 -23 0
    endloop
  endfacet
  facet normal -0 0 -1
    outer loop
      vertex -1.24536 -19.1493 0
      vertex -1.50427 -22.9508 0
      vertex -1.25509 -19.149 0
    endloop
  endfacet
  facet normal -0 0 -1
    outer loop
      vertex -1.25509 -19.149 0
      vertex -1.50427 -22.9508 0
      vertex -1.26478 -19.148 0
    endloop
  endfacet
  facet normal 0 0 -1
    outer loop
      vertex -1.50427 -22.9508 0
      vertex -2.50481 -19.0259 0
      vertex -1.26478 -19.148 0
    endloop
  endfacet
  facet normal 0 0 -1
    outer loop
      vertex -3.0021 -22.8032 0
      vertex -2.50481 -19.0259 0
      vertex -1.50427 -22.9508 0
    endloop
  endfacet
  facet normal -0 0 -1
    outer loop
      vertex -2.50481 -19.0259 0
      vertex -3.0021 -22.8032 0
      vertex -2.51441 -19.0243 0
    endloop
  endfacet
  facet normal 0 0 -1
    outer loop
      vertex -3.0021 -22.8032 0
      vertex -3.7438 -18.8214 0
      vertex -2.51441 -19.0243 0
    endloop
  endfacet
  facet normal 0 0 -1
    outer loop
      vertex -4.48708 -22.5581 0
      vertex -3.7438 -18.8214 0
      vertex -3.0021 -22.8032 0
    endloop
  endfacet
  facet normal 0 0 -1
    outer loop
      vertex -4.48708 -22.5581 0
      vertex -4.95728 -18.5384 0
      vertex -3.7438 -18.8214 0
    endloop
  endfacet
  facet normal 0 0 -1
    outer loop
      vertex -5.95284 -22.2163 0
      vertex -4.95728 -18.5384 0
      vertex -4.48708 -22.5581 0
    endloop
  endfacet
  facet normal -0 0 -1
    outer loop
      vertex -4.95728 -18.5384 0
      vertex -5.95284 -22.2163 0
      vertex -4.96676 -18.5362 0
    endloop
  endfacet
  facet normal 0 0 -1
    outer loop
      vertex -5.95284 -22.2163 0
      vertex -6.15914 -18.1745 0
      vertex -4.96676 -18.5362 0
    endloop
  endfacet
  facet normal 0 0 -1
    outer loop
      vertex -7.39311 -21.7794 0
      vertex -6.15914 -18.1745 0
      vertex -5.95284 -22.2163 0
    endloop
  endfacet
  facet normal -0 0 -1
    outer loop
      vertex -6.15914 -18.1745 0
      vertex -7.39311 -21.7794 0
      vertex -6.16845 -18.1717 0
    endloop
  endfacet
  facet normal -0 0 -1
    outer loop
      vertex -6.16845 -18.1717 0
      vertex -7.39311 -21.7794 0
      vertex -6.17756 -18.1682 0
    endloop
  endfacet
  facet normal -0 0 -1
    outer loop
      vertex -6.17756 -18.1682 0
      vertex -7.39311 -21.7794 0
      vertex -7.34373 -17.7293 0
    endloop
  endfacet
  facet normal 0 0 -1
    outer loop
      vertex -8.80172 -21.2492 0
      vertex -7.34373 -17.7293 0
      vertex -7.39311 -21.7794 0
    endloop
  endfacet
  facet normal -0 0 -1
    outer loop
      vertex -7.34373 -17.7293 0
      vertex -8.80172 -21.2492 0
      vertex -8.47869 -17.2151 0
    endloop
  endfacet
  facet normal 0 0 -1
    outer loop
      vertex -10.1726 -20.6281 0
      vertex -8.47869 -17.2151 0
      vertex -8.80172 -21.2492 0
    endloop
  endfacet
  facet normal -0 0 -1
    outer loop
      vertex -8.47869 -17.2151 0
      vertex -10.1726 -20.6281 0
      vertex -8.48756 -17.2111 0
    endloop
  endfacet
  facet normal -0 0 -1
    outer loop
      vertex -8.48756 -17.2111 0
      vertex -10.1726 -20.6281 0
      vertex -8.49614 -17.2065 0
    endloop
  endfacet
  facet normal -0 0 -1
    outer loop
      vertex -8.49614 -17.2065 0
      vertex -10.1726 -20.6281 0
      vertex -9.59504 -16.6191 0
    endloop
  endfacet
  facet normal 0 0 -1
    outer loop
      vertex -11.5 -19.9186 0
      vertex -9.59504 -16.6191 0
      vertex -10.1726 -20.6281 0
    endloop
  endfacet
  facet normal -0 0 -1
    outer loop
      vertex -9.59504 -16.6191 0
      vertex -11.5 -19.9186 0
      vertex -10.6532 -15.9611 0
    endloop
  endfacet
  facet normal 0 0 -1
    outer loop
      vertex -12.7781 -19.1238 0
      vertex -10.6532 -15.9611 0
      vertex -11.5 -19.9186 0
    endloop
  endfacet
  facet normal -0 0 -1
    outer loop
      vertex -10.6532 -15.9611 0
      vertex -12.7781 -19.1238 0
      vertex -10.6614 -15.956 0
    endloop
  endfacet
  facet normal -0 0 -1
    outer loop
      vertex -10.6614 -15.956 0
      vertex -12.7781 -19.1238 0
      vertex -11.6743 -15.2302 0
    endloop
  endfacet
  facet normal 0 0 -1
    outer loop
      vertex -14.0015 -18.2471 0
      vertex -11.6743 -15.2302 0
      vertex -12.7781 -19.1238 0
    endloop
  endfacet
  facet normal -0 0 -1
    outer loop
      vertex -11.6743 -15.2302 0
      vertex -14.0015 -18.2471 0
      vertex -11.6822 -15.2245 0
    endloop
  endfacet
  facet normal -0 0 -1
    outer loop
      vertex -11.6822 -15.2245 0
      vertex -14.0015 -18.2471 0
      vertex -11.6897 -15.2183 0
    endloop
  endfacet
  facet normal -0 0 -1
    outer loop
      vertex -11.6897 -15.2183 0
      vertex -14.0015 -18.2471 0
      vertex -12.6529 -14.4279 0
    endloop
  endfacet
  facet normal 0 0 -1
    outer loop
      vertex -15.165 -17.2923 0
      vertex -12.6529 -14.4279 0
      vertex -14.0015 -18.2471 0
    endloop
  endfacet
  facet normal -0 0 -1
    outer loop
      vertex -12.6529 -14.4279 0
      vertex -15.165 -17.2923 0
      vertex -13.5623 -13.5761 0
    endloop
  endfacet
  facet normal 0 0 -1
    outer loop
      vertex -16.2635 -16.2635 0
      vertex -13.5623 -13.5761 0
      vertex -15.165 -17.2923 0
    endloop
  endfacet
  facet normal -0 0 -1
    outer loop
      vertex -13.5623 -13.5761 0
      vertex -16.2635 -16.2635 0
      vertex -13.5694 -13.5694 0
    endloop
  endfacet
  facet normal -0 0 -1
    outer loop
      vertex -13.5694 -13.5694 0
      vertex -16.2635 -16.2635 0
      vertex -13.5761 -13.5623 0
    endloop
  endfacet
  facet normal -0 0 -1
    outer loop
      vertex -13.5761 -13.5623 0
      vertex -16.2635 -16.2635 0
      vertex -14.4279 -12.6529 0
    endloop
  endfacet
  facet normal 0 0 -1
    outer loop
      vertex -17.2923 -15.165 0
      vertex -14.4279 -12.6529 0
      vertex -16.2635 -16.2635 0
    endloop
  endfacet
  facet normal -0 0 -1
    outer loop
      vertex -14.4279 -12.6529 0
      vertex -17.2923 -15.165 0
      vertex -15.2183 -11.6897 0
    endloop
  endfacet
  facet normal 0 0 -1
    outer loop
      vertex -18.2471 -14.0015 0
      vertex -15.2183 -11.6897 0
      vertex -17.2923 -15.165 0
    endloop
  endfacet
  facet normal -0 0 -1
    outer loop
      vertex -15.2183 -11.6897 0
      vertex -18.2471 -14.0015 0
      vertex -15.2245 -11.6822 0
    endloop
  endfacet
  facet normal -0 0 -1
    outer loop
      vertex -15.2245 -11.6822 0
      vertex -18.2471 -14.0015 0
      vertex -15.2302 -11.6743 0
    endloop
  endfacet
  facet normal -0 0 -1
    outer loop
      vertex -15.2302 -11.6743 0
      vertex -18.2471 -14.0015 0
      vertex -15.956 -10.6614 0
    endloop
  endfacet
  facet normal 0 0 -1
    outer loop
      vertex -19.1238 -12.7781 0
      vertex -15.956 -10.6614 0
      vertex -18.2471 -14.0015 0
    endloop
  endfacet
  facet normal -0 0 -1
    outer loop
      vertex -15.956 -10.6614 0
      vertex -19.1238 -12.7781 0
      vertex -15.9611 -10.6532 0
    endloop
  endfacet
  facet normal -0 0 -1
    outer loop
      vertex -15.9611 -10.6532 0
      vertex -19.1238 -12.7781 0
      vertex -16.6191 -9.59504 0
    endloop
  endfacet
  facet normal 0 0 -1
    outer loop
      vertex -19.9186 -11.5 0
      vertex -16.6191 -9.59504 0
      vertex -19.1238 -12.7781 0
    endloop
  endfacet
  facet normal -0 0 -1
    outer loop
      vertex -16.6191 -9.59504 0
      vertex -19.9186 -11.5 0
      vertex -17.2065 -8.49614 0
    endloop
  endfacet
  facet normal 0 0 -1
    outer loop
      vertex -20.6281 -10.1726 0
      vertex -17.2065 -8.49614 0
      vertex -19.9186 -11.5 0
    endloop
  endfacet
  facet normal -0 0 -1
    outer loop
      vertex -17.2065 -8.49614 0
      vertex -20.6281 -10.1726 0
      vertex -17.2111 -8.48756 0
    endloop
  endfacet
  facet normal -0 0 -1
    outer loop
      vertex -17.2111 -8.48756 0
      vertex -20.6281 -10.1726 0
      vertex -17.2151 -8.47869 0
    endloop
  endfacet
  facet normal -0 0 -1
    outer loop
      vertex -17.2151 -8.47869 0
      vertex -20.6281 -10.1726 0
      vertex -17.7293 -7.34373 0
    endloop
  endfacet
  facet normal 0 0 -1
    outer loop
      vertex -21.2492 -8.80172 0
      vertex -17.7293 -7.34373 0
      vertex -20.6281 -10.1726 0
    endloop
  endfacet
  facet normal -0 0 -1
    outer loop
      vertex -17.7293 -7.34373 0
      vertex -21.2492 -8.80172 0
      vertex -18.1682 -6.17756 0
    endloop
  endfacet
  facet normal 0 0 -1
    outer loop
      vertex -21.7794 -7.39311 0
      vertex -18.1682 -6.17756 0
      vertex -21.2492 -8.80172 0
    endloop
  endfacet
  facet normal -0 0 -1
    outer loop
      vertex -18.1682 -6.17756 0
      vertex -21.7794 -7.39311 0
      vertex -18.1717 -6.16845 0
    endloop
  endfacet
  facet normal -0 0 -1
    outer loop
      vertex -18.1717 -6.16845 0
      vertex -21.7794 -7.39311 0
      vertex -18.1745 -6.15914 0
    endloop
  endfacet
  facet normal -0 0 -1
    outer loop
      vertex -18.1745 -6.15914 0
      vertex -21.7794 -7.39311 0
      vertex -18.5362 -4.96676 0
    endloop
  endfacet
  facet normal 0 0 -1
    outer loop
      vertex -22.2163 -5.95284 0
      vertex -18.5362 -4.96676 0
      vertex -21.7794 -7.39311 0
    endloop
  endfacet
  facet normal -0 0 -1
    outer loop
      vertex -18.5362 -4.96676 0
      vertex -22.2163 -5.95284 0
      vertex -18.5384 -4.95728 0
    endloop
  endfacet
  facet normal -0 0 -1
    outer loop
      vertex -18.5384 -4.95728 0
      vertex -22.2163 -5.95284 0
      vertex -18.8214 -3.7438 0
    endloop
  endfacet
  facet normal 0 0 -1
    outer loop
      vertex -22.5581 -4.48708 0
      vertex -18.8214 -3.7438 0
      vertex -22.2163 -5.95284 0
    endloop
  endfacet
  facet normal -0 0 -1
    outer loop
      vertex -18.8214 -3.7438 0
      vertex -22.5581 -4.48708 0
      vertex -19.0243 -2.51441 0
    endloop
  endfacet
  facet normal 0 0 -1
    outer loop
      vertex 18.8214 3.7438 0
      vertex 22.5581 4.48708 0
      vertex 19.0243 2.51441 0
    endloop
  endfacet
  facet normal -0 0 -1
    outer loop
      vertex 22.5581 4.48708 0
      vertex 18.8214 3.7438 0
      vertex 22.2163 5.95284 0
    endloop
  endfacet
  facet normal 0 0 -1
    outer loop
      vertex 18.5384 4.95728 0
      vertex 22.2163 5.95284 0
      vertex 18.8214 3.7438 0
    endloop
  endfacet
  facet normal 0 0 -1
    outer loop
      vertex 18.5362 4.96676 0
      vertex 22.2163 5.95284 0
      vertex 18.5384 4.95728 0
    endloop
  endfacet
  facet normal -0 0 -1
    outer loop
      vertex 22.2163 5.95284 0
      vertex 18.5362 4.96676 0
      vertex 21.7794 7.39311 0
    endloop
  endfacet
  facet normal 0 0 -1
    outer loop
      vertex 18.1745 6.15914 0
      vertex 21.7794 7.39311 0
      vertex 18.5362 4.96676 0
    endloop
  endfacet
  facet normal 0 0 -1
    outer loop
      vertex 18.1717 6.16845 0
      vertex 21.7794 7.39311 0
      vertex 18.1745 6.15914 0
    endloop
  endfacet
  facet normal 0 0 -1
    outer loop
      vertex 18.1682 6.17756 0
      vertex 21.7794 7.39311 0
      vertex 18.1717 6.16845 0
    endloop
  endfacet
  facet normal -0 0 -1
    outer loop
      vertex 21.7794 7.39311 0
      vertex 18.1682 6.17756 0
      vertex 21.2492 8.80172 0
    endloop
  endfacet
  facet normal 0 0 -1
    outer loop
      vertex 17.7293 7.34373 0
      vertex 21.2492 8.80172 0
      vertex 18.1682 6.17756 0
    endloop
  endfacet
  facet normal -0 0 -1
    outer loop
      vertex 21.2492 8.80172 0
      vertex 17.7293 7.34373 0
      vertex 20.6281 10.1726 0
    endloop
  endfacet
  facet normal 0 0 -1
    outer loop
      vertex 17.2151 8.47869 0
      vertex 20.6281 10.1726 0
      vertex 17.7293 7.34373 0
    endloop
  endfacet
  facet normal 0 0 -1
    outer loop
      vertex 17.2111 8.48756 0
      vertex 20.6281 10.1726 0
      vertex 17.2151 8.47869 0
    endloop
  endfacet
  facet normal 0 0 -1
    outer loop
      vertex 17.2065 8.49614 0
      vertex 20.6281 10.1726 0
      vertex 17.2111 8.48756 0
    endloop
  endfacet
  facet normal -0 0 -1
    outer loop
      vertex 20.6281 10.1726 0
      vertex 17.2065 8.49614 0
      vertex 19.9186 11.5 0
    endloop
  endfacet
  facet normal 0 0 -1
    outer loop
      vertex 16.6191 9.59504 0
      vertex 19.9186 11.5 0
      vertex 17.2065 8.49614 0
    endloop
  endfacet
  facet normal -0 0 -1
    outer loop
      vertex 19.9186 11.5 0
      vertex 16.6191 9.59504 0
      vertex 19.1238 12.7781 0
    endloop
  endfacet
  facet normal 0 0 -1
    outer loop
      vertex 15.9611 10.6532 0
      vertex 19.1238 12.7781 0
      vertex 16.6191 9.59504 0
    endloop
  endfacet
  facet normal 0 0 -1
    outer loop
      vertex 15.956 10.6614 0
      vertex 19.1238 12.7781 0
      vertex 15.9611 10.6532 0
    endloop
  endfacet
  facet normal -0 0 -1
    outer loop
      vertex 19.1238 12.7781 0
      vertex 15.956 10.6614 0
      vertex 18.2471 14.0015 0
    endloop
  endfacet
  facet normal 0 0 -1
    outer loop
      vertex 15.2302 11.6743 0
      vertex 18.2471 14.0015 0
      vertex 15.956 10.6614 0
    endloop
  endfacet
  facet normal 0 0 -1
    outer loop
      vertex 15.2245 11.6822 0
      vertex 18.2471 14.0015 0
      vertex 15.2302 11.6743 0
    endloop
  endfacet
  facet normal 0 0 -1
    outer loop
      vertex 15.2183 11.6897 0
      vertex 18.2471 14.0015 0
      vertex 15.2245 11.6822 0
    endloop
  endfacet
  facet normal -0 0 -1
    outer loop
      vertex 18.2471 14.0015 0
      vertex 15.2183 11.6897 0
      vertex 17.2923 15.165 0
    endloop
  endfacet
  facet normal 0 0 -1
    outer loop
      vertex 14.4279 12.6529 0
      vertex 17.2923 15.165 0
      vertex 15.2183 11.6897 0
    endloop
  endfacet
  facet normal -0 0 -1
    outer loop
      vertex 17.2923 15.165 0
      vertex 14.4279 12.6529 0
      vertex 16.2635 16.2635 0
    endloop
  endfacet
  facet normal 0 0 -1
    outer loop
      vertex 13.5761 13.5623 0
      vertex 16.2635 16.2635 0
      vertex 14.4279 12.6529 0
    endloop
  endfacet
  facet normal 0 0 -1
    outer loop
      vertex 13.5694 13.5694 0
      vertex 16.2635 16.2635 0
      vertex 13.5761 13.5623 0
    endloop
  endfacet
  facet normal 0 0 -1
    outer loop
      vertex 13.5623 13.5761 0
      vertex 16.2635 16.2635 0
      vertex 13.5694 13.5694 0
    endloop
  endfacet
  facet normal -0 0 -1
    outer loop
      vertex 16.2635 16.2635 0
      vertex 13.5623 13.5761 0
      vertex 15.165 17.2923 0
    endloop
  endfacet
  facet normal 0 0 -1
    outer loop
      vertex 12.6529 14.4279 0
      vertex 15.165 17.2923 0
      vertex 13.5623 13.5761 0
    endloop
  endfacet
  facet normal -0 0 -1
    outer loop
      vertex 15.165 17.2923 0
      vertex 12.6529 14.4279 0
      vertex 14.0015 18.2471 0
    endloop
  endfacet
  facet normal 0 0 -1
    outer loop
      vertex 11.6897 15.2183 0
      vertex 14.0015 18.2471 0
      vertex 12.6529 14.4279 0
    endloop
  endfacet
  facet normal 0 0 -1
    outer loop
      vertex 11.6822 15.2245 0
      vertex 14.0015 18.2471 0
      vertex 11.6897 15.2183 0
    endloop
  endfacet
  facet normal 0 0 -1
    outer loop
      vertex 11.6743 15.2302 0
      vertex 14.0015 18.2471 0
      vertex 11.6822 15.2245 0
    endloop
  endfacet
  facet normal -0 0 -1
    outer loop
      vertex 14.0015 18.2471 0
      vertex 11.6743 15.2302 0
      vertex 12.7781 19.1238 0
    endloop
  endfacet
  facet normal 0 0 -1
    outer loop
      vertex 10.6614 15.956 0
      vertex 12.7781 19.1238 0
      vertex 11.6743 15.2302 0
    endloop
  endfacet
  facet normal 0 0 -1
    outer loop
      vertex 10.6532 15.9611 0
      vertex 12.7781 19.1238 0
      vertex 10.6614 15.956 0
    endloop
  endfacet
  facet normal -0 0 -1
    outer loop
      vertex 12.7781 19.1238 0
      vertex 10.6532 15.9611 0
      vertex 11.5 19.9186 0
    endloop
  endfacet
  facet normal 0 0 -1
    outer loop
      vertex 9.59504 16.6191 0
      vertex 11.5 19.9186 0
      vertex 10.6532 15.9611 0
    endloop
  endfacet
  facet normal -0 0 -1
    outer loop
      vertex 11.5 19.9186 0
      vertex 9.59504 16.6191 0
      vertex 10.1726 20.6281 0
    endloop
  endfacet
  facet normal 0 0 -1
    outer loop
      vertex 8.49614 17.2065 0
      vertex 10.1726 20.6281 0
      vertex 9.59504 16.6191 0
    endloop
  endfacet
  facet normal 0 0 -1
    outer loop
      vertex 8.48756 17.2111 0
      vertex 10.1726 20.6281 0
      vertex 8.49614 17.2065 0
    endloop
  endfacet
  facet normal 0 0 -1
    outer loop
      vertex 8.47869 17.2151 0
      vertex 10.1726 20.6281 0
      vertex 8.48756 17.2111 0
    endloop
  endfacet
  facet normal -0 0 -1
    outer loop
      vertex 10.1726 20.6281 0
      vertex 8.47869 17.2151 0
      vertex 8.80172 21.2492 0
    endloop
  endfacet
  facet normal 0 0 -1
    outer loop
      vertex 7.34373 17.7293 0
      vertex 8.80172 21.2492 0
      vertex 8.47869 17.2151 0
    endloop
  endfacet
  facet normal -0 0 -1
    outer loop
      vertex 8.80172 21.2492 0
      vertex 7.34373 17.7293 0
      vertex 7.39311 21.7794 0
    endloop
  endfacet
  facet normal 0 0 -1
    outer loop
      vertex 6.17756 18.1682 0
      vertex 7.39311 21.7794 0
      vertex 7.34373 17.7293 0
    endloop
  endfacet
  facet normal 0 0 -1
    outer loop
      vertex 6.16845 18.1717 0
      vertex 7.39311 21.7794 0
      vertex 6.17756 18.1682 0
    endloop
  endfacet
  facet normal 0 0 -1
    outer loop
      vertex 6.15914 18.1745 0
      vertex 7.39311 21.7794 0
      vertex 6.16845 18.1717 0
    endloop
  endfacet
  facet normal 0 0 -1
    outer loop
      vertex 6.15914 18.1745 0
      vertex 5.95284 22.2163 0
      vertex 7.39311 21.7794 0
    endloop
  endfacet
  facet normal 0 0 -1
    outer loop
      vertex 4.96676 18.5362 0
      vertex 5.95284 22.2163 0
      vertex 6.15914 18.1745 0
    endloop
  endfacet
  facet normal 0 0 -1
    outer loop
      vertex 4.95728 18.5384 0
      vertex 5.95284 22.2163 0
      vertex 4.96676 18.5362 0
    endloop
  endfacet
  facet normal 0 0 -1
    outer loop
      vertex 4.95728 18.5384 0
      vertex 4.48708 22.5581 0
      vertex 5.95284 22.2163 0
    endloop
  endfacet
  facet normal 0 0 -1
    outer loop
      vertex 3.7438 18.8214 0
      vertex 4.48708 22.5581 0
      vertex 4.95728 18.5384 0
    endloop
  endfacet
  facet normal 0 0 -1
    outer loop
      vertex 3.7438 18.8214 0
      vertex 3.0021 22.8032 0
      vertex 4.48708 22.5581 0
    endloop
  endfacet
  facet normal 0 0 -1
    outer loop
      vertex 2.51441 19.0243 0
      vertex 3.0021 22.8032 0
      vertex 3.7438 18.8214 0
    endloop
  endfacet
  facet normal 0 0 -1
    outer loop
      vertex 2.50481 19.0259 0
      vertex 3.0021 22.8032 0
      vertex 2.51441 19.0243 0
    endloop
  endfacet
  facet normal 0 0 -1
    outer loop
      vertex 2.50481 19.0259 0
      vertex 1.50427 22.9508 0
      vertex 3.0021 22.8032 0
    endloop
  endfacet
  facet normal 0 0 -1
    outer loop
      vertex 1.26478 19.148 0
      vertex 1.50427 22.9508 0
      vertex 2.50481 19.0259 0
    endloop
  endfacet
  facet normal 0 0 -1
    outer loop
      vertex 1.25509 19.149 0
      vertex 1.50427 22.9508 0
      vertex 1.26478 19.148 0
    endloop
  endfacet
  facet normal 0 0 -1
    outer loop
      vertex 1.24536 19.1493 0
      vertex 1.50427 22.9508 0
      vertex 1.25509 19.149 0
    endloop
  endfacet
  facet normal 0 0 -1
    outer loop
      vertex 0 19.1901 0
      vertex 1.50427 22.9508 0
      vertex 1.24536 19.1493 0
    endloop
  endfacet
  facet normal 0 0 -1
    outer loop
      vertex 0 19.1901 0
      vertex 0 23 0
      vertex 1.50427 22.9508 0
    endloop
  endfacet
  facet normal 0 0 -1
    outer loop
      vertex -1.24536 19.1493 0
      vertex 0 23 0
      vertex 0 19.1901 0
    endloop
  endfacet
  facet normal 0 0 -1
    outer loop
      vertex -1.50427 22.9508 0
      vertex -1.24536 19.1493 0
      vertex -1.25509 19.149 0
    endloop
  endfacet
  facet normal 0 0 -1
    outer loop
      vertex -1.50427 22.9508 0
      vertex -1.25509 19.149 0
      vertex -1.26478 19.148 0
    endloop
  endfacet
  facet normal 0 0 -1
    outer loop
      vertex -1.24536 19.1493 0
      vertex -1.50427 22.9508 0
      vertex 0 23 0
    endloop
  endfacet
  facet normal 0 0 -1
    outer loop
      vertex -2.50481 19.0259 0
      vertex -1.50427 22.9508 0
      vertex -1.26478 19.148 0
    endloop
  endfacet
  facet normal 0 0 -1
    outer loop
      vertex -3.0021 22.8032 0
      vertex -2.50481 19.0259 0
      vertex -2.51441 19.0243 0
    endloop
  endfacet
  facet normal 0 0 -1
    outer loop
      vertex -2.50481 19.0259 0
      vertex -3.0021 22.8032 0
      vertex -1.50427 22.9508 0
    endloop
  endfacet
  facet normal 0 0 -1
    outer loop
      vertex -3.7438 18.8214 0
      vertex -3.0021 22.8032 0
      vertex -2.51441 19.0243 0
    endloop
  endfacet
  facet normal 0 0 -1
    outer loop
      vertex -3.7438 18.8214 0
      vertex -4.48708 22.5581 0
      vertex -3.0021 22.8032 0
    endloop
  endfacet
  facet normal 0 0 -1
    outer loop
      vertex -4.95728 18.5384 0
      vertex -4.48708 22.5581 0
      vertex -3.7438 18.8214 0
    endloop
  endfacet
  facet normal 0 0 -1
    outer loop
      vertex -5.95284 22.2163 0
      vertex -4.95728 18.5384 0
      vertex -4.96676 18.5362 0
    endloop
  endfacet
  facet normal 0 0 -1
    outer loop
      vertex -4.95728 18.5384 0
      vertex -5.95284 22.2163 0
      vertex -4.48708 22.5581 0
    endloop
  endfacet
  facet normal 0 0 -1
    outer loop
      vertex -6.15914 18.1745 0
      vertex -5.95284 22.2163 0
      vertex -4.96676 18.5362 0
    endloop
  endfacet
  facet normal 0 0 -1
    outer loop
      vertex -7.39311 21.7794 0
      vertex -6.15914 18.1745 0
      vertex -6.16845 18.1717 0
    endloop
  endfacet
  facet normal 0 0 -1
    outer loop
      vertex -7.39311 21.7794 0
      vertex -6.16845 18.1717 0
      vertex -6.17756 18.1682 0
    endloop
  endfacet
  facet normal 0 0 -1
    outer loop
      vertex -7.39311 21.7794 0
      vertex -6.17756 18.1682 0
      vertex -7.34373 17.7293 0
    endloop
  endfacet
  facet normal 0 0 -1
    outer loop
      vertex -6.15914 18.1745 0
      vertex -7.39311 21.7794 0
      vertex -5.95284 22.2163 0
    endloop
  endfacet
  facet normal 0 0 -1
    outer loop
      vertex -8.80172 21.2492 0
      vertex -7.34373 17.7293 0
      vertex -8.47869 17.2151 0
    endloop
  endfacet
  facet normal 0 0 -1
    outer loop
      vertex -10.1726 20.6281 0
      vertex -8.47869 17.2151 0
      vertex -8.48756 17.2111 0
    endloop
  endfacet
  facet normal 0 0 -1
    outer loop
      vertex -10.1726 20.6281 0
      vertex -8.48756 17.2111 0
      vertex -8.49614 17.2065 0
    endloop
  endfacet
  facet normal 0 0 -1
    outer loop
      vertex -7.34373 17.7293 0
      vertex -8.80172 21.2492 0
      vertex -7.39311 21.7794 0
    endloop
  endfacet
  facet normal 0 0 -1
    outer loop
      vertex -10.1726 20.6281 0
      vertex -8.49614 17.2065 0
      vertex -9.59504 16.6191 0
    endloop
  endfacet
  facet normal 0 0 -1
    outer loop
      vertex -8.47869 17.2151 0
      vertex -10.1726 20.6281 0
      vertex -8.80172 21.2492 0
    endloop
  endfacet
  facet normal 0 0 -1
    outer loop
      vertex -11.5 19.9186 0
      vertex -9.59504 16.6191 0
      vertex -10.6532 15.9611 0
    endloop
  endfacet
  facet normal 0 0 -1
    outer loop
      vertex -12.7781 19.1238 0
      vertex -10.6532 15.9611 0
      vertex -10.6614 15.956 0
    endloop
  endfacet
  facet normal 0 0 -1
    outer loop
      vertex -9.59504 16.6191 0
      vertex -11.5 19.9186 0
      vertex -10.1726 20.6281 0
    endloop
  endfacet
  facet normal 0 0 -1
    outer loop
      vertex -12.7781 19.1238 0
      vertex -10.6614 15.956 0
      vertex -11.6743 15.2302 0
    endloop
  endfacet
  facet normal 0 0 -1
    outer loop
      vertex -14.0015 18.2471 0
      vertex -11.6743 15.2302 0
      vertex -11.6822 15.2245 0
    endloop
  endfacet
  facet normal 0 0 -1
    outer loop
      vertex -14.0015 18.2471 0
      vertex -11.6822 15.2245 0
      vertex -11.6897 15.2183 0
    endloop
  endfacet
  facet normal 0 0 -1
    outer loop
      vertex -14.0015 18.2471 0
      vertex -11.6897 15.2183 0
      vertex -12.6529 14.4279 0
    endloop
  endfacet
  facet normal 0 0 -1
    outer loop
      vertex -10.6532 15.9611 0
      vertex -12.7781 19.1238 0
      vertex -11.5 19.9186 0
    endloop
  endfacet
  facet normal 0 0 -1
    outer loop
      vertex -15.165 17.2923 0
      vertex -12.6529 14.4279 0
      vertex -13.5623 13.5761 0
    endloop
  endfacet
  facet normal 0 0 -1
    outer loop
      vertex -16.2635 16.2635 0
      vertex -13.5623 13.5761 0
      vertex -13.5694 13.5694 0
    endloop
  endfacet
  facet normal 0 0 -1
    outer loop
      vertex -16.2635 16.2635 0
      vertex -13.5694 13.5694 0
      vertex -13.5761 13.5623 0
    endloop
  endfacet
  facet normal 0 0 -1
    outer loop
      vertex -11.6743 15.2302 0
      vertex -14.0015 18.2471 0
      vertex -12.7781 19.1238 0
    endloop
  endfacet
  facet normal 0 0 -1
    outer loop
      vertex -16.2635 16.2635 0
      vertex -13.5761 13.5623 0
      vertex -14.4279 12.6529 0
    endloop
  endfacet
  facet normal 0 0 -1
    outer loop
      vertex -12.6529 14.4279 0
      vertex -15.165 17.2923 0
      vertex -14.0015 18.2471 0
    endloop
  endfacet
  facet normal 0 0 -1
    outer loop
      vertex -17.2923 15.165 0
      vertex -14.4279 12.6529 0
      vertex -15.2183 11.6897 0
    endloop
  endfacet
  facet normal 0 0 -1
    outer loop
      vertex -18.2471 14.0015 0
      vertex -15.2183 11.6897 0
      vertex -15.2245 11.6822 0
    endloop
  endfacet
  facet normal 0 0 -1
    outer loop
      vertex -18.2471 14.0015 0
      vertex -15.2245 11.6822 0
      vertex -15.2302 11.6743 0
    endloop
  endfacet
  facet normal 0 0 -1
    outer loop
      vertex -18.2471 14.0015 0
      vertex -15.2302 11.6743 0
      vertex -15.956 10.6614 0
    endloop
  endfacet
  facet normal 0 0 -1
    outer loop
      vertex -19.1238 12.7781 0
      vertex -15.956 10.6614 0
      vertex -15.9611 10.6532 0
    endloop
  endfacet
  facet normal 0 0 -1
    outer loop
      vertex -13.5623 13.5761 0
      vertex -16.2635 16.2635 0
      vertex -15.165 17.2923 0
    endloop
  endfacet
  facet normal 0 0 -1
    outer loop
      vertex -19.1238 12.7781 0
      vertex -15.9611 10.6532 0
      vertex -16.6191 9.59504 0
    endloop
  endfacet
  facet normal 0 0 -1
    outer loop
      vertex -19.9186 11.5 0
      vertex -16.6191 9.59504 0
      vertex -17.2065 8.49614 0
    endloop
  endfacet
  facet normal 0 0 -1
    outer loop
      vertex -20.6281 10.1726 0
      vertex -17.2065 8.49614 0
      vertex -17.2111 8.48756 0
    endloop
  endfacet
  facet normal 0 0 -1
    outer loop
      vertex -20.6281 10.1726 0
      vertex -17.2111 8.48756 0
      vertex -17.2151 8.47869 0
    endloop
  endfacet
  facet normal 0 0 -1
    outer loop
      vertex -14.4279 12.6529 0
      vertex -17.2923 15.165 0
      vertex -16.2635 16.2635 0
    endloop
  endfacet
  facet normal 0 0 -1
    outer loop
      vertex -20.6281 10.1726 0
      vertex -17.2151 8.47869 0
      vertex -17.7293 7.34373 0
    endloop
  endfacet
  facet normal 0 0 -1
    outer loop
      vertex -21.2492 8.80172 0
      vertex -17.7293 7.34373 0
      vertex -18.1682 6.17756 0
    endloop
  endfacet
  facet normal 0 0 -1
    outer loop
      vertex -21.7794 7.39311 0
      vertex -18.1682 6.17756 0
      vertex -18.1717 6.16845 0
    endloop
  endfacet
  facet normal 0 0 -1
    outer loop
      vertex -21.7794 7.39311 0
      vertex -18.1717 6.16845 0
      vertex -18.1745 6.15914 0
    endloop
  endfacet
  facet normal 0 0 -1
    outer loop
      vertex -15.2183 11.6897 0
      vertex -18.2471 14.0015 0
      vertex -17.2923 15.165 0
    endloop
  endfacet
  facet normal 0 0 -1
    outer loop
      vertex -21.7794 7.39311 0
      vertex -18.1745 6.15914 0
      vertex -18.5362 4.96676 0
    endloop
  endfacet
  facet normal 0 0 -1
    outer loop
      vertex -22.2163 5.95284 0
      vertex -18.5362 4.96676 0
      vertex -18.5384 4.95728 0
    endloop
  endfacet
  facet normal 0 0 -1
    outer loop
      vertex -22.2163 5.95284 0
      vertex -18.5384 4.95728 0
      vertex -18.8214 3.7438 0
    endloop
  endfacet
  facet normal 0 0 -1
    outer loop
      vertex -22.5581 4.48708 0
      vertex -18.8214 3.7438 0
      vertex -19.0243 2.51441 0
    endloop
  endfacet
  facet normal 0 0 -1
    outer loop
      vertex -22.8032 3.0021 0
      vertex -19.0243 2.51441 0
      vertex -19.0259 2.50481 0
    endloop
  endfacet
  facet normal 0 0 -1
    outer loop
      vertex -15.956 10.6614 0
      vertex -19.1238 12.7781 0
      vertex -18.2471 14.0015 0
    endloop
  endfacet
  facet normal 0 0 -1
    outer loop
      vertex -22.8032 3.0021 0
      vertex -19.0259 2.50481 0
      vertex -19.148 1.26478 0
    endloop
  endfacet
  facet normal 0 0 -1
    outer loop
      vertex -22.9508 1.50427 0
      vertex -19.148 1.26478 0
      vertex -19.149 1.25509 0
    endloop
  endfacet
  facet normal 0 0 -1
    outer loop
      vertex -22.9508 1.50427 0
      vertex -19.149 1.25509 0
      vertex -19.1493 1.24536 0
    endloop
  endfacet
  facet normal 0 0 -1
    outer loop
      vertex -22.9508 1.50427 0
      vertex -19.1493 1.24536 0
      vertex -19.1901 0 0
    endloop
  endfacet
  facet normal 0 0 -1
    outer loop
      vertex -22.8032 -3.0021 0
      vertex -19.0243 -2.51441 0
      vertex -22.5581 -4.48708 0
    endloop
  endfacet
  facet normal 0 0 -1
    outer loop
      vertex -16.6191 9.59504 0
      vertex -19.9186 11.5 0
      vertex -19.1238 12.7781 0
    endloop
  endfacet
  facet normal -0 0 -1
    outer loop
      vertex -19.0243 -2.51441 0
      vertex -22.8032 -3.0021 0
      vertex -19.0259 -2.50481 0
    endloop
  endfacet
  facet normal 0 0 -1
    outer loop
      vertex -17.2065 8.49614 0
      vertex -20.6281 10.1726 0
      vertex -19.9186 11.5 0
    endloop
  endfacet
  facet normal -0 0 -1
    outer loop
      vertex -19.0259 -2.50481 0
      vertex -22.8032 -3.0021 0
      vertex -19.148 -1.26478 0
    endloop
  endfacet
  facet normal 0 0 -1
    outer loop
      vertex -17.7293 7.34373 0
      vertex -21.2492 8.80172 0
      vertex -20.6281 10.1726 0
    endloop
  endfacet
  facet normal 0 0 -1
    outer loop
      vertex -22.9508 -1.50427 0
      vertex -19.148 -1.26478 0
      vertex -22.8032 -3.0021 0
    endloop
  endfacet
  facet normal 0 0 -1
    outer loop
      vertex -18.1682 6.17756 0
      vertex -21.7794 7.39311 0
      vertex -21.2492 8.80172 0
    endloop
  endfacet
  facet normal -0 0 -1
    outer loop
      vertex -19.148 -1.26478 0
      vertex -22.9508 -1.50427 0
      vertex -19.149 -1.25509 0
    endloop
  endfacet
  facet normal 0 0 -1
    outer loop
      vertex -18.5362 4.96676 0
      vertex -22.2163 5.95284 0
      vertex -21.7794 7.39311 0
    endloop
  endfacet
  facet normal -0 0 -1
    outer loop
      vertex -19.149 -1.25509 0
      vertex -22.9508 -1.50427 0
      vertex -19.1493 -1.24536 0
    endloop
  endfacet
  facet normal 0 0 -1
    outer loop
      vertex -18.8214 3.7438 0
      vertex -22.5581 4.48708 0
      vertex -22.2163 5.95284 0
    endloop
  endfacet
  facet normal -0 0 -1
    outer loop
      vertex -19.1493 -1.24536 0
      vertex -22.9508 -1.50427 0
      vertex -19.1901 0 0
    endloop
  endfacet
  facet normal 0 0 -1
    outer loop
      vertex -19.0243 2.51441 0
      vertex -22.8032 3.0021 0
      vertex -22.5581 4.48708 0
    endloop
  endfacet
  facet normal 0 0 -1
    outer loop
      vertex -23 0 0
      vertex -19.1901 0 0
      vertex -22.9508 -1.50427 0
    endloop
  endfacet
  facet normal 0 0 -1
    outer loop
      vertex -19.148 1.26478 0
      vertex -22.9508 1.50427 0
      vertex -22.8032 3.0021 0
    endloop
  endfacet
  facet normal 0 0 -1
    outer loop
      vertex -19.1901 0 0
      vertex -23 0 0
      vertex -22.9508 1.50427 0
    endloop
  endfacet
  facet normal 0.99518 0.0980676 0
    outer loop
      vertex 22.9508 1.50427 6
      vertex 22.8032 3.0021 0
      vertex 22.8032 3.0021 6
    endloop
  endfacet
  facet normal 0.99518 0.0980676 0
    outer loop
      vertex 22.8032 3.0021 0
      vertex 22.9508 1.50427 6
      vertex 22.9508 1.50427 0
    endloop
  endfacet
  facet normal 0.973872 0.227097 0
    outer loop
      vertex 22.5581 4.48708 6
      vertex 22.2163 5.95284 0
      vertex 22.2163 5.95284 6
    endloop
  endfacet
  facet normal 0.973872 0.227097 0
    outer loop
      vertex 22.2163 5.95284 0
      vertex 22.5581 4.48708 6
      vertex 22.5581 4.48708 0
    endloop
  endfacet
  facet normal 0.956941 0.290284 0
    outer loop
      vertex 22.2163 5.95284 6
      vertex 21.7794 7.39311 0
      vertex 21.7794 7.39311 6
    endloop
  endfacet
  facet normal 0.956941 0.290284 0
    outer loop
      vertex 21.7794 7.39311 0
      vertex 22.2163 5.95284 6
      vertex 22.2163 5.95284 0
    endloop
  endfacet
  facet normal 0.77303 0.63437 0
    outer loop
      vertex 18.2471 14.0015 6
      vertex 17.2923 15.165 0
      vertex 17.2923 15.165 6
    endloop
  endfacet
  facet normal 0.77303 0.63437 0
    outer loop
      vertex 17.2923 15.165 0
      vertex 18.2471 14.0015 6
      vertex 18.2471 14.0015 0
    endloop
  endfacet
  facet normal 0.812839 0.582488 0
    outer loop
      vertex 19.1238 12.7781 6
      vertex 18.2471 14.0015 0
      vertex 18.2471 14.0015 6
    endloop
  endfacet
  facet normal 0.812839 0.582488 0
    outer loop
      vertex 18.2471 14.0015 0
      vertex 19.1238 12.7781 6
      vertex 19.1238 12.7781 0
    endloop
  endfacet
  facet normal 0.52808 0.849194 -0
    outer loop
      vertex 12.7781 19.1238 0
      vertex 11.5 19.9186 6
      vertex 12.7781 19.1238 6
    endloop
  endfacet
  facet normal 0.52808 0.849194 0
    outer loop
      vertex 11.5 19.9186 6
      vertex 12.7781 19.1238 0
      vertex 11.5 19.9186 0
    endloop
  endfacet
  facet normal 0.0326894 0.999466 -0
    outer loop
      vertex 1.50427 22.9508 0
      vertex 0 23 6
      vertex 1.50427 22.9508 6
    endloop
  endfacet
  facet normal 0.0326894 0.999466 0
    outer loop
      vertex 0 23 6
      vertex 1.50427 22.9508 0
      vertex 0 23 0
    endloop
  endfacet
  facet normal 0.471392 0.881924 -0
    outer loop
      vertex 11.5 19.9186 0
      vertex 10.1726 20.6281 6
      vertex 11.5 19.9186 6
    endloop
  endfacet
  facet normal 0.471392 0.881924 0
    outer loop
      vertex 10.1726 20.6281 6
      vertex 11.5 19.9186 0
      vertex 10.1726 20.6281 0
    endloop
  endfacet
  facet normal 0.227097 0.973872 -0
    outer loop
      vertex 5.95284 22.2163 0
      vertex 4.48708 22.5581 6
      vertex 5.95284 22.2163 6
    endloop
  endfacet
  facet normal 0.227097 0.973872 0
    outer loop
      vertex 4.48708 22.5581 6
      vertex 5.95284 22.2163 0
      vertex 4.48708 22.5581 0
    endloop
  endfacet
  facet normal -0.999466 0.0326894 0
    outer loop
      vertex -23 0 0
      vertex -22.9508 1.50427 6
      vertex -22.9508 1.50427 0
    endloop
  endfacet
  facet normal -0.999466 0.0326894 0
    outer loop
      vertex -22.9508 1.50427 6
      vertex -23 0 0
      vertex -23 0 6
    endloop
  endfacet
  facet normal 0 0 1
    outer loop
      vertex 20 0 6
      vertex 23 0 6
      vertex 22.9508 1.50427 6
    endloop
  endfacet
  facet normal 0 0 1
    outer loop
      vertex 19.9572 1.30806 6
      vertex 22.9508 1.50427 6
      vertex 22.8032 3.0021 6
    endloop
  endfacet
  facet normal 0 0 1
    outer loop
      vertex 23 0 6
      vertex 20 0 6
      vertex 22.9508 -1.50427 6
    endloop
  endfacet
  facet normal 0 0 1
    outer loop
      vertex 19.8289 2.61052 6
      vertex 22.8032 3.0021 6
      vertex 22.5581 4.48708 6
    endloop
  endfacet
  facet normal -0 0 1
    outer loop
      vertex 19.9572 -1.30806 6
      vertex 22.9508 -1.50427 6
      vertex 20 0 6
    endloop
  endfacet
  facet normal 0 0 1
    outer loop
      vertex 19.6157 3.90181 6
      vertex 22.5581 4.48708 6
      vertex 22.2163 5.95284 6
    endloop
  endfacet
  facet normal 0 0 1
    outer loop
      vertex 22.9508 -1.50427 6
      vertex 19.9572 -1.30806 6
      vertex 22.8032 -3.0021 6
    endloop
  endfacet
  facet normal 0 0 1
    outer loop
      vertex 19.3185 5.17638 6
      vertex 22.2163 5.95284 6
      vertex 21.7794 7.39311 6
    endloop
  endfacet
  facet normal -0 0 1
    outer loop
      vertex 19.8289 -2.61052 6
      vertex 22.8032 -3.0021 6
      vertex 19.9572 -1.30806 6
    endloop
  endfacet
  facet normal 0 0 1
    outer loop
      vertex 18.9386 6.42879 6
      vertex 21.7794 7.39311 6
      vertex 21.2492 8.80172 6
    endloop
  endfacet
  facet normal 0 0 1
    outer loop
      vertex 22.8032 -3.0021 6
      vertex 19.8289 -2.61052 6
      vertex 22.5581 -4.48708 6
    endloop
  endfacet
  facet normal 0 0 1
    outer loop
      vertex 18.4776 7.65367 6
      vertex 21.2492 8.80172 6
      vertex 20.6281 10.1726 6
    endloop
  endfacet
  facet normal -0 0 1
    outer loop
      vertex 19.6157 -3.90181 6
      vertex 22.5581 -4.48708 6
      vertex 19.8289 -2.61052 6
    endloop
  endfacet
  facet normal 0 0 1
    outer loop
      vertex 22.5581 -4.48708 6
      vertex 19.6157 -3.90181 6
      vertex 22.2163 -5.95284 6
    endloop
  endfacet
  facet normal 0 0 1
    outer loop
      vertex 22.9508 1.50427 6
      vertex 19.9572 1.30806 6
      vertex 20 0 6
    endloop
  endfacet
  facet normal 0 0 1
    outer loop
      vertex 17.9375 8.84577 6
      vertex 20.6281 10.1726 6
      vertex 19.9186 11.5 6
    endloop
  endfacet
  facet normal 0 0 1
    outer loop
      vertex 22.8032 3.0021 6
      vertex 19.8289 2.61052 6
      vertex 19.9572 1.30806 6
    endloop
  endfacet
  facet normal 0 0 1
    outer loop
      vertex 22.5581 4.48708 6
      vertex 19.6157 3.90181 6
      vertex 19.8289 2.61052 6
    endloop
  endfacet
  facet normal 0 0 1
    outer loop
      vertex 22.2163 5.95284 6
      vertex 19.3185 5.17638 6
      vertex 19.6157 3.90181 6
    endloop
  endfacet
  facet normal 0 0 1
    outer loop
      vertex 17.3205 10 6
      vertex 19.9186 11.5 6
      vertex 19.1238 12.7781 6
    endloop
  endfacet
  facet normal 0 0 1
    outer loop
      vertex 21.7794 7.39311 6
      vertex 18.9386 6.42879 6
      vertex 19.3185 5.17638 6
    endloop
  endfacet
  facet normal 0 0 1
    outer loop
      vertex 21.2492 8.80172 6
      vertex 18.4776 7.65367 6
      vertex 18.9386 6.42879 6
    endloop
  endfacet
  facet normal 0 0 1
    outer loop
      vertex 16.6294 11.1114 6
      vertex 19.1238 12.7781 6
      vertex 18.2471 14.0015 6
    endloop
  endfacet
  facet normal 0 0 1
    outer loop
      vertex 20.6281 10.1726 6
      vertex 17.9375 8.84577 6
      vertex 18.4776 7.65367 6
    endloop
  endfacet
  facet normal 0 0 1
    outer loop
      vertex 19.9186 11.5 6
      vertex 17.3205 10 6
      vertex 17.9375 8.84577 6
    endloop
  endfacet
  facet normal 0 0 1
    outer loop
      vertex 15.8671 12.1752 6
      vertex 18.2471 14.0015 6
      vertex 17.2923 15.165 6
    endloop
  endfacet
  facet normal 0 0 1
    outer loop
      vertex 19.1238 12.7781 6
      vertex 16.6294 11.1114 6
      vertex 17.3205 10 6
    endloop
  endfacet
  facet normal 0 0 1
    outer loop
      vertex 15.0368 13.1869 6
      vertex 17.2923 15.165 6
      vertex 16.2635 16.2635 6
    endloop
  endfacet
  facet normal 0 0 1
    outer loop
      vertex 18.2471 14.0015 6
      vertex 15.8671 12.1752 6
      vertex 16.6294 11.1114 6
    endloop
  endfacet
  facet normal 0 0 1
    outer loop
      vertex 14.1421 14.1421 6
      vertex 16.2635 16.2635 6
      vertex 15.165 17.2923 6
    endloop
  endfacet
  facet normal 0 0 1
    outer loop
      vertex 17.2923 15.165 6
      vertex 15.0368 13.1869 6
      vertex 15.8671 12.1752 6
    endloop
  endfacet
  facet normal 0 0 1
    outer loop
      vertex 16.2635 16.2635 6
      vertex 14.1421 14.1421 6
      vertex 15.0368 13.1869 6
    endloop
  endfacet
  facet normal 0 0 1
    outer loop
      vertex 13.1869 15.0368 6
      vertex 15.165 17.2923 6
      vertex 14.0015 18.2471 6
    endloop
  endfacet
  facet normal 0 0 1
    outer loop
      vertex 15.165 17.2923 6
      vertex 13.1869 15.0368 6
      vertex 14.1421 14.1421 6
    endloop
  endfacet
  facet normal 0 0 1
    outer loop
      vertex 12.1752 15.8671 6
      vertex 14.0015 18.2471 6
      vertex 12.7781 19.1238 6
    endloop
  endfacet
  facet normal 0 0 1
    outer loop
      vertex 14.0015 18.2471 6
      vertex 12.1752 15.8671 6
      vertex 13.1869 15.0368 6
    endloop
  endfacet
  facet normal 0 0 1
    outer loop
      vertex 11.1114 16.6294 6
      vertex 12.7781 19.1238 6
      vertex 11.5 19.9186 6
    endloop
  endfacet
  facet normal 0 0 1
    outer loop
      vertex 12.7781 19.1238 6
      vertex 11.1114 16.6294 6
      vertex 12.1752 15.8671 6
    endloop
  endfacet
  facet normal 0 0 1
    outer loop
      vertex 10 17.3205 6
      vertex 11.5 19.9186 6
      vertex 10.1726 20.6281 6
    endloop
  endfacet
  facet normal 0 0 1
    outer loop
      vertex 11.5 19.9186 6
      vertex 10 17.3205 6
      vertex 11.1114 16.6294 6
    endloop
  endfacet
  facet normal 0 0 1
    outer loop
      vertex 10.1726 20.6281 6
      vertex 8.84577 17.9375 6
      vertex 10 17.3205 6
    endloop
  endfacet
  facet normal 0 0 1
    outer loop
      vertex 8.80172 21.2492 6
      vertex 8.84577 17.9375 6
      vertex 10.1726 20.6281 6
    endloop
  endfacet
  facet normal 0 0 1
    outer loop
      vertex 8.80172 21.2492 6
      vertex 7.65367 18.4776 6
      vertex 8.84577 17.9375 6
    endloop
  endfacet
  facet normal 0 0 1
    outer loop
      vertex 7.39311 21.7794 6
      vertex 7.65367 18.4776 6
      vertex 8.80172 21.2492 6
    endloop
  endfacet
  facet normal 0 0 1
    outer loop
      vertex 7.39311 21.7794 6
      vertex 6.42879 18.9386 6
      vertex 7.65367 18.4776 6
    endloop
  endfacet
  facet normal 0 0 1
    outer loop
      vertex 5.95284 22.2163 6
      vertex 6.42879 18.9386 6
      vertex 7.39311 21.7794 6
    endloop
  endfacet
  facet normal 0 0 1
    outer loop
      vertex 5.95284 22.2163 6
      vertex 5.17638 19.3185 6
      vertex 6.42879 18.9386 6
    endloop
  endfacet
  facet normal 0 0 1
    outer loop
      vertex 4.48708 22.5581 6
      vertex 5.17638 19.3185 6
      vertex 5.95284 22.2163 6
    endloop
  endfacet
  facet normal 0 0 1
    outer loop
      vertex 4.48708 22.5581 6
      vertex 3.90181 19.6157 6
      vertex 5.17638 19.3185 6
    endloop
  endfacet
  facet normal 0 0 1
    outer loop
      vertex 3.0021 22.8032 6
      vertex 3.90181 19.6157 6
      vertex 4.48708 22.5581 6
    endloop
  endfacet
  facet normal 0 0 1
    outer loop
      vertex 3.0021 22.8032 6
      vertex 2.61052 19.8289 6
      vertex 3.90181 19.6157 6
    endloop
  endfacet
  facet normal 0 0 1
    outer loop
      vertex 1.50427 22.9508 6
      vertex 2.61052 19.8289 6
      vertex 3.0021 22.8032 6
    endloop
  endfacet
  facet normal 0 0 1
    outer loop
      vertex 1.50427 22.9508 6
      vertex 1.30806 19.9572 6
      vertex 2.61052 19.8289 6
    endloop
  endfacet
  facet normal 0 0 1
    outer loop
      vertex 0 23 6
      vertex 1.30806 19.9572 6
      vertex 1.50427 22.9508 6
    endloop
  endfacet
  facet normal 0 0 1
    outer loop
      vertex 0 23 6
      vertex 0 20 6
      vertex 1.30806 19.9572 6
    endloop
  endfacet
  facet normal 0 0 1
    outer loop
      vertex 0 23 6
      vertex -1.30806 19.9572 6
      vertex 0 20 6
    endloop
  endfacet
  facet normal -0 0 1
    outer loop
      vertex -1.50427 22.9508 6
      vertex -1.30806 19.9572 6
      vertex 0 23 6
    endloop
  endfacet
  facet normal 0 0 1
    outer loop
      vertex -1.50427 22.9508 6
      vertex -2.61052 19.8289 6
      vertex -1.30806 19.9572 6
    endloop
  endfacet
  facet normal -0 0 1
    outer loop
      vertex -3.0021 22.8032 6
      vertex -2.61052 19.8289 6
      vertex -1.50427 22.9508 6
    endloop
  endfacet
  facet normal 0 0 1
    outer loop
      vertex -3.0021 22.8032 6
      vertex -3.90181 19.6157 6
      vertex -2.61052 19.8289 6
    endloop
  endfacet
  facet normal -0 0 1
    outer loop
      vertex -4.48708 22.5581 6
      vertex -3.90181 19.6157 6
      vertex -3.0021 22.8032 6
    endloop
  endfacet
  facet normal 0 0 1
    outer loop
      vertex -4.48708 22.5581 6
      vertex -5.17638 19.3185 6
      vertex -3.90181 19.6157 6
    endloop
  endfacet
  facet normal -0 0 1
    outer loop
      vertex -5.95284 22.2163 6
      vertex -5.17638 19.3185 6
      vertex -4.48708 22.5581 6
    endloop
  endfacet
  facet normal 0 0 1
    outer loop
      vertex -5.95284 22.2163 6
      vertex -6.42879 18.9386 6
      vertex -5.17638 19.3185 6
    endloop
  endfacet
  facet normal -0 0 1
    outer loop
      vertex -7.39311 21.7794 6
      vertex -6.42879 18.9386 6
      vertex -5.95284 22.2163 6
    endloop
  endfacet
  facet normal 0 0 1
    outer loop
      vertex -7.39311 21.7794 6
      vertex -7.65367 18.4776 6
      vertex -6.42879 18.9386 6
    endloop
  endfacet
  facet normal -0 0 1
    outer loop
      vertex -8.80172 21.2492 6
      vertex -7.65367 18.4776 6
      vertex -7.39311 21.7794 6
    endloop
  endfacet
  facet normal 0 0 1
    outer loop
      vertex -8.80172 21.2492 6
      vertex -8.84577 17.9375 6
      vertex -7.65367 18.4776 6
    endloop
  endfacet
  facet normal -0 0 1
    outer loop
      vertex -10.1726 20.6281 6
      vertex -8.84577 17.9375 6
      vertex -8.80172 21.2492 6
    endloop
  endfacet
  facet normal 0 0 1
    outer loop
      vertex -8.84577 17.9375 6
      vertex -10.1726 20.6281 6
      vertex -10 17.3205 6
    endloop
  endfacet
  facet normal -0 0 1
    outer loop
      vertex -11.5 19.9186 6
      vertex -10 17.3205 6
      vertex -10.1726 20.6281 6
    endloop
  endfacet
  facet normal 0 0 1
    outer loop
      vertex -10 17.3205 6
      vertex -11.5 19.9186 6
      vertex -11.1114 16.6294 6
    endloop
  endfacet
  facet normal -0 0 1
    outer loop
      vertex -12.7781 19.1238 6
      vertex -11.1114 16.6294 6
      vertex -11.5 19.9186 6
    endloop
  endfacet
  facet normal 0 0 1
    outer loop
      vertex -11.1114 16.6294 6
      vertex -12.7781 19.1238 6
      vertex -12.1752 15.8671 6
    endloop
  endfacet
  facet normal -0 0 1
    outer loop
      vertex -14.0015 18.2471 6
      vertex -12.1752 15.8671 6
      vertex -12.7781 19.1238 6
    endloop
  endfacet
  facet normal 0 0 1
    outer loop
      vertex -12.1752 15.8671 6
      vertex -14.0015 18.2471 6
      vertex -13.1869 15.0368 6
    endloop
  endfacet
  facet normal -0 0 1
    outer loop
      vertex -15.165 17.2923 6
      vertex -13.1869 15.0368 6
      vertex -14.0015 18.2471 6
    endloop
  endfacet
  facet normal 0 0 1
    outer loop
      vertex -13.1869 15.0368 6
      vertex -15.165 17.2923 6
      vertex -14.1421 14.1421 6
    endloop
  endfacet
  facet normal -0 0 1
    outer loop
      vertex -16.2635 16.2635 6
      vertex -14.1421 14.1421 6
      vertex -15.165 17.2923 6
    endloop
  endfacet
  facet normal 0 0 1
    outer loop
      vertex -14.1421 14.1421 6
      vertex -16.2635 16.2635 6
      vertex -15.0368 13.1869 6
    endloop
  endfacet
  facet normal -0 0 1
    outer loop
      vertex -17.2923 15.165 6
      vertex -15.0368 13.1869 6
      vertex -16.2635 16.2635 6
    endloop
  endfacet
  facet normal 0 0 1
    outer loop
      vertex -15.0368 13.1869 6
      vertex -17.2923 15.165 6
      vertex -15.8671 12.1752 6
    endloop
  endfacet
  facet normal -0 0 1
    outer loop
      vertex -18.2471 14.0015 6
      vertex -15.8671 12.1752 6
      vertex -17.2923 15.165 6
    endloop
  endfacet
  facet normal 0 0 1
    outer loop
      vertex -15.8671 12.1752 6
      vertex -18.2471 14.0015 6
      vertex -16.6294 11.1114 6
    endloop
  endfacet
  facet normal -0 0 1
    outer loop
      vertex -19.1238 12.7781 6
      vertex -16.6294 11.1114 6
      vertex -18.2471 14.0015 6
    endloop
  endfacet
  facet normal 0 0 1
    outer loop
      vertex -16.6294 11.1114 6
      vertex -19.1238 12.7781 6
      vertex -17.3205 10 6
    endloop
  endfacet
  facet normal -0 0 1
    outer loop
      vertex -19.9186 11.5 6
      vertex -17.3205 10 6
      vertex -19.1238 12.7781 6
    endloop
  endfacet
  facet normal 0 0 1
    outer loop
      vertex -17.3205 10 6
      vertex -19.9186 11.5 6
      vertex -17.9375 8.84577 6
    endloop
  endfacet
  facet normal -0 0 1
    outer loop
      vertex -20.6281 10.1726 6
      vertex -17.9375 8.84577 6
      vertex -19.9186 11.5 6
    endloop
  endfacet
  facet normal 0 0 1
    outer loop
      vertex -17.9375 8.84577 6
      vertex -20.6281 10.1726 6
      vertex -18.4776 7.65367 6
    endloop
  endfacet
  facet normal -0 0 1
    outer loop
      vertex -21.2492 8.80172 6
      vertex -18.4776 7.65367 6
      vertex -20.6281 10.1726 6
    endloop
  endfacet
  facet normal 0 0 1
    outer loop
      vertex -18.4776 7.65367 6
      vertex -21.2492 8.80172 6
      vertex -18.9386 6.42879 6
    endloop
  endfacet
  facet normal -0 0 1
    outer loop
      vertex -21.7794 7.39311 6
      vertex -18.9386 6.42879 6
      vertex -21.2492 8.80172 6
    endloop
  endfacet
  facet normal 0 0 1
    outer loop
      vertex -18.9386 6.42879 6
      vertex -21.7794 7.39311 6
      vertex -19.3185 5.17638 6
    endloop
  endfacet
  facet normal -0 0 1
    outer loop
      vertex -22.2163 5.95284 6
      vertex -19.3185 5.17638 6
      vertex -21.7794 7.39311 6
    endloop
  endfacet
  facet normal 0 0 1
    outer loop
      vertex -19.3185 5.17638 6
      vertex -22.2163 5.95284 6
      vertex -19.6157 3.90181 6
    endloop
  endfacet
  facet normal -0 0 1
    outer loop
      vertex 19.3185 -5.17638 6
      vertex 22.2163 -5.95284 6
      vertex 19.6157 -3.90181 6
    endloop
  endfacet
  facet normal 0 0 1
    outer loop
      vertex 22.2163 -5.95284 6
      vertex 19.3185 -5.17638 6
      vertex 21.7794 -7.39311 6
    endloop
  endfacet
  facet normal -0 0 1
    outer loop
      vertex 18.9386 -6.42879 6
      vertex 21.7794 -7.39311 6
      vertex 19.3185 -5.17638 6
    endloop
  endfacet
  facet normal 0 0 1
    outer loop
      vertex 21.7794 -7.39311 6
      vertex 18.9386 -6.42879 6
      vertex 21.2492 -8.80172 6
    endloop
  endfacet
  facet normal -0 0 1
    outer loop
      vertex 18.4776 -7.65367 6
      vertex 21.2492 -8.80172 6
      vertex 18.9386 -6.42879 6
    endloop
  endfacet
  facet normal 0 0 1
    outer loop
      vertex 21.2492 -8.80172 6
      vertex 18.4776 -7.65367 6
      vertex 20.6281 -10.1726 6
    endloop
  endfacet
  facet normal -0 0 1
    outer loop
      vertex 17.9375 -8.84577 6
      vertex 20.6281 -10.1726 6
      vertex 18.4776 -7.65367 6
    endloop
  endfacet
  facet normal 0 0 1
    outer loop
      vertex 20.6281 -10.1726 6
      vertex 17.9375 -8.84577 6
      vertex 19.9186 -11.5 6
    endloop
  endfacet
  facet normal -0 0 1
    outer loop
      vertex 17.3205 -10 6
      vertex 19.9186 -11.5 6
      vertex 17.9375 -8.84577 6
    endloop
  endfacet
  facet normal 0 0 1
    outer loop
      vertex 19.9186 -11.5 6
      vertex 17.3205 -10 6
      vertex 19.1238 -12.7781 6
    endloop
  endfacet
  facet normal -0 0 1
    outer loop
      vertex 16.6294 -11.1114 6
      vertex 19.1238 -12.7781 6
      vertex 17.3205 -10 6
    endloop
  endfacet
  facet normal 0 0 1
    outer loop
      vertex 19.1238 -12.7781 6
      vertex 16.6294 -11.1114 6
      vertex 18.2471 -14.0015 6
    endloop
  endfacet
  facet normal -0 0 1
    outer loop
      vertex 15.8671 -12.1752 6
      vertex 18.2471 -14.0015 6
      vertex 16.6294 -11.1114 6
    endloop
  endfacet
  facet normal 0 0 1
    outer loop
      vertex 18.2471 -14.0015 6
      vertex 15.8671 -12.1752 6
      vertex 17.2923 -15.165 6
    endloop
  endfacet
  facet normal -0 0 1
    outer loop
      vertex 15.0368 -13.1869 6
      vertex 17.2923 -15.165 6
      vertex 15.8671 -12.1752 6
    endloop
  endfacet
  facet normal 0 0 1
    outer loop
      vertex 17.2923 -15.165 6
      vertex 15.0368 -13.1869 6
      vertex 16.2635 -16.2635 6
    endloop
  endfacet
  facet normal -0 0 1
    outer loop
      vertex 14.1421 -14.1421 6
      vertex 16.2635 -16.2635 6
      vertex 15.0368 -13.1869 6
    endloop
  endfacet
  facet normal 0 0 1
    outer loop
      vertex 16.2635 -16.2635 6
      vertex 14.1421 -14.1421 6
      vertex 15.165 -17.2923 6
    endloop
  endfacet
  facet normal -0 0 1
    outer loop
      vertex 13.1869 -15.0368 6
      vertex 15.165 -17.2923 6
      vertex 14.1421 -14.1421 6
    endloop
  endfacet
  facet normal 0 0 1
    outer loop
      vertex 15.165 -17.2923 6
      vertex 13.1869 -15.0368 6
      vertex 14.0015 -18.2471 6
    endloop
  endfacet
  facet normal -0 0 1
    outer loop
      vertex 12.1752 -15.8671 6
      vertex 14.0015 -18.2471 6
      vertex 13.1869 -15.0368 6
    endloop
  endfacet
  facet normal 0 0 1
    outer loop
      vertex 14.0015 -18.2471 6
      vertex 12.1752 -15.8671 6
      vertex 12.7781 -19.1238 6
    endloop
  endfacet
  facet normal -0 0 1
    outer loop
      vertex 11.1114 -16.6294 6
      vertex 12.7781 -19.1238 6
      vertex 12.1752 -15.8671 6
    endloop
  endfacet
  facet normal 0 0 1
    outer loop
      vertex 12.7781 -19.1238 6
      vertex 11.1114 -16.6294 6
      vertex 11.5 -19.9186 6
    endloop
  endfacet
  facet normal -0 0 1
    outer loop
      vertex 10 -17.3205 6
      vertex 11.5 -19.9186 6
      vertex 11.1114 -16.6294 6
    endloop
  endfacet
  facet normal 0 0 1
    outer loop
      vertex 11.5 -19.9186 6
      vertex 10 -17.3205 6
      vertex 10.1726 -20.6281 6
    endloop
  endfacet
  facet normal -0 0 1
    outer loop
      vertex 8.84577 -17.9375 6
      vertex 10.1726 -20.6281 6
      vertex 10 -17.3205 6
    endloop
  endfacet
  facet normal 0 0 1
    outer loop
      vertex 8.84577 -17.9375 6
      vertex 8.80172 -21.2492 6
      vertex 10.1726 -20.6281 6
    endloop
  endfacet
  facet normal -0 0 1
    outer loop
      vertex 7.65367 -18.4776 6
      vertex 8.80172 -21.2492 6
      vertex 8.84577 -17.9375 6
    endloop
  endfacet
  facet normal 0 0 1
    outer loop
      vertex 7.65367 -18.4776 6
      vertex 7.39311 -21.7794 6
      vertex 8.80172 -21.2492 6
    endloop
  endfacet
  facet normal -0 0 1
    outer loop
      vertex 6.42879 -18.9386 6
      vertex 7.39311 -21.7794 6
      vertex 7.65367 -18.4776 6
    endloop
  endfacet
  facet normal 0 0 1
    outer loop
      vertex 6.42879 -18.9386 6
      vertex 5.95284 -22.2163 6
      vertex 7.39311 -21.7794 6
    endloop
  endfacet
  facet normal -0 0 1
    outer loop
      vertex 5.17638 -19.3185 6
      vertex 5.95284 -22.2163 6
      vertex 6.42879 -18.9386 6
    endloop
  endfacet
  facet normal 0 0 1
    outer loop
      vertex 5.17638 -19.3185 6
      vertex 4.48708 -22.5581 6
      vertex 5.95284 -22.2163 6
    endloop
  endfacet
  facet normal -0 0 1
    outer loop
      vertex 3.90181 -19.6157 6
      vertex 4.48708 -22.5581 6
      vertex 5.17638 -19.3185 6
    endloop
  endfacet
  facet normal 0 0 1
    outer loop
      vertex 3.90181 -19.6157 6
      vertex 3.0021 -22.8032 6
      vertex 4.48708 -22.5581 6
    endloop
  endfacet
  facet normal -0 0 1
    outer loop
      vertex 2.61052 -19.8289 6
      vertex 3.0021 -22.8032 6
      vertex 3.90181 -19.6157 6
    endloop
  endfacet
  facet normal 0 0 1
    outer loop
      vertex 2.61052 -19.8289 6
      vertex 1.50427 -22.9508 6
      vertex 3.0021 -22.8032 6
    endloop
  endfacet
  facet normal -0 0 1
    outer loop
      vertex 1.30806 -19.9572 6
      vertex 1.50427 -22.9508 6
      vertex 2.61052 -19.8289 6
    endloop
  endfacet
  facet normal -0 0 1
    outer loop
      vertex 0 -20 6
      vertex 1.50427 -22.9508 6
      vertex 1.30806 -19.9572 6
    endloop
  endfacet
  facet normal 0 0 1
    outer loop
      vertex 0 -20 6
      vertex 0 -23 6
      vertex 1.50427 -22.9508 6
    endloop
  endfacet
  facet normal 0 0 1
    outer loop
      vertex -1.30806 -19.9572 6
      vertex 0 -23 6
      vertex 0 -20 6
    endloop
  endfacet
  facet normal 0 0 1
    outer loop
      vertex -1.30806 -19.9572 6
      vertex -1.50427 -22.9508 6
      vertex 0 -23 6
    endloop
  endfacet
  facet normal 0 0 1
    outer loop
      vertex -2.61052 -19.8289 6
      vertex -1.50427 -22.9508 6
      vertex -1.30806 -19.9572 6
    endloop
  endfacet
  facet normal 0 0 1
    outer loop
      vertex -2.61052 -19.8289 6
      vertex -3.0021 -22.8032 6
      vertex -1.50427 -22.9508 6
    endloop
  endfacet
  facet normal 0 0 1
    outer loop
      vertex -3.90181 -19.6157 6
      vertex -3.0021 -22.8032 6
      vertex -2.61052 -19.8289 6
    endloop
  endfacet
  facet normal 0 0 1
    outer loop
      vertex -3.90181 -19.6157 6
      vertex -4.48708 -22.5581 6
      vertex -3.0021 -22.8032 6
    endloop
  endfacet
  facet normal 0 0 1
    outer loop
      vertex -5.17638 -19.3185 6
      vertex -4.48708 -22.5581 6
      vertex -3.90181 -19.6157 6
    endloop
  endfacet
  facet normal 0 0 1
    outer loop
      vertex -5.17638 -19.3185 6
      vertex -5.95284 -22.2163 6
      vertex -4.48708 -22.5581 6
    endloop
  endfacet
  facet normal 0 0 1
    outer loop
      vertex -6.42879 -18.9386 6
      vertex -5.95284 -22.2163 6
      vertex -5.17638 -19.3185 6
    endloop
  endfacet
  facet normal 0 0 1
    outer loop
      vertex -6.42879 -18.9386 6
      vertex -7.39311 -21.7794 6
      vertex -5.95284 -22.2163 6
    endloop
  endfacet
  facet normal 0 0 1
    outer loop
      vertex -7.65367 -18.4776 6
      vertex -7.39311 -21.7794 6
      vertex -6.42879 -18.9386 6
    endloop
  endfacet
  facet normal 0 0 1
    outer loop
      vertex -7.65367 -18.4776 6
      vertex -8.80172 -21.2492 6
      vertex -7.39311 -21.7794 6
    endloop
  endfacet
  facet normal 0 0 1
    outer loop
      vertex -8.84577 -17.9375 6
      vertex -8.80172 -21.2492 6
      vertex -7.65367 -18.4776 6
    endloop
  endfacet
  facet normal 0 0 1
    outer loop
      vertex -10.1726 -20.6281 6
      vertex -8.84577 -17.9375 6
      vertex -10 -17.3205 6
    endloop
  endfacet
  facet normal 0 0 1
    outer loop
      vertex -8.84577 -17.9375 6
      vertex -10.1726 -20.6281 6
      vertex -8.80172 -21.2492 6
    endloop
  endfacet
  facet normal 0 0 1
    outer loop
      vertex -11.5 -19.9186 6
      vertex -10 -17.3205 6
      vertex -11.1114 -16.6294 6
    endloop
  endfacet
  facet normal 0 0 1
    outer loop
      vertex -10 -17.3205 6
      vertex -11.5 -19.9186 6
      vertex -10.1726 -20.6281 6
    endloop
  endfacet
  facet normal 0 0 1
    outer loop
      vertex -12.7781 -19.1238 6
      vertex -11.1114 -16.6294 6
      vertex -12.1752 -15.8671 6
    endloop
  endfacet
  facet normal 0 0 1
    outer loop
      vertex -11.1114 -16.6294 6
      vertex -12.7781 -19.1238 6
      vertex -11.5 -19.9186 6
    endloop
  endfacet
  facet normal 0 0 1
    outer loop
      vertex -14.0015 -18.2471 6
      vertex -12.1752 -15.8671 6
      vertex -13.1869 -15.0368 6
    endloop
  endfacet
  facet normal 0 0 1
    outer loop
      vertex -12.1752 -15.8671 6
      vertex -14.0015 -18.2471 6
      vertex -12.7781 -19.1238 6
    endloop
  endfacet
  facet normal 0 0 1
    outer loop
      vertex -15.165 -17.2923 6
      vertex -13.1869 -15.0368 6
      vertex -14.1421 -14.1421 6
    endloop
  endfacet
  facet normal 0 0 1
    outer loop
      vertex -16.2635 -16.2635 6
      vertex -14.1421 -14.1421 6
      vertex -15.0368 -13.1869 6
    endloop
  endfacet
  facet normal 0 0 1
    outer loop
      vertex -13.1869 -15.0368 6
      vertex -15.165 -17.2923 6
      vertex -14.0015 -18.2471 6
    endloop
  endfacet
  facet normal 0 0 1
    outer loop
      vertex -17.2923 -15.165 6
      vertex -15.0368 -13.1869 6
      vertex -15.8671 -12.1752 6
    endloop
  endfacet
  facet normal 0 0 1
    outer loop
      vertex -14.1421 -14.1421 6
      vertex -16.2635 -16.2635 6
      vertex -15.165 -17.2923 6
    endloop
  endfacet
  facet normal 0 0 1
    outer loop
      vertex -18.2471 -14.0015 6
      vertex -15.8671 -12.1752 6
      vertex -16.6294 -11.1114 6
    endloop
  endfacet
  facet normal 0 0 1
    outer loop
      vertex -15.0368 -13.1869 6
      vertex -17.2923 -15.165 6
      vertex -16.2635 -16.2635 6
    endloop
  endfacet
  facet normal 0 0 1
    outer loop
      vertex -19.1238 -12.7781 6
      vertex -16.6294 -11.1114 6
      vertex -17.3205 -10 6
    endloop
  endfacet
  facet normal 0 0 1
    outer loop
      vertex -19.9186 -11.5 6
      vertex -17.3205 -10 6
      vertex -17.9375 -8.84577 6
    endloop
  endfacet
  facet normal 0 0 1
    outer loop
      vertex -15.8671 -12.1752 6
      vertex -18.2471 -14.0015 6
      vertex -17.2923 -15.165 6
    endloop
  endfacet
  facet normal 0 0 1
    outer loop
      vertex -20.6281 -10.1726 6
      vertex -17.9375 -8.84577 6
      vertex -18.4776 -7.65367 6
    endloop
  endfacet
  facet normal 0 0 1
    outer loop
      vertex -21.2492 -8.80172 6
      vertex -18.4776 -7.65367 6
      vertex -18.9386 -6.42879 6
    endloop
  endfacet
  facet normal 0 0 1
    outer loop
      vertex -16.6294 -11.1114 6
      vertex -19.1238 -12.7781 6
      vertex -18.2471 -14.0015 6
    endloop
  endfacet
  facet normal 0 0 1
    outer loop
      vertex -21.7794 -7.39311 6
      vertex -18.9386 -6.42879 6
      vertex -19.3185 -5.17638 6
    endloop
  endfacet
  facet normal 0 0 1
    outer loop
      vertex -22.2163 -5.95284 6
      vertex -19.3185 -5.17638 6
      vertex -19.6157 -3.90181 6
    endloop
  endfacet
  facet normal 0 0 1
    outer loop
      vertex -22.5581 -4.48708 6
      vertex -19.6157 -3.90181 6
      vertex -19.8289 -2.61052 6
    endloop
  endfacet
  facet normal 0 0 1
    outer loop
      vertex -17.3205 -10 6
      vertex -19.9186 -11.5 6
      vertex -19.1238 -12.7781 6
    endloop
  endfacet
  facet normal 0 0 1
    outer loop
      vertex -22.8032 -3.0021 6
      vertex -19.8289 -2.61052 6
      vertex -19.9572 -1.30806 6
    endloop
  endfacet
  facet normal 0 0 1
    outer loop
      vertex -22.9508 -1.50427 6
      vertex -19.9572 -1.30806 6
      vertex -20 0 6
    endloop
  endfacet
  facet normal -0 0 1
    outer loop
      vertex -22.5581 4.48708 6
      vertex -19.6157 3.90181 6
      vertex -22.2163 5.95284 6
    endloop
  endfacet
  facet normal 0 0 1
    outer loop
      vertex -17.9375 -8.84577 6
      vertex -20.6281 -10.1726 6
      vertex -19.9186 -11.5 6
    endloop
  endfacet
  facet normal 0 0 1
    outer loop
      vertex -19.6157 3.90181 6
      vertex -22.5581 4.48708 6
      vertex -19.8289 2.61052 6
    endloop
  endfacet
  facet normal 0 0 1
    outer loop
      vertex -18.4776 -7.65367 6
      vertex -21.2492 -8.80172 6
      vertex -20.6281 -10.1726 6
    endloop
  endfacet
  facet normal -0 0 1
    outer loop
      vertex -22.8032 3.0021 6
      vertex -19.8289 2.61052 6
      vertex -22.5581 4.48708 6
    endloop
  endfacet
  facet normal 0 0 1
    outer loop
      vertex -18.9386 -6.42879 6
      vertex -21.7794 -7.39311 6
      vertex -21.2492 -8.80172 6
    endloop
  endfacet
  facet normal 0 0 1
    outer loop
      vertex -19.8289 2.61052 6
      vertex -22.8032 3.0021 6
      vertex -19.9572 1.30806 6
    endloop
  endfacet
  facet normal 0 0 1
    outer loop
      vertex -19.3185 -5.17638 6
      vertex -22.2163 -5.95284 6
      vertex -21.7794 -7.39311 6
    endloop
  endfacet
  facet normal -0 0 1
    outer loop
      vertex -22.9508 1.50427 6
      vertex -19.9572 1.30806 6
      vertex -22.8032 3.0021 6
    endloop
  endfacet
  facet normal 0 0 1
    outer loop
      vertex -19.6157 -3.90181 6
      vertex -22.5581 -4.48708 6
      vertex -22.2163 -5.95284 6
    endloop
  endfacet
  facet normal 0 0 1
    outer loop
      vertex -19.9572 1.30806 6
      vertex -22.9508 1.50427 6
      vertex -20 0 6
    endloop
  endfacet
  facet normal 0 0 1
    outer loop
      vertex -19.8289 -2.61052 6
      vertex -22.8032 -3.0021 6
      vertex -22.5581 -4.48708 6
    endloop
  endfacet
  facet normal 0 0 1
    outer loop
      vertex -23 0 6
      vertex -20 0 6
      vertex -22.9508 1.50427 6
    endloop
  endfacet
  facet normal 0 0 1
    outer loop
      vertex -19.9572 -1.30806 6
      vertex -22.9508 -1.50427 6
      vertex -22.8032 -3.0021 6
    endloop
  endfacet
  facet normal 0 0 1
    outer loop
      vertex -20 0 6
      vertex -23 0 6
      vertex -22.9508 -1.50427 6
    endloop
  endfacet
  facet normal -0.973872 0.227097 0
    outer loop
      vertex -22.5581 4.48708 0
      vertex -22.2163 5.95284 6
      vertex -22.2163 5.95284 0
    endloop
  endfacet
  facet normal -0.973872 0.227097 0
    outer loop
      vertex -22.2163 5.95284 6
      vertex -22.5581 4.48708 0
      vertex -22.5581 4.48708 6
    endloop
  endfacet
  facet normal -0.812839 0.582488 0
    outer loop
      vertex -19.1238 12.7781 0
      vertex -18.2471 14.0015 6
      vertex -18.2471 14.0015 0
    endloop
  endfacet
  facet normal -0.812839 0.582488 0
    outer loop
      vertex -18.2471 14.0015 6
      vertex -19.1238 12.7781 0
      vertex -19.1238 12.7781 6
    endloop
  endfacet
  facet normal -0.227097 0.973872 0
    outer loop
      vertex -4.48708 22.5581 0
      vertex -5.95284 22.2163 6
      vertex -4.48708 22.5581 6
    endloop
  endfacet
  facet normal -0.227097 0.973872 0
    outer loop
      vertex -5.95284 22.2163 6
      vertex -4.48708 22.5581 0
      vertex -5.95284 22.2163 0
    endloop
  endfacet
  facet normal -0.0326894 0.999466 0
    outer loop
      vertex 0 23 0
      vertex -1.50427 22.9508 6
      vertex 0 23 6
    endloop
  endfacet
  facet normal -0.0326894 0.999466 0
    outer loop
      vertex -1.50427 22.9508 6
      vertex 0 23 0
      vertex -1.50427 22.9508 0
    endloop
  endfacet
  facet normal -0.52808 0.849194 0
    outer loop
      vertex -11.5 19.9186 0
      vertex -12.7781 19.1238 6
      vertex -11.5 19.9186 6
    endloop
  endfacet
  facet normal -0.52808 0.849194 0
    outer loop
      vertex -12.7781 19.1238 6
      vertex -11.5 19.9186 0
      vertex -12.7781 19.1238 0
    endloop
  endfacet
  facet normal -0.412686 0.910873 0
    outer loop
      vertex -8.80172 21.2492 0
      vertex -10.1726 20.6281 6
      vertex -8.80172 21.2492 6
    endloop
  endfacet
  facet normal -0.412686 0.910873 0
    outer loop
      vertex -10.1726 20.6281 6
      vertex -8.80172 21.2492 0
      vertex -10.1726 20.6281 0
    endloop
  endfacet
  facet normal -0.683572 0.729883 0
    outer loop
      vertex -15.165 17.2923 0
      vertex -16.2635 16.2635 6
      vertex -15.165 17.2923 6
    endloop
  endfacet
  facet normal -0.683572 0.729883 0
    outer loop
      vertex -16.2635 16.2635 6
      vertex -15.165 17.2923 0
      vertex -16.2635 16.2635 0
    endloop
  endfacet
  facet normal 0.999466 0.0326894 0
    outer loop
      vertex 23 0 6
      vertex 22.9508 1.50427 0
      vertex 22.9508 1.50427 6
    endloop
  endfacet
  facet normal 0.999466 0.0326894 0
    outer loop
      vertex 22.9508 1.50427 0
      vertex 23 0 6
      vertex 23 0 0
    endloop
  endfacet
  facet normal 0.956941 -0.290284 0
    outer loop
      vertex 21.7794 -7.39311 6
      vertex 22.2163 -5.95284 0
      vertex 22.2163 -5.95284 6
    endloop
  endfacet
  facet normal 0.956941 -0.290284 0
    outer loop
      vertex 22.2163 -5.95284 0
      vertex 21.7794 -7.39311 6
      vertex 21.7794 -7.39311 0
    endloop
  endfacet
  facet normal 0.77303 -0.63437 0
    outer loop
      vertex 17.2923 -15.165 6
      vertex 18.2471 -14.0015 0
      vertex 18.2471 -14.0015 6
    endloop
  endfacet
  facet normal 0.77303 -0.63437 0
    outer loop
      vertex 18.2471 -14.0015 0
      vertex 17.2923 -15.165 6
      vertex 17.2923 -15.165 0
    endloop
  endfacet
  facet normal 0.290284 -0.956941 0
    outer loop
      vertex 5.95284 -22.2163 0
      vertex 7.39311 -21.7794 6
      vertex 5.95284 -22.2163 6
    endloop
  endfacet
  facet normal 0.290284 -0.956941 0
    outer loop
      vertex 7.39311 -21.7794 6
      vertex 5.95284 -22.2163 0
      vertex 7.39311 -21.7794 0
    endloop
  endfacet
  facet normal 0.63437 -0.77303 0
    outer loop
      vertex 14.0015 -18.2471 0
      vertex 15.165 -17.2923 6
      vertex 14.0015 -18.2471 6
    endloop
  endfacet
  facet normal 0.63437 -0.77303 0
    outer loop
      vertex 15.165 -17.2923 6
      vertex 14.0015 -18.2471 0
      vertex 15.165 -17.2923 0
    endloop
  endfacet
  facet normal 0.471392 -0.881924 0
    outer loop
      vertex 10.1726 -20.6281 0
      vertex 11.5 -19.9186 6
      vertex 10.1726 -20.6281 6
    endloop
  endfacet
  facet normal 0.471392 -0.881924 0
    outer loop
      vertex 11.5 -19.9186 6
      vertex 10.1726 -20.6281 0
      vertex 11.5 -19.9186 0
    endloop
  endfacet
  facet normal -0.973872 -0.227097 0
    outer loop
      vertex -22.2163 -5.95284 0
      vertex -22.5581 -4.48708 6
      vertex -22.5581 -4.48708 0
    endloop
  endfacet
  facet normal -0.973872 -0.227097 0
    outer loop
      vertex -22.5581 -4.48708 6
      vertex -22.2163 -5.95284 0
      vertex -22.2163 -5.95284 6
    endloop
  endfacet
  facet normal -0.935898 -0.352271 0
    outer loop
      vertex -21.2492 -8.80172 0
      vertex -21.7794 -7.39311 6
      vertex -21.7794 -7.39311 0
    endloop
  endfacet
  facet normal -0.935898 -0.352271 0
    outer loop
      vertex -21.7794 -7.39311 6
      vertex -21.2492 -8.80172 0
      vertex -21.2492 -8.80172 6
    endloop
  endfacet
  facet normal -0.999466 -0.0326894 0
    outer loop
      vertex -22.9508 -1.50427 0
      vertex -23 0 6
      vertex -23 0 0
    endloop
  endfacet
  facet normal -0.999466 -0.0326894 0
    outer loop
      vertex -23 0 6
      vertex -22.9508 -1.50427 0
      vertex -22.9508 -1.50427 6
    endloop
  endfacet
  facet normal -0.812839 -0.582488 0
    outer loop
      vertex -18.2471 -14.0015 0
      vertex -19.1238 -12.7781 6
      vertex -19.1238 -12.7781 0
    endloop
  endfacet
  facet normal -0.812839 -0.582488 0
    outer loop
      vertex -19.1238 -12.7781 6
      vertex -18.2471 -14.0015 0
      vertex -18.2471 -14.0015 6
    endloop
  endfacet
  facet normal -0.910873 -0.412686 0
    outer loop
      vertex -20.6281 -10.1726 0
      vertex -21.2492 -8.80172 6
      vertex -21.2492 -8.80172 0
    endloop
  endfacet
  facet normal -0.910873 -0.412686 0
    outer loop
      vertex -21.2492 -8.80172 6
      vertex -20.6281 -10.1726 0
      vertex -20.6281 -10.1726 6
    endloop
  endfacet
  facet normal -0.729883 -0.683572 0
    outer loop
      vertex -16.2635 -16.2635 0
      vertex -17.2923 -15.165 6
      vertex -17.2923 -15.165 0
    endloop
  endfacet
  facet normal -0.729883 -0.683572 0
    outer loop
      vertex -17.2923 -15.165 6
      vertex -16.2635 -16.2635 0
      vertex -16.2635 -16.2635 6
    endloop
  endfacet
  facet normal 0.986651 0.162849 0
    outer loop
      vertex 22.8032 3.0021 6
      vertex 22.5581 4.48708 0
      vertex 22.5581 4.48708 6
    endloop
  endfacet
  facet normal 0.986651 0.162849 0
    outer loop
      vertex 22.5581 4.48708 0
      vertex 22.8032 3.0021 6
      vertex 22.8032 3.0021 0
    endloop
  endfacet
  facet normal 0.910873 0.412686 0
    outer loop
      vertex 21.2492 8.80172 6
      vertex 20.6281 10.1726 0
      vertex 20.6281 10.1726 6
    endloop
  endfacet
  facet normal 0.910873 0.412686 0
    outer loop
      vertex 20.6281 10.1726 0
      vertex 21.2492 8.80172 6
      vertex 21.2492 8.80172 0
    endloop
  endfacet
  facet normal 0.935898 0.352271 0
    outer loop
      vertex 21.7794 7.39311 6
      vertex 21.2492 8.80172 0
      vertex 21.2492 8.80172 6
    endloop
  endfacet
  facet normal 0.935898 0.352271 0
    outer loop
      vertex 21.2492 8.80172 0
      vertex 21.7794 7.39311 6
      vertex 21.7794 7.39311 0
    endloop
  endfacet
  facet normal 0.729883 0.683572 0
    outer loop
      vertex 17.2923 15.165 6
      vertex 16.2635 16.2635 0
      vertex 16.2635 16.2635 6
    endloop
  endfacet
  facet normal 0.729883 0.683572 0
    outer loop
      vertex 16.2635 16.2635 0
      vertex 17.2923 15.165 6
      vertex 17.2923 15.165 0
    endloop
  endfacet
  facet normal 0.683572 0.729883 -0
    outer loop
      vertex 16.2635 16.2635 0
      vertex 15.165 17.2923 6
      vertex 16.2635 16.2635 6
    endloop
  endfacet
  facet normal 0.683572 0.729883 0
    outer loop
      vertex 15.165 17.2923 6
      vertex 16.2635 16.2635 0
      vertex 15.165 17.2923 0
    endloop
  endfacet
  facet normal 0.582488 0.812839 -0
    outer loop
      vertex 14.0015 18.2471 0
      vertex 12.7781 19.1238 6
      vertex 14.0015 18.2471 6
    endloop
  endfacet
  facet normal 0.582488 0.812839 0
    outer loop
      vertex 12.7781 19.1238 6
      vertex 14.0015 18.2471 0
      vertex 12.7781 19.1238 0
    endloop
  endfacet
  facet normal 0.290284 0.956941 -0
    outer loop
      vertex 7.39311 21.7794 0
      vertex 5.95284 22.2163 6
      vertex 7.39311 21.7794 6
    endloop
  endfacet
  facet normal 0.290284 0.956941 0
    outer loop
      vertex 5.95284 22.2163 6
      vertex 7.39311 21.7794 0
      vertex 5.95284 22.2163 0
    endloop
  endfacet
  facet normal 0.352271 0.935898 -0
    outer loop
      vertex 8.80172 21.2492 0
      vertex 7.39311 21.7794 6
      vertex 8.80172 21.2492 6
    endloop
  endfacet
  facet normal 0.352271 0.935898 0
    outer loop
      vertex 7.39311 21.7794 6
      vertex 8.80172 21.2492 0
      vertex 7.39311 21.7794 0
    endloop
  endfacet
  facet normal 0.0980676 0.99518 -0
    outer loop
      vertex 3.0021 22.8032 0
      vertex 1.50427 22.9508 6
      vertex 3.0021 22.8032 6
    endloop
  endfacet
  facet normal 0.0980676 0.99518 0
    outer loop
      vertex 1.50427 22.9508 6
      vertex 3.0021 22.8032 0
      vertex 1.50427 22.9508 0
    endloop
  endfacet
  facet normal -0.956941 0.290284 0
    outer loop
      vertex -22.2163 5.95284 0
      vertex -21.7794 7.39311 6
      vertex -21.7794 7.39311 0
    endloop
  endfacet
  facet normal -0.956941 0.290284 0
    outer loop
      vertex -21.7794 7.39311 6
      vertex -22.2163 5.95284 0
      vertex -22.2163 5.95284 6
    endloop
  endfacet
  facet normal -0.935898 0.352271 0
    outer loop
      vertex -21.7794 7.39311 0
      vertex -21.2492 8.80172 6
      vertex -21.2492 8.80172 0
    endloop
  endfacet
  facet normal -0.935898 0.352271 0
    outer loop
      vertex -21.2492 8.80172 6
      vertex -21.7794 7.39311 0
      vertex -21.7794 7.39311 6
    endloop
  endfacet
  facet normal -0.99518 0.0980676 0
    outer loop
      vertex -22.9508 1.50427 0
      vertex -22.8032 3.0021 6
      vertex -22.8032 3.0021 0
    endloop
  endfacet
  facet normal -0.99518 0.0980676 0
    outer loop
      vertex -22.8032 3.0021 6
      vertex -22.9508 1.50427 0
      vertex -22.9508 1.50427 6
    endloop
  endfacet
  facet normal -0.881924 0.471392 0
    outer loop
      vertex -20.6281 10.1726 0
      vertex -19.9186 11.5 6
      vertex -19.9186 11.5 0
    endloop
  endfacet
  facet normal -0.881924 0.471392 0
    outer loop
      vertex -19.9186 11.5 6
      vertex -20.6281 10.1726 0
      vertex -20.6281 10.1726 6
    endloop
  endfacet
  facet normal -0.290284 0.956941 0
    outer loop
      vertex -5.95284 22.2163 0
      vertex -7.39311 21.7794 6
      vertex -5.95284 22.2163 6
    endloop
  endfacet
  facet normal -0.290284 0.956941 0
    outer loop
      vertex -7.39311 21.7794 6
      vertex -5.95284 22.2163 0
      vertex -7.39311 21.7794 0
    endloop
  endfacet
  facet normal -0.63437 0.77303 0
    outer loop
      vertex -14.0015 18.2471 0
      vertex -15.165 17.2923 6
      vertex -14.0015 18.2471 6
    endloop
  endfacet
  facet normal -0.63437 0.77303 0
    outer loop
      vertex -15.165 17.2923 6
      vertex -14.0015 18.2471 0
      vertex -15.165 17.2923 0
    endloop
  endfacet
  facet normal -0.582488 0.812839 0
    outer loop
      vertex -12.7781 19.1238 0
      vertex -14.0015 18.2471 6
      vertex -12.7781 19.1238 6
    endloop
  endfacet
  facet normal -0.582488 0.812839 0
    outer loop
      vertex -14.0015 18.2471 6
      vertex -12.7781 19.1238 0
      vertex -14.0015 18.2471 0
    endloop
  endfacet
  facet normal 0.99518 -0.0980676 0
    outer loop
      vertex 22.8032 -3.0021 6
      vertex 22.9508 -1.50427 0
      vertex 22.9508 -1.50427 6
    endloop
  endfacet
  facet normal 0.99518 -0.0980676 0
    outer loop
      vertex 22.9508 -1.50427 0
      vertex 22.8032 -3.0021 6
      vertex 22.8032 -3.0021 0
    endloop
  endfacet
  facet normal 0.0326894 -0.999466 0
    outer loop
      vertex 0 -23 0
      vertex 1.50427 -22.9508 6
      vertex 0 -23 6
    endloop
  endfacet
  facet normal 0.0326894 -0.999466 0
    outer loop
      vertex 1.50427 -22.9508 6
      vertex 0 -23 0
      vertex 1.50427 -22.9508 0
    endloop
  endfacet
  facet normal 0.881924 -0.471392 0
    outer loop
      vertex 19.9186 -11.5 6
      vertex 20.6281 -10.1726 0
      vertex 20.6281 -10.1726 6
    endloop
  endfacet
  facet normal 0.881924 -0.471392 0
    outer loop
      vertex 20.6281 -10.1726 0
      vertex 19.9186 -11.5 6
      vertex 19.9186 -11.5 0
    endloop
  endfacet
  facet normal 0.162849 -0.986651 0
    outer loop
      vertex 3.0021 -22.8032 0
      vertex 4.48708 -22.5581 6
      vertex 3.0021 -22.8032 6
    endloop
  endfacet
  facet normal 0.162849 -0.986651 0
    outer loop
      vertex 4.48708 -22.5581 6
      vertex 3.0021 -22.8032 0
      vertex 4.48708 -22.5581 0
    endloop
  endfacet
  facet normal 0.352271 -0.935898 0
    outer loop
      vertex 7.39311 -21.7794 0
      vertex 8.80172 -21.2492 6
      vertex 7.39311 -21.7794 6
    endloop
  endfacet
  facet normal 0.352271 -0.935898 0
    outer loop
      vertex 8.80172 -21.2492 6
      vertex 7.39311 -21.7794 0
      vertex 8.80172 -21.2492 0
    endloop
  endfacet
  facet normal 0.729883 -0.683572 0
    outer loop
      vertex 16.2635 -16.2635 6
      vertex 17.2923 -15.165 0
      vertex 17.2923 -15.165 6
    endloop
  endfacet
  facet normal 0.729883 -0.683572 0
    outer loop
      vertex 17.2923 -15.165 0
      vertex 16.2635 -16.2635 6
      vertex 16.2635 -16.2635 0
    endloop
  endfacet
  facet normal 0.683572 -0.729883 0
    outer loop
      vertex 15.165 -17.2923 0
      vertex 16.2635 -16.2635 6
      vertex 15.165 -17.2923 6
    endloop
  endfacet
  facet normal 0.683572 -0.729883 0
    outer loop
      vertex 16.2635 -16.2635 6
      vertex 15.165 -17.2923 0
      vertex 16.2635 -16.2635 0
    endloop
  endfacet
  facet normal 0.52808 -0.849194 0
    outer loop
      vertex 11.5 -19.9186 0
      vertex 12.7781 -19.1238 6
      vertex 11.5 -19.9186 6
    endloop
  endfacet
  facet normal 0.52808 -0.849194 0
    outer loop
      vertex 12.7781 -19.1238 6
      vertex 11.5 -19.9186 0
      vertex 12.7781 -19.1238 0
    endloop
  endfacet
  facet normal 0.582488 -0.812839 0
    outer loop
      vertex 12.7781 -19.1238 0
      vertex 14.0015 -18.2471 6
      vertex 12.7781 -19.1238 6
    endloop
  endfacet
  facet normal 0.582488 -0.812839 0
    outer loop
      vertex 14.0015 -18.2471 6
      vertex 12.7781 -19.1238 0
      vertex 14.0015 -18.2471 0
    endloop
  endfacet
  facet normal -0.352271 -0.935898 0
    outer loop
      vertex -8.80172 -21.2492 0
      vertex -7.39311 -21.7794 6
      vertex -8.80172 -21.2492 6
    endloop
  endfacet
  facet normal -0.352271 -0.935898 -0
    outer loop
      vertex -7.39311 -21.7794 6
      vertex -8.80172 -21.2492 0
      vertex -7.39311 -21.7794 0
    endloop
  endfacet
  facet normal -0.0980676 -0.99518 0
    outer loop
      vertex -3.0021 -22.8032 0
      vertex -1.50427 -22.9508 6
      vertex -3.0021 -22.8032 6
    endloop
  endfacet
  facet normal -0.0980676 -0.99518 -0
    outer loop
      vertex -1.50427 -22.9508 6
      vertex -3.0021 -22.8032 0
      vertex -1.50427 -22.9508 0
    endloop
  endfacet
  facet normal -0.162849 -0.986651 0
    outer loop
      vertex -4.48708 -22.5581 0
      vertex -3.0021 -22.8032 6
      vertex -4.48708 -22.5581 6
    endloop
  endfacet
  facet normal -0.162849 -0.986651 -0
    outer loop
      vertex -3.0021 -22.8032 6
      vertex -4.48708 -22.5581 0
      vertex -3.0021 -22.8032 0
    endloop
  endfacet
  facet normal -0.0326894 -0.999466 0
    outer loop
      vertex -1.50427 -22.9508 0
      vertex 0 -23 6
      vertex -1.50427 -22.9508 6
    endloop
  endfacet
  facet normal -0.0326894 -0.999466 -0
    outer loop
      vertex 0 -23 6
      vertex -1.50427 -22.9508 0
      vertex 0 -23 0
    endloop
  endfacet
  facet normal -0.227097 -0.973872 0
    outer loop
      vertex -5.95284 -22.2163 0
      vertex -4.48708 -22.5581 6
      vertex -5.95284 -22.2163 6
    endloop
  endfacet
  facet normal -0.227097 -0.973872 -0
    outer loop
      vertex -4.48708 -22.5581 6
      vertex -5.95284 -22.2163 0
      vertex -4.48708 -22.5581 0
    endloop
  endfacet
  facet normal -0.471392 -0.881924 0
    outer loop
      vertex -11.5 -19.9186 0
      vertex -10.1726 -20.6281 6
      vertex -11.5 -19.9186 6
    endloop
  endfacet
  facet normal -0.471392 -0.881924 -0
    outer loop
      vertex -10.1726 -20.6281 6
      vertex -11.5 -19.9186 0
      vertex -10.1726 -20.6281 0
    endloop
  endfacet
  facet normal -0.52808 -0.849194 0
    outer loop
      vertex -12.7781 -19.1238 0
      vertex -11.5 -19.9186 6
      vertex -12.7781 -19.1238 6
    endloop
  endfacet
  facet normal -0.52808 -0.849194 -0
    outer loop
      vertex -11.5 -19.9186 6
      vertex -12.7781 -19.1238 0
      vertex -11.5 -19.9186 0
    endloop
  endfacet
  facet normal -0.412686 -0.910873 0
    outer loop
      vertex -10.1726 -20.6281 0
      vertex -8.80172 -21.2492 6
      vertex -10.1726 -20.6281 6
    endloop
  endfacet
  facet normal -0.412686 -0.910873 -0
    outer loop
      vertex -8.80172 -21.2492 6
      vertex -10.1726 -20.6281 0
      vertex -8.80172 -21.2492 0
    endloop
  endfacet
  facet normal -0.63437 -0.77303 0
    outer loop
      vertex -15.165 -17.2923 0
      vertex -14.0015 -18.2471 6
      vertex -15.165 -17.2923 6
    endloop
  endfacet
  facet normal -0.63437 -0.77303 -0
    outer loop
      vertex -14.0015 -18.2471 6
      vertex -15.165 -17.2923 0
      vertex -14.0015 -18.2471 0
    endloop
  endfacet
  facet normal -0.582488 -0.812839 0
    outer loop
      vertex -14.0015 -18.2471 0
      vertex -12.7781 -19.1238 6
      vertex -14.0015 -18.2471 6
    endloop
  endfacet
  facet normal -0.582488 -0.812839 -0
    outer loop
      vertex -12.7781 -19.1238 6
      vertex -14.0015 -18.2471 0
      vertex -12.7781 -19.1238 0
    endloop
  endfacet
  facet normal -0.956941 -0.290284 0
    outer loop
      vertex -21.7794 -7.39311 0
      vertex -22.2163 -5.95284 6
      vertex -22.2163 -5.95284 0
    endloop
  endfacet
  facet normal -0.956941 -0.290284 0
    outer loop
      vertex -22.2163 -5.95284 6
      vertex -21.7794 -7.39311 0
      vertex -21.7794 -7.39311 6
    endloop
  endfacet
  facet normal -0.99518 -0.0980676 0
    outer loop
      vertex -22.8032 -3.0021 0
      vertex -22.9508 -1.50427 6
      vertex -22.9508 -1.50427 0
    endloop
  endfacet
  facet normal -0.99518 -0.0980676 0
    outer loop
      vertex -22.9508 -1.50427 6
      vertex -22.8032 -3.0021 0
      vertex -22.8032 -3.0021 6
    endloop
  endfacet
  facet normal -0.986651 -0.162849 0
    outer loop
      vertex -22.5581 -4.48708 0
      vertex -22.8032 -3.0021 6
      vertex -22.8032 -3.0021 0
    endloop
  endfacet
  facet normal -0.986651 -0.162849 0
    outer loop
      vertex -22.8032 -3.0021 6
      vertex -22.5581 -4.48708 0
      vertex -22.5581 -4.48708 6
    endloop
  endfacet
  facet normal -0.881924 -0.471392 0
    outer loop
      vertex -19.9186 -11.5 0
      vertex -20.6281 -10.1726 6
      vertex -20.6281 -10.1726 0
    endloop
  endfacet
  facet normal -0.881924 -0.471392 0
    outer loop
      vertex -20.6281 -10.1726 6
      vertex -19.9186 -11.5 0
      vertex -19.9186 -11.5 6
    endloop
  endfacet
  facet normal 0.849194 0.52808 0
    outer loop
      vertex 19.9186 11.5 6
      vertex 19.1238 12.7781 0
      vertex 19.1238 12.7781 6
    endloop
  endfacet
  facet normal 0.849194 0.52808 0
    outer loop
      vertex 19.1238 12.7781 0
      vertex 19.9186 11.5 6
      vertex 19.9186 11.5 0
    endloop
  endfacet
  facet normal 0.162849 0.986651 -0
    outer loop
      vertex 4.48708 22.5581 0
      vertex 3.0021 22.8032 6
      vertex 4.48708 22.5581 6
    endloop
  endfacet
  facet normal 0.162849 0.986651 0
    outer loop
      vertex 3.0021 22.8032 6
      vertex 4.48708 22.5581 0
      vertex 3.0021 22.8032 0
    endloop
  endfacet
  facet normal -0.986651 0.162849 0
    outer loop
      vertex -22.8032 3.0021 0
      vertex -22.5581 4.48708 6
      vertex -22.5581 4.48708 0
    endloop
  endfacet
  facet normal -0.986651 0.162849 0
    outer loop
      vertex -22.5581 4.48708 6
      vertex -22.8032 3.0021 0
      vertex -22.8032 3.0021 6
    endloop
  endfacet
  facet normal -0.849194 0.52808 0
    outer loop
      vertex -19.9186 11.5 0
      vertex -19.1238 12.7781 6
      vertex -19.1238 12.7781 0
    endloop
  endfacet
  facet normal -0.849194 0.52808 0
    outer loop
      vertex -19.1238 12.7781 6
      vertex -19.9186 11.5 0
      vertex -19.9186 11.5 6
    endloop
  endfacet
  facet normal -0.77303 0.63437 0
    outer loop
      vertex -18.2471 14.0015 0
      vertex -17.2923 15.165 6
      vertex -17.2923 15.165 0
    endloop
  endfacet
  facet normal -0.77303 0.63437 0
    outer loop
      vertex -17.2923 15.165 6
      vertex -18.2471 14.0015 0
      vertex -18.2471 14.0015 6
    endloop
  endfacet
  facet normal -0.0980676 0.99518 0
    outer loop
      vertex -1.50427 22.9508 0
      vertex -3.0021 22.8032 6
      vertex -1.50427 22.9508 6
    endloop
  endfacet
  facet normal -0.0980676 0.99518 0
    outer loop
      vertex -3.0021 22.8032 6
      vertex -1.50427 22.9508 0
      vertex -3.0021 22.8032 0
    endloop
  endfacet
  facet normal -0.471392 0.881924 0
    outer loop
      vertex -10.1726 20.6281 0
      vertex -11.5 19.9186 6
      vertex -10.1726 20.6281 6
    endloop
  endfacet
  facet normal -0.471392 0.881924 0
    outer loop
      vertex -11.5 19.9186 6
      vertex -10.1726 20.6281 0
      vertex -11.5 19.9186 0
    endloop
  endfacet
  facet normal 0.973872 -0.227097 0
    outer loop
      vertex 22.2163 -5.95284 6
      vertex 22.5581 -4.48708 0
      vertex 22.5581 -4.48708 6
    endloop
  endfacet
  facet normal 0.973872 -0.227097 0
    outer loop
      vertex 22.5581 -4.48708 0
      vertex 22.2163 -5.95284 6
      vertex 22.2163 -5.95284 0
    endloop
  endfacet
  facet normal 0.910873 -0.412686 0
    outer loop
      vertex 20.6281 -10.1726 6
      vertex 21.2492 -8.80172 0
      vertex 21.2492 -8.80172 6
    endloop
  endfacet
  facet normal 0.910873 -0.412686 0
    outer loop
      vertex 21.2492 -8.80172 0
      vertex 20.6281 -10.1726 6
      vertex 20.6281 -10.1726 0
    endloop
  endfacet
  facet normal 0.849194 -0.52808 0
    outer loop
      vertex 19.1238 -12.7781 6
      vertex 19.9186 -11.5 0
      vertex 19.9186 -11.5 6
    endloop
  endfacet
  facet normal 0.849194 -0.52808 0
    outer loop
      vertex 19.9186 -11.5 0
      vertex 19.1238 -12.7781 6
      vertex 19.1238 -12.7781 0
    endloop
  endfacet
  facet normal 0.0980676 -0.99518 0
    outer loop
      vertex 1.50427 -22.9508 0
      vertex 3.0021 -22.8032 6
      vertex 1.50427 -22.9508 6
    endloop
  endfacet
  facet normal 0.0980676 -0.99518 0
    outer loop
      vertex 3.0021 -22.8032 6
      vertex 1.50427 -22.9508 0
      vertex 3.0021 -22.8032 0
    endloop
  endfacet
  facet normal 0.227097 -0.973872 0
    outer loop
      vertex 4.48708 -22.5581 0
      vertex 5.95284 -22.2163 6
      vertex 4.48708 -22.5581 6
    endloop
  endfacet
  facet normal 0.227097 -0.973872 0
    outer loop
      vertex 5.95284 -22.2163 6
      vertex 4.48708 -22.5581 0
      vertex 5.95284 -22.2163 0
    endloop
  endfacet
  facet normal 0.412686 -0.910873 0
    outer loop
      vertex 8.80172 -21.2492 0
      vertex 10.1726 -20.6281 6
      vertex 8.80172 -21.2492 6
    endloop
  endfacet
  facet normal 0.412686 -0.910873 0
    outer loop
      vertex 10.1726 -20.6281 6
      vertex 8.80172 -21.2492 0
      vertex 10.1726 -20.6281 0
    endloop
  endfacet
  facet normal -0.290284 -0.956941 0
    outer loop
      vertex -7.39311 -21.7794 0
      vertex -5.95284 -22.2163 6
      vertex -7.39311 -21.7794 6
    endloop
  endfacet
  facet normal -0.290284 -0.956941 -0
    outer loop
      vertex -5.95284 -22.2163 6
      vertex -7.39311 -21.7794 0
      vertex -5.95284 -22.2163 0
    endloop
  endfacet
  facet normal -0.849194 -0.52808 0
    outer loop
      vertex -19.1238 -12.7781 0
      vertex -19.9186 -11.5 6
      vertex -19.9186 -11.5 0
    endloop
  endfacet
  facet normal -0.849194 -0.52808 0
    outer loop
      vertex -19.9186 -11.5 6
      vertex -19.1238 -12.7781 0
      vertex -19.1238 -12.7781 6
    endloop
  endfacet
  facet normal -0.77303 -0.63437 0
    outer loop
      vertex -17.2923 -15.165 0
      vertex -18.2471 -14.0015 6
      vertex -18.2471 -14.0015 0
    endloop
  endfacet
  facet normal -0.77303 -0.63437 0
    outer loop
      vertex -18.2471 -14.0015 6
      vertex -17.2923 -15.165 0
      vertex -17.2923 -15.165 6
    endloop
  endfacet
  facet normal 0.986651 -0.162849 0
    outer loop
      vertex 22.5581 -4.48708 6
      vertex 22.8032 -3.0021 0
      vertex 22.8032 -3.0021 6
    endloop
  endfacet
  facet normal 0.986651 -0.162849 0
    outer loop
      vertex 22.8032 -3.0021 0
      vertex 22.5581 -4.48708 6
      vertex 22.5581 -4.48708 0
    endloop
  endfacet
  facet normal 0.812839 -0.582488 0
    outer loop
      vertex 18.2471 -14.0015 6
      vertex 19.1238 -12.7781 0
      vertex 19.1238 -12.7781 6
    endloop
  endfacet
  facet normal 0.812839 -0.582488 0
    outer loop
      vertex 19.1238 -12.7781 0
      vertex 18.2471 -14.0015 6
      vertex 18.2471 -14.0015 0
    endloop
  endfacet
  facet normal 0.999465 0.0327027 0
    outer loop
      vertex 20 0 85
      vertex 19.9572 1.30806 82.5
      vertex 19.9572 1.30806 85
    endloop
  endfacet
  facet normal 0.999465 0.0327027 0
    outer loop
      vertex 19.9572 1.30806 82.5
      vertex 20 0 85
      vertex 20 0 82.5
    endloop
  endfacet
  facet normal 0.999465 0.0327027 -0
    outer loop
      vertex 20 0 65
      vertex 19.9572 1.30806 66
      vertex 20 0 66
    endloop
  endfacet
  facet normal 0.999465 0.0327027 0
    outer loop
      vertex 19.9572 1.30806 66
      vertex 20 0 65
      vertex 19.9572 1.30806 6
    endloop
  endfacet
  facet normal 0.999465 0.0327027 0
    outer loop
      vertex 19.9572 1.30806 6
      vertex 20 0 65
      vertex 20 0 6
    endloop
  endfacet
  facet normal 0.999465 0.0327027 0
    outer loop
      vertex 20 0 77.5
      vertex 19.9572 1.30806 75
      vertex 19.9572 1.30806 77.5
    endloop
  endfacet
  facet normal 0.999465 0.0327027 -0
    outer loop
      vertex 20 0 75.01
      vertex 19.9572 1.30806 75
      vertex 20 0 77.5
    endloop
  endfacet
  facet normal 0.999465 0.0327027 0
    outer loop
      vertex 19.9572 1.30806 75
      vertex 20 0 75.01
      vertex 20 0 75
    endloop
  endfacet
  facet normal -0.999465 0.0327027 0
    outer loop
      vertex -20 0 82.5
      vertex -19.9572 1.30806 85
      vertex -19.9572 1.30806 82.5
    endloop
  endfacet
  facet normal -0.999465 0.0327027 0
    outer loop
      vertex -19.9572 1.30806 85
      vertex -20 0 82.5
      vertex -20 0 85
    endloop
  endfacet
  facet normal -0.999465 0.0327027 0
    outer loop
      vertex -20 0 6
      vertex -19.9572 1.30806 66
      vertex -19.9572 1.30806 6
    endloop
  endfacet
  facet normal -0.999465 0.0327027 0
    outer loop
      vertex -19.9572 1.30806 66
      vertex -20 0 6
      vertex -20 0 66
    endloop
  endfacet
  facet normal -0.999465 0.0327027 0
    outer loop
      vertex -20 0 75
      vertex -19.9572 1.30806 77.5
      vertex -19.9572 1.30806 75
    endloop
  endfacet
  facet normal -0.999465 0.0327027 0
    outer loop
      vertex -19.9572 1.30806 77.5
      vertex -20 0 75
      vertex -20 0 77.5
    endloop
  endfacet
  facet normal 0.0327027 0.999465 -0
    outer loop
      vertex 1.30806 19.9572 82.5
      vertex 0 20 85
      vertex 1.30806 19.9572 85
    endloop
  endfacet
  facet normal 0.0327027 0.999465 0
    outer loop
      vertex 0 20 85
      vertex 1.30806 19.9572 82.5
      vertex 0 20 82.5
    endloop
  endfacet
  facet normal 0.0327027 0.999465 -0
    outer loop
      vertex 1.30806 19.9572 6
      vertex 0 20 66
      vertex 1.30806 19.9572 66
    endloop
  endfacet
  facet normal 0.0327027 0.999465 0
    outer loop
      vertex 0 20 66
      vertex 1.30806 19.9572 6
      vertex 0 20 6
    endloop
  endfacet
  facet normal 0.0327027 0.999465 -0
    outer loop
      vertex 1.30806 19.9572 75
      vertex 0 20 77.5
      vertex 1.30806 19.9572 77.5
    endloop
  endfacet
  facet normal 0.0327027 0.999465 0
    outer loop
      vertex 0 20 77.5
      vertex 1.30806 19.9572 75
      vertex 0 20 75
    endloop
  endfacet
  facet normal -0.0327027 -0.999465 0
    outer loop
      vertex -1.30806 -19.9572 82.5
      vertex 0 -20 85
      vertex -1.30806 -19.9572 85
    endloop
  endfacet
  facet normal -0.0327027 -0.999465 -0
    outer loop
      vertex 0 -20 85
      vertex -1.30806 -19.9572 82.5
      vertex 0 -20 82.5
    endloop
  endfacet
  facet normal -0.0327027 -0.999465 0
    outer loop
      vertex -1.30806 -19.9572 6
      vertex 0 -20 66
      vertex -1.30806 -19.9572 66
    endloop
  endfacet
  facet normal -0.0327027 -0.999465 -0
    outer loop
      vertex 0 -20 66
      vertex -1.30806 -19.9572 6
      vertex 0 -20 6
    endloop
  endfacet
  facet normal -0.0327027 -0.999465 0
    outer loop
      vertex -1.30806 -19.9572 75
      vertex 0 -20 77.5
      vertex -1.30806 -19.9572 77.5
    endloop
  endfacet
  facet normal -0.0327027 -0.999465 -0
    outer loop
      vertex 0 -20 77.5
      vertex -1.30806 -19.9572 75
      vertex 0 -20 75
    endloop
  endfacet
  facet normal 0.729842 0.683616 0
    outer loop
      vertex 15.0368 13.1869 85
      vertex 14.1421 14.1421 82.5
      vertex 14.1421 14.1421 85
    endloop
  endfacet
  facet normal 0.729842 0.683616 0
    outer loop
      vertex 14.1421 14.1421 82.5
      vertex 15.0368 13.1869 85
      vertex 15.0368 13.1869 82.5
    endloop
  endfacet
  facet normal 0.729842 0.683616 0
    outer loop
      vertex 15.0368 13.1869 66
      vertex 14.1421 14.1421 6
      vertex 14.1421 14.1421 66
    endloop
  endfacet
  facet normal 0.729842 0.683616 0
    outer loop
      vertex 14.1421 14.1421 6
      vertex 15.0368 13.1869 66
      vertex 15.0368 13.1869 6
    endloop
  endfacet
  facet normal 0.729842 0.683616 0
    outer loop
      vertex 15.0368 13.1869 77.5
      vertex 14.1421 14.1421 75
      vertex 14.1421 14.1421 77.5
    endloop
  endfacet
  facet normal 0.729842 0.683616 0
    outer loop
      vertex 14.1421 14.1421 75
      vertex 15.0368 13.1869 77.5
      vertex 15.0368 13.1869 75
    endloop
  endfacet
  facet normal -0.683616 0.729842 0
    outer loop
      vertex -13.1869 15.0368 82.5
      vertex -14.1421 14.1421 85
      vertex -13.1869 15.0368 85
    endloop
  endfacet
  facet normal -0.683616 0.729842 0
    outer loop
      vertex -14.1421 14.1421 85
      vertex -13.1869 15.0368 82.5
      vertex -14.1421 14.1421 82.5
    endloop
  endfacet
  facet normal -0.683616 0.729842 0
    outer loop
      vertex -13.1869 15.0368 6
      vertex -14.1421 14.1421 66
      vertex -13.1869 15.0368 66
    endloop
  endfacet
  facet normal -0.683616 0.729842 0
    outer loop
      vertex -14.1421 14.1421 66
      vertex -13.1869 15.0368 6
      vertex -14.1421 14.1421 6
    endloop
  endfacet
  facet normal -0.683616 0.729842 0
    outer loop
      vertex -13.1869 15.0368 75
      vertex -14.1421 14.1421 77.5
      vertex -13.1869 15.0368 77.5
    endloop
  endfacet
  facet normal -0.683616 0.729842 0
    outer loop
      vertex -14.1421 14.1421 77.5
      vertex -13.1869 15.0368 75
      vertex -14.1421 14.1421 75
    endloop
  endfacet
  facet normal -0.352242 0.935909 0
    outer loop
      vertex -6.42879 18.9386 82.5
      vertex -7.65367 18.4776 85
      vertex -6.42879 18.9386 85
    endloop
  endfacet
  facet normal -0.352242 0.935909 0
    outer loop
      vertex -7.65367 18.4776 85
      vertex -6.42879 18.9386 82.5
      vertex -7.65367 18.4776 82.5
    endloop
  endfacet
  facet normal -0.352242 0.935909 0
    outer loop
      vertex -6.42879 18.9386 6
      vertex -7.65367 18.4776 66
      vertex -6.42879 18.9386 66
    endloop
  endfacet
  facet normal -0.352242 0.935909 0
    outer loop
      vertex -7.65367 18.4776 66
      vertex -6.42879 18.9386 6
      vertex -7.65367 18.4776 6
    endloop
  endfacet
  facet normal -0.352242 0.935909 0
    outer loop
      vertex -6.42879 18.9386 75
      vertex -7.65367 18.4776 77.5
      vertex -6.42879 18.9386 77.5
    endloop
  endfacet
  facet normal -0.352242 0.935909 0
    outer loop
      vertex -7.65367 18.4776 77.5
      vertex -6.42879 18.9386 75
      vertex -7.65367 18.4776 75
    endloop
  endfacet
  facet normal 0.935909 0.352242 0
    outer loop
      vertex 18.9386 6.42879 85
      vertex 18.4776 7.65367 82.5
      vertex 18.4776 7.65367 85
    endloop
  endfacet
  facet normal 0.935909 0.352242 0
    outer loop
      vertex 18.4776 7.65367 82.5
      vertex 18.9386 6.42879 85
      vertex 18.9386 6.42879 82.5
    endloop
  endfacet
  facet normal 0.935909 0.352242 0
    outer loop
      vertex 18.9386 6.42879 66
      vertex 18.4776 7.65367 6
      vertex 18.4776 7.65367 66
    endloop
  endfacet
  facet normal 0.935909 0.352242 0
    outer loop
      vertex 18.4776 7.65367 6
      vertex 18.9386 6.42879 66
      vertex 18.9386 6.42879 6
    endloop
  endfacet
  facet normal 0.935909 0.352242 0
    outer loop
      vertex 18.9386 6.42879 77.5
      vertex 18.4776 7.65367 75
      vertex 18.4776 7.65367 77.5
    endloop
  endfacet
  facet normal 0.935909 0.352242 0
    outer loop
      vertex 18.4776 7.65367 75
      vertex 18.9386 6.42879 77.5
      vertex 18.9386 6.42879 75
    endloop
  endfacet
  facet normal 0.412686 0.910873 -0
    outer loop
      vertex 8.84577 17.9375 82.5
      vertex 7.65367 18.4776 85
      vertex 8.84577 17.9375 85
    endloop
  endfacet
  facet normal 0.412686 0.910873 0
    outer loop
      vertex 7.65367 18.4776 85
      vertex 8.84577 17.9375 82.5
      vertex 7.65367 18.4776 82.5
    endloop
  endfacet
  facet normal 0.412686 0.910873 -0
    outer loop
      vertex 8.84577 17.9375 6
      vertex 7.65367 18.4776 66
      vertex 8.84577 17.9375 66
    endloop
  endfacet
  facet normal 0.412686 0.910873 0
    outer loop
      vertex 7.65367 18.4776 66
      vertex 8.84577 17.9375 6
      vertex 7.65367 18.4776 6
    endloop
  endfacet
  facet normal 0.412686 0.910873 -0
    outer loop
      vertex 8.84577 17.9375 75
      vertex 7.65367 18.4776 77.5
      vertex 8.84577 17.9375 77.5
    endloop
  endfacet
  facet normal 0.412686 0.910873 0
    outer loop
      vertex 7.65367 18.4776 77.5
      vertex 8.84577 17.9375 75
      vertex 7.65367 18.4776 75
    endloop
  endfacet
  facet normal 0.582474 0.81285 -0
    outer loop
      vertex 12.1752 15.8671 82.5
      vertex 11.1114 16.6294 85
      vertex 12.1752 15.8671 85
    endloop
  endfacet
  facet normal 0.582474 0.81285 0
    outer loop
      vertex 11.1114 16.6294 85
      vertex 12.1752 15.8671 82.5
      vertex 11.1114 16.6294 82.5
    endloop
  endfacet
  facet normal 0.582474 0.81285 -0
    outer loop
      vertex 12.1752 15.8671 6
      vertex 11.1114 16.6294 66
      vertex 12.1752 15.8671 66
    endloop
  endfacet
  facet normal 0.582474 0.81285 0
    outer loop
      vertex 11.1114 16.6294 66
      vertex 12.1752 15.8671 6
      vertex 11.1114 16.6294 6
    endloop
  endfacet
  facet normal 0.582474 0.81285 -0
    outer loop
      vertex 12.1752 15.8671 75
      vertex 11.1114 16.6294 77.5
      vertex 12.1752 15.8671 77.5
    endloop
  endfacet
  facet normal 0.582474 0.81285 0
    outer loop
      vertex 11.1114 16.6294 77.5
      vertex 12.1752 15.8671 75
      vertex 11.1114 16.6294 75
    endloop
  endfacet
  facet normal -0.910873 0.412686 0
    outer loop
      vertex -18.4776 7.65367 82.5
      vertex -17.9375 8.84577 85
      vertex -17.9375 8.84577 82.5
    endloop
  endfacet
  facet normal -0.910873 0.412686 0
    outer loop
      vertex -17.9375 8.84577 85
      vertex -18.4776 7.65367 82.5
      vertex -18.4776 7.65367 85
    endloop
  endfacet
  facet normal -0.910873 0.412686 0
    outer loop
      vertex -18.4776 7.65367 6
      vertex -17.9375 8.84577 66
      vertex -17.9375 8.84577 6
    endloop
  endfacet
  facet normal -0.910873 0.412686 0
    outer loop
      vertex -17.9375 8.84577 66
      vertex -18.4776 7.65367 6
      vertex -18.4776 7.65367 66
    endloop
  endfacet
  facet normal -0.910873 0.412686 0
    outer loop
      vertex -18.4776 7.65367 75
      vertex -17.9375 8.84577 77.5
      vertex -17.9375 8.84577 75
    endloop
  endfacet
  facet normal -0.910873 0.412686 0
    outer loop
      vertex -17.9375 8.84577 77.5
      vertex -18.4776 7.65367 75
      vertex -18.4776 7.65367 77.5
    endloop
  endfacet
  facet normal -0.162901 0.986642 0
    outer loop
      vertex -2.61052 19.8289 82.5
      vertex -3.90181 19.6157 85
      vertex -2.61052 19.8289 85
    endloop
  endfacet
  facet normal -0.162901 0.986642 0
    outer loop
      vertex -3.90181 19.6157 85
      vertex -2.61052 19.8289 82.5
      vertex -3.90181 19.6157 82.5
    endloop
  endfacet
  facet normal -0.162901 0.986642 0
    outer loop
      vertex -2.61052 19.8289 6
      vertex -3.90181 19.6157 66
      vertex -2.61052 19.8289 66
    endloop
  endfacet
  facet normal -0.162901 0.986642 0
    outer loop
      vertex -3.90181 19.6157 66
      vertex -2.61052 19.8289 6
      vertex -3.90181 19.6157 6
    endloop
  endfacet
  facet normal -0.162901 0.986642 0
    outer loop
      vertex -2.61052 19.8289 75
      vertex -3.90181 19.6157 77.5
      vertex -2.61052 19.8289 77.5
    endloop
  endfacet
  facet normal -0.162901 0.986642 0
    outer loop
      vertex -3.90181 19.6157 77.5
      vertex -2.61052 19.8289 75
      vertex -3.90181 19.6157 75
    endloop
  endfacet
  facet normal -0.995183 -0.0980314 0
    outer loop
      vertex -19.8289 -2.61052 82.5
      vertex -19.9572 -1.30806 85
      vertex -19.9572 -1.30806 82.5
    endloop
  endfacet
  facet normal -0.995183 -0.0980314 0
    outer loop
      vertex -19.9572 -1.30806 85
      vertex -19.8289 -2.61052 82.5
      vertex -19.8289 -2.61052 85
    endloop
  endfacet
  facet normal -0.995183 -0.0980314 0
    outer loop
      vertex -19.8289 -2.61052 6
      vertex -19.9572 -1.30806 66
      vertex -19.9572 -1.30806 6
    endloop
  endfacet
  facet normal -0.995183 -0.0980314 0
    outer loop
      vertex -19.9572 -1.30806 66
      vertex -19.8289 -2.61052 6
      vertex -19.8289 -2.61052 66
    endloop
  endfacet
  facet normal -0.995183 -0.0980314 0
    outer loop
      vertex -19.8289 -2.61052 75
      vertex -19.9572 -1.30806 77.5
      vertex -19.9572 -1.30806 75
    endloop
  endfacet
  facet normal -0.995183 -0.0980314 0
    outer loop
      vertex -19.9572 -1.30806 77.5
      vertex -19.8289 -2.61052 75
      vertex -19.8289 -2.61052 77.5
    endloop
  endfacet
  facet normal 0.986642 0.162901 0
    outer loop
      vertex 19.8289 2.61052 85
      vertex 19.6157 3.90181 82.5
      vertex 19.6157 3.90181 85
    endloop
  endfacet
  facet normal 0.986642 0.162901 0
    outer loop
      vertex 19.6157 3.90181 82.5
      vertex 19.8289 2.61052 85
      vertex 19.8289 2.61052 82.5
    endloop
  endfacet
  facet normal 0.986642 0.162901 0
    outer loop
      vertex 19.8289 2.61052 66
      vertex 19.6157 3.90181 6
      vertex 19.6157 3.90181 66
    endloop
  endfacet
  facet normal 0.986642 0.162901 0
    outer loop
      vertex 19.6157 3.90181 6
      vertex 19.8289 2.61052 66
      vertex 19.8289 2.61052 6
    endloop
  endfacet
  facet normal 0.986642 0.162901 0
    outer loop
      vertex 19.8289 2.61052 77.5
      vertex 19.6157 3.90181 75
      vertex 19.6157 3.90181 77.5
    endloop
  endfacet
  facet normal 0.986642 0.162901 0
    outer loop
      vertex 19.6157 3.90181 75
      vertex 19.8289 2.61052 77.5
      vertex 19.8289 2.61052 75
    endloop
  endfacet
  facet normal 0.995183 0.0980314 0
    outer loop
      vertex 19.9572 1.30806 85
      vertex 19.8289 2.61052 82.5
      vertex 19.8289 2.61052 85
    endloop
  endfacet
  facet normal 0.995183 0.0980314 0
    outer loop
      vertex 19.8289 2.61052 82.5
      vertex 19.9572 1.30806 85
      vertex 19.9572 1.30806 82.5
    endloop
  endfacet
  facet normal 0.995183 0.0980314 0
    outer loop
      vertex 19.9572 1.30806 66
      vertex 19.8289 2.61052 6
      vertex 19.8289 2.61052 66
    endloop
  endfacet
  facet normal 0.995183 0.0980314 0
    outer loop
      vertex 19.8289 2.61052 6
      vertex 19.9572 1.30806 66
      vertex 19.9572 1.30806 6
    endloop
  endfacet
  facet normal 0.995183 0.0980314 0
    outer loop
      vertex 19.9572 1.30806 77.5
      vertex 19.8289 2.61052 75
      vertex 19.8289 2.61052 77.5
    endloop
  endfacet
  facet normal 0.995183 0.0980314 0
    outer loop
      vertex 19.8289 2.61052 75
      vertex 19.9572 1.30806 77.5
      vertex 19.9572 1.30806 75
    endloop
  endfacet
  facet normal 0.849207 0.528061 0
    outer loop
      vertex 17.3205 10 85
      vertex 16.6294 11.1114 82.5
      vertex 16.6294 11.1114 85
    endloop
  endfacet
  facet normal 0.849207 0.528061 0
    outer loop
      vertex 16.6294 11.1114 82.5
      vertex 17.3205 10 85
      vertex 17.3205 10 82.5
    endloop
  endfacet
  facet normal 0.849207 0.528061 0
    outer loop
      vertex 17.3205 10 66
      vertex 16.6294 11.1114 6
      vertex 16.6294 11.1114 66
    endloop
  endfacet
  facet normal 0.849207 0.528061 0
    outer loop
      vertex 16.6294 11.1114 6
      vertex 17.3205 10 66
      vertex 17.3205 10 6
    endloop
  endfacet
  facet normal 0.849207 0.528061 0
    outer loop
      vertex 17.3205 10 77.5
      vertex 16.6294 11.1114 75
      vertex 16.6294 11.1114 77.5
    endloop
  endfacet
  facet normal 0.849207 0.528061 0
    outer loop
      vertex 16.6294 11.1114 75
      vertex 17.3205 10 77.5
      vertex 17.3205 10 75
    endloop
  endfacet
  facet normal 0.81285 0.582474 0
    outer loop
      vertex 16.6294 11.1114 85
      vertex 15.8671 12.1752 82.5
      vertex 15.8671 12.1752 85
    endloop
  endfacet
  facet normal 0.81285 0.582474 0
    outer loop
      vertex 15.8671 12.1752 82.5
      vertex 16.6294 11.1114 85
      vertex 16.6294 11.1114 82.5
    endloop
  endfacet
  facet normal 0.81285 0.582474 0
    outer loop
      vertex 16.6294 11.1114 66
      vertex 15.8671 12.1752 6
      vertex 15.8671 12.1752 66
    endloop
  endfacet
  facet normal 0.81285 0.582474 0
    outer loop
      vertex 15.8671 12.1752 6
      vertex 16.6294 11.1114 66
      vertex 16.6294 11.1114 6
    endloop
  endfacet
  facet normal 0.81285 0.582474 0
    outer loop
      vertex 16.6294 11.1114 77.5
      vertex 15.8671 12.1752 75
      vertex 15.8671 12.1752 77.5
    endloop
  endfacet
  facet normal 0.81285 0.582474 0
    outer loop
      vertex 15.8671 12.1752 75
      vertex 16.6294 11.1114 77.5
      vertex 16.6294 11.1114 75
    endloop
  endfacet
  facet normal 0.881905 0.471427 0
    outer loop
      vertex 17.9375 8.84577 85
      vertex 17.3205 10 82.5
      vertex 17.3205 10 85
    endloop
  endfacet
  facet normal 0.881905 0.471427 0
    outer loop
      vertex 17.3205 10 82.5
      vertex 17.9375 8.84577 85
      vertex 17.9375 8.84577 82.5
    endloop
  endfacet
  facet normal 0.881905 0.471427 0
    outer loop
      vertex 17.9375 8.84577 66
      vertex 17.3205 10 6
      vertex 17.3205 10 66
    endloop
  endfacet
  facet normal 0.881905 0.471427 0
    outer loop
      vertex 17.3205 10 6
      vertex 17.9375 8.84577 66
      vertex 17.9375 8.84577 6
    endloop
  endfacet
  facet normal 0.881905 0.471427 0
    outer loop
      vertex 17.9375 8.84577 77.5
      vertex 17.3205 10 75
      vertex 17.3205 10 77.5
    endloop
  endfacet
  facet normal 0.881905 0.471427 0
    outer loop
      vertex 17.3205 10 75
      vertex 17.9375 8.84577 77.5
      vertex 17.9375 8.84577 75
    endloop
  endfacet
  facet normal 0.227085 0.973875 -0
    outer loop
      vertex 5.17638 19.3185 82.5
      vertex 3.90181 19.6157 85
      vertex 5.17638 19.3185 85
    endloop
  endfacet
  facet normal 0.227085 0.973875 0
    outer loop
      vertex 3.90181 19.6157 85
      vertex 5.17638 19.3185 82.5
      vertex 3.90181 19.6157 82.5
    endloop
  endfacet
  facet normal 0.227085 0.973875 -0
    outer loop
      vertex 5.17638 19.3185 6
      vertex 3.90181 19.6157 66
      vertex 5.17638 19.3185 66
    endloop
  endfacet
  facet normal 0.227085 0.973875 0
    outer loop
      vertex 3.90181 19.6157 66
      vertex 5.17638 19.3185 6
      vertex 3.90181 19.6157 6
    endloop
  endfacet
  facet normal 0.227085 0.973875 -0
    outer loop
      vertex 5.17638 19.3185 75
      vertex 3.90181 19.6157 77.5
      vertex 5.17638 19.3185 77.5
    endloop
  endfacet
  facet normal 0.227085 0.973875 0
    outer loop
      vertex 3.90181 19.6157 77.5
      vertex 5.17638 19.3185 75
      vertex 3.90181 19.6157 75
    endloop
  endfacet
  facet normal 0.352242 0.935909 -0
    outer loop
      vertex 7.65367 18.4776 82.5
      vertex 6.42879 18.9386 85
      vertex 7.65367 18.4776 85
    endloop
  endfacet
  facet normal 0.352242 0.935909 0
    outer loop
      vertex 6.42879 18.9386 85
      vertex 7.65367 18.4776 82.5
      vertex 6.42879 18.9386 82.5
    endloop
  endfacet
  facet normal 0.352242 0.935909 -0
    outer loop
      vertex 7.65367 18.4776 6
      vertex 6.42879 18.9386 66
      vertex 7.65367 18.4776 66
    endloop
  endfacet
  facet normal 0.352242 0.935909 0
    outer loop
      vertex 6.42879 18.9386 66
      vertex 7.65367 18.4776 6
      vertex 6.42879 18.9386 6
    endloop
  endfacet
  facet normal 0.352242 0.935909 -0
    outer loop
      vertex 7.65367 18.4776 75
      vertex 6.42879 18.9386 77.5
      vertex 7.65367 18.4776 77.5
    endloop
  endfacet
  facet normal 0.352242 0.935909 0
    outer loop
      vertex 6.42879 18.9386 77.5
      vertex 7.65367 18.4776 75
      vertex 6.42879 18.9386 75
    endloop
  endfacet
  facet normal 0.528061 0.849207 -0
    outer loop
      vertex 11.1114 16.6294 82.5
      vertex 10 17.3205 85
      vertex 11.1114 16.6294 85
    endloop
  endfacet
  facet normal 0.528061 0.849207 0
    outer loop
      vertex 10 17.3205 85
      vertex 11.1114 16.6294 82.5
      vertex 10 17.3205 82.5
    endloop
  endfacet
  facet normal 0.528061 0.849207 -0
    outer loop
      vertex 11.1114 16.6294 6
      vertex 10 17.3205 66
      vertex 11.1114 16.6294 66
    endloop
  endfacet
  facet normal 0.528061 0.849207 0
    outer loop
      vertex 10 17.3205 66
      vertex 11.1114 16.6294 6
      vertex 10 17.3205 6
    endloop
  endfacet
  facet normal 0.528061 0.849207 -0
    outer loop
      vertex 11.1114 16.6294 75
      vertex 10 17.3205 77.5
      vertex 11.1114 16.6294 77.5
    endloop
  endfacet
  facet normal 0.528061 0.849207 0
    outer loop
      vertex 10 17.3205 77.5
      vertex 11.1114 16.6294 75
      vertex 10 17.3205 75
    endloop
  endfacet
  facet normal 0.634402 0.773003 -0
    outer loop
      vertex 13.1869 15.0368 82.5
      vertex 12.1752 15.8671 85
      vertex 13.1869 15.0368 85
    endloop
  endfacet
  facet normal 0.634402 0.773003 0
    outer loop
      vertex 12.1752 15.8671 85
      vertex 13.1869 15.0368 82.5
      vertex 12.1752 15.8671 82.5
    endloop
  endfacet
  facet normal 0.634402 0.773003 -0
    outer loop
      vertex 13.1869 15.0368 6
      vertex 12.1752 15.8671 66
      vertex 13.1869 15.0368 66
    endloop
  endfacet
  facet normal 0.634402 0.773003 0
    outer loop
      vertex 12.1752 15.8671 66
      vertex 13.1869 15.0368 6
      vertex 12.1752 15.8671 6
    endloop
  endfacet
  facet normal 0.634402 0.773003 -0
    outer loop
      vertex 13.1869 15.0368 75
      vertex 12.1752 15.8671 77.5
      vertex 13.1869 15.0368 77.5
    endloop
  endfacet
  facet normal 0.634402 0.773003 0
    outer loop
      vertex 12.1752 15.8671 77.5
      vertex 13.1869 15.0368 75
      vertex 12.1752 15.8671 75
    endloop
  endfacet
  facet normal -0.973875 0.227085 0
    outer loop
      vertex -19.6157 3.90181 82.5
      vertex -19.3185 5.17638 85
      vertex -19.3185 5.17638 82.5
    endloop
  endfacet
  facet normal -0.973875 0.227085 0
    outer loop
      vertex -19.3185 5.17638 85
      vertex -19.6157 3.90181 82.5
      vertex -19.6157 3.90181 85
    endloop
  endfacet
  facet normal -0.973875 0.227085 0
    outer loop
      vertex -19.6157 3.90181 6
      vertex -19.3185 5.17638 66
      vertex -19.3185 5.17638 6
    endloop
  endfacet
  facet normal -0.973875 0.227085 0
    outer loop
      vertex -19.3185 5.17638 66
      vertex -19.6157 3.90181 6
      vertex -19.6157 3.90181 66
    endloop
  endfacet
  facet normal -0.973875 0.227085 0
    outer loop
      vertex -19.6157 3.90181 75
      vertex -19.3185 5.17638 77.5
      vertex -19.3185 5.17638 75
    endloop
  endfacet
  facet normal -0.973875 0.227085 0
    outer loop
      vertex -19.3185 5.17638 77.5
      vertex -19.6157 3.90181 75
      vertex -19.6157 3.90181 77.5
    endloop
  endfacet
  facet normal -0.81285 0.582474 0
    outer loop
      vertex -16.6294 11.1114 82.5
      vertex -15.8671 12.1752 85
      vertex -15.8671 12.1752 82.5
    endloop
  endfacet
  facet normal -0.81285 0.582474 0
    outer loop
      vertex -15.8671 12.1752 85
      vertex -16.6294 11.1114 82.5
      vertex -16.6294 11.1114 85
    endloop
  endfacet
  facet normal -0.81285 0.582474 0
    outer loop
      vertex -16.6294 11.1114 6
      vertex -15.8671 12.1752 66
      vertex -15.8671 12.1752 6
    endloop
  endfacet
  facet normal -0.81285 0.582474 0
    outer loop
      vertex -15.8671 12.1752 66
      vertex -16.6294 11.1114 6
      vertex -16.6294 11.1114 66
    endloop
  endfacet
  facet normal -0.81285 0.582474 0
    outer loop
      vertex -16.6294 11.1114 75
      vertex -15.8671 12.1752 77.5
      vertex -15.8671 12.1752 75
    endloop
  endfacet
  facet normal -0.81285 0.582474 0
    outer loop
      vertex -15.8671 12.1752 77.5
      vertex -16.6294 11.1114 75
      vertex -16.6294 11.1114 77.5
    endloop
  endfacet
  facet normal -0.849207 0.528061 0
    outer loop
      vertex -17.3205 10 82.5
      vertex -16.6294 11.1114 85
      vertex -16.6294 11.1114 82.5
    endloop
  endfacet
  facet normal -0.849207 0.528061 0
    outer loop
      vertex -16.6294 11.1114 85
      vertex -17.3205 10 82.5
      vertex -17.3205 10 85
    endloop
  endfacet
  facet normal -0.849207 0.528061 0
    outer loop
      vertex -17.3205 10 6
      vertex -16.6294 11.1114 66
      vertex -16.6294 11.1114 6
    endloop
  endfacet
  facet normal -0.849207 0.528061 0
    outer loop
      vertex -16.6294 11.1114 66
      vertex -17.3205 10 6
      vertex -17.3205 10 66
    endloop
  endfacet
  facet normal -0.849207 0.528061 0
    outer loop
      vertex -17.3205 10 75
      vertex -16.6294 11.1114 77.5
      vertex -16.6294 11.1114 75
    endloop
  endfacet
  facet normal -0.849207 0.528061 0
    outer loop
      vertex -16.6294 11.1114 77.5
      vertex -17.3205 10 75
      vertex -17.3205 10 77.5
    endloop
  endfacet
  facet normal -0.935909 0.352242 0
    outer loop
      vertex -18.9386 6.42879 82.5
      vertex -18.4776 7.65367 85
      vertex -18.4776 7.65367 82.5
    endloop
  endfacet
  facet normal -0.935909 0.352242 0
    outer loop
      vertex -18.4776 7.65367 85
      vertex -18.9386 6.42879 82.5
      vertex -18.9386 6.42879 85
    endloop
  endfacet
  facet normal -0.935909 0.352242 0
    outer loop
      vertex -18.9386 6.42879 6
      vertex -18.4776 7.65367 66
      vertex -18.4776 7.65367 6
    endloop
  endfacet
  facet normal -0.935909 0.352242 0
    outer loop
      vertex -18.4776 7.65367 66
      vertex -18.9386 6.42879 6
      vertex -18.9386 6.42879 66
    endloop
  endfacet
  facet normal -0.935909 0.352242 0
    outer loop
      vertex -18.9386 6.42879 75
      vertex -18.4776 7.65367 77.5
      vertex -18.4776 7.65367 75
    endloop
  endfacet
  facet normal -0.935909 0.352242 0
    outer loop
      vertex -18.4776 7.65367 77.5
      vertex -18.9386 6.42879 75
      vertex -18.9386 6.42879 77.5
    endloop
  endfacet
  facet normal -0 0 1
    outer loop
      vertex 19.1493 1.24536 85
      vertex 20 0 85
      vertex 19.9572 1.30806 85
    endloop
  endfacet
  facet normal 0 0 1
    outer loop
      vertex 19.148 1.26478 85
      vertex 19.9572 1.30806 85
      vertex 19.8289 2.61052 85
    endloop
  endfacet
  facet normal 0 0 1
    outer loop
      vertex 19.1493 -1.24536 85
      vertex 20 0 85
      vertex 19.1901 0 85
    endloop
  endfacet
  facet normal 0 0 1
    outer loop
      vertex 19.0243 2.51441 85
      vertex 19.8289 2.61052 85
      vertex 19.6157 3.90181 85
    endloop
  endfacet
  facet normal 0 0 1
    outer loop
      vertex 20 0 85
      vertex 19.1493 -1.24536 85
      vertex 19.9572 -1.30806 85
    endloop
  endfacet
  facet normal -0 0 1
    outer loop
      vertex 18.5384 4.95728 85
      vertex 19.6157 3.90181 85
      vertex 19.3185 5.17638 85
    endloop
  endfacet
  facet normal -0 0 1
    outer loop
      vertex 19.149 -1.25509 85
      vertex 19.9572 -1.30806 85
      vertex 19.1493 -1.24536 85
    endloop
  endfacet
  facet normal -0 0 1
    outer loop
      vertex 19.148 -1.26478 85
      vertex 19.9572 -1.30806 85
      vertex 19.149 -1.25509 85
    endloop
  endfacet
  facet normal 0 0 1
    outer loop
      vertex 20 0 85
      vertex 19.1493 1.24536 85
      vertex 19.1901 0 85
    endloop
  endfacet
  facet normal 0 0 1
    outer loop
      vertex 19.9572 1.30806 85
      vertex 19.149 1.25509 85
      vertex 19.1493 1.24536 85
    endloop
  endfacet
  facet normal 0 0 1
    outer loop
      vertex 19.9572 1.30806 85
      vertex 19.148 1.26478 85
      vertex 19.149 1.25509 85
    endloop
  endfacet
  facet normal 0 0 1
    outer loop
      vertex 19.8289 2.61052 85
      vertex 19.0259 2.50481 85
      vertex 19.148 1.26478 85
    endloop
  endfacet
  facet normal 0 0 1
    outer loop
      vertex 19.8289 2.61052 85
      vertex 19.0243 2.51441 85
      vertex 19.0259 2.50481 85
    endloop
  endfacet
  facet normal -0 0 1
    outer loop
      vertex 18.1745 6.15914 85
      vertex 19.3185 5.17638 85
      vertex 18.9386 6.42879 85
    endloop
  endfacet
  facet normal 0 0 1
    outer loop
      vertex 19.6157 3.90181 85
      vertex 18.8214 3.7438 85
      vertex 19.0243 2.51441 85
    endloop
  endfacet
  facet normal 0 0 1
    outer loop
      vertex 19.6157 3.90181 85
      vertex 18.5384 4.95728 85
      vertex 18.8214 3.7438 85
    endloop
  endfacet
  facet normal 0 0 1
    outer loop
      vertex 19.3185 5.17638 85
      vertex 18.5362 4.96676 85
      vertex 18.5384 4.95728 85
    endloop
  endfacet
  facet normal 0 0 1
    outer loop
      vertex 18.1682 6.17756 85
      vertex 18.9386 6.42879 85
      vertex 18.4776 7.65367 85
    endloop
  endfacet
  facet normal 0 0 1
    outer loop
      vertex 19.3185 5.17638 85
      vertex 18.1745 6.15914 85
      vertex 18.5362 4.96676 85
    endloop
  endfacet
  facet normal 0 0 1
    outer loop
      vertex 18.9386 6.42879 85
      vertex 18.1717 6.16845 85
      vertex 18.1745 6.15914 85
    endloop
  endfacet
  facet normal 0 0 1
    outer loop
      vertex 18.9386 6.42879 85
      vertex 18.1682 6.17756 85
      vertex 18.1717 6.16845 85
    endloop
  endfacet
  facet normal -0 0 1
    outer loop
      vertex 17.2151 8.47869 85
      vertex 18.4776 7.65367 85
      vertex 17.9375 8.84577 85
    endloop
  endfacet
  facet normal 0 0 1
    outer loop
      vertex 18.4776 7.65367 85
      vertex 17.7293 7.34373 85
      vertex 18.1682 6.17756 85
    endloop
  endfacet
  facet normal 0 0 1
    outer loop
      vertex 17.2065 8.49614 85
      vertex 17.9375 8.84577 85
      vertex 17.3205 10 85
    endloop
  endfacet
  facet normal 0 0 1
    outer loop
      vertex 18.4776 7.65367 85
      vertex 17.2151 8.47869 85
      vertex 17.7293 7.34373 85
    endloop
  endfacet
  facet normal 0 0 1
    outer loop
      vertex 17.9375 8.84577 85
      vertex 17.2111 8.48756 85
      vertex 17.2151 8.47869 85
    endloop
  endfacet
  facet normal 0 0 1
    outer loop
      vertex 17.9375 8.84577 85
      vertex 17.2065 8.49614 85
      vertex 17.2111 8.48756 85
    endloop
  endfacet
  facet normal -0 0 1
    outer loop
      vertex 15.9611 10.6532 85
      vertex 17.3205 10 85
      vertex 16.6294 11.1114 85
    endloop
  endfacet
  facet normal 0 0 1
    outer loop
      vertex 17.3205 10 85
      vertex 16.6191 9.59504 85
      vertex 17.2065 8.49614 85
    endloop
  endfacet
  facet normal 0 0 1
    outer loop
      vertex 17.3205 10 85
      vertex 15.9611 10.6532 85
      vertex 16.6191 9.59504 85
    endloop
  endfacet
  facet normal 0 0 1
    outer loop
      vertex 16.6294 11.1114 85
      vertex 15.956 10.6614 85
      vertex 15.9611 10.6532 85
    endloop
  endfacet
  facet normal -0 0 1
    outer loop
      vertex 15.2302 11.6743 85
      vertex 16.6294 11.1114 85
      vertex 15.8671 12.1752 85
    endloop
  endfacet
  facet normal 0 0 1
    outer loop
      vertex 16.6294 11.1114 85
      vertex 15.2302 11.6743 85
      vertex 15.956 10.6614 85
    endloop
  endfacet
  facet normal 0 0 1
    outer loop
      vertex 15.8671 12.1752 85
      vertex 15.2245 11.6822 85
      vertex 15.2302 11.6743 85
    endloop
  endfacet
  facet normal 0 0 1
    outer loop
      vertex 15.8671 12.1752 85
      vertex 15.2183 11.6897 85
      vertex 15.2245 11.6822 85
    endloop
  endfacet
  facet normal 0 0 1
    outer loop
      vertex 15.0368 13.1869 85
      vertex 15.2183 11.6897 85
      vertex 15.8671 12.1752 85
    endloop
  endfacet
  facet normal 0 0 1
    outer loop
      vertex 15.0368 13.1869 85
      vertex 14.4279 12.6529 85
      vertex 15.2183 11.6897 85
    endloop
  endfacet
  facet normal -0 0 1
    outer loop
      vertex 13.5761 13.5623 85
      vertex 15.0368 13.1869 85
      vertex 14.1421 14.1421 85
    endloop
  endfacet
  facet normal 0 0 1
    outer loop
      vertex 15.0368 13.1869 85
      vertex 13.5761 13.5623 85
      vertex 14.4279 12.6529 85
    endloop
  endfacet
  facet normal 0 0 1
    outer loop
      vertex 14.1421 14.1421 85
      vertex 13.5694 13.5694 85
      vertex 13.5761 13.5623 85
    endloop
  endfacet
  facet normal 0 0 1
    outer loop
      vertex 14.1421 14.1421 85
      vertex 13.5623 13.5761 85
      vertex 13.5694 13.5694 85
    endloop
  endfacet
  facet normal 0 0 1
    outer loop
      vertex 13.1869 15.0368 85
      vertex 13.5623 13.5761 85
      vertex 14.1421 14.1421 85
    endloop
  endfacet
  facet normal 0 0 1
    outer loop
      vertex 13.1869 15.0368 85
      vertex 12.6529 14.4279 85
      vertex 13.5623 13.5761 85
    endloop
  endfacet
  facet normal -0 0 1
    outer loop
      vertex 11.6897 15.2183 85
      vertex 13.1869 15.0368 85
      vertex 12.1752 15.8671 85
    endloop
  endfacet
  facet normal 0 0 1
    outer loop
      vertex 13.1869 15.0368 85
      vertex 11.6897 15.2183 85
      vertex 12.6529 14.4279 85
    endloop
  endfacet
  facet normal 0 0 1
    outer loop
      vertex 12.1752 15.8671 85
      vertex 11.6822 15.2245 85
      vertex 11.6897 15.2183 85
    endloop
  endfacet
  facet normal 0 0 1
    outer loop
      vertex 12.1752 15.8671 85
      vertex 11.6743 15.2302 85
      vertex 11.6822 15.2245 85
    endloop
  endfacet
  facet normal 0 0 1
    outer loop
      vertex 11.1114 16.6294 85
      vertex 11.6743 15.2302 85
      vertex 12.1752 15.8671 85
    endloop
  endfacet
  facet normal 0 0 1
    outer loop
      vertex 11.1114 16.6294 85
      vertex 10.6614 15.956 85
      vertex 11.6743 15.2302 85
    endloop
  endfacet
  facet normal 0 0 1
    outer loop
      vertex 11.1114 16.6294 85
      vertex 10.6532 15.9611 85
      vertex 10.6614 15.956 85
    endloop
  endfacet
  facet normal 0 0 1
    outer loop
      vertex 10 17.3205 85
      vertex 10.6532 15.9611 85
      vertex 11.1114 16.6294 85
    endloop
  endfacet
  facet normal 0 0 1
    outer loop
      vertex 10 17.3205 85
      vertex 9.59504 16.6191 85
      vertex 10.6532 15.9611 85
    endloop
  endfacet
  facet normal 0 0 1
    outer loop
      vertex 8.49614 17.2065 85
      vertex 10 17.3205 85
      vertex 8.84577 17.9375 85
    endloop
  endfacet
  facet normal 0 0 1
    outer loop
      vertex 10 17.3205 85
      vertex 8.49614 17.2065 85
      vertex 9.59504 16.6191 85
    endloop
  endfacet
  facet normal 0 0 1
    outer loop
      vertex 8.84577 17.9375 85
      vertex 8.48756 17.2111 85
      vertex 8.49614 17.2065 85
    endloop
  endfacet
  facet normal 0 0 1
    outer loop
      vertex 8.84577 17.9375 85
      vertex 8.47869 17.2151 85
      vertex 8.48756 17.2111 85
    endloop
  endfacet
  facet normal 0 0 1
    outer loop
      vertex 7.65367 18.4776 85
      vertex 8.47869 17.2151 85
      vertex 8.84577 17.9375 85
    endloop
  endfacet
  facet normal 0 0 1
    outer loop
      vertex 7.65367 18.4776 85
      vertex 7.34373 17.7293 85
      vertex 8.47869 17.2151 85
    endloop
  endfacet
  facet normal 0 0 1
    outer loop
      vertex 6.17756 18.1682 85
      vertex 7.65367 18.4776 85
      vertex 6.42879 18.9386 85
    endloop
  endfacet
  facet normal 0 0 1
    outer loop
      vertex 7.65367 18.4776 85
      vertex 6.17756 18.1682 85
      vertex 7.34373 17.7293 85
    endloop
  endfacet
  facet normal 0 0 1
    outer loop
      vertex 6.42879 18.9386 85
      vertex 6.16845 18.1717 85
      vertex 6.17756 18.1682 85
    endloop
  endfacet
  facet normal 0 0 1
    outer loop
      vertex 6.42879 18.9386 85
      vertex 6.15914 18.1745 85
      vertex 6.16845 18.1717 85
    endloop
  endfacet
  facet normal 0 0 1
    outer loop
      vertex 5.17638 19.3185 85
      vertex 6.15914 18.1745 85
      vertex 6.42879 18.9386 85
    endloop
  endfacet
  facet normal 0 0 1
    outer loop
      vertex 5.17638 19.3185 85
      vertex 4.96676 18.5362 85
      vertex 6.15914 18.1745 85
    endloop
  endfacet
  facet normal 0 0 1
    outer loop
      vertex 5.17638 19.3185 85
      vertex 4.95728 18.5384 85
      vertex 4.96676 18.5362 85
    endloop
  endfacet
  facet normal 0 0 1
    outer loop
      vertex 3.90181 19.6157 85
      vertex 4.95728 18.5384 85
      vertex 5.17638 19.3185 85
    endloop
  endfacet
  facet normal 0 0 1
    outer loop
      vertex 3.90181 19.6157 85
      vertex 3.7438 18.8214 85
      vertex 4.95728 18.5384 85
    endloop
  endfacet
  facet normal 0 0 1
    outer loop
      vertex 2.51441 19.0243 85
      vertex 3.90181 19.6157 85
      vertex 2.61052 19.8289 85
    endloop
  endfacet
  facet normal 0 0 1
    outer loop
      vertex 3.90181 19.6157 85
      vertex 2.51441 19.0243 85
      vertex 3.7438 18.8214 85
    endloop
  endfacet
  facet normal 0 0 1
    outer loop
      vertex 2.61052 19.8289 85
      vertex 2.50481 19.0259 85
      vertex 2.51441 19.0243 85
    endloop
  endfacet
  facet normal 0 0 1
    outer loop
      vertex 1.26478 19.148 85
      vertex 2.61052 19.8289 85
      vertex 1.30806 19.9572 85
    endloop
  endfacet
  facet normal 0 0 1
    outer loop
      vertex 2.61052 19.8289 85
      vertex 1.26478 19.148 85
      vertex 2.50481 19.0259 85
    endloop
  endfacet
  facet normal 0 0 1
    outer loop
      vertex 1.30806 19.9572 85
      vertex 1.25509 19.149 85
      vertex 1.26478 19.148 85
    endloop
  endfacet
  facet normal 0 0 1
    outer loop
      vertex 1.30806 19.9572 85
      vertex 1.24536 19.1493 85
      vertex 1.25509 19.149 85
    endloop
  endfacet
  facet normal 0 0 1
    outer loop
      vertex 0 20 85
      vertex 1.24536 19.1493 85
      vertex 1.30806 19.9572 85
    endloop
  endfacet
  facet normal 0 0 1
    outer loop
      vertex 0 20 85
      vertex 0 19.1901 85
      vertex 1.24536 19.1493 85
    endloop
  endfacet
  facet normal 0 0 1
    outer loop
      vertex 0 20 85
      vertex -1.24536 19.1493 85
      vertex 0 19.1901 85
    endloop
  endfacet
  facet normal -0 0 1
    outer loop
      vertex -1.30806 19.9572 85
      vertex -1.24536 19.1493 85
      vertex 0 20 85
    endloop
  endfacet
  facet normal 0 0 1
    outer loop
      vertex -1.24536 19.1493 85
      vertex -1.30806 19.9572 85
      vertex -1.25509 19.149 85
    endloop
  endfacet
  facet normal 0 0 1
    outer loop
      vertex -1.25509 19.149 85
      vertex -1.30806 19.9572 85
      vertex -1.26478 19.148 85
    endloop
  endfacet
  facet normal -0 0 1
    outer loop
      vertex -2.61052 19.8289 85
      vertex -1.26478 19.148 85
      vertex -1.30806 19.9572 85
    endloop
  endfacet
  facet normal 0 0 1
    outer loop
      vertex -1.26478 19.148 85
      vertex -2.61052 19.8289 85
      vertex -2.50481 19.0259 85
    endloop
  endfacet
  facet normal 0 0 1
    outer loop
      vertex -2.50481 19.0259 85
      vertex -2.61052 19.8289 85
      vertex -2.51441 19.0243 85
    endloop
  endfacet
  facet normal -0 0 1
    outer loop
      vertex -3.90181 19.6157 85
      vertex -2.51441 19.0243 85
      vertex -2.61052 19.8289 85
    endloop
  endfacet
  facet normal 0 0 1
    outer loop
      vertex -2.51441 19.0243 85
      vertex -3.90181 19.6157 85
      vertex -3.7438 18.8214 85
    endloop
  endfacet
  facet normal 0 0 1
    outer loop
      vertex -3.90181 19.6157 85
      vertex -4.95728 18.5384 85
      vertex -3.7438 18.8214 85
    endloop
  endfacet
  facet normal -0 0 1
    outer loop
      vertex -5.17638 19.3185 85
      vertex -4.95728 18.5384 85
      vertex -3.90181 19.6157 85
    endloop
  endfacet
  facet normal 0 0 1
    outer loop
      vertex -4.95728 18.5384 85
      vertex -5.17638 19.3185 85
      vertex -4.96676 18.5362 85
    endloop
  endfacet
  facet normal 0 0 1
    outer loop
      vertex -5.17638 19.3185 85
      vertex -6.15914 18.1745 85
      vertex -4.96676 18.5362 85
    endloop
  endfacet
  facet normal -0 0 1
    outer loop
      vertex -6.42879 18.9386 85
      vertex -6.15914 18.1745 85
      vertex -5.17638 19.3185 85
    endloop
  endfacet
  facet normal 0 0 1
    outer loop
      vertex -6.15914 18.1745 85
      vertex -6.42879 18.9386 85
      vertex -6.16845 18.1717 85
    endloop
  endfacet
  facet normal 0 0 1
    outer loop
      vertex -6.16845 18.1717 85
      vertex -6.42879 18.9386 85
      vertex -6.17756 18.1682 85
    endloop
  endfacet
  facet normal -0 0 1
    outer loop
      vertex -7.65367 18.4776 85
      vertex -6.17756 18.1682 85
      vertex -6.42879 18.9386 85
    endloop
  endfacet
  facet normal 0 0 1
    outer loop
      vertex -6.17756 18.1682 85
      vertex -7.65367 18.4776 85
      vertex -7.34373 17.7293 85
    endloop
  endfacet
  facet normal 0 0 1
    outer loop
      vertex -7.65367 18.4776 85
      vertex -8.47869 17.2151 85
      vertex -7.34373 17.7293 85
    endloop
  endfacet
  facet normal -0 0 1
    outer loop
      vertex -8.84577 17.9375 85
      vertex -8.47869 17.2151 85
      vertex -7.65367 18.4776 85
    endloop
  endfacet
  facet normal 0 0 1
    outer loop
      vertex -8.47869 17.2151 85
      vertex -8.84577 17.9375 85
      vertex -8.48756 17.2111 85
    endloop
  endfacet
  facet normal 0 0 1
    outer loop
      vertex -8.48756 17.2111 85
      vertex -8.84577 17.9375 85
      vertex -8.49614 17.2065 85
    endloop
  endfacet
  facet normal -0 0 1
    outer loop
      vertex -10 17.3205 85
      vertex -8.49614 17.2065 85
      vertex -8.84577 17.9375 85
    endloop
  endfacet
  facet normal 0 0 1
    outer loop
      vertex -8.49614 17.2065 85
      vertex -10 17.3205 85
      vertex -9.59504 16.6191 85
    endloop
  endfacet
  facet normal 0 0 1
    outer loop
      vertex -10 17.3205 85
      vertex -10.6532 15.9611 85
      vertex -9.59504 16.6191 85
    endloop
  endfacet
  facet normal -0 0 1
    outer loop
      vertex -11.1114 16.6294 85
      vertex -10.6532 15.9611 85
      vertex -10 17.3205 85
    endloop
  endfacet
  facet normal 0 0 1
    outer loop
      vertex -10.6532 15.9611 85
      vertex -11.1114 16.6294 85
      vertex -10.6614 15.956 85
    endloop
  endfacet
  facet normal 0 0 1
    outer loop
      vertex -11.1114 16.6294 85
      vertex -11.6743 15.2302 85
      vertex -10.6614 15.956 85
    endloop
  endfacet
  facet normal -0 0 1
    outer loop
      vertex -12.1752 15.8671 85
      vertex -11.6743 15.2302 85
      vertex -11.1114 16.6294 85
    endloop
  endfacet
  facet normal 0 0 1
    outer loop
      vertex -11.6743 15.2302 85
      vertex -12.1752 15.8671 85
      vertex -11.6822 15.2245 85
    endloop
  endfacet
  facet normal 0 0 1
    outer loop
      vertex -11.6822 15.2245 85
      vertex -12.1752 15.8671 85
      vertex -11.6897 15.2183 85
    endloop
  endfacet
  facet normal 0 0 1
    outer loop
      vertex -13.1869 15.0368 85
      vertex -11.6897 15.2183 85
      vertex -12.1752 15.8671 85
    endloop
  endfacet
  facet normal 0 0 1
    outer loop
      vertex -11.6897 15.2183 85
      vertex -13.1869 15.0368 85
      vertex -12.6529 14.4279 85
    endloop
  endfacet
  facet normal 0 0 1
    outer loop
      vertex -13.1869 15.0368 85
      vertex -13.5623 13.5761 85
      vertex -12.6529 14.4279 85
    endloop
  endfacet
  facet normal -0 0 1
    outer loop
      vertex -14.1421 14.1421 85
      vertex -13.5623 13.5761 85
      vertex -13.1869 15.0368 85
    endloop
  endfacet
  facet normal 0 0 1
    outer loop
      vertex -13.5623 13.5761 85
      vertex -14.1421 14.1421 85
      vertex -13.5694 13.5694 85
    endloop
  endfacet
  facet normal 0 0 1
    outer loop
      vertex -13.5694 13.5694 85
      vertex -14.1421 14.1421 85
      vertex -13.5761 13.5623 85
    endloop
  endfacet
  facet normal 0 0 1
    outer loop
      vertex -15.0368 13.1869 85
      vertex -13.5761 13.5623 85
      vertex -14.1421 14.1421 85
    endloop
  endfacet
  facet normal 0 0 1
    outer loop
      vertex -13.5761 13.5623 85
      vertex -15.0368 13.1869 85
      vertex -14.4279 12.6529 85
    endloop
  endfacet
  facet normal 0 0 1
    outer loop
      vertex -15.0368 13.1869 85
      vertex -15.2183 11.6897 85
      vertex -14.4279 12.6529 85
    endloop
  endfacet
  facet normal -0 0 1
    outer loop
      vertex -15.8671 12.1752 85
      vertex -15.2183 11.6897 85
      vertex -15.0368 13.1869 85
    endloop
  endfacet
  facet normal 0 0 1
    outer loop
      vertex -15.2183 11.6897 85
      vertex -15.8671 12.1752 85
      vertex -15.2245 11.6822 85
    endloop
  endfacet
  facet normal 0 0 1
    outer loop
      vertex -15.2245 11.6822 85
      vertex -15.8671 12.1752 85
      vertex -15.2302 11.6743 85
    endloop
  endfacet
  facet normal 0 0 1
    outer loop
      vertex -16.6294 11.1114 85
      vertex -15.2302 11.6743 85
      vertex -15.8671 12.1752 85
    endloop
  endfacet
  facet normal 0 0 1
    outer loop
      vertex -15.2302 11.6743 85
      vertex -16.6294 11.1114 85
      vertex -15.956 10.6614 85
    endloop
  endfacet
  facet normal 0 0 1
    outer loop
      vertex -15.956 10.6614 85
      vertex -16.6294 11.1114 85
      vertex -15.9611 10.6532 85
    endloop
  endfacet
  facet normal 0 0 1
    outer loop
      vertex -17.3205 10 85
      vertex -15.9611 10.6532 85
      vertex -16.6294 11.1114 85
    endloop
  endfacet
  facet normal 0 0 1
    outer loop
      vertex -15.9611 10.6532 85
      vertex -17.3205 10 85
      vertex -16.6191 9.59504 85
    endloop
  endfacet
  facet normal 0 0 1
    outer loop
      vertex -16.6191 9.59504 85
      vertex -17.3205 10 85
      vertex -17.2065 8.49614 85
    endloop
  endfacet
  facet normal -0 0 1
    outer loop
      vertex -17.9375 8.84577 85
      vertex -17.2065 8.49614 85
      vertex -17.3205 10 85
    endloop
  endfacet
  facet normal 0 0 1
    outer loop
      vertex -17.2065 8.49614 85
      vertex -17.9375 8.84577 85
      vertex -17.2111 8.48756 85
    endloop
  endfacet
  facet normal 0 0 1
    outer loop
      vertex -17.2111 8.48756 85
      vertex -17.9375 8.84577 85
      vertex -17.2151 8.47869 85
    endloop
  endfacet
  facet normal 0 0 1
    outer loop
      vertex -18.4776 7.65367 85
      vertex -17.2151 8.47869 85
      vertex -17.9375 8.84577 85
    endloop
  endfacet
  facet normal 0 0 1
    outer loop
      vertex -17.2151 8.47869 85
      vertex -18.4776 7.65367 85
      vertex -17.7293 7.34373 85
    endloop
  endfacet
  facet normal 0 0 1
    outer loop
      vertex -17.7293 7.34373 85
      vertex -18.4776 7.65367 85
      vertex -18.1682 6.17756 85
    endloop
  endfacet
  facet normal -0 0 1
    outer loop
      vertex -18.9386 6.42879 85
      vertex -18.1682 6.17756 85
      vertex -18.4776 7.65367 85
    endloop
  endfacet
  facet normal 0 0 1
    outer loop
      vertex -18.1682 6.17756 85
      vertex -18.9386 6.42879 85
      vertex -18.1717 6.16845 85
    endloop
  endfacet
  facet normal 0 0 1
    outer loop
      vertex -18.1717 6.16845 85
      vertex -18.9386 6.42879 85
      vertex -18.1745 6.15914 85
    endloop
  endfacet
  facet normal 0 0 1
    outer loop
      vertex -19.3185 5.17638 85
      vertex -18.1745 6.15914 85
      vertex -18.9386 6.42879 85
    endloop
  endfacet
  facet normal 0 0 1
    outer loop
      vertex -18.1745 6.15914 85
      vertex -19.3185 5.17638 85
      vertex -18.5362 4.96676 85
    endloop
  endfacet
  facet normal 0 0 1
    outer loop
      vertex -18.5362 4.96676 85
      vertex -19.3185 5.17638 85
      vertex -18.5384 4.95728 85
    endloop
  endfacet
  facet normal 0 0 1
    outer loop
      vertex -19.6157 3.90181 85
      vertex -18.5384 4.95728 85
      vertex -19.3185 5.17638 85
    endloop
  endfacet
  facet normal 0 0 1
    outer loop
      vertex -18.5384 4.95728 85
      vertex -19.6157 3.90181 85
      vertex -18.8214 3.7438 85
    endloop
  endfacet
  facet normal 0 0 1
    outer loop
      vertex -18.8214 3.7438 85
      vertex -19.6157 3.90181 85
      vertex -19.0243 2.51441 85
    endloop
  endfacet
  facet normal -0 0 1
    outer loop
      vertex -19.8289 2.61052 85
      vertex -19.0243 2.51441 85
      vertex -19.6157 3.90181 85
    endloop
  endfacet
  facet normal -0 0 1
    outer loop
      vertex -19.9572 1.30806 85
      vertex -19.148 1.26478 85
      vertex -19.8289 2.61052 85
    endloop
  endfacet
  facet normal 0 0 1
    outer loop
      vertex -19.0259 2.50481 85
      vertex -19.8289 2.61052 85
      vertex -19.148 1.26478 85
    endloop
  endfacet
  facet normal 0 0 1
    outer loop
      vertex -19.0243 2.51441 85
      vertex -19.8289 2.61052 85
      vertex -19.0259 2.50481 85
    endloop
  endfacet
  facet normal 0 0 1
    outer loop
      vertex 19.9572 -1.30806 85
      vertex 19.148 -1.26478 85
      vertex 19.8289 -2.61052 85
    endloop
  endfacet
  facet normal -0 0 1
    outer loop
      vertex 19.0259 -2.50481 85
      vertex 19.8289 -2.61052 85
      vertex 19.148 -1.26478 85
    endloop
  endfacet
  facet normal -0 0 1
    outer loop
      vertex 19.0243 -2.51441 85
      vertex 19.8289 -2.61052 85
      vertex 19.0259 -2.50481 85
    endloop
  endfacet
  facet normal 0 0 1
    outer loop
      vertex 19.8289 -2.61052 85
      vertex 19.0243 -2.51441 85
      vertex 19.6157 -3.90181 85
    endloop
  endfacet
  facet normal -0 0 1
    outer loop
      vertex 18.8214 -3.7438 85
      vertex 19.6157 -3.90181 85
      vertex 19.0243 -2.51441 85
    endloop
  endfacet
  facet normal 0 0 1
    outer loop
      vertex 18.5384 -4.95728 85
      vertex 19.6157 -3.90181 85
      vertex 18.8214 -3.7438 85
    endloop
  endfacet
  facet normal 0 0 1
    outer loop
      vertex 19.6157 -3.90181 85
      vertex 18.5384 -4.95728 85
      vertex 19.3185 -5.17638 85
    endloop
  endfacet
  facet normal -0 0 1
    outer loop
      vertex 18.5362 -4.96676 85
      vertex 19.3185 -5.17638 85
      vertex 18.5384 -4.95728 85
    endloop
  endfacet
  facet normal 0 0 1
    outer loop
      vertex 18.1745 -6.15914 85
      vertex 19.3185 -5.17638 85
      vertex 18.5362 -4.96676 85
    endloop
  endfacet
  facet normal 0 0 1
    outer loop
      vertex 19.3185 -5.17638 85
      vertex 18.1745 -6.15914 85
      vertex 18.9386 -6.42879 85
    endloop
  endfacet
  facet normal -0 0 1
    outer loop
      vertex 18.1717 -6.16845 85
      vertex 18.9386 -6.42879 85
      vertex 18.1745 -6.15914 85
    endloop
  endfacet
  facet normal -0 0 1
    outer loop
      vertex 18.1682 -6.17756 85
      vertex 18.9386 -6.42879 85
      vertex 18.1717 -6.16845 85
    endloop
  endfacet
  facet normal 0 0 1
    outer loop
      vertex 18.9386 -6.42879 85
      vertex 18.1682 -6.17756 85
      vertex 18.4776 -7.65367 85
    endloop
  endfacet
  facet normal -0 0 1
    outer loop
      vertex 17.7293 -7.34373 85
      vertex 18.4776 -7.65367 85
      vertex 18.1682 -6.17756 85
    endloop
  endfacet
  facet normal 0 0 1
    outer loop
      vertex 17.2151 -8.47869 85
      vertex 18.4776 -7.65367 85
      vertex 17.7293 -7.34373 85
    endloop
  endfacet
  facet normal 0 0 1
    outer loop
      vertex 18.4776 -7.65367 85
      vertex 17.2151 -8.47869 85
      vertex 17.9375 -8.84577 85
    endloop
  endfacet
  facet normal -0 0 1
    outer loop
      vertex 17.2111 -8.48756 85
      vertex 17.9375 -8.84577 85
      vertex 17.2151 -8.47869 85
    endloop
  endfacet
  facet normal -0 0 1
    outer loop
      vertex 17.2065 -8.49614 85
      vertex 17.9375 -8.84577 85
      vertex 17.2111 -8.48756 85
    endloop
  endfacet
  facet normal 0 0 1
    outer loop
      vertex 17.9375 -8.84577 85
      vertex 17.2065 -8.49614 85
      vertex 17.3205 -10 85
    endloop
  endfacet
  facet normal -0 0 1
    outer loop
      vertex 16.6191 -9.59504 85
      vertex 17.3205 -10 85
      vertex 17.2065 -8.49614 85
    endloop
  endfacet
  facet normal 0 0 1
    outer loop
      vertex 15.9611 -10.6532 85
      vertex 17.3205 -10 85
      vertex 16.6191 -9.59504 85
    endloop
  endfacet
  facet normal 0 0 1
    outer loop
      vertex 17.3205 -10 85
      vertex 15.9611 -10.6532 85
      vertex 16.6294 -11.1114 85
    endloop
  endfacet
  facet normal -0 0 1
    outer loop
      vertex 15.956 -10.6614 85
      vertex 16.6294 -11.1114 85
      vertex 15.9611 -10.6532 85
    endloop
  endfacet
  facet normal 0 0 1
    outer loop
      vertex 15.2302 -11.6743 85
      vertex 16.6294 -11.1114 85
      vertex 15.956 -10.6614 85
    endloop
  endfacet
  facet normal 0 0 1
    outer loop
      vertex 16.6294 -11.1114 85
      vertex 15.2302 -11.6743 85
      vertex 15.8671 -12.1752 85
    endloop
  endfacet
  facet normal -0 0 1
    outer loop
      vertex 15.2245 -11.6822 85
      vertex 15.8671 -12.1752 85
      vertex 15.2302 -11.6743 85
    endloop
  endfacet
  facet normal -0 0 1
    outer loop
      vertex 15.2183 -11.6897 85
      vertex 15.8671 -12.1752 85
      vertex 15.2245 -11.6822 85
    endloop
  endfacet
  facet normal 0 0 1
    outer loop
      vertex 15.2183 -11.6897 85
      vertex 15.0368 -13.1869 85
      vertex 15.8671 -12.1752 85
    endloop
  endfacet
  facet normal -0 0 1
    outer loop
      vertex 14.4279 -12.6529 85
      vertex 15.0368 -13.1869 85
      vertex 15.2183 -11.6897 85
    endloop
  endfacet
  facet normal 0 0 1
    outer loop
      vertex 13.5761 -13.5623 85
      vertex 15.0368 -13.1869 85
      vertex 14.4279 -12.6529 85
    endloop
  endfacet
  facet normal 0 0 1
    outer loop
      vertex 15.0368 -13.1869 85
      vertex 13.5761 -13.5623 85
      vertex 14.1421 -14.1421 85
    endloop
  endfacet
  facet normal -0 0 1
    outer loop
      vertex 13.5694 -13.5694 85
      vertex 14.1421 -14.1421 85
      vertex 13.5761 -13.5623 85
    endloop
  endfacet
  facet normal -0 0 1
    outer loop
      vertex 13.5623 -13.5761 85
      vertex 14.1421 -14.1421 85
      vertex 13.5694 -13.5694 85
    endloop
  endfacet
  facet normal 0 0 1
    outer loop
      vertex 13.5623 -13.5761 85
      vertex 13.1869 -15.0368 85
      vertex 14.1421 -14.1421 85
    endloop
  endfacet
  facet normal -0 0 1
    outer loop
      vertex 12.6529 -14.4279 85
      vertex 13.1869 -15.0368 85
      vertex 13.5623 -13.5761 85
    endloop
  endfacet
  facet normal 0 0 1
    outer loop
      vertex 11.6897 -15.2183 85
      vertex 13.1869 -15.0368 85
      vertex 12.6529 -14.4279 85
    endloop
  endfacet
  facet normal 0 0 1
    outer loop
      vertex 13.1869 -15.0368 85
      vertex 11.6897 -15.2183 85
      vertex 12.1752 -15.8671 85
    endloop
  endfacet
  facet normal -0 0 1
    outer loop
      vertex 11.6822 -15.2245 85
      vertex 12.1752 -15.8671 85
      vertex 11.6897 -15.2183 85
    endloop
  endfacet
  facet normal -0 0 1
    outer loop
      vertex 11.6743 -15.2302 85
      vertex 12.1752 -15.8671 85
      vertex 11.6822 -15.2245 85
    endloop
  endfacet
  facet normal 0 0 1
    outer loop
      vertex 11.6743 -15.2302 85
      vertex 11.1114 -16.6294 85
      vertex 12.1752 -15.8671 85
    endloop
  endfacet
  facet normal -0 0 1
    outer loop
      vertex 10.6614 -15.956 85
      vertex 11.1114 -16.6294 85
      vertex 11.6743 -15.2302 85
    endloop
  endfacet
  facet normal -0 0 1
    outer loop
      vertex 10.6532 -15.9611 85
      vertex 11.1114 -16.6294 85
      vertex 10.6614 -15.956 85
    endloop
  endfacet
  facet normal 0 0 1
    outer loop
      vertex 10.6532 -15.9611 85
      vertex 10 -17.3205 85
      vertex 11.1114 -16.6294 85
    endloop
  endfacet
  facet normal -0 0 1
    outer loop
      vertex 9.59504 -16.6191 85
      vertex 10 -17.3205 85
      vertex 10.6532 -15.9611 85
    endloop
  endfacet
  facet normal -0 0 1
    outer loop
      vertex 8.49614 -17.2065 85
      vertex 10 -17.3205 85
      vertex 9.59504 -16.6191 85
    endloop
  endfacet
  facet normal 0 0 1
    outer loop
      vertex 10 -17.3205 85
      vertex 8.49614 -17.2065 85
      vertex 8.84577 -17.9375 85
    endloop
  endfacet
  facet normal -0 0 1
    outer loop
      vertex 8.48756 -17.2111 85
      vertex 8.84577 -17.9375 85
      vertex 8.49614 -17.2065 85
    endloop
  endfacet
  facet normal -0 0 1
    outer loop
      vertex 8.47869 -17.2151 85
      vertex 8.84577 -17.9375 85
      vertex 8.48756 -17.2111 85
    endloop
  endfacet
  facet normal 0 0 1
    outer loop
      vertex 8.47869 -17.2151 85
      vertex 7.65367 -18.4776 85
      vertex 8.84577 -17.9375 85
    endloop
  endfacet
  facet normal -0 0 1
    outer loop
      vertex 7.34373 -17.7293 85
      vertex 7.65367 -18.4776 85
      vertex 8.47869 -17.2151 85
    endloop
  endfacet
  facet normal -0 0 1
    outer loop
      vertex 6.17756 -18.1682 85
      vertex 7.65367 -18.4776 85
      vertex 7.34373 -17.7293 85
    endloop
  endfacet
  facet normal 0 0 1
    outer loop
      vertex 7.65367 -18.4776 85
      vertex 6.17756 -18.1682 85
      vertex 6.42879 -18.9386 85
    endloop
  endfacet
  facet normal -0 0 1
    outer loop
      vertex 6.16845 -18.1717 85
      vertex 6.42879 -18.9386 85
      vertex 6.17756 -18.1682 85
    endloop
  endfacet
  facet normal -0 0 1
    outer loop
      vertex 6.15914 -18.1745 85
      vertex 6.42879 -18.9386 85
      vertex 6.16845 -18.1717 85
    endloop
  endfacet
  facet normal 0 0 1
    outer loop
      vertex 6.15914 -18.1745 85
      vertex 5.17638 -19.3185 85
      vertex 6.42879 -18.9386 85
    endloop
  endfacet
  facet normal -0 0 1
    outer loop
      vertex 4.96676 -18.5362 85
      vertex 5.17638 -19.3185 85
      vertex 6.15914 -18.1745 85
    endloop
  endfacet
  facet normal -0 0 1
    outer loop
      vertex 4.95728 -18.5384 85
      vertex 5.17638 -19.3185 85
      vertex 4.96676 -18.5362 85
    endloop
  endfacet
  facet normal 0 0 1
    outer loop
      vertex 4.95728 -18.5384 85
      vertex 3.90181 -19.6157 85
      vertex 5.17638 -19.3185 85
    endloop
  endfacet
  facet normal -0 0 1
    outer loop
      vertex 3.7438 -18.8214 85
      vertex 3.90181 -19.6157 85
      vertex 4.95728 -18.5384 85
    endloop
  endfacet
  facet normal -0 0 1
    outer loop
      vertex 2.51441 -19.0243 85
      vertex 3.90181 -19.6157 85
      vertex 3.7438 -18.8214 85
    endloop
  endfacet
  facet normal 0 0 1
    outer loop
      vertex 3.90181 -19.6157 85
      vertex 2.51441 -19.0243 85
      vertex 2.61052 -19.8289 85
    endloop
  endfacet
  facet normal -0 0 1
    outer loop
      vertex 2.50481 -19.0259 85
      vertex 2.61052 -19.8289 85
      vertex 2.51441 -19.0243 85
    endloop
  endfacet
  facet normal -0 0 1
    outer loop
      vertex 1.26478 -19.148 85
      vertex 2.61052 -19.8289 85
      vertex 2.50481 -19.0259 85
    endloop
  endfacet
  facet normal 0 0 1
    outer loop
      vertex 2.61052 -19.8289 85
      vertex 1.26478 -19.148 85
      vertex 1.30806 -19.9572 85
    endloop
  endfacet
  facet normal -0 0 1
    outer loop
      vertex 1.25509 -19.149 85
      vertex 1.30806 -19.9572 85
      vertex 1.26478 -19.148 85
    endloop
  endfacet
  facet normal -0 0 1
    outer loop
      vertex 1.24536 -19.1493 85
      vertex 1.30806 -19.9572 85
      vertex 1.25509 -19.149 85
    endloop
  endfacet
  facet normal 0 0 1
    outer loop
      vertex 0 -20 85
      vertex 1.24536 -19.1493 85
      vertex 0 -19.1901 85
    endloop
  endfacet
  facet normal 0 0 1
    outer loop
      vertex 1.24536 -19.1493 85
      vertex 0 -20 85
      vertex 1.30806 -19.9572 85
    endloop
  endfacet
  facet normal 0 0 1
    outer loop
      vertex -1.24536 -19.1493 85
      vertex 0 -20 85
      vertex 0 -19.1901 85
    endloop
  endfacet
  facet normal 0 0 1
    outer loop
      vertex -1.30806 -19.9572 85
      vertex -1.24536 -19.1493 85
      vertex -1.25509 -19.149 85
    endloop
  endfacet
  facet normal 0 0 1
    outer loop
      vertex -1.30806 -19.9572 85
      vertex -1.25509 -19.149 85
      vertex -1.26478 -19.148 85
    endloop
  endfacet
  facet normal 0 0 1
    outer loop
      vertex -1.24536 -19.1493 85
      vertex -1.30806 -19.9572 85
      vertex 0 -20 85
    endloop
  endfacet
  facet normal 0 0 1
    outer loop
      vertex -2.61052 -19.8289 85
      vertex -1.26478 -19.148 85
      vertex -2.50481 -19.0259 85
    endloop
  endfacet
  facet normal 0 0 1
    outer loop
      vertex -2.61052 -19.8289 85
      vertex -2.50481 -19.0259 85
      vertex -2.51441 -19.0243 85
    endloop
  endfacet
  facet normal 0 0 1
    outer loop
      vertex -1.26478 -19.148 85
      vertex -2.61052 -19.8289 85
      vertex -1.30806 -19.9572 85
    endloop
  endfacet
  facet normal 0 0 1
    outer loop
      vertex -3.90181 -19.6157 85
      vertex -2.51441 -19.0243 85
      vertex -3.7438 -18.8214 85
    endloop
  endfacet
  facet normal 0 0 1
    outer loop
      vertex -2.51441 -19.0243 85
      vertex -3.90181 -19.6157 85
      vertex -2.61052 -19.8289 85
    endloop
  endfacet
  facet normal 0 0 1
    outer loop
      vertex -4.95728 -18.5384 85
      vertex -3.90181 -19.6157 85
      vertex -3.7438 -18.8214 85
    endloop
  endfacet
  facet normal 0 0 1
    outer loop
      vertex -5.17638 -19.3185 85
      vertex -4.95728 -18.5384 85
      vertex -4.96676 -18.5362 85
    endloop
  endfacet
  facet normal 0 0 1
    outer loop
      vertex -4.95728 -18.5384 85
      vertex -5.17638 -19.3185 85
      vertex -3.90181 -19.6157 85
    endloop
  endfacet
  facet normal 0 0 1
    outer loop
      vertex -6.15914 -18.1745 85
      vertex -5.17638 -19.3185 85
      vertex -4.96676 -18.5362 85
    endloop
  endfacet
  facet normal 0 0 1
    outer loop
      vertex -6.42879 -18.9386 85
      vertex -6.15914 -18.1745 85
      vertex -6.16845 -18.1717 85
    endloop
  endfacet
  facet normal 0 0 1
    outer loop
      vertex -6.42879 -18.9386 85
      vertex -6.16845 -18.1717 85
      vertex -6.17756 -18.1682 85
    endloop
  endfacet
  facet normal 0 0 1
    outer loop
      vertex -6.15914 -18.1745 85
      vertex -6.42879 -18.9386 85
      vertex -5.17638 -19.3185 85
    endloop
  endfacet
  facet normal 0 0 1
    outer loop
      vertex -7.65367 -18.4776 85
      vertex -6.17756 -18.1682 85
      vertex -7.34373 -17.7293 85
    endloop
  endfacet
  facet normal 0 0 1
    outer loop
      vertex -6.17756 -18.1682 85
      vertex -7.65367 -18.4776 85
      vertex -6.42879 -18.9386 85
    endloop
  endfacet
  facet normal 0 0 1
    outer loop
      vertex -8.47869 -17.2151 85
      vertex -7.65367 -18.4776 85
      vertex -7.34373 -17.7293 85
    endloop
  endfacet
  facet normal 0 0 1
    outer loop
      vertex -8.84577 -17.9375 85
      vertex -8.47869 -17.2151 85
      vertex -8.48756 -17.2111 85
    endloop
  endfacet
  facet normal 0 0 1
    outer loop
      vertex -8.84577 -17.9375 85
      vertex -8.48756 -17.2111 85
      vertex -8.49614 -17.2065 85
    endloop
  endfacet
  facet normal 0 0 1
    outer loop
      vertex -8.47869 -17.2151 85
      vertex -8.84577 -17.9375 85
      vertex -7.65367 -18.4776 85
    endloop
  endfacet
  facet normal 0 0 1
    outer loop
      vertex -10 -17.3205 85
      vertex -8.49614 -17.2065 85
      vertex -9.59504 -16.6191 85
    endloop
  endfacet
  facet normal 0 0 1
    outer loop
      vertex -8.49614 -17.2065 85
      vertex -10 -17.3205 85
      vertex -8.84577 -17.9375 85
    endloop
  endfacet
  facet normal 0 0 1
    outer loop
      vertex -10.6532 -15.9611 85
      vertex -10 -17.3205 85
      vertex -9.59504 -16.6191 85
    endloop
  endfacet
  facet normal 0 0 1
    outer loop
      vertex -11.1114 -16.6294 85
      vertex -10.6532 -15.9611 85
      vertex -10.6614 -15.956 85
    endloop
  endfacet
  facet normal 0 0 1
    outer loop
      vertex -10.6532 -15.9611 85
      vertex -11.1114 -16.6294 85
      vertex -10 -17.3205 85
    endloop
  endfacet
  facet normal 0 0 1
    outer loop
      vertex -11.6743 -15.2302 85
      vertex -11.1114 -16.6294 85
      vertex -10.6614 -15.956 85
    endloop
  endfacet
  facet normal 0 0 1
    outer loop
      vertex -12.1752 -15.8671 85
      vertex -11.6743 -15.2302 85
      vertex -11.6822 -15.2245 85
    endloop
  endfacet
  facet normal 0 0 1
    outer loop
      vertex -12.1752 -15.8671 85
      vertex -11.6822 -15.2245 85
      vertex -11.6897 -15.2183 85
    endloop
  endfacet
  facet normal 0 0 1
    outer loop
      vertex -11.6743 -15.2302 85
      vertex -12.1752 -15.8671 85
      vertex -11.1114 -16.6294 85
    endloop
  endfacet
  facet normal -0 0 1
    outer loop
      vertex -13.1869 -15.0368 85
      vertex -11.6897 -15.2183 85
      vertex -12.6529 -14.4279 85
    endloop
  endfacet
  facet normal 0 0 1
    outer loop
      vertex -11.6897 -15.2183 85
      vertex -13.1869 -15.0368 85
      vertex -12.1752 -15.8671 85
    endloop
  endfacet
  facet normal 0 0 1
    outer loop
      vertex -13.5623 -13.5761 85
      vertex -13.1869 -15.0368 85
      vertex -12.6529 -14.4279 85
    endloop
  endfacet
  facet normal 0 0 1
    outer loop
      vertex -14.1421 -14.1421 85
      vertex -13.5623 -13.5761 85
      vertex -13.5694 -13.5694 85
    endloop
  endfacet
  facet normal 0 0 1
    outer loop
      vertex -14.1421 -14.1421 85
      vertex -13.5694 -13.5694 85
      vertex -13.5761 -13.5623 85
    endloop
  endfacet
  facet normal 0 0 1
    outer loop
      vertex -13.5623 -13.5761 85
      vertex -14.1421 -14.1421 85
      vertex -13.1869 -15.0368 85
    endloop
  endfacet
  facet normal -0 0 1
    outer loop
      vertex -15.0368 -13.1869 85
      vertex -13.5761 -13.5623 85
      vertex -14.4279 -12.6529 85
    endloop
  endfacet
  facet normal 0 0 1
    outer loop
      vertex -13.5761 -13.5623 85
      vertex -15.0368 -13.1869 85
      vertex -14.1421 -14.1421 85
    endloop
  endfacet
  facet normal 0 0 1
    outer loop
      vertex -15.2183 -11.6897 85
      vertex -15.0368 -13.1869 85
      vertex -14.4279 -12.6529 85
    endloop
  endfacet
  facet normal 0 0 1
    outer loop
      vertex -15.8671 -12.1752 85
      vertex -15.2183 -11.6897 85
      vertex -15.2245 -11.6822 85
    endloop
  endfacet
  facet normal 0 0 1
    outer loop
      vertex -15.8671 -12.1752 85
      vertex -15.2245 -11.6822 85
      vertex -15.2302 -11.6743 85
    endloop
  endfacet
  facet normal 0 0 1
    outer loop
      vertex -15.2183 -11.6897 85
      vertex -15.8671 -12.1752 85
      vertex -15.0368 -13.1869 85
    endloop
  endfacet
  facet normal -0 0 1
    outer loop
      vertex -16.6294 -11.1114 85
      vertex -15.2302 -11.6743 85
      vertex -15.956 -10.6614 85
    endloop
  endfacet
  facet normal 0 0 1
    outer loop
      vertex -16.6294 -11.1114 85
      vertex -15.956 -10.6614 85
      vertex -15.9611 -10.6532 85
    endloop
  endfacet
  facet normal -0 0 1
    outer loop
      vertex -17.3205 -10 85
      vertex -15.9611 -10.6532 85
      vertex -16.6191 -9.59504 85
    endloop
  endfacet
  facet normal 0 0 1
    outer loop
      vertex -15.2302 -11.6743 85
      vertex -16.6294 -11.1114 85
      vertex -15.8671 -12.1752 85
    endloop
  endfacet
  facet normal 0 0 1
    outer loop
      vertex -17.3205 -10 85
      vertex -16.6191 -9.59504 85
      vertex -17.2065 -8.49614 85
    endloop
  endfacet
  facet normal 0 0 1
    outer loop
      vertex -17.9375 -8.84577 85
      vertex -17.2065 -8.49614 85
      vertex -17.2111 -8.48756 85
    endloop
  endfacet
  facet normal 0 0 1
    outer loop
      vertex -17.9375 -8.84577 85
      vertex -17.2111 -8.48756 85
      vertex -17.2151 -8.47869 85
    endloop
  endfacet
  facet normal 0 0 1
    outer loop
      vertex -15.9611 -10.6532 85
      vertex -17.3205 -10 85
      vertex -16.6294 -11.1114 85
    endloop
  endfacet
  facet normal -0 0 1
    outer loop
      vertex -18.4776 -7.65367 85
      vertex -17.2151 -8.47869 85
      vertex -17.7293 -7.34373 85
    endloop
  endfacet
  facet normal 0 0 1
    outer loop
      vertex -17.2065 -8.49614 85
      vertex -17.9375 -8.84577 85
      vertex -17.3205 -10 85
    endloop
  endfacet
  facet normal 0 0 1
    outer loop
      vertex -18.4776 -7.65367 85
      vertex -17.7293 -7.34373 85
      vertex -18.1682 -6.17756 85
    endloop
  endfacet
  facet normal 0 0 1
    outer loop
      vertex -18.9386 -6.42879 85
      vertex -18.1682 -6.17756 85
      vertex -18.1717 -6.16845 85
    endloop
  endfacet
  facet normal 0 0 1
    outer loop
      vertex -18.9386 -6.42879 85
      vertex -18.1717 -6.16845 85
      vertex -18.1745 -6.15914 85
    endloop
  endfacet
  facet normal 0 0 1
    outer loop
      vertex -17.2151 -8.47869 85
      vertex -18.4776 -7.65367 85
      vertex -17.9375 -8.84577 85
    endloop
  endfacet
  facet normal -0 0 1
    outer loop
      vertex -19.3185 -5.17638 85
      vertex -18.1745 -6.15914 85
      vertex -18.5362 -4.96676 85
    endloop
  endfacet
  facet normal 0 0 1
    outer loop
      vertex -19.3185 -5.17638 85
      vertex -18.5362 -4.96676 85
      vertex -18.5384 -4.95728 85
    endloop
  endfacet
  facet normal -0 0 1
    outer loop
      vertex -19.6157 -3.90181 85
      vertex -18.5384 -4.95728 85
      vertex -18.8214 -3.7438 85
    endloop
  endfacet
  facet normal 0 0 1
    outer loop
      vertex -18.1682 -6.17756 85
      vertex -18.9386 -6.42879 85
      vertex -18.4776 -7.65367 85
    endloop
  endfacet
  facet normal 0 0 1
    outer loop
      vertex -19.6157 -3.90181 85
      vertex -18.8214 -3.7438 85
      vertex -19.0243 -2.51441 85
    endloop
  endfacet
  facet normal 0 0 1
    outer loop
      vertex -19.8289 -2.61052 85
      vertex -19.0243 -2.51441 85
      vertex -19.0259 -2.50481 85
    endloop
  endfacet
  facet normal 0 0 1
    outer loop
      vertex -19.8289 -2.61052 85
      vertex -19.0259 -2.50481 85
      vertex -19.148 -1.26478 85
    endloop
  endfacet
  facet normal 0 0 1
    outer loop
      vertex -19.9572 -1.30806 85
      vertex -19.148 -1.26478 85
      vertex -19.149 -1.25509 85
    endloop
  endfacet
  facet normal 0 0 1
    outer loop
      vertex -18.1745 -6.15914 85
      vertex -19.3185 -5.17638 85
      vertex -18.9386 -6.42879 85
    endloop
  endfacet
  facet normal 0 0 1
    outer loop
      vertex -19.9572 -1.30806 85
      vertex -19.149 -1.25509 85
      vertex -19.1493 -1.24536 85
    endloop
  endfacet
  facet normal -0 0 1
    outer loop
      vertex -20 0 85
      vertex -19.1493 -1.24536 85
      vertex -19.1901 0 85
    endloop
  endfacet
  facet normal 0 0 1
    outer loop
      vertex -19.148 1.26478 85
      vertex -19.9572 1.30806 85
      vertex -19.149 1.25509 85
    endloop
  endfacet
  facet normal 0 0 1
    outer loop
      vertex -19.149 1.25509 85
      vertex -19.9572 1.30806 85
      vertex -19.1493 1.24536 85
    endloop
  endfacet
  facet normal 0 0 1
    outer loop
      vertex -18.5384 -4.95728 85
      vertex -19.6157 -3.90181 85
      vertex -19.3185 -5.17638 85
    endloop
  endfacet
  facet normal 0 0 1
    outer loop
      vertex -20 0 85
      vertex -19.1493 1.24536 85
      vertex -19.9572 1.30806 85
    endloop
  endfacet
  facet normal 0 0 1
    outer loop
      vertex -19.0243 -2.51441 85
      vertex -19.8289 -2.61052 85
      vertex -19.6157 -3.90181 85
    endloop
  endfacet
  facet normal 0 0 1
    outer loop
      vertex -19.1493 1.24536 85
      vertex -20 0 85
      vertex -19.1901 0 85
    endloop
  endfacet
  facet normal 0 0 1
    outer loop
      vertex -19.148 -1.26478 85
      vertex -19.9572 -1.30806 85
      vertex -19.8289 -2.61052 85
    endloop
  endfacet
  facet normal 0 0 1
    outer loop
      vertex -19.1493 -1.24536 85
      vertex -20 0 85
      vertex -19.9572 -1.30806 85
    endloop
  endfacet
  facet normal -0.528061 0.849207 0
    outer loop
      vertex -10 17.3205 82.5
      vertex -11.1114 16.6294 85
      vertex -10 17.3205 85
    endloop
  endfacet
  facet normal -0.528061 0.849207 0
    outer loop
      vertex -11.1114 16.6294 85
      vertex -10 17.3205 82.5
      vertex -11.1114 16.6294 82.5
    endloop
  endfacet
  facet normal -0.528061 0.849207 0
    outer loop
      vertex -10 17.3205 6
      vertex -11.1114 16.6294 66
      vertex -10 17.3205 66
    endloop
  endfacet
  facet normal -0.528061 0.849207 0
    outer loop
      vertex -11.1114 16.6294 66
      vertex -10 17.3205 6
      vertex -11.1114 16.6294 6
    endloop
  endfacet
  facet normal -0.528061 0.849207 0
    outer loop
      vertex -10 17.3205 75
      vertex -11.1114 16.6294 77.5
      vertex -10 17.3205 77.5
    endloop
  endfacet
  facet normal -0.528061 0.849207 0
    outer loop
      vertex -11.1114 16.6294 77.5
      vertex -10 17.3205 75
      vertex -11.1114 16.6294 75
    endloop
  endfacet
  facet normal -0.582474 0.81285 0
    outer loop
      vertex -11.1114 16.6294 82.5
      vertex -12.1752 15.8671 85
      vertex -11.1114 16.6294 85
    endloop
  endfacet
  facet normal -0.582474 0.81285 0
    outer loop
      vertex -12.1752 15.8671 85
      vertex -11.1114 16.6294 82.5
      vertex -12.1752 15.8671 82.5
    endloop
  endfacet
  facet normal -0.582474 0.81285 0
    outer loop
      vertex -11.1114 16.6294 6
      vertex -12.1752 15.8671 66
      vertex -11.1114 16.6294 66
    endloop
  endfacet
  facet normal -0.582474 0.81285 0
    outer loop
      vertex -12.1752 15.8671 66
      vertex -11.1114 16.6294 6
      vertex -12.1752 15.8671 6
    endloop
  endfacet
  facet normal -0.582474 0.81285 0
    outer loop
      vertex -11.1114 16.6294 75
      vertex -12.1752 15.8671 77.5
      vertex -11.1114 16.6294 77.5
    endloop
  endfacet
  facet normal -0.582474 0.81285 0
    outer loop
      vertex -12.1752 15.8671 77.5
      vertex -11.1114 16.6294 75
      vertex -12.1752 15.8671 75
    endloop
  endfacet
  facet normal -0.0327027 0.999465 0
    outer loop
      vertex 0 20 82.5
      vertex -1.30806 19.9572 85
      vertex 0 20 85
    endloop
  endfacet
  facet normal -0.0327027 0.999465 0
    outer loop
      vertex -1.30806 19.9572 85
      vertex 0 20 82.5
      vertex -1.30806 19.9572 82.5
    endloop
  endfacet
  facet normal -0.0327027 0.999465 0
    outer loop
      vertex 0 20 6
      vertex -1.30806 19.9572 66
      vertex 0 20 66
    endloop
  endfacet
  facet normal -0.0327027 0.999465 0
    outer loop
      vertex -1.30806 19.9572 66
      vertex 0 20 6
      vertex -1.30806 19.9572 6
    endloop
  endfacet
  facet normal -0.0327027 0.999465 0
    outer loop
      vertex 0 20 75
      vertex -1.30806 19.9572 77.5
      vertex 0 20 77.5
    endloop
  endfacet
  facet normal -0.0327027 0.999465 0
    outer loop
      vertex -1.30806 19.9572 77.5
      vertex 0 20 75
      vertex -1.30806 19.9572 75
    endloop
  endfacet
  facet normal 0.986642 -0.162901 0
    outer loop
      vertex 19.6157 -3.90181 85
      vertex 19.8289 -2.61052 82.5
      vertex 19.8289 -2.61052 85
    endloop
  endfacet
  facet normal 0.986642 -0.162901 0
    outer loop
      vertex 19.8289 -2.61052 82.5
      vertex 19.6157 -3.90181 85
      vertex 19.6157 -3.90181 82.5
    endloop
  endfacet
  facet normal 0.986642 -0.162901 0
    outer loop
      vertex 19.6157 -3.90181 66
      vertex 19.8289 -2.61052 6
      vertex 19.8289 -2.61052 66
    endloop
  endfacet
  facet normal 0.986642 -0.162901 0
    outer loop
      vertex 19.8289 -2.61052 6
      vertex 19.6157 -3.90181 66
      vertex 19.6157 -3.90181 6
    endloop
  endfacet
  facet normal 0.986642 -0.162901 0
    outer loop
      vertex 19.6157 -3.90181 77.5
      vertex 19.8289 -2.61052 75
      vertex 19.8289 -2.61052 77.5
    endloop
  endfacet
  facet normal 0.986642 -0.162901 0
    outer loop
      vertex 19.8289 -2.61052 75
      vertex 19.6157 -3.90181 77.5
      vertex 19.6157 -3.90181 75
    endloop
  endfacet
  facet normal 0.0327027 -0.999465 0
    outer loop
      vertex 0 -20 82.5
      vertex 1.30806 -19.9572 85
      vertex 0 -20 85
    endloop
  endfacet
  facet normal 0.0327027 -0.999465 0
    outer loop
      vertex 1.30806 -19.9572 85
      vertex 0 -20 82.5
      vertex 1.30806 -19.9572 82.5
    endloop
  endfacet
  facet normal 0.0327027 -0.999465 0
    outer loop
      vertex 0 -20 6
      vertex 1.30806 -19.9572 66
      vertex 0 -20 66
    endloop
  endfacet
  facet normal 0.0327027 -0.999465 0
    outer loop
      vertex 1.30806 -19.9572 66
      vertex 0 -20 6
      vertex 1.30806 -19.9572 6
    endloop
  endfacet
  facet normal 0.0327027 -0.999465 0
    outer loop
      vertex 0 -20 75
      vertex 1.30806 -19.9572 77.5
      vertex 0 -20 77.5
    endloop
  endfacet
  facet normal 0.0327027 -0.999465 0
    outer loop
      vertex 1.30806 -19.9572 77.5
      vertex 0 -20 75
      vertex 1.30806 -19.9572 75
    endloop
  endfacet
  facet normal 0.582474 -0.81285 0
    outer loop
      vertex 11.1114 -16.6294 82.5
      vertex 12.1752 -15.8671 85
      vertex 11.1114 -16.6294 85
    endloop
  endfacet
  facet normal 0.582474 -0.81285 0
    outer loop
      vertex 12.1752 -15.8671 85
      vertex 11.1114 -16.6294 82.5
      vertex 12.1752 -15.8671 82.5
    endloop
  endfacet
  facet normal 0.582474 -0.81285 0
    outer loop
      vertex 11.1114 -16.6294 6
      vertex 12.1752 -15.8671 66
      vertex 11.1114 -16.6294 66
    endloop
  endfacet
  facet normal 0.582474 -0.81285 0
    outer loop
      vertex 12.1752 -15.8671 66
      vertex 11.1114 -16.6294 6
      vertex 12.1752 -15.8671 6
    endloop
  endfacet
  facet normal 0.582474 -0.81285 0
    outer loop
      vertex 11.1114 -16.6294 75
      vertex 12.1752 -15.8671 77.5
      vertex 11.1114 -16.6294 77.5
    endloop
  endfacet
  facet normal 0.582474 -0.81285 0
    outer loop
      vertex 12.1752 -15.8671 77.5
      vertex 11.1114 -16.6294 75
      vertex 12.1752 -15.8671 75
    endloop
  endfacet
  facet normal -0.412686 -0.910873 0
    outer loop
      vertex -8.84577 -17.9375 82.5
      vertex -7.65367 -18.4776 85
      vertex -8.84577 -17.9375 85
    endloop
  endfacet
  facet normal -0.412686 -0.910873 -0
    outer loop
      vertex -7.65367 -18.4776 85
      vertex -8.84577 -17.9375 82.5
      vertex -7.65367 -18.4776 82.5
    endloop
  endfacet
  facet normal -0.412686 -0.910873 0
    outer loop
      vertex -8.84577 -17.9375 6
      vertex -7.65367 -18.4776 66
      vertex -8.84577 -17.9375 66
    endloop
  endfacet
  facet normal -0.412686 -0.910873 -0
    outer loop
      vertex -7.65367 -18.4776 66
      vertex -8.84577 -17.9375 6
      vertex -7.65367 -18.4776 6
    endloop
  endfacet
  facet normal -0.412686 -0.910873 0
    outer loop
      vertex -8.84577 -17.9375 75
      vertex -7.65367 -18.4776 77.5
      vertex -8.84577 -17.9375 77.5
    endloop
  endfacet
  facet normal -0.412686 -0.910873 -0
    outer loop
      vertex -7.65367 -18.4776 77.5
      vertex -8.84577 -17.9375 75
      vertex -7.65367 -18.4776 75
    endloop
  endfacet
  facet normal -0.528061 -0.849207 0
    outer loop
      vertex -11.1114 -16.6294 82.5
      vertex -10 -17.3205 85
      vertex -11.1114 -16.6294 85
    endloop
  endfacet
  facet normal -0.528061 -0.849207 -0
    outer loop
      vertex -10 -17.3205 85
      vertex -11.1114 -16.6294 82.5
      vertex -10 -17.3205 82.5
    endloop
  endfacet
  facet normal -0.528061 -0.849207 0
    outer loop
      vertex -11.1114 -16.6294 6
      vertex -10 -17.3205 66
      vertex -11.1114 -16.6294 66
    endloop
  endfacet
  facet normal -0.528061 -0.849207 -0
    outer loop
      vertex -10 -17.3205 66
      vertex -11.1114 -16.6294 6
      vertex -10 -17.3205 6
    endloop
  endfacet
  facet normal -0.528061 -0.849207 0
    outer loop
      vertex -11.1114 -16.6294 75
      vertex -10 -17.3205 77.5
      vertex -11.1114 -16.6294 77.5
    endloop
  endfacet
  facet normal -0.528061 -0.849207 -0
    outer loop
      vertex -10 -17.3205 77.5
      vertex -11.1114 -16.6294 75
      vertex -10 -17.3205 75
    endloop
  endfacet
  facet normal -0.352242 -0.935909 0
    outer loop
      vertex -7.65367 -18.4776 82.5
      vertex -6.42879 -18.9386 85
      vertex -7.65367 -18.4776 85
    endloop
  endfacet
  facet normal -0.352242 -0.935909 -0
    outer loop
      vertex -6.42879 -18.9386 85
      vertex -7.65367 -18.4776 82.5
      vertex -6.42879 -18.9386 82.5
    endloop
  endfacet
  facet normal -0.352242 -0.935909 0
    outer loop
      vertex -7.65367 -18.4776 6
      vertex -6.42879 -18.9386 66
      vertex -7.65367 -18.4776 66
    endloop
  endfacet
  facet normal -0.352242 -0.935909 -0
    outer loop
      vertex -6.42879 -18.9386 66
      vertex -7.65367 -18.4776 6
      vertex -6.42879 -18.9386 6
    endloop
  endfacet
  facet normal -0.352242 -0.935909 0
    outer loop
      vertex -7.65367 -18.4776 75
      vertex -6.42879 -18.9386 77.5
      vertex -7.65367 -18.4776 77.5
    endloop
  endfacet
  facet normal -0.352242 -0.935909 -0
    outer loop
      vertex -6.42879 -18.9386 77.5
      vertex -7.65367 -18.4776 75
      vertex -6.42879 -18.9386 75
    endloop
  endfacet
  facet normal -0.81285 -0.582474 0
    outer loop
      vertex -15.8671 -12.1752 82.5
      vertex -16.6294 -11.1114 85
      vertex -16.6294 -11.1114 82.5
    endloop
  endfacet
  facet normal -0.81285 -0.582474 0
    outer loop
      vertex -16.6294 -11.1114 85
      vertex -15.8671 -12.1752 82.5
      vertex -15.8671 -12.1752 85
    endloop
  endfacet
  facet normal -0.81285 -0.582474 0
    outer loop
      vertex -15.8671 -12.1752 6
      vertex -16.6294 -11.1114 66
      vertex -16.6294 -11.1114 6
    endloop
  endfacet
  facet normal -0.81285 -0.582474 0
    outer loop
      vertex -16.6294 -11.1114 66
      vertex -15.8671 -12.1752 6
      vertex -15.8671 -12.1752 66
    endloop
  endfacet
  facet normal -0.81285 -0.582474 0
    outer loop
      vertex -15.8671 -12.1752 75
      vertex -16.6294 -11.1114 77.5
      vertex -16.6294 -11.1114 75
    endloop
  endfacet
  facet normal -0.81285 -0.582474 0
    outer loop
      vertex -16.6294 -11.1114 77.5
      vertex -15.8671 -12.1752 75
      vertex -15.8671 -12.1752 77.5
    endloop
  endfacet
  facet normal -0.935909 -0.352242 0
    outer loop
      vertex -18.4776 -7.65367 82.5
      vertex -18.9386 -6.42879 85
      vertex -18.9386 -6.42879 82.5
    endloop
  endfacet
  facet normal -0.935909 -0.352242 0
    outer loop
      vertex -18.9386 -6.42879 85
      vertex -18.4776 -7.65367 82.5
      vertex -18.4776 -7.65367 85
    endloop
  endfacet
  facet normal -0.935909 -0.352242 0
    outer loop
      vertex -18.4776 -7.65367 6
      vertex -18.9386 -6.42879 66
      vertex -18.9386 -6.42879 6
    endloop
  endfacet
  facet normal -0.935909 -0.352242 0
    outer loop
      vertex -18.9386 -6.42879 66
      vertex -18.4776 -7.65367 6
      vertex -18.4776 -7.65367 66
    endloop
  endfacet
  facet normal -0.935909 -0.352242 0
    outer loop
      vertex -18.4776 -7.65367 75
      vertex -18.9386 -6.42879 77.5
      vertex -18.9386 -6.42879 75
    endloop
  endfacet
  facet normal -0.935909 -0.352242 0
    outer loop
      vertex -18.9386 -6.42879 77.5
      vertex -18.4776 -7.65367 75
      vertex -18.4776 -7.65367 77.5
    endloop
  endfacet
  facet normal -0.999465 -0.0327027 0
    outer loop
      vertex -19.9572 -1.30806 82.5
      vertex -20 0 85
      vertex -20 0 82.5
    endloop
  endfacet
  facet normal -0.999465 -0.0327027 0
    outer loop
      vertex -20 0 85
      vertex -19.9572 -1.30806 82.5
      vertex -19.9572 -1.30806 85
    endloop
  endfacet
  facet normal -0.999465 -0.0327027 0
    outer loop
      vertex -19.9572 -1.30806 6
      vertex -20 0 66
      vertex -20 0 6
    endloop
  endfacet
  facet normal -0.999465 -0.0327027 0
    outer loop
      vertex -20 0 66
      vertex -19.9572 -1.30806 6
      vertex -19.9572 -1.30806 66
    endloop
  endfacet
  facet normal -0.999465 -0.0327027 0
    outer loop
      vertex -19.9572 -1.30806 75
      vertex -20 0 77.5
      vertex -20 0 75
    endloop
  endfacet
  facet normal -0.999465 -0.0327027 0
    outer loop
      vertex -20 0 77.5
      vertex -19.9572 -1.30806 75
      vertex -19.9572 -1.30806 77.5
    endloop
  endfacet
  facet normal 0.956943 0.290275 0
    outer loop
      vertex 19.3185 5.17638 85
      vertex 18.9386 6.42879 82.5
      vertex 18.9386 6.42879 85
    endloop
  endfacet
  facet normal 0.956943 0.290275 0
    outer loop
      vertex 18.9386 6.42879 82.5
      vertex 19.3185 5.17638 85
      vertex 19.3185 5.17638 82.5
    endloop
  endfacet
  facet normal 0.956943 0.290275 0
    outer loop
      vertex 19.3185 5.17638 66
      vertex 18.9386 6.42879 6
      vertex 18.9386 6.42879 66
    endloop
  endfacet
  facet normal 0.956943 0.290275 0
    outer loop
      vertex 18.9386 6.42879 6
      vertex 19.3185 5.17638 66
      vertex 19.3185 5.17638 6
    endloop
  endfacet
  facet normal 0.956943 0.290275 0
    outer loop
      vertex 19.3185 5.17638 77.5
      vertex 18.9386 6.42879 75
      vertex 18.9386 6.42879 77.5
    endloop
  endfacet
  facet normal 0.956943 0.290275 0
    outer loop
      vertex 18.9386 6.42879 75
      vertex 19.3185 5.17638 77.5
      vertex 19.3185 5.17638 75
    endloop
  endfacet
  facet normal 0.973875 0.227085 0
    outer loop
      vertex 19.6157 3.90181 85
      vertex 19.3185 5.17638 82.5
      vertex 19.3185 5.17638 85
    endloop
  endfacet
  facet normal 0.973875 0.227085 0
    outer loop
      vertex 19.3185 5.17638 82.5
      vertex 19.6157 3.90181 85
      vertex 19.6157 3.90181 82.5
    endloop
  endfacet
  facet normal 0.973875 0.227085 0
    outer loop
      vertex 19.6157 3.90181 66
      vertex 19.3185 5.17638 6
      vertex 19.3185 5.17638 66
    endloop
  endfacet
  facet normal 0.973875 0.227085 0
    outer loop
      vertex 19.3185 5.17638 6
      vertex 19.6157 3.90181 66
      vertex 19.6157 3.90181 6
    endloop
  endfacet
  facet normal 0.973875 0.227085 0
    outer loop
      vertex 19.6157 3.90181 77.5
      vertex 19.3185 5.17638 75
      vertex 19.3185 5.17638 77.5
    endloop
  endfacet
  facet normal 0.973875 0.227085 0
    outer loop
      vertex 19.3185 5.17638 75
      vertex 19.6157 3.90181 77.5
      vertex 19.6157 3.90181 75
    endloop
  endfacet
  facet normal 0.773003 0.634402 0
    outer loop
      vertex 15.8671 12.1752 85
      vertex 15.0368 13.1869 82.5
      vertex 15.0368 13.1869 85
    endloop
  endfacet
  facet normal 0.773003 0.634402 0
    outer loop
      vertex 15.0368 13.1869 82.5
      vertex 15.8671 12.1752 85
      vertex 15.8671 12.1752 82.5
    endloop
  endfacet
  facet normal 0.773003 0.634402 0
    outer loop
      vertex 15.8671 12.1752 66
      vertex 15.0368 13.1869 6
      vertex 15.0368 13.1869 66
    endloop
  endfacet
  facet normal 0.773003 0.634402 0
    outer loop
      vertex 15.0368 13.1869 6
      vertex 15.8671 12.1752 66
      vertex 15.8671 12.1752 6
    endloop
  endfacet
  facet normal 0.773003 0.634402 0
    outer loop
      vertex 15.8671 12.1752 77.5
      vertex 15.0368 13.1869 75
      vertex 15.0368 13.1869 77.5
    endloop
  endfacet
  facet normal 0.773003 0.634402 0
    outer loop
      vertex 15.0368 13.1869 75
      vertex 15.8671 12.1752 77.5
      vertex 15.8671 12.1752 75
    endloop
  endfacet
  facet normal 0.910873 0.412686 0
    outer loop
      vertex 18.4776 7.65367 85
      vertex 17.9375 8.84577 82.5
      vertex 17.9375 8.84577 85
    endloop
  endfacet
  facet normal 0.910873 0.412686 0
    outer loop
      vertex 17.9375 8.84577 82.5
      vertex 18.4776 7.65367 85
      vertex 18.4776 7.65367 82.5
    endloop
  endfacet
  facet normal 0.910873 0.412686 0
    outer loop
      vertex 18.4776 7.65367 66
      vertex 17.9375 8.84577 6
      vertex 17.9375 8.84577 66
    endloop
  endfacet
  facet normal 0.910873 0.412686 0
    outer loop
      vertex 17.9375 8.84577 6
      vertex 18.4776 7.65367 66
      vertex 18.4776 7.65367 6
    endloop
  endfacet
  facet normal 0.910873 0.412686 0
    outer loop
      vertex 18.4776 7.65367 77.5
      vertex 17.9375 8.84577 75
      vertex 17.9375 8.84577 77.5
    endloop
  endfacet
  facet normal 0.910873 0.412686 0
    outer loop
      vertex 17.9375 8.84577 75
      vertex 18.4776 7.65367 77.5
      vertex 18.4776 7.65367 75
    endloop
  endfacet
  facet normal 0.290275 0.956943 -0
    outer loop
      vertex 6.42879 18.9386 82.5
      vertex 5.17638 19.3185 85
      vertex 6.42879 18.9386 85
    endloop
  endfacet
  facet normal 0.290275 0.956943 0
    outer loop
      vertex 5.17638 19.3185 85
      vertex 6.42879 18.9386 82.5
      vertex 5.17638 19.3185 82.5
    endloop
  endfacet
  facet normal 0.290275 0.956943 -0
    outer loop
      vertex 6.42879 18.9386 6
      vertex 5.17638 19.3185 66
      vertex 6.42879 18.9386 66
    endloop
  endfacet
  facet normal 0.290275 0.956943 0
    outer loop
      vertex 5.17638 19.3185 66
      vertex 6.42879 18.9386 6
      vertex 5.17638 19.3185 6
    endloop
  endfacet
  facet normal 0.290275 0.956943 -0
    outer loop
      vertex 6.42879 18.9386 75
      vertex 5.17638 19.3185 77.5
      vertex 6.42879 18.9386 77.5
    endloop
  endfacet
  facet normal 0.290275 0.956943 0
    outer loop
      vertex 5.17638 19.3185 77.5
      vertex 6.42879 18.9386 75
      vertex 5.17638 19.3185 75
    endloop
  endfacet
  facet normal 0.0980314 0.995183 -0
    outer loop
      vertex 2.61052 19.8289 82.5
      vertex 1.30806 19.9572 85
      vertex 2.61052 19.8289 85
    endloop
  endfacet
  facet normal 0.0980314 0.995183 0
    outer loop
      vertex 1.30806 19.9572 85
      vertex 2.61052 19.8289 82.5
      vertex 1.30806 19.9572 82.5
    endloop
  endfacet
  facet normal 0.0980314 0.995183 -0
    outer loop
      vertex 2.61052 19.8289 6
      vertex 1.30806 19.9572 66
      vertex 2.61052 19.8289 66
    endloop
  endfacet
  facet normal 0.0980314 0.995183 0
    outer loop
      vertex 1.30806 19.9572 66
      vertex 2.61052 19.8289 6
      vertex 1.30806 19.9572 6
    endloop
  endfacet
  facet normal 0.0980314 0.995183 -0
    outer loop
      vertex 2.61052 19.8289 75
      vertex 1.30806 19.9572 77.5
      vertex 2.61052 19.8289 77.5
    endloop
  endfacet
  facet normal 0.0980314 0.995183 0
    outer loop
      vertex 1.30806 19.9572 77.5
      vertex 2.61052 19.8289 75
      vertex 1.30806 19.9572 75
    endloop
  endfacet
  facet normal 0.471427 0.881905 -0
    outer loop
      vertex 10 17.3205 82.5
      vertex 8.84577 17.9375 85
      vertex 10 17.3205 85
    endloop
  endfacet
  facet normal 0.471427 0.881905 0
    outer loop
      vertex 8.84577 17.9375 85
      vertex 10 17.3205 82.5
      vertex 8.84577 17.9375 82.5
    endloop
  endfacet
  facet normal 0.471427 0.881905 -0
    outer loop
      vertex 10 17.3205 6
      vertex 8.84577 17.9375 66
      vertex 10 17.3205 66
    endloop
  endfacet
  facet normal 0.471427 0.881905 0
    outer loop
      vertex 8.84577 17.9375 66
      vertex 10 17.3205 6
      vertex 8.84577 17.9375 6
    endloop
  endfacet
  facet normal 0.471427 0.881905 -0
    outer loop
      vertex 10 17.3205 75
      vertex 8.84577 17.9375 77.5
      vertex 10 17.3205 77.5
    endloop
  endfacet
  facet normal 0.471427 0.881905 0
    outer loop
      vertex 8.84577 17.9375 77.5
      vertex 10 17.3205 75
      vertex 8.84577 17.9375 75
    endloop
  endfacet
  facet normal 0.683616 0.729842 -0
    outer loop
      vertex 14.1421 14.1421 82.5
      vertex 13.1869 15.0368 85
      vertex 14.1421 14.1421 85
    endloop
  endfacet
  facet normal 0.683616 0.729842 0
    outer loop
      vertex 13.1869 15.0368 85
      vertex 14.1421 14.1421 82.5
      vertex 13.1869 15.0368 82.5
    endloop
  endfacet
  facet normal 0.683616 0.729842 -0
    outer loop
      vertex 14.1421 14.1421 6
      vertex 13.1869 15.0368 66
      vertex 14.1421 14.1421 66
    endloop
  endfacet
  facet normal 0.683616 0.729842 0
    outer loop
      vertex 13.1869 15.0368 66
      vertex 14.1421 14.1421 6
      vertex 13.1869 15.0368 6
    endloop
  endfacet
  facet normal 0.683616 0.729842 -0
    outer loop
      vertex 14.1421 14.1421 75
      vertex 13.1869 15.0368 77.5
      vertex 14.1421 14.1421 77.5
    endloop
  endfacet
  facet normal 0.683616 0.729842 0
    outer loop
      vertex 13.1869 15.0368 77.5
      vertex 14.1421 14.1421 75
      vertex 13.1869 15.0368 75
    endloop
  endfacet
  facet normal -0.773003 0.634402 0
    outer loop
      vertex -15.8671 12.1752 82.5
      vertex -15.0368 13.1869 85
      vertex -15.0368 13.1869 82.5
    endloop
  endfacet
  facet normal -0.773003 0.634402 0
    outer loop
      vertex -15.0368 13.1869 85
      vertex -15.8671 12.1752 82.5
      vertex -15.8671 12.1752 85
    endloop
  endfacet
  facet normal -0.773003 0.634402 0
    outer loop
      vertex -15.8671 12.1752 6
      vertex -15.0368 13.1869 66
      vertex -15.0368 13.1869 6
    endloop
  endfacet
  facet normal -0.773003 0.634402 0
    outer loop
      vertex -15.0368 13.1869 66
      vertex -15.8671 12.1752 6
      vertex -15.8671 12.1752 66
    endloop
  endfacet
  facet normal -0.773003 0.634402 0
    outer loop
      vertex -15.8671 12.1752 75
      vertex -15.0368 13.1869 77.5
      vertex -15.0368 13.1869 75
    endloop
  endfacet
  facet normal -0.773003 0.634402 0
    outer loop
      vertex -15.0368 13.1869 77.5
      vertex -15.8671 12.1752 75
      vertex -15.8671 12.1752 77.5
    endloop
  endfacet
  facet normal -0.729842 0.683616 0
    outer loop
      vertex -15.0368 13.1869 82.5
      vertex -14.1421 14.1421 85
      vertex -14.1421 14.1421 82.5
    endloop
  endfacet
  facet normal -0.729842 0.683616 0
    outer loop
      vertex -14.1421 14.1421 85
      vertex -15.0368 13.1869 82.5
      vertex -15.0368 13.1869 85
    endloop
  endfacet
  facet normal -0.729842 0.683616 0
    outer loop
      vertex -15.0368 13.1869 6
      vertex -14.1421 14.1421 66
      vertex -14.1421 14.1421 6
    endloop
  endfacet
  facet normal -0.729842 0.683616 0
    outer loop
      vertex -14.1421 14.1421 66
      vertex -15.0368 13.1869 6
      vertex -15.0368 13.1869 66
    endloop
  endfacet
  facet normal -0.729842 0.683616 0
    outer loop
      vertex -15.0368 13.1869 75
      vertex -14.1421 14.1421 77.5
      vertex -14.1421 14.1421 75
    endloop
  endfacet
  facet normal -0.729842 0.683616 0
    outer loop
      vertex -14.1421 14.1421 77.5
      vertex -15.0368 13.1869 75
      vertex -15.0368 13.1869 77.5
    endloop
  endfacet
  facet normal -0.881905 0.471427 0
    outer loop
      vertex -17.9375 8.84577 82.5
      vertex -17.3205 10 85
      vertex -17.3205 10 82.5
    endloop
  endfacet
  facet normal -0.881905 0.471427 0
    outer loop
      vertex -17.3205 10 85
      vertex -17.9375 8.84577 82.5
      vertex -17.9375 8.84577 85
    endloop
  endfacet
  facet normal -0.881905 0.471427 0
    outer loop
      vertex -17.9375 8.84577 6
      vertex -17.3205 10 66
      vertex -17.3205 10 6
    endloop
  endfacet
  facet normal -0.881905 0.471427 0
    outer loop
      vertex -17.3205 10 66
      vertex -17.9375 8.84577 6
      vertex -17.9375 8.84577 66
    endloop
  endfacet
  facet normal -0.881905 0.471427 0
    outer loop
      vertex -17.9375 8.84577 75
      vertex -17.3205 10 77.5
      vertex -17.3205 10 75
    endloop
  endfacet
  facet normal -0.881905 0.471427 0
    outer loop
      vertex -17.3205 10 77.5
      vertex -17.9375 8.84577 75
      vertex -17.9375 8.84577 77.5
    endloop
  endfacet
  facet normal -0.956943 0.290275 0
    outer loop
      vertex -19.3185 5.17638 82.5
      vertex -18.9386 6.42879 85
      vertex -18.9386 6.42879 82.5
    endloop
  endfacet
  facet normal -0.956943 0.290275 0
    outer loop
      vertex -18.9386 6.42879 85
      vertex -19.3185 5.17638 82.5
      vertex -19.3185 5.17638 85
    endloop
  endfacet
  facet normal -0.956943 0.290275 0
    outer loop
      vertex -19.3185 5.17638 6
      vertex -18.9386 6.42879 66
      vertex -18.9386 6.42879 6
    endloop
  endfacet
  facet normal -0.956943 0.290275 0
    outer loop
      vertex -18.9386 6.42879 66
      vertex -19.3185 5.17638 6
      vertex -19.3185 5.17638 66
    endloop
  endfacet
  facet normal -0.956943 0.290275 0
    outer loop
      vertex -19.3185 5.17638 75
      vertex -18.9386 6.42879 77.5
      vertex -18.9386 6.42879 75
    endloop
  endfacet
  facet normal -0.956943 0.290275 0
    outer loop
      vertex -18.9386 6.42879 77.5
      vertex -19.3185 5.17638 75
      vertex -19.3185 5.17638 77.5
    endloop
  endfacet
  facet normal -0.995183 0.0980314 0
    outer loop
      vertex -19.9572 1.30806 82.5
      vertex -19.8289 2.61052 85
      vertex -19.8289 2.61052 82.5
    endloop
  endfacet
  facet normal -0.995183 0.0980314 0
    outer loop
      vertex -19.8289 2.61052 85
      vertex -19.9572 1.30806 82.5
      vertex -19.9572 1.30806 85
    endloop
  endfacet
  facet normal -0.995183 0.0980314 0
    outer loop
      vertex -19.9572 1.30806 6
      vertex -19.8289 2.61052 66
      vertex -19.8289 2.61052 6
    endloop
  endfacet
  facet normal -0.995183 0.0980314 0
    outer loop
      vertex -19.8289 2.61052 66
      vertex -19.9572 1.30806 6
      vertex -19.9572 1.30806 66
    endloop
  endfacet
  facet normal -0.995183 0.0980314 0
    outer loop
      vertex -19.9572 1.30806 75
      vertex -19.8289 2.61052 77.5
      vertex -19.8289 2.61052 75
    endloop
  endfacet
  facet normal -0.995183 0.0980314 0
    outer loop
      vertex -19.8289 2.61052 77.5
      vertex -19.9572 1.30806 75
      vertex -19.9572 1.30806 77.5
    endloop
  endfacet
  facet normal -0.471427 0.881905 0
    outer loop
      vertex -8.84577 17.9375 82.5
      vertex -10 17.3205 85
      vertex -8.84577 17.9375 85
    endloop
  endfacet
  facet normal -0.471427 0.881905 0
    outer loop
      vertex -10 17.3205 85
      vertex -8.84577 17.9375 82.5
      vertex -10 17.3205 82.5
    endloop
  endfacet
  facet normal -0.471427 0.881905 0
    outer loop
      vertex -8.84577 17.9375 6
      vertex -10 17.3205 66
      vertex -8.84577 17.9375 66
    endloop
  endfacet
  facet normal -0.471427 0.881905 0
    outer loop
      vertex -10 17.3205 66
      vertex -8.84577 17.9375 6
      vertex -10 17.3205 6
    endloop
  endfacet
  facet normal -0.471427 0.881905 0
    outer loop
      vertex -8.84577 17.9375 75
      vertex -10 17.3205 77.5
      vertex -8.84577 17.9375 77.5
    endloop
  endfacet
  facet normal -0.471427 0.881905 0
    outer loop
      vertex -10 17.3205 77.5
      vertex -8.84577 17.9375 75
      vertex -10 17.3205 75
    endloop
  endfacet
  facet normal -0.412686 0.910873 0
    outer loop
      vertex -7.65367 18.4776 82.5
      vertex -8.84577 17.9375 85
      vertex -7.65367 18.4776 85
    endloop
  endfacet
  facet normal -0.412686 0.910873 0
    outer loop
      vertex -8.84577 17.9375 85
      vertex -7.65367 18.4776 82.5
      vertex -8.84577 17.9375 82.5
    endloop
  endfacet
  facet normal -0.412686 0.910873 0
    outer loop
      vertex -7.65367 18.4776 6
      vertex -8.84577 17.9375 66
      vertex -7.65367 18.4776 66
    endloop
  endfacet
  facet normal -0.412686 0.910873 0
    outer loop
      vertex -8.84577 17.9375 66
      vertex -7.65367 18.4776 6
      vertex -8.84577 17.9375 6
    endloop
  endfacet
  facet normal -0.412686 0.910873 0
    outer loop
      vertex -7.65367 18.4776 75
      vertex -8.84577 17.9375 77.5
      vertex -7.65367 18.4776 77.5
    endloop
  endfacet
  facet normal -0.412686 0.910873 0
    outer loop
      vertex -8.84577 17.9375 77.5
      vertex -7.65367 18.4776 75
      vertex -8.84577 17.9375 75
    endloop
  endfacet
  facet normal -0.634402 0.773003 0
    outer loop
      vertex -12.1752 15.8671 82.5
      vertex -13.1869 15.0368 85
      vertex -12.1752 15.8671 85
    endloop
  endfacet
  facet normal -0.634402 0.773003 0
    outer loop
      vertex -13.1869 15.0368 85
      vertex -12.1752 15.8671 82.5
      vertex -13.1869 15.0368 82.5
    endloop
  endfacet
  facet normal -0.634402 0.773003 0
    outer loop
      vertex -12.1752 15.8671 6
      vertex -13.1869 15.0368 66
      vertex -12.1752 15.8671 66
    endloop
  endfacet
  facet normal -0.634402 0.773003 0
    outer loop
      vertex -13.1869 15.0368 66
      vertex -12.1752 15.8671 6
      vertex -13.1869 15.0368 6
    endloop
  endfacet
  facet normal -0.634402 0.773003 0
    outer loop
      vertex -12.1752 15.8671 75
      vertex -13.1869 15.0368 77.5
      vertex -12.1752 15.8671 77.5
    endloop
  endfacet
  facet normal -0.634402 0.773003 0
    outer loop
      vertex -13.1869 15.0368 77.5
      vertex -12.1752 15.8671 75
      vertex -13.1869 15.0368 75
    endloop
  endfacet
  facet normal -0.227085 0.973875 0
    outer loop
      vertex -3.90181 19.6157 82.5
      vertex -5.17638 19.3185 85
      vertex -3.90181 19.6157 85
    endloop
  endfacet
  facet normal -0.227085 0.973875 0
    outer loop
      vertex -5.17638 19.3185 85
      vertex -3.90181 19.6157 82.5
      vertex -5.17638 19.3185 82.5
    endloop
  endfacet
  facet normal -0.227085 0.973875 0
    outer loop
      vertex -3.90181 19.6157 6
      vertex -5.17638 19.3185 66
      vertex -3.90181 19.6157 66
    endloop
  endfacet
  facet normal -0.227085 0.973875 0
    outer loop
      vertex -5.17638 19.3185 66
      vertex -3.90181 19.6157 6
      vertex -5.17638 19.3185 6
    endloop
  endfacet
  facet normal -0.227085 0.973875 0
    outer loop
      vertex -3.90181 19.6157 75
      vertex -5.17638 19.3185 77.5
      vertex -3.90181 19.6157 77.5
    endloop
  endfacet
  facet normal -0.227085 0.973875 0
    outer loop
      vertex -5.17638 19.3185 77.5
      vertex -3.90181 19.6157 75
      vertex -5.17638 19.3185 75
    endloop
  endfacet
  facet normal -0.290275 0.956943 0
    outer loop
      vertex -5.17638 19.3185 82.5
      vertex -6.42879 18.9386 85
      vertex -5.17638 19.3185 85
    endloop
  endfacet
  facet normal -0.290275 0.956943 0
    outer loop
      vertex -6.42879 18.9386 85
      vertex -5.17638 19.3185 82.5
      vertex -6.42879 18.9386 82.5
    endloop
  endfacet
  facet normal -0.290275 0.956943 0
    outer loop
      vertex -5.17638 19.3185 6
      vertex -6.42879 18.9386 66
      vertex -5.17638 19.3185 66
    endloop
  endfacet
  facet normal -0.290275 0.956943 0
    outer loop
      vertex -6.42879 18.9386 66
      vertex -5.17638 19.3185 6
      vertex -6.42879 18.9386 6
    endloop
  endfacet
  facet normal -0.290275 0.956943 0
    outer loop
      vertex -5.17638 19.3185 75
      vertex -6.42879 18.9386 77.5
      vertex -5.17638 19.3185 77.5
    endloop
  endfacet
  facet normal -0.290275 0.956943 0
    outer loop
      vertex -6.42879 18.9386 77.5
      vertex -5.17638 19.3185 75
      vertex -6.42879 18.9386 75
    endloop
  endfacet
  facet normal 0.999465 -0.0327027 0
    outer loop
      vertex 19.9572 -1.30806 85
      vertex 20 0 82.5
      vertex 20 0 85
    endloop
  endfacet
  facet normal 0.999465 -0.0327027 0
    outer loop
      vertex 20 0 82.5
      vertex 19.9572 -1.30806 85
      vertex 19.9572 -1.30806 82.5
    endloop
  endfacet
  facet normal 0.999465 -0.0327027 0
    outer loop
      vertex 19.9572 -1.30806 66
      vertex 20 0 65
      vertex 20 0 66
    endloop
  endfacet
  facet normal 0.999465 -0.0327027 0
    outer loop
      vertex 19.9572 -1.30806 6
      vertex 20 0 65
      vertex 19.9572 -1.30806 66
    endloop
  endfacet
  facet normal 0.999465 -0.0327027 0
    outer loop
      vertex 20 0 65
      vertex 19.9572 -1.30806 6
      vertex 20 0 6
    endloop
  endfacet
  facet normal 0.999465 -0.0327027 0
    outer loop
      vertex 19.9572 -1.30806 77.5
      vertex 20 0 75.01
      vertex 20 0 77.5
    endloop
  endfacet
  facet normal 0.999465 -0.0327027 0
    outer loop
      vertex 19.9572 -1.30806 75
      vertex 20 0 75.01
      vertex 19.9572 -1.30806 77.5
    endloop
  endfacet
  facet normal 0.999465 -0.0327027 0
    outer loop
      vertex 20 0 75.01
      vertex 19.9572 -1.30806 75
      vertex 20 0 75
    endloop
  endfacet
  facet normal 0.0980314 -0.995183 0
    outer loop
      vertex 1.30806 -19.9572 82.5
      vertex 2.61052 -19.8289 85
      vertex 1.30806 -19.9572 85
    endloop
  endfacet
  facet normal 0.0980314 -0.995183 0
    outer loop
      vertex 2.61052 -19.8289 85
      vertex 1.30806 -19.9572 82.5
      vertex 2.61052 -19.8289 82.5
    endloop
  endfacet
  facet normal 0.0980314 -0.995183 0
    outer loop
      vertex 1.30806 -19.9572 6
      vertex 2.61052 -19.8289 66
      vertex 1.30806 -19.9572 66
    endloop
  endfacet
  facet normal 0.0980314 -0.995183 0
    outer loop
      vertex 2.61052 -19.8289 66
      vertex 1.30806 -19.9572 6
      vertex 2.61052 -19.8289 6
    endloop
  endfacet
  facet normal 0.0980314 -0.995183 0
    outer loop
      vertex 1.30806 -19.9572 75
      vertex 2.61052 -19.8289 77.5
      vertex 1.30806 -19.9572 77.5
    endloop
  endfacet
  facet normal 0.0980314 -0.995183 0
    outer loop
      vertex 2.61052 -19.8289 77.5
      vertex 1.30806 -19.9572 75
      vertex 2.61052 -19.8289 75
    endloop
  endfacet
  facet normal 0.352242 -0.935909 0
    outer loop
      vertex 6.42879 -18.9386 82.5
      vertex 7.65367 -18.4776 85
      vertex 6.42879 -18.9386 85
    endloop
  endfacet
  facet normal 0.352242 -0.935909 0
    outer loop
      vertex 7.65367 -18.4776 85
      vertex 6.42879 -18.9386 82.5
      vertex 7.65367 -18.4776 82.5
    endloop
  endfacet
  facet normal 0.352242 -0.935909 0
    outer loop
      vertex 6.42879 -18.9386 6
      vertex 7.65367 -18.4776 66
      vertex 6.42879 -18.9386 66
    endloop
  endfacet
  facet normal 0.352242 -0.935909 0
    outer loop
      vertex 7.65367 -18.4776 66
      vertex 6.42879 -18.9386 6
      vertex 7.65367 -18.4776 6
    endloop
  endfacet
  facet normal 0.352242 -0.935909 0
    outer loop
      vertex 6.42879 -18.9386 75
      vertex 7.65367 -18.4776 77.5
      vertex 6.42879 -18.9386 77.5
    endloop
  endfacet
  facet normal 0.352242 -0.935909 0
    outer loop
      vertex 7.65367 -18.4776 77.5
      vertex 6.42879 -18.9386 75
      vertex 7.65367 -18.4776 75
    endloop
  endfacet
  facet normal 0.227085 -0.973875 0
    outer loop
      vertex 3.90181 -19.6157 82.5
      vertex 5.17638 -19.3185 85
      vertex 3.90181 -19.6157 85
    endloop
  endfacet
  facet normal 0.227085 -0.973875 0
    outer loop
      vertex 5.17638 -19.3185 85
      vertex 3.90181 -19.6157 82.5
      vertex 5.17638 -19.3185 82.5
    endloop
  endfacet
  facet normal 0.227085 -0.973875 0
    outer loop
      vertex 3.90181 -19.6157 6
      vertex 5.17638 -19.3185 66
      vertex 3.90181 -19.6157 66
    endloop
  endfacet
  facet normal 0.227085 -0.973875 0
    outer loop
      vertex 5.17638 -19.3185 66
      vertex 3.90181 -19.6157 6
      vertex 5.17638 -19.3185 6
    endloop
  endfacet
  facet normal 0.227085 -0.973875 0
    outer loop
      vertex 3.90181 -19.6157 75
      vertex 5.17638 -19.3185 77.5
      vertex 3.90181 -19.6157 77.5
    endloop
  endfacet
  facet normal 0.227085 -0.973875 0
    outer loop
      vertex 5.17638 -19.3185 77.5
      vertex 3.90181 -19.6157 75
      vertex 5.17638 -19.3185 75
    endloop
  endfacet
  facet normal 0.634402 -0.773003 0
    outer loop
      vertex 12.1752 -15.8671 82.5
      vertex 13.1869 -15.0368 85
      vertex 12.1752 -15.8671 85
    endloop
  endfacet
  facet normal 0.634402 -0.773003 0
    outer loop
      vertex 13.1869 -15.0368 85
      vertex 12.1752 -15.8671 82.5
      vertex 13.1869 -15.0368 82.5
    endloop
  endfacet
  facet normal 0.634402 -0.773003 0
    outer loop
      vertex 12.1752 -15.8671 6
      vertex 13.1869 -15.0368 66
      vertex 12.1752 -15.8671 66
    endloop
  endfacet
  facet normal 0.634402 -0.773003 0
    outer loop
      vertex 13.1869 -15.0368 66
      vertex 12.1752 -15.8671 6
      vertex 13.1869 -15.0368 6
    endloop
  endfacet
  facet normal 0.634402 -0.773003 0
    outer loop
      vertex 12.1752 -15.8671 75
      vertex 13.1869 -15.0368 77.5
      vertex 12.1752 -15.8671 77.5
    endloop
  endfacet
  facet normal 0.634402 -0.773003 0
    outer loop
      vertex 13.1869 -15.0368 77.5
      vertex 12.1752 -15.8671 75
      vertex 13.1869 -15.0368 75
    endloop
  endfacet
  facet normal 0.528061 -0.849207 0
    outer loop
      vertex 10 -17.3205 82.5
      vertex 11.1114 -16.6294 85
      vertex 10 -17.3205 85
    endloop
  endfacet
  facet normal 0.528061 -0.849207 0
    outer loop
      vertex 11.1114 -16.6294 85
      vertex 10 -17.3205 82.5
      vertex 11.1114 -16.6294 82.5
    endloop
  endfacet
  facet normal 0.528061 -0.849207 0
    outer loop
      vertex 10 -17.3205 6
      vertex 11.1114 -16.6294 66
      vertex 10 -17.3205 66
    endloop
  endfacet
  facet normal 0.528061 -0.849207 0
    outer loop
      vertex 11.1114 -16.6294 66
      vertex 10 -17.3205 6
      vertex 11.1114 -16.6294 6
    endloop
  endfacet
  facet normal 0.528061 -0.849207 0
    outer loop
      vertex 10 -17.3205 75
      vertex 11.1114 -16.6294 77.5
      vertex 10 -17.3205 77.5
    endloop
  endfacet
  facet normal 0.528061 -0.849207 0
    outer loop
      vertex 11.1114 -16.6294 77.5
      vertex 10 -17.3205 75
      vertex 11.1114 -16.6294 75
    endloop
  endfacet
  facet normal 0.412686 -0.910873 0
    outer loop
      vertex 7.65367 -18.4776 82.5
      vertex 8.84577 -17.9375 85
      vertex 7.65367 -18.4776 85
    endloop
  endfacet
  facet normal 0.412686 -0.910873 0
    outer loop
      vertex 8.84577 -17.9375 85
      vertex 7.65367 -18.4776 82.5
      vertex 8.84577 -17.9375 82.5
    endloop
  endfacet
  facet normal 0.412686 -0.910873 0
    outer loop
      vertex 7.65367 -18.4776 6
      vertex 8.84577 -17.9375 66
      vertex 7.65367 -18.4776 66
    endloop
  endfacet
  facet normal 0.412686 -0.910873 0
    outer loop
      vertex 8.84577 -17.9375 66
      vertex 7.65367 -18.4776 6
      vertex 8.84577 -17.9375 6
    endloop
  endfacet
  facet normal 0.412686 -0.910873 0
    outer loop
      vertex 7.65367 -18.4776 75
      vertex 8.84577 -17.9375 77.5
      vertex 7.65367 -18.4776 77.5
    endloop
  endfacet
  facet normal 0.412686 -0.910873 0
    outer loop
      vertex 8.84577 -17.9375 77.5
      vertex 7.65367 -18.4776 75
      vertex 8.84577 -17.9375 75
    endloop
  endfacet
  facet normal 0.729842 -0.683616 0
    outer loop
      vertex 14.1421 -14.1421 85
      vertex 15.0368 -13.1869 82.5
      vertex 15.0368 -13.1869 85
    endloop
  endfacet
  facet normal 0.729842 -0.683616 0
    outer loop
      vertex 15.0368 -13.1869 82.5
      vertex 14.1421 -14.1421 85
      vertex 14.1421 -14.1421 82.5
    endloop
  endfacet
  facet normal 0.729842 -0.683616 0
    outer loop
      vertex 14.1421 -14.1421 66
      vertex 15.0368 -13.1869 6
      vertex 15.0368 -13.1869 66
    endloop
  endfacet
  facet normal 0.729842 -0.683616 0
    outer loop
      vertex 15.0368 -13.1869 6
      vertex 14.1421 -14.1421 66
      vertex 14.1421 -14.1421 6
    endloop
  endfacet
  facet normal 0.729842 -0.683616 0
    outer loop
      vertex 14.1421 -14.1421 77.5
      vertex 15.0368 -13.1869 75
      vertex 15.0368 -13.1869 77.5
    endloop
  endfacet
  facet normal 0.729842 -0.683616 0
    outer loop
      vertex 15.0368 -13.1869 75
      vertex 14.1421 -14.1421 77.5
      vertex 14.1421 -14.1421 75
    endloop
  endfacet
  facet normal 0.81285 -0.582474 0
    outer loop
      vertex 15.8671 -12.1752 85
      vertex 16.6294 -11.1114 82.5
      vertex 16.6294 -11.1114 85
    endloop
  endfacet
  facet normal 0.81285 -0.582474 0
    outer loop
      vertex 16.6294 -11.1114 82.5
      vertex 15.8671 -12.1752 85
      vertex 15.8671 -12.1752 82.5
    endloop
  endfacet
  facet normal 0.81285 -0.582474 0
    outer loop
      vertex 15.8671 -12.1752 66
      vertex 16.6294 -11.1114 6
      vertex 16.6294 -11.1114 66
    endloop
  endfacet
  facet normal 0.81285 -0.582474 0
    outer loop
      vertex 16.6294 -11.1114 6
      vertex 15.8671 -12.1752 66
      vertex 15.8671 -12.1752 6
    endloop
  endfacet
  facet normal 0.81285 -0.582474 0
    outer loop
      vertex 15.8671 -12.1752 77.5
      vertex 16.6294 -11.1114 75
      vertex 16.6294 -11.1114 77.5
    endloop
  endfacet
  facet normal 0.81285 -0.582474 0
    outer loop
      vertex 16.6294 -11.1114 75
      vertex 15.8671 -12.1752 77.5
      vertex 15.8671 -12.1752 75
    endloop
  endfacet
  facet normal 0.935909 -0.352242 0
    outer loop
      vertex 18.4776 -7.65367 85
      vertex 18.9386 -6.42879 82.5
      vertex 18.9386 -6.42879 85
    endloop
  endfacet
  facet normal 0.935909 -0.352242 0
    outer loop
      vertex 18.9386 -6.42879 82.5
      vertex 18.4776 -7.65367 85
      vertex 18.4776 -7.65367 82.5
    endloop
  endfacet
  facet normal 0.935909 -0.352242 0
    outer loop
      vertex 18.4776 -7.65367 66
      vertex 18.9386 -6.42879 6
      vertex 18.9386 -6.42879 66
    endloop
  endfacet
  facet normal 0.935909 -0.352242 0
    outer loop
      vertex 18.9386 -6.42879 6
      vertex 18.4776 -7.65367 66
      vertex 18.4776 -7.65367 6
    endloop
  endfacet
  facet normal 0.935909 -0.352242 0
    outer loop
      vertex 18.4776 -7.65367 77.5
      vertex 18.9386 -6.42879 75
      vertex 18.9386 -6.42879 77.5
    endloop
  endfacet
  facet normal 0.935909 -0.352242 0
    outer loop
      vertex 18.9386 -6.42879 75
      vertex 18.4776 -7.65367 77.5
      vertex 18.4776 -7.65367 75
    endloop
  endfacet
  facet normal 0.881905 -0.471427 0
    outer loop
      vertex 17.3205 -10 85
      vertex 17.9375 -8.84577 82.5
      vertex 17.9375 -8.84577 85
    endloop
  endfacet
  facet normal 0.881905 -0.471427 0
    outer loop
      vertex 17.9375 -8.84577 82.5
      vertex 17.3205 -10 85
      vertex 17.3205 -10 82.5
    endloop
  endfacet
  facet normal 0.881905 -0.471427 0
    outer loop
      vertex 17.3205 -10 66
      vertex 17.9375 -8.84577 6
      vertex 17.9375 -8.84577 66
    endloop
  endfacet
  facet normal 0.881905 -0.471427 0
    outer loop
      vertex 17.9375 -8.84577 6
      vertex 17.3205 -10 66
      vertex 17.3205 -10 6
    endloop
  endfacet
  facet normal 0.881905 -0.471427 0
    outer loop
      vertex 17.3205 -10 77.5
      vertex 17.9375 -8.84577 75
      vertex 17.9375 -8.84577 77.5
    endloop
  endfacet
  facet normal 0.881905 -0.471427 0
    outer loop
      vertex 17.9375 -8.84577 75
      vertex 17.3205 -10 77.5
      vertex 17.3205 -10 75
    endloop
  endfacet
  facet normal 0.956943 -0.290275 0
    outer loop
      vertex 18.9386 -6.42879 85
      vertex 19.3185 -5.17638 82.5
      vertex 19.3185 -5.17638 85
    endloop
  endfacet
  facet normal 0.956943 -0.290275 0
    outer loop
      vertex 19.3185 -5.17638 82.5
      vertex 18.9386 -6.42879 85
      vertex 18.9386 -6.42879 82.5
    endloop
  endfacet
  facet normal 0.956943 -0.290275 0
    outer loop
      vertex 18.9386 -6.42879 66
      vertex 19.3185 -5.17638 6
      vertex 19.3185 -5.17638 66
    endloop
  endfacet
  facet normal 0.956943 -0.290275 0
    outer loop
      vertex 19.3185 -5.17638 6
      vertex 18.9386 -6.42879 66
      vertex 18.9386 -6.42879 6
    endloop
  endfacet
  facet normal 0.956943 -0.290275 0
    outer loop
      vertex 18.9386 -6.42879 77.5
      vertex 19.3185 -5.17638 75
      vertex 19.3185 -5.17638 77.5
    endloop
  endfacet
  facet normal 0.956943 -0.290275 0
    outer loop
      vertex 19.3185 -5.17638 75
      vertex 18.9386 -6.42879 77.5
      vertex 18.9386 -6.42879 75
    endloop
  endfacet
  facet normal -0.683616 -0.729842 0
    outer loop
      vertex -14.1421 -14.1421 82.5
      vertex -13.1869 -15.0368 85
      vertex -14.1421 -14.1421 85
    endloop
  endfacet
  facet normal -0.683616 -0.729842 -0
    outer loop
      vertex -13.1869 -15.0368 85
      vertex -14.1421 -14.1421 82.5
      vertex -13.1869 -15.0368 82.5
    endloop
  endfacet
  facet normal -0.683616 -0.729842 0
    outer loop
      vertex -14.1421 -14.1421 6
      vertex -13.1869 -15.0368 66
      vertex -14.1421 -14.1421 66
    endloop
  endfacet
  facet normal -0.683616 -0.729842 -0
    outer loop
      vertex -13.1869 -15.0368 66
      vertex -14.1421 -14.1421 6
      vertex -13.1869 -15.0368 6
    endloop
  endfacet
  facet normal -0.683616 -0.729842 0
    outer loop
      vertex -14.1421 -14.1421 75
      vertex -13.1869 -15.0368 77.5
      vertex -14.1421 -14.1421 77.5
    endloop
  endfacet
  facet normal -0.683616 -0.729842 -0
    outer loop
      vertex -13.1869 -15.0368 77.5
      vertex -14.1421 -14.1421 75
      vertex -13.1869 -15.0368 75
    endloop
  endfacet
  facet normal -0.582474 -0.81285 0
    outer loop
      vertex -12.1752 -15.8671 82.5
      vertex -11.1114 -16.6294 85
      vertex -12.1752 -15.8671 85
    endloop
  endfacet
  facet normal -0.582474 -0.81285 -0
    outer loop
      vertex -11.1114 -16.6294 85
      vertex -12.1752 -15.8671 82.5
      vertex -11.1114 -16.6294 82.5
    endloop
  endfacet
  facet normal -0.582474 -0.81285 0
    outer loop
      vertex -12.1752 -15.8671 6
      vertex -11.1114 -16.6294 66
      vertex -12.1752 -15.8671 66
    endloop
  endfacet
  facet normal -0.582474 -0.81285 -0
    outer loop
      vertex -11.1114 -16.6294 66
      vertex -12.1752 -15.8671 6
      vertex -11.1114 -16.6294 6
    endloop
  endfacet
  facet normal -0.582474 -0.81285 0
    outer loop
      vertex -12.1752 -15.8671 75
      vertex -11.1114 -16.6294 77.5
      vertex -12.1752 -15.8671 77.5
    endloop
  endfacet
  facet normal -0.582474 -0.81285 -0
    outer loop
      vertex -11.1114 -16.6294 77.5
      vertex -12.1752 -15.8671 75
      vertex -11.1114 -16.6294 75
    endloop
  endfacet
  facet normal -0.471427 -0.881905 0
    outer loop
      vertex -10 -17.3205 82.5
      vertex -8.84577 -17.9375 85
      vertex -10 -17.3205 85
    endloop
  endfacet
  facet normal -0.471427 -0.881905 -0
    outer loop
      vertex -8.84577 -17.9375 85
      vertex -10 -17.3205 82.5
      vertex -8.84577 -17.9375 82.5
    endloop
  endfacet
  facet normal -0.471427 -0.881905 0
    outer loop
      vertex -10 -17.3205 6
      vertex -8.84577 -17.9375 66
      vertex -10 -17.3205 66
    endloop
  endfacet
  facet normal -0.471427 -0.881905 -0
    outer loop
      vertex -8.84577 -17.9375 66
      vertex -10 -17.3205 6
      vertex -8.84577 -17.9375 6
    endloop
  endfacet
  facet normal -0.471427 -0.881905 0
    outer loop
      vertex -10 -17.3205 75
      vertex -8.84577 -17.9375 77.5
      vertex -10 -17.3205 77.5
    endloop
  endfacet
  facet normal -0.471427 -0.881905 -0
    outer loop
      vertex -8.84577 -17.9375 77.5
      vertex -10 -17.3205 75
      vertex -8.84577 -17.9375 75
    endloop
  endfacet
  facet normal -0.290275 -0.956943 0
    outer loop
      vertex -6.42879 -18.9386 82.5
      vertex -5.17638 -19.3185 85
      vertex -6.42879 -18.9386 85
    endloop
  endfacet
  facet normal -0.290275 -0.956943 -0
    outer loop
      vertex -5.17638 -19.3185 85
      vertex -6.42879 -18.9386 82.5
      vertex -5.17638 -19.3185 82.5
    endloop
  endfacet
  facet normal -0.290275 -0.956943 0
    outer loop
      vertex -6.42879 -18.9386 6
      vertex -5.17638 -19.3185 66
      vertex -6.42879 -18.9386 66
    endloop
  endfacet
  facet normal -0.290275 -0.956943 -0
    outer loop
      vertex -5.17638 -19.3185 66
      vertex -6.42879 -18.9386 6
      vertex -5.17638 -19.3185 6
    endloop
  endfacet
  facet normal -0.290275 -0.956943 0
    outer loop
      vertex -6.42879 -18.9386 75
      vertex -5.17638 -19.3185 77.5
      vertex -6.42879 -18.9386 77.5
    endloop
  endfacet
  facet normal -0.290275 -0.956943 -0
    outer loop
      vertex -5.17638 -19.3185 77.5
      vertex -6.42879 -18.9386 75
      vertex -5.17638 -19.3185 75
    endloop
  endfacet
  facet normal -0.0980314 -0.995183 0
    outer loop
      vertex -2.61052 -19.8289 82.5
      vertex -1.30806 -19.9572 85
      vertex -2.61052 -19.8289 85
    endloop
  endfacet
  facet normal -0.0980314 -0.995183 -0
    outer loop
      vertex -1.30806 -19.9572 85
      vertex -2.61052 -19.8289 82.5
      vertex -1.30806 -19.9572 82.5
    endloop
  endfacet
  facet normal -0.0980314 -0.995183 0
    outer loop
      vertex -2.61052 -19.8289 6
      vertex -1.30806 -19.9572 66
      vertex -2.61052 -19.8289 66
    endloop
  endfacet
  facet normal -0.0980314 -0.995183 -0
    outer loop
      vertex -1.30806 -19.9572 66
      vertex -2.61052 -19.8289 6
      vertex -1.30806 -19.9572 6
    endloop
  endfacet
  facet normal -0.0980314 -0.995183 0
    outer loop
      vertex -2.61052 -19.8289 75
      vertex -1.30806 -19.9572 77.5
      vertex -2.61052 -19.8289 77.5
    endloop
  endfacet
  facet normal -0.0980314 -0.995183 -0
    outer loop
      vertex -1.30806 -19.9572 77.5
      vertex -2.61052 -19.8289 75
      vertex -1.30806 -19.9572 75
    endloop
  endfacet
  facet normal -0.162901 -0.986642 0
    outer loop
      vertex -3.90181 -19.6157 82.5
      vertex -2.61052 -19.8289 85
      vertex -3.90181 -19.6157 85
    endloop
  endfacet
  facet normal -0.162901 -0.986642 -0
    outer loop
      vertex -2.61052 -19.8289 85
      vertex -3.90181 -19.6157 82.5
      vertex -2.61052 -19.8289 82.5
    endloop
  endfacet
  facet normal -0.162901 -0.986642 0
    outer loop
      vertex -3.90181 -19.6157 6
      vertex -2.61052 -19.8289 66
      vertex -3.90181 -19.6157 66
    endloop
  endfacet
  facet normal -0.162901 -0.986642 -0
    outer loop
      vertex -2.61052 -19.8289 66
      vertex -3.90181 -19.6157 6
      vertex -2.61052 -19.8289 6
    endloop
  endfacet
  facet normal -0.162901 -0.986642 0
    outer loop
      vertex -3.90181 -19.6157 75
      vertex -2.61052 -19.8289 77.5
      vertex -3.90181 -19.6157 77.5
    endloop
  endfacet
  facet normal -0.162901 -0.986642 -0
    outer loop
      vertex -2.61052 -19.8289 77.5
      vertex -3.90181 -19.6157 75
      vertex -2.61052 -19.8289 75
    endloop
  endfacet
  facet normal -0.849207 -0.528061 0
    outer loop
      vertex -16.6294 -11.1114 82.5
      vertex -17.3205 -10 85
      vertex -17.3205 -10 82.5
    endloop
  endfacet
  facet normal -0.849207 -0.528061 0
    outer loop
      vertex -17.3205 -10 85
      vertex -16.6294 -11.1114 82.5
      vertex -16.6294 -11.1114 85
    endloop
  endfacet
  facet normal -0.849207 -0.528061 0
    outer loop
      vertex -16.6294 -11.1114 6
      vertex -17.3205 -10 66
      vertex -17.3205 -10 6
    endloop
  endfacet
  facet normal -0.849207 -0.528061 0
    outer loop
      vertex -17.3205 -10 66
      vertex -16.6294 -11.1114 6
      vertex -16.6294 -11.1114 66
    endloop
  endfacet
  facet normal -0.849207 -0.528061 0
    outer loop
      vertex -16.6294 -11.1114 75
      vertex -17.3205 -10 77.5
      vertex -17.3205 -10 75
    endloop
  endfacet
  facet normal -0.849207 -0.528061 0
    outer loop
      vertex -17.3205 -10 77.5
      vertex -16.6294 -11.1114 75
      vertex -16.6294 -11.1114 77.5
    endloop
  endfacet
  facet normal -0.910873 -0.412686 0
    outer loop
      vertex -17.9375 -8.84577 82.5
      vertex -18.4776 -7.65367 85
      vertex -18.4776 -7.65367 82.5
    endloop
  endfacet
  facet normal -0.910873 -0.412686 0
    outer loop
      vertex -18.4776 -7.65367 85
      vertex -17.9375 -8.84577 82.5
      vertex -17.9375 -8.84577 85
    endloop
  endfacet
  facet normal -0.910873 -0.412686 0
    outer loop
      vertex -17.9375 -8.84577 6
      vertex -18.4776 -7.65367 66
      vertex -18.4776 -7.65367 6
    endloop
  endfacet
  facet normal -0.910873 -0.412686 0
    outer loop
      vertex -18.4776 -7.65367 66
      vertex -17.9375 -8.84577 6
      vertex -17.9375 -8.84577 66
    endloop
  endfacet
  facet normal -0.910873 -0.412686 0
    outer loop
      vertex -17.9375 -8.84577 75
      vertex -18.4776 -7.65367 77.5
      vertex -18.4776 -7.65367 75
    endloop
  endfacet
  facet normal -0.910873 -0.412686 0
    outer loop
      vertex -18.4776 -7.65367 77.5
      vertex -17.9375 -8.84577 75
      vertex -17.9375 -8.84577 77.5
    endloop
  endfacet
  facet normal -0.881905 -0.471427 0
    outer loop
      vertex -17.3205 -10 82.5
      vertex -17.9375 -8.84577 85
      vertex -17.9375 -8.84577 82.5
    endloop
  endfacet
  facet normal -0.881905 -0.471427 0
    outer loop
      vertex -17.9375 -8.84577 85
      vertex -17.3205 -10 82.5
      vertex -17.3205 -10 85
    endloop
  endfacet
  facet normal -0.881905 -0.471427 0
    outer loop
      vertex -17.3205 -10 6
      vertex -17.9375 -8.84577 66
      vertex -17.9375 -8.84577 6
    endloop
  endfacet
  facet normal -0.881905 -0.471427 0
    outer loop
      vertex -17.9375 -8.84577 66
      vertex -17.3205 -10 6
      vertex -17.3205 -10 66
    endloop
  endfacet
  facet normal -0.881905 -0.471427 0
    outer loop
      vertex -17.3205 -10 75
      vertex -17.9375 -8.84577 77.5
      vertex -17.9375 -8.84577 75
    endloop
  endfacet
  facet normal -0.881905 -0.471427 0
    outer loop
      vertex -17.9375 -8.84577 77.5
      vertex -17.3205 -10 75
      vertex -17.3205 -10 77.5
    endloop
  endfacet
  facet normal -0.773003 -0.634402 0
    outer loop
      vertex -15.0368 -13.1869 82.5
      vertex -15.8671 -12.1752 85
      vertex -15.8671 -12.1752 82.5
    endloop
  endfacet
  facet normal -0.773003 -0.634402 0
    outer loop
      vertex -15.8671 -12.1752 85
      vertex -15.0368 -13.1869 82.5
      vertex -15.0368 -13.1869 85
    endloop
  endfacet
  facet normal -0.773003 -0.634402 0
    outer loop
      vertex -15.0368 -13.1869 6
      vertex -15.8671 -12.1752 66
      vertex -15.8671 -12.1752 6
    endloop
  endfacet
  facet normal -0.773003 -0.634402 0
    outer loop
      vertex -15.8671 -12.1752 66
      vertex -15.0368 -13.1869 6
      vertex -15.0368 -13.1869 66
    endloop
  endfacet
  facet normal -0.773003 -0.634402 0
    outer loop
      vertex -15.0368 -13.1869 75
      vertex -15.8671 -12.1752 77.5
      vertex -15.8671 -12.1752 75
    endloop
  endfacet
  facet normal -0.773003 -0.634402 0
    outer loop
      vertex -15.8671 -12.1752 77.5
      vertex -15.0368 -13.1869 75
      vertex -15.0368 -13.1869 77.5
    endloop
  endfacet
  facet normal -0.973875 -0.227085 0
    outer loop
      vertex -19.3185 -5.17638 82.5
      vertex -19.6157 -3.90181 85
      vertex -19.6157 -3.90181 82.5
    endloop
  endfacet
  facet normal -0.973875 -0.227085 0
    outer loop
      vertex -19.6157 -3.90181 85
      vertex -19.3185 -5.17638 82.5
      vertex -19.3185 -5.17638 85
    endloop
  endfacet
  facet normal -0.973875 -0.227085 0
    outer loop
      vertex -19.3185 -5.17638 6
      vertex -19.6157 -3.90181 66
      vertex -19.6157 -3.90181 6
    endloop
  endfacet
  facet normal -0.973875 -0.227085 0
    outer loop
      vertex -19.6157 -3.90181 66
      vertex -19.3185 -5.17638 6
      vertex -19.3185 -5.17638 66
    endloop
  endfacet
  facet normal -0.973875 -0.227085 0
    outer loop
      vertex -19.3185 -5.17638 75
      vertex -19.6157 -3.90181 77.5
      vertex -19.6157 -3.90181 75
    endloop
  endfacet
  facet normal -0.973875 -0.227085 0
    outer loop
      vertex -19.6157 -3.90181 77.5
      vertex -19.3185 -5.17638 75
      vertex -19.3185 -5.17638 77.5
    endloop
  endfacet
  facet normal -0.956943 -0.290275 0
    outer loop
      vertex -18.9386 -6.42879 82.5
      vertex -19.3185 -5.17638 85
      vertex -19.3185 -5.17638 82.5
    endloop
  endfacet
  facet normal -0.956943 -0.290275 0
    outer loop
      vertex -19.3185 -5.17638 85
      vertex -18.9386 -6.42879 82.5
      vertex -18.9386 -6.42879 85
    endloop
  endfacet
  facet normal -0.956943 -0.290275 0
    outer loop
      vertex -18.9386 -6.42879 6
      vertex -19.3185 -5.17638 66
      vertex -19.3185 -5.17638 6
    endloop
  endfacet
  facet normal -0.956943 -0.290275 0
    outer loop
      vertex -19.3185 -5.17638 66
      vertex -18.9386 -6.42879 6
      vertex -18.9386 -6.42879 66
    endloop
  endfacet
  facet normal -0.956943 -0.290275 0
    outer loop
      vertex -18.9386 -6.42879 75
      vertex -19.3185 -5.17638 77.5
      vertex -19.3185 -5.17638 75
    endloop
  endfacet
  facet normal -0.956943 -0.290275 0
    outer loop
      vertex -19.3185 -5.17638 77.5
      vertex -18.9386 -6.42879 75
      vertex -18.9386 -6.42879 77.5
    endloop
  endfacet
  facet normal -0.986642 -0.162901 0
    outer loop
      vertex -19.6157 -3.90181 82.5
      vertex -19.8289 -2.61052 85
      vertex -19.8289 -2.61052 82.5
    endloop
  endfacet
  facet normal -0.986642 -0.162901 0
    outer loop
      vertex -19.8289 -2.61052 85
      vertex -19.6157 -3.90181 82.5
      vertex -19.6157 -3.90181 85
    endloop
  endfacet
  facet normal -0.986642 -0.162901 0
    outer loop
      vertex -19.6157 -3.90181 6
      vertex -19.8289 -2.61052 66
      vertex -19.8289 -2.61052 6
    endloop
  endfacet
  facet normal -0.986642 -0.162901 0
    outer loop
      vertex -19.8289 -2.61052 66
      vertex -19.6157 -3.90181 6
      vertex -19.6157 -3.90181 66
    endloop
  endfacet
  facet normal -0.986642 -0.162901 0
    outer loop
      vertex -19.6157 -3.90181 75
      vertex -19.8289 -2.61052 77.5
      vertex -19.8289 -2.61052 75
    endloop
  endfacet
  facet normal -0.986642 -0.162901 0
    outer loop
      vertex -19.8289 -2.61052 77.5
      vertex -19.6157 -3.90181 75
      vertex -19.6157 -3.90181 77.5
    endloop
  endfacet
  facet normal 0.162901 0.986642 -0
    outer loop
      vertex 3.90181 19.6157 82.5
      vertex 2.61052 19.8289 85
      vertex 3.90181 19.6157 85
    endloop
  endfacet
  facet normal 0.162901 0.986642 0
    outer loop
      vertex 2.61052 19.8289 85
      vertex 3.90181 19.6157 82.5
      vertex 2.61052 19.8289 82.5
    endloop
  endfacet
  facet normal 0.162901 0.986642 -0
    outer loop
      vertex 3.90181 19.6157 6
      vertex 2.61052 19.8289 66
      vertex 3.90181 19.6157 66
    endloop
  endfacet
  facet normal 0.162901 0.986642 0
    outer loop
      vertex 2.61052 19.8289 66
      vertex 3.90181 19.6157 6
      vertex 2.61052 19.8289 6
    endloop
  endfacet
  facet normal 0.162901 0.986642 -0
    outer loop
      vertex 3.90181 19.6157 75
      vertex 2.61052 19.8289 77.5
      vertex 3.90181 19.6157 77.5
    endloop
  endfacet
  facet normal 0.162901 0.986642 0
    outer loop
      vertex 2.61052 19.8289 77.5
      vertex 3.90181 19.6157 75
      vertex 2.61052 19.8289 75
    endloop
  endfacet
  facet normal -0.986642 0.162901 0
    outer loop
      vertex -19.8289 2.61052 82.5
      vertex -19.6157 3.90181 85
      vertex -19.6157 3.90181 82.5
    endloop
  endfacet
  facet normal -0.986642 0.162901 0
    outer loop
      vertex -19.6157 3.90181 85
      vertex -19.8289 2.61052 82.5
      vertex -19.8289 2.61052 85
    endloop
  endfacet
  facet normal -0.986642 0.162901 0
    outer loop
      vertex -19.8289 2.61052 6
      vertex -19.6157 3.90181 66
      vertex -19.6157 3.90181 6
    endloop
  endfacet
  facet normal -0.986642 0.162901 0
    outer loop
      vertex -19.6157 3.90181 66
      vertex -19.8289 2.61052 6
      vertex -19.8289 2.61052 66
    endloop
  endfacet
  facet normal -0.986642 0.162901 0
    outer loop
      vertex -19.8289 2.61052 75
      vertex -19.6157 3.90181 77.5
      vertex -19.6157 3.90181 75
    endloop
  endfacet
  facet normal -0.986642 0.162901 0
    outer loop
      vertex -19.6157 3.90181 77.5
      vertex -19.8289 2.61052 75
      vertex -19.8289 2.61052 77.5
    endloop
  endfacet
  facet normal -0.0980314 0.995183 0
    outer loop
      vertex -1.30806 19.9572 82.5
      vertex -2.61052 19.8289 85
      vertex -1.30806 19.9572 85
    endloop
  endfacet
  facet normal -0.0980314 0.995183 0
    outer loop
      vertex -2.61052 19.8289 85
      vertex -1.30806 19.9572 82.5
      vertex -2.61052 19.8289 82.5
    endloop
  endfacet
  facet normal -0.0980314 0.995183 0
    outer loop
      vertex -1.30806 19.9572 6
      vertex -2.61052 19.8289 66
      vertex -1.30806 19.9572 66
    endloop
  endfacet
  facet normal -0.0980314 0.995183 0
    outer loop
      vertex -2.61052 19.8289 66
      vertex -1.30806 19.9572 6
      vertex -2.61052 19.8289 6
    endloop
  endfacet
  facet normal -0.0980314 0.995183 0
    outer loop
      vertex -1.30806 19.9572 75
      vertex -2.61052 19.8289 77.5
      vertex -1.30806 19.9572 77.5
    endloop
  endfacet
  facet normal -0.0980314 0.995183 0
    outer loop
      vertex -2.61052 19.8289 77.5
      vertex -1.30806 19.9572 75
      vertex -2.61052 19.8289 75
    endloop
  endfacet
  facet normal 0.162901 -0.986642 0
    outer loop
      vertex 2.61052 -19.8289 82.5
      vertex 3.90181 -19.6157 85
      vertex 2.61052 -19.8289 85
    endloop
  endfacet
  facet normal 0.162901 -0.986642 0
    outer loop
      vertex 3.90181 -19.6157 85
      vertex 2.61052 -19.8289 82.5
      vertex 3.90181 -19.6157 82.5
    endloop
  endfacet
  facet normal 0.162901 -0.986642 0
    outer loop
      vertex 2.61052 -19.8289 6
      vertex 3.90181 -19.6157 66
      vertex 2.61052 -19.8289 66
    endloop
  endfacet
  facet normal 0.162901 -0.986642 0
    outer loop
      vertex 3.90181 -19.6157 66
      vertex 2.61052 -19.8289 6
      vertex 3.90181 -19.6157 6
    endloop
  endfacet
  facet normal 0.162901 -0.986642 0
    outer loop
      vertex 2.61052 -19.8289 75
      vertex 3.90181 -19.6157 77.5
      vertex 2.61052 -19.8289 77.5
    endloop
  endfacet
  facet normal 0.162901 -0.986642 0
    outer loop
      vertex 3.90181 -19.6157 77.5
      vertex 2.61052 -19.8289 75
      vertex 3.90181 -19.6157 75
    endloop
  endfacet
  facet normal 0.290275 -0.956943 0
    outer loop
      vertex 5.17638 -19.3185 82.5
      vertex 6.42879 -18.9386 85
      vertex 5.17638 -19.3185 85
    endloop
  endfacet
  facet normal 0.290275 -0.956943 0
    outer loop
      vertex 6.42879 -18.9386 85
      vertex 5.17638 -19.3185 82.5
      vertex 6.42879 -18.9386 82.5
    endloop
  endfacet
  facet normal 0.290275 -0.956943 0
    outer loop
      vertex 5.17638 -19.3185 6
      vertex 6.42879 -18.9386 66
      vertex 5.17638 -19.3185 66
    endloop
  endfacet
  facet normal 0.290275 -0.956943 0
    outer loop
      vertex 6.42879 -18.9386 66
      vertex 5.17638 -19.3185 6
      vertex 6.42879 -18.9386 6
    endloop
  endfacet
  facet normal 0.290275 -0.956943 0
    outer loop
      vertex 5.17638 -19.3185 75
      vertex 6.42879 -18.9386 77.5
      vertex 5.17638 -19.3185 77.5
    endloop
  endfacet
  facet normal 0.290275 -0.956943 0
    outer loop
      vertex 6.42879 -18.9386 77.5
      vertex 5.17638 -19.3185 75
      vertex 6.42879 -18.9386 75
    endloop
  endfacet
  facet normal 0.683616 -0.729842 0
    outer loop
      vertex 13.1869 -15.0368 82.5
      vertex 14.1421 -14.1421 85
      vertex 13.1869 -15.0368 85
    endloop
  endfacet
  facet normal 0.683616 -0.729842 0
    outer loop
      vertex 14.1421 -14.1421 85
      vertex 13.1869 -15.0368 82.5
      vertex 14.1421 -14.1421 82.5
    endloop
  endfacet
  facet normal 0.683616 -0.729842 0
    outer loop
      vertex 13.1869 -15.0368 6
      vertex 14.1421 -14.1421 66
      vertex 13.1869 -15.0368 66
    endloop
  endfacet
  facet normal 0.683616 -0.729842 0
    outer loop
      vertex 14.1421 -14.1421 66
      vertex 13.1869 -15.0368 6
      vertex 14.1421 -14.1421 6
    endloop
  endfacet
  facet normal 0.683616 -0.729842 0
    outer loop
      vertex 13.1869 -15.0368 75
      vertex 14.1421 -14.1421 77.5
      vertex 13.1869 -15.0368 77.5
    endloop
  endfacet
  facet normal 0.683616 -0.729842 0
    outer loop
      vertex 14.1421 -14.1421 77.5
      vertex 13.1869 -15.0368 75
      vertex 14.1421 -14.1421 75
    endloop
  endfacet
  facet normal 0.471427 -0.881905 0
    outer loop
      vertex 8.84577 -17.9375 82.5
      vertex 10 -17.3205 85
      vertex 8.84577 -17.9375 85
    endloop
  endfacet
  facet normal 0.471427 -0.881905 0
    outer loop
      vertex 10 -17.3205 85
      vertex 8.84577 -17.9375 82.5
      vertex 10 -17.3205 82.5
    endloop
  endfacet
  facet normal 0.471427 -0.881905 0
    outer loop
      vertex 8.84577 -17.9375 6
      vertex 10 -17.3205 66
      vertex 8.84577 -17.9375 66
    endloop
  endfacet
  facet normal 0.471427 -0.881905 0
    outer loop
      vertex 10 -17.3205 66
      vertex 8.84577 -17.9375 6
      vertex 10 -17.3205 6
    endloop
  endfacet
  facet normal 0.471427 -0.881905 0
    outer loop
      vertex 8.84577 -17.9375 75
      vertex 10 -17.3205 77.5
      vertex 8.84577 -17.9375 77.5
    endloop
  endfacet
  facet normal 0.471427 -0.881905 0
    outer loop
      vertex 10 -17.3205 77.5
      vertex 8.84577 -17.9375 75
      vertex 10 -17.3205 75
    endloop
  endfacet
  facet normal 0.773003 -0.634402 0
    outer loop
      vertex 15.0368 -13.1869 85
      vertex 15.8671 -12.1752 82.5
      vertex 15.8671 -12.1752 85
    endloop
  endfacet
  facet normal 0.773003 -0.634402 0
    outer loop
      vertex 15.8671 -12.1752 82.5
      vertex 15.0368 -13.1869 85
      vertex 15.0368 -13.1869 82.5
    endloop
  endfacet
  facet normal 0.773003 -0.634402 0
    outer loop
      vertex 15.0368 -13.1869 66
      vertex 15.8671 -12.1752 6
      vertex 15.8671 -12.1752 66
    endloop
  endfacet
  facet normal 0.773003 -0.634402 0
    outer loop
      vertex 15.8671 -12.1752 6
      vertex 15.0368 -13.1869 66
      vertex 15.0368 -13.1869 6
    endloop
  endfacet
  facet normal 0.773003 -0.634402 0
    outer loop
      vertex 15.0368 -13.1869 77.5
      vertex 15.8671 -12.1752 75
      vertex 15.8671 -12.1752 77.5
    endloop
  endfacet
  facet normal 0.773003 -0.634402 0
    outer loop
      vertex 15.8671 -12.1752 75
      vertex 15.0368 -13.1869 77.5
      vertex 15.0368 -13.1869 75
    endloop
  endfacet
  facet normal 0.849207 -0.528061 0
    outer loop
      vertex 16.6294 -11.1114 85
      vertex 17.3205 -10 82.5
      vertex 17.3205 -10 85
    endloop
  endfacet
  facet normal 0.849207 -0.528061 0
    outer loop
      vertex 17.3205 -10 82.5
      vertex 16.6294 -11.1114 85
      vertex 16.6294 -11.1114 82.5
    endloop
  endfacet
  facet normal 0.849207 -0.528061 0
    outer loop
      vertex 16.6294 -11.1114 66
      vertex 17.3205 -10 6
      vertex 17.3205 -10 66
    endloop
  endfacet
  facet normal 0.849207 -0.528061 0
    outer loop
      vertex 17.3205 -10 6
      vertex 16.6294 -11.1114 66
      vertex 16.6294 -11.1114 6
    endloop
  endfacet
  facet normal 0.849207 -0.528061 0
    outer loop
      vertex 16.6294 -11.1114 77.5
      vertex 17.3205 -10 75
      vertex 17.3205 -10 77.5
    endloop
  endfacet
  facet normal 0.849207 -0.528061 0
    outer loop
      vertex 17.3205 -10 75
      vertex 16.6294 -11.1114 77.5
      vertex 16.6294 -11.1114 75
    endloop
  endfacet
  facet normal 0.910873 -0.412686 0
    outer loop
      vertex 17.9375 -8.84577 85
      vertex 18.4776 -7.65367 82.5
      vertex 18.4776 -7.65367 85
    endloop
  endfacet
  facet normal 0.910873 -0.412686 0
    outer loop
      vertex 18.4776 -7.65367 82.5
      vertex 17.9375 -8.84577 85
      vertex 17.9375 -8.84577 82.5
    endloop
  endfacet
  facet normal 0.910873 -0.412686 0
    outer loop
      vertex 17.9375 -8.84577 66
      vertex 18.4776 -7.65367 6
      vertex 18.4776 -7.65367 66
    endloop
  endfacet
  facet normal 0.910873 -0.412686 0
    outer loop
      vertex 18.4776 -7.65367 6
      vertex 17.9375 -8.84577 66
      vertex 17.9375 -8.84577 6
    endloop
  endfacet
  facet normal 0.910873 -0.412686 0
    outer loop
      vertex 17.9375 -8.84577 77.5
      vertex 18.4776 -7.65367 75
      vertex 18.4776 -7.65367 77.5
    endloop
  endfacet
  facet normal 0.910873 -0.412686 0
    outer loop
      vertex 18.4776 -7.65367 75
      vertex 17.9375 -8.84577 77.5
      vertex 17.9375 -8.84577 75
    endloop
  endfacet
  facet normal 0.995183 -0.0980314 0
    outer loop
      vertex 19.8289 -2.61052 85
      vertex 19.9572 -1.30806 82.5
      vertex 19.9572 -1.30806 85
    endloop
  endfacet
  facet normal 0.995183 -0.0980314 0
    outer loop
      vertex 19.9572 -1.30806 82.5
      vertex 19.8289 -2.61052 85
      vertex 19.8289 -2.61052 82.5
    endloop
  endfacet
  facet normal 0.995183 -0.0980314 0
    outer loop
      vertex 19.8289 -2.61052 66
      vertex 19.9572 -1.30806 6
      vertex 19.9572 -1.30806 66
    endloop
  endfacet
  facet normal 0.995183 -0.0980314 0
    outer loop
      vertex 19.9572 -1.30806 6
      vertex 19.8289 -2.61052 66
      vertex 19.8289 -2.61052 6
    endloop
  endfacet
  facet normal 0.995183 -0.0980314 0
    outer loop
      vertex 19.8289 -2.61052 77.5
      vertex 19.9572 -1.30806 75
      vertex 19.9572 -1.30806 77.5
    endloop
  endfacet
  facet normal 0.995183 -0.0980314 0
    outer loop
      vertex 19.9572 -1.30806 75
      vertex 19.8289 -2.61052 77.5
      vertex 19.8289 -2.61052 75
    endloop
  endfacet
  facet normal 0.973875 -0.227085 0
    outer loop
      vertex 19.3185 -5.17638 85
      vertex 19.6157 -3.90181 82.5
      vertex 19.6157 -3.90181 85
    endloop
  endfacet
  facet normal 0.973875 -0.227085 0
    outer loop
      vertex 19.6157 -3.90181 82.5
      vertex 19.3185 -5.17638 85
      vertex 19.3185 -5.17638 82.5
    endloop
  endfacet
  facet normal 0.973875 -0.227085 0
    outer loop
      vertex 19.3185 -5.17638 66
      vertex 19.6157 -3.90181 6
      vertex 19.6157 -3.90181 66
    endloop
  endfacet
  facet normal 0.973875 -0.227085 0
    outer loop
      vertex 19.6157 -3.90181 6
      vertex 19.3185 -5.17638 66
      vertex 19.3185 -5.17638 6
    endloop
  endfacet
  facet normal 0.973875 -0.227085 0
    outer loop
      vertex 19.3185 -5.17638 77.5
      vertex 19.6157 -3.90181 75
      vertex 19.6157 -3.90181 77.5
    endloop
  endfacet
  facet normal 0.973875 -0.227085 0
    outer loop
      vertex 19.6157 -3.90181 75
      vertex 19.3185 -5.17638 77.5
      vertex 19.3185 -5.17638 75
    endloop
  endfacet
  facet normal -0.634402 -0.773003 0
    outer loop
      vertex -13.1869 -15.0368 82.5
      vertex -12.1752 -15.8671 85
      vertex -13.1869 -15.0368 85
    endloop
  endfacet
  facet normal -0.634402 -0.773003 -0
    outer loop
      vertex -12.1752 -15.8671 85
      vertex -13.1869 -15.0368 82.5
      vertex -12.1752 -15.8671 82.5
    endloop
  endfacet
  facet normal -0.634402 -0.773003 0
    outer loop
      vertex -13.1869 -15.0368 6
      vertex -12.1752 -15.8671 66
      vertex -13.1869 -15.0368 66
    endloop
  endfacet
  facet normal -0.634402 -0.773003 -0
    outer loop
      vertex -12.1752 -15.8671 66
      vertex -13.1869 -15.0368 6
      vertex -12.1752 -15.8671 6
    endloop
  endfacet
  facet normal -0.634402 -0.773003 0
    outer loop
      vertex -13.1869 -15.0368 75
      vertex -12.1752 -15.8671 77.5
      vertex -13.1869 -15.0368 77.5
    endloop
  endfacet
  facet normal -0.634402 -0.773003 -0
    outer loop
      vertex -12.1752 -15.8671 77.5
      vertex -13.1869 -15.0368 75
      vertex -12.1752 -15.8671 75
    endloop
  endfacet
  facet normal -0.227085 -0.973875 0
    outer loop
      vertex -5.17638 -19.3185 82.5
      vertex -3.90181 -19.6157 85
      vertex -5.17638 -19.3185 85
    endloop
  endfacet
  facet normal -0.227085 -0.973875 -0
    outer loop
      vertex -3.90181 -19.6157 85
      vertex -5.17638 -19.3185 82.5
      vertex -3.90181 -19.6157 82.5
    endloop
  endfacet
  facet normal -0.227085 -0.973875 0
    outer loop
      vertex -5.17638 -19.3185 6
      vertex -3.90181 -19.6157 66
      vertex -5.17638 -19.3185 66
    endloop
  endfacet
  facet normal -0.227085 -0.973875 -0
    outer loop
      vertex -3.90181 -19.6157 66
      vertex -5.17638 -19.3185 6
      vertex -3.90181 -19.6157 6
    endloop
  endfacet
  facet normal -0.227085 -0.973875 0
    outer loop
      vertex -5.17638 -19.3185 75
      vertex -3.90181 -19.6157 77.5
      vertex -5.17638 -19.3185 77.5
    endloop
  endfacet
  facet normal -0.227085 -0.973875 -0
    outer loop
      vertex -3.90181 -19.6157 77.5
      vertex -5.17638 -19.3185 75
      vertex -3.90181 -19.6157 75
    endloop
  endfacet
  facet normal -0.729842 -0.683616 0
    outer loop
      vertex -14.1421 -14.1421 82.5
      vertex -15.0368 -13.1869 85
      vertex -15.0368 -13.1869 82.5
    endloop
  endfacet
  facet normal -0.729842 -0.683616 0
    outer loop
      vertex -15.0368 -13.1869 85
      vertex -14.1421 -14.1421 82.5
      vertex -14.1421 -14.1421 85
    endloop
  endfacet
  facet normal -0.729842 -0.683616 0
    outer loop
      vertex -14.1421 -14.1421 6
      vertex -15.0368 -13.1869 66
      vertex -15.0368 -13.1869 6
    endloop
  endfacet
  facet normal -0.729842 -0.683616 0
    outer loop
      vertex -15.0368 -13.1869 66
      vertex -14.1421 -14.1421 6
      vertex -14.1421 -14.1421 66
    endloop
  endfacet
  facet normal -0.729842 -0.683616 0
    outer loop
      vertex -14.1421 -14.1421 75
      vertex -15.0368 -13.1869 77.5
      vertex -15.0368 -13.1869 75
    endloop
  endfacet
  facet normal -0.729842 -0.683616 0
    outer loop
      vertex -15.0368 -13.1869 77.5
      vertex -14.1421 -14.1421 75
      vertex -14.1421 -14.1421 77.5
    endloop
  endfacet
  facet normal 0.516234 -0.483479 -0.70693
    outer loop
      vertex 16.2635 -16.2635 69
      vertex 14.1421 -14.1421 66
      vertex 17.2923 -15.165 69
    endloop
  endfacet
  facet normal 0.706918 0.0230909 -0.706918
    outer loop
      vertex 21.1543 0.229609 67.1618
      vertex 23 0 69
      vertex 21.2 0 67.2
    endloop
  endfacet
  facet normal 0.70692 0.0231211 -0.706916
    outer loop
      vertex 23 0 69
      vertex 21.1543 0.229609 67.1618
      vertex 22.9508 1.50427 69
    endloop
  endfacet
  facet normal 0.706888 0.0232061 -0.706944
    outer loop
      vertex 21.0243 0.424264 67.0382
      vertex 22.9508 1.50427 69
      vertex 21.1543 0.229609 67.1618
    endloop
  endfacet
  facet normal 0.706949 0.0230009 -0.706891
    outer loop
      vertex 22.9508 1.50427 69
      vertex 21.0243 0.424264 67.0382
      vertex 20.9412 0.479794 66.9569
    endloop
  endfacet
  facet normal 0.706826 0.0234564 -0.706998
    outer loop
      vertex 20.8296 0.554327 66.8478
      vertex 22.9508 1.50427 69
      vertex 20.9412 0.479794 66.9569
    endloop
  endfacet
  facet normal 0.707093 0.0234854 -0.706731
    outer loop
      vertex 19.9572 1.30806 66
      vertex 20.8296 0.554327 66.8478
      vertex 20.6 0.599999 66.6196
    endloop
  endfacet
  facet normal 0.706922 0.0231707 -0.706912
    outer loop
      vertex 19.9572 1.30806 66
      vertex 20.6 0.599999 66.6196
      vertex 20.3704 0.554327 66.3885
    endloop
  endfacet
  facet normal 0.706918 0.0230711 -0.706919
    outer loop
      vertex 20.8296 0.554327 66.8478
      vertex 19.9572 1.30806 66
      vertex 22.9508 1.50427 69
    endloop
  endfacet
  facet normal 0.706836 0.023078 -0.707001
    outer loop
      vertex 20.1757 0.424264 66.1896
      vertex 19.9572 1.30806 66
      vertex 20.3704 0.554327 66.3885
    endloop
  endfacet
  facet normal 0.706986 0.023148 -0.706848
    outer loop
      vertex 20.0457 0.229609 66.0532
      vertex 19.9572 1.30806 66
      vertex 20.1757 0.424264 66.1896
    endloop
  endfacet
  facet normal 0.706832 0.0231277 -0.707003
    outer loop
      vertex 19.9572 1.30806 66
      vertex 20.0457 0.229609 66.0532
      vertex 20 0 66
    endloop
  endfacet
  facet normal 0.706826 -0.0234564 -0.706998
    outer loop
      vertex 22.9508 -1.50427 69
      vertex 20.8296 -0.554327 66.8478
      vertex 20.9412 -0.479794 66.9569
    endloop
  endfacet
  facet normal 0.706918 -0.0230711 -0.706919
    outer loop
      vertex 19.9572 -1.30806 66
      vertex 20.8296 -0.554327 66.8478
      vertex 22.9508 -1.50427 69
    endloop
  endfacet
  facet normal 0.707093 -0.0234854 -0.706731
    outer loop
      vertex 20.8296 -0.554327 66.8478
      vertex 19.9572 -1.30806 66
      vertex 20.6 -0.599999 66.6196
    endloop
  endfacet
  facet normal 0.706832 -0.0231277 -0.707003
    outer loop
      vertex 20.0457 -0.229609 66.0532
      vertex 19.9572 -1.30806 66
      vertex 20 0 66
    endloop
  endfacet
  facet normal 0.706986 -0.023148 -0.706848
    outer loop
      vertex 20.1757 -0.424264 66.1896
      vertex 19.9572 -1.30806 66
      vertex 20.0457 -0.229609 66.0532
    endloop
  endfacet
  facet normal 0.706836 -0.023078 -0.707001
    outer loop
      vertex 20.3704 -0.554327 66.3885
      vertex 19.9572 -1.30806 66
      vertex 20.1757 -0.424264 66.1896
    endloop
  endfacet
  facet normal 0.706922 -0.0231707 -0.706912
    outer loop
      vertex 20.6 -0.599999 66.6196
      vertex 19.9572 -1.30806 66
      vertex 20.3704 -0.554327 66.3885
    endloop
  endfacet
  facet normal -0.706915 -0.0231304 -0.70692
    outer loop
      vertex -19.9572 -1.30806 66
      vertex -22.9508 -1.50427 69
      vertex -20 0 66
    endloop
  endfacet
  facet normal 0.0231211 -0.706918 -0.706918
    outer loop
      vertex 1.50427 -22.9508 69
      vertex 0 -23 69
      vertex 0 -20 66
    endloop
  endfacet
  facet normal 0.69785 -0.115182 -0.706922
    outer loop
      vertex 22.5581 -4.48708 69
      vertex 19.6157 -3.90181 66
      vertex 22.8032 -3.0021 69
    endloop
  endfacet
  facet normal -0.703893 -0.0693376 -0.706914
    outer loop
      vertex -19.8289 -2.61052 66
      vertex -22.8032 -3.0021 69
      vertex -19.9572 -1.30806 66
    endloop
  endfacet
  facet normal -0.0231304 0.706915 -0.70692
    outer loop
      vertex -1.30806 19.9572 66
      vertex -1.50427 22.9508 69
      vertex 0 20 66
    endloop
  endfacet
  facet normal 0.661961 -0.249162 -0.706913
    outer loop
      vertex 21.2492 -8.80172 69
      vertex 18.4776 -7.65367 66
      vertex 21.7794 -7.39311 69
    endloop
  endfacet
  facet normal 0.70692 -0.0231211 -0.706916
    outer loop
      vertex 21.1543 -0.229609 67.1618
      vertex 23 0 69
      vertex 22.9508 -1.50427 69
    endloop
  endfacet
  facet normal 0.706918 -0.0230909 -0.706918
    outer loop
      vertex 23 0 69
      vertex 21.1543 -0.229609 67.1618
      vertex 21.2 0 67.2
    endloop
  endfacet
  facet normal 0.706888 -0.0232061 -0.706944
    outer loop
      vertex 22.9508 -1.50427 69
      vertex 21.0243 -0.424264 67.0382
      vertex 21.1543 -0.229609 67.1618
    endloop
  endfacet
  facet normal 0.706949 -0.0230009 -0.706891
    outer loop
      vertex 21.0243 -0.424264 67.0382
      vertex 22.9508 -1.50427 69
      vertex 20.9412 -0.479794 66.9569
    endloop
  endfacet
  facet normal 0.661964 -0.249139 -0.706919
    outer loop
      vertex 21.7794 -7.39311 69
      vertex 18.4776 -7.65367 66
      vertex 18.9386 -6.42879 66
    endloop
  endfacet
  facet normal 0.60063 -0.373508 -0.70692
    outer loop
      vertex 19.1238 -12.7781 69
      vertex 17.3205 -10 66
      vertex 19.9186 -11.5 69
    endloop
  endfacet
  facet normal 0.546764 -0.44869 -0.706913
    outer loop
      vertex 17.2923 -15.165 69
      vertex 15.8671 -12.1752 66
      vertex 18.2471 -14.0015 69
    endloop
  endfacet
  facet normal 0.574919 -0.411993 -0.706916
    outer loop
      vertex 18.2471 -14.0015 69
      vertex 16.6294 -11.1114 66
      vertex 19.1238 -12.7781 69
    endloop
  endfacet
  facet normal 0.644261 -0.291893 -0.706914
    outer loop
      vertex 20.6281 -10.1726 69
      vertex 18.4776 -7.65367 66
      vertex 21.2492 -8.80172 69
    endloop
  endfacet
  facet normal -0.688815 -0.160616 -0.70692
    outer loop
      vertex -19.3185 -5.17638 66
      vertex -22.2163 -5.95284 69
      vertex -19.6157 -3.90181 66
    endloop
  endfacet
  facet normal -0.483479 -0.516234 -0.70693
    outer loop
      vertex -15.165 -17.2923 69
      vertex -16.2635 -16.2635 69
      vertex -14.1421 -14.1421 66
    endloop
  endfacet
  facet normal 0.644261 0.291893 -0.706913
    outer loop
      vertex 18.4776 7.65367 66
      vertex 17.9375 8.84577 66
      vertex 20.6281 10.1726 69
    endloop
  endfacet
  facet normal 0.205309 0.67684 -0.70692
    outer loop
      vertex 6.42879 18.9386 66
      vertex 5.17638 19.3185 66
      vertex 5.95284 22.2163 69
    endloop
  endfacet
  facet normal -0.516234 0.483479 -0.70693
    outer loop
      vertex -14.1421 14.1421 66
      vertex -17.2923 15.165 69
      vertex -16.2635 16.2635 69
    endloop
  endfacet
  facet normal -0.160624 0.688811 -0.706922
    outer loop
      vertex -3.90181 19.6157 66
      vertex -5.95284 22.2163 69
      vertex -4.48708 22.5581 69
    endloop
  endfacet
  facet normal 0.703885 -0.0693626 -0.70692
    outer loop
      vertex 22.8032 -3.0021 69
      vertex 19.9572 -1.30806 66
      vertex 22.9508 -1.50427 69
    endloop
  endfacet
  facet normal 0.688811 -0.160624 -0.706922
    outer loop
      vertex 22.2163 -5.95284 69
      vertex 19.6157 -3.90181 66
      vertex 22.5581 -4.48708 69
    endloop
  endfacet
  facet normal 0.54674 -0.448708 -0.70692
    outer loop
      vertex 17.2923 -15.165 69
      vertex 15.0368 -13.1869 66
      vertex 15.8671 -12.1752 66
    endloop
  endfacet
  facet normal 0.600642 -0.373496 -0.706916
    outer loop
      vertex 19.1238 -12.7781 69
      vertex 16.6294 -11.1114 66
      vertex 17.3205 -10 66
    endloop
  endfacet
  facet normal 0.0231304 -0.706915 -0.70692
    outer loop
      vertex 1.50427 -22.9508 69
      vertex 0 -20 66
      vertex 1.30806 -19.9572 66
    endloop
  endfacet
  facet normal 0.411993 -0.574919 -0.706916
    outer loop
      vertex 12.7781 -19.1238 69
      vertex 11.1114 -16.6294 66
      vertex 14.0015 -18.2471 69
    endloop
  endfacet
  facet normal 0.249139 -0.661964 -0.706919
    outer loop
      vertex 7.39311 -21.7794 69
      vertex 6.42879 -18.9386 66
      vertex 7.65367 -18.4776 66
    endloop
  endfacet
  facet normal -0.333412 -0.623779 -0.70692
    outer loop
      vertex -10.1726 -20.6281 69
      vertex -11.5 -19.9186 69
      vertex -10 -17.3205 66
    endloop
  endfacet
  facet normal -0.115182 -0.69785 -0.706922
    outer loop
      vertex -3.0021 -22.8032 69
      vertex -4.48708 -22.5581 69
      vertex -3.90181 -19.6157 66
    endloop
  endfacet
  facet normal -0.0231211 -0.706918 -0.706918
    outer loop
      vertex 0 -23 69
      vertex -1.50427 -22.9508 69
      vertex 0 -20 66
    endloop
  endfacet
  facet normal 0.373508 0.60063 -0.70692
    outer loop
      vertex 12.7781 19.1238 69
      vertex 10 17.3205 66
      vertex 11.5 19.9186 69
    endloop
  endfacet
  facet normal 0.205316 0.676839 -0.706919
    outer loop
      vertex 6.42879 18.9386 66
      vertex 5.95284 22.2163 69
      vertex 7.39311 21.7794 69
    endloop
  endfacet
  facet normal -0.67684 0.205309 -0.70692
    outer loop
      vertex -19.3185 5.17638 66
      vertex -22.2163 5.95284 69
      vertex -18.9386 6.42879 66
    endloop
  endfacet
  facet normal -0.623779 0.333412 -0.70692
    outer loop
      vertex -17.3205 10 66
      vertex -20.6281 10.1726 69
      vertex -19.9186 11.5 69
    endloop
  endfacet
  facet normal -0.703885 0.0693626 -0.70692
    outer loop
      vertex -19.9572 1.30806 66
      vertex -22.9508 1.50427 69
      vertex -22.8032 3.0021 69
    endloop
  endfacet
  facet normal -0.706918 0.0231211 -0.706918
    outer loop
      vertex -20 0 66
      vertex -23 0 69
      vertex -22.9508 1.50427 69
    endloop
  endfacet
  facet normal 0.703893 -0.0693376 -0.706914
    outer loop
      vertex 22.8032 -3.0021 69
      vertex 19.8289 -2.61052 66
      vertex 19.9572 -1.30806 66
    endloop
  endfacet
  facet normal 0.697852 -0.11522 -0.706913
    outer loop
      vertex 22.8032 -3.0021 69
      vertex 19.6157 -3.90181 66
      vertex 19.8289 -2.61052 66
    endloop
  endfacet
  facet normal 0.688815 -0.160616 -0.70692
    outer loop
      vertex 22.2163 -5.95284 69
      vertex 19.3185 -5.17638 66
      vertex 19.6157 -3.90181 66
    endloop
  endfacet
  facet normal 0.574929 -0.411984 -0.706913
    outer loop
      vertex 18.2471 -14.0015 69
      vertex 15.8671 -12.1752 66
      vertex 16.6294 -11.1114 66
    endloop
  endfacet
  facet normal 0.623779 -0.333412 -0.70692
    outer loop
      vertex 19.9186 -11.5 69
      vertex 17.3205 -10 66
      vertex 20.6281 -10.1726 69
    endloop
  endfacet
  facet normal 0.0693626 -0.703885 -0.70692
    outer loop
      vertex 1.50427 -22.9508 69
      vertex 1.30806 -19.9572 66
      vertex 3.0021 -22.8032 69
    endloop
  endfacet
  facet normal 0.291893 -0.644261 -0.706913
    outer loop
      vertex 10.1726 -20.6281 69
      vertex 7.65367 -18.4776 66
      vertex 8.84577 -17.9375 66
    endloop
  endfacet
  facet normal 0.373508 -0.60063 -0.70692
    outer loop
      vertex 11.5 -19.9186 69
      vertex 10 -17.3205 66
      vertex 12.7781 -19.1238 69
    endloop
  endfacet
  facet normal 0.483479 -0.516234 -0.70693
    outer loop
      vertex 15.165 -17.2923 69
      vertex 14.1421 -14.1421 66
      vertex 16.2635 -16.2635 69
    endloop
  endfacet
  facet normal 0.291893 -0.644261 -0.706914
    outer loop
      vertex 8.80172 -21.2492 69
      vertex 7.65367 -18.4776 66
      vertex 10.1726 -20.6281 69
    endloop
  endfacet
  facet normal 0.249162 -0.661961 -0.706913
    outer loop
      vertex 8.80172 -21.2492 69
      vertex 7.39311 -21.7794 69
      vertex 7.65367 -18.4776 66
    endloop
  endfacet
  facet normal 0.205309 -0.67684 -0.70692
    outer loop
      vertex 5.95284 -22.2163 69
      vertex 5.17638 -19.3185 66
      vertex 6.42879 -18.9386 66
    endloop
  endfacet
  facet normal 0.160624 -0.688811 -0.706922
    outer loop
      vertex 4.48708 -22.5581 69
      vertex 3.90181 -19.6157 66
      vertex 5.95284 -22.2163 69
    endloop
  endfacet
  facet normal -0.697852 -0.11522 -0.706913
    outer loop
      vertex -19.6157 -3.90181 66
      vertex -22.8032 -3.0021 69
      vertex -19.8289 -2.61052 66
    endloop
  endfacet
  facet normal -0.411984 -0.574929 -0.706913
    outer loop
      vertex -11.1114 -16.6294 66
      vertex -14.0015 -18.2471 69
      vertex -12.1752 -15.8671 66
    endloop
  endfacet
  facet normal -0.291893 -0.644261 -0.706914
    outer loop
      vertex -8.80172 -21.2492 69
      vertex -10.1726 -20.6281 69
      vertex -7.65367 -18.4776 66
    endloop
  endfacet
  facet normal -0.516212 -0.483517 -0.70692
    outer loop
      vertex -14.1421 -14.1421 66
      vertex -17.2923 -15.165 69
      vertex -15.0368 -13.1869 66
    endloop
  endfacet
  facet normal -0.703885 -0.0693626 -0.70692
    outer loop
      vertex -22.8032 -3.0021 69
      vertex -22.9508 -1.50427 69
      vertex -19.9572 -1.30806 66
    endloop
  endfacet
  facet normal -0.676839 -0.205316 -0.706919
    outer loop
      vertex -21.7794 -7.39311 69
      vertex -22.2163 -5.95284 69
      vertex -18.9386 -6.42879 66
    endloop
  endfacet
  facet normal -0.160624 -0.688811 -0.706922
    outer loop
      vertex -4.48708 -22.5581 69
      vertex -5.95284 -22.2163 69
      vertex -3.90181 -19.6157 66
    endloop
  endfacet
  facet normal -0.205316 -0.676839 -0.706919
    outer loop
      vertex -5.95284 -22.2163 69
      vertex -7.39311 -21.7794 69
      vertex -6.42879 -18.9386 66
    endloop
  endfacet
  facet normal 0.448708 0.54674 -0.70692
    outer loop
      vertex 13.1869 15.0368 66
      vertex 12.1752 15.8671 66
      vertex 15.165 17.2923 69
    endloop
  endfacet
  facet normal 0.0231211 0.706918 -0.706918
    outer loop
      vertex 1.50427 22.9508 69
      vertex 0 20 66
      vertex 0 23 69
    endloop
  endfacet
  facet normal -0.703893 0.0693376 -0.706914
    outer loop
      vertex -19.9572 1.30806 66
      vertex -22.8032 3.0021 69
      vertex -19.8289 2.61052 66
    endloop
  endfacet
  facet normal -0.697852 0.11522 -0.706913
    outer loop
      vertex -19.8289 2.61052 66
      vertex -22.8032 3.0021 69
      vertex -19.6157 3.90181 66
    endloop
  endfacet
  facet normal -0.676839 0.205316 -0.706919
    outer loop
      vertex -18.9386 6.42879 66
      vertex -22.2163 5.95284 69
      vertex -21.7794 7.39311 69
    endloop
  endfacet
  facet normal -0.644261 0.291893 -0.706913
    outer loop
      vertex -18.4776 7.65367 66
      vertex -20.6281 10.1726 69
      vertex -17.9375 8.84577 66
    endloop
  endfacet
  facet normal -0.574929 0.411984 -0.706913
    outer loop
      vertex -16.6294 11.1114 66
      vertex -18.2471 14.0015 69
      vertex -15.8671 12.1752 66
    endloop
  endfacet
  facet normal -0.483517 0.516212 -0.70692
    outer loop
      vertex -14.1421 14.1421 66
      vertex -15.165 17.2923 69
      vertex -13.1869 15.0368 66
    endloop
  endfacet
  facet normal -0.0693376 0.703893 -0.706914
    outer loop
      vertex -2.61052 19.8289 66
      vertex -3.0021 22.8032 69
      vertex -1.30806 19.9572 66
    endloop
  endfacet
  facet normal -0.115182 0.69785 -0.706922
    outer loop
      vertex -3.90181 19.6157 66
      vertex -4.48708 22.5581 69
      vertex -3.0021 22.8032 69
    endloop
  endfacet
  facet normal -0.11522 0.697852 -0.706913
    outer loop
      vertex -2.61052 19.8289 66
      vertex -3.90181 19.6157 66
      vertex -3.0021 22.8032 69
    endloop
  endfacet
  facet normal -0.249139 0.661964 -0.706919
    outer loop
      vertex -6.42879 18.9386 66
      vertex -7.65367 18.4776 66
      vertex -7.39311 21.7794 69
    endloop
  endfacet
  facet normal -0.706918 -0.0231211 -0.706918
    outer loop
      vertex -22.9508 -1.50427 69
      vertex -23 0 69
      vertex -20 0 66
    endloop
  endfacet
  facet normal 0.67684 -0.205309 -0.70692
    outer loop
      vertex 22.2163 -5.95284 69
      vertex 18.9386 -6.42879 66
      vertex 19.3185 -5.17638 66
    endloop
  endfacet
  facet normal 0.676839 -0.205316 -0.706919
    outer loop
      vertex 21.7794 -7.39311 69
      vertex 18.9386 -6.42879 66
      vertex 22.2163 -5.95284 69
    endloop
  endfacet
  facet normal 0.516212 -0.483517 -0.70692
    outer loop
      vertex 17.2923 -15.165 69
      vertex 14.1421 -14.1421 66
      vertex 15.0368 -13.1869 66
    endloop
  endfacet
  facet normal 0.644261 -0.291893 -0.706913
    outer loop
      vertex 20.6281 -10.1726 69
      vertex 17.9375 -8.84577 66
      vertex 18.4776 -7.65367 66
    endloop
  endfacet
  facet normal 0.623772 -0.333441 -0.706913
    outer loop
      vertex 20.6281 -10.1726 69
      vertex 17.3205 -10 66
      vertex 17.9375 -8.84577 66
    endloop
  endfacet
  facet normal 0.0693376 -0.703893 -0.706914
    outer loop
      vertex 3.0021 -22.8032 69
      vertex 1.30806 -19.9572 66
      vertex 2.61052 -19.8289 66
    endloop
  endfacet
  facet normal 0.115182 -0.69785 -0.706922
    outer loop
      vertex 4.48708 -22.5581 69
      vertex 3.0021 -22.8032 69
      vertex 3.90181 -19.6157 66
    endloop
  endfacet
  facet normal 0.333412 -0.623779 -0.70692
    outer loop
      vertex 10.1726 -20.6281 69
      vertex 10 -17.3205 66
      vertex 11.5 -19.9186 69
    endloop
  endfacet
  facet normal 0.333441 -0.623772 -0.706913
    outer loop
      vertex 10.1726 -20.6281 69
      vertex 8.84577 -17.9375 66
      vertex 10 -17.3205 66
    endloop
  endfacet
  facet normal 0.448708 -0.54674 -0.70692
    outer loop
      vertex 15.165 -17.2923 69
      vertex 12.1752 -15.8671 66
      vertex 13.1869 -15.0368 66
    endloop
  endfacet
  facet normal 0.205316 -0.676839 -0.706919
    outer loop
      vertex 7.39311 -21.7794 69
      vertex 5.95284 -22.2163 69
      vertex 6.42879 -18.9386 66
    endloop
  endfacet
  facet normal 0.11522 -0.697852 -0.706913
    outer loop
      vertex 3.0021 -22.8032 69
      vertex 2.61052 -19.8289 66
      vertex 3.90181 -19.6157 66
    endloop
  endfacet
  facet normal -0.44869 -0.546764 -0.706913
    outer loop
      vertex -14.0015 -18.2471 69
      vertex -15.165 -17.2923 69
      vertex -12.1752 -15.8671 66
    endloop
  endfacet
  facet normal -0.373508 -0.60063 -0.70692
    outer loop
      vertex -11.5 -19.9186 69
      vertex -12.7781 -19.1238 69
      vertex -10 -17.3205 66
    endloop
  endfacet
  facet normal -0.333441 -0.623772 -0.706913
    outer loop
      vertex -8.84577 -17.9375 66
      vertex -10.1726 -20.6281 69
      vertex -10 -17.3205 66
    endloop
  endfacet
  facet normal -0.623779 -0.333412 -0.70692
    outer loop
      vertex -19.9186 -11.5 69
      vertex -20.6281 -10.1726 69
      vertex -17.3205 -10 66
    endloop
  endfacet
  facet normal -0.623772 -0.333441 -0.706913
    outer loop
      vertex -17.3205 -10 66
      vertex -20.6281 -10.1726 69
      vertex -17.9375 -8.84577 66
    endloop
  endfacet
  facet normal -0.69785 -0.115182 -0.706922
    outer loop
      vertex -22.5581 -4.48708 69
      vertex -22.8032 -3.0021 69
      vertex -19.6157 -3.90181 66
    endloop
  endfacet
  facet normal -0.688811 -0.160624 -0.706922
    outer loop
      vertex -22.2163 -5.95284 69
      vertex -22.5581 -4.48708 69
      vertex -19.6157 -3.90181 66
    endloop
  endfacet
  facet normal -0.67684 -0.205309 -0.70692
    outer loop
      vertex -18.9386 -6.42879 66
      vertex -22.2163 -5.95284 69
      vertex -19.3185 -5.17638 66
    endloop
  endfacet
  facet normal -0.644261 -0.291893 -0.706913
    outer loop
      vertex -17.9375 -8.84577 66
      vertex -20.6281 -10.1726 69
      vertex -18.4776 -7.65367 66
    endloop
  endfacet
  facet normal -0.0231304 -0.706915 -0.70692
    outer loop
      vertex 0 -20 66
      vertex -1.50427 -22.9508 69
      vertex -1.30806 -19.9572 66
    endloop
  endfacet
  facet normal -0.0693626 -0.703885 -0.70692
    outer loop
      vertex -1.50427 -22.9508 69
      vertex -3.0021 -22.8032 69
      vertex -1.30806 -19.9572 66
    endloop
  endfacet
  facet normal -0.160616 -0.688815 -0.70692
    outer loop
      vertex -3.90181 -19.6157 66
      vertex -5.95284 -22.2163 69
      vertex -5.17638 -19.3185 66
    endloop
  endfacet
  facet normal -0.205309 -0.67684 -0.70692
    outer loop
      vertex -5.95284 -22.2163 69
      vertex -6.42879 -18.9386 66
      vertex -5.17638 -19.3185 66
    endloop
  endfacet
  facet normal -0.249162 -0.661961 -0.706913
    outer loop
      vertex -7.39311 -21.7794 69
      vertex -8.80172 -21.2492 69
      vertex -7.65367 -18.4776 66
    endloop
  endfacet
  facet normal -0.249139 -0.661964 -0.706919
    outer loop
      vertex -7.39311 -21.7794 69
      vertex -7.65367 -18.4776 66
      vertex -6.42879 -18.9386 66
    endloop
  endfacet
  facet normal 0.661876 0.249437 -0.706895
    outer loop
      vertex 21.7794 7.39311 69
      vertex 19.9015 6.79204 67.0296
      vertex 19.9571 7.01944 67.1619
    endloop
  endfacet
  facet normal 0.662769 0.246866 -0.706962
    outer loop
      vertex 19.9015 6.79204 67.0296
      vertex 21.7794 7.39311 69
      vertex 19.8659 6.74357 66.9793
    endloop
  endfacet
  facet normal 0.661973 0.249103 -0.706923
    outer loop
      vertex 19.9215 7.25083 67.2101
      vertex 21.7794 7.39311 69
      vertex 19.9571 7.01944 67.1619
    endloop
  endfacet
  facet normal 0.661938 0.249262 -0.706899
    outer loop
      vertex 19.8 7.45097 67.1669
      vertex 21.7794 7.39311 69
      vertex 19.9215 7.25083 67.2101
    endloop
  endfacet
  facet normal 0.661955 0.249152 -0.706922
    outer loop
      vertex 21.7794 7.39311 69
      vertex 19.8 7.45097 67.1669
      vertex 19.6497 7.56117 67.065
    endloop
  endfacet
  facet normal 0.662349 0.248108 -0.70692
    outer loop
      vertex 18.9386 6.42879 66
      vertex 19.1041 6.50183 66.1807
      vertex 19.133 6.49477 66.2053
    endloop
  endfacet
  facet normal 0.661939 0.249111 -0.706951
    outer loop
      vertex 18.9386 6.42879 66
      vertex 18.9153 6.64026 66.0527
      vertex 19.1041 6.50183 66.1807
    endloop
  endfacet
  facet normal 0.662147 0.249088 -0.706765
    outer loop
      vertex 18.9386 6.42879 66
      vertex 18.7939 6.8404 66.0095
      vertex 18.9153 6.64026 66.0527
    endloop
  endfacet
  facet normal 0.662359 0.249355 -0.706472
    outer loop
      vertex 18.7939 6.8404 66.0095
      vertex 18.4776 7.65367 66
      vertex 18.7582 7.07179 66.0577
    endloop
  endfacet
  facet normal 0.659692 0.248284 -0.709339
    outer loop
      vertex 18.4776 7.65367 66
      vertex 18.7939 6.8404 66.0095
      vertex 18.9386 6.42879 66
    endloop
  endfacet
  facet normal 0.661949 0.249175 -0.706919
    outer loop
      vertex 18.9523 7.48798 66.3861
      vertex 18.4776 7.65367 66
      vertex 19.1393 7.60145 66.6012
    endloop
  endfacet
  facet normal 0.661946 0.249069 -0.70696
    outer loop
      vertex 18.8139 7.29919 66.19
      vertex 18.4776 7.65367 66
      vertex 18.9523 7.48798 66.3861
    endloop
  endfacet
  facet normal 0.661979 0.249128 -0.706908
    outer loop
      vertex 18.4776 7.65367 66
      vertex 18.8139 7.29919 66.19
      vertex 18.7582 7.07179 66.0577
    endloop
  endfacet
  facet normal 0.623779 0.333412 -0.70692
    outer loop
      vertex 20.6281 10.1726 69
      vertex 17.3205 10 66
      vertex 19.9186 11.5 69
    endloop
  endfacet
  facet normal 0.516234 0.483479 -0.70693
    outer loop
      vertex 17.2923 15.165 69
      vertex 14.1421 14.1421 66
      vertex 16.2635 16.2635 69
    endloop
  endfacet
  facet normal 0.0693376 0.703893 -0.706914
    outer loop
      vertex 2.61052 19.8289 66
      vertex 1.30806 19.9572 66
      vertex 3.0021 22.8032 69
    endloop
  endfacet
  facet normal 0.115182 0.69785 -0.706922
    outer loop
      vertex 3.90181 19.6157 66
      vertex 3.0021 22.8032 69
      vertex 4.48708 22.5581 69
    endloop
  endfacet
  facet normal 0.249162 0.661961 -0.706913
    outer loop
      vertex 7.65367 18.4776 66
      vertex 7.39311 21.7794 69
      vertex 8.80172 21.2492 69
    endloop
  endfacet
  facet normal 0.411993 0.574919 -0.706916
    outer loop
      vertex 14.0015 18.2471 69
      vertex 11.1114 16.6294 66
      vertex 12.7781 19.1238 69
    endloop
  endfacet
  facet normal 0.373496 0.600642 -0.706916
    outer loop
      vertex 11.1114 16.6294 66
      vertex 10 17.3205 66
      vertex 12.7781 19.1238 69
    endloop
  endfacet
  facet normal 0.483517 0.516212 -0.70692
    outer loop
      vertex 14.1421 14.1421 66
      vertex 13.1869 15.0368 66
      vertex 15.165 17.2923 69
    endloop
  endfacet
  facet normal -0.0231211 0.706918 -0.706918
    outer loop
      vertex 0 20 66
      vertex -1.50427 22.9508 69
      vertex 0 23 69
    endloop
  endfacet
  facet normal -0.706915 0.0231304 -0.70692
    outer loop
      vertex -20 0 66
      vertex -22.9508 1.50427 69
      vertex -19.9572 1.30806 66
    endloop
  endfacet
  facet normal -0.69785 0.115182 -0.706922
    outer loop
      vertex -19.6157 3.90181 66
      vertex -22.8032 3.0021 69
      vertex -22.5581 4.48708 69
    endloop
  endfacet
  facet normal -0.661964 0.249139 -0.706919
    outer loop
      vertex -18.9386 6.42879 66
      vertex -21.7794 7.39311 69
      vertex -18.4776 7.65367 66
    endloop
  endfacet
  facet normal -0.661961 0.249162 -0.706913
    outer loop
      vertex -18.4776 7.65367 66
      vertex -21.7794 7.39311 69
      vertex -21.2492 8.80172 69
    endloop
  endfacet
  facet normal -0.546764 0.44869 -0.706913
    outer loop
      vertex -15.8671 12.1752 66
      vertex -18.2471 14.0015 69
      vertex -17.2923 15.165 69
    endloop
  endfacet
  facet normal -0.60063 0.373508 -0.70692
    outer loop
      vertex -17.3205 10 66
      vertex -19.9186 11.5 69
      vertex -19.1238 12.7781 69
    endloop
  endfacet
  facet normal -0.333412 0.623779 -0.70692
    outer loop
      vertex -10 17.3205 66
      vertex -11.5 19.9186 69
      vertex -10.1726 20.6281 69
    endloop
  endfacet
  facet normal -0.333441 0.623772 -0.706913
    outer loop
      vertex -10 17.3205 66
      vertex -10.1726 20.6281 69
      vertex -8.84577 17.9375 66
    endloop
  endfacet
  facet normal -0.0693626 0.703885 -0.70692
    outer loop
      vertex -1.30806 19.9572 66
      vertex -3.0021 22.8032 69
      vertex -1.50427 22.9508 69
    endloop
  endfacet
  facet normal -0.205309 0.67684 -0.70692
    outer loop
      vertex -5.17638 19.3185 66
      vertex -6.42879 18.9386 66
      vertex -5.95284 22.2163 69
    endloop
  endfacet
  facet normal -0.205316 0.676839 -0.706919
    outer loop
      vertex -6.42879 18.9386 66
      vertex -7.39311 21.7794 69
      vertex -5.95284 22.2163 69
    endloop
  endfacet
  facet normal -0.291893 0.644261 -0.706913
    outer loop
      vertex -8.84577 17.9375 66
      vertex -10.1726 20.6281 69
      vertex -7.65367 18.4776 66
    endloop
  endfacet
  facet normal 0.373496 -0.600642 -0.706916
    outer loop
      vertex 12.7781 -19.1238 69
      vertex 10 -17.3205 66
      vertex 11.1114 -16.6294 66
    endloop
  endfacet
  facet normal 0.44869 -0.546764 -0.706913
    outer loop
      vertex 14.0015 -18.2471 69
      vertex 12.1752 -15.8671 66
      vertex 15.165 -17.2923 69
    endloop
  endfacet
  facet normal 0.411984 -0.574929 -0.706913
    outer loop
      vertex 14.0015 -18.2471 69
      vertex 11.1114 -16.6294 66
      vertex 12.1752 -15.8671 66
    endloop
  endfacet
  facet normal 0.160616 -0.688815 -0.70692
    outer loop
      vertex 5.95284 -22.2163 69
      vertex 3.90181 -19.6157 66
      vertex 5.17638 -19.3185 66
    endloop
  endfacet
  facet normal -0.448708 -0.54674 -0.70692
    outer loop
      vertex -12.1752 -15.8671 66
      vertex -15.165 -17.2923 69
      vertex -13.1869 -15.0368 66
    endloop
  endfacet
  facet normal -0.483517 -0.516212 -0.70692
    outer loop
      vertex -13.1869 -15.0368 66
      vertex -15.165 -17.2923 69
      vertex -14.1421 -14.1421 66
    endloop
  endfacet
  facet normal -0.373496 -0.600642 -0.706916
    outer loop
      vertex -10 -17.3205 66
      vertex -12.7781 -19.1238 69
      vertex -11.1114 -16.6294 66
    endloop
  endfacet
  facet normal -0.411993 -0.574919 -0.706916
    outer loop
      vertex -12.7781 -19.1238 69
      vertex -14.0015 -18.2471 69
      vertex -11.1114 -16.6294 66
    endloop
  endfacet
  facet normal -0.291893 -0.644261 -0.706913
    outer loop
      vertex -7.65367 -18.4776 66
      vertex -10.1726 -20.6281 69
      vertex -8.84577 -17.9375 66
    endloop
  endfacet
  facet normal -0.516234 -0.483479 -0.70693
    outer loop
      vertex -16.2635 -16.2635 69
      vertex -17.2923 -15.165 69
      vertex -14.1421 -14.1421 66
    endloop
  endfacet
  facet normal -0.574919 -0.411993 -0.706916
    outer loop
      vertex -18.2471 -14.0015 69
      vertex -19.1238 -12.7781 69
      vertex -16.6294 -11.1114 66
    endloop
  endfacet
  facet normal -0.644261 -0.291893 -0.706914
    outer loop
      vertex -20.6281 -10.1726 69
      vertex -21.2492 -8.80172 69
      vertex -18.4776 -7.65367 66
    endloop
  endfacet
  facet normal -0.661961 -0.249162 -0.706913
    outer loop
      vertex -21.2492 -8.80172 69
      vertex -21.7794 -7.39311 69
      vertex -18.4776 -7.65367 66
    endloop
  endfacet
  facet normal -0.661964 -0.249139 -0.706919
    outer loop
      vertex -18.4776 -7.65367 66
      vertex -21.7794 -7.39311 69
      vertex -18.9386 -6.42879 66
    endloop
  endfacet
  facet normal -0.0693376 -0.703893 -0.706914
    outer loop
      vertex -1.30806 -19.9572 66
      vertex -3.0021 -22.8032 69
      vertex -2.61052 -19.8289 66
    endloop
  endfacet
  facet normal -0.11522 -0.697852 -0.706913
    outer loop
      vertex -3.0021 -22.8032 69
      vertex -3.90181 -19.6157 66
      vertex -2.61052 -19.8289 66
    endloop
  endfacet
  facet normal 0.703885 0.0693626 -0.70692
    outer loop
      vertex 22.9508 1.50427 69
      vertex 19.9572 1.30806 66
      vertex 22.8032 3.0021 69
    endloop
  endfacet
  facet normal 0.688811 0.160624 -0.706922
    outer loop
      vertex 22.5581 4.48708 69
      vertex 19.6157 3.90181 66
      vertex 22.2163 5.95284 69
    endloop
  endfacet
  facet normal 0.676834 0.205315 -0.706924
    outer loop
      vertex 22.2163 5.95284 69
      vertex 19.8659 6.74357 66.9793
      vertex 21.7794 7.39311 69
    endloop
  endfacet
  facet normal 0.676838 0.205411 -0.706892
    outer loop
      vertex 22.2163 5.95284 69
      vertex 19.763 6.60325 66.84
      vertex 19.8659 6.74357 66.9793
    endloop
  endfacet
  facet normal 0.676839 0.20547 -0.706874
    outer loop
      vertex 22.2163 5.95284 69
      vertex 19.5629 6.4818 66.6131
      vertex 19.763 6.60325 66.84
    endloop
  endfacet
  facet normal 0.676844 0.205321 -0.706913
    outer loop
      vertex 22.2163 5.95284 69
      vertex 19.3315 6.44619 66.3812
      vertex 19.5629 6.4818 66.6131
    endloop
  endfacet
  facet normal 0.676752 0.205637 -0.706909
    outer loop
      vertex 19.3315 6.44619 66.3812
      vertex 18.9386 6.42879 66
      vertex 19.133 6.49477 66.2053
    endloop
  endfacet
  facet normal 0.67686 0.204998 -0.706991
    outer loop
      vertex 18.9386 6.42879 66
      vertex 19.3315 6.44619 66.3812
      vertex 22.2163 5.95284 69
    endloop
  endfacet
  facet normal 0.623772 0.333441 -0.706913
    outer loop
      vertex 17.9375 8.84577 66
      vertex 17.3205 10 66
      vertex 20.6281 10.1726 69
    endloop
  endfacet
  facet normal 0.54674 0.448708 -0.70692
    outer loop
      vertex 15.8671 12.1752 66
      vertex 15.0368 13.1869 66
      vertex 17.2923 15.165 69
    endloop
  endfacet
  facet normal 0.546764 0.44869 -0.706913
    outer loop
      vertex 18.2471 14.0015 69
      vertex 15.8671 12.1752 66
      vertex 17.2923 15.165 69
    endloop
  endfacet
  facet normal 0.60063 0.373508 -0.70692
    outer loop
      vertex 19.9186 11.5 69
      vertex 17.3205 10 66
      vertex 19.1238 12.7781 69
    endloop
  endfacet
  facet normal 0.483479 0.516234 -0.70693
    outer loop
      vertex 16.2635 16.2635 69
      vertex 14.1421 14.1421 66
      vertex 15.165 17.2923 69
    endloop
  endfacet
  facet normal 0.0231304 0.706915 -0.70692
    outer loop
      vertex 1.30806 19.9572 66
      vertex 0 20 66
      vertex 1.50427 22.9508 69
    endloop
  endfacet
  facet normal 0.0693626 0.703885 -0.70692
    outer loop
      vertex 3.0021 22.8032 69
      vertex 1.30806 19.9572 66
      vertex 1.50427 22.9508 69
    endloop
  endfacet
  facet normal 0.160624 0.688811 -0.706922
    outer loop
      vertex 5.95284 22.2163 69
      vertex 3.90181 19.6157 66
      vertex 4.48708 22.5581 69
    endloop
  endfacet
  facet normal 0.160616 0.688815 -0.70692
    outer loop
      vertex 5.17638 19.3185 66
      vertex 3.90181 19.6157 66
      vertex 5.95284 22.2163 69
    endloop
  endfacet
  facet normal 0.249139 0.661964 -0.706919
    outer loop
      vertex 7.65367 18.4776 66
      vertex 6.42879 18.9386 66
      vertex 7.39311 21.7794 69
    endloop
  endfacet
  facet normal 0.333412 0.623779 -0.70692
    outer loop
      vertex 11.5 19.9186 69
      vertex 10 17.3205 66
      vertex 10.1726 20.6281 69
    endloop
  endfacet
  facet normal 0.44869 0.546764 -0.706913
    outer loop
      vertex 15.165 17.2923 69
      vertex 12.1752 15.8671 66
      vertex 14.0015 18.2471 69
    endloop
  endfacet
  facet normal 0.411984 0.574929 -0.706913
    outer loop
      vertex 12.1752 15.8671 66
      vertex 11.1114 16.6294 66
      vertex 14.0015 18.2471 69
    endloop
  endfacet
  facet normal -0.688811 0.160624 -0.706922
    outer loop
      vertex -19.6157 3.90181 66
      vertex -22.5581 4.48708 69
      vertex -22.2163 5.95284 69
    endloop
  endfacet
  facet normal -0.688815 0.160616 -0.70692
    outer loop
      vertex -19.6157 3.90181 66
      vertex -22.2163 5.95284 69
      vertex -19.3185 5.17638 66
    endloop
  endfacet
  facet normal -0.623772 0.333441 -0.706913
    outer loop
      vertex -17.9375 8.84577 66
      vertex -20.6281 10.1726 69
      vertex -17.3205 10 66
    endloop
  endfacet
  facet normal -0.644261 0.291893 -0.706914
    outer loop
      vertex -18.4776 7.65367 66
      vertex -21.2492 8.80172 69
      vertex -20.6281 10.1726 69
    endloop
  endfacet
  facet normal -0.54674 0.448708 -0.70692
    outer loop
      vertex -15.8671 12.1752 66
      vertex -17.2923 15.165 69
      vertex -15.0368 13.1869 66
    endloop
  endfacet
  facet normal -0.516212 0.483517 -0.70692
    outer loop
      vertex -15.0368 13.1869 66
      vertex -17.2923 15.165 69
      vertex -14.1421 14.1421 66
    endloop
  endfacet
  facet normal -0.600642 0.373496 -0.706916
    outer loop
      vertex -17.3205 10 66
      vertex -19.1238 12.7781 69
      vertex -16.6294 11.1114 66
    endloop
  endfacet
  facet normal -0.574919 0.411993 -0.706916
    outer loop
      vertex -16.6294 11.1114 66
      vertex -19.1238 12.7781 69
      vertex -18.2471 14.0015 69
    endloop
  endfacet
  facet normal -0.483479 0.516234 -0.70693
    outer loop
      vertex -14.1421 14.1421 66
      vertex -16.2635 16.2635 69
      vertex -15.165 17.2923 69
    endloop
  endfacet
  facet normal -0.411993 0.574919 -0.706916
    outer loop
      vertex -11.1114 16.6294 66
      vertex -14.0015 18.2471 69
      vertex -12.7781 19.1238 69
    endloop
  endfacet
  facet normal -0.160616 0.688815 -0.70692
    outer loop
      vertex -5.17638 19.3185 66
      vertex -5.95284 22.2163 69
      vertex -3.90181 19.6157 66
    endloop
  endfacet
  facet normal -0.291893 0.644261 -0.706914
    outer loop
      vertex -7.65367 18.4776 66
      vertex -10.1726 20.6281 69
      vertex -8.80172 21.2492 69
    endloop
  endfacet
  facet normal -0.249162 0.661961 -0.706913
    outer loop
      vertex -7.65367 18.4776 66
      vertex -8.80172 21.2492 69
      vertex -7.39311 21.7794 69
    endloop
  endfacet
  facet normal 0.483517 -0.516212 -0.70692
    outer loop
      vertex 15.165 -17.2923 69
      vertex 13.1869 -15.0368 66
      vertex 14.1421 -14.1421 66
    endloop
  endfacet
  facet normal -0.60063 -0.373508 -0.70692
    outer loop
      vertex -19.1238 -12.7781 69
      vertex -19.9186 -11.5 69
      vertex -17.3205 -10 66
    endloop
  endfacet
  facet normal -0.600642 -0.373496 -0.706916
    outer loop
      vertex -16.6294 -11.1114 66
      vertex -19.1238 -12.7781 69
      vertex -17.3205 -10 66
    endloop
  endfacet
  facet normal -0.54674 -0.448708 -0.70692
    outer loop
      vertex -15.0368 -13.1869 66
      vertex -17.2923 -15.165 69
      vertex -15.8671 -12.1752 66
    endloop
  endfacet
  facet normal -0.546764 -0.44869 -0.706913
    outer loop
      vertex -17.2923 -15.165 69
      vertex -18.2471 -14.0015 69
      vertex -15.8671 -12.1752 66
    endloop
  endfacet
  facet normal 0.688815 0.160616 -0.70692
    outer loop
      vertex 19.6157 3.90181 66
      vertex 19.3185 5.17638 66
      vertex 22.2163 5.95284 69
    endloop
  endfacet
  facet normal 0.67684 0.205309 -0.70692
    outer loop
      vertex 19.3185 5.17638 66
      vertex 18.9386 6.42879 66
      vertex 22.2163 5.95284 69
    endloop
  endfacet
  facet normal 0.661954 0.249159 -0.70692
    outer loop
      vertex 19.6497 7.56117 67.065
      vertex 21.2492 8.80172 69
      vertex 21.7794 7.39311 69
    endloop
  endfacet
  facet normal 0.661945 0.249175 -0.706923
    outer loop
      vertex 19.6112 7.5894 67.0389
      vertex 21.2492 8.80172 69
      vertex 19.6497 7.56117 67.065
    endloop
  endfacet
  facet normal 0.661909 0.249242 -0.706934
    outer loop
      vertex 19.3838 7.64504 66.8456
      vertex 21.2492 8.80172 69
      vertex 19.6112 7.5894 67.0389
    endloop
  endfacet
  facet normal 0.661871 0.249853 -0.706754
    outer loop
      vertex 18.4776 7.65367 66
      vertex 19.3838 7.64504 66.8456
      vertex 19.1525 7.60943 66.6164
    endloop
  endfacet
  facet normal 0.66201 0.249037 -0.706911
    outer loop
      vertex 19.3838 7.64504 66.8456
      vertex 18.4776 7.65367 66
      vertex 21.2492 8.80172 69
    endloop
  endfacet
  facet normal 0.661694 0.251124 -0.706469
    outer loop
      vertex 18.4776 7.65367 66
      vertex 19.1525 7.60943 66.6164
      vertex 19.1393 7.60145 66.6012
    endloop
  endfacet
  facet normal 0.644261 0.291893 -0.706914
    outer loop
      vertex 21.2492 8.80172 69
      vertex 18.4776 7.65367 66
      vertex 20.6281 10.1726 69
    endloop
  endfacet
  facet normal 0.574929 0.411984 -0.706913
    outer loop
      vertex 16.6294 11.1114 66
      vertex 15.8671 12.1752 66
      vertex 18.2471 14.0015 69
    endloop
  endfacet
  facet normal 0.516212 0.483517 -0.70692
    outer loop
      vertex 15.0368 13.1869 66
      vertex 14.1421 14.1421 66
      vertex 17.2923 15.165 69
    endloop
  endfacet
  facet normal 0.11522 0.697852 -0.706913
    outer loop
      vertex 3.90181 19.6157 66
      vertex 2.61052 19.8289 66
      vertex 3.0021 22.8032 69
    endloop
  endfacet
  facet normal 0.291893 0.644261 -0.706913
    outer loop
      vertex 8.84577 17.9375 66
      vertex 7.65367 18.4776 66
      vertex 10.1726 20.6281 69
    endloop
  endfacet
  facet normal 0.333441 0.623772 -0.706913
    outer loop
      vertex 10 17.3205 66
      vertex 8.84577 17.9375 66
      vertex 10.1726 20.6281 69
    endloop
  endfacet
  facet normal 0.291893 0.644261 -0.706914
    outer loop
      vertex 10.1726 20.6281 69
      vertex 7.65367 18.4776 66
      vertex 8.80172 21.2492 69
    endloop
  endfacet
  facet normal -0.373508 0.60063 -0.70692
    outer loop
      vertex -10 17.3205 66
      vertex -12.7781 19.1238 69
      vertex -11.5 19.9186 69
    endloop
  endfacet
  facet normal -0.373496 0.600642 -0.706916
    outer loop
      vertex -11.1114 16.6294 66
      vertex -12.7781 19.1238 69
      vertex -10 17.3205 66
    endloop
  endfacet
  facet normal -0.448708 0.54674 -0.70692
    outer loop
      vertex -13.1869 15.0368 66
      vertex -15.165 17.2923 69
      vertex -12.1752 15.8671 66
    endloop
  endfacet
  facet normal -0.44869 0.546764 -0.706913
    outer loop
      vertex -12.1752 15.8671 66
      vertex -15.165 17.2923 69
      vertex -14.0015 18.2471 69
    endloop
  endfacet
  facet normal -0.574929 -0.411984 -0.706913
    outer loop
      vertex -15.8671 -12.1752 66
      vertex -18.2471 -14.0015 69
      vertex -16.6294 -11.1114 66
    endloop
  endfacet
  facet normal 0.69785 0.115182 -0.706922
    outer loop
      vertex 22.8032 3.0021 69
      vertex 19.6157 3.90181 66
      vertex 22.5581 4.48708 69
    endloop
  endfacet
  facet normal 0.600642 0.373496 -0.706916
    outer loop
      vertex 17.3205 10 66
      vertex 16.6294 11.1114 66
      vertex 19.1238 12.7781 69
    endloop
  endfacet
  facet normal 0.574919 0.411993 -0.706916
    outer loop
      vertex 19.1238 12.7781 69
      vertex 16.6294 11.1114 66
      vertex 18.2471 14.0015 69
    endloop
  endfacet
  facet normal -0.411984 0.574929 -0.706913
    outer loop
      vertex -12.1752 15.8671 66
      vertex -14.0015 18.2471 69
      vertex -11.1114 16.6294 66
    endloop
  endfacet
  facet normal 0.697852 0.11522 -0.706913
    outer loop
      vertex 19.8289 2.61052 66
      vertex 19.6157 3.90181 66
      vertex 22.8032 3.0021 69
    endloop
  endfacet
  facet normal 0.703893 0.0693376 -0.706914
    outer loop
      vertex 19.9572 1.30806 66
      vertex 19.8289 2.61052 66
      vertex 22.8032 3.0021 69
    endloop
  endfacet
  facet normal 0.999466 0.0326894 0
    outer loop
      vertex 23 0 75
      vertex 22.9508 1.50427 69
      vertex 22.9508 1.50427 75
    endloop
  endfacet
  facet normal 0.999466 0.0326894 0
    outer loop
      vertex 22.9508 1.50427 69
      vertex 23 0 75
      vertex 23 0 69
    endloop
  endfacet
  facet normal -0.999466 0.0326894 0
    outer loop
      vertex -23 0 69
      vertex -22.9508 1.50427 75
      vertex -22.9508 1.50427 69
    endloop
  endfacet
  facet normal -0.999466 0.0326894 0
    outer loop
      vertex -22.9508 1.50427 75
      vertex -23 0 69
      vertex -23 0 75
    endloop
  endfacet
  facet normal 0.0326894 0.999466 -0
    outer loop
      vertex 1.50427 22.9508 69
      vertex 0 23 75
      vertex 1.50427 22.9508 75
    endloop
  endfacet
  facet normal 0.0326894 0.999466 0
    outer loop
      vertex 0 23 75
      vertex 1.50427 22.9508 69
      vertex 0 23 69
    endloop
  endfacet
  facet normal 0.683572 0.729883 -0
    outer loop
      vertex 16.2635 16.2635 69
      vertex 15.165 17.2923 75
      vertex 16.2635 16.2635 75
    endloop
  endfacet
  facet normal 0.683572 0.729883 0
    outer loop
      vertex 15.165 17.2923 75
      vertex 16.2635 16.2635 69
      vertex 15.165 17.2923 69
    endloop
  endfacet
  facet normal -0.683572 0.729883 0
    outer loop
      vertex -15.165 17.2923 69
      vertex -16.2635 16.2635 75
      vertex -15.165 17.2923 75
    endloop
  endfacet
  facet normal -0.683572 0.729883 0
    outer loop
      vertex -16.2635 16.2635 75
      vertex -15.165 17.2923 69
      vertex -16.2635 16.2635 69
    endloop
  endfacet
  facet normal -0.352271 0.935898 0
    outer loop
      vertex -7.39311 21.7794 69
      vertex -8.80172 21.2492 75
      vertex -7.39311 21.7794 75
    endloop
  endfacet
  facet normal -0.352271 0.935898 0
    outer loop
      vertex -8.80172 21.2492 75
      vertex -7.39311 21.7794 69
      vertex -8.80172 21.2492 69
    endloop
  endfacet
  facet normal 0.910873 0.412686 0
    outer loop
      vertex 21.2492 8.80172 75
      vertex 20.6281 10.1726 69
      vertex 20.6281 10.1726 75
    endloop
  endfacet
  facet normal 0.910873 0.412686 0
    outer loop
      vertex 20.6281 10.1726 69
      vertex 21.2492 8.80172 75
      vertex 21.2492 8.80172 69
    endloop
  endfacet
  facet normal 0.412686 0.910873 -0
    outer loop
      vertex 10.1726 20.6281 69
      vertex 8.80172 21.2492 75
      vertex 10.1726 20.6281 75
    endloop
  endfacet
  facet normal 0.412686 0.910873 0
    outer loop
      vertex 8.80172 21.2492 75
      vertex 10.1726 20.6281 69
      vertex 8.80172 21.2492 69
    endloop
  endfacet
  facet normal 0.52808 0.849194 -0
    outer loop
      vertex 12.7781 19.1238 69
      vertex 11.5 19.9186 75
      vertex 12.7781 19.1238 75
    endloop
  endfacet
  facet normal 0.52808 0.849194 0
    outer loop
      vertex 11.5 19.9186 75
      vertex 12.7781 19.1238 69
      vertex 11.5 19.9186 69
    endloop
  endfacet
  facet normal -0.910873 0.412686 0
    outer loop
      vertex -21.2492 8.80172 69
      vertex -20.6281 10.1726 75
      vertex -20.6281 10.1726 69
    endloop
  endfacet
  facet normal -0.910873 0.412686 0
    outer loop
      vertex -20.6281 10.1726 75
      vertex -21.2492 8.80172 69
      vertex -21.2492 8.80172 75
    endloop
  endfacet
  facet normal -0.162849 0.986651 0
    outer loop
      vertex -3.0021 22.8032 69
      vertex -4.48708 22.5581 75
      vertex -3.0021 22.8032 75
    endloop
  endfacet
  facet normal -0.162849 0.986651 0
    outer loop
      vertex -4.48708 22.5581 75
      vertex -3.0021 22.8032 69
      vertex -4.48708 22.5581 69
    endloop
  endfacet
  facet normal -0.729883 -0.683572 0
    outer loop
      vertex -16.2635 -16.2635 69
      vertex -17.2923 -15.165 75
      vertex -17.2923 -15.165 69
    endloop
  endfacet
  facet normal -0.729883 -0.683572 0
    outer loop
      vertex -17.2923 -15.165 75
      vertex -16.2635 -16.2635 69
      vertex -16.2635 -16.2635 75
    endloop
  endfacet
  facet normal -0.99518 -0.0980676 0
    outer loop
      vertex -22.8032 -3.0021 69
      vertex -22.9508 -1.50427 75
      vertex -22.9508 -1.50427 69
    endloop
  endfacet
  facet normal -0.99518 -0.0980676 0
    outer loop
      vertex -22.9508 -1.50427 75
      vertex -22.8032 -3.0021 69
      vertex -22.8032 -3.0021 75
    endloop
  endfacet
  facet normal 0.986651 0.162849 0
    outer loop
      vertex 22.8032 3.0021 75
      vertex 22.5581 4.48708 69
      vertex 22.5581 4.48708 75
    endloop
  endfacet
  facet normal 0.986651 0.162849 0
    outer loop
      vertex 22.5581 4.48708 69
      vertex 22.8032 3.0021 75
      vertex 22.8032 3.0021 69
    endloop
  endfacet
  facet normal 0.99518 0.0980676 0
    outer loop
      vertex 22.9508 1.50427 75
      vertex 22.8032 3.0021 69
      vertex 22.8032 3.0021 75
    endloop
  endfacet
  facet normal 0.99518 0.0980676 0
    outer loop
      vertex 22.8032 3.0021 69
      vertex 22.9508 1.50427 75
      vertex 22.9508 1.50427 69
    endloop
  endfacet
  facet normal 0.956941 0.290284 0
    outer loop
      vertex 22.2163 5.95284 75
      vertex 21.7794 7.39311 69
      vertex 21.7794 7.39311 75
    endloop
  endfacet
  facet normal 0.956941 0.290284 0
    outer loop
      vertex 21.7794 7.39311 69
      vertex 22.2163 5.95284 75
      vertex 22.2163 5.95284 69
    endloop
  endfacet
  facet normal 0.812839 0.582488 0
    outer loop
      vertex 19.1238 12.7781 75
      vertex 18.2471 14.0015 69
      vertex 18.2471 14.0015 75
    endloop
  endfacet
  facet normal 0.812839 0.582488 0
    outer loop
      vertex 18.2471 14.0015 69
      vertex 19.1238 12.7781 75
      vertex 19.1238 12.7781 69
    endloop
  endfacet
  facet normal 0.77303 0.63437 0
    outer loop
      vertex 18.2471 14.0015 75
      vertex 17.2923 15.165 69
      vertex 17.2923 15.165 75
    endloop
  endfacet
  facet normal 0.77303 0.63437 0
    outer loop
      vertex 17.2923 15.165 69
      vertex 18.2471 14.0015 75
      vertex 18.2471 14.0015 69
    endloop
  endfacet
  facet normal 0.881924 0.471392 0
    outer loop
      vertex 20.6281 10.1726 75
      vertex 19.9186 11.5 69
      vertex 19.9186 11.5 75
    endloop
  endfacet
  facet normal 0.881924 0.471392 0
    outer loop
      vertex 19.9186 11.5 69
      vertex 20.6281 10.1726 75
      vertex 20.6281 10.1726 69
    endloop
  endfacet
  facet normal 0.227097 0.973872 -0
    outer loop
      vertex 5.95284 22.2163 69
      vertex 4.48708 22.5581 75
      vertex 5.95284 22.2163 75
    endloop
  endfacet
  facet normal 0.227097 0.973872 0
    outer loop
      vertex 4.48708 22.5581 75
      vertex 5.95284 22.2163 69
      vertex 4.48708 22.5581 69
    endloop
  endfacet
  facet normal 0.290284 0.956941 -0
    outer loop
      vertex 7.39311 21.7794 69
      vertex 5.95284 22.2163 75
      vertex 7.39311 21.7794 75
    endloop
  endfacet
  facet normal 0.290284 0.956941 0
    outer loop
      vertex 5.95284 22.2163 75
      vertex 7.39311 21.7794 69
      vertex 5.95284 22.2163 69
    endloop
  endfacet
  facet normal 0.471392 0.881924 -0
    outer loop
      vertex 11.5 19.9186 69
      vertex 10.1726 20.6281 75
      vertex 11.5 19.9186 75
    endloop
  endfacet
  facet normal 0.471392 0.881924 0
    outer loop
      vertex 10.1726 20.6281 75
      vertex 11.5 19.9186 69
      vertex 10.1726 20.6281 69
    endloop
  endfacet
  facet normal 0.63437 0.77303 -0
    outer loop
      vertex 15.165 17.2923 69
      vertex 14.0015 18.2471 75
      vertex 15.165 17.2923 75
    endloop
  endfacet
  facet normal 0.63437 0.77303 0
    outer loop
      vertex 14.0015 18.2471 75
      vertex 15.165 17.2923 69
      vertex 14.0015 18.2471 69
    endloop
  endfacet
  facet normal -0.973872 0.227097 0
    outer loop
      vertex -22.5581 4.48708 69
      vertex -22.2163 5.95284 75
      vertex -22.2163 5.95284 69
    endloop
  endfacet
  facet normal -0.973872 0.227097 0
    outer loop
      vertex -22.2163 5.95284 75
      vertex -22.5581 4.48708 69
      vertex -22.5581 4.48708 75
    endloop
  endfacet
  facet normal -0.77303 0.63437 0
    outer loop
      vertex -18.2471 14.0015 69
      vertex -17.2923 15.165 75
      vertex -17.2923 15.165 69
    endloop
  endfacet
  facet normal -0.77303 0.63437 0
    outer loop
      vertex -17.2923 15.165 75
      vertex -18.2471 14.0015 69
      vertex -18.2471 14.0015 75
    endloop
  endfacet
  facet normal -0.729883 0.683572 0
    outer loop
      vertex -17.2923 15.165 69
      vertex -16.2635 16.2635 75
      vertex -16.2635 16.2635 69
    endloop
  endfacet
  facet normal -0.729883 0.683572 0
    outer loop
      vertex -16.2635 16.2635 75
      vertex -17.2923 15.165 69
      vertex -17.2923 15.165 75
    endloop
  endfacet
  facet normal -0.956941 0.290284 0
    outer loop
      vertex -22.2163 5.95284 69
      vertex -21.7794 7.39311 75
      vertex -21.7794 7.39311 69
    endloop
  endfacet
  facet normal -0.956941 0.290284 0
    outer loop
      vertex -21.7794 7.39311 75
      vertex -22.2163 5.95284 69
      vertex -22.2163 5.95284 75
    endloop
  endfacet
  facet normal -0 0 1
    outer loop
      vertex 21.1543 0.229609 75
      vertex 23 0 75
      vertex 22.9508 1.50427 75
    endloop
  endfacet
  facet normal 0 0 1
    outer loop
      vertex 20.8296 0.554327 75
      vertex 22.9508 1.50427 75
      vertex 22.8032 3.0021 75
    endloop
  endfacet
  facet normal 0 0 1
    outer loop
      vertex 23 0 75
      vertex 21.1543 0.229609 75
      vertex 21.2 0 75
    endloop
  endfacet
  facet normal 0 0 1
    outer loop
      vertex 19.8289 2.61052 75
      vertex 22.8032 3.0021 75
      vertex 22.5581 4.48708 75
    endloop
  endfacet
  facet normal 0 0 1
    outer loop
      vertex 23 0 75
      vertex 21.1543 -0.229609 75
      vertex 22.9508 -1.50427 75
    endloop
  endfacet
  facet normal 0 0 1
    outer loop
      vertex 19.6157 3.90181 75
      vertex 22.5581 4.48708 75
      vertex 22.2163 5.95284 75
    endloop
  endfacet
  facet normal -0 0 1
    outer loop
      vertex 21.0243 -0.424264 75
      vertex 22.9508 -1.50427 75
      vertex 21.1543 -0.229609 75
    endloop
  endfacet
  facet normal -0 0 1
    outer loop
      vertex 19.9015 6.79204 75
      vertex 22.2163 5.95284 75
      vertex 21.7794 7.39311 75
    endloop
  endfacet
  facet normal -0 0 1
    outer loop
      vertex 20.8296 -0.554327 75
      vertex 22.9508 -1.50427 75
      vertex 21.0243 -0.424264 75
    endloop
  endfacet
  facet normal 0 0 1
    outer loop
      vertex 19.9215 7.25083 75
      vertex 21.7794 7.39311 75
      vertex 21.2492 8.80172 75
    endloop
  endfacet
  facet normal 0 0 1
    outer loop
      vertex 22.9508 -1.50427 75
      vertex 20.8296 -0.554327 75
      vertex 22.8032 -3.0021 75
    endloop
  endfacet
  facet normal -0 0 1
    outer loop
      vertex 19.8289 -2.61052 75
      vertex 22.8032 -3.0021 75
      vertex 20.8296 -0.554327 75
    endloop
  endfacet
  facet normal 0 0 1
    outer loop
      vertex 21.1543 -0.229609 75
      vertex 23 0 75
      vertex 21.2 0 75
    endloop
  endfacet
  facet normal 0 0 1
    outer loop
      vertex 22.9508 1.50427 75
      vertex 21.0243 0.424264 75
      vertex 21.1543 0.229609 75
    endloop
  endfacet
  facet normal 0 0 1
    outer loop
      vertex 22.5581 4.48708 75
      vertex 19.6157 3.90181 75
      vertex 19.8289 2.61052 75
    endloop
  endfacet
  facet normal 0 0 1
    outer loop
      vertex 19.6112 7.5894 75
      vertex 21.2492 8.80172 75
      vertex 20.6281 10.1726 75
    endloop
  endfacet
  facet normal 0 0 1
    outer loop
      vertex 21.7794 7.39311 75
      vertex 19.9571 7.01944 75
      vertex 19.9015 6.79204 75
    endloop
  endfacet
  facet normal 0 0 1
    outer loop
      vertex 22.2163 5.95284 75
      vertex 19.9015 6.79204 75
      vertex 19.763 6.60325 75
    endloop
  endfacet
  facet normal 0 0 1
    outer loop
      vertex 22.8032 3.0021 75
      vertex 19.8289 2.61052 75
      vertex 20.8296 0.554327 75
    endloop
  endfacet
  facet normal 0 0 1
    outer loop
      vertex 20.8296 0.554327 75
      vertex 19.9572 1.30806 75
      vertex 20.6 0.599999 75
    endloop
  endfacet
  facet normal 0 0 1
    outer loop
      vertex 20.1757 0.424264 75
      vertex 19.9572 1.30806 75
      vertex 20.0457 0.229609 75
    endloop
  endfacet
  facet normal 0 0 1
    outer loop
      vertex 20.0457 0.229609 75
      vertex 19.9572 1.30806 75
      vertex 20 0 75
    endloop
  endfacet
  facet normal 0 0 1
    outer loop
      vertex 20.6 0.599999 75
      vertex 19.9572 1.30806 75
      vertex 20.3704 0.554327 75
    endloop
  endfacet
  facet normal 0 0 1
    outer loop
      vertex 21.7794 7.39311 75
      vertex 19.9215 7.25083 75
      vertex 19.9571 7.01944 75
    endloop
  endfacet
  facet normal 0 0 1
    outer loop
      vertex 17.9375 8.84577 75
      vertex 20.6281 10.1726 75
      vertex 19.9186 11.5 75
    endloop
  endfacet
  facet normal 0 0 1
    outer loop
      vertex 21.2492 8.80172 75
      vertex 19.8 7.45097 75
      vertex 19.9215 7.25083 75
    endloop
  endfacet
  facet normal 0 0 1
    outer loop
      vertex 21.2492 8.80172 75
      vertex 19.6112 7.5894 75
      vertex 19.8 7.45097 75
    endloop
  endfacet
  facet normal 0 0 1
    outer loop
      vertex 20.6281 10.1726 75
      vertex 19.3838 7.64504 75
      vertex 19.6112 7.5894 75
    endloop
  endfacet
  facet normal 0 0 1
    outer loop
      vertex 20.6281 10.1726 75
      vertex 17.9375 8.84577 75
      vertex 19.3838 7.64504 75
    endloop
  endfacet
  facet normal 0 0 1
    outer loop
      vertex 17.3205 10 75
      vertex 19.9186 11.5 75
      vertex 19.1238 12.7781 75
    endloop
  endfacet
  facet normal 0 0 1
    outer loop
      vertex 19.3838 7.64504 75
      vertex 17.9375 8.84577 75
      vertex 19.1525 7.60943 75
    endloop
  endfacet
  facet normal -0 -0 1
    outer loop
      vertex 18.4776 7.65367 75
      vertex 19.1525 7.60943 75
      vertex 17.9375 8.84577 75
    endloop
  endfacet
  facet normal 0 0 1
    outer loop
      vertex 19.1525 7.60943 75
      vertex 18.4776 7.65367 75
      vertex 18.9523 7.48798 75
    endloop
  endfacet
  facet normal 0 0 1
    outer loop
      vertex 18.8139 7.29919 75
      vertex 18.4776 7.65367 75
      vertex 18.7582 7.07179 75
    endloop
  endfacet
  facet normal 0 0 1
    outer loop
      vertex 16.6294 11.1114 75
      vertex 19.1238 12.7781 75
      vertex 18.2471 14.0015 75
    endloop
  endfacet
  facet normal 0 0 1
    outer loop
      vertex 18.9523 7.48798 75
      vertex 18.4776 7.65367 75
      vertex 18.8139 7.29919 75
    endloop
  endfacet
  facet normal 0 0 1
    outer loop
      vertex 19.9186 11.5 75
      vertex 17.3205 10 75
      vertex 17.9375 8.84577 75
    endloop
  endfacet
  facet normal 0 0 1
    outer loop
      vertex 15.8671 12.1752 75
      vertex 18.2471 14.0015 75
      vertex 17.2923 15.165 75
    endloop
  endfacet
  facet normal 0 0 1
    outer loop
      vertex 19.1238 12.7781 75
      vertex 16.6294 11.1114 75
      vertex 17.3205 10 75
    endloop
  endfacet
  facet normal 0 0 1
    outer loop
      vertex 15.0368 13.1869 75
      vertex 17.2923 15.165 75
      vertex 16.2635 16.2635 75
    endloop
  endfacet
  facet normal 0 0 1
    outer loop
      vertex 18.2471 14.0015 75
      vertex 15.8671 12.1752 75
      vertex 16.6294 11.1114 75
    endloop
  endfacet
  facet normal 0 0 1
    outer loop
      vertex 14.1421 14.1421 75
      vertex 16.2635 16.2635 75
      vertex 15.165 17.2923 75
    endloop
  endfacet
  facet normal 0 0 1
    outer loop
      vertex 17.2923 15.165 75
      vertex 15.0368 13.1869 75
      vertex 15.8671 12.1752 75
    endloop
  endfacet
  facet normal 0 0 1
    outer loop
      vertex 16.2635 16.2635 75
      vertex 14.1421 14.1421 75
      vertex 15.0368 13.1869 75
    endloop
  endfacet
  facet normal 0 0 1
    outer loop
      vertex 13.1869 15.0368 75
      vertex 15.165 17.2923 75
      vertex 14.0015 18.2471 75
    endloop
  endfacet
  facet normal 0 0 1
    outer loop
      vertex 15.165 17.2923 75
      vertex 13.1869 15.0368 75
      vertex 14.1421 14.1421 75
    endloop
  endfacet
  facet normal 0 0 1
    outer loop
      vertex 12.1752 15.8671 75
      vertex 14.0015 18.2471 75
      vertex 12.7781 19.1238 75
    endloop
  endfacet
  facet normal 0 0 1
    outer loop
      vertex 14.0015 18.2471 75
      vertex 12.1752 15.8671 75
      vertex 13.1869 15.0368 75
    endloop
  endfacet
  facet normal 0 0 1
    outer loop
      vertex 11.1114 16.6294 75
      vertex 12.7781 19.1238 75
      vertex 11.5 19.9186 75
    endloop
  endfacet
  facet normal 0 0 1
    outer loop
      vertex 12.7781 19.1238 75
      vertex 11.1114 16.6294 75
      vertex 12.1752 15.8671 75
    endloop
  endfacet
  facet normal 0 0 1
    outer loop
      vertex 10 17.3205 75
      vertex 11.5 19.9186 75
      vertex 10.1726 20.6281 75
    endloop
  endfacet
  facet normal 0 0 1
    outer loop
      vertex 11.5 19.9186 75
      vertex 10 17.3205 75
      vertex 11.1114 16.6294 75
    endloop
  endfacet
  facet normal 0 0 1
    outer loop
      vertex 10.1726 20.6281 75
      vertex 8.84577 17.9375 75
      vertex 10 17.3205 75
    endloop
  endfacet
  facet normal 0 0 1
    outer loop
      vertex 8.80172 21.2492 75
      vertex 8.84577 17.9375 75
      vertex 10.1726 20.6281 75
    endloop
  endfacet
  facet normal 0 0 1
    outer loop
      vertex 8.80172 21.2492 75
      vertex 7.65367 18.4776 75
      vertex 8.84577 17.9375 75
    endloop
  endfacet
  facet normal 0 0 1
    outer loop
      vertex 7.39311 21.7794 75
      vertex 7.65367 18.4776 75
      vertex 8.80172 21.2492 75
    endloop
  endfacet
  facet normal 0 0 1
    outer loop
      vertex 7.39311 21.7794 75
      vertex 6.42879 18.9386 75
      vertex 7.65367 18.4776 75
    endloop
  endfacet
  facet normal 0 0 1
    outer loop
      vertex 5.95284 22.2163 75
      vertex 6.42879 18.9386 75
      vertex 7.39311 21.7794 75
    endloop
  endfacet
  facet normal 0 0 1
    outer loop
      vertex 5.95284 22.2163 75
      vertex 5.17638 19.3185 75
      vertex 6.42879 18.9386 75
    endloop
  endfacet
  facet normal 0 0 1
    outer loop
      vertex 4.48708 22.5581 75
      vertex 5.17638 19.3185 75
      vertex 5.95284 22.2163 75
    endloop
  endfacet
  facet normal 0 0 1
    outer loop
      vertex 4.48708 22.5581 75
      vertex 3.90181 19.6157 75
      vertex 5.17638 19.3185 75
    endloop
  endfacet
  facet normal 0 0 1
    outer loop
      vertex 3.0021 22.8032 75
      vertex 3.90181 19.6157 75
      vertex 4.48708 22.5581 75
    endloop
  endfacet
  facet normal 0 0 1
    outer loop
      vertex 3.0021 22.8032 75
      vertex 2.61052 19.8289 75
      vertex 3.90181 19.6157 75
    endloop
  endfacet
  facet normal 0 0 1
    outer loop
      vertex 1.50427 22.9508 75
      vertex 2.61052 19.8289 75
      vertex 3.0021 22.8032 75
    endloop
  endfacet
  facet normal 0 0 1
    outer loop
      vertex 1.50427 22.9508 75
      vertex 1.30806 19.9572 75
      vertex 2.61052 19.8289 75
    endloop
  endfacet
  facet normal 0 0 1
    outer loop
      vertex 0 23 75
      vertex 1.30806 19.9572 75
      vertex 1.50427 22.9508 75
    endloop
  endfacet
  facet normal 0 0 1
    outer loop
      vertex 0 23 75
      vertex 0 20 75
      vertex 1.30806 19.9572 75
    endloop
  endfacet
  facet normal 0 0 1
    outer loop
      vertex 0 23 75
      vertex -1.30806 19.9572 75
      vertex 0 20 75
    endloop
  endfacet
  facet normal -0 0 1
    outer loop
      vertex -1.50427 22.9508 75
      vertex -1.30806 19.9572 75
      vertex 0 23 75
    endloop
  endfacet
  facet normal 0 0 1
    outer loop
      vertex -1.50427 22.9508 75
      vertex -2.61052 19.8289 75
      vertex -1.30806 19.9572 75
    endloop
  endfacet
  facet normal -0 0 1
    outer loop
      vertex -3.0021 22.8032 75
      vertex -2.61052 19.8289 75
      vertex -1.50427 22.9508 75
    endloop
  endfacet
  facet normal 0 0 1
    outer loop
      vertex -3.0021 22.8032 75
      vertex -3.90181 19.6157 75
      vertex -2.61052 19.8289 75
    endloop
  endfacet
  facet normal -0 0 1
    outer loop
      vertex -4.48708 22.5581 75
      vertex -3.90181 19.6157 75
      vertex -3.0021 22.8032 75
    endloop
  endfacet
  facet normal 0 0 1
    outer loop
      vertex -4.48708 22.5581 75
      vertex -5.17638 19.3185 75
      vertex -3.90181 19.6157 75
    endloop
  endfacet
  facet normal -0 0 1
    outer loop
      vertex -5.95284 22.2163 75
      vertex -5.17638 19.3185 75
      vertex -4.48708 22.5581 75
    endloop
  endfacet
  facet normal 0 0 1
    outer loop
      vertex -5.95284 22.2163 75
      vertex -6.42879 18.9386 75
      vertex -5.17638 19.3185 75
    endloop
  endfacet
  facet normal -0 0 1
    outer loop
      vertex -7.39311 21.7794 75
      vertex -6.42879 18.9386 75
      vertex -5.95284 22.2163 75
    endloop
  endfacet
  facet normal 0 0 1
    outer loop
      vertex -7.39311 21.7794 75
      vertex -7.65367 18.4776 75
      vertex -6.42879 18.9386 75
    endloop
  endfacet
  facet normal -0 0 1
    outer loop
      vertex -8.80172 21.2492 75
      vertex -7.65367 18.4776 75
      vertex -7.39311 21.7794 75
    endloop
  endfacet
  facet normal 0 0 1
    outer loop
      vertex -8.80172 21.2492 75
      vertex -8.84577 17.9375 75
      vertex -7.65367 18.4776 75
    endloop
  endfacet
  facet normal -0 0 1
    outer loop
      vertex -10.1726 20.6281 75
      vertex -8.84577 17.9375 75
      vertex -8.80172 21.2492 75
    endloop
  endfacet
  facet normal 0 0 1
    outer loop
      vertex -8.84577 17.9375 75
      vertex -10.1726 20.6281 75
      vertex -10 17.3205 75
    endloop
  endfacet
  facet normal -0 0 1
    outer loop
      vertex -11.5 19.9186 75
      vertex -10 17.3205 75
      vertex -10.1726 20.6281 75
    endloop
  endfacet
  facet normal 0 0 1
    outer loop
      vertex -10 17.3205 75
      vertex -11.5 19.9186 75
      vertex -11.1114 16.6294 75
    endloop
  endfacet
  facet normal -0 0 1
    outer loop
      vertex -12.7781 19.1238 75
      vertex -11.1114 16.6294 75
      vertex -11.5 19.9186 75
    endloop
  endfacet
  facet normal 0 0 1
    outer loop
      vertex -11.1114 16.6294 75
      vertex -12.7781 19.1238 75
      vertex -12.1752 15.8671 75
    endloop
  endfacet
  facet normal -0 0 1
    outer loop
      vertex -14.0015 18.2471 75
      vertex -12.1752 15.8671 75
      vertex -12.7781 19.1238 75
    endloop
  endfacet
  facet normal 0 0 1
    outer loop
      vertex -12.1752 15.8671 75
      vertex -14.0015 18.2471 75
      vertex -13.1869 15.0368 75
    endloop
  endfacet
  facet normal -0 0 1
    outer loop
      vertex -15.165 17.2923 75
      vertex -13.1869 15.0368 75
      vertex -14.0015 18.2471 75
    endloop
  endfacet
  facet normal 0 0 1
    outer loop
      vertex -13.1869 15.0368 75
      vertex -15.165 17.2923 75
      vertex -14.1421 14.1421 75
    endloop
  endfacet
  facet normal -0 0 1
    outer loop
      vertex -16.2635 16.2635 75
      vertex -14.1421 14.1421 75
      vertex -15.165 17.2923 75
    endloop
  endfacet
  facet normal 0 0 1
    outer loop
      vertex -14.1421 14.1421 75
      vertex -16.2635 16.2635 75
      vertex -15.0368 13.1869 75
    endloop
  endfacet
  facet normal -0 0 1
    outer loop
      vertex -17.2923 15.165 75
      vertex -15.0368 13.1869 75
      vertex -16.2635 16.2635 75
    endloop
  endfacet
  facet normal 0 0 1
    outer loop
      vertex -15.0368 13.1869 75
      vertex -17.2923 15.165 75
      vertex -15.8671 12.1752 75
    endloop
  endfacet
  facet normal -0 0 1
    outer loop
      vertex -18.2471 14.0015 75
      vertex -15.8671 12.1752 75
      vertex -17.2923 15.165 75
    endloop
  endfacet
  facet normal 0 0 1
    outer loop
      vertex -15.8671 12.1752 75
      vertex -18.2471 14.0015 75
      vertex -16.6294 11.1114 75
    endloop
  endfacet
  facet normal -0 0 1
    outer loop
      vertex -19.1238 12.7781 75
      vertex -16.6294 11.1114 75
      vertex -18.2471 14.0015 75
    endloop
  endfacet
  facet normal 0 0 1
    outer loop
      vertex -16.6294 11.1114 75
      vertex -19.1238 12.7781 75
      vertex -17.3205 10 75
    endloop
  endfacet
  facet normal -0 0 1
    outer loop
      vertex -19.9186 11.5 75
      vertex -17.3205 10 75
      vertex -19.1238 12.7781 75
    endloop
  endfacet
  facet normal 0 0 1
    outer loop
      vertex -17.3205 10 75
      vertex -19.9186 11.5 75
      vertex -17.9375 8.84577 75
    endloop
  endfacet
  facet normal -0 0 1
    outer loop
      vertex -20.6281 10.1726 75
      vertex -17.9375 8.84577 75
      vertex -19.9186 11.5 75
    endloop
  endfacet
  facet normal 0 0 1
    outer loop
      vertex -17.9375 8.84577 75
      vertex -20.6281 10.1726 75
      vertex -18.4776 7.65367 75
    endloop
  endfacet
  facet normal -0 0 1
    outer loop
      vertex -21.2492 8.80172 75
      vertex -18.4776 7.65367 75
      vertex -20.6281 10.1726 75
    endloop
  endfacet
  facet normal 0 0 1
    outer loop
      vertex -18.4776 7.65367 75
      vertex -21.2492 8.80172 75
      vertex -18.9386 6.42879 75
    endloop
  endfacet
  facet normal -0 0 1
    outer loop
      vertex -21.7794 7.39311 75
      vertex -18.9386 6.42879 75
      vertex -21.2492 8.80172 75
    endloop
  endfacet
  facet normal 0 0 1
    outer loop
      vertex -18.9386 6.42879 75
      vertex -21.7794 7.39311 75
      vertex -19.3185 5.17638 75
    endloop
  endfacet
  facet normal -0 0 1
    outer loop
      vertex -22.2163 5.95284 75
      vertex -19.3185 5.17638 75
      vertex -21.7794 7.39311 75
    endloop
  endfacet
  facet normal 0 0 1
    outer loop
      vertex -19.3185 5.17638 75
      vertex -22.2163 5.95284 75
      vertex -19.6157 3.90181 75
    endloop
  endfacet
  facet normal -0 0 1
    outer loop
      vertex 19.6157 -3.90181 75
      vertex 22.5581 -4.48708 75
      vertex 19.8289 -2.61052 75
    endloop
  endfacet
  facet normal 0 0 1
    outer loop
      vertex 22.5581 -4.48708 75
      vertex 19.6157 -3.90181 75
      vertex 22.2163 -5.95284 75
    endloop
  endfacet
  facet normal 0 0 1
    outer loop
      vertex 22.8032 -3.0021 75
      vertex 19.8289 -2.61052 75
      vertex 22.5581 -4.48708 75
    endloop
  endfacet
  facet normal 0 0 1
    outer loop
      vertex 22.2163 -5.95284 75
      vertex 19.3185 -5.17638 75
      vertex 21.7794 -7.39311 75
    endloop
  endfacet
  facet normal 0 0 1
    outer loop
      vertex 19.9572 -1.30806 75
      vertex 20.8296 -0.554327 75
      vertex 20.6 -0.599999 75
    endloop
  endfacet
  facet normal 0 0 1
    outer loop
      vertex 19.9572 -1.30806 75
      vertex 20.6 -0.599999 75
      vertex 20.3704 -0.554327 75
    endloop
  endfacet
  facet normal 0 0 1
    outer loop
      vertex 19.9572 -1.30806 75
      vertex 20.3704 -0.554327 75
      vertex 20.1757 -0.424264 75
    endloop
  endfacet
  facet normal 0 0 1
    outer loop
      vertex 19.9572 -1.30806 75
      vertex 20.1757 -0.424264 75
      vertex 20.0457 -0.229609 75
    endloop
  endfacet
  facet normal 0 0 1
    outer loop
      vertex 19.9572 -1.30806 75
      vertex 20.0457 -0.229609 75
      vertex 20 0 75
    endloop
  endfacet
  facet normal 0 0 1
    outer loop
      vertex 20.8296 -0.554327 75
      vertex 19.9572 -1.30806 75
      vertex 19.8289 -2.61052 75
    endloop
  endfacet
  facet normal -0 0 1
    outer loop
      vertex 19.3185 -5.17638 75
      vertex 22.2163 -5.95284 75
      vertex 19.6157 -3.90181 75
    endloop
  endfacet
  facet normal -0 0 1
    outer loop
      vertex 18.9386 -6.42879 75
      vertex 21.7794 -7.39311 75
      vertex 19.3185 -5.17638 75
    endloop
  endfacet
  facet normal 0 0 1
    outer loop
      vertex 21.7794 -7.39311 75
      vertex 18.9386 -6.42879 75
      vertex 21.2492 -8.80172 75
    endloop
  endfacet
  facet normal -0 0 1
    outer loop
      vertex 18.4776 -7.65367 75
      vertex 21.2492 -8.80172 75
      vertex 18.9386 -6.42879 75
    endloop
  endfacet
  facet normal 0 0 1
    outer loop
      vertex 21.2492 -8.80172 75
      vertex 18.4776 -7.65367 75
      vertex 20.6281 -10.1726 75
    endloop
  endfacet
  facet normal -0 0 1
    outer loop
      vertex 17.9375 -8.84577 75
      vertex 20.6281 -10.1726 75
      vertex 18.4776 -7.65367 75
    endloop
  endfacet
  facet normal 0 0 1
    outer loop
      vertex 20.6281 -10.1726 75
      vertex 17.9375 -8.84577 75
      vertex 19.9186 -11.5 75
    endloop
  endfacet
  facet normal -0 0 1
    outer loop
      vertex 17.3205 -10 75
      vertex 19.9186 -11.5 75
      vertex 17.9375 -8.84577 75
    endloop
  endfacet
  facet normal 0 0 1
    outer loop
      vertex 19.9186 -11.5 75
      vertex 17.3205 -10 75
      vertex 19.1238 -12.7781 75
    endloop
  endfacet
  facet normal -0 0 1
    outer loop
      vertex 16.6294 -11.1114 75
      vertex 19.1238 -12.7781 75
      vertex 17.3205 -10 75
    endloop
  endfacet
  facet normal 0 0 1
    outer loop
      vertex 19.1238 -12.7781 75
      vertex 16.6294 -11.1114 75
      vertex 18.2471 -14.0015 75
    endloop
  endfacet
  facet normal -0 0 1
    outer loop
      vertex 15.8671 -12.1752 75
      vertex 18.2471 -14.0015 75
      vertex 16.6294 -11.1114 75
    endloop
  endfacet
  facet normal 0 0 1
    outer loop
      vertex 18.2471 -14.0015 75
      vertex 15.8671 -12.1752 75
      vertex 17.2923 -15.165 75
    endloop
  endfacet
  facet normal -0 0 1
    outer loop
      vertex 15.0368 -13.1869 75
      vertex 17.2923 -15.165 75
      vertex 15.8671 -12.1752 75
    endloop
  endfacet
  facet normal 0 0 1
    outer loop
      vertex 17.2923 -15.165 75
      vertex 15.0368 -13.1869 75
      vertex 16.2635 -16.2635 75
    endloop
  endfacet
  facet normal -0 0 1
    outer loop
      vertex 14.1421 -14.1421 75
      vertex 16.2635 -16.2635 75
      vertex 15.0368 -13.1869 75
    endloop
  endfacet
  facet normal 0 0 1
    outer loop
      vertex 16.2635 -16.2635 75
      vertex 14.1421 -14.1421 75
      vertex 15.165 -17.2923 75
    endloop
  endfacet
  facet normal -0 0 1
    outer loop
      vertex 13.1869 -15.0368 75
      vertex 15.165 -17.2923 75
      vertex 14.1421 -14.1421 75
    endloop
  endfacet
  facet normal 0 0 1
    outer loop
      vertex 15.165 -17.2923 75
      vertex 13.1869 -15.0368 75
      vertex 14.0015 -18.2471 75
    endloop
  endfacet
  facet normal -0 0 1
    outer loop
      vertex 12.1752 -15.8671 75
      vertex 14.0015 -18.2471 75
      vertex 13.1869 -15.0368 75
    endloop
  endfacet
  facet normal 0 0 1
    outer loop
      vertex 14.0015 -18.2471 75
      vertex 12.1752 -15.8671 75
      vertex 12.7781 -19.1238 75
    endloop
  endfacet
  facet normal -0 0 1
    outer loop
      vertex 11.1114 -16.6294 75
      vertex 12.7781 -19.1238 75
      vertex 12.1752 -15.8671 75
    endloop
  endfacet
  facet normal 0 0 1
    outer loop
      vertex 12.7781 -19.1238 75
      vertex 11.1114 -16.6294 75
      vertex 11.5 -19.9186 75
    endloop
  endfacet
  facet normal -0 0 1
    outer loop
      vertex 10 -17.3205 75
      vertex 11.5 -19.9186 75
      vertex 11.1114 -16.6294 75
    endloop
  endfacet
  facet normal 0 0 1
    outer loop
      vertex 11.5 -19.9186 75
      vertex 10 -17.3205 75
      vertex 10.1726 -20.6281 75
    endloop
  endfacet
  facet normal -0 0 1
    outer loop
      vertex 8.84577 -17.9375 75
      vertex 10.1726 -20.6281 75
      vertex 10 -17.3205 75
    endloop
  endfacet
  facet normal 0 0 1
    outer loop
      vertex 8.84577 -17.9375 75
      vertex 8.80172 -21.2492 75
      vertex 10.1726 -20.6281 75
    endloop
  endfacet
  facet normal -0 0 1
    outer loop
      vertex 7.65367 -18.4776 75
      vertex 8.80172 -21.2492 75
      vertex 8.84577 -17.9375 75
    endloop
  endfacet
  facet normal 0 0 1
    outer loop
      vertex 7.65367 -18.4776 75
      vertex 7.39311 -21.7794 75
      vertex 8.80172 -21.2492 75
    endloop
  endfacet
  facet normal -0 0 1
    outer loop
      vertex 6.42879 -18.9386 75
      vertex 7.39311 -21.7794 75
      vertex 7.65367 -18.4776 75
    endloop
  endfacet
  facet normal 0 0 1
    outer loop
      vertex 6.42879 -18.9386 75
      vertex 5.95284 -22.2163 75
      vertex 7.39311 -21.7794 75
    endloop
  endfacet
  facet normal -0 0 1
    outer loop
      vertex 5.17638 -19.3185 75
      vertex 5.95284 -22.2163 75
      vertex 6.42879 -18.9386 75
    endloop
  endfacet
  facet normal 0 0 1
    outer loop
      vertex 5.17638 -19.3185 75
      vertex 4.48708 -22.5581 75
      vertex 5.95284 -22.2163 75
    endloop
  endfacet
  facet normal -0 0 1
    outer loop
      vertex 3.90181 -19.6157 75
      vertex 4.48708 -22.5581 75
      vertex 5.17638 -19.3185 75
    endloop
  endfacet
  facet normal 0 0 1
    outer loop
      vertex 3.90181 -19.6157 75
      vertex 3.0021 -22.8032 75
      vertex 4.48708 -22.5581 75
    endloop
  endfacet
  facet normal -0 0 1
    outer loop
      vertex 2.61052 -19.8289 75
      vertex 3.0021 -22.8032 75
      vertex 3.90181 -19.6157 75
    endloop
  endfacet
  facet normal 0 0 1
    outer loop
      vertex 2.61052 -19.8289 75
      vertex 1.50427 -22.9508 75
      vertex 3.0021 -22.8032 75
    endloop
  endfacet
  facet normal -0 0 1
    outer loop
      vertex 1.30806 -19.9572 75
      vertex 1.50427 -22.9508 75
      vertex 2.61052 -19.8289 75
    endloop
  endfacet
  facet normal -0 0 1
    outer loop
      vertex 0 -20 75
      vertex 1.50427 -22.9508 75
      vertex 1.30806 -19.9572 75
    endloop
  endfacet
  facet normal 0 0 1
    outer loop
      vertex 0 -20 75
      vertex 0 -23 75
      vertex 1.50427 -22.9508 75
    endloop
  endfacet
  facet normal 0 0 1
    outer loop
      vertex -1.30806 -19.9572 75
      vertex 0 -23 75
      vertex 0 -20 75
    endloop
  endfacet
  facet normal 0 0 1
    outer loop
      vertex -1.30806 -19.9572 75
      vertex -1.50427 -22.9508 75
      vertex 0 -23 75
    endloop
  endfacet
  facet normal 0 0 1
    outer loop
      vertex -2.61052 -19.8289 75
      vertex -1.50427 -22.9508 75
      vertex -1.30806 -19.9572 75
    endloop
  endfacet
  facet normal 0 0 1
    outer loop
      vertex -2.61052 -19.8289 75
      vertex -3.0021 -22.8032 75
      vertex -1.50427 -22.9508 75
    endloop
  endfacet
  facet normal 0 0 1
    outer loop
      vertex -3.90181 -19.6157 75
      vertex -3.0021 -22.8032 75
      vertex -2.61052 -19.8289 75
    endloop
  endfacet
  facet normal 0 0 1
    outer loop
      vertex -3.90181 -19.6157 75
      vertex -4.48708 -22.5581 75
      vertex -3.0021 -22.8032 75
    endloop
  endfacet
  facet normal 0 0 1
    outer loop
      vertex -5.17638 -19.3185 75
      vertex -4.48708 -22.5581 75
      vertex -3.90181 -19.6157 75
    endloop
  endfacet
  facet normal 0 0 1
    outer loop
      vertex -5.17638 -19.3185 75
      vertex -5.95284 -22.2163 75
      vertex -4.48708 -22.5581 75
    endloop
  endfacet
  facet normal 0 0 1
    outer loop
      vertex -6.42879 -18.9386 75
      vertex -5.95284 -22.2163 75
      vertex -5.17638 -19.3185 75
    endloop
  endfacet
  facet normal 0 0 1
    outer loop
      vertex -6.42879 -18.9386 75
      vertex -7.39311 -21.7794 75
      vertex -5.95284 -22.2163 75
    endloop
  endfacet
  facet normal 0 0 1
    outer loop
      vertex -7.65367 -18.4776 75
      vertex -7.39311 -21.7794 75
      vertex -6.42879 -18.9386 75
    endloop
  endfacet
  facet normal 0 0 1
    outer loop
      vertex -7.65367 -18.4776 75
      vertex -8.80172 -21.2492 75
      vertex -7.39311 -21.7794 75
    endloop
  endfacet
  facet normal 0 0 1
    outer loop
      vertex -8.84577 -17.9375 75
      vertex -8.80172 -21.2492 75
      vertex -7.65367 -18.4776 75
    endloop
  endfacet
  facet normal 0 0 1
    outer loop
      vertex -10.1726 -20.6281 75
      vertex -8.84577 -17.9375 75
      vertex -10 -17.3205 75
    endloop
  endfacet
  facet normal 0 0 1
    outer loop
      vertex -8.84577 -17.9375 75
      vertex -10.1726 -20.6281 75
      vertex -8.80172 -21.2492 75
    endloop
  endfacet
  facet normal 0 0 1
    outer loop
      vertex -11.5 -19.9186 75
      vertex -10 -17.3205 75
      vertex -11.1114 -16.6294 75
    endloop
  endfacet
  facet normal 0 0 1
    outer loop
      vertex -10 -17.3205 75
      vertex -11.5 -19.9186 75
      vertex -10.1726 -20.6281 75
    endloop
  endfacet
  facet normal 0 0 1
    outer loop
      vertex -12.7781 -19.1238 75
      vertex -11.1114 -16.6294 75
      vertex -12.1752 -15.8671 75
    endloop
  endfacet
  facet normal 0 0 1
    outer loop
      vertex -11.1114 -16.6294 75
      vertex -12.7781 -19.1238 75
      vertex -11.5 -19.9186 75
    endloop
  endfacet
  facet normal 0 0 1
    outer loop
      vertex -14.0015 -18.2471 75
      vertex -12.1752 -15.8671 75
      vertex -13.1869 -15.0368 75
    endloop
  endfacet
  facet normal 0 0 1
    outer loop
      vertex -12.1752 -15.8671 75
      vertex -14.0015 -18.2471 75
      vertex -12.7781 -19.1238 75
    endloop
  endfacet
  facet normal 0 0 1
    outer loop
      vertex -15.165 -17.2923 75
      vertex -13.1869 -15.0368 75
      vertex -14.1421 -14.1421 75
    endloop
  endfacet
  facet normal 0 0 1
    outer loop
      vertex -16.2635 -16.2635 75
      vertex -14.1421 -14.1421 75
      vertex -15.0368 -13.1869 75
    endloop
  endfacet
  facet normal 0 0 1
    outer loop
      vertex -13.1869 -15.0368 75
      vertex -15.165 -17.2923 75
      vertex -14.0015 -18.2471 75
    endloop
  endfacet
  facet normal 0 0 1
    outer loop
      vertex -17.2923 -15.165 75
      vertex -15.0368 -13.1869 75
      vertex -15.8671 -12.1752 75
    endloop
  endfacet
  facet normal 0 0 1
    outer loop
      vertex -14.1421 -14.1421 75
      vertex -16.2635 -16.2635 75
      vertex -15.165 -17.2923 75
    endloop
  endfacet
  facet normal 0 0 1
    outer loop
      vertex -18.2471 -14.0015 75
      vertex -15.8671 -12.1752 75
      vertex -16.6294 -11.1114 75
    endloop
  endfacet
  facet normal 0 0 1
    outer loop
      vertex -15.0368 -13.1869 75
      vertex -17.2923 -15.165 75
      vertex -16.2635 -16.2635 75
    endloop
  endfacet
  facet normal 0 0 1
    outer loop
      vertex -19.1238 -12.7781 75
      vertex -16.6294 -11.1114 75
      vertex -17.3205 -10 75
    endloop
  endfacet
  facet normal 0 0 1
    outer loop
      vertex -19.9186 -11.5 75
      vertex -17.3205 -10 75
      vertex -17.9375 -8.84577 75
    endloop
  endfacet
  facet normal 0 0 1
    outer loop
      vertex -15.8671 -12.1752 75
      vertex -18.2471 -14.0015 75
      vertex -17.2923 -15.165 75
    endloop
  endfacet
  facet normal 0 0 1
    outer loop
      vertex -20.6281 -10.1726 75
      vertex -17.9375 -8.84577 75
      vertex -18.4776 -7.65367 75
    endloop
  endfacet
  facet normal 0 0 1
    outer loop
      vertex -21.2492 -8.80172 75
      vertex -18.4776 -7.65367 75
      vertex -18.9386 -6.42879 75
    endloop
  endfacet
  facet normal 0 0 1
    outer loop
      vertex -16.6294 -11.1114 75
      vertex -19.1238 -12.7781 75
      vertex -18.2471 -14.0015 75
    endloop
  endfacet
  facet normal 0 0 1
    outer loop
      vertex -21.7794 -7.39311 75
      vertex -18.9386 -6.42879 75
      vertex -19.3185 -5.17638 75
    endloop
  endfacet
  facet normal 0 0 1
    outer loop
      vertex -22.2163 -5.95284 75
      vertex -19.3185 -5.17638 75
      vertex -19.6157 -3.90181 75
    endloop
  endfacet
  facet normal 0 0 1
    outer loop
      vertex -22.5581 -4.48708 75
      vertex -19.6157 -3.90181 75
      vertex -19.8289 -2.61052 75
    endloop
  endfacet
  facet normal 0 0 1
    outer loop
      vertex -17.3205 -10 75
      vertex -19.9186 -11.5 75
      vertex -19.1238 -12.7781 75
    endloop
  endfacet
  facet normal 0 0 1
    outer loop
      vertex -22.8032 -3.0021 75
      vertex -19.8289 -2.61052 75
      vertex -19.9572 -1.30806 75
    endloop
  endfacet
  facet normal 0 0 1
    outer loop
      vertex -22.9508 -1.50427 75
      vertex -19.9572 -1.30806 75
      vertex -20 0 75
    endloop
  endfacet
  facet normal -0 0 1
    outer loop
      vertex -22.5581 4.48708 75
      vertex -19.6157 3.90181 75
      vertex -22.2163 5.95284 75
    endloop
  endfacet
  facet normal 0 0 1
    outer loop
      vertex -17.9375 -8.84577 75
      vertex -20.6281 -10.1726 75
      vertex -19.9186 -11.5 75
    endloop
  endfacet
  facet normal 0 0 1
    outer loop
      vertex -19.6157 3.90181 75
      vertex -22.5581 4.48708 75
      vertex -19.8289 2.61052 75
    endloop
  endfacet
  facet normal 0 0 1
    outer loop
      vertex -18.4776 -7.65367 75
      vertex -21.2492 -8.80172 75
      vertex -20.6281 -10.1726 75
    endloop
  endfacet
  facet normal -0 0 1
    outer loop
      vertex -22.8032 3.0021 75
      vertex -19.8289 2.61052 75
      vertex -22.5581 4.48708 75
    endloop
  endfacet
  facet normal 0 0 1
    outer loop
      vertex -18.9386 -6.42879 75
      vertex -21.7794 -7.39311 75
      vertex -21.2492 -8.80172 75
    endloop
  endfacet
  facet normal 0 0 1
    outer loop
      vertex -19.8289 2.61052 75
      vertex -22.8032 3.0021 75
      vertex -19.9572 1.30806 75
    endloop
  endfacet
  facet normal 0 0 1
    outer loop
      vertex -19.3185 -5.17638 75
      vertex -22.2163 -5.95284 75
      vertex -21.7794 -7.39311 75
    endloop
  endfacet
  facet normal -0 0 1
    outer loop
      vertex -22.9508 1.50427 75
      vertex -19.9572 1.30806 75
      vertex -22.8032 3.0021 75
    endloop
  endfacet
  facet normal 0 0 1
    outer loop
      vertex -19.6157 -3.90181 75
      vertex -22.5581 -4.48708 75
      vertex -22.2163 -5.95284 75
    endloop
  endfacet
  facet normal 0 0 1
    outer loop
      vertex -19.9572 1.30806 75
      vertex -22.9508 1.50427 75
      vertex -20 0 75
    endloop
  endfacet
  facet normal 0 0 1
    outer loop
      vertex -19.8289 -2.61052 75
      vertex -22.8032 -3.0021 75
      vertex -22.5581 -4.48708 75
    endloop
  endfacet
  facet normal 0 0 1
    outer loop
      vertex -23 0 75
      vertex -20 0 75
      vertex -22.9508 1.50427 75
    endloop
  endfacet
  facet normal 0 0 1
    outer loop
      vertex -19.9572 -1.30806 75
      vertex -22.9508 -1.50427 75
      vertex -22.8032 -3.0021 75
    endloop
  endfacet
  facet normal 0 0 1
    outer loop
      vertex -20 0 75
      vertex -23 0 75
      vertex -22.9508 -1.50427 75
    endloop
  endfacet
  facet normal -0 -0 1
    outer loop
      vertex 19.9572 1.30806 75
      vertex 20.8296 0.554327 75
      vertex 19.8289 2.61052 75
    endloop
  endfacet
  facet normal 0 0 1
    outer loop
      vertex 20.3704 0.554327 75
      vertex 19.9572 1.30806 75
      vertex 20.1757 0.424264 75
    endloop
  endfacet
  facet normal 0 0 1
    outer loop
      vertex 22.2163 5.95284 75
      vertex 19.763 6.60325 75
      vertex 19.3185 5.17638 75
    endloop
  endfacet
  facet normal 0 0 1
    outer loop
      vertex 22.9508 1.50427 75
      vertex 20.8296 0.554327 75
      vertex 21.0243 0.424264 75
    endloop
  endfacet
  facet normal 0 0 1
    outer loop
      vertex 19.3185 5.17638 75
      vertex 19.763 6.60325 75
      vertex 19.5629 6.4818 75
    endloop
  endfacet
  facet normal 0 0 1
    outer loop
      vertex 19.3185 5.17638 75
      vertex 19.5629 6.4818 75
      vertex 19.3315 6.44619 75
    endloop
  endfacet
  facet normal 0 0 1
    outer loop
      vertex 22.2163 5.95284 75
      vertex 19.3185 5.17638 75
      vertex 19.6157 3.90181 75
    endloop
  endfacet
  facet normal 0 0 1
    outer loop
      vertex 18.9386 6.42879 75
      vertex 19.3315 6.44619 75
      vertex 19.1041 6.50183 75
    endloop
  endfacet
  facet normal 0 0 1
    outer loop
      vertex 19.3315 6.44619 75
      vertex 18.9386 6.42879 75
      vertex 19.3185 5.17638 75
    endloop
  endfacet
  facet normal 0 0 1
    outer loop
      vertex 18.9153 6.64026 75
      vertex 18.9386 6.42879 75
      vertex 19.1041 6.50183 75
    endloop
  endfacet
  facet normal 0 0 1
    outer loop
      vertex 18.7939 6.8404 75
      vertex 18.9386 6.42879 75
      vertex 18.9153 6.64026 75
    endloop
  endfacet
  facet normal 0 0 1
    outer loop
      vertex 18.7939 6.8404 75
      vertex 18.4776 7.65367 75
      vertex 18.9386 6.42879 75
    endloop
  endfacet
  facet normal 0 0 1
    outer loop
      vertex 18.4776 7.65367 75
      vertex 18.7939 6.8404 75
      vertex 18.7582 7.07179 75
    endloop
  endfacet
  facet normal -0.471392 0.881924 0
    outer loop
      vertex -10.1726 20.6281 69
      vertex -11.5 19.9186 75
      vertex -10.1726 20.6281 75
    endloop
  endfacet
  facet normal -0.471392 0.881924 0
    outer loop
      vertex -11.5 19.9186 75
      vertex -10.1726 20.6281 69
      vertex -11.5 19.9186 69
    endloop
  endfacet
  facet normal -0.412686 0.910873 0
    outer loop
      vertex -8.80172 21.2492 69
      vertex -10.1726 20.6281 75
      vertex -8.80172 21.2492 75
    endloop
  endfacet
  facet normal -0.412686 0.910873 0
    outer loop
      vertex -10.1726 20.6281 75
      vertex -8.80172 21.2492 69
      vertex -10.1726 20.6281 69
    endloop
  endfacet
  facet normal -0.63437 0.77303 0
    outer loop
      vertex -14.0015 18.2471 69
      vertex -15.165 17.2923 75
      vertex -14.0015 18.2471 75
    endloop
  endfacet
  facet normal -0.63437 0.77303 0
    outer loop
      vertex -15.165 17.2923 75
      vertex -14.0015 18.2471 69
      vertex -15.165 17.2923 69
    endloop
  endfacet
  facet normal -0.227097 0.973872 0
    outer loop
      vertex -4.48708 22.5581 69
      vertex -5.95284 22.2163 75
      vertex -4.48708 22.5581 75
    endloop
  endfacet
  facet normal -0.227097 0.973872 0
    outer loop
      vertex -5.95284 22.2163 75
      vertex -4.48708 22.5581 69
      vertex -5.95284 22.2163 69
    endloop
  endfacet
  facet normal -0.0326894 0.999466 0
    outer loop
      vertex 0 23 69
      vertex -1.50427 22.9508 75
      vertex 0 23 75
    endloop
  endfacet
  facet normal -0.0326894 0.999466 0
    outer loop
      vertex -1.50427 22.9508 75
      vertex 0 23 69
      vertex -1.50427 22.9508 69
    endloop
  endfacet
  facet normal 0.162849 -0.986651 0
    outer loop
      vertex 3.0021 -22.8032 69
      vertex 4.48708 -22.5581 75
      vertex 3.0021 -22.8032 75
    endloop
  endfacet
  facet normal 0.162849 -0.986651 0
    outer loop
      vertex 4.48708 -22.5581 75
      vertex 3.0021 -22.8032 69
      vertex 4.48708 -22.5581 69
    endloop
  endfacet
  facet normal 0.412686 -0.910873 0
    outer loop
      vertex 8.80172 -21.2492 69
      vertex 10.1726 -20.6281 75
      vertex 8.80172 -21.2492 75
    endloop
  endfacet
  facet normal 0.412686 -0.910873 0
    outer loop
      vertex 10.1726 -20.6281 75
      vertex 8.80172 -21.2492 69
      vertex 10.1726 -20.6281 69
    endloop
  endfacet
  facet normal 0.290284 -0.956941 0
    outer loop
      vertex 5.95284 -22.2163 69
      vertex 7.39311 -21.7794 75
      vertex 5.95284 -22.2163 75
    endloop
  endfacet
  facet normal 0.290284 -0.956941 0
    outer loop
      vertex 7.39311 -21.7794 75
      vertex 5.95284 -22.2163 69
      vertex 7.39311 -21.7794 69
    endloop
  endfacet
  facet normal 0.63437 -0.77303 0
    outer loop
      vertex 14.0015 -18.2471 69
      vertex 15.165 -17.2923 75
      vertex 14.0015 -18.2471 75
    endloop
  endfacet
  facet normal 0.63437 -0.77303 0
    outer loop
      vertex 15.165 -17.2923 75
      vertex 14.0015 -18.2471 69
      vertex 15.165 -17.2923 69
    endloop
  endfacet
  facet normal 0.729883 -0.683572 0
    outer loop
      vertex 16.2635 -16.2635 75
      vertex 17.2923 -15.165 69
      vertex 17.2923 -15.165 75
    endloop
  endfacet
  facet normal 0.729883 -0.683572 0
    outer loop
      vertex 17.2923 -15.165 69
      vertex 16.2635 -16.2635 75
      vertex 16.2635 -16.2635 69
    endloop
  endfacet
  facet normal 0.582488 -0.812839 0
    outer loop
      vertex 12.7781 -19.1238 69
      vertex 14.0015 -18.2471 75
      vertex 12.7781 -19.1238 75
    endloop
  endfacet
  facet normal 0.582488 -0.812839 0
    outer loop
      vertex 14.0015 -18.2471 75
      vertex 12.7781 -19.1238 69
      vertex 14.0015 -18.2471 69
    endloop
  endfacet
  facet normal 0.471392 -0.881924 0
    outer loop
      vertex 10.1726 -20.6281 69
      vertex 11.5 -19.9186 75
      vertex 10.1726 -20.6281 75
    endloop
  endfacet
  facet normal 0.471392 -0.881924 0
    outer loop
      vertex 11.5 -19.9186 75
      vertex 10.1726 -20.6281 69
      vertex 11.5 -19.9186 69
    endloop
  endfacet
  facet normal 0.812839 -0.582488 0
    outer loop
      vertex 18.2471 -14.0015 75
      vertex 19.1238 -12.7781 69
      vertex 19.1238 -12.7781 75
    endloop
  endfacet
  facet normal 0.812839 -0.582488 0
    outer loop
      vertex 19.1238 -12.7781 69
      vertex 18.2471 -14.0015 75
      vertex 18.2471 -14.0015 69
    endloop
  endfacet
  facet normal 0.77303 -0.63437 0
    outer loop
      vertex 17.2923 -15.165 75
      vertex 18.2471 -14.0015 69
      vertex 18.2471 -14.0015 75
    endloop
  endfacet
  facet normal 0.77303 -0.63437 0
    outer loop
      vertex 18.2471 -14.0015 69
      vertex 17.2923 -15.165 75
      vertex 17.2923 -15.165 69
    endloop
  endfacet
  facet normal 0.935898 -0.352271 0
    outer loop
      vertex 21.2492 -8.80172 75
      vertex 21.7794 -7.39311 69
      vertex 21.7794 -7.39311 75
    endloop
  endfacet
  facet normal 0.935898 -0.352271 0
    outer loop
      vertex 21.7794 -7.39311 69
      vertex 21.2492 -8.80172 75
      vertex 21.2492 -8.80172 69
    endloop
  endfacet
  facet normal 0.881924 -0.471392 0
    outer loop
      vertex 19.9186 -11.5 75
      vertex 20.6281 -10.1726 69
      vertex 20.6281 -10.1726 75
    endloop
  endfacet
  facet normal 0.881924 -0.471392 0
    outer loop
      vertex 20.6281 -10.1726 69
      vertex 19.9186 -11.5 75
      vertex 19.9186 -11.5 69
    endloop
  endfacet
  facet normal -0.63437 -0.77303 0
    outer loop
      vertex -15.165 -17.2923 69
      vertex -14.0015 -18.2471 75
      vertex -15.165 -17.2923 75
    endloop
  endfacet
  facet normal -0.63437 -0.77303 -0
    outer loop
      vertex -14.0015 -18.2471 75
      vertex -15.165 -17.2923 69
      vertex -14.0015 -18.2471 69
    endloop
  endfacet
  facet normal -0.683572 -0.729883 0
    outer loop
      vertex -16.2635 -16.2635 69
      vertex -15.165 -17.2923 75
      vertex -16.2635 -16.2635 75
    endloop
  endfacet
  facet normal -0.683572 -0.729883 -0
    outer loop
      vertex -15.165 -17.2923 75
      vertex -16.2635 -16.2635 69
      vertex -15.165 -17.2923 69
    endloop
  endfacet
  facet normal -0.910873 -0.412686 0
    outer loop
      vertex -20.6281 -10.1726 69
      vertex -21.2492 -8.80172 75
      vertex -21.2492 -8.80172 69
    endloop
  endfacet
  facet normal -0.910873 -0.412686 0
    outer loop
      vertex -21.2492 -8.80172 75
      vertex -20.6281 -10.1726 69
      vertex -20.6281 -10.1726 75
    endloop
  endfacet
  facet normal -0.973872 -0.227097 0
    outer loop
      vertex -22.2163 -5.95284 69
      vertex -22.5581 -4.48708 75
      vertex -22.5581 -4.48708 69
    endloop
  endfacet
  facet normal -0.973872 -0.227097 0
    outer loop
      vertex -22.5581 -4.48708 75
      vertex -22.2163 -5.95284 69
      vertex -22.2163 -5.95284 75
    endloop
  endfacet
  facet normal -0.956941 -0.290284 0
    outer loop
      vertex -21.7794 -7.39311 69
      vertex -22.2163 -5.95284 75
      vertex -22.2163 -5.95284 69
    endloop
  endfacet
  facet normal -0.956941 -0.290284 0
    outer loop
      vertex -22.2163 -5.95284 75
      vertex -21.7794 -7.39311 69
      vertex -21.7794 -7.39311 75
    endloop
  endfacet
  facet normal -0.999466 -0.0326894 0
    outer loop
      vertex -22.9508 -1.50427 69
      vertex -23 0 75
      vertex -23 0 69
    endloop
  endfacet
  facet normal -0.999466 -0.0326894 0
    outer loop
      vertex -23 0 75
      vertex -22.9508 -1.50427 69
      vertex -22.9508 -1.50427 75
    endloop
  endfacet
  facet normal 0.973872 0.227097 0
    outer loop
      vertex 22.5581 4.48708 75
      vertex 22.2163 5.95284 69
      vertex 22.2163 5.95284 75
    endloop
  endfacet
  facet normal 0.973872 0.227097 0
    outer loop
      vertex 22.2163 5.95284 69
      vertex 22.5581 4.48708 75
      vertex 22.5581 4.48708 69
    endloop
  endfacet
  facet normal 0.0980676 0.99518 -0
    outer loop
      vertex 3.0021 22.8032 69
      vertex 1.50427 22.9508 75
      vertex 3.0021 22.8032 75
    endloop
  endfacet
  facet normal 0.0980676 0.99518 0
    outer loop
      vertex 1.50427 22.9508 75
      vertex 3.0021 22.8032 69
      vertex 1.50427 22.9508 69
    endloop
  endfacet
  facet normal -0.812839 0.582488 0
    outer loop
      vertex -19.1238 12.7781 69
      vertex -18.2471 14.0015 75
      vertex -18.2471 14.0015 69
    endloop
  endfacet
  facet normal -0.812839 0.582488 0
    outer loop
      vertex -18.2471 14.0015 75
      vertex -19.1238 12.7781 69
      vertex -19.1238 12.7781 75
    endloop
  endfacet
  facet normal -0.849194 0.52808 0
    outer loop
      vertex -19.9186 11.5 69
      vertex -19.1238 12.7781 75
      vertex -19.1238 12.7781 69
    endloop
  endfacet
  facet normal -0.849194 0.52808 0
    outer loop
      vertex -19.1238 12.7781 75
      vertex -19.9186 11.5 69
      vertex -19.9186 11.5 75
    endloop
  endfacet
  facet normal -0.881924 0.471392 0
    outer loop
      vertex -20.6281 10.1726 69
      vertex -19.9186 11.5 75
      vertex -19.9186 11.5 69
    endloop
  endfacet
  facet normal -0.881924 0.471392 0
    outer loop
      vertex -19.9186 11.5 75
      vertex -20.6281 10.1726 69
      vertex -20.6281 10.1726 75
    endloop
  endfacet
  facet normal -0.99518 0.0980676 0
    outer loop
      vertex -22.9508 1.50427 69
      vertex -22.8032 3.0021 75
      vertex -22.8032 3.0021 69
    endloop
  endfacet
  facet normal -0.99518 0.0980676 0
    outer loop
      vertex -22.8032 3.0021 75
      vertex -22.9508 1.50427 69
      vertex -22.9508 1.50427 75
    endloop
  endfacet
  facet normal -0.52808 0.849194 0
    outer loop
      vertex -11.5 19.9186 69
      vertex -12.7781 19.1238 75
      vertex -11.5 19.9186 75
    endloop
  endfacet
  facet normal -0.52808 0.849194 0
    outer loop
      vertex -12.7781 19.1238 75
      vertex -11.5 19.9186 69
      vertex -12.7781 19.1238 69
    endloop
  endfacet
  facet normal 0.999466 -0.0326894 0
    outer loop
      vertex 22.9508 -1.50427 75
      vertex 23 0 69
      vertex 23 0 75
    endloop
  endfacet
  facet normal 0.999466 -0.0326894 0
    outer loop
      vertex 23 0 69
      vertex 22.9508 -1.50427 75
      vertex 22.9508 -1.50427 69
    endloop
  endfacet
  facet normal 0.99518 -0.0980676 0
    outer loop
      vertex 22.8032 -3.0021 75
      vertex 22.9508 -1.50427 69
      vertex 22.9508 -1.50427 75
    endloop
  endfacet
  facet normal 0.99518 -0.0980676 0
    outer loop
      vertex 22.9508 -1.50427 69
      vertex 22.8032 -3.0021 75
      vertex 22.8032 -3.0021 69
    endloop
  endfacet
  facet normal 0.0326894 -0.999466 0
    outer loop
      vertex 0 -23 69
      vertex 1.50427 -22.9508 75
      vertex 0 -23 75
    endloop
  endfacet
  facet normal 0.0326894 -0.999466 0
    outer loop
      vertex 1.50427 -22.9508 75
      vertex 0 -23 69
      vertex 1.50427 -22.9508 69
    endloop
  endfacet
  facet normal 0.352271 -0.935898 0
    outer loop
      vertex 7.39311 -21.7794 69
      vertex 8.80172 -21.2492 75
      vertex 7.39311 -21.7794 75
    endloop
  endfacet
  facet normal 0.352271 -0.935898 0
    outer loop
      vertex 8.80172 -21.2492 75
      vertex 7.39311 -21.7794 69
      vertex 8.80172 -21.2492 69
    endloop
  endfacet
  facet normal 0.683572 -0.729883 0
    outer loop
      vertex 15.165 -17.2923 69
      vertex 16.2635 -16.2635 75
      vertex 15.165 -17.2923 75
    endloop
  endfacet
  facet normal 0.683572 -0.729883 0
    outer loop
      vertex 16.2635 -16.2635 75
      vertex 15.165 -17.2923 69
      vertex 16.2635 -16.2635 69
    endloop
  endfacet
  facet normal 0.52808 -0.849194 0
    outer loop
      vertex 11.5 -19.9186 69
      vertex 12.7781 -19.1238 75
      vertex 11.5 -19.9186 75
    endloop
  endfacet
  facet normal 0.52808 -0.849194 0
    outer loop
      vertex 12.7781 -19.1238 75
      vertex 11.5 -19.9186 69
      vertex 12.7781 -19.1238 69
    endloop
  endfacet
  facet normal 0.910873 -0.412686 0
    outer loop
      vertex 20.6281 -10.1726 75
      vertex 21.2492 -8.80172 69
      vertex 21.2492 -8.80172 75
    endloop
  endfacet
  facet normal 0.910873 -0.412686 0
    outer loop
      vertex 21.2492 -8.80172 69
      vertex 20.6281 -10.1726 75
      vertex 20.6281 -10.1726 69
    endloop
  endfacet
  facet normal 0.956941 -0.290284 0
    outer loop
      vertex 21.7794 -7.39311 75
      vertex 22.2163 -5.95284 69
      vertex 22.2163 -5.95284 75
    endloop
  endfacet
  facet normal 0.956941 -0.290284 0
    outer loop
      vertex 22.2163 -5.95284 69
      vertex 21.7794 -7.39311 75
      vertex 21.7794 -7.39311 69
    endloop
  endfacet
  facet normal -0.52808 -0.849194 0
    outer loop
      vertex -12.7781 -19.1238 69
      vertex -11.5 -19.9186 75
      vertex -12.7781 -19.1238 75
    endloop
  endfacet
  facet normal -0.52808 -0.849194 -0
    outer loop
      vertex -11.5 -19.9186 75
      vertex -12.7781 -19.1238 69
      vertex -11.5 -19.9186 69
    endloop
  endfacet
  facet normal -0.412686 -0.910873 0
    outer loop
      vertex -10.1726 -20.6281 69
      vertex -8.80172 -21.2492 75
      vertex -10.1726 -20.6281 75
    endloop
  endfacet
  facet normal -0.412686 -0.910873 -0
    outer loop
      vertex -8.80172 -21.2492 75
      vertex -10.1726 -20.6281 69
      vertex -8.80172 -21.2492 69
    endloop
  endfacet
  facet normal -0.471392 -0.881924 0
    outer loop
      vertex -11.5 -19.9186 69
      vertex -10.1726 -20.6281 75
      vertex -11.5 -19.9186 75
    endloop
  endfacet
  facet normal -0.471392 -0.881924 -0
    outer loop
      vertex -10.1726 -20.6281 75
      vertex -11.5 -19.9186 69
      vertex -10.1726 -20.6281 69
    endloop
  endfacet
  facet normal -0.227097 -0.973872 0
    outer loop
      vertex -5.95284 -22.2163 69
      vertex -4.48708 -22.5581 75
      vertex -5.95284 -22.2163 75
    endloop
  endfacet
  facet normal -0.227097 -0.973872 -0
    outer loop
      vertex -4.48708 -22.5581 75
      vertex -5.95284 -22.2163 69
      vertex -4.48708 -22.5581 69
    endloop
  endfacet
  facet normal -0.352271 -0.935898 0
    outer loop
      vertex -8.80172 -21.2492 69
      vertex -7.39311 -21.7794 75
      vertex -8.80172 -21.2492 75
    endloop
  endfacet
  facet normal -0.352271 -0.935898 -0
    outer loop
      vertex -7.39311 -21.7794 75
      vertex -8.80172 -21.2492 69
      vertex -7.39311 -21.7794 69
    endloop
  endfacet
  facet normal -0.290284 -0.956941 0
    outer loop
      vertex -7.39311 -21.7794 69
      vertex -5.95284 -22.2163 75
      vertex -7.39311 -21.7794 75
    endloop
  endfacet
  facet normal -0.290284 -0.956941 -0
    outer loop
      vertex -5.95284 -22.2163 75
      vertex -7.39311 -21.7794 69
      vertex -5.95284 -22.2163 69
    endloop
  endfacet
  facet normal -0.0980676 -0.99518 0
    outer loop
      vertex -3.0021 -22.8032 69
      vertex -1.50427 -22.9508 75
      vertex -3.0021 -22.8032 75
    endloop
  endfacet
  facet normal -0.0980676 -0.99518 -0
    outer loop
      vertex -1.50427 -22.9508 75
      vertex -3.0021 -22.8032 69
      vertex -1.50427 -22.9508 69
    endloop
  endfacet
  facet normal -0.162849 -0.986651 0
    outer loop
      vertex -4.48708 -22.5581 69
      vertex -3.0021 -22.8032 75
      vertex -4.48708 -22.5581 75
    endloop
  endfacet
  facet normal -0.162849 -0.986651 -0
    outer loop
      vertex -3.0021 -22.8032 75
      vertex -4.48708 -22.5581 69
      vertex -3.0021 -22.8032 69
    endloop
  endfacet
  facet normal -0.0326894 -0.999466 0
    outer loop
      vertex -1.50427 -22.9508 69
      vertex 0 -23 75
      vertex -1.50427 -22.9508 75
    endloop
  endfacet
  facet normal -0.0326894 -0.999466 -0
    outer loop
      vertex 0 -23 75
      vertex -1.50427 -22.9508 69
      vertex 0 -23 69
    endloop
  endfacet
  facet normal -0.881924 -0.471392 0
    outer loop
      vertex -19.9186 -11.5 69
      vertex -20.6281 -10.1726 75
      vertex -20.6281 -10.1726 69
    endloop
  endfacet
  facet normal -0.881924 -0.471392 0
    outer loop
      vertex -20.6281 -10.1726 75
      vertex -19.9186 -11.5 69
      vertex -19.9186 -11.5 75
    endloop
  endfacet
  facet normal -0.812839 -0.582488 0
    outer loop
      vertex -18.2471 -14.0015 69
      vertex -19.1238 -12.7781 75
      vertex -19.1238 -12.7781 69
    endloop
  endfacet
  facet normal -0.812839 -0.582488 0
    outer loop
      vertex -19.1238 -12.7781 75
      vertex -18.2471 -14.0015 69
      vertex -18.2471 -14.0015 75
    endloop
  endfacet
  facet normal -0.935898 -0.352271 0
    outer loop
      vertex -21.2492 -8.80172 69
      vertex -21.7794 -7.39311 75
      vertex -21.7794 -7.39311 69
    endloop
  endfacet
  facet normal -0.935898 -0.352271 0
    outer loop
      vertex -21.7794 -7.39311 75
      vertex -21.2492 -8.80172 69
      vertex -21.2492 -8.80172 75
    endloop
  endfacet
  facet normal -0.986651 -0.162849 0
    outer loop
      vertex -22.5581 -4.48708 69
      vertex -22.8032 -3.0021 75
      vertex -22.8032 -3.0021 69
    endloop
  endfacet
  facet normal -0.986651 -0.162849 0
    outer loop
      vertex -22.8032 -3.0021 75
      vertex -22.5581 -4.48708 69
      vertex -22.5581 -4.48708 75
    endloop
  endfacet
  facet normal 0.935898 0.352271 0
    outer loop
      vertex 21.7794 7.39311 75
      vertex 21.2492 8.80172 69
      vertex 21.2492 8.80172 75
    endloop
  endfacet
  facet normal 0.935898 0.352271 0
    outer loop
      vertex 21.2492 8.80172 69
      vertex 21.7794 7.39311 75
      vertex 21.7794 7.39311 69
    endloop
  endfacet
  facet normal 0.729883 0.683572 0
    outer loop
      vertex 17.2923 15.165 75
      vertex 16.2635 16.2635 69
      vertex 16.2635 16.2635 75
    endloop
  endfacet
  facet normal 0.729883 0.683572 0
    outer loop
      vertex 16.2635 16.2635 69
      vertex 17.2923 15.165 75
      vertex 17.2923 15.165 69
    endloop
  endfacet
  facet normal 0.849194 0.52808 0
    outer loop
      vertex 19.9186 11.5 75
      vertex 19.1238 12.7781 69
      vertex 19.1238 12.7781 75
    endloop
  endfacet
  facet normal 0.849194 0.52808 0
    outer loop
      vertex 19.1238 12.7781 69
      vertex 19.9186 11.5 75
      vertex 19.9186 11.5 69
    endloop
  endfacet
  facet normal 0.352271 0.935898 -0
    outer loop
      vertex 8.80172 21.2492 69
      vertex 7.39311 21.7794 75
      vertex 8.80172 21.2492 75
    endloop
  endfacet
  facet normal 0.352271 0.935898 0
    outer loop
      vertex 7.39311 21.7794 75
      vertex 8.80172 21.2492 69
      vertex 7.39311 21.7794 69
    endloop
  endfacet
  facet normal 0.162849 0.986651 -0
    outer loop
      vertex 4.48708 22.5581 69
      vertex 3.0021 22.8032 75
      vertex 4.48708 22.5581 75
    endloop
  endfacet
  facet normal 0.162849 0.986651 0
    outer loop
      vertex 3.0021 22.8032 75
      vertex 4.48708 22.5581 69
      vertex 3.0021 22.8032 69
    endloop
  endfacet
  facet normal 0.582488 0.812839 -0
    outer loop
      vertex 14.0015 18.2471 69
      vertex 12.7781 19.1238 75
      vertex 14.0015 18.2471 75
    endloop
  endfacet
  facet normal 0.582488 0.812839 0
    outer loop
      vertex 12.7781 19.1238 75
      vertex 14.0015 18.2471 69
      vertex 12.7781 19.1238 69
    endloop
  endfacet
  facet normal -0.935898 0.352271 0
    outer loop
      vertex -21.7794 7.39311 69
      vertex -21.2492 8.80172 75
      vertex -21.2492 8.80172 69
    endloop
  endfacet
  facet normal -0.935898 0.352271 0
    outer loop
      vertex -21.2492 8.80172 75
      vertex -21.7794 7.39311 69
      vertex -21.7794 7.39311 75
    endloop
  endfacet
  facet normal -0.986651 0.162849 0
    outer loop
      vertex -22.8032 3.0021 69
      vertex -22.5581 4.48708 75
      vertex -22.5581 4.48708 69
    endloop
  endfacet
  facet normal -0.986651 0.162849 0
    outer loop
      vertex -22.5581 4.48708 75
      vertex -22.8032 3.0021 69
      vertex -22.8032 3.0021 75
    endloop
  endfacet
  facet normal -0.582488 0.812839 0
    outer loop
      vertex -12.7781 19.1238 69
      vertex -14.0015 18.2471 75
      vertex -12.7781 19.1238 75
    endloop
  endfacet
  facet normal -0.582488 0.812839 0
    outer loop
      vertex -14.0015 18.2471 75
      vertex -12.7781 19.1238 69
      vertex -14.0015 18.2471 69
    endloop
  endfacet
  facet normal -0.290284 0.956941 0
    outer loop
      vertex -5.95284 22.2163 69
      vertex -7.39311 21.7794 75
      vertex -5.95284 22.2163 75
    endloop
  endfacet
  facet normal -0.290284 0.956941 0
    outer loop
      vertex -7.39311 21.7794 75
      vertex -5.95284 22.2163 69
      vertex -7.39311 21.7794 69
    endloop
  endfacet
  facet normal -0.0980676 0.99518 0
    outer loop
      vertex -1.50427 22.9508 69
      vertex -3.0021 22.8032 75
      vertex -1.50427 22.9508 75
    endloop
  endfacet
  facet normal -0.0980676 0.99518 0
    outer loop
      vertex -3.0021 22.8032 75
      vertex -1.50427 22.9508 69
      vertex -3.0021 22.8032 69
    endloop
  endfacet
  facet normal 0.0980676 -0.99518 0
    outer loop
      vertex 1.50427 -22.9508 69
      vertex 3.0021 -22.8032 75
      vertex 1.50427 -22.9508 75
    endloop
  endfacet
  facet normal 0.0980676 -0.99518 0
    outer loop
      vertex 3.0021 -22.8032 75
      vertex 1.50427 -22.9508 69
      vertex 3.0021 -22.8032 69
    endloop
  endfacet
  facet normal 0.227097 -0.973872 0
    outer loop
      vertex 4.48708 -22.5581 69
      vertex 5.95284 -22.2163 75
      vertex 4.48708 -22.5581 75
    endloop
  endfacet
  facet normal 0.227097 -0.973872 0
    outer loop
      vertex 5.95284 -22.2163 75
      vertex 4.48708 -22.5581 69
      vertex 5.95284 -22.2163 69
    endloop
  endfacet
  facet normal 0.849194 -0.52808 0
    outer loop
      vertex 19.1238 -12.7781 75
      vertex 19.9186 -11.5 69
      vertex 19.9186 -11.5 75
    endloop
  endfacet
  facet normal 0.849194 -0.52808 0
    outer loop
      vertex 19.9186 -11.5 69
      vertex 19.1238 -12.7781 75
      vertex 19.1238 -12.7781 69
    endloop
  endfacet
  facet normal 0.973872 -0.227097 0
    outer loop
      vertex 22.2163 -5.95284 75
      vertex 22.5581 -4.48708 69
      vertex 22.5581 -4.48708 75
    endloop
  endfacet
  facet normal 0.973872 -0.227097 0
    outer loop
      vertex 22.5581 -4.48708 69
      vertex 22.2163 -5.95284 75
      vertex 22.2163 -5.95284 69
    endloop
  endfacet
  facet normal -0.582488 -0.812839 0
    outer loop
      vertex -14.0015 -18.2471 69
      vertex -12.7781 -19.1238 75
      vertex -14.0015 -18.2471 75
    endloop
  endfacet
  facet normal -0.582488 -0.812839 -0
    outer loop
      vertex -12.7781 -19.1238 75
      vertex -14.0015 -18.2471 69
      vertex -12.7781 -19.1238 69
    endloop
  endfacet
  facet normal -0.849194 -0.52808 0
    outer loop
      vertex -19.1238 -12.7781 69
      vertex -19.9186 -11.5 75
      vertex -19.9186 -11.5 69
    endloop
  endfacet
  facet normal -0.849194 -0.52808 0
    outer loop
      vertex -19.9186 -11.5 75
      vertex -19.1238 -12.7781 69
      vertex -19.1238 -12.7781 75
    endloop
  endfacet
  facet normal -0.77303 -0.63437 0
    outer loop
      vertex -17.2923 -15.165 69
      vertex -18.2471 -14.0015 75
      vertex -18.2471 -14.0015 69
    endloop
  endfacet
  facet normal -0.77303 -0.63437 0
    outer loop
      vertex -18.2471 -14.0015 75
      vertex -17.2923 -15.165 69
      vertex -17.2923 -15.165 75
    endloop
  endfacet
  facet normal 0.986651 -0.162849 0
    outer loop
      vertex 22.5581 -4.48708 75
      vertex 22.8032 -3.0021 69
      vertex 22.8032 -3.0021 75
    endloop
  endfacet
  facet normal 0.986651 -0.162849 0
    outer loop
      vertex 22.8032 -3.0021 69
      vertex 22.5581 -4.48708 75
      vertex 22.5581 -4.48708 69
    endloop
  endfacet
  facet normal -0.980762 -0.195205 0
    outer loop
      vertex 21.2 0 67.2
      vertex 21.1543 0.229609 75
      vertex 21.1543 0.229609 67.1618
    endloop
  endfacet
  facet normal -0.980762 -0.195205 0
    outer loop
      vertex 21.1543 0.229609 75
      vertex 21.2 0 67.2
      vertex 21.2 0 75
    endloop
  endfacet
  facet normal 0.980762 0.195205 -0
    outer loop
      vertex 20.0457 -0.229609 66.0532
      vertex 20 0 75
      vertex 20.0457 -0.229609 75
    endloop
  endfacet
  facet normal 0.980762 0.195205 0
    outer loop
      vertex 20 0 75
      vertex 20.0457 -0.229609 66.0532
      vertex 20 0 66
    endloop
  endfacet
  facet normal 0.195097 -0.980784 0
    outer loop
      vertex 20.3704 0.554327 75
      vertex 20.6 0.599999 66.6196
      vertex 20.6 0.599999 75
    endloop
  endfacet
  facet normal 0.195097 -0.980784 0
    outer loop
      vertex 20.6 0.599999 66.6196
      vertex 20.3704 0.554327 75
      vertex 20.3704 0.554327 66.3885
    endloop
  endfacet
  facet normal -0.195097 0.980784 0
    outer loop
      vertex 20.8296 -0.554327 66.8478
      vertex 20.6 -0.599999 75
      vertex 20.8296 -0.554327 75
    endloop
  endfacet
  facet normal -0.195097 0.980784 0
    outer loop
      vertex 20.6 -0.599999 75
      vertex 20.8296 -0.554327 66.8478
      vertex 20.6 -0.599999 66.6196
    endloop
  endfacet
  facet normal -0.555478 -0.831532 0
    outer loop
      vertex 20.8296 0.554327 75
      vertex 21.0243 0.424264 67.0382
      vertex 21.0243 0.424264 75
    endloop
  endfacet
  facet normal -0.555597 -0.831451 -4.24124e-06
    outer loop
      vertex 20.8296 0.554327 75
      vertex 20.9412 0.479794 66.9569
      vertex 21.0243 0.424264 67.0382
    endloop
  endfacet
  facet normal -0.555386 -0.831593 0
    outer loop
      vertex 20.9412 0.479794 66.9569
      vertex 20.8296 0.554327 75
      vertex 20.8296 0.554327 66.8478
    endloop
  endfacet
  facet normal -0.831597 -0.55538 0
    outer loop
      vertex 21.1543 0.229609 67.1618
      vertex 21.0243 0.424264 75
      vertex 21.0243 0.424264 67.0382
    endloop
  endfacet
  facet normal -0.831597 -0.55538 0
    outer loop
      vertex 21.0243 0.424264 75
      vertex 21.1543 0.229609 67.1618
      vertex 21.1543 0.229609 75
    endloop
  endfacet
  facet normal -0.195097 -0.980784 0
    outer loop
      vertex 20.6 0.599999 75
      vertex 20.8296 0.554327 66.8478
      vertex 20.8296 0.554327 75
    endloop
  endfacet
  facet normal -0.195097 -0.980784 0
    outer loop
      vertex 20.8296 0.554327 66.8478
      vertex 20.6 0.599999 75
      vertex 20.6 0.599999 66.6196
    endloop
  endfacet
  facet normal 0.831597 -0.55538 0
    outer loop
      vertex 20.0457 0.229609 75
      vertex 20.1757 0.424264 66.1896
      vertex 20.1757 0.424264 75
    endloop
  endfacet
  facet normal 0.831597 -0.55538 0
    outer loop
      vertex 20.1757 0.424264 66.1896
      vertex 20.0457 0.229609 75
      vertex 20.0457 0.229609 66.0532
    endloop
  endfacet
  facet normal 0.980762 -0.195205 0
    outer loop
      vertex 20 0 75
      vertex 20.0457 0.229609 66.0532
      vertex 20.0457 0.229609 75
    endloop
  endfacet
  facet normal 0.980762 -0.195205 0
    outer loop
      vertex 20.0457 0.229609 66.0532
      vertex 20 0 75
      vertex 20 0 66
    endloop
  endfacet
  facet normal 0.555478 -0.831532 0
    outer loop
      vertex 20.1757 0.424264 75
      vertex 20.3704 0.554327 66.3885
      vertex 20.3704 0.554327 75
    endloop
  endfacet
  facet normal 0.555478 -0.831532 0
    outer loop
      vertex 20.3704 0.554327 66.3885
      vertex 20.1757 0.424264 75
      vertex 20.1757 0.424264 66.1896
    endloop
  endfacet
  facet normal -0.980762 0.195205 0
    outer loop
      vertex 21.1543 -0.229609 75
      vertex 21.2 0 67.2
      vertex 21.1543 -0.229609 67.1618
    endloop
  endfacet
  facet normal -0.980762 0.195205 0
    outer loop
      vertex 21.2 0 67.2
      vertex 21.1543 -0.229609 75
      vertex 21.2 0 75
    endloop
  endfacet
  facet normal -0.555478 0.831532 0
    outer loop
      vertex 21.0243 -0.424264 67.0382
      vertex 20.8296 -0.554327 75
      vertex 21.0243 -0.424264 75
    endloop
  endfacet
  facet normal -0.555597 0.831451 -4.24124e-06
    outer loop
      vertex 20.9412 -0.479794 66.9569
      vertex 20.8296 -0.554327 75
      vertex 21.0243 -0.424264 67.0382
    endloop
  endfacet
  facet normal -0.555386 0.831593 0
    outer loop
      vertex 20.8296 -0.554327 75
      vertex 20.9412 -0.479794 66.9569
      vertex 20.8296 -0.554327 66.8478
    endloop
  endfacet
  facet normal -0.831597 0.55538 0
    outer loop
      vertex 21.0243 -0.424264 75
      vertex 21.1543 -0.229609 67.1618
      vertex 21.0243 -0.424264 67.0382
    endloop
  endfacet
  facet normal -0.831597 0.55538 0
    outer loop
      vertex 21.1543 -0.229609 67.1618
      vertex 21.0243 -0.424264 75
      vertex 21.1543 -0.229609 75
    endloop
  endfacet
  facet normal 0.195097 0.980784 -0
    outer loop
      vertex 20.6 -0.599999 66.6196
      vertex 20.3704 -0.554327 75
      vertex 20.6 -0.599999 75
    endloop
  endfacet
  facet normal 0.195097 0.980784 0
    outer loop
      vertex 20.3704 -0.554327 75
      vertex 20.6 -0.599999 66.6196
      vertex 20.3704 -0.554327 66.3885
    endloop
  endfacet
  facet normal 0.555478 0.831532 -0
    outer loop
      vertex 20.3704 -0.554327 66.3885
      vertex 20.1757 -0.424264 75
      vertex 20.3704 -0.554327 75
    endloop
  endfacet
  facet normal 0.555478 0.831532 0
    outer loop
      vertex 20.1757 -0.424264 75
      vertex 20.3704 -0.554327 66.3885
      vertex 20.1757 -0.424264 66.1896
    endloop
  endfacet
  facet normal 0.831597 0.55538 -0
    outer loop
      vertex 20.1757 -0.424264 66.1896
      vertex 20.0457 -0.229609 75
      vertex 20.1757 -0.424264 75
    endloop
  endfacet
  facet normal 0.831597 0.55538 0
    outer loop
      vertex 20.0457 -0.229609 75
      vertex 20.1757 -0.424264 66.1896
      vertex 20.0457 -0.229609 66.0532
    endloop
  endfacet
  facet normal -0.854813 -0.518936 0
    outer loop
      vertex 19.9215 7.25083 67.2101
      vertex 19.8 7.45097 75
      vertex 19.8 7.45097 67.1669
    endloop
  endfacet
  facet normal -0.854813 -0.518936 0
    outer loop
      vertex 19.8 7.45097 75
      vertex 19.9215 7.25083 67.2101
      vertex 19.9215 7.25083 75
    endloop
  endfacet
  facet normal 0.152163 -0.988355 0
    outer loop
      vertex 19.1525 7.60943 75
      vertex 19.3838 7.64504 66.8456
      vertex 19.3838 7.64504 75
    endloop
  endfacet
  facet normal 0.152163 -0.988355 0
    outer loop
      vertex 19.3838 7.64504 66.8456
      vertex 19.1525 7.60943 75
      vertex 19.1525 7.60943 66.6164
    endloop
  endfacet
  facet normal -0.591299 -0.806453 0
    outer loop
      vertex 19.6112 7.5894 75
      vertex 19.8 7.45097 67.1669
      vertex 19.8 7.45097 75
    endloop
  endfacet
  facet normal -0.591294 -0.806456 1.81301e-07
    outer loop
      vertex 19.6112 7.5894 75
      vertex 19.6497 7.56117 67.065
      vertex 19.8 7.45097 67.1669
    endloop
  endfacet
  facet normal -0.591318 -0.806438 0
    outer loop
      vertex 19.6497 7.56117 67.065
      vertex 19.6112 7.5894 75
      vertex 19.6112 7.5894 67.0389
    endloop
  endfacet
  facet normal -0.518855 0.854862 0
    outer loop
      vertex 19.763 6.60325 66.84
      vertex 19.5629 6.4818 75
      vertex 19.763 6.60325 75
    endloop
  endfacet
  facet normal -0.518855 0.854862 0
    outer loop
      vertex 19.5629 6.4818 75
      vertex 19.763 6.60325 66.84
      vertex 19.5629 6.4818 66.6131
    endloop
  endfacet
  facet normal -0.237668 -0.971346 0
    outer loop
      vertex 19.3838 7.64504 75
      vertex 19.6112 7.5894 67.0389
      vertex 19.6112 7.5894 75
    endloop
  endfacet
  facet normal -0.237668 -0.971346 0
    outer loop
      vertex 19.6112 7.5894 67.0389
      vertex 19.3838 7.64504 75
      vertex 19.3838 7.64504 66.8456
    endloop
  endfacet
  facet normal 0.806499 -0.591236 0
    outer loop
      vertex 18.8139 7.29919 75
      vertex 18.9523 7.48798 66.3861
      vertex 18.9523 7.48798 75
    endloop
  endfacet
  facet normal 0.806499 -0.591236 0
    outer loop
      vertex 18.9523 7.48798 66.3861
      vertex 18.8139 7.29919 75
      vertex 18.8139 7.29919 66.19
    endloop
  endfacet
  facet normal 0.971287 -0.23791 0
    outer loop
      vertex 18.7582 7.07179 75
      vertex 18.8139 7.29919 66.19
      vertex 18.8139 7.29919 75
    endloop
  endfacet
  facet normal 0.971287 -0.23791 0
    outer loop
      vertex 18.8139 7.29919 66.19
      vertex 18.7582 7.07179 75
      vertex 18.7582 7.07179 66.0577
    endloop
  endfacet
  facet normal 0.518666 -0.854977 0
    outer loop
      vertex 18.9523 7.48798 75
      vertex 19.1525 7.60943 66.6164
      vertex 19.1525 7.60943 75
    endloop
  endfacet
  facet normal 0.517388 -0.855751 -4.17239e-05
    outer loop
      vertex 18.9523 7.48798 75
      vertex 19.1393 7.60145 66.6012
      vertex 19.1525 7.60943 66.6164
    endloop
  endfacet
  facet normal 0.518759 -0.854921 0
    outer loop
      vertex 19.1393 7.60145 66.6012
      vertex 18.9523 7.48798 75
      vertex 18.9523 7.48798 66.3861
    endloop
  endfacet
  facet normal -0.988371 -0.152064 -0
    outer loop
      vertex 19.9571 7.01944 75
      vertex 19.9215 7.25083 67.2101
      vertex 19.9571 7.01944 67.1619
    endloop
  endfacet
  facet normal -0.988371 -0.152064 0
    outer loop
      vertex 19.9215 7.25083 67.2101
      vertex 19.9571 7.01944 75
      vertex 19.9215 7.25083 75
    endloop
  endfacet
  facet normal 0.237668 0.971346 -0
    outer loop
      vertex 19.3315 6.44619 66.3812
      vertex 19.1041 6.50183 75
      vertex 19.3315 6.44619 75
    endloop
  endfacet
  facet normal 0.237719 0.971334 1.41581e-06
    outer loop
      vertex 19.133 6.49477 66.2053
      vertex 19.1041 6.50183 75
      vertex 19.3315 6.44619 66.3812
    endloop
  endfacet
  facet normal 0.237312 0.971433 0
    outer loop
      vertex 19.1041 6.50183 75
      vertex 19.133 6.49477 66.2053
      vertex 19.1041 6.50183 66.1807
    endloop
  endfacet
  facet normal 0.988306 0.152481 0
    outer loop
      vertex 18.7939 6.8404 75
      vertex 18.7582 7.07179 66.0577
      vertex 18.7582 7.07179 75
    endloop
  endfacet
  facet normal 0.988306 0.152481 0
    outer loop
      vertex 18.7582 7.07179 66.0577
      vertex 18.7939 6.8404 75
      vertex 18.7939 6.8404 66.0095
    endloop
  endfacet
  facet normal -0.805974 0.591951 1.59415e-05
    outer loop
      vertex 19.763 6.60325 75
      vertex 19.9015 6.79204 67.0296
      vertex 19.8659 6.74357 66.9793
    endloop
  endfacet
  facet normal -0.806409 0.591359 0
    outer loop
      vertex 19.763 6.60325 75
      vertex 19.8659 6.74357 66.9793
      vertex 19.763 6.60325 66.84
    endloop
  endfacet
  facet normal -0.806295 0.591514 0
    outer loop
      vertex 19.9015 6.79204 67.0296
      vertex 19.763 6.60325 75
      vertex 19.9015 6.79204 75
    endloop
  endfacet
  facet normal -0.971386 0.237507 0
    outer loop
      vertex 19.9015 6.79204 75
      vertex 19.9571 7.01944 67.1619
      vertex 19.9015 6.79204 67.0296
    endloop
  endfacet
  facet normal -0.971386 0.237507 0
    outer loop
      vertex 19.9571 7.01944 67.1619
      vertex 19.9015 6.79204 75
      vertex 19.9571 7.01944 75
    endloop
  endfacet
  facet normal -0.152099 0.988365 0
    outer loop
      vertex 19.5629 6.4818 66.6131
      vertex 19.3315 6.44619 75
      vertex 19.5629 6.4818 75
    endloop
  endfacet
  facet normal -0.152099 0.988365 0
    outer loop
      vertex 19.3315 6.44619 75
      vertex 19.5629 6.4818 66.6131
      vertex 19.3315 6.44619 66.3812
    endloop
  endfacet
  facet normal 0.591299 0.806453 -0
    outer loop
      vertex 19.1041 6.50183 66.1807
      vertex 18.9153 6.64026 75
      vertex 19.1041 6.50183 75
    endloop
  endfacet
  facet normal 0.591299 0.806453 0
    outer loop
      vertex 18.9153 6.64026 75
      vertex 19.1041 6.50183 66.1807
      vertex 18.9153 6.64026 66.0527
    endloop
  endfacet
  facet normal 0.855003 0.518624 -0
    outer loop
      vertex 18.9153 6.64026 66.0527
      vertex 18.7939 6.8404 75
      vertex 18.9153 6.64026 75
    endloop
  endfacet
  facet normal 0.855003 0.518624 0
    outer loop
      vertex 18.7939 6.8404 75
      vertex 18.9153 6.64026 66.0527
      vertex 18.7939 6.8404 66.0095
    endloop
  endfacet
  facet normal 0 0 1
    outer loop
      vertex 19.2 0 77.5
      vertex 20 0 77.5
      vertex 19.9572 1.30806 77.5
    endloop
  endfacet
  facet normal 0 0 1
    outer loop
      vertex 19.1589 1.25574 77.5
      vertex 19.9572 1.30806 77.5
      vertex 19.8289 2.61052 77.5
    endloop
  endfacet
  facet normal 0 0 1
    outer loop
      vertex 20 0 77.5
      vertex 19.2 0 77.5
      vertex 19.9572 -1.30806 77.5
    endloop
  endfacet
  facet normal 0 0 1
    outer loop
      vertex 19.0357 2.5061 77.5
      vertex 19.8289 2.61052 77.5
      vertex 19.6157 3.90181 77.5
    endloop
  endfacet
  facet normal -0 0 1
    outer loop
      vertex 19.1589 -1.25574 77.5
      vertex 19.9572 -1.30806 77.5
      vertex 19.2 0 77.5
    endloop
  endfacet
  facet normal 0 0 1
    outer loop
      vertex 18.8311 3.74573 77.5
      vertex 19.6157 3.90181 77.5
      vertex 19.3185 5.17638 77.5
    endloop
  endfacet
  facet normal 0 0 1
    outer loop
      vertex 19.9572 -1.30806 77.5
      vertex 19.1589 -1.25574 77.5
      vertex 19.8289 -2.61052 77.5
    endloop
  endfacet
  facet normal -0 0 1
    outer loop
      vertex 19.0357 -2.5061 77.5
      vertex 19.8289 -2.61052 77.5
      vertex 19.1589 -1.25574 77.5
    endloop
  endfacet
  facet normal 0 0 1
    outer loop
      vertex 19.9572 1.30806 77.5
      vertex 19.1589 1.25574 77.5
      vertex 19.2 0 77.5
    endloop
  endfacet
  facet normal 0 0 1
    outer loop
      vertex 19.8289 2.61052 77.5
      vertex 19.0357 2.5061 77.5
      vertex 19.1589 1.25574 77.5
    endloop
  endfacet
  facet normal 0 0 1
    outer loop
      vertex 18.5458 4.96933 77.5
      vertex 19.3185 5.17638 77.5
      vertex 18.9386 6.42879 77.5
    endloop
  endfacet
  facet normal 0 0 1
    outer loop
      vertex 19.6157 3.90181 77.5
      vertex 18.8311 3.74573 77.5
      vertex 19.0357 2.5061 77.5
    endloop
  endfacet
  facet normal 0 0 1
    outer loop
      vertex 19.3185 5.17638 77.5
      vertex 18.5458 4.96933 77.5
      vertex 18.8311 3.74573 77.5
    endloop
  endfacet
  facet normal 0 0 1
    outer loop
      vertex 18.1811 6.17164 77.5
      vertex 18.9386 6.42879 77.5
      vertex 18.4776 7.65367 77.5
    endloop
  endfacet
  facet normal 0 0 1
    outer loop
      vertex 18.9386 6.42879 77.5
      vertex 18.1811 6.17164 77.5
      vertex 18.5458 4.96933 77.5
    endloop
  endfacet
  facet normal 0 0 1
    outer loop
      vertex 17.7385 7.34752 77.5
      vertex 18.4776 7.65367 77.5
      vertex 17.9375 8.84577 77.5
    endloop
  endfacet
  facet normal 0 0 1
    outer loop
      vertex 18.4776 7.65367 77.5
      vertex 17.7385 7.34752 77.5
      vertex 18.1811 6.17164 77.5
    endloop
  endfacet
  facet normal 0 0 1
    outer loop
      vertex 17.22 8.49194 77.5
      vertex 17.9375 8.84577 77.5
      vertex 17.3205 10 77.5
    endloop
  endfacet
  facet normal 0 0 1
    outer loop
      vertex 17.9375 8.84577 77.5
      vertex 17.22 8.49194 77.5
      vertex 17.7385 7.34752 77.5
    endloop
  endfacet
  facet normal 0 0 1
    outer loop
      vertex 16.6277 9.6 77.5
      vertex 17.3205 10 77.5
      vertex 16.6294 11.1114 77.5
    endloop
  endfacet
  facet normal 0 0 1
    outer loop
      vertex 17.3205 10 77.5
      vertex 16.6277 9.6 77.5
      vertex 17.22 8.49194 77.5
    endloop
  endfacet
  facet normal 0 0 1
    outer loop
      vertex 16.6294 11.1114 77.5
      vertex 15.9642 10.6669 77.5
      vertex 16.6277 9.6 77.5
    endloop
  endfacet
  facet normal 0 0 1
    outer loop
      vertex 15.8671 12.1752 77.5
      vertex 15.9642 10.6669 77.5
      vertex 16.6294 11.1114 77.5
    endloop
  endfacet
  facet normal 0 0 1
    outer loop
      vertex 15.8671 12.1752 77.5
      vertex 15.2324 11.6882 77.5
      vertex 15.9642 10.6669 77.5
    endloop
  endfacet
  facet normal 0 0 1
    outer loop
      vertex 15.0368 13.1869 77.5
      vertex 15.2324 11.6882 77.5
      vertex 15.8671 12.1752 77.5
    endloop
  endfacet
  facet normal 0 0 1
    outer loop
      vertex 15.0368 13.1869 77.5
      vertex 14.4353 12.6594 77.5
      vertex 15.2324 11.6882 77.5
    endloop
  endfacet
  facet normal 0 0 1
    outer loop
      vertex 14.1421 14.1421 77.5
      vertex 14.4353 12.6594 77.5
      vertex 15.0368 13.1869 77.5
    endloop
  endfacet
  facet normal 0 0 1
    outer loop
      vertex 14.1421 14.1421 77.5
      vertex 13.5764 13.5764 77.5
      vertex 14.4353 12.6594 77.5
    endloop
  endfacet
  facet normal 0 0 1
    outer loop
      vertex 13.1869 15.0368 77.5
      vertex 13.5764 13.5764 77.5
      vertex 14.1421 14.1421 77.5
    endloop
  endfacet
  facet normal 0 0 1
    outer loop
      vertex 13.1869 15.0368 77.5
      vertex 12.6594 14.4353 77.5
      vertex 13.5764 13.5764 77.5
    endloop
  endfacet
  facet normal 0 0 1
    outer loop
      vertex 12.1752 15.8671 77.5
      vertex 12.6594 14.4353 77.5
      vertex 13.1869 15.0368 77.5
    endloop
  endfacet
  facet normal 0 0 1
    outer loop
      vertex 12.1752 15.8671 77.5
      vertex 11.6882 15.2324 77.5
      vertex 12.6594 14.4353 77.5
    endloop
  endfacet
  facet normal 0 0 1
    outer loop
      vertex 11.1114 16.6294 77.5
      vertex 11.6882 15.2324 77.5
      vertex 12.1752 15.8671 77.5
    endloop
  endfacet
  facet normal 0 0 1
    outer loop
      vertex 11.1114 16.6294 77.5
      vertex 10.6669 15.9642 77.5
      vertex 11.6882 15.2324 77.5
    endloop
  endfacet
  facet normal 0 0 1
    outer loop
      vertex 10 17.3205 77.5
      vertex 10.6669 15.9642 77.5
      vertex 11.1114 16.6294 77.5
    endloop
  endfacet
  facet normal 0 0 1
    outer loop
      vertex 10 17.3205 77.5
      vertex 9.6 16.6277 77.5
      vertex 10.6669 15.9642 77.5
    endloop
  endfacet
  facet normal 0 0 1
    outer loop
      vertex 8.84577 17.9375 77.5
      vertex 9.6 16.6277 77.5
      vertex 10 17.3205 77.5
    endloop
  endfacet
  facet normal 0 0 1
    outer loop
      vertex 8.84577 17.9375 77.5
      vertex 8.49194 17.22 77.5
      vertex 9.6 16.6277 77.5
    endloop
  endfacet
  facet normal 0 0 1
    outer loop
      vertex 7.65367 18.4776 77.5
      vertex 8.49194 17.22 77.5
      vertex 8.84577 17.9375 77.5
    endloop
  endfacet
  facet normal 0 0 1
    outer loop
      vertex 7.65367 18.4776 77.5
      vertex 7.34752 17.7385 77.5
      vertex 8.49194 17.22 77.5
    endloop
  endfacet
  facet normal 0 0 1
    outer loop
      vertex 6.42879 18.9386 77.5
      vertex 7.34752 17.7385 77.5
      vertex 7.65367 18.4776 77.5
    endloop
  endfacet
  facet normal 0 0 1
    outer loop
      vertex 6.42879 18.9386 77.5
      vertex 6.17164 18.1811 77.5
      vertex 7.34752 17.7385 77.5
    endloop
  endfacet
  facet normal 0 0 1
    outer loop
      vertex 5.17638 19.3185 77.5
      vertex 6.17164 18.1811 77.5
      vertex 6.42879 18.9386 77.5
    endloop
  endfacet
  facet normal 0 0 1
    outer loop
      vertex 5.17638 19.3185 77.5
      vertex 4.96933 18.5458 77.5
      vertex 6.17164 18.1811 77.5
    endloop
  endfacet
  facet normal 0 0 1
    outer loop
      vertex 3.90181 19.6157 77.5
      vertex 4.96933 18.5458 77.5
      vertex 5.17638 19.3185 77.5
    endloop
  endfacet
  facet normal 0 0 1
    outer loop
      vertex 3.90181 19.6157 77.5
      vertex 3.74573 18.8311 77.5
      vertex 4.96933 18.5458 77.5
    endloop
  endfacet
  facet normal 0 0 1
    outer loop
      vertex 2.61052 19.8289 77.5
      vertex 3.74573 18.8311 77.5
      vertex 3.90181 19.6157 77.5
    endloop
  endfacet
  facet normal 0 0 1
    outer loop
      vertex 2.61052 19.8289 77.5
      vertex 2.5061 19.0357 77.5
      vertex 3.74573 18.8311 77.5
    endloop
  endfacet
  facet normal 0 0 1
    outer loop
      vertex 1.30806 19.9572 77.5
      vertex 2.5061 19.0357 77.5
      vertex 2.61052 19.8289 77.5
    endloop
  endfacet
  facet normal 0 0 1
    outer loop
      vertex 1.30806 19.9572 77.5
      vertex 1.25574 19.1589 77.5
      vertex 2.5061 19.0357 77.5
    endloop
  endfacet
  facet normal 0 0 1
    outer loop
      vertex 0 20 77.5
      vertex 1.25574 19.1589 77.5
      vertex 1.30806 19.9572 77.5
    endloop
  endfacet
  facet normal 0 0 1
    outer loop
      vertex 0 20 77.5
      vertex 0 19.2 77.5
      vertex 1.25574 19.1589 77.5
    endloop
  endfacet
  facet normal 0 0 1
    outer loop
      vertex 0 20 77.5
      vertex -1.25574 19.1589 77.5
      vertex 0 19.2 77.5
    endloop
  endfacet
  facet normal -0 0 1
    outer loop
      vertex -1.30806 19.9572 77.5
      vertex -1.25574 19.1589 77.5
      vertex 0 20 77.5
    endloop
  endfacet
  facet normal 0 0 1
    outer loop
      vertex -1.30806 19.9572 77.5
      vertex -2.5061 19.0357 77.5
      vertex -1.25574 19.1589 77.5
    endloop
  endfacet
  facet normal -0 0 1
    outer loop
      vertex -2.61052 19.8289 77.5
      vertex -2.5061 19.0357 77.5
      vertex -1.30806 19.9572 77.5
    endloop
  endfacet
  facet normal 0 0 1
    outer loop
      vertex -2.61052 19.8289 77.5
      vertex -3.74573 18.8311 77.5
      vertex -2.5061 19.0357 77.5
    endloop
  endfacet
  facet normal -0 0 1
    outer loop
      vertex -3.90181 19.6157 77.5
      vertex -3.74573 18.8311 77.5
      vertex -2.61052 19.8289 77.5
    endloop
  endfacet
  facet normal 0 0 1
    outer loop
      vertex -3.90181 19.6157 77.5
      vertex -4.96933 18.5458 77.5
      vertex -3.74573 18.8311 77.5
    endloop
  endfacet
  facet normal -0 0 1
    outer loop
      vertex -5.17638 19.3185 77.5
      vertex -4.96933 18.5458 77.5
      vertex -3.90181 19.6157 77.5
    endloop
  endfacet
  facet normal 0 0 1
    outer loop
      vertex -5.17638 19.3185 77.5
      vertex -6.17164 18.1811 77.5
      vertex -4.96933 18.5458 77.5
    endloop
  endfacet
  facet normal -0 0 1
    outer loop
      vertex -6.42879 18.9386 77.5
      vertex -6.17164 18.1811 77.5
      vertex -5.17638 19.3185 77.5
    endloop
  endfacet
  facet normal 0 0 1
    outer loop
      vertex -6.42879 18.9386 77.5
      vertex -7.34752 17.7385 77.5
      vertex -6.17164 18.1811 77.5
    endloop
  endfacet
  facet normal -0 0 1
    outer loop
      vertex -7.65367 18.4776 77.5
      vertex -7.34752 17.7385 77.5
      vertex -6.42879 18.9386 77.5
    endloop
  endfacet
  facet normal 0 0 1
    outer loop
      vertex -7.65367 18.4776 77.5
      vertex -8.49194 17.22 77.5
      vertex -7.34752 17.7385 77.5
    endloop
  endfacet
  facet normal -0 0 1
    outer loop
      vertex -8.84577 17.9375 77.5
      vertex -8.49194 17.22 77.5
      vertex -7.65367 18.4776 77.5
    endloop
  endfacet
  facet normal 0 0 1
    outer loop
      vertex -8.84577 17.9375 77.5
      vertex -9.6 16.6277 77.5
      vertex -8.49194 17.22 77.5
    endloop
  endfacet
  facet normal -0 0 1
    outer loop
      vertex -10 17.3205 77.5
      vertex -9.6 16.6277 77.5
      vertex -8.84577 17.9375 77.5
    endloop
  endfacet
  facet normal 0 0 1
    outer loop
      vertex -10 17.3205 77.5
      vertex -10.6669 15.9642 77.5
      vertex -9.6 16.6277 77.5
    endloop
  endfacet
  facet normal -0 0 1
    outer loop
      vertex -11.1114 16.6294 77.5
      vertex -10.6669 15.9642 77.5
      vertex -10 17.3205 77.5
    endloop
  endfacet
  facet normal 0 0 1
    outer loop
      vertex -11.1114 16.6294 77.5
      vertex -11.6882 15.2324 77.5
      vertex -10.6669 15.9642 77.5
    endloop
  endfacet
  facet normal -0 0 1
    outer loop
      vertex -12.1752 15.8671 77.5
      vertex -11.6882 15.2324 77.5
      vertex -11.1114 16.6294 77.5
    endloop
  endfacet
  facet normal 0 0 1
    outer loop
      vertex -12.1752 15.8671 77.5
      vertex -12.6594 14.4353 77.5
      vertex -11.6882 15.2324 77.5
    endloop
  endfacet
  facet normal -0 0 1
    outer loop
      vertex -13.1869 15.0368 77.5
      vertex -12.6594 14.4353 77.5
      vertex -12.1752 15.8671 77.5
    endloop
  endfacet
  facet normal 0 0 1
    outer loop
      vertex -13.1869 15.0368 77.5
      vertex -13.5764 13.5764 77.5
      vertex -12.6594 14.4353 77.5
    endloop
  endfacet
  facet normal -0 0 1
    outer loop
      vertex -14.1421 14.1421 77.5
      vertex -13.5764 13.5764 77.5
      vertex -13.1869 15.0368 77.5
    endloop
  endfacet
  facet normal 0 0 1
    outer loop
      vertex -14.1421 14.1421 77.5
      vertex -14.4353 12.6594 77.5
      vertex -13.5764 13.5764 77.5
    endloop
  endfacet
  facet normal -0 0 1
    outer loop
      vertex -15.0368 13.1869 77.5
      vertex -14.4353 12.6594 77.5
      vertex -14.1421 14.1421 77.5
    endloop
  endfacet
  facet normal 0 0 1
    outer loop
      vertex -15.0368 13.1869 77.5
      vertex -15.2324 11.6882 77.5
      vertex -14.4353 12.6594 77.5
    endloop
  endfacet
  facet normal -0 0 1
    outer loop
      vertex -15.8671 12.1752 77.5
      vertex -15.2324 11.6882 77.5
      vertex -15.0368 13.1869 77.5
    endloop
  endfacet
  facet normal 0 0 1
    outer loop
      vertex -15.8671 12.1752 77.5
      vertex -15.9642 10.6669 77.5
      vertex -15.2324 11.6882 77.5
    endloop
  endfacet
  facet normal -0 0 1
    outer loop
      vertex -16.6294 11.1114 77.5
      vertex -15.9642 10.6669 77.5
      vertex -15.8671 12.1752 77.5
    endloop
  endfacet
  facet normal 0 0 1
    outer loop
      vertex -15.9642 10.6669 77.5
      vertex -16.6294 11.1114 77.5
      vertex -16.6277 9.6 77.5
    endloop
  endfacet
  facet normal -0 0 1
    outer loop
      vertex -17.3205 10 77.5
      vertex -16.6277 9.6 77.5
      vertex -16.6294 11.1114 77.5
    endloop
  endfacet
  facet normal 0 0 1
    outer loop
      vertex -16.6277 9.6 77.5
      vertex -17.3205 10 77.5
      vertex -17.22 8.49194 77.5
    endloop
  endfacet
  facet normal -0 0 1
    outer loop
      vertex -17.9375 8.84577 77.5
      vertex -17.22 8.49194 77.5
      vertex -17.3205 10 77.5
    endloop
  endfacet
  facet normal 0 0 1
    outer loop
      vertex -17.22 8.49194 77.5
      vertex -17.9375 8.84577 77.5
      vertex -17.7385 7.34752 77.5
    endloop
  endfacet
  facet normal -0 0 1
    outer loop
      vertex -18.4776 7.65367 77.5
      vertex -17.7385 7.34752 77.5
      vertex -17.9375 8.84577 77.5
    endloop
  endfacet
  facet normal 0 0 1
    outer loop
      vertex -17.7385 7.34752 77.5
      vertex -18.4776 7.65367 77.5
      vertex -18.1811 6.17164 77.5
    endloop
  endfacet
  facet normal -0 0 1
    outer loop
      vertex -18.9386 6.42879 77.5
      vertex -18.1811 6.17164 77.5
      vertex -18.4776 7.65367 77.5
    endloop
  endfacet
  facet normal 0 0 1
    outer loop
      vertex -18.1811 6.17164 77.5
      vertex -18.9386 6.42879 77.5
      vertex -18.5458 4.96933 77.5
    endloop
  endfacet
  facet normal -0 0 1
    outer loop
      vertex -19.3185 5.17638 77.5
      vertex -18.5458 4.96933 77.5
      vertex -18.9386 6.42879 77.5
    endloop
  endfacet
  facet normal 0 0 1
    outer loop
      vertex -18.5458 4.96933 77.5
      vertex -19.3185 5.17638 77.5
      vertex -18.8311 3.74573 77.5
    endloop
  endfacet
  facet normal -0 0 1
    outer loop
      vertex -19.6157 3.90181 77.5
      vertex -18.8311 3.74573 77.5
      vertex -19.3185 5.17638 77.5
    endloop
  endfacet
  facet normal -0 0 1
    outer loop
      vertex -19.8289 2.61052 77.5
      vertex -19.0357 2.5061 77.5
      vertex -19.6157 3.90181 77.5
    endloop
  endfacet
  facet normal 0 0 1
    outer loop
      vertex -18.8311 3.74573 77.5
      vertex -19.6157 3.90181 77.5
      vertex -19.0357 2.5061 77.5
    endloop
  endfacet
  facet normal 0 0 1
    outer loop
      vertex 19.8289 -2.61052 77.5
      vertex 19.0357 -2.5061 77.5
      vertex 19.6157 -3.90181 77.5
    endloop
  endfacet
  facet normal -0 0 1
    outer loop
      vertex 18.8311 -3.74573 77.5
      vertex 19.6157 -3.90181 77.5
      vertex 19.0357 -2.5061 77.5
    endloop
  endfacet
  facet normal 0 0 1
    outer loop
      vertex 19.6157 -3.90181 77.5
      vertex 18.8311 -3.74573 77.5
      vertex 19.3185 -5.17638 77.5
    endloop
  endfacet
  facet normal -0 0 1
    outer loop
      vertex 18.5458 -4.96933 77.5
      vertex 19.3185 -5.17638 77.5
      vertex 18.8311 -3.74573 77.5
    endloop
  endfacet
  facet normal 0 0 1
    outer loop
      vertex 19.3185 -5.17638 77.5
      vertex 18.5458 -4.96933 77.5
      vertex 18.9386 -6.42879 77.5
    endloop
  endfacet
  facet normal -0 0 1
    outer loop
      vertex 18.1811 -6.17164 77.5
      vertex 18.9386 -6.42879 77.5
      vertex 18.5458 -4.96933 77.5
    endloop
  endfacet
  facet normal 0 0 1
    outer loop
      vertex 18.9386 -6.42879 77.5
      vertex 18.1811 -6.17164 77.5
      vertex 18.4776 -7.65367 77.5
    endloop
  endfacet
  facet normal -0 0 1
    outer loop
      vertex 17.7385 -7.34752 77.5
      vertex 18.4776 -7.65367 77.5
      vertex 18.1811 -6.17164 77.5
    endloop
  endfacet
  facet normal 0 0 1
    outer loop
      vertex 18.4776 -7.65367 77.5
      vertex 17.7385 -7.34752 77.5
      vertex 17.9375 -8.84577 77.5
    endloop
  endfacet
  facet normal -0 0 1
    outer loop
      vertex 17.22 -8.49194 77.5
      vertex 17.9375 -8.84577 77.5
      vertex 17.7385 -7.34752 77.5
    endloop
  endfacet
  facet normal 0 0 1
    outer loop
      vertex 17.9375 -8.84577 77.5
      vertex 17.22 -8.49194 77.5
      vertex 17.3205 -10 77.5
    endloop
  endfacet
  facet normal -0 0 1
    outer loop
      vertex 16.6277 -9.6 77.5
      vertex 17.3205 -10 77.5
      vertex 17.22 -8.49194 77.5
    endloop
  endfacet
  facet normal 0 0 1
    outer loop
      vertex 17.3205 -10 77.5
      vertex 16.6277 -9.6 77.5
      vertex 16.6294 -11.1114 77.5
    endloop
  endfacet
  facet normal -0 0 1
    outer loop
      vertex 15.9642 -10.6669 77.5
      vertex 16.6294 -11.1114 77.5
      vertex 16.6277 -9.6 77.5
    endloop
  endfacet
  facet normal 0 0 1
    outer loop
      vertex 15.9642 -10.6669 77.5
      vertex 15.8671 -12.1752 77.5
      vertex 16.6294 -11.1114 77.5
    endloop
  endfacet
  facet normal -0 0 1
    outer loop
      vertex 15.2324 -11.6882 77.5
      vertex 15.8671 -12.1752 77.5
      vertex 15.9642 -10.6669 77.5
    endloop
  endfacet
  facet normal 0 0 1
    outer loop
      vertex 15.2324 -11.6882 77.5
      vertex 15.0368 -13.1869 77.5
      vertex 15.8671 -12.1752 77.5
    endloop
  endfacet
  facet normal -0 0 1
    outer loop
      vertex 14.4353 -12.6594 77.5
      vertex 15.0368 -13.1869 77.5
      vertex 15.2324 -11.6882 77.5
    endloop
  endfacet
  facet normal 0 0 1
    outer loop
      vertex 14.4353 -12.6594 77.5
      vertex 14.1421 -14.1421 77.5
      vertex 15.0368 -13.1869 77.5
    endloop
  endfacet
  facet normal -0 0 1
    outer loop
      vertex 13.5764 -13.5764 77.5
      vertex 14.1421 -14.1421 77.5
      vertex 14.4353 -12.6594 77.5
    endloop
  endfacet
  facet normal 0 0 1
    outer loop
      vertex 13.5764 -13.5764 77.5
      vertex 13.1869 -15.0368 77.5
      vertex 14.1421 -14.1421 77.5
    endloop
  endfacet
  facet normal -0 0 1
    outer loop
      vertex 12.6594 -14.4353 77.5
      vertex 13.1869 -15.0368 77.5
      vertex 13.5764 -13.5764 77.5
    endloop
  endfacet
  facet normal 0 0 1
    outer loop
      vertex 12.6594 -14.4353 77.5
      vertex 12.1752 -15.8671 77.5
      vertex 13.1869 -15.0368 77.5
    endloop
  endfacet
  facet normal -0 0 1
    outer loop
      vertex 11.6882 -15.2324 77.5
      vertex 12.1752 -15.8671 77.5
      vertex 12.6594 -14.4353 77.5
    endloop
  endfacet
  facet normal 0 0 1
    outer loop
      vertex 11.6882 -15.2324 77.5
      vertex 11.1114 -16.6294 77.5
      vertex 12.1752 -15.8671 77.5
    endloop
  endfacet
  facet normal -0 0 1
    outer loop
      vertex 10.6669 -15.9642 77.5
      vertex 11.1114 -16.6294 77.5
      vertex 11.6882 -15.2324 77.5
    endloop
  endfacet
  facet normal 0 0 1
    outer loop
      vertex 10.6669 -15.9642 77.5
      vertex 10 -17.3205 77.5
      vertex 11.1114 -16.6294 77.5
    endloop
  endfacet
  facet normal -0 0 1
    outer loop
      vertex 9.6 -16.6277 77.5
      vertex 10 -17.3205 77.5
      vertex 10.6669 -15.9642 77.5
    endloop
  endfacet
  facet normal 0 0 1
    outer loop
      vertex 9.6 -16.6277 77.5
      vertex 8.84577 -17.9375 77.5
      vertex 10 -17.3205 77.5
    endloop
  endfacet
  facet normal -0 0 1
    outer loop
      vertex 8.49194 -17.22 77.5
      vertex 8.84577 -17.9375 77.5
      vertex 9.6 -16.6277 77.5
    endloop
  endfacet
  facet normal 0 0 1
    outer loop
      vertex 8.49194 -17.22 77.5
      vertex 7.65367 -18.4776 77.5
      vertex 8.84577 -17.9375 77.5
    endloop
  endfacet
  facet normal -0 0 1
    outer loop
      vertex 7.34752 -17.7385 77.5
      vertex 7.65367 -18.4776 77.5
      vertex 8.49194 -17.22 77.5
    endloop
  endfacet
  facet normal 0 0 1
    outer loop
      vertex 7.34752 -17.7385 77.5
      vertex 6.42879 -18.9386 77.5
      vertex 7.65367 -18.4776 77.5
    endloop
  endfacet
  facet normal -0 0 1
    outer loop
      vertex 6.17164 -18.1811 77.5
      vertex 6.42879 -18.9386 77.5
      vertex 7.34752 -17.7385 77.5
    endloop
  endfacet
  facet normal 0 0 1
    outer loop
      vertex 6.17164 -18.1811 77.5
      vertex 5.17638 -19.3185 77.5
      vertex 6.42879 -18.9386 77.5
    endloop
  endfacet
  facet normal -0 0 1
    outer loop
      vertex 4.96933 -18.5458 77.5
      vertex 5.17638 -19.3185 77.5
      vertex 6.17164 -18.1811 77.5
    endloop
  endfacet
  facet normal 0 0 1
    outer loop
      vertex 4.96933 -18.5458 77.5
      vertex 3.90181 -19.6157 77.5
      vertex 5.17638 -19.3185 77.5
    endloop
  endfacet
  facet normal -0 0 1
    outer loop
      vertex 3.74573 -18.8311 77.5
      vertex 3.90181 -19.6157 77.5
      vertex 4.96933 -18.5458 77.5
    endloop
  endfacet
  facet normal 0 0 1
    outer loop
      vertex 3.74573 -18.8311 77.5
      vertex 2.61052 -19.8289 77.5
      vertex 3.90181 -19.6157 77.5
    endloop
  endfacet
  facet normal -0 0 1
    outer loop
      vertex 2.5061 -19.0357 77.5
      vertex 2.61052 -19.8289 77.5
      vertex 3.74573 -18.8311 77.5
    endloop
  endfacet
  facet normal 0 0 1
    outer loop
      vertex 2.5061 -19.0357 77.5
      vertex 1.30806 -19.9572 77.5
      vertex 2.61052 -19.8289 77.5
    endloop
  endfacet
  facet normal -0 0 1
    outer loop
      vertex 1.25574 -19.1589 77.5
      vertex 1.30806 -19.9572 77.5
      vertex 2.5061 -19.0357 77.5
    endloop
  endfacet
  facet normal -0 0 1
    outer loop
      vertex 0 -19.2 77.5
      vertex 1.30806 -19.9572 77.5
      vertex 1.25574 -19.1589 77.5
    endloop
  endfacet
  facet normal 0 0 1
    outer loop
      vertex 0 -19.2 77.5
      vertex 0 -20 77.5
      vertex 1.30806 -19.9572 77.5
    endloop
  endfacet
  facet normal 0 0 1
    outer loop
      vertex -1.25574 -19.1589 77.5
      vertex 0 -20 77.5
      vertex 0 -19.2 77.5
    endloop
  endfacet
  facet normal 0 0 1
    outer loop
      vertex -1.25574 -19.1589 77.5
      vertex -1.30806 -19.9572 77.5
      vertex 0 -20 77.5
    endloop
  endfacet
  facet normal 0 0 1
    outer loop
      vertex -2.5061 -19.0357 77.5
      vertex -1.30806 -19.9572 77.5
      vertex -1.25574 -19.1589 77.5
    endloop
  endfacet
  facet normal 0 0 1
    outer loop
      vertex -2.5061 -19.0357 77.5
      vertex -2.61052 -19.8289 77.5
      vertex -1.30806 -19.9572 77.5
    endloop
  endfacet
  facet normal 0 0 1
    outer loop
      vertex -3.74573 -18.8311 77.5
      vertex -2.61052 -19.8289 77.5
      vertex -2.5061 -19.0357 77.5
    endloop
  endfacet
  facet normal 0 0 1
    outer loop
      vertex -3.74573 -18.8311 77.5
      vertex -3.90181 -19.6157 77.5
      vertex -2.61052 -19.8289 77.5
    endloop
  endfacet
  facet normal 0 0 1
    outer loop
      vertex -4.96933 -18.5458 77.5
      vertex -3.90181 -19.6157 77.5
      vertex -3.74573 -18.8311 77.5
    endloop
  endfacet
  facet normal 0 0 1
    outer loop
      vertex -4.96933 -18.5458 77.5
      vertex -5.17638 -19.3185 77.5
      vertex -3.90181 -19.6157 77.5
    endloop
  endfacet
  facet normal 0 0 1
    outer loop
      vertex -6.17164 -18.1811 77.5
      vertex -5.17638 -19.3185 77.5
      vertex -4.96933 -18.5458 77.5
    endloop
  endfacet
  facet normal 0 0 1
    outer loop
      vertex -6.17164 -18.1811 77.5
      vertex -6.42879 -18.9386 77.5
      vertex -5.17638 -19.3185 77.5
    endloop
  endfacet
  facet normal 0 0 1
    outer loop
      vertex -7.34752 -17.7385 77.5
      vertex -6.42879 -18.9386 77.5
      vertex -6.17164 -18.1811 77.5
    endloop
  endfacet
  facet normal 0 0 1
    outer loop
      vertex -7.34752 -17.7385 77.5
      vertex -7.65367 -18.4776 77.5
      vertex -6.42879 -18.9386 77.5
    endloop
  endfacet
  facet normal 0 0 1
    outer loop
      vertex -8.49194 -17.22 77.5
      vertex -7.65367 -18.4776 77.5
      vertex -7.34752 -17.7385 77.5
    endloop
  endfacet
  facet normal 0 0 1
    outer loop
      vertex -8.49194 -17.22 77.5
      vertex -8.84577 -17.9375 77.5
      vertex -7.65367 -18.4776 77.5
    endloop
  endfacet
  facet normal 0 0 1
    outer loop
      vertex -9.6 -16.6277 77.5
      vertex -8.84577 -17.9375 77.5
      vertex -8.49194 -17.22 77.5
    endloop
  endfacet
  facet normal 0 0 1
    outer loop
      vertex -9.6 -16.6277 77.5
      vertex -10 -17.3205 77.5
      vertex -8.84577 -17.9375 77.5
    endloop
  endfacet
  facet normal 0 0 1
    outer loop
      vertex -10.6669 -15.9642 77.5
      vertex -10 -17.3205 77.5
      vertex -9.6 -16.6277 77.5
    endloop
  endfacet
  facet normal 0 0 1
    outer loop
      vertex -10.6669 -15.9642 77.5
      vertex -11.1114 -16.6294 77.5
      vertex -10 -17.3205 77.5
    endloop
  endfacet
  facet normal 0 0 1
    outer loop
      vertex -11.6882 -15.2324 77.5
      vertex -11.1114 -16.6294 77.5
      vertex -10.6669 -15.9642 77.5
    endloop
  endfacet
  facet normal 0 0 1
    outer loop
      vertex -11.6882 -15.2324 77.5
      vertex -12.1752 -15.8671 77.5
      vertex -11.1114 -16.6294 77.5
    endloop
  endfacet
  facet normal 0 0 1
    outer loop
      vertex -12.6594 -14.4353 77.5
      vertex -12.1752 -15.8671 77.5
      vertex -11.6882 -15.2324 77.5
    endloop
  endfacet
  facet normal 0 0 1
    outer loop
      vertex -12.6594 -14.4353 77.5
      vertex -13.1869 -15.0368 77.5
      vertex -12.1752 -15.8671 77.5
    endloop
  endfacet
  facet normal 0 0 1
    outer loop
      vertex -13.5764 -13.5764 77.5
      vertex -13.1869 -15.0368 77.5
      vertex -12.6594 -14.4353 77.5
    endloop
  endfacet
  facet normal 0 0 1
    outer loop
      vertex -13.5764 -13.5764 77.5
      vertex -14.1421 -14.1421 77.5
      vertex -13.1869 -15.0368 77.5
    endloop
  endfacet
  facet normal 0 0 1
    outer loop
      vertex -14.4353 -12.6594 77.5
      vertex -14.1421 -14.1421 77.5
      vertex -13.5764 -13.5764 77.5
    endloop
  endfacet
  facet normal 0 0 1
    outer loop
      vertex -14.4353 -12.6594 77.5
      vertex -15.0368 -13.1869 77.5
      vertex -14.1421 -14.1421 77.5
    endloop
  endfacet
  facet normal 0 0 1
    outer loop
      vertex -15.2324 -11.6882 77.5
      vertex -15.0368 -13.1869 77.5
      vertex -14.4353 -12.6594 77.5
    endloop
  endfacet
  facet normal 0 0 1
    outer loop
      vertex -15.2324 -11.6882 77.5
      vertex -15.8671 -12.1752 77.5
      vertex -15.0368 -13.1869 77.5
    endloop
  endfacet
  facet normal 0 0 1
    outer loop
      vertex -15.9642 -10.6669 77.5
      vertex -15.8671 -12.1752 77.5
      vertex -15.2324 -11.6882 77.5
    endloop
  endfacet
  facet normal 0 0 1
    outer loop
      vertex -16.6294 -11.1114 77.5
      vertex -15.9642 -10.6669 77.5
      vertex -16.6277 -9.6 77.5
    endloop
  endfacet
  facet normal 0 0 1
    outer loop
      vertex -15.9642 -10.6669 77.5
      vertex -16.6294 -11.1114 77.5
      vertex -15.8671 -12.1752 77.5
    endloop
  endfacet
  facet normal 0 0 1
    outer loop
      vertex -17.3205 -10 77.5
      vertex -16.6277 -9.6 77.5
      vertex -17.22 -8.49194 77.5
    endloop
  endfacet
  facet normal 0 0 1
    outer loop
      vertex -16.6277 -9.6 77.5
      vertex -17.3205 -10 77.5
      vertex -16.6294 -11.1114 77.5
    endloop
  endfacet
  facet normal 0 0 1
    outer loop
      vertex -17.9375 -8.84577 77.5
      vertex -17.22 -8.49194 77.5
      vertex -17.7385 -7.34752 77.5
    endloop
  endfacet
  facet normal 0 0 1
    outer loop
      vertex -17.22 -8.49194 77.5
      vertex -17.9375 -8.84577 77.5
      vertex -17.3205 -10 77.5
    endloop
  endfacet
  facet normal 0 0 1
    outer loop
      vertex -18.4776 -7.65367 77.5
      vertex -17.7385 -7.34752 77.5
      vertex -18.1811 -6.17164 77.5
    endloop
  endfacet
  facet normal 0 0 1
    outer loop
      vertex -17.7385 -7.34752 77.5
      vertex -18.4776 -7.65367 77.5
      vertex -17.9375 -8.84577 77.5
    endloop
  endfacet
  facet normal 0 0 1
    outer loop
      vertex -18.9386 -6.42879 77.5
      vertex -18.1811 -6.17164 77.5
      vertex -18.5458 -4.96933 77.5
    endloop
  endfacet
  facet normal 0 0 1
    outer loop
      vertex -19.3185 -5.17638 77.5
      vertex -18.5458 -4.96933 77.5
      vertex -18.8311 -3.74573 77.5
    endloop
  endfacet
  facet normal 0 0 1
    outer loop
      vertex -18.1811 -6.17164 77.5
      vertex -18.9386 -6.42879 77.5
      vertex -18.4776 -7.65367 77.5
    endloop
  endfacet
  facet normal 0 0 1
    outer loop
      vertex -19.6157 -3.90181 77.5
      vertex -18.8311 -3.74573 77.5
      vertex -19.0357 -2.5061 77.5
    endloop
  endfacet
  facet normal 0 0 1
    outer loop
      vertex -19.8289 -2.61052 77.5
      vertex -19.0357 -2.5061 77.5
      vertex -19.1589 -1.25574 77.5
    endloop
  endfacet
  facet normal 0 0 1
    outer loop
      vertex -18.5458 -4.96933 77.5
      vertex -19.3185 -5.17638 77.5
      vertex -18.9386 -6.42879 77.5
    endloop
  endfacet
  facet normal 0 0 1
    outer loop
      vertex -19.9572 -1.30806 77.5
      vertex -19.1589 -1.25574 77.5
      vertex -19.2 0 77.5
    endloop
  endfacet
  facet normal 0 0 1
    outer loop
      vertex -19.0357 2.5061 77.5
      vertex -19.8289 2.61052 77.5
      vertex -19.1589 1.25574 77.5
    endloop
  endfacet
  facet normal -0 0 1
    outer loop
      vertex -19.9572 1.30806 77.5
      vertex -19.1589 1.25574 77.5
      vertex -19.8289 2.61052 77.5
    endloop
  endfacet
  facet normal 0 0 1
    outer loop
      vertex -18.8311 -3.74573 77.5
      vertex -19.6157 -3.90181 77.5
      vertex -19.3185 -5.17638 77.5
    endloop
  endfacet
  facet normal 0 0 1
    outer loop
      vertex -19.1589 1.25574 77.5
      vertex -19.9572 1.30806 77.5
      vertex -19.2 0 77.5
    endloop
  endfacet
  facet normal 0 0 1
    outer loop
      vertex -19.0357 -2.5061 77.5
      vertex -19.8289 -2.61052 77.5
      vertex -19.6157 -3.90181 77.5
    endloop
  endfacet
  facet normal 0 0 1
    outer loop
      vertex -20 0 77.5
      vertex -19.2 0 77.5
      vertex -19.9572 1.30806 77.5
    endloop
  endfacet
  facet normal 0 0 1
    outer loop
      vertex -19.1589 -1.25574 77.5
      vertex -19.9572 -1.30806 77.5
      vertex -19.8289 -2.61052 77.5
    endloop
  endfacet
  facet normal 0 0 1
    outer loop
      vertex -19.2 0 77.5
      vertex -20 0 77.5
      vertex -19.9572 -1.30806 77.5
    endloop
  endfacet
  facet normal 0 0 -1
    outer loop
      vertex 19.2 0 82.5
      vertex 20 0 82.5
      vertex 19.9572 -1.30806 82.5
    endloop
  endfacet
  facet normal 0 0 -1
    outer loop
      vertex 19.1589 -1.25574 82.5
      vertex 19.9572 -1.30806 82.5
      vertex 19.8289 -2.61052 82.5
    endloop
  endfacet
  facet normal 0 0 -1
    outer loop
      vertex 20 0 82.5
      vertex 19.2 0 82.5
      vertex 19.9572 1.30806 82.5
    endloop
  endfacet
  facet normal 0 0 -1
    outer loop
      vertex 19.0357 -2.5061 82.5
      vertex 19.8289 -2.61052 82.5
      vertex 19.6157 -3.90181 82.5
    endloop
  endfacet
  facet normal 0 0 -1
    outer loop
      vertex 19.1589 1.25574 82.5
      vertex 19.9572 1.30806 82.5
      vertex 19.2 0 82.5
    endloop
  endfacet
  facet normal 0 0 -1
    outer loop
      vertex 18.8311 -3.74573 82.5
      vertex 19.6157 -3.90181 82.5
      vertex 19.3185 -5.17638 82.5
    endloop
  endfacet
  facet normal -0 0 -1
    outer loop
      vertex 19.9572 1.30806 82.5
      vertex 19.1589 1.25574 82.5
      vertex 19.8289 2.61052 82.5
    endloop
  endfacet
  facet normal 0 0 -1
    outer loop
      vertex 19.0357 2.5061 82.5
      vertex 19.8289 2.61052 82.5
      vertex 19.1589 1.25574 82.5
    endloop
  endfacet
  facet normal 0 0 -1
    outer loop
      vertex 19.9572 -1.30806 82.5
      vertex 19.1589 -1.25574 82.5
      vertex 19.2 0 82.5
    endloop
  endfacet
  facet normal 0 0 -1
    outer loop
      vertex 19.8289 -2.61052 82.5
      vertex 19.0357 -2.5061 82.5
      vertex 19.1589 -1.25574 82.5
    endloop
  endfacet
  facet normal 0 0 -1
    outer loop
      vertex 18.5458 -4.96933 82.5
      vertex 19.3185 -5.17638 82.5
      vertex 18.9386 -6.42879 82.5
    endloop
  endfacet
  facet normal 0 0 -1
    outer loop
      vertex 19.6157 -3.90181 82.5
      vertex 18.8311 -3.74573 82.5
      vertex 19.0357 -2.5061 82.5
    endloop
  endfacet
  facet normal 0 0 -1
    outer loop
      vertex 19.3185 -5.17638 82.5
      vertex 18.5458 -4.96933 82.5
      vertex 18.8311 -3.74573 82.5
    endloop
  endfacet
  facet normal 0 0 -1
    outer loop
      vertex 18.1811 -6.17164 82.5
      vertex 18.9386 -6.42879 82.5
      vertex 18.4776 -7.65367 82.5
    endloop
  endfacet
  facet normal 0 0 -1
    outer loop
      vertex 18.9386 -6.42879 82.5
      vertex 18.1811 -6.17164 82.5
      vertex 18.5458 -4.96933 82.5
    endloop
  endfacet
  facet normal 0 0 -1
    outer loop
      vertex 17.7385 -7.34752 82.5
      vertex 18.4776 -7.65367 82.5
      vertex 17.9375 -8.84577 82.5
    endloop
  endfacet
  facet normal 0 0 -1
    outer loop
      vertex 18.4776 -7.65367 82.5
      vertex 17.7385 -7.34752 82.5
      vertex 18.1811 -6.17164 82.5
    endloop
  endfacet
  facet normal 0 0 -1
    outer loop
      vertex 17.22 -8.49194 82.5
      vertex 17.9375 -8.84577 82.5
      vertex 17.3205 -10 82.5
    endloop
  endfacet
  facet normal 0 0 -1
    outer loop
      vertex 17.9375 -8.84577 82.5
      vertex 17.22 -8.49194 82.5
      vertex 17.7385 -7.34752 82.5
    endloop
  endfacet
  facet normal 0 0 -1
    outer loop
      vertex 16.6277 -9.6 82.5
      vertex 17.3205 -10 82.5
      vertex 16.6294 -11.1114 82.5
    endloop
  endfacet
  facet normal 0 0 -1
    outer loop
      vertex 17.3205 -10 82.5
      vertex 16.6277 -9.6 82.5
      vertex 17.22 -8.49194 82.5
    endloop
  endfacet
  facet normal 0 0 -1
    outer loop
      vertex 16.6294 -11.1114 82.5
      vertex 15.9642 -10.6669 82.5
      vertex 16.6277 -9.6 82.5
    endloop
  endfacet
  facet normal 0 0 -1
    outer loop
      vertex 15.8671 -12.1752 82.5
      vertex 15.9642 -10.6669 82.5
      vertex 16.6294 -11.1114 82.5
    endloop
  endfacet
  facet normal 0 0 -1
    outer loop
      vertex 15.8671 -12.1752 82.5
      vertex 15.2324 -11.6882 82.5
      vertex 15.9642 -10.6669 82.5
    endloop
  endfacet
  facet normal 0 0 -1
    outer loop
      vertex 15.0368 -13.1869 82.5
      vertex 15.2324 -11.6882 82.5
      vertex 15.8671 -12.1752 82.5
    endloop
  endfacet
  facet normal 0 0 -1
    outer loop
      vertex 15.0368 -13.1869 82.5
      vertex 14.4353 -12.6594 82.5
      vertex 15.2324 -11.6882 82.5
    endloop
  endfacet
  facet normal 0 0 -1
    outer loop
      vertex 14.1421 -14.1421 82.5
      vertex 14.4353 -12.6594 82.5
      vertex 15.0368 -13.1869 82.5
    endloop
  endfacet
  facet normal 0 0 -1
    outer loop
      vertex 14.1421 -14.1421 82.5
      vertex 13.5764 -13.5764 82.5
      vertex 14.4353 -12.6594 82.5
    endloop
  endfacet
  facet normal 0 0 -1
    outer loop
      vertex 13.1869 -15.0368 82.5
      vertex 13.5764 -13.5764 82.5
      vertex 14.1421 -14.1421 82.5
    endloop
  endfacet
  facet normal 0 0 -1
    outer loop
      vertex 13.1869 -15.0368 82.5
      vertex 12.6594 -14.4353 82.5
      vertex 13.5764 -13.5764 82.5
    endloop
  endfacet
  facet normal 0 0 -1
    outer loop
      vertex 12.1752 -15.8671 82.5
      vertex 12.6594 -14.4353 82.5
      vertex 13.1869 -15.0368 82.5
    endloop
  endfacet
  facet normal 0 0 -1
    outer loop
      vertex 12.1752 -15.8671 82.5
      vertex 11.6882 -15.2324 82.5
      vertex 12.6594 -14.4353 82.5
    endloop
  endfacet
  facet normal 0 0 -1
    outer loop
      vertex 11.1114 -16.6294 82.5
      vertex 11.6882 -15.2324 82.5
      vertex 12.1752 -15.8671 82.5
    endloop
  endfacet
  facet normal 0 0 -1
    outer loop
      vertex 11.1114 -16.6294 82.5
      vertex 10.6669 -15.9642 82.5
      vertex 11.6882 -15.2324 82.5
    endloop
  endfacet
  facet normal 0 0 -1
    outer loop
      vertex 10 -17.3205 82.5
      vertex 10.6669 -15.9642 82.5
      vertex 11.1114 -16.6294 82.5
    endloop
  endfacet
  facet normal 0 0 -1
    outer loop
      vertex 10 -17.3205 82.5
      vertex 9.6 -16.6277 82.5
      vertex 10.6669 -15.9642 82.5
    endloop
  endfacet
  facet normal 0 0 -1
    outer loop
      vertex 8.84577 -17.9375 82.5
      vertex 9.6 -16.6277 82.5
      vertex 10 -17.3205 82.5
    endloop
  endfacet
  facet normal 0 0 -1
    outer loop
      vertex 8.84577 -17.9375 82.5
      vertex 8.49194 -17.22 82.5
      vertex 9.6 -16.6277 82.5
    endloop
  endfacet
  facet normal 0 0 -1
    outer loop
      vertex 7.65367 -18.4776 82.5
      vertex 8.49194 -17.22 82.5
      vertex 8.84577 -17.9375 82.5
    endloop
  endfacet
  facet normal 0 0 -1
    outer loop
      vertex 7.65367 -18.4776 82.5
      vertex 7.34752 -17.7385 82.5
      vertex 8.49194 -17.22 82.5
    endloop
  endfacet
  facet normal 0 0 -1
    outer loop
      vertex 6.42879 -18.9386 82.5
      vertex 7.34752 -17.7385 82.5
      vertex 7.65367 -18.4776 82.5
    endloop
  endfacet
  facet normal 0 0 -1
    outer loop
      vertex 6.42879 -18.9386 82.5
      vertex 6.17164 -18.1811 82.5
      vertex 7.34752 -17.7385 82.5
    endloop
  endfacet
  facet normal 0 0 -1
    outer loop
      vertex 5.17638 -19.3185 82.5
      vertex 6.17164 -18.1811 82.5
      vertex 6.42879 -18.9386 82.5
    endloop
  endfacet
  facet normal 0 0 -1
    outer loop
      vertex 5.17638 -19.3185 82.5
      vertex 4.96933 -18.5458 82.5
      vertex 6.17164 -18.1811 82.5
    endloop
  endfacet
  facet normal 0 0 -1
    outer loop
      vertex 3.90181 -19.6157 82.5
      vertex 4.96933 -18.5458 82.5
      vertex 5.17638 -19.3185 82.5
    endloop
  endfacet
  facet normal 0 0 -1
    outer loop
      vertex 3.90181 -19.6157 82.5
      vertex 3.74573 -18.8311 82.5
      vertex 4.96933 -18.5458 82.5
    endloop
  endfacet
  facet normal 0 0 -1
    outer loop
      vertex 2.61052 -19.8289 82.5
      vertex 3.74573 -18.8311 82.5
      vertex 3.90181 -19.6157 82.5
    endloop
  endfacet
  facet normal 0 0 -1
    outer loop
      vertex 2.61052 -19.8289 82.5
      vertex 2.5061 -19.0357 82.5
      vertex 3.74573 -18.8311 82.5
    endloop
  endfacet
  facet normal 0 0 -1
    outer loop
      vertex 1.30806 -19.9572 82.5
      vertex 2.5061 -19.0357 82.5
      vertex 2.61052 -19.8289 82.5
    endloop
  endfacet
  facet normal 0 0 -1
    outer loop
      vertex 1.30806 -19.9572 82.5
      vertex 1.25574 -19.1589 82.5
      vertex 2.5061 -19.0357 82.5
    endloop
  endfacet
  facet normal 0 0 -1
    outer loop
      vertex 0 -20 82.5
      vertex 1.25574 -19.1589 82.5
      vertex 1.30806 -19.9572 82.5
    endloop
  endfacet
  facet normal 0 0 -1
    outer loop
      vertex 0 -20 82.5
      vertex 0 -19.2 82.5
      vertex 1.25574 -19.1589 82.5
    endloop
  endfacet
  facet normal 0 0 -1
    outer loop
      vertex 0 -20 82.5
      vertex -1.25574 -19.1589 82.5
      vertex 0 -19.2 82.5
    endloop
  endfacet
  facet normal 0 0 -1
    outer loop
      vertex -1.30806 -19.9572 82.5
      vertex -1.25574 -19.1589 82.5
      vertex 0 -20 82.5
    endloop
  endfacet
  facet normal 0 0 -1
    outer loop
      vertex -1.30806 -19.9572 82.5
      vertex -2.5061 -19.0357 82.5
      vertex -1.25574 -19.1589 82.5
    endloop
  endfacet
  facet normal 0 0 -1
    outer loop
      vertex -2.61052 -19.8289 82.5
      vertex -2.5061 -19.0357 82.5
      vertex -1.30806 -19.9572 82.5
    endloop
  endfacet
  facet normal 0 0 -1
    outer loop
      vertex -2.61052 -19.8289 82.5
      vertex -3.74573 -18.8311 82.5
      vertex -2.5061 -19.0357 82.5
    endloop
  endfacet
  facet normal 0 0 -1
    outer loop
      vertex -3.90181 -19.6157 82.5
      vertex -3.74573 -18.8311 82.5
      vertex -2.61052 -19.8289 82.5
    endloop
  endfacet
  facet normal 0 0 -1
    outer loop
      vertex -3.90181 -19.6157 82.5
      vertex -4.96933 -18.5458 82.5
      vertex -3.74573 -18.8311 82.5
    endloop
  endfacet
  facet normal 0 0 -1
    outer loop
      vertex -5.17638 -19.3185 82.5
      vertex -4.96933 -18.5458 82.5
      vertex -3.90181 -19.6157 82.5
    endloop
  endfacet
  facet normal 0 0 -1
    outer loop
      vertex -5.17638 -19.3185 82.5
      vertex -6.17164 -18.1811 82.5
      vertex -4.96933 -18.5458 82.5
    endloop
  endfacet
  facet normal 0 0 -1
    outer loop
      vertex -6.42879 -18.9386 82.5
      vertex -6.17164 -18.1811 82.5
      vertex -5.17638 -19.3185 82.5
    endloop
  endfacet
  facet normal 0 0 -1
    outer loop
      vertex -6.42879 -18.9386 82.5
      vertex -7.34752 -17.7385 82.5
      vertex -6.17164 -18.1811 82.5
    endloop
  endfacet
  facet normal 0 0 -1
    outer loop
      vertex -7.65367 -18.4776 82.5
      vertex -7.34752 -17.7385 82.5
      vertex -6.42879 -18.9386 82.5
    endloop
  endfacet
  facet normal 0 0 -1
    outer loop
      vertex -7.65367 -18.4776 82.5
      vertex -8.49194 -17.22 82.5
      vertex -7.34752 -17.7385 82.5
    endloop
  endfacet
  facet normal 0 0 -1
    outer loop
      vertex -8.84577 -17.9375 82.5
      vertex -8.49194 -17.22 82.5
      vertex -7.65367 -18.4776 82.5
    endloop
  endfacet
  facet normal 0 0 -1
    outer loop
      vertex -8.84577 -17.9375 82.5
      vertex -9.6 -16.6277 82.5
      vertex -8.49194 -17.22 82.5
    endloop
  endfacet
  facet normal 0 0 -1
    outer loop
      vertex -10 -17.3205 82.5
      vertex -9.6 -16.6277 82.5
      vertex -8.84577 -17.9375 82.5
    endloop
  endfacet
  facet normal 0 0 -1
    outer loop
      vertex -10 -17.3205 82.5
      vertex -10.6669 -15.9642 82.5
      vertex -9.6 -16.6277 82.5
    endloop
  endfacet
  facet normal 0 0 -1
    outer loop
      vertex -11.1114 -16.6294 82.5
      vertex -10.6669 -15.9642 82.5
      vertex -10 -17.3205 82.5
    endloop
  endfacet
  facet normal 0 0 -1
    outer loop
      vertex -11.1114 -16.6294 82.5
      vertex -11.6882 -15.2324 82.5
      vertex -10.6669 -15.9642 82.5
    endloop
  endfacet
  facet normal 0 0 -1
    outer loop
      vertex -12.1752 -15.8671 82.5
      vertex -11.6882 -15.2324 82.5
      vertex -11.1114 -16.6294 82.5
    endloop
  endfacet
  facet normal 0 0 -1
    outer loop
      vertex -12.1752 -15.8671 82.5
      vertex -12.6594 -14.4353 82.5
      vertex -11.6882 -15.2324 82.5
    endloop
  endfacet
  facet normal 0 0 -1
    outer loop
      vertex -13.1869 -15.0368 82.5
      vertex -12.6594 -14.4353 82.5
      vertex -12.1752 -15.8671 82.5
    endloop
  endfacet
  facet normal 0 0 -1
    outer loop
      vertex -13.1869 -15.0368 82.5
      vertex -13.5764 -13.5764 82.5
      vertex -12.6594 -14.4353 82.5
    endloop
  endfacet
  facet normal 0 0 -1
    outer loop
      vertex -14.1421 -14.1421 82.5
      vertex -13.5764 -13.5764 82.5
      vertex -13.1869 -15.0368 82.5
    endloop
  endfacet
  facet normal 0 0 -1
    outer loop
      vertex -14.1421 -14.1421 82.5
      vertex -14.4353 -12.6594 82.5
      vertex -13.5764 -13.5764 82.5
    endloop
  endfacet
  facet normal 0 0 -1
    outer loop
      vertex -15.0368 -13.1869 82.5
      vertex -14.4353 -12.6594 82.5
      vertex -14.1421 -14.1421 82.5
    endloop
  endfacet
  facet normal 0 0 -1
    outer loop
      vertex -15.0368 -13.1869 82.5
      vertex -15.2324 -11.6882 82.5
      vertex -14.4353 -12.6594 82.5
    endloop
  endfacet
  facet normal 0 0 -1
    outer loop
      vertex -15.8671 -12.1752 82.5
      vertex -15.2324 -11.6882 82.5
      vertex -15.0368 -13.1869 82.5
    endloop
  endfacet
  facet normal 0 0 -1
    outer loop
      vertex -15.8671 -12.1752 82.5
      vertex -15.9642 -10.6669 82.5
      vertex -15.2324 -11.6882 82.5
    endloop
  endfacet
  facet normal 0 0 -1
    outer loop
      vertex -16.6294 -11.1114 82.5
      vertex -15.9642 -10.6669 82.5
      vertex -15.8671 -12.1752 82.5
    endloop
  endfacet
  facet normal -0 0 -1
    outer loop
      vertex -15.9642 -10.6669 82.5
      vertex -16.6294 -11.1114 82.5
      vertex -16.6277 -9.6 82.5
    endloop
  endfacet
  facet normal 0 0 -1
    outer loop
      vertex -17.3205 -10 82.5
      vertex -16.6277 -9.6 82.5
      vertex -16.6294 -11.1114 82.5
    endloop
  endfacet
  facet normal -0 0 -1
    outer loop
      vertex -16.6277 -9.6 82.5
      vertex -17.3205 -10 82.5
      vertex -17.22 -8.49194 82.5
    endloop
  endfacet
  facet normal 0 0 -1
    outer loop
      vertex -17.9375 -8.84577 82.5
      vertex -17.22 -8.49194 82.5
      vertex -17.3205 -10 82.5
    endloop
  endfacet
  facet normal -0 0 -1
    outer loop
      vertex -17.22 -8.49194 82.5
      vertex -17.9375 -8.84577 82.5
      vertex -17.7385 -7.34752 82.5
    endloop
  endfacet
  facet normal 0 0 -1
    outer loop
      vertex -18.4776 -7.65367 82.5
      vertex -17.7385 -7.34752 82.5
      vertex -17.9375 -8.84577 82.5
    endloop
  endfacet
  facet normal -0 0 -1
    outer loop
      vertex -17.7385 -7.34752 82.5
      vertex -18.4776 -7.65367 82.5
      vertex -18.1811 -6.17164 82.5
    endloop
  endfacet
  facet normal 0 0 -1
    outer loop
      vertex -18.9386 -6.42879 82.5
      vertex -18.1811 -6.17164 82.5
      vertex -18.4776 -7.65367 82.5
    endloop
  endfacet
  facet normal -0 0 -1
    outer loop
      vertex -18.1811 -6.17164 82.5
      vertex -18.9386 -6.42879 82.5
      vertex -18.5458 -4.96933 82.5
    endloop
  endfacet
  facet normal 0 0 -1
    outer loop
      vertex -19.3185 -5.17638 82.5
      vertex -18.5458 -4.96933 82.5
      vertex -18.9386 -6.42879 82.5
    endloop
  endfacet
  facet normal -0 0 -1
    outer loop
      vertex -18.5458 -4.96933 82.5
      vertex -19.3185 -5.17638 82.5
      vertex -18.8311 -3.74573 82.5
    endloop
  endfacet
  facet normal 0 0 -1
    outer loop
      vertex -19.6157 -3.90181 82.5
      vertex -18.8311 -3.74573 82.5
      vertex -19.3185 -5.17638 82.5
    endloop
  endfacet
  facet normal 0 0 -1
    outer loop
      vertex -19.8289 -2.61052 82.5
      vertex -19.0357 -2.5061 82.5
      vertex -19.6157 -3.90181 82.5
    endloop
  endfacet
  facet normal -0 0 -1
    outer loop
      vertex -18.8311 -3.74573 82.5
      vertex -19.6157 -3.90181 82.5
      vertex -19.0357 -2.5061 82.5
    endloop
  endfacet
  facet normal -0 0 -1
    outer loop
      vertex 19.8289 2.61052 82.5
      vertex 19.0357 2.5061 82.5
      vertex 19.6157 3.90181 82.5
    endloop
  endfacet
  facet normal 0 0 -1
    outer loop
      vertex 18.8311 3.74573 82.5
      vertex 19.6157 3.90181 82.5
      vertex 19.0357 2.5061 82.5
    endloop
  endfacet
  facet normal -0 0 -1
    outer loop
      vertex 19.6157 3.90181 82.5
      vertex 18.8311 3.74573 82.5
      vertex 19.3185 5.17638 82.5
    endloop
  endfacet
  facet normal 0 0 -1
    outer loop
      vertex 18.5458 4.96933 82.5
      vertex 19.3185 5.17638 82.5
      vertex 18.8311 3.74573 82.5
    endloop
  endfacet
  facet normal -0 0 -1
    outer loop
      vertex 19.3185 5.17638 82.5
      vertex 18.5458 4.96933 82.5
      vertex 18.9386 6.42879 82.5
    endloop
  endfacet
  facet normal 0 0 -1
    outer loop
      vertex 18.1811 6.17164 82.5
      vertex 18.9386 6.42879 82.5
      vertex 18.5458 4.96933 82.5
    endloop
  endfacet
  facet normal -0 0 -1
    outer loop
      vertex 18.9386 6.42879 82.5
      vertex 18.1811 6.17164 82.5
      vertex 18.4776 7.65367 82.5
    endloop
  endfacet
  facet normal 0 0 -1
    outer loop
      vertex 17.7385 7.34752 82.5
      vertex 18.4776 7.65367 82.5
      vertex 18.1811 6.17164 82.5
    endloop
  endfacet
  facet normal -0 0 -1
    outer loop
      vertex 18.4776 7.65367 82.5
      vertex 17.7385 7.34752 82.5
      vertex 17.9375 8.84577 82.5
    endloop
  endfacet
  facet normal 0 0 -1
    outer loop
      vertex 17.22 8.49194 82.5
      vertex 17.9375 8.84577 82.5
      vertex 17.7385 7.34752 82.5
    endloop
  endfacet
  facet normal -0 0 -1
    outer loop
      vertex 17.9375 8.84577 82.5
      vertex 17.22 8.49194 82.5
      vertex 17.3205 10 82.5
    endloop
  endfacet
  facet normal 0 0 -1
    outer loop
      vertex 16.6277 9.6 82.5
      vertex 17.3205 10 82.5
      vertex 17.22 8.49194 82.5
    endloop
  endfacet
  facet normal -0 0 -1
    outer loop
      vertex 17.3205 10 82.5
      vertex 16.6277 9.6 82.5
      vertex 16.6294 11.1114 82.5
    endloop
  endfacet
  facet normal 0 0 -1
    outer loop
      vertex 15.9642 10.6669 82.5
      vertex 16.6294 11.1114 82.5
      vertex 16.6277 9.6 82.5
    endloop
  endfacet
  facet normal 0 0 -1
    outer loop
      vertex 15.9642 10.6669 82.5
      vertex 15.8671 12.1752 82.5
      vertex 16.6294 11.1114 82.5
    endloop
  endfacet
  facet normal 0 0 -1
    outer loop
      vertex 15.2324 11.6882 82.5
      vertex 15.8671 12.1752 82.5
      vertex 15.9642 10.6669 82.5
    endloop
  endfacet
  facet normal 0 0 -1
    outer loop
      vertex 15.2324 11.6882 82.5
      vertex 15.0368 13.1869 82.5
      vertex 15.8671 12.1752 82.5
    endloop
  endfacet
  facet normal 0 0 -1
    outer loop
      vertex 14.4353 12.6594 82.5
      vertex 15.0368 13.1869 82.5
      vertex 15.2324 11.6882 82.5
    endloop
  endfacet
  facet normal 0 0 -1
    outer loop
      vertex 14.4353 12.6594 82.5
      vertex 14.1421 14.1421 82.5
      vertex 15.0368 13.1869 82.5
    endloop
  endfacet
  facet normal 0 0 -1
    outer loop
      vertex 13.5764 13.5764 82.5
      vertex 14.1421 14.1421 82.5
      vertex 14.4353 12.6594 82.5
    endloop
  endfacet
  facet normal 0 0 -1
    outer loop
      vertex 13.5764 13.5764 82.5
      vertex 13.1869 15.0368 82.5
      vertex 14.1421 14.1421 82.5
    endloop
  endfacet
  facet normal 0 0 -1
    outer loop
      vertex 12.6594 14.4353 82.5
      vertex 13.1869 15.0368 82.5
      vertex 13.5764 13.5764 82.5
    endloop
  endfacet
  facet normal 0 0 -1
    outer loop
      vertex 12.6594 14.4353 82.5
      vertex 12.1752 15.8671 82.5
      vertex 13.1869 15.0368 82.5
    endloop
  endfacet
  facet normal 0 0 -1
    outer loop
      vertex 11.6882 15.2324 82.5
      vertex 12.1752 15.8671 82.5
      vertex 12.6594 14.4353 82.5
    endloop
  endfacet
  facet normal 0 0 -1
    outer loop
      vertex 11.6882 15.2324 82.5
      vertex 11.1114 16.6294 82.5
      vertex 12.1752 15.8671 82.5
    endloop
  endfacet
  facet normal 0 0 -1
    outer loop
      vertex 10.6669 15.9642 82.5
      vertex 11.1114 16.6294 82.5
      vertex 11.6882 15.2324 82.5
    endloop
  endfacet
  facet normal 0 0 -1
    outer loop
      vertex 10.6669 15.9642 82.5
      vertex 10 17.3205 82.5
      vertex 11.1114 16.6294 82.5
    endloop
  endfacet
  facet normal 0 0 -1
    outer loop
      vertex 9.6 16.6277 82.5
      vertex 10 17.3205 82.5
      vertex 10.6669 15.9642 82.5
    endloop
  endfacet
  facet normal 0 0 -1
    outer loop
      vertex 9.6 16.6277 82.5
      vertex 8.84577 17.9375 82.5
      vertex 10 17.3205 82.5
    endloop
  endfacet
  facet normal 0 0 -1
    outer loop
      vertex 8.49194 17.22 82.5
      vertex 8.84577 17.9375 82.5
      vertex 9.6 16.6277 82.5
    endloop
  endfacet
  facet normal 0 0 -1
    outer loop
      vertex 8.49194 17.22 82.5
      vertex 7.65367 18.4776 82.5
      vertex 8.84577 17.9375 82.5
    endloop
  endfacet
  facet normal 0 0 -1
    outer loop
      vertex 7.34752 17.7385 82.5
      vertex 7.65367 18.4776 82.5
      vertex 8.49194 17.22 82.5
    endloop
  endfacet
  facet normal 0 0 -1
    outer loop
      vertex 7.34752 17.7385 82.5
      vertex 6.42879 18.9386 82.5
      vertex 7.65367 18.4776 82.5
    endloop
  endfacet
  facet normal 0 0 -1
    outer loop
      vertex 6.17164 18.1811 82.5
      vertex 6.42879 18.9386 82.5
      vertex 7.34752 17.7385 82.5
    endloop
  endfacet
  facet normal 0 0 -1
    outer loop
      vertex 6.17164 18.1811 82.5
      vertex 5.17638 19.3185 82.5
      vertex 6.42879 18.9386 82.5
    endloop
  endfacet
  facet normal 0 0 -1
    outer loop
      vertex 4.96933 18.5458 82.5
      vertex 5.17638 19.3185 82.5
      vertex 6.17164 18.1811 82.5
    endloop
  endfacet
  facet normal 0 0 -1
    outer loop
      vertex 4.96933 18.5458 82.5
      vertex 3.90181 19.6157 82.5
      vertex 5.17638 19.3185 82.5
    endloop
  endfacet
  facet normal 0 0 -1
    outer loop
      vertex 3.74573 18.8311 82.5
      vertex 3.90181 19.6157 82.5
      vertex 4.96933 18.5458 82.5
    endloop
  endfacet
  facet normal 0 0 -1
    outer loop
      vertex 3.74573 18.8311 82.5
      vertex 2.61052 19.8289 82.5
      vertex 3.90181 19.6157 82.5
    endloop
  endfacet
  facet normal 0 0 -1
    outer loop
      vertex 2.5061 19.0357 82.5
      vertex 2.61052 19.8289 82.5
      vertex 3.74573 18.8311 82.5
    endloop
  endfacet
  facet normal 0 0 -1
    outer loop
      vertex 2.5061 19.0357 82.5
      vertex 1.30806 19.9572 82.5
      vertex 2.61052 19.8289 82.5
    endloop
  endfacet
  facet normal 0 0 -1
    outer loop
      vertex 1.25574 19.1589 82.5
      vertex 1.30806 19.9572 82.5
      vertex 2.5061 19.0357 82.5
    endloop
  endfacet
  facet normal 0 0 -1
    outer loop
      vertex 0 19.2 82.5
      vertex 1.30806 19.9572 82.5
      vertex 1.25574 19.1589 82.5
    endloop
  endfacet
  facet normal 0 0 -1
    outer loop
      vertex 0 19.2 82.5
      vertex 0 20 82.5
      vertex 1.30806 19.9572 82.5
    endloop
  endfacet
  facet normal 0 0 -1
    outer loop
      vertex -1.25574 19.1589 82.5
      vertex 0 20 82.5
      vertex 0 19.2 82.5
    endloop
  endfacet
  facet normal 0 0 -1
    outer loop
      vertex -1.25574 19.1589 82.5
      vertex -1.30806 19.9572 82.5
      vertex 0 20 82.5
    endloop
  endfacet
  facet normal 0 0 -1
    outer loop
      vertex -2.5061 19.0357 82.5
      vertex -1.30806 19.9572 82.5
      vertex -1.25574 19.1589 82.5
    endloop
  endfacet
  facet normal 0 0 -1
    outer loop
      vertex -2.5061 19.0357 82.5
      vertex -2.61052 19.8289 82.5
      vertex -1.30806 19.9572 82.5
    endloop
  endfacet
  facet normal 0 0 -1
    outer loop
      vertex -3.74573 18.8311 82.5
      vertex -2.61052 19.8289 82.5
      vertex -2.5061 19.0357 82.5
    endloop
  endfacet
  facet normal 0 0 -1
    outer loop
      vertex -3.74573 18.8311 82.5
      vertex -3.90181 19.6157 82.5
      vertex -2.61052 19.8289 82.5
    endloop
  endfacet
  facet normal 0 0 -1
    outer loop
      vertex -4.96933 18.5458 82.5
      vertex -3.90181 19.6157 82.5
      vertex -3.74573 18.8311 82.5
    endloop
  endfacet
  facet normal 0 0 -1
    outer loop
      vertex -4.96933 18.5458 82.5
      vertex -5.17638 19.3185 82.5
      vertex -3.90181 19.6157 82.5
    endloop
  endfacet
  facet normal 0 0 -1
    outer loop
      vertex -6.17164 18.1811 82.5
      vertex -5.17638 19.3185 82.5
      vertex -4.96933 18.5458 82.5
    endloop
  endfacet
  facet normal 0 0 -1
    outer loop
      vertex -6.17164 18.1811 82.5
      vertex -6.42879 18.9386 82.5
      vertex -5.17638 19.3185 82.5
    endloop
  endfacet
  facet normal 0 0 -1
    outer loop
      vertex -7.34752 17.7385 82.5
      vertex -6.42879 18.9386 82.5
      vertex -6.17164 18.1811 82.5
    endloop
  endfacet
  facet normal 0 0 -1
    outer loop
      vertex -7.34752 17.7385 82.5
      vertex -7.65367 18.4776 82.5
      vertex -6.42879 18.9386 82.5
    endloop
  endfacet
  facet normal 0 0 -1
    outer loop
      vertex -8.49194 17.22 82.5
      vertex -7.65367 18.4776 82.5
      vertex -7.34752 17.7385 82.5
    endloop
  endfacet
  facet normal 0 0 -1
    outer loop
      vertex -8.49194 17.22 82.5
      vertex -8.84577 17.9375 82.5
      vertex -7.65367 18.4776 82.5
    endloop
  endfacet
  facet normal 0 0 -1
    outer loop
      vertex -9.6 16.6277 82.5
      vertex -8.84577 17.9375 82.5
      vertex -8.49194 17.22 82.5
    endloop
  endfacet
  facet normal 0 0 -1
    outer loop
      vertex -9.6 16.6277 82.5
      vertex -10 17.3205 82.5
      vertex -8.84577 17.9375 82.5
    endloop
  endfacet
  facet normal 0 0 -1
    outer loop
      vertex -10.6669 15.9642 82.5
      vertex -10 17.3205 82.5
      vertex -9.6 16.6277 82.5
    endloop
  endfacet
  facet normal 0 0 -1
    outer loop
      vertex -10.6669 15.9642 82.5
      vertex -11.1114 16.6294 82.5
      vertex -10 17.3205 82.5
    endloop
  endfacet
  facet normal 0 0 -1
    outer loop
      vertex -11.6882 15.2324 82.5
      vertex -11.1114 16.6294 82.5
      vertex -10.6669 15.9642 82.5
    endloop
  endfacet
  facet normal 0 0 -1
    outer loop
      vertex -11.6882 15.2324 82.5
      vertex -12.1752 15.8671 82.5
      vertex -11.1114 16.6294 82.5
    endloop
  endfacet
  facet normal 0 0 -1
    outer loop
      vertex -12.6594 14.4353 82.5
      vertex -12.1752 15.8671 82.5
      vertex -11.6882 15.2324 82.5
    endloop
  endfacet
  facet normal 0 0 -1
    outer loop
      vertex -12.6594 14.4353 82.5
      vertex -13.1869 15.0368 82.5
      vertex -12.1752 15.8671 82.5
    endloop
  endfacet
  facet normal 0 0 -1
    outer loop
      vertex -13.5764 13.5764 82.5
      vertex -13.1869 15.0368 82.5
      vertex -12.6594 14.4353 82.5
    endloop
  endfacet
  facet normal 0 0 -1
    outer loop
      vertex -13.5764 13.5764 82.5
      vertex -14.1421 14.1421 82.5
      vertex -13.1869 15.0368 82.5
    endloop
  endfacet
  facet normal 0 0 -1
    outer loop
      vertex -14.4353 12.6594 82.5
      vertex -14.1421 14.1421 82.5
      vertex -13.5764 13.5764 82.5
    endloop
  endfacet
  facet normal 0 0 -1
    outer loop
      vertex -14.4353 12.6594 82.5
      vertex -15.0368 13.1869 82.5
      vertex -14.1421 14.1421 82.5
    endloop
  endfacet
  facet normal 0 0 -1
    outer loop
      vertex -15.2324 11.6882 82.5
      vertex -15.0368 13.1869 82.5
      vertex -14.4353 12.6594 82.5
    endloop
  endfacet
  facet normal 0 0 -1
    outer loop
      vertex -15.2324 11.6882 82.5
      vertex -15.8671 12.1752 82.5
      vertex -15.0368 13.1869 82.5
    endloop
  endfacet
  facet normal 0 0 -1
    outer loop
      vertex -15.9642 10.6669 82.5
      vertex -15.8671 12.1752 82.5
      vertex -15.2324 11.6882 82.5
    endloop
  endfacet
  facet normal 0 0 -1
    outer loop
      vertex -16.6294 11.1114 82.5
      vertex -15.9642 10.6669 82.5
      vertex -16.6277 9.6 82.5
    endloop
  endfacet
  facet normal 0 0 -1
    outer loop
      vertex -15.9642 10.6669 82.5
      vertex -16.6294 11.1114 82.5
      vertex -15.8671 12.1752 82.5
    endloop
  endfacet
  facet normal 0 0 -1
    outer loop
      vertex -17.3205 10 82.5
      vertex -16.6277 9.6 82.5
      vertex -17.22 8.49194 82.5
    endloop
  endfacet
  facet normal 0 0 -1
    outer loop
      vertex -16.6277 9.6 82.5
      vertex -17.3205 10 82.5
      vertex -16.6294 11.1114 82.5
    endloop
  endfacet
  facet normal 0 0 -1
    outer loop
      vertex -17.9375 8.84577 82.5
      vertex -17.22 8.49194 82.5
      vertex -17.7385 7.34752 82.5
    endloop
  endfacet
  facet normal 0 0 -1
    outer loop
      vertex -17.22 8.49194 82.5
      vertex -17.9375 8.84577 82.5
      vertex -17.3205 10 82.5
    endloop
  endfacet
  facet normal 0 0 -1
    outer loop
      vertex -18.4776 7.65367 82.5
      vertex -17.7385 7.34752 82.5
      vertex -18.1811 6.17164 82.5
    endloop
  endfacet
  facet normal 0 0 -1
    outer loop
      vertex -17.7385 7.34752 82.5
      vertex -18.4776 7.65367 82.5
      vertex -17.9375 8.84577 82.5
    endloop
  endfacet
  facet normal 0 0 -1
    outer loop
      vertex -18.9386 6.42879 82.5
      vertex -18.1811 6.17164 82.5
      vertex -18.5458 4.96933 82.5
    endloop
  endfacet
  facet normal 0 0 -1
    outer loop
      vertex -19.3185 5.17638 82.5
      vertex -18.5458 4.96933 82.5
      vertex -18.8311 3.74573 82.5
    endloop
  endfacet
  facet normal 0 0 -1
    outer loop
      vertex -18.1811 6.17164 82.5
      vertex -18.9386 6.42879 82.5
      vertex -18.4776 7.65367 82.5
    endloop
  endfacet
  facet normal 0 0 -1
    outer loop
      vertex -19.6157 3.90181 82.5
      vertex -18.8311 3.74573 82.5
      vertex -19.0357 2.5061 82.5
    endloop
  endfacet
  facet normal 0 0 -1
    outer loop
      vertex -19.8289 2.61052 82.5
      vertex -19.0357 2.5061 82.5
      vertex -19.1589 1.25574 82.5
    endloop
  endfacet
  facet normal 0 0 -1
    outer loop
      vertex -18.5458 4.96933 82.5
      vertex -19.3185 5.17638 82.5
      vertex -18.9386 6.42879 82.5
    endloop
  endfacet
  facet normal 0 0 -1
    outer loop
      vertex -19.9572 1.30806 82.5
      vertex -19.1589 1.25574 82.5
      vertex -19.2 0 82.5
    endloop
  endfacet
  facet normal -0 0 -1
    outer loop
      vertex -19.0357 -2.5061 82.5
      vertex -19.8289 -2.61052 82.5
      vertex -19.1589 -1.25574 82.5
    endloop
  endfacet
  facet normal 0 0 -1
    outer loop
      vertex -19.9572 -1.30806 82.5
      vertex -19.1589 -1.25574 82.5
      vertex -19.8289 -2.61052 82.5
    endloop
  endfacet
  facet normal 0 0 -1
    outer loop
      vertex -18.8311 3.74573 82.5
      vertex -19.6157 3.90181 82.5
      vertex -19.3185 5.17638 82.5
    endloop
  endfacet
  facet normal -0 0 -1
    outer loop
      vertex -19.1589 -1.25574 82.5
      vertex -19.9572 -1.30806 82.5
      vertex -19.2 0 82.5
    endloop
  endfacet
  facet normal 0 0 -1
    outer loop
      vertex -19.0357 2.5061 82.5
      vertex -19.8289 2.61052 82.5
      vertex -19.6157 3.90181 82.5
    endloop
  endfacet
  facet normal 0 0 -1
    outer loop
      vertex -20 0 82.5
      vertex -19.2 0 82.5
      vertex -19.9572 -1.30806 82.5
    endloop
  endfacet
  facet normal 0 0 -1
    outer loop
      vertex -19.1589 1.25574 82.5
      vertex -19.9572 1.30806 82.5
      vertex -19.8289 2.61052 82.5
    endloop
  endfacet
  facet normal 0 0 -1
    outer loop
      vertex -19.2 0 82.5
      vertex -20 0 82.5
      vertex -19.9572 1.30806 82.5
    endloop
  endfacet
  facet normal 0.999465 0.0327122 0
    outer loop
      vertex 19.2 0 82.5
      vertex 19.1589 1.25574 77.5
      vertex 19.1589 1.25574 82.5
    endloop
  endfacet
  facet normal 0.999465 0.0327122 0
    outer loop
      vertex 19.1589 1.25574 77.5
      vertex 19.2 0 82.5
      vertex 19.2 0 77.5
    endloop
  endfacet
  facet normal -0.999465 0.0327122 0
    outer loop
      vertex -19.2 0 77.5
      vertex -19.1589 1.25574 82.5
      vertex -19.1589 1.25574 77.5
    endloop
  endfacet
  facet normal -0.999465 0.0327122 0
    outer loop
      vertex -19.1589 1.25574 82.5
      vertex -19.2 0 77.5
      vertex -19.2 0 82.5
    endloop
  endfacet
  facet normal 0.0327122 0.999465 -0
    outer loop
      vertex 1.25574 19.1589 77.5
      vertex 0 19.2 82.5
      vertex 1.25574 19.1589 82.5
    endloop
  endfacet
  facet normal 0.0327122 0.999465 0
    outer loop
      vertex 0 19.2 82.5
      vertex 1.25574 19.1589 77.5
      vertex 0 19.2 77.5
    endloop
  endfacet
  facet normal 0.683607 0.72985 -0
    outer loop
      vertex 13.5764 13.5764 77.5
      vertex 12.6594 14.4353 82.5
      vertex 13.5764 13.5764 82.5
    endloop
  endfacet
  facet normal 0.683607 0.72985 0
    outer loop
      vertex 12.6594 14.4353 82.5
      vertex 13.5764 13.5764 77.5
      vertex 12.6594 14.4353 77.5
    endloop
  endfacet
  facet normal -0.683607 0.72985 0
    outer loop
      vertex -12.6594 14.4353 77.5
      vertex -13.5764 13.5764 82.5
      vertex -12.6594 14.4353 82.5
    endloop
  endfacet
  facet normal -0.683607 0.72985 0
    outer loop
      vertex -13.5764 13.5764 82.5
      vertex -12.6594 14.4353 77.5
      vertex -13.5764 13.5764 77.5
    endloop
  endfacet
  facet normal 0.910873 0.412687 0
    outer loop
      vertex 17.7385 7.34752 82.5
      vertex 17.22 8.49194 77.5
      vertex 17.22 8.49194 82.5
    endloop
  endfacet
  facet normal 0.910873 0.412687 0
    outer loop
      vertex 17.22 8.49194 77.5
      vertex 17.7385 7.34752 82.5
      vertex 17.7385 7.34752 77.5
    endloop
  endfacet
  facet normal -0.812867 0.58245 0
    outer loop
      vertex -15.9642 10.6669 77.5
      vertex -15.2324 11.6882 82.5
      vertex -15.2324 11.6882 77.5
    endloop
  endfacet
  facet normal -0.812867 0.58245 0
    outer loop
      vertex -15.2324 11.6882 82.5
      vertex -15.9642 10.6669 77.5
      vertex -15.9642 10.6669 82.5
    endloop
  endfacet
  facet normal -0.162846 0.986651 0
    outer loop
      vertex -2.5061 19.0357 77.5
      vertex -3.74573 18.8311 82.5
      vertex -2.5061 19.0357 82.5
    endloop
  endfacet
  facet normal -0.162846 0.986651 0
    outer loop
      vertex -3.74573 18.8311 82.5
      vertex -2.5061 19.0357 77.5
      vertex -3.74573 18.8311 77.5
    endloop
  endfacet
  facet normal 0.881911 -0.471415 0
    outer loop
      vertex 16.6277 -9.6 82.5
      vertex 17.22 -8.49194 77.5
      vertex 17.22 -8.49194 82.5
    endloop
  endfacet
  facet normal 0.881911 -0.471415 0
    outer loop
      vertex 17.22 -8.49194 77.5
      vertex 16.6277 -9.6 82.5
      vertex 16.6277 -9.6 77.5
    endloop
  endfacet
  facet normal 0.290272 -0.956944 0
    outer loop
      vertex 4.96933 -18.5458 77.5
      vertex 6.17164 -18.1811 82.5
      vertex 4.96933 -18.5458 82.5
    endloop
  endfacet
  facet normal 0.290272 -0.956944 0
    outer loop
      vertex 6.17164 -18.1811 82.5
      vertex 4.96933 -18.5458 77.5
      vertex 6.17164 -18.1811 77.5
    endloop
  endfacet
  facet normal 0.72985 -0.683607 0
    outer loop
      vertex 13.5764 -13.5764 82.5
      vertex 14.4353 -12.6594 77.5
      vertex 14.4353 -12.6594 82.5
    endloop
  endfacet
  facet normal 0.72985 -0.683607 0
    outer loop
      vertex 14.4353 -12.6594 77.5
      vertex 13.5764 -13.5764 82.5
      vertex 13.5764 -13.5764 77.5
    endloop
  endfacet
  facet normal 0.956944 -0.290272 0
    outer loop
      vertex 18.1811 -6.17164 82.5
      vertex 18.5458 -4.96933 77.5
      vertex 18.5458 -4.96933 82.5
    endloop
  endfacet
  facet normal 0.956944 -0.290272 0
    outer loop
      vertex 18.5458 -4.96933 77.5
      vertex 18.1811 -6.17164 82.5
      vertex 18.1811 -6.17164 77.5
    endloop
  endfacet
  facet normal -0.352271 -0.935898 0
    outer loop
      vertex -7.34752 -17.7385 77.5
      vertex -6.17164 -18.1811 82.5
      vertex -7.34752 -17.7385 82.5
    endloop
  endfacet
  facet normal -0.352271 -0.935898 -0
    outer loop
      vertex -6.17164 -18.1811 82.5
      vertex -7.34752 -17.7385 77.5
      vertex -6.17164 -18.1811 77.5
    endloop
  endfacet
  facet normal -0.772988 -0.63442 0
    outer loop
      vertex -14.4353 -12.6594 77.5
      vertex -15.2324 -11.6882 82.5
      vertex -15.2324 -11.6882 77.5
    endloop
  endfacet
  facet normal -0.772988 -0.63442 0
    outer loop
      vertex -15.2324 -11.6882 82.5
      vertex -14.4353 -12.6594 77.5
      vertex -14.4353 -12.6594 82.5
    endloop
  endfacet
  facet normal -0.935898 -0.352271 0
    outer loop
      vertex -17.7385 -7.34752 77.5
      vertex -18.1811 -6.17164 82.5
      vertex -18.1811 -6.17164 77.5
    endloop
  endfacet
  facet normal -0.935898 -0.352271 0
    outer loop
      vertex -18.1811 -6.17164 82.5
      vertex -17.7385 -7.34752 77.5
      vertex -17.7385 -7.34752 82.5
    endloop
  endfacet
  facet normal 0.986651 0.162846 0
    outer loop
      vertex 19.0357 2.5061 82.5
      vertex 18.8311 3.74573 77.5
      vertex 18.8311 3.74573 82.5
    endloop
  endfacet
  facet normal 0.986651 0.162846 0
    outer loop
      vertex 18.8311 3.74573 77.5
      vertex 19.0357 2.5061 82.5
      vertex 19.0357 2.5061 77.5
    endloop
  endfacet
  facet normal 0.995181 0.0980568 0
    outer loop
      vertex 19.1589 1.25574 82.5
      vertex 19.0357 2.5061 77.5
      vertex 19.0357 2.5061 82.5
    endloop
  endfacet
  facet normal 0.995181 0.0980568 0
    outer loop
      vertex 19.0357 2.5061 77.5
      vertex 19.1589 1.25574 82.5
      vertex 19.1589 1.25574 77.5
    endloop
  endfacet
  facet normal 0.956944 0.290272 0
    outer loop
      vertex 18.5458 4.96933 82.5
      vertex 18.1811 6.17164 77.5
      vertex 18.1811 6.17164 82.5
    endloop
  endfacet
  facet normal 0.956944 0.290272 0
    outer loop
      vertex 18.1811 6.17164 77.5
      vertex 18.5458 4.96933 82.5
      vertex 18.5458 4.96933 77.5
    endloop
  endfacet
  facet normal 0.812867 0.58245 0
    outer loop
      vertex 15.9642 10.6669 82.5
      vertex 15.2324 11.6882 77.5
      vertex 15.2324 11.6882 82.5
    endloop
  endfacet
  facet normal 0.812867 0.58245 0
    outer loop
      vertex 15.2324 11.6882 77.5
      vertex 15.9642 10.6669 82.5
      vertex 15.9642 10.6669 77.5
    endloop
  endfacet
  facet normal 0.772988 0.63442 0
    outer loop
      vertex 15.2324 11.6882 82.5
      vertex 14.4353 12.6594 77.5
      vertex 14.4353 12.6594 82.5
    endloop
  endfacet
  facet normal 0.772988 0.63442 0
    outer loop
      vertex 14.4353 12.6594 77.5
      vertex 15.2324 11.6882 82.5
      vertex 15.2324 11.6882 77.5
    endloop
  endfacet
  facet normal 0.227074 0.973878 -0
    outer loop
      vertex 4.96933 18.5458 77.5
      vertex 3.74573 18.8311 82.5
      vertex 4.96933 18.5458 82.5
    endloop
  endfacet
  facet normal 0.227074 0.973878 0
    outer loop
      vertex 3.74573 18.8311 82.5
      vertex 4.96933 18.5458 77.5
      vertex 3.74573 18.8311 77.5
    endloop
  endfacet
  facet normal 0.290272 0.956944 -0
    outer loop
      vertex 6.17164 18.1811 77.5
      vertex 4.96933 18.5458 82.5
      vertex 6.17164 18.1811 82.5
    endloop
  endfacet
  facet normal 0.290272 0.956944 0
    outer loop
      vertex 4.96933 18.5458 82.5
      vertex 6.17164 18.1811 77.5
      vertex 4.96933 18.5458 77.5
    endloop
  endfacet
  facet normal 0.0980568 0.995181 -0
    outer loop
      vertex 2.5061 19.0357 77.5
      vertex 1.25574 19.1589 82.5
      vertex 2.5061 19.0357 82.5
    endloop
  endfacet
  facet normal 0.0980568 0.995181 0
    outer loop
      vertex 1.25574 19.1589 82.5
      vertex 2.5061 19.0357 77.5
      vertex 1.25574 19.1589 77.5
    endloop
  endfacet
  facet normal 0.528102 0.849181 -0
    outer loop
      vertex 10.6669 15.9642 77.5
      vertex 9.6 16.6277 82.5
      vertex 10.6669 15.9642 82.5
    endloop
  endfacet
  facet normal 0.528102 0.849181 0
    outer loop
      vertex 9.6 16.6277 82.5
      vertex 10.6669 15.9642 77.5
      vertex 9.6 16.6277 77.5
    endloop
  endfacet
  facet normal 0.471415 0.881911 -0
    outer loop
      vertex 9.6 16.6277 77.5
      vertex 8.49194 17.22 82.5
      vertex 9.6 16.6277 82.5
    endloop
  endfacet
  facet normal 0.471415 0.881911 0
    outer loop
      vertex 8.49194 17.22 82.5
      vertex 9.6 16.6277 77.5
      vertex 8.49194 17.22 77.5
    endloop
  endfacet
  facet normal -0.973878 0.227074 0
    outer loop
      vertex -18.8311 3.74573 77.5
      vertex -18.5458 4.96933 82.5
      vertex -18.5458 4.96933 77.5
    endloop
  endfacet
  facet normal -0.973878 0.227074 0
    outer loop
      vertex -18.5458 4.96933 82.5
      vertex -18.8311 3.74573 77.5
      vertex -18.8311 3.74573 82.5
    endloop
  endfacet
  facet normal -0.772988 0.63442 0
    outer loop
      vertex -15.2324 11.6882 77.5
      vertex -14.4353 12.6594 82.5
      vertex -14.4353 12.6594 77.5
    endloop
  endfacet
  facet normal -0.772988 0.63442 0
    outer loop
      vertex -14.4353 12.6594 82.5
      vertex -15.2324 11.6882 77.5
      vertex -15.2324 11.6882 82.5
    endloop
  endfacet
  facet normal -0.910873 0.412687 0
    outer loop
      vertex -17.7385 7.34752 77.5
      vertex -17.22 8.49194 82.5
      vertex -17.22 8.49194 77.5
    endloop
  endfacet
  facet normal -0.910873 0.412687 0
    outer loop
      vertex -17.22 8.49194 82.5
      vertex -17.7385 7.34752 77.5
      vertex -17.7385 7.34752 82.5
    endloop
  endfacet
  facet normal -0.881911 0.471415 0
    outer loop
      vertex -17.22 8.49194 77.5
      vertex -16.6277 9.6 82.5
      vertex -16.6277 9.6 77.5
    endloop
  endfacet
  facet normal -0.881911 0.471415 0
    outer loop
      vertex -16.6277 9.6 82.5
      vertex -17.22 8.49194 77.5
      vertex -17.22 8.49194 82.5
    endloop
  endfacet
  facet normal -0.956944 0.290272 0
    outer loop
      vertex -18.5458 4.96933 77.5
      vertex -18.1811 6.17164 82.5
      vertex -18.1811 6.17164 77.5
    endloop
  endfacet
  facet normal -0.956944 0.290272 0
    outer loop
      vertex -18.1811 6.17164 82.5
      vertex -18.5458 4.96933 77.5
      vertex -18.5458 4.96933 82.5
    endloop
  endfacet
  facet normal -0.986651 0.162846 0
    outer loop
      vertex -19.0357 2.5061 77.5
      vertex -18.8311 3.74573 82.5
      vertex -18.8311 3.74573 77.5
    endloop
  endfacet
  facet normal -0.986651 0.162846 0
    outer loop
      vertex -18.8311 3.74573 82.5
      vertex -19.0357 2.5061 77.5
      vertex -19.0357 2.5061 82.5
    endloop
  endfacet
  facet normal -0.412687 0.910873 0
    outer loop
      vertex -7.34752 17.7385 77.5
      vertex -8.49194 17.22 82.5
      vertex -7.34752 17.7385 82.5
    endloop
  endfacet
  facet normal -0.412687 0.910873 0
    outer loop
      vertex -8.49194 17.22 82.5
      vertex -7.34752 17.7385 77.5
      vertex -8.49194 17.22 77.5
    endloop
  endfacet
  facet normal -0.471415 0.881911 0
    outer loop
      vertex -8.49194 17.22 77.5
      vertex -9.6 16.6277 82.5
      vertex -8.49194 17.22 82.5
    endloop
  endfacet
  facet normal -0.471415 0.881911 0
    outer loop
      vertex -9.6 16.6277 82.5
      vertex -8.49194 17.22 77.5
      vertex -9.6 16.6277 77.5
    endloop
  endfacet
  facet normal -0.58245 0.812867 0
    outer loop
      vertex -10.6669 15.9642 77.5
      vertex -11.6882 15.2324 82.5
      vertex -10.6669 15.9642 82.5
    endloop
  endfacet
  facet normal -0.58245 0.812867 0
    outer loop
      vertex -11.6882 15.2324 82.5
      vertex -10.6669 15.9642 77.5
      vertex -11.6882 15.2324 77.5
    endloop
  endfacet
  facet normal -0.227074 0.973878 0
    outer loop
      vertex -3.74573 18.8311 77.5
      vertex -4.96933 18.5458 82.5
      vertex -3.74573 18.8311 82.5
    endloop
  endfacet
  facet normal -0.227074 0.973878 0
    outer loop
      vertex -4.96933 18.5458 82.5
      vertex -3.74573 18.8311 77.5
      vertex -4.96933 18.5458 77.5
    endloop
  endfacet
  facet normal -0.0327122 0.999465 0
    outer loop
      vertex 0 19.2 77.5
      vertex -1.25574 19.1589 82.5
      vertex 0 19.2 82.5
    endloop
  endfacet
  facet normal -0.0327122 0.999465 0
    outer loop
      vertex -1.25574 19.1589 82.5
      vertex 0 19.2 77.5
      vertex -1.25574 19.1589 77.5
    endloop
  endfacet
  facet normal 0.162846 -0.986651 0
    outer loop
      vertex 2.5061 -19.0357 77.5
      vertex 3.74573 -18.8311 82.5
      vertex 2.5061 -19.0357 82.5
    endloop
  endfacet
  facet normal 0.162846 -0.986651 0
    outer loop
      vertex 3.74573 -18.8311 82.5
      vertex 2.5061 -19.0357 77.5
      vertex 3.74573 -18.8311 77.5
    endloop
  endfacet
  facet normal 0.412687 -0.910873 0
    outer loop
      vertex 7.34752 -17.7385 77.5
      vertex 8.49194 -17.22 82.5
      vertex 7.34752 -17.7385 82.5
    endloop
  endfacet
  facet normal 0.412687 -0.910873 0
    outer loop
      vertex 8.49194 -17.22 82.5
      vertex 7.34752 -17.7385 77.5
      vertex 8.49194 -17.22 77.5
    endloop
  endfacet
  facet normal 0.63442 -0.772988 0
    outer loop
      vertex 11.6882 -15.2324 77.5
      vertex 12.6594 -14.4353 82.5
      vertex 11.6882 -15.2324 82.5
    endloop
  endfacet
  facet normal 0.63442 -0.772988 0
    outer loop
      vertex 12.6594 -14.4353 82.5
      vertex 11.6882 -15.2324 77.5
      vertex 12.6594 -14.4353 77.5
    endloop
  endfacet
  facet normal 0.935898 -0.352271 0
    outer loop
      vertex 17.7385 -7.34752 82.5
      vertex 18.1811 -6.17164 77.5
      vertex 18.1811 -6.17164 82.5
    endloop
  endfacet
  facet normal 0.935898 -0.352271 0
    outer loop
      vertex 18.1811 -6.17164 77.5
      vertex 17.7385 -7.34752 82.5
      vertex 17.7385 -7.34752 77.5
    endloop
  endfacet
  facet normal 0.999465 -0.0327122 0
    outer loop
      vertex 19.1589 -1.25574 82.5
      vertex 19.2 0 77.5
      vertex 19.2 0 82.5
    endloop
  endfacet
  facet normal 0.999465 -0.0327122 0
    outer loop
      vertex 19.2 0 77.5
      vertex 19.1589 -1.25574 82.5
      vertex 19.1589 -1.25574 77.5
    endloop
  endfacet
  facet normal -0.162846 -0.986651 0
    outer loop
      vertex -3.74573 -18.8311 77.5
      vertex -2.5061 -19.0357 82.5
      vertex -3.74573 -18.8311 82.5
    endloop
  endfacet
  facet normal -0.162846 -0.986651 -0
    outer loop
      vertex -2.5061 -19.0357 82.5
      vertex -3.74573 -18.8311 77.5
      vertex -2.5061 -19.0357 77.5
    endloop
  endfacet
  facet normal -0.0327122 -0.999465 0
    outer loop
      vertex -1.25574 -19.1589 77.5
      vertex 0 -19.2 82.5
      vertex -1.25574 -19.1589 82.5
    endloop
  endfacet
  facet normal -0.0327122 -0.999465 -0
    outer loop
      vertex 0 -19.2 82.5
      vertex -1.25574 -19.1589 77.5
      vertex 0 -19.2 77.5
    endloop
  endfacet
  facet normal -0.910873 -0.412687 0
    outer loop
      vertex -17.22 -8.49194 77.5
      vertex -17.7385 -7.34752 82.5
      vertex -17.7385 -7.34752 77.5
    endloop
  endfacet
  facet normal -0.910873 -0.412687 0
    outer loop
      vertex -17.7385 -7.34752 82.5
      vertex -17.22 -8.49194 77.5
      vertex -17.22 -8.49194 82.5
    endloop
  endfacet
  facet normal -0.881911 -0.471415 0
    outer loop
      vertex -16.6277 -9.6 77.5
      vertex -17.22 -8.49194 82.5
      vertex -17.22 -8.49194 77.5
    endloop
  endfacet
  facet normal -0.881911 -0.471415 0
    outer loop
      vertex -17.22 -8.49194 82.5
      vertex -16.6277 -9.6 77.5
      vertex -16.6277 -9.6 82.5
    endloop
  endfacet
  facet normal -0.812867 -0.58245 0
    outer loop
      vertex -15.2324 -11.6882 77.5
      vertex -15.9642 -10.6669 82.5
      vertex -15.9642 -10.6669 77.5
    endloop
  endfacet
  facet normal -0.812867 -0.58245 0
    outer loop
      vertex -15.9642 -10.6669 82.5
      vertex -15.2324 -11.6882 77.5
      vertex -15.2324 -11.6882 82.5
    endloop
  endfacet
  facet normal -0.973878 -0.227074 0
    outer loop
      vertex -18.5458 -4.96933 77.5
      vertex -18.8311 -3.74573 82.5
      vertex -18.8311 -3.74573 77.5
    endloop
  endfacet
  facet normal -0.973878 -0.227074 0
    outer loop
      vertex -18.8311 -3.74573 82.5
      vertex -18.5458 -4.96933 77.5
      vertex -18.5458 -4.96933 82.5
    endloop
  endfacet
  facet normal 0.973878 0.227074 0
    outer loop
      vertex 18.8311 3.74573 82.5
      vertex 18.5458 4.96933 77.5
      vertex 18.5458 4.96933 82.5
    endloop
  endfacet
  facet normal 0.973878 0.227074 0
    outer loop
      vertex 18.5458 4.96933 77.5
      vertex 18.8311 3.74573 82.5
      vertex 18.8311 3.74573 77.5
    endloop
  endfacet
  facet normal 0.935898 0.352271 0
    outer loop
      vertex 18.1811 6.17164 82.5
      vertex 17.7385 7.34752 77.5
      vertex 17.7385 7.34752 82.5
    endloop
  endfacet
  facet normal 0.935898 0.352271 0
    outer loop
      vertex 17.7385 7.34752 77.5
      vertex 18.1811 6.17164 82.5
      vertex 18.1811 6.17164 77.5
    endloop
  endfacet
  facet normal 0.72985 0.683607 0
    outer loop
      vertex 14.4353 12.6594 82.5
      vertex 13.5764 13.5764 77.5
      vertex 13.5764 13.5764 82.5
    endloop
  endfacet
  facet normal 0.72985 0.683607 0
    outer loop
      vertex 13.5764 13.5764 77.5
      vertex 14.4353 12.6594 82.5
      vertex 14.4353 12.6594 77.5
    endloop
  endfacet
  facet normal 0.881911 0.471415 0
    outer loop
      vertex 17.22 8.49194 82.5
      vertex 16.6277 9.6 77.5
      vertex 16.6277 9.6 82.5
    endloop
  endfacet
  facet normal 0.881911 0.471415 0
    outer loop
      vertex 16.6277 9.6 77.5
      vertex 17.22 8.49194 82.5
      vertex 17.22 8.49194 77.5
    endloop
  endfacet
  facet normal 0.849181 0.528102 0
    outer loop
      vertex 16.6277 9.6 82.5
      vertex 15.9642 10.6669 77.5
      vertex 15.9642 10.6669 82.5
    endloop
  endfacet
  facet normal 0.849181 0.528102 0
    outer loop
      vertex 15.9642 10.6669 77.5
      vertex 16.6277 9.6 82.5
      vertex 16.6277 9.6 77.5
    endloop
  endfacet
  facet normal 0.162846 0.986651 -0
    outer loop
      vertex 3.74573 18.8311 77.5
      vertex 2.5061 19.0357 82.5
      vertex 3.74573 18.8311 82.5
    endloop
  endfacet
  facet normal 0.162846 0.986651 0
    outer loop
      vertex 2.5061 19.0357 82.5
      vertex 3.74573 18.8311 77.5
      vertex 2.5061 19.0357 77.5
    endloop
  endfacet
  facet normal 0.352271 0.935898 -0
    outer loop
      vertex 7.34752 17.7385 77.5
      vertex 6.17164 18.1811 82.5
      vertex 7.34752 17.7385 82.5
    endloop
  endfacet
  facet normal 0.352271 0.935898 0
    outer loop
      vertex 6.17164 18.1811 82.5
      vertex 7.34752 17.7385 77.5
      vertex 6.17164 18.1811 77.5
    endloop
  endfacet
  facet normal 0.412687 0.910873 -0
    outer loop
      vertex 8.49194 17.22 77.5
      vertex 7.34752 17.7385 82.5
      vertex 8.49194 17.22 82.5
    endloop
  endfacet
  facet normal 0.412687 0.910873 0
    outer loop
      vertex 7.34752 17.7385 82.5
      vertex 8.49194 17.22 77.5
      vertex 7.34752 17.7385 77.5
    endloop
  endfacet
  facet normal 0.63442 0.772988 -0
    outer loop
      vertex 12.6594 14.4353 77.5
      vertex 11.6882 15.2324 82.5
      vertex 12.6594 14.4353 82.5
    endloop
  endfacet
  facet normal 0.63442 0.772988 0
    outer loop
      vertex 11.6882 15.2324 82.5
      vertex 12.6594 14.4353 77.5
      vertex 11.6882 15.2324 77.5
    endloop
  endfacet
  facet normal 0.58245 0.812867 -0
    outer loop
      vertex 11.6882 15.2324 77.5
      vertex 10.6669 15.9642 82.5
      vertex 11.6882 15.2324 82.5
    endloop
  endfacet
  facet normal 0.58245 0.812867 0
    outer loop
      vertex 10.6669 15.9642 82.5
      vertex 11.6882 15.2324 77.5
      vertex 10.6669 15.9642 77.5
    endloop
  endfacet
  facet normal -0.72985 0.683607 0
    outer loop
      vertex -14.4353 12.6594 77.5
      vertex -13.5764 13.5764 82.5
      vertex -13.5764 13.5764 77.5
    endloop
  endfacet
  facet normal -0.72985 0.683607 0
    outer loop
      vertex -13.5764 13.5764 82.5
      vertex -14.4353 12.6594 77.5
      vertex -14.4353 12.6594 82.5
    endloop
  endfacet
  facet normal -0.935898 0.352271 0
    outer loop
      vertex -18.1811 6.17164 77.5
      vertex -17.7385 7.34752 82.5
      vertex -17.7385 7.34752 77.5
    endloop
  endfacet
  facet normal -0.935898 0.352271 0
    outer loop
      vertex -17.7385 7.34752 82.5
      vertex -18.1811 6.17164 77.5
      vertex -18.1811 6.17164 82.5
    endloop
  endfacet
  facet normal -0.995181 0.0980568 0
    outer loop
      vertex -19.1589 1.25574 77.5
      vertex -19.0357 2.5061 82.5
      vertex -19.0357 2.5061 77.5
    endloop
  endfacet
  facet normal -0.995181 0.0980568 0
    outer loop
      vertex -19.0357 2.5061 82.5
      vertex -19.1589 1.25574 77.5
      vertex -19.1589 1.25574 82.5
    endloop
  endfacet
  facet normal -0.63442 0.772988 0
    outer loop
      vertex -11.6882 15.2324 77.5
      vertex -12.6594 14.4353 82.5
      vertex -11.6882 15.2324 82.5
    endloop
  endfacet
  facet normal -0.63442 0.772988 0
    outer loop
      vertex -12.6594 14.4353 82.5
      vertex -11.6882 15.2324 77.5
      vertex -12.6594 14.4353 77.5
    endloop
  endfacet
  facet normal -0.528102 0.849181 0
    outer loop
      vertex -9.6 16.6277 77.5
      vertex -10.6669 15.9642 82.5
      vertex -9.6 16.6277 82.5
    endloop
  endfacet
  facet normal -0.528102 0.849181 0
    outer loop
      vertex -10.6669 15.9642 82.5
      vertex -9.6 16.6277 77.5
      vertex -10.6669 15.9642 77.5
    endloop
  endfacet
  facet normal -0.352271 0.935898 0
    outer loop
      vertex -6.17164 18.1811 77.5
      vertex -7.34752 17.7385 82.5
      vertex -6.17164 18.1811 82.5
    endloop
  endfacet
  facet normal -0.352271 0.935898 0
    outer loop
      vertex -7.34752 17.7385 82.5
      vertex -6.17164 18.1811 77.5
      vertex -7.34752 17.7385 77.5
    endloop
  endfacet
  facet normal -0.290272 0.956944 0
    outer loop
      vertex -4.96933 18.5458 77.5
      vertex -6.17164 18.1811 82.5
      vertex -4.96933 18.5458 82.5
    endloop
  endfacet
  facet normal -0.290272 0.956944 0
    outer loop
      vertex -6.17164 18.1811 82.5
      vertex -4.96933 18.5458 77.5
      vertex -6.17164 18.1811 77.5
    endloop
  endfacet
  facet normal -0.0980568 0.995181 0
    outer loop
      vertex -1.25574 19.1589 77.5
      vertex -2.5061 19.0357 82.5
      vertex -1.25574 19.1589 82.5
    endloop
  endfacet
  facet normal -0.0980568 0.995181 0
    outer loop
      vertex -2.5061 19.0357 82.5
      vertex -1.25574 19.1589 77.5
      vertex -2.5061 19.0357 77.5
    endloop
  endfacet
  facet normal 0.0327122 -0.999465 0
    outer loop
      vertex 0 -19.2 77.5
      vertex 1.25574 -19.1589 82.5
      vertex 0 -19.2 82.5
    endloop
  endfacet
  facet normal 0.0327122 -0.999465 0
    outer loop
      vertex 1.25574 -19.1589 82.5
      vertex 0 -19.2 77.5
      vertex 1.25574 -19.1589 77.5
    endloop
  endfacet
  facet normal 0.0980568 -0.995181 0
    outer loop
      vertex 1.25574 -19.1589 77.5
      vertex 2.5061 -19.0357 82.5
      vertex 1.25574 -19.1589 82.5
    endloop
  endfacet
  facet normal 0.0980568 -0.995181 0
    outer loop
      vertex 2.5061 -19.0357 82.5
      vertex 1.25574 -19.1589 77.5
      vertex 2.5061 -19.0357 77.5
    endloop
  endfacet
  facet normal 0.352271 -0.935898 0
    outer loop
      vertex 6.17164 -18.1811 77.5
      vertex 7.34752 -17.7385 82.5
      vertex 6.17164 -18.1811 82.5
    endloop
  endfacet
  facet normal 0.352271 -0.935898 0
    outer loop
      vertex 7.34752 -17.7385 82.5
      vertex 6.17164 -18.1811 77.5
      vertex 7.34752 -17.7385 77.5
    endloop
  endfacet
  facet normal 0.683607 -0.72985 0
    outer loop
      vertex 12.6594 -14.4353 77.5
      vertex 13.5764 -13.5764 82.5
      vertex 12.6594 -14.4353 82.5
    endloop
  endfacet
  facet normal 0.683607 -0.72985 0
    outer loop
      vertex 13.5764 -13.5764 82.5
      vertex 12.6594 -14.4353 77.5
      vertex 13.5764 -13.5764 77.5
    endloop
  endfacet
  facet normal 0.471415 -0.881911 0
    outer loop
      vertex 8.49194 -17.22 77.5
      vertex 9.6 -16.6277 82.5
      vertex 8.49194 -17.22 82.5
    endloop
  endfacet
  facet normal 0.471415 -0.881911 0
    outer loop
      vertex 9.6 -16.6277 82.5
      vertex 8.49194 -17.22 77.5
      vertex 9.6 -16.6277 77.5
    endloop
  endfacet
  facet normal 0.58245 -0.812867 0
    outer loop
      vertex 10.6669 -15.9642 77.5
      vertex 11.6882 -15.2324 82.5
      vertex 10.6669 -15.9642 82.5
    endloop
  endfacet
  facet normal 0.58245 -0.812867 0
    outer loop
      vertex 11.6882 -15.2324 82.5
      vertex 10.6669 -15.9642 77.5
      vertex 11.6882 -15.2324 77.5
    endloop
  endfacet
  facet normal 0.849181 -0.528102 0
    outer loop
      vertex 15.9642 -10.6669 82.5
      vertex 16.6277 -9.6 77.5
      vertex 16.6277 -9.6 82.5
    endloop
  endfacet
  facet normal 0.849181 -0.528102 0
    outer loop
      vertex 16.6277 -9.6 77.5
      vertex 15.9642 -10.6669 82.5
      vertex 15.9642 -10.6669 77.5
    endloop
  endfacet
  facet normal 0.772988 -0.63442 0
    outer loop
      vertex 14.4353 -12.6594 82.5
      vertex 15.2324 -11.6882 77.5
      vertex 15.2324 -11.6882 82.5
    endloop
  endfacet
  facet normal 0.772988 -0.63442 0
    outer loop
      vertex 15.2324 -11.6882 77.5
      vertex 14.4353 -12.6594 82.5
      vertex 14.4353 -12.6594 77.5
    endloop
  endfacet
  facet normal 0.812867 -0.58245 0
    outer loop
      vertex 15.2324 -11.6882 82.5
      vertex 15.9642 -10.6669 77.5
      vertex 15.9642 -10.6669 82.5
    endloop
  endfacet
  facet normal 0.812867 -0.58245 0
    outer loop
      vertex 15.9642 -10.6669 77.5
      vertex 15.2324 -11.6882 82.5
      vertex 15.2324 -11.6882 77.5
    endloop
  endfacet
  facet normal 0.910873 -0.412687 0
    outer loop
      vertex 17.22 -8.49194 82.5
      vertex 17.7385 -7.34752 77.5
      vertex 17.7385 -7.34752 82.5
    endloop
  endfacet
  facet normal 0.910873 -0.412687 0
    outer loop
      vertex 17.7385 -7.34752 77.5
      vertex 17.22 -8.49194 82.5
      vertex 17.22 -8.49194 77.5
    endloop
  endfacet
  facet normal 0.995181 -0.0980568 0
    outer loop
      vertex 19.0357 -2.5061 82.5
      vertex 19.1589 -1.25574 77.5
      vertex 19.1589 -1.25574 82.5
    endloop
  endfacet
  facet normal 0.995181 -0.0980568 0
    outer loop
      vertex 19.1589 -1.25574 77.5
      vertex 19.0357 -2.5061 82.5
      vertex 19.0357 -2.5061 77.5
    endloop
  endfacet
  facet normal -0.58245 -0.812867 0
    outer loop
      vertex -11.6882 -15.2324 77.5
      vertex -10.6669 -15.9642 82.5
      vertex -11.6882 -15.2324 82.5
    endloop
  endfacet
  facet normal -0.58245 -0.812867 -0
    outer loop
      vertex -10.6669 -15.9642 82.5
      vertex -11.6882 -15.2324 77.5
      vertex -10.6669 -15.9642 77.5
    endloop
  endfacet
  facet normal -0.683607 -0.72985 0
    outer loop
      vertex -13.5764 -13.5764 77.5
      vertex -12.6594 -14.4353 82.5
      vertex -13.5764 -13.5764 82.5
    endloop
  endfacet
  facet normal -0.683607 -0.72985 -0
    outer loop
      vertex -12.6594 -14.4353 82.5
      vertex -13.5764 -13.5764 77.5
      vertex -12.6594 -14.4353 77.5
    endloop
  endfacet
  facet normal -0.63442 -0.772988 0
    outer loop
      vertex -12.6594 -14.4353 77.5
      vertex -11.6882 -15.2324 82.5
      vertex -12.6594 -14.4353 82.5
    endloop
  endfacet
  facet normal -0.63442 -0.772988 -0
    outer loop
      vertex -11.6882 -15.2324 82.5
      vertex -12.6594 -14.4353 77.5
      vertex -11.6882 -15.2324 77.5
    endloop
  endfacet
  facet normal -0.528102 -0.849181 0
    outer loop
      vertex -10.6669 -15.9642 77.5
      vertex -9.6 -16.6277 82.5
      vertex -10.6669 -15.9642 82.5
    endloop
  endfacet
  facet normal -0.528102 -0.849181 -0
    outer loop
      vertex -9.6 -16.6277 82.5
      vertex -10.6669 -15.9642 77.5
      vertex -9.6 -16.6277 77.5
    endloop
  endfacet
  facet normal -0.412687 -0.910873 0
    outer loop
      vertex -8.49194 -17.22 77.5
      vertex -7.34752 -17.7385 82.5
      vertex -8.49194 -17.22 82.5
    endloop
  endfacet
  facet normal -0.412687 -0.910873 -0
    outer loop
      vertex -7.34752 -17.7385 82.5
      vertex -8.49194 -17.22 77.5
      vertex -7.34752 -17.7385 77.5
    endloop
  endfacet
  facet normal -0.227074 -0.973878 0
    outer loop
      vertex -4.96933 -18.5458 77.5
      vertex -3.74573 -18.8311 82.5
      vertex -4.96933 -18.5458 82.5
    endloop
  endfacet
  facet normal -0.227074 -0.973878 -0
    outer loop
      vertex -3.74573 -18.8311 82.5
      vertex -4.96933 -18.5458 77.5
      vertex -3.74573 -18.8311 77.5
    endloop
  endfacet
  facet normal -0.290272 -0.956944 0
    outer loop
      vertex -6.17164 -18.1811 77.5
      vertex -4.96933 -18.5458 82.5
      vertex -6.17164 -18.1811 82.5
    endloop
  endfacet
  facet normal -0.290272 -0.956944 -0
    outer loop
      vertex -4.96933 -18.5458 82.5
      vertex -6.17164 -18.1811 77.5
      vertex -4.96933 -18.5458 77.5
    endloop
  endfacet
  facet normal -0.0980568 -0.995181 0
    outer loop
      vertex -2.5061 -19.0357 77.5
      vertex -1.25574 -19.1589 82.5
      vertex -2.5061 -19.0357 82.5
    endloop
  endfacet
  facet normal -0.0980568 -0.995181 -0
    outer loop
      vertex -1.25574 -19.1589 82.5
      vertex -2.5061 -19.0357 77.5
      vertex -1.25574 -19.1589 77.5
    endloop
  endfacet
  facet normal -0.956944 -0.290272 0
    outer loop
      vertex -18.1811 -6.17164 77.5
      vertex -18.5458 -4.96933 82.5
      vertex -18.5458 -4.96933 77.5
    endloop
  endfacet
  facet normal -0.956944 -0.290272 0
    outer loop
      vertex -18.5458 -4.96933 82.5
      vertex -18.1811 -6.17164 77.5
      vertex -18.1811 -6.17164 82.5
    endloop
  endfacet
  facet normal -0.999465 -0.0327122 0
    outer loop
      vertex -19.1589 -1.25574 77.5
      vertex -19.2 0 82.5
      vertex -19.2 0 77.5
    endloop
  endfacet
  facet normal -0.999465 -0.0327122 0
    outer loop
      vertex -19.2 0 82.5
      vertex -19.1589 -1.25574 77.5
      vertex -19.1589 -1.25574 82.5
    endloop
  endfacet
  facet normal -0.986651 -0.162846 0
    outer loop
      vertex -18.8311 -3.74573 77.5
      vertex -19.0357 -2.5061 82.5
      vertex -19.0357 -2.5061 77.5
    endloop
  endfacet
  facet normal -0.986651 -0.162846 0
    outer loop
      vertex -19.0357 -2.5061 82.5
      vertex -18.8311 -3.74573 77.5
      vertex -18.8311 -3.74573 82.5
    endloop
  endfacet
  facet normal -0.849181 0.528102 0
    outer loop
      vertex -16.6277 9.6 77.5
      vertex -15.9642 10.6669 82.5
      vertex -15.9642 10.6669 77.5
    endloop
  endfacet
  facet normal -0.849181 0.528102 0
    outer loop
      vertex -15.9642 10.6669 82.5
      vertex -16.6277 9.6 77.5
      vertex -16.6277 9.6 82.5
    endloop
  endfacet
  facet normal 0.227074 -0.973878 0
    outer loop
      vertex 3.74573 -18.8311 77.5
      vertex 4.96933 -18.5458 82.5
      vertex 3.74573 -18.8311 82.5
    endloop
  endfacet
  facet normal 0.227074 -0.973878 0
    outer loop
      vertex 4.96933 -18.5458 82.5
      vertex 3.74573 -18.8311 77.5
      vertex 4.96933 -18.5458 77.5
    endloop
  endfacet
  facet normal 0.528102 -0.849181 0
    outer loop
      vertex 9.6 -16.6277 77.5
      vertex 10.6669 -15.9642 82.5
      vertex 9.6 -16.6277 82.5
    endloop
  endfacet
  facet normal 0.528102 -0.849181 0
    outer loop
      vertex 10.6669 -15.9642 82.5
      vertex 9.6 -16.6277 77.5
      vertex 10.6669 -15.9642 77.5
    endloop
  endfacet
  facet normal 0.986651 -0.162846 0
    outer loop
      vertex 18.8311 -3.74573 82.5
      vertex 19.0357 -2.5061 77.5
      vertex 19.0357 -2.5061 82.5
    endloop
  endfacet
  facet normal 0.986651 -0.162846 0
    outer loop
      vertex 19.0357 -2.5061 77.5
      vertex 18.8311 -3.74573 82.5
      vertex 18.8311 -3.74573 77.5
    endloop
  endfacet
  facet normal 0.973878 -0.227074 0
    outer loop
      vertex 18.5458 -4.96933 82.5
      vertex 18.8311 -3.74573 77.5
      vertex 18.8311 -3.74573 82.5
    endloop
  endfacet
  facet normal 0.973878 -0.227074 0
    outer loop
      vertex 18.8311 -3.74573 77.5
      vertex 18.5458 -4.96933 82.5
      vertex 18.5458 -4.96933 77.5
    endloop
  endfacet
  facet normal -0.471415 -0.881911 0
    outer loop
      vertex -9.6 -16.6277 77.5
      vertex -8.49194 -17.22 82.5
      vertex -9.6 -16.6277 82.5
    endloop
  endfacet
  facet normal -0.471415 -0.881911 -0
    outer loop
      vertex -8.49194 -17.22 82.5
      vertex -9.6 -16.6277 77.5
      vertex -8.49194 -17.22 77.5
    endloop
  endfacet
  facet normal -0.72985 -0.683607 0
    outer loop
      vertex -13.5764 -13.5764 77.5
      vertex -14.4353 -12.6594 82.5
      vertex -14.4353 -12.6594 77.5
    endloop
  endfacet
  facet normal -0.72985 -0.683607 0
    outer loop
      vertex -14.4353 -12.6594 82.5
      vertex -13.5764 -13.5764 77.5
      vertex -13.5764 -13.5764 82.5
    endloop
  endfacet
  facet normal -0.849181 -0.528102 0
    outer loop
      vertex -15.9642 -10.6669 77.5
      vertex -16.6277 -9.6 82.5
      vertex -16.6277 -9.6 77.5
    endloop
  endfacet
  facet normal -0.849181 -0.528102 0
    outer loop
      vertex -16.6277 -9.6 82.5
      vertex -15.9642 -10.6669 77.5
      vertex -15.9642 -10.6669 82.5
    endloop
  endfacet
  facet normal -0.995181 -0.0980568 0
    outer loop
      vertex -19.0357 -2.5061 77.5
      vertex -19.1589 -1.25574 82.5
      vertex -19.1589 -1.25574 77.5
    endloop
  endfacet
  facet normal -0.995181 -0.0980568 0
    outer loop
      vertex -19.1589 -1.25574 82.5
      vertex -19.0357 -2.5061 77.5
      vertex -19.0357 -2.5061 82.5
    endloop
  endfacet
  facet normal -0.98664 -0.162917 0
    outer loop
      vertex 17.846 2.34947 1.2
      vertex 17.6541 3.51163 83.8
      vertex 17.6541 3.51163 1.2
    endloop
  endfacet
  facet normal -0.98664 -0.162917 0
    outer loop
      vertex 17.6541 3.51163 83.8
      vertex 17.846 2.34947 1.2
      vertex 17.846 2.34947 83.8
    endloop
  endfacet
  facet normal -0.999466 -0.0326856 0
    outer loop
      vertex 18 0 1.2
      vertex 17.9615 1.17726 83.8
      vertex 17.9615 1.17726 1.2
    endloop
  endfacet
  facet normal -0.999466 -0.0326856 0
    outer loop
      vertex 17.9615 1.17726 83.8
      vertex 18 0 1.2
      vertex 18 0 83.8
    endloop
  endfacet
  facet normal 0.683594 -0.729863 0
    outer loop
      vertex -12.7279 12.7279 1.2
      vertex -11.8682 13.5331 83.8
      vertex -12.7279 12.7279 83.8
    endloop
  endfacet
  facet normal 0.683594 -0.729863 0
    outer loop
      vertex -11.8682 13.5331 83.8
      vertex -12.7279 12.7279 1.2
      vertex -11.8682 13.5331 1.2
    endloop
  endfacet
  facet normal 0.729863 0.683594 0
    outer loop
      vertex -12.7279 -12.7279 83.8
      vertex -13.5331 -11.8682 1.2
      vertex -13.5331 -11.8682 83.8
    endloop
  endfacet
  facet normal 0.729863 0.683594 0
    outer loop
      vertex -13.5331 -11.8682 1.2
      vertex -12.7279 -12.7279 83.8
      vertex -12.7279 -12.7279 1.2
    endloop
  endfacet
  facet normal -0.956922 -0.290344 0
    outer loop
      vertex 17.3867 4.65874 1.2
      vertex 17.0447 5.78591 83.8
      vertex 17.0447 5.78591 1.2
    endloop
  endfacet
  facet normal -0.956922 -0.290344 0
    outer loop
      vertex 17.0447 5.78591 83.8
      vertex 17.3867 4.65874 1.2
      vertex 17.3867 4.65874 83.8
    endloop
  endfacet
  facet normal -0.41269 -0.910872 0
    outer loop
      vertex 6.8883 16.6298 1.2
      vertex 7.9612 16.1437 83.8
      vertex 6.8883 16.6298 83.8
    endloop
  endfacet
  facet normal -0.41269 -0.910872 -0
    outer loop
      vertex 7.9612 16.1437 83.8
      vertex 6.8883 16.6298 1.2
      vertex 7.9612 16.1437 1.2
    endloop
  endfacet
  facet normal 0.849212 -0.528052 0
    outer loop
      vertex -15.5885 9 83.8
      vertex -14.9665 10.0003 1.2
      vertex -14.9665 10.0003 83.8
    endloop
  endfacet
  facet normal 0.849212 -0.528052 0
    outer loop
      vertex -14.9665 10.0003 1.2
      vertex -15.5885 9 83.8
      vertex -15.5885 9 1.2
    endloop
  endfacet
  facet normal 0.77298 -0.63443 0
    outer loop
      vertex -14.2804 10.9577 83.8
      vertex -13.5331 11.8682 1.2
      vertex -13.5331 11.8682 83.8
    endloop
  endfacet
  facet normal 0.77298 -0.63443 0
    outer loop
      vertex -13.5331 11.8682 1.2
      vertex -14.2804 10.9577 83.8
      vertex -14.2804 10.9577 1.2
    endloop
  endfacet
  facet normal -0.881939 0.471364 0
    outer loop
      vertex 15.5885 -9 1.2
      vertex 16.1437 -7.9612 83.8
      vertex 16.1437 -7.9612 1.2
    endloop
  endfacet
  facet normal -0.881939 0.471364 0
    outer loop
      vertex 16.1437 -7.9612 83.8
      vertex 15.5885 -9 1.2
      vertex 15.5885 -9 83.8
    endloop
  endfacet
  facet normal -0.227021 0.97389 0
    outer loop
      vertex 4.65874 -17.3867 1.2
      vertex 3.51163 -17.6541 83.8
      vertex 4.65874 -17.3867 83.8
    endloop
  endfacet
  facet normal -0.227021 0.97389 0
    outer loop
      vertex 3.51163 -17.6541 83.8
      vertex 4.65874 -17.3867 1.2
      vertex 3.51163 -17.6541 1.2
    endloop
  endfacet
  facet normal -0.729863 0.683594 0
    outer loop
      vertex 12.7279 -12.7279 1.2
      vertex 13.5331 -11.8682 83.8
      vertex 13.5331 -11.8682 1.2
    endloop
  endfacet
  facet normal -0.729863 0.683594 0
    outer loop
      vertex 13.5331 -11.8682 83.8
      vertex 12.7279 -12.7279 1.2
      vertex 12.7279 -12.7279 83.8
    endloop
  endfacet
  facet normal -0.98664 0.162917 0
    outer loop
      vertex 17.6541 -3.51163 1.2
      vertex 17.846 -2.34947 83.8
      vertex 17.846 -2.34947 1.2
    endloop
  endfacet
  facet normal -0.98664 0.162917 0
    outer loop
      vertex 17.846 -2.34947 83.8
      vertex 17.6541 -3.51163 1.2
      vertex 17.6541 -3.51163 83.8
    endloop
  endfacet
  facet normal 0.352242 0.935909 -0
    outer loop
      vertex -5.78591 -17.0447 1.2
      vertex -6.8883 -16.6298 83.8
      vertex -5.78591 -17.0447 83.8
    endloop
  endfacet
  facet normal 0.352242 0.935909 0
    outer loop
      vertex -6.8883 -16.6298 83.8
      vertex -5.78591 -17.0447 1.2
      vertex -6.8883 -16.6298 1.2
    endloop
  endfacet
  facet normal 0.528052 0.849212 -0
    outer loop
      vertex -9 -15.5885 1.2
      vertex -10.0003 -14.9665 83.8
      vertex -9 -15.5885 83.8
    endloop
  endfacet
  facet normal 0.528052 0.849212 0
    outer loop
      vertex -10.0003 -14.9665 83.8
      vertex -9 -15.5885 1.2
      vertex -10.0003 -14.9665 1.2
    endloop
  endfacet
  facet normal 0.97389 0.227021 0
    outer loop
      vertex -17.3867 -4.65874 83.8
      vertex -17.6541 -3.51163 1.2
      vertex -17.6541 -3.51163 83.8
    endloop
  endfacet
  facet normal 0.97389 0.227021 0
    outer loop
      vertex -17.6541 -3.51163 1.2
      vertex -17.3867 -4.65874 83.8
      vertex -17.3867 -4.65874 1.2
    endloop
  endfacet
  facet normal -0.995181 -0.098057 0
    outer loop
      vertex 17.9615 1.17726 1.2
      vertex 17.846 2.34947 83.8
      vertex 17.846 2.34947 1.2
    endloop
  endfacet
  facet normal -0.995181 -0.098057 0
    outer loop
      vertex 17.846 2.34947 83.8
      vertex 17.9615 1.17726 1.2
      vertex 17.9615 1.17726 83.8
    endloop
  endfacet
  facet normal -0.910872 -0.41269 0
    outer loop
      vertex 16.6298 6.8883 1.2
      vertex 16.1437 7.9612 83.8
      vertex 16.1437 7.9612 1.2
    endloop
  endfacet
  facet normal -0.910872 -0.41269 0
    outer loop
      vertex 16.1437 7.9612 83.8
      vertex 16.6298 6.8883 1.2
      vertex 16.6298 6.8883 83.8
    endloop
  endfacet
  facet normal -0.935909 -0.352242 0
    outer loop
      vertex 17.0447 5.78591 1.2
      vertex 16.6298 6.8883 83.8
      vertex 16.6298 6.8883 1.2
    endloop
  endfacet
  facet normal -0.935909 -0.352242 0
    outer loop
      vertex 16.6298 6.8883 83.8
      vertex 17.0447 5.78591 1.2
      vertex 17.0447 5.78591 83.8
    endloop
  endfacet
  facet normal -0.881939 -0.471364 0
    outer loop
      vertex 16.1437 7.9612 1.2
      vertex 15.5885 9 83.8
      vertex 15.5885 9 1.2
    endloop
  endfacet
  facet normal -0.881939 -0.471364 0
    outer loop
      vertex 15.5885 9 83.8
      vertex 16.1437 7.9612 1.2
      vertex 16.1437 7.9612 83.8
    endloop
  endfacet
  facet normal -0.77298 -0.63443 0
    outer loop
      vertex 14.2804 10.9577 1.2
      vertex 13.5331 11.8682 83.8
      vertex 13.5331 11.8682 1.2
    endloop
  endfacet
  facet normal -0.77298 -0.63443 0
    outer loop
      vertex 13.5331 11.8682 83.8
      vertex 14.2804 10.9577 1.2
      vertex 14.2804 10.9577 83.8
    endloop
  endfacet
  facet normal -0.849212 -0.528052 0
    outer loop
      vertex 15.5885 9 1.2
      vertex 14.9665 10.0003 83.8
      vertex 14.9665 10.0003 1.2
    endloop
  endfacet
  facet normal -0.849212 -0.528052 0
    outer loop
      vertex 14.9665 10.0003 83.8
      vertex 15.5885 9 1.2
      vertex 15.5885 9 83.8
    endloop
  endfacet
  facet normal -0.290344 -0.956922 0
    outer loop
      vertex 4.65874 17.3867 1.2
      vertex 5.78591 17.0447 83.8
      vertex 4.65874 17.3867 83.8
    endloop
  endfacet
  facet normal -0.290344 -0.956922 -0
    outer loop
      vertex 5.78591 17.0447 83.8
      vertex 4.65874 17.3867 1.2
      vertex 5.78591 17.0447 1.2
    endloop
  endfacet
  facet normal -0.227021 -0.97389 0
    outer loop
      vertex 3.51163 17.6541 1.2
      vertex 4.65874 17.3867 83.8
      vertex 3.51163 17.6541 83.8
    endloop
  endfacet
  facet normal -0.227021 -0.97389 -0
    outer loop
      vertex 4.65874 17.3867 83.8
      vertex 3.51163 17.6541 1.2
      vertex 4.65874 17.3867 1.2
    endloop
  endfacet
  facet normal -0.162917 -0.98664 0
    outer loop
      vertex 2.34947 17.846 1.2
      vertex 3.51163 17.6541 83.8
      vertex 2.34947 17.846 83.8
    endloop
  endfacet
  facet normal -0.162917 -0.98664 -0
    outer loop
      vertex 3.51163 17.6541 83.8
      vertex 2.34947 17.846 1.2
      vertex 3.51163 17.6541 1.2
    endloop
  endfacet
  facet normal -0.528052 -0.849212 0
    outer loop
      vertex 9 15.5885 1.2
      vertex 10.0003 14.9665 83.8
      vertex 9 15.5885 83.8
    endloop
  endfacet
  facet normal -0.528052 -0.849212 -0
    outer loop
      vertex 10.0003 14.9665 83.8
      vertex 9 15.5885 1.2
      vertex 10.0003 14.9665 1.2
    endloop
  endfacet
  facet normal 0.956922 -0.290344 0
    outer loop
      vertex -17.3867 4.65874 83.8
      vertex -17.0447 5.78591 1.2
      vertex -17.0447 5.78591 83.8
    endloop
  endfacet
  facet normal 0.956922 -0.290344 0
    outer loop
      vertex -17.0447 5.78591 1.2
      vertex -17.3867 4.65874 83.8
      vertex -17.3867 4.65874 1.2
    endloop
  endfacet
  facet normal 0.729863 -0.683594 0
    outer loop
      vertex -13.5331 11.8682 83.8
      vertex -12.7279 12.7279 1.2
      vertex -12.7279 12.7279 83.8
    endloop
  endfacet
  facet normal 0.729863 -0.683594 0
    outer loop
      vertex -12.7279 12.7279 1.2
      vertex -13.5331 11.8682 83.8
      vertex -13.5331 11.8682 1.2
    endloop
  endfacet
  facet normal 0.97389 -0.227021 0
    outer loop
      vertex -17.6541 3.51163 83.8
      vertex -17.3867 4.65874 1.2
      vertex -17.3867 4.65874 83.8
    endloop
  endfacet
  facet normal 0.97389 -0.227021 0
    outer loop
      vertex -17.3867 4.65874 1.2
      vertex -17.6541 3.51163 83.8
      vertex -17.6541 3.51163 1.2
    endloop
  endfacet
  facet normal 0.98664 -0.162917 0
    outer loop
      vertex -17.846 2.34947 83.8
      vertex -17.6541 3.51163 1.2
      vertex -17.6541 3.51163 83.8
    endloop
  endfacet
  facet normal 0.98664 -0.162917 0
    outer loop
      vertex -17.6541 3.51163 1.2
      vertex -17.846 2.34947 83.8
      vertex -17.846 2.34947 1.2
    endloop
  endfacet
  facet normal 0.471364 -0.881939 0
    outer loop
      vertex -9 15.5885 1.2
      vertex -7.9612 16.1437 83.8
      vertex -9 15.5885 83.8
    endloop
  endfacet
  facet normal 0.471364 -0.881939 0
    outer loop
      vertex -7.9612 16.1437 83.8
      vertex -9 15.5885 1.2
      vertex -7.9612 16.1437 1.2
    endloop
  endfacet
  facet normal 0.528052 -0.849212 0
    outer loop
      vertex -10.0003 14.9665 1.2
      vertex -9 15.5885 83.8
      vertex -10.0003 14.9665 83.8
    endloop
  endfacet
  facet normal 0.528052 -0.849212 0
    outer loop
      vertex -9 15.5885 83.8
      vertex -10.0003 14.9665 1.2
      vertex -9 15.5885 1.2
    endloop
  endfacet
  facet normal 0.227021 -0.97389 0
    outer loop
      vertex -4.65874 17.3867 1.2
      vertex -3.51163 17.6541 83.8
      vertex -4.65874 17.3867 83.8
    endloop
  endfacet
  facet normal 0.227021 -0.97389 0
    outer loop
      vertex -3.51163 17.6541 83.8
      vertex -4.65874 17.3867 1.2
      vertex -3.51163 17.6541 1.2
    endloop
  endfacet
  facet normal 0.162917 -0.98664 0
    outer loop
      vertex -3.51163 17.6541 1.2
      vertex -2.34947 17.846 83.8
      vertex -3.51163 17.6541 83.8
    endloop
  endfacet
  facet normal 0.162917 -0.98664 0
    outer loop
      vertex -2.34947 17.846 83.8
      vertex -3.51163 17.6541 1.2
      vertex -2.34947 17.846 1.2
    endloop
  endfacet
  facet normal -0.162917 0.98664 0
    outer loop
      vertex 3.51163 -17.6541 1.2
      vertex 2.34947 -17.846 83.8
      vertex 3.51163 -17.6541 83.8
    endloop
  endfacet
  facet normal -0.162917 0.98664 0
    outer loop
      vertex 2.34947 -17.846 83.8
      vertex 3.51163 -17.6541 1.2
      vertex 2.34947 -17.846 1.2
    endloop
  endfacet
  facet normal -0.471364 0.881939 0
    outer loop
      vertex 9 -15.5885 1.2
      vertex 7.9612 -16.1437 83.8
      vertex 9 -15.5885 83.8
    endloop
  endfacet
  facet normal -0.471364 0.881939 0
    outer loop
      vertex 7.9612 -16.1437 83.8
      vertex 9 -15.5885 1.2
      vertex 7.9612 -16.1437 1.2
    endloop
  endfacet
  facet normal -0.63443 0.77298 0
    outer loop
      vertex 11.8682 -13.5331 1.2
      vertex 10.9577 -14.2804 83.8
      vertex 11.8682 -13.5331 83.8
    endloop
  endfacet
  facet normal -0.63443 0.77298 0
    outer loop
      vertex 10.9577 -14.2804 83.8
      vertex 11.8682 -13.5331 1.2
      vertex 10.9577 -14.2804 1.2
    endloop
  endfacet
  facet normal -0.528052 0.849212 0
    outer loop
      vertex 10.0003 -14.9665 1.2
      vertex 9 -15.5885 83.8
      vertex 10.0003 -14.9665 83.8
    endloop
  endfacet
  facet normal -0.528052 0.849212 0
    outer loop
      vertex 9 -15.5885 83.8
      vertex 10.0003 -14.9665 1.2
      vertex 9 -15.5885 1.2
    endloop
  endfacet
  facet normal -0.849212 0.528052 0
    outer loop
      vertex 14.9665 -10.0003 1.2
      vertex 15.5885 -9 83.8
      vertex 15.5885 -9 1.2
    endloop
  endfacet
  facet normal -0.849212 0.528052 0
    outer loop
      vertex 15.5885 -9 83.8
      vertex 14.9665 -10.0003 1.2
      vertex 14.9665 -10.0003 83.8
    endloop
  endfacet
  facet normal -0.935909 0.352242 0
    outer loop
      vertex 16.6298 -6.8883 1.2
      vertex 17.0447 -5.78591 83.8
      vertex 17.0447 -5.78591 1.2
    endloop
  endfacet
  facet normal -0.935909 0.352242 0
    outer loop
      vertex 17.0447 -5.78591 83.8
      vertex 16.6298 -6.8883 1.2
      vertex 16.6298 -6.8883 83.8
    endloop
  endfacet
  facet normal -0.999466 0.0326856 0
    outer loop
      vertex 17.9615 -1.17726 1.2
      vertex 18 0 83.8
      vertex 18 0 1.2
    endloop
  endfacet
  facet normal -0.999466 0.0326856 0
    outer loop
      vertex 18 0 83.8
      vertex 17.9615 -1.17726 1.2
      vertex 17.9615 -1.17726 83.8
    endloop
  endfacet
  facet normal 0.162917 0.98664 -0
    outer loop
      vertex -2.34947 -17.846 1.2
      vertex -3.51163 -17.6541 83.8
      vertex -2.34947 -17.846 83.8
    endloop
  endfacet
  facet normal 0.162917 0.98664 0
    outer loop
      vertex -3.51163 -17.6541 83.8
      vertex -2.34947 -17.846 1.2
      vertex -3.51163 -17.6541 1.2
    endloop
  endfacet
  facet normal 0.683594 0.729863 -0
    outer loop
      vertex -11.8682 -13.5331 1.2
      vertex -12.7279 -12.7279 83.8
      vertex -11.8682 -13.5331 83.8
    endloop
  endfacet
  facet normal 0.683594 0.729863 0
    outer loop
      vertex -12.7279 -12.7279 83.8
      vertex -11.8682 -13.5331 1.2
      vertex -12.7279 -12.7279 1.2
    endloop
  endfacet
  facet normal 0.41269 0.910872 -0
    outer loop
      vertex -6.8883 -16.6298 1.2
      vertex -7.9612 -16.1437 83.8
      vertex -6.8883 -16.6298 83.8
    endloop
  endfacet
  facet normal 0.41269 0.910872 0
    outer loop
      vertex -7.9612 -16.1437 83.8
      vertex -6.8883 -16.6298 1.2
      vertex -7.9612 -16.1437 1.2
    endloop
  endfacet
  facet normal 0.0326856 0.999466 -0
    outer loop
      vertex 0 -18 1.2
      vertex -1.17726 -17.9615 83.8
      vertex 0 -18 83.8
    endloop
  endfacet
  facet normal 0.0326856 0.999466 0
    outer loop
      vertex -1.17726 -17.9615 83.8
      vertex 0 -18 1.2
      vertex -1.17726 -17.9615 1.2
    endloop
  endfacet
  facet normal 0.63443 0.77298 -0
    outer loop
      vertex -10.9577 -14.2804 1.2
      vertex -11.8682 -13.5331 83.8
      vertex -10.9577 -14.2804 83.8
    endloop
  endfacet
  facet normal 0.63443 0.77298 0
    outer loop
      vertex -11.8682 -13.5331 83.8
      vertex -10.9577 -14.2804 1.2
      vertex -11.8682 -13.5331 1.2
    endloop
  endfacet
  facet normal 0.881939 0.471364 0
    outer loop
      vertex -15.5885 -9 83.8
      vertex -16.1437 -7.9612 1.2
      vertex -16.1437 -7.9612 83.8
    endloop
  endfacet
  facet normal 0.881939 0.471364 0
    outer loop
      vertex -16.1437 -7.9612 1.2
      vertex -15.5885 -9 83.8
      vertex -15.5885 -9 1.2
    endloop
  endfacet
  facet normal -0.683594 -0.729863 0
    outer loop
      vertex 11.8682 13.5331 1.2
      vertex 12.7279 12.7279 83.8
      vertex 11.8682 13.5331 83.8
    endloop
  endfacet
  facet normal -0.683594 -0.729863 -0
    outer loop
      vertex 12.7279 12.7279 83.8
      vertex 11.8682 13.5331 1.2
      vertex 12.7279 12.7279 1.2
    endloop
  endfacet
  facet normal -0.812832 -0.582498 0
    outer loop
      vertex 14.9665 10.0003 1.2
      vertex 14.2804 10.9577 83.8
      vertex 14.2804 10.9577 1.2
    endloop
  endfacet
  facet normal -0.812832 -0.582498 0
    outer loop
      vertex 14.2804 10.9577 83.8
      vertex 14.9665 10.0003 1.2
      vertex 14.9665 10.0003 83.8
    endloop
  endfacet
  facet normal -0.0326856 -0.999466 0
    outer loop
      vertex 0 18 1.2
      vertex 1.17726 17.9615 83.8
      vertex 0 18 83.8
    endloop
  endfacet
  facet normal -0.0326856 -0.999466 -0
    outer loop
      vertex 1.17726 17.9615 83.8
      vertex 0 18 1.2
      vertex 1.17726 17.9615 1.2
    endloop
  endfacet
  facet normal -0.352242 -0.935909 0
    outer loop
      vertex 5.78591 17.0447 1.2
      vertex 6.8883 16.6298 83.8
      vertex 5.78591 17.0447 83.8
    endloop
  endfacet
  facet normal -0.352242 -0.935909 -0
    outer loop
      vertex 6.8883 16.6298 83.8
      vertex 5.78591 17.0447 1.2
      vertex 6.8883 16.6298 1.2
    endloop
  endfacet
  facet normal -0.471364 -0.881939 0
    outer loop
      vertex 7.9612 16.1437 1.2
      vertex 9 15.5885 83.8
      vertex 7.9612 16.1437 83.8
    endloop
  endfacet
  facet normal -0.471364 -0.881939 -0
    outer loop
      vertex 9 15.5885 83.8
      vertex 7.9612 16.1437 1.2
      vertex 9 15.5885 1.2
    endloop
  endfacet
  facet normal -0.63443 -0.77298 0
    outer loop
      vertex 10.9577 14.2804 1.2
      vertex 11.8682 13.5331 83.8
      vertex 10.9577 14.2804 83.8
    endloop
  endfacet
  facet normal -0.63443 -0.77298 -0
    outer loop
      vertex 11.8682 13.5331 83.8
      vertex 10.9577 14.2804 1.2
      vertex 11.8682 13.5331 1.2
    endloop
  endfacet
  facet normal -0.582498 -0.812832 0
    outer loop
      vertex 10.0003 14.9665 1.2
      vertex 10.9577 14.2804 83.8
      vertex 10.0003 14.9665 83.8
    endloop
  endfacet
  facet normal -0.582498 -0.812832 -0
    outer loop
      vertex 10.9577 14.2804 83.8
      vertex 10.0003 14.9665 1.2
      vertex 10.9577 14.2804 1.2
    endloop
  endfacet
  facet normal 0.999466 -0.0326856 0
    outer loop
      vertex -18 0 83.8
      vertex -17.9615 1.17726 1.2
      vertex -17.9615 1.17726 83.8
    endloop
  endfacet
  facet normal 0.999466 -0.0326856 0
    outer loop
      vertex -17.9615 1.17726 1.2
      vertex -18 0 83.8
      vertex -18 0 1.2
    endloop
  endfacet
  facet normal 0.910872 -0.41269 0
    outer loop
      vertex -16.6298 6.8883 83.8
      vertex -16.1437 7.9612 1.2
      vertex -16.1437 7.9612 83.8
    endloop
  endfacet
  facet normal 0.910872 -0.41269 0
    outer loop
      vertex -16.1437 7.9612 1.2
      vertex -16.6298 6.8883 83.8
      vertex -16.6298 6.8883 1.2
    endloop
  endfacet
  facet normal 0.582498 -0.812832 0
    outer loop
      vertex -10.9577 14.2804 1.2
      vertex -10.0003 14.9665 83.8
      vertex -10.9577 14.2804 83.8
    endloop
  endfacet
  facet normal 0.582498 -0.812832 0
    outer loop
      vertex -10.0003 14.9665 83.8
      vertex -10.9577 14.2804 1.2
      vertex -10.0003 14.9665 1.2
    endloop
  endfacet
  facet normal 0.63443 -0.77298 0
    outer loop
      vertex -11.8682 13.5331 1.2
      vertex -10.9577 14.2804 83.8
      vertex -11.8682 13.5331 83.8
    endloop
  endfacet
  facet normal 0.63443 -0.77298 0
    outer loop
      vertex -10.9577 14.2804 83.8
      vertex -11.8682 13.5331 1.2
      vertex -10.9577 14.2804 1.2
    endloop
  endfacet
  facet normal 0.352242 -0.935909 0
    outer loop
      vertex -6.8883 16.6298 1.2
      vertex -5.78591 17.0447 83.8
      vertex -6.8883 16.6298 83.8
    endloop
  endfacet
  facet normal 0.352242 -0.935909 0
    outer loop
      vertex -5.78591 17.0447 83.8
      vertex -6.8883 16.6298 1.2
      vertex -5.78591 17.0447 1.2
    endloop
  endfacet
  facet normal 0.0326856 -0.999466 0
    outer loop
      vertex -1.17726 17.9615 1.2
      vertex 0 18 83.8
      vertex -1.17726 17.9615 83.8
    endloop
  endfacet
  facet normal 0.0326856 -0.999466 0
    outer loop
      vertex 0 18 83.8
      vertex -1.17726 17.9615 1.2
      vertex 0 18 1.2
    endloop
  endfacet
  facet normal 0.098057 -0.995181 0
    outer loop
      vertex -2.34947 17.846 1.2
      vertex -1.17726 17.9615 83.8
      vertex -2.34947 17.846 83.8
    endloop
  endfacet
  facet normal 0.098057 -0.995181 0
    outer loop
      vertex -1.17726 17.9615 83.8
      vertex -2.34947 17.846 1.2
      vertex -1.17726 17.9615 1.2
    endloop
  endfacet
  facet normal -0.0326856 0.999466 0
    outer loop
      vertex 1.17726 -17.9615 1.2
      vertex 0 -18 83.8
      vertex 1.17726 -17.9615 83.8
    endloop
  endfacet
  facet normal -0.0326856 0.999466 0
    outer loop
      vertex 0 -18 83.8
      vertex 1.17726 -17.9615 1.2
      vertex 0 -18 1.2
    endloop
  endfacet
  facet normal -0.098057 0.995181 0
    outer loop
      vertex 2.34947 -17.846 1.2
      vertex 1.17726 -17.9615 83.8
      vertex 2.34947 -17.846 83.8
    endloop
  endfacet
  facet normal -0.098057 0.995181 0
    outer loop
      vertex 1.17726 -17.9615 83.8
      vertex 2.34947 -17.846 1.2
      vertex 1.17726 -17.9615 1.2
    endloop
  endfacet
  facet normal -0.352242 0.935909 0
    outer loop
      vertex 6.8883 -16.6298 1.2
      vertex 5.78591 -17.0447 83.8
      vertex 6.8883 -16.6298 83.8
    endloop
  endfacet
  facet normal -0.352242 0.935909 0
    outer loop
      vertex 5.78591 -17.0447 83.8
      vertex 6.8883 -16.6298 1.2
      vertex 5.78591 -17.0447 1.2
    endloop
  endfacet
  facet normal -0.41269 0.910872 0
    outer loop
      vertex 7.9612 -16.1437 1.2
      vertex 6.8883 -16.6298 83.8
      vertex 7.9612 -16.1437 83.8
    endloop
  endfacet
  facet normal -0.41269 0.910872 0
    outer loop
      vertex 6.8883 -16.6298 83.8
      vertex 7.9612 -16.1437 1.2
      vertex 6.8883 -16.6298 1.2
    endloop
  endfacet
  facet normal -0.290344 0.956922 0
    outer loop
      vertex 5.78591 -17.0447 1.2
      vertex 4.65874 -17.3867 83.8
      vertex 5.78591 -17.0447 83.8
    endloop
  endfacet
  facet normal -0.290344 0.956922 0
    outer loop
      vertex 4.65874 -17.3867 83.8
      vertex 5.78591 -17.0447 1.2
      vertex 4.65874 -17.3867 1.2
    endloop
  endfacet
  facet normal -0.683594 0.729863 0
    outer loop
      vertex 12.7279 -12.7279 1.2
      vertex 11.8682 -13.5331 83.8
      vertex 12.7279 -12.7279 83.8
    endloop
  endfacet
  facet normal -0.683594 0.729863 0
    outer loop
      vertex 11.8682 -13.5331 83.8
      vertex 12.7279 -12.7279 1.2
      vertex 11.8682 -13.5331 1.2
    endloop
  endfacet
  facet normal -0.77298 0.63443 0
    outer loop
      vertex 13.5331 -11.8682 1.2
      vertex 14.2804 -10.9577 83.8
      vertex 14.2804 -10.9577 1.2
    endloop
  endfacet
  facet normal -0.77298 0.63443 0
    outer loop
      vertex 14.2804 -10.9577 83.8
      vertex 13.5331 -11.8682 1.2
      vertex 13.5331 -11.8682 83.8
    endloop
  endfacet
  facet normal -0.812832 0.582498 0
    outer loop
      vertex 14.2804 -10.9577 1.2
      vertex 14.9665 -10.0003 83.8
      vertex 14.9665 -10.0003 1.2
    endloop
  endfacet
  facet normal -0.812832 0.582498 0
    outer loop
      vertex 14.9665 -10.0003 83.8
      vertex 14.2804 -10.9577 1.2
      vertex 14.2804 -10.9577 83.8
    endloop
  endfacet
  facet normal -0.910872 0.41269 0
    outer loop
      vertex 16.1437 -7.9612 1.2
      vertex 16.6298 -6.8883 83.8
      vertex 16.6298 -6.8883 1.2
    endloop
  endfacet
  facet normal -0.910872 0.41269 0
    outer loop
      vertex 16.6298 -6.8883 83.8
      vertex 16.1437 -7.9612 1.2
      vertex 16.1437 -7.9612 83.8
    endloop
  endfacet
  facet normal -0.956922 0.290344 0
    outer loop
      vertex 17.0447 -5.78591 1.2
      vertex 17.3867 -4.65874 83.8
      vertex 17.3867 -4.65874 1.2
    endloop
  endfacet
  facet normal -0.956922 0.290344 0
    outer loop
      vertex 17.3867 -4.65874 83.8
      vertex 17.0447 -5.78591 1.2
      vertex 17.0447 -5.78591 83.8
    endloop
  endfacet
  facet normal -0.97389 0.227021 0
    outer loop
      vertex 17.3867 -4.65874 1.2
      vertex 17.6541 -3.51163 83.8
      vertex 17.6541 -3.51163 1.2
    endloop
  endfacet
  facet normal -0.97389 0.227021 0
    outer loop
      vertex 17.6541 -3.51163 83.8
      vertex 17.3867 -4.65874 1.2
      vertex 17.3867 -4.65874 83.8
    endloop
  endfacet
  facet normal 0.227021 0.97389 -0
    outer loop
      vertex -3.51163 -17.6541 1.2
      vertex -4.65874 -17.3867 83.8
      vertex -3.51163 -17.6541 83.8
    endloop
  endfacet
  facet normal 0.227021 0.97389 0
    outer loop
      vertex -4.65874 -17.3867 83.8
      vertex -3.51163 -17.6541 1.2
      vertex -4.65874 -17.3867 1.2
    endloop
  endfacet
  facet normal 0.290344 0.956922 -0
    outer loop
      vertex -4.65874 -17.3867 1.2
      vertex -5.78591 -17.0447 83.8
      vertex -4.65874 -17.3867 83.8
    endloop
  endfacet
  facet normal 0.290344 0.956922 0
    outer loop
      vertex -5.78591 -17.0447 83.8
      vertex -4.65874 -17.3867 1.2
      vertex -5.78591 -17.0447 1.2
    endloop
  endfacet
  facet normal 0.098057 0.995181 -0
    outer loop
      vertex -1.17726 -17.9615 1.2
      vertex -2.34947 -17.846 83.8
      vertex -1.17726 -17.9615 83.8
    endloop
  endfacet
  facet normal 0.098057 0.995181 0
    outer loop
      vertex -2.34947 -17.846 83.8
      vertex -1.17726 -17.9615 1.2
      vertex -2.34947 -17.846 1.2
    endloop
  endfacet
  facet normal 0.471364 0.881939 -0
    outer loop
      vertex -7.9612 -16.1437 1.2
      vertex -9 -15.5885 83.8
      vertex -7.9612 -16.1437 83.8
    endloop
  endfacet
  facet normal 0.471364 0.881939 0
    outer loop
      vertex -9 -15.5885 83.8
      vertex -7.9612 -16.1437 1.2
      vertex -9 -15.5885 1.2
    endloop
  endfacet
  facet normal 0.812832 0.582498 0
    outer loop
      vertex -14.2804 -10.9577 83.8
      vertex -14.9665 -10.0003 1.2
      vertex -14.9665 -10.0003 83.8
    endloop
  endfacet
  facet normal 0.812832 0.582498 0
    outer loop
      vertex -14.9665 -10.0003 1.2
      vertex -14.2804 -10.9577 83.8
      vertex -14.2804 -10.9577 1.2
    endloop
  endfacet
  facet normal 0.849212 0.528052 0
    outer loop
      vertex -14.9665 -10.0003 83.8
      vertex -15.5885 -9 1.2
      vertex -15.5885 -9 83.8
    endloop
  endfacet
  facet normal 0.849212 0.528052 0
    outer loop
      vertex -15.5885 -9 1.2
      vertex -14.9665 -10.0003 83.8
      vertex -14.9665 -10.0003 1.2
    endloop
  endfacet
  facet normal 0.910872 0.41269 0
    outer loop
      vertex -16.1437 -7.9612 83.8
      vertex -16.6298 -6.8883 1.2
      vertex -16.6298 -6.8883 83.8
    endloop
  endfacet
  facet normal 0.910872 0.41269 0
    outer loop
      vertex -16.6298 -6.8883 1.2
      vertex -16.1437 -7.9612 83.8
      vertex -16.1437 -7.9612 1.2
    endloop
  endfacet
  facet normal 0.98664 0.162917 0
    outer loop
      vertex -17.6541 -3.51163 83.8
      vertex -17.846 -2.34947 1.2
      vertex -17.846 -2.34947 83.8
    endloop
  endfacet
  facet normal 0.98664 0.162917 0
    outer loop
      vertex -17.846 -2.34947 1.2
      vertex -17.6541 -3.51163 83.8
      vertex -17.6541 -3.51163 1.2
    endloop
  endfacet
  facet normal 0.999466 0.0326856 0
    outer loop
      vertex -17.9615 -1.17726 83.8
      vertex -18 0 1.2
      vertex -18 0 83.8
    endloop
  endfacet
  facet normal 0.999466 0.0326856 0
    outer loop
      vertex -18 0 1.2
      vertex -17.9615 -1.17726 83.8
      vertex -17.9615 -1.17726 1.2
    endloop
  endfacet
  facet normal 0.935909 0.352242 0
    outer loop
      vertex -16.6298 -6.8883 83.8
      vertex -17.0447 -5.78591 1.2
      vertex -17.0447 -5.78591 83.8
    endloop
  endfacet
  facet normal 0.935909 0.352242 0
    outer loop
      vertex -17.0447 -5.78591 1.2
      vertex -16.6298 -6.8883 83.8
      vertex -16.6298 -6.8883 1.2
    endloop
  endfacet
  facet normal 0.956922 0.290344 0
    outer loop
      vertex -17.0447 -5.78591 83.8
      vertex -17.3867 -4.65874 1.2
      vertex -17.3867 -4.65874 83.8
    endloop
  endfacet
  facet normal 0.956922 0.290344 0
    outer loop
      vertex -17.3867 -4.65874 1.2
      vertex -17.0447 -5.78591 83.8
      vertex -17.0447 -5.78591 1.2
    endloop
  endfacet
  facet normal -0.97389 -0.227021 0
    outer loop
      vertex 17.6541 3.51163 1.2
      vertex 17.3867 4.65874 83.8
      vertex 17.3867 4.65874 1.2
    endloop
  endfacet
  facet normal -0.97389 -0.227021 0
    outer loop
      vertex 17.3867 4.65874 83.8
      vertex 17.6541 3.51163 1.2
      vertex 17.6541 3.51163 83.8
    endloop
  endfacet
  facet normal -0.729863 -0.683594 0
    outer loop
      vertex 13.5331 11.8682 1.2
      vertex 12.7279 12.7279 83.8
      vertex 12.7279 12.7279 1.2
    endloop
  endfacet
  facet normal -0.729863 -0.683594 0
    outer loop
      vertex 12.7279 12.7279 83.8
      vertex 13.5331 11.8682 1.2
      vertex 13.5331 11.8682 83.8
    endloop
  endfacet
  facet normal -0.098057 -0.995181 0
    outer loop
      vertex 1.17726 17.9615 1.2
      vertex 2.34947 17.846 83.8
      vertex 1.17726 17.9615 83.8
    endloop
  endfacet
  facet normal -0.098057 -0.995181 -0
    outer loop
      vertex 2.34947 17.846 83.8
      vertex 1.17726 17.9615 1.2
      vertex 2.34947 17.846 1.2
    endloop
  endfacet
  facet normal 0.812832 -0.582498 0
    outer loop
      vertex -14.9665 10.0003 83.8
      vertex -14.2804 10.9577 1.2
      vertex -14.2804 10.9577 83.8
    endloop
  endfacet
  facet normal 0.812832 -0.582498 0
    outer loop
      vertex -14.2804 10.9577 1.2
      vertex -14.9665 10.0003 83.8
      vertex -14.9665 10.0003 1.2
    endloop
  endfacet
  facet normal 0.881939 -0.471364 0
    outer loop
      vertex -16.1437 7.9612 83.8
      vertex -15.5885 9 1.2
      vertex -15.5885 9 83.8
    endloop
  endfacet
  facet normal 0.881939 -0.471364 0
    outer loop
      vertex -15.5885 9 1.2
      vertex -16.1437 7.9612 83.8
      vertex -16.1437 7.9612 1.2
    endloop
  endfacet
  facet normal 0.995181 -0.098057 0
    outer loop
      vertex -17.9615 1.17726 83.8
      vertex -17.846 2.34947 1.2
      vertex -17.846 2.34947 83.8
    endloop
  endfacet
  facet normal 0.995181 -0.098057 0
    outer loop
      vertex -17.846 2.34947 1.2
      vertex -17.9615 1.17726 83.8
      vertex -17.9615 1.17726 1.2
    endloop
  endfacet
  facet normal 0.935909 -0.352242 0
    outer loop
      vertex -17.0447 5.78591 83.8
      vertex -16.6298 6.8883 1.2
      vertex -16.6298 6.8883 83.8
    endloop
  endfacet
  facet normal 0.935909 -0.352242 0
    outer loop
      vertex -16.6298 6.8883 1.2
      vertex -17.0447 5.78591 83.8
      vertex -17.0447 5.78591 1.2
    endloop
  endfacet
  facet normal 0.41269 -0.910872 0
    outer loop
      vertex -7.9612 16.1437 1.2
      vertex -6.8883 16.6298 83.8
      vertex -7.9612 16.1437 83.8
    endloop
  endfacet
  facet normal 0.41269 -0.910872 0
    outer loop
      vertex -6.8883 16.6298 83.8
      vertex -7.9612 16.1437 1.2
      vertex -6.8883 16.6298 1.2
    endloop
  endfacet
  facet normal 0.290344 -0.956922 0
    outer loop
      vertex -5.78591 17.0447 1.2
      vertex -4.65874 17.3867 83.8
      vertex -5.78591 17.0447 83.8
    endloop
  endfacet
  facet normal 0.290344 -0.956922 0
    outer loop
      vertex -4.65874 17.3867 83.8
      vertex -5.78591 17.0447 1.2
      vertex -4.65874 17.3867 1.2
    endloop
  endfacet
  facet normal -0.582498 0.812832 0
    outer loop
      vertex 10.9577 -14.2804 1.2
      vertex 10.0003 -14.9665 83.8
      vertex 10.9577 -14.2804 83.8
    endloop
  endfacet
  facet normal -0.582498 0.812832 0
    outer loop
      vertex 10.0003 -14.9665 83.8
      vertex 10.9577 -14.2804 1.2
      vertex 10.0003 -14.9665 1.2
    endloop
  endfacet
  facet normal -0.995181 0.098057 0
    outer loop
      vertex 17.846 -2.34947 1.2
      vertex 17.9615 -1.17726 83.8
      vertex 17.9615 -1.17726 1.2
    endloop
  endfacet
  facet normal -0.995181 0.098057 0
    outer loop
      vertex 17.9615 -1.17726 83.8
      vertex 17.846 -2.34947 1.2
      vertex 17.846 -2.34947 83.8
    endloop
  endfacet
  facet normal 0.582498 0.812832 -0
    outer loop
      vertex -10.0003 -14.9665 1.2
      vertex -10.9577 -14.2804 83.8
      vertex -10.0003 -14.9665 83.8
    endloop
  endfacet
  facet normal 0.582498 0.812832 0
    outer loop
      vertex -10.9577 -14.2804 83.8
      vertex -10.0003 -14.9665 1.2
      vertex -10.9577 -14.2804 1.2
    endloop
  endfacet
  facet normal 0.77298 0.63443 0
    outer loop
      vertex -13.5331 -11.8682 83.8
      vertex -14.2804 -10.9577 1.2
      vertex -14.2804 -10.9577 83.8
    endloop
  endfacet
  facet normal 0.77298 0.63443 0
    outer loop
      vertex -14.2804 -10.9577 1.2
      vertex -13.5331 -11.8682 83.8
      vertex -13.5331 -11.8682 1.2
    endloop
  endfacet
  facet normal 0.995181 0.098057 0
    outer loop
      vertex -17.846 -2.34947 83.8
      vertex -17.9615 -1.17726 1.2
      vertex -17.9615 -1.17726 83.8
    endloop
  endfacet
  facet normal 0.995181 0.098057 0
    outer loop
      vertex -17.9615 -1.17726 1.2
      vertex -17.846 -2.34947 83.8
      vertex -17.846 -2.34947 1.2
    endloop
  endfacet
  facet normal -0.709838 -0.0232554 -0.703981
    outer loop
      vertex 19.1493 1.24536 0
      vertex 19.1901 0 0
      vertex 18 0 1.2
    endloop
  endfacet
  facet normal 0.0232554 -0.709838 -0.703981
    outer loop
      vertex 0 19.1901 0
      vertex 0 18 1.2
      vertex -1.24536 19.1493 0
    endloop
  endfacet
  facet normal 0.709838 -0.0232554 -0.703981
    outer loop
      vertex -19.1493 1.24536 0
      vertex -18 0 1.2
      vertex -19.1901 0 0
    endloop
  endfacet
  facet normal 0.0232554 0.709838 -0.703981
    outer loop
      vertex 0 -18 1.2
      vertex 0 -19.1901 0
      vertex -1.24536 -19.1493 0
    endloop
  endfacet
  facet normal -0.51834 -0.485509 -0.703992
    outer loop
      vertex 13.5761 13.5623 0
      vertex 14.4279 12.6529 0
      vertex 13.5331 11.8682 1.2
    endloop
  endfacet
  facet normal 0.70986 0.0232146 -0.70396
    outer loop
      vertex -17.9615 -1.17726 1.2
      vertex -19.1493 -1.24536 0
      vertex -18 0 1.2
    endloop
  endfacet
  facet normal 0.709919 0.0218886 -0.703943
    outer loop
      vertex -19.1493 -1.24536 0
      vertex -17.9615 -1.17726 1.2
      vertex -19.149 -1.25509 0
    endloop
  endfacet
  facet normal 0.549003 0.450599 -0.703957
    outer loop
      vertex -15.2183 -11.6897 0
      vertex -14.2804 -10.9577 1.2
      vertex -13.5331 -11.8682 1.2
    endloop
  endfacet
  facet normal 0.547439 0.45255 -0.703924
    outer loop
      vertex -14.2804 -10.9577 1.2
      vertex -15.2183 -11.6897 0
      vertex -15.2245 -11.6822 0
    endloop
  endfacet
  facet normal -0.487419 0.516518 -0.704011
    outer loop
      vertex 13.5623 -13.5761 0
      vertex 12.7279 -12.7279 1.2
      vertex 13.5694 -13.5694 0
    endloop
  endfacet
  facet normal -0.485501 0.518362 -0.703981
    outer loop
      vertex 12.7279 -12.7279 1.2
      vertex 13.5623 -13.5761 0
      vertex 11.8682 -13.5331 1.2
    endloop
  endfacet
  facet normal -0.691858 0.160558 -0.703955
    outer loop
      vertex 17.3867 -4.65874 1.2
      vertex 18.5384 -4.95728 0
      vertex 18.5362 -4.96676 0
    endloop
  endfacet
  facet normal -0.691691 0.161238 -0.703964
    outer loop
      vertex 18.5384 -4.95728 0
      vertex 17.3867 -4.65874 1.2
      vertex 17.6541 -3.51163 1.2
    endloop
  endfacet
  facet normal 0.485509 -0.51834 -0.703992
    outer loop
      vertex -12.6529 14.4279 0
      vertex -11.8682 13.5331 1.2
      vertex -13.5623 13.5761 0
    endloop
  endfacet
  facet normal 0.0695959 -0.706806 -0.703976
    outer loop
      vertex -1.26478 19.148 0
      vertex -2.34947 17.846 1.2
      vertex -2.50481 19.0259 0
    endloop
  endfacet
  facet normal 0.70072 0.115648 -0.704001
    outer loop
      vertex -17.6541 -3.51163 1.2
      vertex -18.8214 -3.7438 0
      vertex -19.0243 -2.51441 0
    endloop
  endfacet
  facet normal -0.0695959 0.706806 -0.703976
    outer loop
      vertex 2.34947 -17.846 1.2
      vertex 2.50481 -19.0259 0
      vertex 1.26478 -19.148 0
    endloop
  endfacet
  facet normal -0.115648 0.70072 -0.704001
    outer loop
      vertex 3.51163 -17.6541 1.2
      vertex 3.7438 -18.8214 0
      vertex 2.51441 -19.0243 0
    endloop
  endfacet
  facet normal -0.646923 0.293092 -0.703979
    outer loop
      vertex 17.7293 -7.34373 0
      vertex 17.2151 -8.47869 0
      vertex 16.6298 -6.8883 1.2
    endloop
  endfacet
  facet normal -0.115709 -0.700739 -0.703972
    outer loop
      vertex 2.34947 17.846 1.2
      vertex 2.51441 19.0243 0
      vertex 3.51163 17.6541 1.2
    endloop
  endfacet
  facet normal -0.116763 -0.700578 -0.703958
    outer loop
      vertex 2.51441 19.0243 0
      vertex 2.34947 17.846 1.2
      vertex 2.50481 19.0259 0
    endloop
  endfacet
  facet normal -0.691691 -0.161238 -0.703964
    outer loop
      vertex 17.3867 4.65874 1.2
      vertex 18.5384 4.95728 0
      vertex 17.6541 3.51163 1.2
    endloop
  endfacet
  facet normal -0.691858 -0.160558 -0.703955
    outer loop
      vertex 18.5384 4.95728 0
      vertex 17.3867 4.65874 1.2
      vertex 18.5362 4.96676 0
    endloop
  endfacet
  facet normal -0.70072 -0.115648 -0.704001
    outer loop
      vertex 18.8214 3.7438 0
      vertex 19.0243 2.51441 0
      vertex 17.6541 3.51163 1.2
    endloop
  endfacet
  facet normal -0.706539 -0.0729142 -0.703908
    outer loop
      vertex 17.9615 1.17726 1.2
      vertex 19.148 1.26478 0
      vertex 19.149 1.25509 0
    endloop
  endfacet
  facet normal -0.706825 -0.0696447 -0.703952
    outer loop
      vertex 19.148 1.26478 0
      vertex 17.9615 1.17726 1.2
      vertex 17.846 2.34947 1.2
    endloop
  endfacet
  facet normal -0.70072 0.115648 -0.704001
    outer loop
      vertex 19.0243 -2.51441 0
      vertex 18.8214 -3.7438 0
      vertex 17.6541 -3.51163 1.2
    endloop
  endfacet
  facet normal 0.664703 -0.250168 -0.703979
    outer loop
      vertex -17.7293 7.34373 0
      vertex -16.6298 6.8883 1.2
      vertex -18.1682 6.17756 0
    endloop
  endfacet
  facet normal 0.691691 -0.161238 -0.703964
    outer loop
      vertex -18.5384 4.95728 0
      vertex -17.3867 4.65874 1.2
      vertex -17.6541 3.51163 1.2
    endloop
  endfacet
  facet normal 0.691858 -0.160558 -0.703955
    outer loop
      vertex -17.3867 4.65874 1.2
      vertex -18.5384 4.95728 0
      vertex -18.5362 4.96676 0
    endloop
  endfacet
  facet normal 0.206205 -0.679614 -0.703992
    outer loop
      vertex -5.78591 17.0447 1.2
      vertex -6.15914 18.1745 0
      vertex -4.65874 17.3867 1.2
    endloop
  endfacet
  facet normal 0.204552 -0.680136 -0.703969
    outer loop
      vertex -6.15914 18.1745 0
      vertex -5.78591 17.0447 1.2
      vertex -6.16845 18.1717 0
    endloop
  endfacet
  facet normal 0.518362 -0.485501 -0.703981
    outer loop
      vertex -13.5761 13.5623 0
      vertex -12.7279 12.7279 1.2
      vertex -13.5331 11.8682 1.2
    endloop
  endfacet
  facet normal 0.516518 -0.487419 -0.704011
    outer loop
      vertex -12.7279 12.7279 1.2
      vertex -13.5761 13.5623 0
      vertex -13.5694 13.5694 0
    endloop
  endfacet
  facet normal 0.577325 -0.413686 -0.70396
    outer loop
      vertex -15.2302 11.6743 0
      vertex -14.9665 10.0003 1.2
      vertex -15.956 10.6614 0
    endloop
  endfacet
  facet normal 0.664703 0.250168 -0.703979
    outer loop
      vertex -16.6298 -6.8883 1.2
      vertex -17.7293 -7.34373 0
      vertex -18.1682 -6.17756 0
    endloop
  endfacet
  facet normal 0.293092 0.646923 -0.703979
    outer loop
      vertex -6.8883 -16.6298 1.2
      vertex -7.34373 -17.7293 0
      vertex -8.47869 -17.2151 0
    endloop
  endfacet
  facet normal 0.664703 0.25017 -0.703978
    outer loop
      vertex -18.1682 -6.17756 0
      vertex -17.0447 -5.78591 1.2
      vertex -16.6298 -6.8883 1.2
    endloop
  endfacet
  facet normal 0.663039 0.254735 -0.70391
    outer loop
      vertex -17.0447 -5.78591 1.2
      vertex -18.1682 -6.17756 0
      vertex -18.1717 -6.16845 0
    endloop
  endfacet
  facet normal 0.603134 0.375049 -0.703966
    outer loop
      vertex -15.5885 -9 1.2
      vertex -15.9611 -10.6532 0
      vertex -16.6191 -9.59504 0
    endloop
  endfacet
  facet normal 0.577325 0.413686 -0.70396
    outer loop
      vertex -14.9665 -10.0003 1.2
      vertex -15.2302 -11.6743 0
      vertex -15.956 -10.6614 0
    endloop
  endfacet
  facet normal 0.646923 0.293092 -0.703979
    outer loop
      vertex -16.6298 -6.8883 1.2
      vertex -17.2151 -8.47869 0
      vertex -17.7293 -7.34373 0
    endloop
  endfacet
  facet normal -0.45255 0.547439 -0.703924
    outer loop
      vertex 10.9577 -14.2804 1.2
      vertex 11.6897 -15.2183 0
      vertex 11.6822 -15.2245 0
    endloop
  endfacet
  facet normal -0.450599 0.549003 -0.703957
    outer loop
      vertex 11.6897 -15.2183 0
      vertex 10.9577 -14.2804 1.2
      vertex 11.8682 -13.5331 1.2
    endloop
  endfacet
  facet normal -0.413686 0.577325 -0.70396
    outer loop
      vertex 11.6743 -15.2302 0
      vertex 10.6614 -15.956 0
      vertex 10.0003 -14.9665 1.2
    endloop
  endfacet
  facet normal -0.254735 0.663039 -0.70391
    outer loop
      vertex 5.78591 -17.0447 1.2
      vertex 6.17756 -18.1682 0
      vertex 6.16845 -18.1717 0
    endloop
  endfacet
  facet normal -0.25017 0.664703 -0.703978
    outer loop
      vertex 6.17756 -18.1682 0
      vertex 5.78591 -17.0447 1.2
      vertex 6.8883 -16.6298 1.2
    endloop
  endfacet
  facet normal -0.577325 0.413686 -0.70396
    outer loop
      vertex 15.956 -10.6614 0
      vertex 15.2302 -11.6743 0
      vertex 14.9665 -10.0003 1.2
    endloop
  endfacet
  facet normal -0.647443 0.29197 -0.703968
    outer loop
      vertex 16.1437 -7.9612 1.2
      vertex 17.2151 -8.47869 0
      vertex 17.2111 -8.48756 0
    endloop
  endfacet
  facet normal -0.646915 0.293099 -0.703984
    outer loop
      vertex 17.2151 -8.47869 0
      vertex 16.1437 -7.9612 1.2
      vertex 16.6298 -6.8883 1.2
    endloop
  endfacet
  facet normal -0.67965 0.206167 -0.703968
    outer loop
      vertex 18.5362 -4.96676 0
      vertex 18.1745 -6.15914 0
      vertex 17.3867 -4.65874 1.2
    endloop
  endfacet
  facet normal -0.70986 0.0232146 -0.70396
    outer loop
      vertex 19.1493 -1.24536 0
      vertex 17.9615 -1.17726 1.2
      vertex 18 0 1.2
    endloop
  endfacet
  facet normal -0.709919 0.0218886 -0.703943
    outer loop
      vertex 17.9615 -1.17726 1.2
      vertex 19.1493 -1.24536 0
      vertex 19.149 -1.25509 0
    endloop
  endfacet
  facet normal -0.706806 0.0695959 -0.703976
    outer loop
      vertex 19.148 -1.26478 0
      vertex 19.0259 -2.50481 0
      vertex 17.846 -2.34947 1.2
    endloop
  endfacet
  facet normal -0.206167 -0.67965 -0.703968
    outer loop
      vertex 4.96676 18.5362 0
      vertex 6.15914 18.1745 0
      vertex 4.65874 17.3867 1.2
    endloop
  endfacet
  facet normal -0.0232554 -0.709838 -0.703981
    outer loop
      vertex 0 19.1901 0
      vertex 1.24536 19.1493 0
      vertex 0 18 1.2
    endloop
  endfacet
  facet normal -0.626364 -0.334813 -0.703966
    outer loop
      vertex 16.6191 9.59504 0
      vertex 17.2065 8.49614 0
      vertex 15.5885 9 1.2
    endloop
  endfacet
  facet normal -0.487419 -0.516518 -0.704011
    outer loop
      vertex 12.7279 12.7279 1.2
      vertex 13.5623 13.5761 0
      vertex 13.5694 13.5694 0
    endloop
  endfacet
  facet normal -0.485501 -0.518362 -0.703981
    outer loop
      vertex 13.5623 13.5761 0
      vertex 12.7279 12.7279 1.2
      vertex 11.8682 13.5331 1.2
    endloop
  endfacet
  facet normal -0.664703 -0.250168 -0.703979
    outer loop
      vertex 17.7293 7.34373 0
      vertex 18.1682 6.17756 0
      vertex 16.6298 6.8883 1.2
    endloop
  endfacet
  facet normal -0.700578 -0.116763 -0.703958
    outer loop
      vertex 17.846 2.34947 1.2
      vertex 19.0243 2.51441 0
      vertex 19.0259 2.50481 0
    endloop
  endfacet
  facet normal -0.700739 -0.115709 -0.703972
    outer loop
      vertex 19.0243 2.51441 0
      vertex 17.846 2.34947 1.2
      vertex 17.6541 3.51163 1.2
    endloop
  endfacet
  facet normal -0.706806 -0.0695959 -0.703976
    outer loop
      vertex 19.0259 2.50481 0
      vertex 19.148 1.26478 0
      vertex 17.846 2.34947 1.2
    endloop
  endfacet
  facet normal -0.709919 -0.0218886 -0.703943
    outer loop
      vertex 19.1493 1.24536 0
      vertex 17.9615 1.17726 1.2
      vertex 19.149 1.25509 0
    endloop
  endfacet
  facet normal -0.70986 -0.0232146 -0.70396
    outer loop
      vertex 17.9615 1.17726 1.2
      vertex 19.1493 1.24536 0
      vertex 18 0 1.2
    endloop
  endfacet
  facet normal 0.646915 -0.293099 -0.703984
    outer loop
      vertex -17.2151 8.47869 0
      vertex -16.1437 7.9612 1.2
      vertex -16.6298 6.8883 1.2
    endloop
  endfacet
  facet normal 0.647443 -0.29197 -0.703968
    outer loop
      vertex -16.1437 7.9612 1.2
      vertex -17.2151 8.47869 0
      vertex -17.2111 8.48756 0
    endloop
  endfacet
  facet normal 0.626364 -0.334813 -0.703966
    outer loop
      vertex -16.6191 9.59504 0
      vertex -15.5885 9 1.2
      vertex -17.2065 8.49614 0
    endloop
  endfacet
  facet normal 0.69164 -0.1613 -0.704
    outer loop
      vertex -18.5384 4.95728 0
      vertex -17.6541 3.51163 1.2
      vertex -18.8214 3.7438 0
    endloop
  endfacet
  facet normal 0.70072 -0.115648 -0.704001
    outer loop
      vertex -18.8214 3.7438 0
      vertex -17.6541 3.51163 1.2
      vertex -19.0243 2.51441 0
    endloop
  endfacet
  facet normal 0.700739 -0.115709 -0.703972
    outer loop
      vertex -17.846 2.34947 1.2
      vertex -19.0243 2.51441 0
      vertex -17.6541 3.51163 1.2
    endloop
  endfacet
  facet normal 0.700578 -0.116763 -0.703958
    outer loop
      vertex -19.0243 2.51441 0
      vertex -17.846 2.34947 1.2
      vertex -19.0259 2.50481 0
    endloop
  endfacet
  facet normal 0.206167 -0.67965 -0.703968
    outer loop
      vertex -4.96676 18.5362 0
      vertex -4.65874 17.3867 1.2
      vertex -6.15914 18.1745 0
    endloop
  endfacet
  facet normal 0.375043 -0.603144 -0.70396
    outer loop
      vertex -10.0003 14.9665 1.2
      vertex -10.6532 15.9611 0
      vertex -9 15.5885 1.2
    endloop
  endfacet
  facet normal 0.375102 -0.603106 -0.703961
    outer loop
      vertex -10.6532 15.9611 0
      vertex -10.0003 14.9665 1.2
      vertex -10.6614 15.956 0
    endloop
  endfacet
  facet normal 0.413686 -0.577325 -0.70396
    outer loop
      vertex -10.6614 15.956 0
      vertex -10.0003 14.9665 1.2
      vertex -11.6743 15.2302 0
    endloop
  endfacet
  facet normal 0.485501 -0.518362 -0.703981
    outer loop
      vertex -12.7279 12.7279 1.2
      vertex -13.5623 13.5761 0
      vertex -11.8682 13.5331 1.2
    endloop
  endfacet
  facet normal 0.487419 -0.516518 -0.704011
    outer loop
      vertex -13.5623 13.5761 0
      vertex -12.7279 12.7279 1.2
      vertex -13.5694 13.5694 0
    endloop
  endfacet
  facet normal 0.706806 0.0695959 -0.703976
    outer loop
      vertex -17.846 -2.34947 1.2
      vertex -19.0259 -2.50481 0
      vertex -19.148 -1.26478 0
    endloop
  endfacet
  facet normal 0.709838 0.0232554 -0.703981
    outer loop
      vertex -18 0 1.2
      vertex -19.1493 -1.24536 0
      vertex -19.1901 0 0
    endloop
  endfacet
  facet normal 0.250168 0.664703 -0.703979
    outer loop
      vertex -6.8883 -16.6298 1.2
      vertex -6.17756 -18.1682 0
      vertex -7.34373 -17.7293 0
    endloop
  endfacet
  facet normal 0.485501 0.518362 -0.703981
    outer loop
      vertex -13.5623 -13.5761 0
      vertex -12.7279 -12.7279 1.2
      vertex -11.8682 -13.5331 1.2
    endloop
  endfacet
  facet normal 0.487419 0.516518 -0.704011
    outer loop
      vertex -12.7279 -12.7279 1.2
      vertex -13.5623 -13.5761 0
      vertex -13.5694 -13.5694 0
    endloop
  endfacet
  facet normal 0.1613 0.69164 -0.704
    outer loop
      vertex -3.51163 -17.6541 1.2
      vertex -3.7438 -18.8214 0
      vertex -4.95728 -18.5384 0
    endloop
  endfacet
  facet normal 0.115648 0.70072 -0.704001
    outer loop
      vertex -3.51163 -17.6541 1.2
      vertex -2.51441 -19.0243 0
      vertex -3.7438 -18.8214 0
    endloop
  endfacet
  facet normal 0.700739 0.115709 -0.703972
    outer loop
      vertex -19.0243 -2.51441 0
      vertex -17.846 -2.34947 1.2
      vertex -17.6541 -3.51163 1.2
    endloop
  endfacet
  facet normal 0.700578 0.116763 -0.703958
    outer loop
      vertex -17.846 -2.34947 1.2
      vertex -19.0243 -2.51441 0
      vertex -19.0259 -2.50481 0
    endloop
  endfacet
  facet normal 0.69164 0.1613 -0.704
    outer loop
      vertex -17.6541 -3.51163 1.2
      vertex -18.5384 -4.95728 0
      vertex -18.8214 -3.7438 0
    endloop
  endfacet
  facet normal 0.575934 0.415547 -0.704003
    outer loop
      vertex -15.2302 -11.6743 0
      vertex -14.2804 -10.9577 1.2
      vertex -15.2245 -11.6822 0
    endloop
  endfacet
  facet normal 0.577292 0.413704 -0.703977
    outer loop
      vertex -14.2804 -10.9577 1.2
      vertex -15.2302 -11.6743 0
      vertex -14.9665 -10.0003 1.2
    endloop
  endfacet
  facet normal 0.51834 0.485509 -0.703992
    outer loop
      vertex -13.5331 -11.8682 1.2
      vertex -13.5761 -13.5623 0
      vertex -14.4279 -12.6529 0
    endloop
  endfacet
  facet normal 0.54902 0.450525 -0.703992
    outer loop
      vertex -13.5331 -11.8682 1.2
      vertex -14.4279 -12.6529 0
      vertex -15.2183 -11.6897 0
    endloop
  endfacet
  facet normal 0.603106 0.375102 -0.703961
    outer loop
      vertex -15.9611 -10.6532 0
      vertex -14.9665 -10.0003 1.2
      vertex -15.956 -10.6614 0
    endloop
  endfacet
  facet normal 0.603144 0.375043 -0.70396
    outer loop
      vertex -14.9665 -10.0003 1.2
      vertex -15.9611 -10.6532 0
      vertex -15.5885 -9 1.2
    endloop
  endfacet
  facet normal -0.116763 0.700578 -0.703958
    outer loop
      vertex 2.34947 -17.846 1.2
      vertex 2.51441 -19.0243 0
      vertex 2.50481 -19.0259 0
    endloop
  endfacet
  facet normal -0.115709 0.700739 -0.703972
    outer loop
      vertex 2.51441 -19.0243 0
      vertex 2.34947 -17.846 1.2
      vertex 3.51163 -17.6541 1.2
    endloop
  endfacet
  facet normal -0.0232554 0.709838 -0.703981
    outer loop
      vertex 0 -18 1.2
      vertex 1.24536 -19.1493 0
      vertex 0 -19.1901 0
    endloop
  endfacet
  facet normal -0.415547 0.575934 -0.704003
    outer loop
      vertex 11.6743 -15.2302 0
      vertex 10.9577 -14.2804 1.2
      vertex 11.6822 -15.2245 0
    endloop
  endfacet
  facet normal -0.413704 0.577292 -0.703977
    outer loop
      vertex 10.9577 -14.2804 1.2
      vertex 11.6743 -15.2302 0
      vertex 10.0003 -14.9665 1.2
    endloop
  endfacet
  facet normal -0.0696447 0.706825 -0.703952
    outer loop
      vertex 1.26478 -19.148 0
      vertex 1.17726 -17.9615 1.2
      vertex 2.34947 -17.846 1.2
    endloop
  endfacet
  facet normal -0.0729142 0.706539 -0.703908
    outer loop
      vertex 1.17726 -17.9615 1.2
      vertex 1.26478 -19.148 0
      vertex 1.25509 -19.149 0
    endloop
  endfacet
  facet normal -0.1613 0.69164 -0.704
    outer loop
      vertex 4.95728 -18.5384 0
      vertex 3.7438 -18.8214 0
      vertex 3.51163 -17.6541 1.2
    endloop
  endfacet
  facet normal -0.54902 0.450525 -0.703992
    outer loop
      vertex 15.2183 -11.6897 0
      vertex 14.4279 -12.6529 0
      vertex 13.5331 -11.8682 1.2
    endloop
  endfacet
  facet normal -0.51834 0.485509 -0.703992
    outer loop
      vertex 14.4279 -12.6529 0
      vertex 13.5761 -13.5623 0
      vertex 13.5331 -11.8682 1.2
    endloop
  endfacet
  facet normal -0.626364 0.334813 -0.703966
    outer loop
      vertex 17.2065 -8.49614 0
      vertex 16.6191 -9.59504 0
      vertex 15.5885 -9 1.2
    endloop
  endfacet
  facet normal -0.603106 0.375102 -0.703961
    outer loop
      vertex 14.9665 -10.0003 1.2
      vertex 15.9611 -10.6532 0
      vertex 15.956 -10.6614 0
    endloop
  endfacet
  facet normal -0.603144 0.375043 -0.70396
    outer loop
      vertex 15.9611 -10.6532 0
      vertex 14.9665 -10.0003 1.2
      vertex 15.5885 -9 1.2
    endloop
  endfacet
  facet normal -0.69164 0.1613 -0.704
    outer loop
      vertex 18.8214 -3.7438 0
      vertex 18.5384 -4.95728 0
      vertex 17.6541 -3.51163 1.2
    endloop
  endfacet
  facet normal -0.664703 0.250168 -0.703979
    outer loop
      vertex 18.1682 -6.17756 0
      vertex 17.7293 -7.34373 0
      vertex 16.6298 -6.8883 1.2
    endloop
  endfacet
  facet normal -0.680136 0.204552 -0.703969
    outer loop
      vertex 17.0447 -5.78591 1.2
      vertex 18.1745 -6.15914 0
      vertex 18.1717 -6.16845 0
    endloop
  endfacet
  facet normal -0.679614 0.206205 -0.703992
    outer loop
      vertex 18.1745 -6.15914 0
      vertex 17.0447 -5.78591 1.2
      vertex 17.3867 -4.65874 1.2
    endloop
  endfacet
  facet normal -0.709838 0.0232554 -0.703981
    outer loop
      vertex 19.1901 0 0
      vertex 19.1493 -1.24536 0
      vertex 18 0 1.2
    endloop
  endfacet
  facet normal -0.450525 -0.54902 -0.703992
    outer loop
      vertex 12.6529 14.4279 0
      vertex 11.8682 13.5331 1.2
      vertex 11.6897 15.2183 0
    endloop
  endfacet
  facet normal -0.160558 -0.691858 -0.703955
    outer loop
      vertex 4.65874 17.3867 1.2
      vertex 4.95728 18.5384 0
      vertex 4.96676 18.5362 0
    endloop
  endfacet
  facet normal -0.161238 -0.691691 -0.703964
    outer loop
      vertex 4.95728 18.5384 0
      vertex 4.65874 17.3867 1.2
      vertex 3.51163 17.6541 1.2
    endloop
  endfacet
  facet normal -0.0695959 -0.706806 -0.703976
    outer loop
      vertex 2.50481 19.0259 0
      vertex 2.34947 17.846 1.2
      vertex 1.26478 19.148 0
    endloop
  endfacet
  facet normal -0.0729142 -0.706539 -0.703908
    outer loop
      vertex 1.26478 19.148 0
      vertex 1.17726 17.9615 1.2
      vertex 1.25509 19.149 0
    endloop
  endfacet
  facet normal -0.0696447 -0.706825 -0.703952
    outer loop
      vertex 1.17726 17.9615 1.2
      vertex 1.26478 19.148 0
      vertex 2.34947 17.846 1.2
    endloop
  endfacet
  facet normal -0.54902 -0.450525 -0.703992
    outer loop
      vertex 14.4279 12.6529 0
      vertex 15.2183 11.6897 0
      vertex 13.5331 11.8682 1.2
    endloop
  endfacet
  facet normal -0.518362 -0.485501 -0.703981
    outer loop
      vertex 12.7279 12.7279 1.2
      vertex 13.5761 13.5623 0
      vertex 13.5331 11.8682 1.2
    endloop
  endfacet
  facet normal -0.516518 -0.487419 -0.704011
    outer loop
      vertex 13.5761 13.5623 0
      vertex 12.7279 12.7279 1.2
      vertex 13.5694 13.5694 0
    endloop
  endfacet
  facet normal -0.485509 -0.51834 -0.703992
    outer loop
      vertex 12.6529 14.4279 0
      vertex 13.5623 13.5761 0
      vertex 11.8682 13.5331 1.2
    endloop
  endfacet
  facet normal -0.67965 -0.206167 -0.703968
    outer loop
      vertex 18.1745 6.15914 0
      vertex 18.5362 4.96676 0
      vertex 17.3867 4.65874 1.2
    endloop
  endfacet
  facet normal -0.679614 -0.206205 -0.703992
    outer loop
      vertex 17.0447 5.78591 1.2
      vertex 18.1745 6.15914 0
      vertex 17.3867 4.65874 1.2
    endloop
  endfacet
  facet normal -0.680136 -0.204552 -0.703969
    outer loop
      vertex 18.1745 6.15914 0
      vertex 17.0447 5.78591 1.2
      vertex 18.1717 6.16845 0
    endloop
  endfacet
  facet normal -0.646923 -0.293092 -0.703979
    outer loop
      vertex 17.2151 8.47869 0
      vertex 17.7293 7.34373 0
      vertex 16.6298 6.8883 1.2
    endloop
  endfacet
  facet normal -0.69164 -0.1613 -0.704
    outer loop
      vertex 18.5384 4.95728 0
      vertex 18.8214 3.7438 0
      vertex 17.6541 3.51163 1.2
    endloop
  endfacet
  facet normal 0.706806 -0.0695959 -0.703976
    outer loop
      vertex -19.0259 2.50481 0
      vertex -17.846 2.34947 1.2
      vertex -19.148 1.26478 0
    endloop
  endfacet
  facet normal 0.706825 -0.0696447 -0.703952
    outer loop
      vertex -17.9615 1.17726 1.2
      vertex -19.148 1.26478 0
      vertex -17.846 2.34947 1.2
    endloop
  endfacet
  facet normal 0.706539 -0.0729142 -0.703908
    outer loop
      vertex -19.148 1.26478 0
      vertex -17.9615 1.17726 1.2
      vertex -19.149 1.25509 0
    endloop
  endfacet
  facet normal 0.626366 -0.334769 -0.703986
    outer loop
      vertex -16.1437 7.9612 1.2
      vertex -17.2065 8.49614 0
      vertex -15.5885 9 1.2
    endloop
  endfacet
  facet normal 0.625941 -0.335586 -0.703974
    outer loop
      vertex -17.2065 8.49614 0
      vertex -16.1437 7.9612 1.2
      vertex -17.2111 8.48756 0
    endloop
  endfacet
  facet normal 0.116763 -0.700578 -0.703958
    outer loop
      vertex -2.34947 17.846 1.2
      vertex -2.51441 19.0243 0
      vertex -2.50481 19.0259 0
    endloop
  endfacet
  facet normal 0.115709 -0.700739 -0.703972
    outer loop
      vertex -2.51441 19.0243 0
      vertex -2.34947 17.846 1.2
      vertex -3.51163 17.6541 1.2
    endloop
  endfacet
  facet normal 0.450525 -0.54902 -0.703992
    outer loop
      vertex -11.6897 15.2183 0
      vertex -11.8682 13.5331 1.2
      vertex -12.6529 14.4279 0
    endloop
  endfacet
  facet normal 0.1613 -0.69164 -0.704
    outer loop
      vertex -3.7438 18.8214 0
      vertex -3.51163 17.6541 1.2
      vertex -4.95728 18.5384 0
    endloop
  endfacet
  facet normal 0.161238 -0.691691 -0.703964
    outer loop
      vertex -4.65874 17.3867 1.2
      vertex -4.95728 18.5384 0
      vertex -3.51163 17.6541 1.2
    endloop
  endfacet
  facet normal 0.160558 -0.691858 -0.703955
    outer loop
      vertex -4.95728 18.5384 0
      vertex -4.65874 17.3867 1.2
      vertex -4.96676 18.5362 0
    endloop
  endfacet
  facet normal 0.293092 -0.646923 -0.703979
    outer loop
      vertex -7.34373 17.7293 0
      vertex -6.8883 16.6298 1.2
      vertex -8.47869 17.2151 0
    endloop
  endfacet
  facet normal 0.250168 -0.664703 -0.703979
    outer loop
      vertex -6.17756 18.1682 0
      vertex -6.8883 16.6298 1.2
      vertex -7.34373 17.7293 0
    endloop
  endfacet
  facet normal 0.334813 -0.626364 -0.703966
    outer loop
      vertex -8.49614 17.2065 0
      vertex -9 15.5885 1.2
      vertex -9.59504 16.6191 0
    endloop
  endfacet
  facet normal 0.413704 -0.577292 -0.703977
    outer loop
      vertex -10.9577 14.2804 1.2
      vertex -11.6743 15.2302 0
      vertex -10.0003 14.9665 1.2
    endloop
  endfacet
  facet normal 0.415547 -0.575934 -0.704003
    outer loop
      vertex -11.6743 15.2302 0
      vertex -10.9577 14.2804 1.2
      vertex -11.6822 15.2245 0
    endloop
  endfacet
  facet normal 0.45255 -0.547439 -0.703924
    outer loop
      vertex -10.9577 14.2804 1.2
      vertex -11.6897 15.2183 0
      vertex -11.6822 15.2245 0
    endloop
  endfacet
  facet normal 0.450599 -0.549003 -0.703957
    outer loop
      vertex -11.6897 15.2183 0
      vertex -10.9577 14.2804 1.2
      vertex -11.8682 13.5331 1.2
    endloop
  endfacet
  facet normal 0.549003 -0.450599 -0.703957
    outer loop
      vertex -14.2804 10.9577 1.2
      vertex -15.2183 11.6897 0
      vertex -13.5331 11.8682 1.2
    endloop
  endfacet
  facet normal 0.547439 -0.45255 -0.703924
    outer loop
      vertex -15.2183 11.6897 0
      vertex -14.2804 10.9577 1.2
      vertex -15.2245 11.6822 0
    endloop
  endfacet
  facet normal 0.577292 -0.413704 -0.703977
    outer loop
      vertex -15.2302 11.6743 0
      vertex -14.2804 10.9577 1.2
      vertex -14.9665 10.0003 1.2
    endloop
  endfacet
  facet normal 0.575934 -0.415547 -0.704003
    outer loop
      vertex -14.2804 10.9577 1.2
      vertex -15.2302 11.6743 0
      vertex -15.2245 11.6822 0
    endloop
  endfacet
  facet normal 0.54902 -0.450525 -0.703992
    outer loop
      vertex -14.4279 12.6529 0
      vertex -13.5331 11.8682 1.2
      vertex -15.2183 11.6897 0
    endloop
  endfacet
  facet normal 0.51834 -0.485509 -0.703992
    outer loop
      vertex -13.5761 13.5623 0
      vertex -13.5331 11.8682 1.2
      vertex -14.4279 12.6529 0
    endloop
  endfacet
  facet normal 0.0232146 0.70986 -0.70396
    outer loop
      vertex -1.24536 -19.1493 0
      vertex -1.17726 -17.9615 1.2
      vertex 0 -18 1.2
    endloop
  endfacet
  facet normal 0.0218886 0.709919 -0.703943
    outer loop
      vertex -1.17726 -17.9615 1.2
      vertex -1.24536 -19.1493 0
      vertex -1.25509 -19.149 0
    endloop
  endfacet
  facet normal 0.335586 0.625941 -0.703974
    outer loop
      vertex -8.49614 -17.2065 0
      vertex -7.9612 -16.1437 1.2
      vertex -8.48756 -17.2111 0
    endloop
  endfacet
  facet normal 0.334769 0.626366 -0.703986
    outer loop
      vertex -7.9612 -16.1437 1.2
      vertex -8.49614 -17.2065 0
      vertex -9 -15.5885 1.2
    endloop
  endfacet
  facet normal 0.413686 0.577325 -0.70396
    outer loop
      vertex -10.0003 -14.9665 1.2
      vertex -10.6614 -15.956 0
      vertex -11.6743 -15.2302 0
    endloop
  endfacet
  facet normal 0.293099 0.646915 -0.703984
    outer loop
      vertex -8.47869 -17.2151 0
      vertex -7.9612 -16.1437 1.2
      vertex -6.8883 -16.6298 1.2
    endloop
  endfacet
  facet normal 0.29197 0.647443 -0.703968
    outer loop
      vertex -7.9612 -16.1437 1.2
      vertex -8.47869 -17.2151 0
      vertex -8.48756 -17.2111 0
    endloop
  endfacet
  facet normal 0.161238 0.691691 -0.703964
    outer loop
      vertex -4.95728 -18.5384 0
      vertex -4.65874 -17.3867 1.2
      vertex -3.51163 -17.6541 1.2
    endloop
  endfacet
  facet normal 0.160558 0.691858 -0.703955
    outer loop
      vertex -4.65874 -17.3867 1.2
      vertex -4.95728 -18.5384 0
      vertex -4.96676 -18.5362 0
    endloop
  endfacet
  facet normal 0.706539 0.0729142 -0.703908
    outer loop
      vertex -17.9615 -1.17726 1.2
      vertex -19.148 -1.26478 0
      vertex -19.149 -1.25509 0
    endloop
  endfacet
  facet normal 0.706825 0.0696447 -0.703952
    outer loop
      vertex -19.148 -1.26478 0
      vertex -17.9615 -1.17726 1.2
      vertex -17.846 -2.34947 1.2
    endloop
  endfacet
  facet normal 0.516518 0.487419 -0.704011
    outer loop
      vertex -13.5761 -13.5623 0
      vertex -12.7279 -12.7279 1.2
      vertex -13.5694 -13.5694 0
    endloop
  endfacet
  facet normal 0.518362 0.485501 -0.703981
    outer loop
      vertex -12.7279 -12.7279 1.2
      vertex -13.5761 -13.5623 0
      vertex -13.5331 -11.8682 1.2
    endloop
  endfacet
  facet normal 0.626364 0.334813 -0.703966
    outer loop
      vertex -15.5885 -9 1.2
      vertex -16.6191 -9.59504 0
      vertex -17.2065 -8.49614 0
    endloop
  endfacet
  facet normal -0.516518 0.487419 -0.704011
    outer loop
      vertex 12.7279 -12.7279 1.2
      vertex 13.5761 -13.5623 0
      vertex 13.5694 -13.5694 0
    endloop
  endfacet
  facet normal -0.518362 0.485501 -0.703981
    outer loop
      vertex 13.5761 -13.5623 0
      vertex 12.7279 -12.7279 1.2
      vertex 13.5331 -11.8682 1.2
    endloop
  endfacet
  facet normal -0.450525 0.54902 -0.703992
    outer loop
      vertex 11.8682 -13.5331 1.2
      vertex 12.6529 -14.4279 0
      vertex 11.6897 -15.2183 0
    endloop
  endfacet
  facet normal -0.375049 0.603134 -0.703966
    outer loop
      vertex 10.6532 -15.9611 0
      vertex 9.59504 -16.6191 0
      vertex 9 -15.5885 1.2
    endloop
  endfacet
  facet normal -0.335586 0.625941 -0.703974
    outer loop
      vertex 7.9612 -16.1437 1.2
      vertex 8.49614 -17.2065 0
      vertex 8.48756 -17.2111 0
    endloop
  endfacet
  facet normal -0.334769 0.626366 -0.703986
    outer loop
      vertex 8.49614 -17.2065 0
      vertex 7.9612 -16.1437 1.2
      vertex 9 -15.5885 1.2
    endloop
  endfacet
  facet normal -0.0218886 0.709919 -0.703943
    outer loop
      vertex 1.24536 -19.1493 0
      vertex 1.17726 -17.9615 1.2
      vertex 1.25509 -19.149 0
    endloop
  endfacet
  facet normal -0.0232146 0.70986 -0.70396
    outer loop
      vertex 1.17726 -17.9615 1.2
      vertex 1.24536 -19.1493 0
      vertex 0 -18 1.2
    endloop
  endfacet
  facet normal -0.206167 0.67965 -0.703968
    outer loop
      vertex 6.15914 -18.1745 0
      vertex 4.96676 -18.5362 0
      vertex 4.65874 -17.3867 1.2
    endloop
  endfacet
  facet normal -0.625941 0.335586 -0.703974
    outer loop
      vertex 17.2065 -8.49614 0
      vertex 16.1437 -7.9612 1.2
      vertex 17.2111 -8.48756 0
    endloop
  endfacet
  facet normal -0.626366 0.334769 -0.703986
    outer loop
      vertex 16.1437 -7.9612 1.2
      vertex 17.2065 -8.49614 0
      vertex 15.5885 -9 1.2
    endloop
  endfacet
  facet normal -0.603134 0.375049 -0.703966
    outer loop
      vertex 16.6191 -9.59504 0
      vertex 15.9611 -10.6532 0
      vertex 15.5885 -9 1.2
    endloop
  endfacet
  facet normal -0.547439 0.45255 -0.703924
    outer loop
      vertex 15.2183 -11.6897 0
      vertex 14.2804 -10.9577 1.2
      vertex 15.2245 -11.6822 0
    endloop
  endfacet
  facet normal -0.549003 0.450599 -0.703957
    outer loop
      vertex 14.2804 -10.9577 1.2
      vertex 15.2183 -11.6897 0
      vertex 13.5331 -11.8682 1.2
    endloop
  endfacet
  facet normal -0.575934 0.415547 -0.704003
    outer loop
      vertex 14.2804 -10.9577 1.2
      vertex 15.2302 -11.6743 0
      vertex 15.2245 -11.6822 0
    endloop
  endfacet
  facet normal -0.577292 0.413704 -0.703977
    outer loop
      vertex 15.2302 -11.6743 0
      vertex 14.2804 -10.9577 1.2
      vertex 14.9665 -10.0003 1.2
    endloop
  endfacet
  facet normal -0.700578 0.116763 -0.703958
    outer loop
      vertex 19.0243 -2.51441 0
      vertex 17.846 -2.34947 1.2
      vertex 19.0259 -2.50481 0
    endloop
  endfacet
  facet normal -0.700739 0.115709 -0.703972
    outer loop
      vertex 17.846 -2.34947 1.2
      vertex 19.0243 -2.51441 0
      vertex 17.6541 -3.51163 1.2
    endloop
  endfacet
  facet normal -0.663039 0.254735 -0.70391
    outer loop
      vertex 18.1682 -6.17756 0
      vertex 17.0447 -5.78591 1.2
      vertex 18.1717 -6.16845 0
    endloop
  endfacet
  facet normal -0.664703 0.25017 -0.703978
    outer loop
      vertex 17.0447 -5.78591 1.2
      vertex 18.1682 -6.17756 0
      vertex 16.6298 -6.8883 1.2
    endloop
  endfacet
  facet normal -0.706539 0.0729142 -0.703908
    outer loop
      vertex 19.148 -1.26478 0
      vertex 17.9615 -1.17726 1.2
      vertex 19.149 -1.25509 0
    endloop
  endfacet
  facet normal -0.706825 0.0696447 -0.703952
    outer loop
      vertex 17.9615 -1.17726 1.2
      vertex 19.148 -1.26478 0
      vertex 17.846 -2.34947 1.2
    endloop
  endfacet
  facet normal -0.450599 -0.549003 -0.703957
    outer loop
      vertex 10.9577 14.2804 1.2
      vertex 11.6897 15.2183 0
      vertex 11.8682 13.5331 1.2
    endloop
  endfacet
  facet normal -0.45255 -0.547439 -0.703924
    outer loop
      vertex 11.6897 15.2183 0
      vertex 10.9577 14.2804 1.2
      vertex 11.6822 15.2245 0
    endloop
  endfacet
  facet normal -0.334813 -0.626364 -0.703966
    outer loop
      vertex 9.59504 16.6191 0
      vertex 9 15.5885 1.2
      vertex 8.49614 17.2065 0
    endloop
  endfacet
  facet normal -0.29197 -0.647443 -0.703968
    outer loop
      vertex 7.9612 16.1437 1.2
      vertex 8.47869 17.2151 0
      vertex 8.48756 17.2111 0
    endloop
  endfacet
  facet normal -0.293099 -0.646915 -0.703984
    outer loop
      vertex 8.47869 17.2151 0
      vertex 7.9612 16.1437 1.2
      vertex 6.8883 16.6298 1.2
    endloop
  endfacet
  facet normal -0.25017 -0.664703 -0.703978
    outer loop
      vertex 5.78591 17.0447 1.2
      vertex 6.17756 18.1682 0
      vertex 6.8883 16.6298 1.2
    endloop
  endfacet
  facet normal -0.254735 -0.663039 -0.70391
    outer loop
      vertex 6.17756 18.1682 0
      vertex 5.78591 17.0447 1.2
      vertex 6.16845 18.1717 0
    endloop
  endfacet
  facet normal -0.204552 -0.680136 -0.703969
    outer loop
      vertex 5.78591 17.0447 1.2
      vertex 6.15914 18.1745 0
      vertex 6.16845 18.1717 0
    endloop
  endfacet
  facet normal -0.206205 -0.679614 -0.703992
    outer loop
      vertex 6.15914 18.1745 0
      vertex 5.78591 17.0447 1.2
      vertex 4.65874 17.3867 1.2
    endloop
  endfacet
  facet normal -0.115648 -0.70072 -0.704001
    outer loop
      vertex 3.7438 18.8214 0
      vertex 3.51163 17.6541 1.2
      vertex 2.51441 19.0243 0
    endloop
  endfacet
  facet normal -0.1613 -0.69164 -0.704
    outer loop
      vertex 3.7438 18.8214 0
      vertex 4.95728 18.5384 0
      vertex 3.51163 17.6541 1.2
    endloop
  endfacet
  facet normal -0.0232146 -0.70986 -0.70396
    outer loop
      vertex 1.24536 19.1493 0
      vertex 1.17726 17.9615 1.2
      vertex 0 18 1.2
    endloop
  endfacet
  facet normal -0.0218886 -0.709919 -0.703943
    outer loop
      vertex 1.17726 17.9615 1.2
      vertex 1.24536 19.1493 0
      vertex 1.25509 19.149 0
    endloop
  endfacet
  facet normal -0.646915 -0.293099 -0.703984
    outer loop
      vertex 16.1437 7.9612 1.2
      vertex 17.2151 8.47869 0
      vertex 16.6298 6.8883 1.2
    endloop
  endfacet
  facet normal -0.647443 -0.29197 -0.703968
    outer loop
      vertex 17.2151 8.47869 0
      vertex 16.1437 7.9612 1.2
      vertex 17.2111 8.48756 0
    endloop
  endfacet
  facet normal -0.625941 -0.335586 -0.703974
    outer loop
      vertex 16.1437 7.9612 1.2
      vertex 17.2065 8.49614 0
      vertex 17.2111 8.48756 0
    endloop
  endfacet
  facet normal -0.626366 -0.334769 -0.703986
    outer loop
      vertex 17.2065 8.49614 0
      vertex 16.1437 7.9612 1.2
      vertex 15.5885 9 1.2
    endloop
  endfacet
  facet normal -0.577325 -0.413686 -0.70396
    outer loop
      vertex 15.2302 11.6743 0
      vertex 15.956 10.6614 0
      vertex 14.9665 10.0003 1.2
    endloop
  endfacet
  facet normal -0.603144 -0.375043 -0.70396
    outer loop
      vertex 14.9665 10.0003 1.2
      vertex 15.9611 10.6532 0
      vertex 15.5885 9 1.2
    endloop
  endfacet
  facet normal -0.603106 -0.375102 -0.703961
    outer loop
      vertex 15.9611 10.6532 0
      vertex 14.9665 10.0003 1.2
      vertex 15.956 10.6614 0
    endloop
  endfacet
  facet normal -0.577292 -0.413704 -0.703977
    outer loop
      vertex 14.2804 10.9577 1.2
      vertex 15.2302 11.6743 0
      vertex 14.9665 10.0003 1.2
    endloop
  endfacet
  facet normal -0.575934 -0.415547 -0.704003
    outer loop
      vertex 15.2302 11.6743 0
      vertex 14.2804 10.9577 1.2
      vertex 15.2245 11.6822 0
    endloop
  endfacet
  facet normal -0.547439 -0.45255 -0.703924
    outer loop
      vertex 14.2804 10.9577 1.2
      vertex 15.2183 11.6897 0
      vertex 15.2245 11.6822 0
    endloop
  endfacet
  facet normal -0.549003 -0.450599 -0.703957
    outer loop
      vertex 15.2183 11.6897 0
      vertex 14.2804 10.9577 1.2
      vertex 13.5331 11.8682 1.2
    endloop
  endfacet
  facet normal -0.663039 -0.254735 -0.70391
    outer loop
      vertex 17.0447 5.78591 1.2
      vertex 18.1682 6.17756 0
      vertex 18.1717 6.16845 0
    endloop
  endfacet
  facet normal -0.664703 -0.25017 -0.703978
    outer loop
      vertex 18.1682 6.17756 0
      vertex 17.0447 5.78591 1.2
      vertex 16.6298 6.8883 1.2
    endloop
  endfacet
  facet normal 0.709919 -0.0218886 -0.703943
    outer loop
      vertex -17.9615 1.17726 1.2
      vertex -19.1493 1.24536 0
      vertex -19.149 1.25509 0
    endloop
  endfacet
  facet normal 0.70986 -0.0232146 -0.70396
    outer loop
      vertex -19.1493 1.24536 0
      vertex -17.9615 1.17726 1.2
      vertex -18 0 1.2
    endloop
  endfacet
  facet normal 0.67965 -0.206167 -0.703968
    outer loop
      vertex -18.1745 6.15914 0
      vertex -17.3867 4.65874 1.2
      vertex -18.5362 4.96676 0
    endloop
  endfacet
  facet normal 0.664703 -0.25017 -0.703978
    outer loop
      vertex -17.0447 5.78591 1.2
      vertex -18.1682 6.17756 0
      vertex -16.6298 6.8883 1.2
    endloop
  endfacet
  facet normal 0.663039 -0.254735 -0.70391
    outer loop
      vertex -18.1682 6.17756 0
      vertex -17.0447 5.78591 1.2
      vertex -18.1717 6.16845 0
    endloop
  endfacet
  facet normal 0.646923 -0.293092 -0.703979
    outer loop
      vertex -17.2151 8.47869 0
      vertex -16.6298 6.8883 1.2
      vertex -17.7293 7.34373 0
    endloop
  endfacet
  facet normal 0.603144 -0.375043 -0.70396
    outer loop
      vertex -15.9611 10.6532 0
      vertex -14.9665 10.0003 1.2
      vertex -15.5885 9 1.2
    endloop
  endfacet
  facet normal 0.603106 -0.375102 -0.703961
    outer loop
      vertex -14.9665 10.0003 1.2
      vertex -15.9611 10.6532 0
      vertex -15.956 10.6614 0
    endloop
  endfacet
  facet normal 0.603134 -0.375049 -0.703966
    outer loop
      vertex -15.9611 10.6532 0
      vertex -15.5885 9 1.2
      vertex -16.6191 9.59504 0
    endloop
  endfacet
  facet normal 0.0218886 -0.709919 -0.703943
    outer loop
      vertex -1.24536 19.1493 0
      vertex -1.17726 17.9615 1.2
      vertex -1.25509 19.149 0
    endloop
  endfacet
  facet normal 0.0232146 -0.70986 -0.70396
    outer loop
      vertex -1.17726 17.9615 1.2
      vertex -1.24536 19.1493 0
      vertex 0 18 1.2
    endloop
  endfacet
  facet normal 0.0696447 -0.706825 -0.703952
    outer loop
      vertex -1.26478 19.148 0
      vertex -1.17726 17.9615 1.2
      vertex -2.34947 17.846 1.2
    endloop
  endfacet
  facet normal 0.0729142 -0.706539 -0.703908
    outer loop
      vertex -1.17726 17.9615 1.2
      vertex -1.26478 19.148 0
      vertex -1.25509 19.149 0
    endloop
  endfacet
  facet normal 0.115648 -0.70072 -0.704001
    outer loop
      vertex -2.51441 19.0243 0
      vertex -3.51163 17.6541 1.2
      vertex -3.7438 18.8214 0
    endloop
  endfacet
  facet normal 0.254735 -0.663039 -0.70391
    outer loop
      vertex -5.78591 17.0447 1.2
      vertex -6.17756 18.1682 0
      vertex -6.16845 18.1717 0
    endloop
  endfacet
  facet normal 0.25017 -0.664703 -0.703978
    outer loop
      vertex -6.17756 18.1682 0
      vertex -5.78591 17.0447 1.2
      vertex -6.8883 16.6298 1.2
    endloop
  endfacet
  facet normal 0.293099 -0.646915 -0.703984
    outer loop
      vertex -7.9612 16.1437 1.2
      vertex -8.47869 17.2151 0
      vertex -6.8883 16.6298 1.2
    endloop
  endfacet
  facet normal 0.29197 -0.647443 -0.703968
    outer loop
      vertex -8.47869 17.2151 0
      vertex -7.9612 16.1437 1.2
      vertex -8.48756 17.2111 0
    endloop
  endfacet
  facet normal 0.335586 -0.625941 -0.703974
    outer loop
      vertex -7.9612 16.1437 1.2
      vertex -8.49614 17.2065 0
      vertex -8.48756 17.2111 0
    endloop
  endfacet
  facet normal 0.334769 -0.626366 -0.703986
    outer loop
      vertex -8.49614 17.2065 0
      vertex -7.9612 16.1437 1.2
      vertex -9 15.5885 1.2
    endloop
  endfacet
  facet normal 0.375049 -0.603134 -0.703966
    outer loop
      vertex -9.59504 16.6191 0
      vertex -9 15.5885 1.2
      vertex -10.6532 15.9611 0
    endloop
  endfacet
  facet normal 0.116763 0.700578 -0.703958
    outer loop
      vertex -2.51441 -19.0243 0
      vertex -2.34947 -17.846 1.2
      vertex -2.50481 -19.0259 0
    endloop
  endfacet
  facet normal 0.115709 0.700739 -0.703972
    outer loop
      vertex -2.34947 -17.846 1.2
      vertex -2.51441 -19.0243 0
      vertex -3.51163 -17.6541 1.2
    endloop
  endfacet
  facet normal 0.0695959 0.706806 -0.703976
    outer loop
      vertex -2.34947 -17.846 1.2
      vertex -1.26478 -19.148 0
      vertex -2.50481 -19.0259 0
    endloop
  endfacet
  facet normal 0.375043 0.603144 -0.70396
    outer loop
      vertex -10.6532 -15.9611 0
      vertex -10.0003 -14.9665 1.2
      vertex -9 -15.5885 1.2
    endloop
  endfacet
  facet normal 0.375102 0.603106 -0.703961
    outer loop
      vertex -10.0003 -14.9665 1.2
      vertex -10.6532 -15.9611 0
      vertex -10.6614 -15.956 0
    endloop
  endfacet
  facet normal 0.450525 0.54902 -0.703992
    outer loop
      vertex -11.8682 -13.5331 1.2
      vertex -11.6897 -15.2183 0
      vertex -12.6529 -14.4279 0
    endloop
  endfacet
  facet normal 0.206167 0.67965 -0.703968
    outer loop
      vertex -4.65874 -17.3867 1.2
      vertex -4.96676 -18.5362 0
      vertex -6.15914 -18.1745 0
    endloop
  endfacet
  facet normal 0.254735 0.663039 -0.70391
    outer loop
      vertex -6.17756 -18.1682 0
      vertex -5.78591 -17.0447 1.2
      vertex -6.16845 -18.1717 0
    endloop
  endfacet
  facet normal 0.25017 0.664703 -0.703978
    outer loop
      vertex -5.78591 -17.0447 1.2
      vertex -6.17756 -18.1682 0
      vertex -6.8883 -16.6298 1.2
    endloop
  endfacet
  facet normal 0.691858 0.160558 -0.703955
    outer loop
      vertex -18.5384 -4.95728 0
      vertex -17.3867 -4.65874 1.2
      vertex -18.5362 -4.96676 0
    endloop
  endfacet
  facet normal 0.691691 0.161238 -0.703964
    outer loop
      vertex -17.3867 -4.65874 1.2
      vertex -18.5384 -4.95728 0
      vertex -17.6541 -3.51163 1.2
    endloop
  endfacet
  facet normal 0.67965 0.206167 -0.703968
    outer loop
      vertex -17.3867 -4.65874 1.2
      vertex -18.1745 -6.15914 0
      vertex -18.5362 -4.96676 0
    endloop
  endfacet
  facet normal 0.647443 0.29197 -0.703968
    outer loop
      vertex -17.2151 -8.47869 0
      vertex -16.1437 -7.9612 1.2
      vertex -17.2111 -8.48756 0
    endloop
  endfacet
  facet normal 0.646915 0.293099 -0.703984
    outer loop
      vertex -16.1437 -7.9612 1.2
      vertex -17.2151 -8.47869 0
      vertex -16.6298 -6.8883 1.2
    endloop
  endfacet
  facet normal 0.626366 0.334769 -0.703986
    outer loop
      vertex -17.2065 -8.49614 0
      vertex -16.1437 -7.9612 1.2
      vertex -15.5885 -9 1.2
    endloop
  endfacet
  facet normal 0.625941 0.335586 -0.703974
    outer loop
      vertex -16.1437 -7.9612 1.2
      vertex -17.2065 -8.49614 0
      vertex -17.2111 -8.48756 0
    endloop
  endfacet
  facet normal -0.485509 0.51834 -0.703992
    outer loop
      vertex 13.5623 -13.5761 0
      vertex 12.6529 -14.4279 0
      vertex 11.8682 -13.5331 1.2
    endloop
  endfacet
  facet normal -0.375102 0.603106 -0.703961
    outer loop
      vertex 10.6532 -15.9611 0
      vertex 10.0003 -14.9665 1.2
      vertex 10.6614 -15.956 0
    endloop
  endfacet
  facet normal -0.375043 0.603144 -0.70396
    outer loop
      vertex 10.0003 -14.9665 1.2
      vertex 10.6532 -15.9611 0
      vertex 9 -15.5885 1.2
    endloop
  endfacet
  facet normal -0.293092 0.646923 -0.703979
    outer loop
      vertex 8.47869 -17.2151 0
      vertex 7.34373 -17.7293 0
      vertex 6.8883 -16.6298 1.2
    endloop
  endfacet
  facet normal -0.250168 0.664703 -0.703979
    outer loop
      vertex 6.8883 -16.6298 1.2
      vertex 7.34373 -17.7293 0
      vertex 6.17756 -18.1682 0
    endloop
  endfacet
  facet normal -0.204552 0.680136 -0.703969
    outer loop
      vertex 6.15914 -18.1745 0
      vertex 5.78591 -17.0447 1.2
      vertex 6.16845 -18.1717 0
    endloop
  endfacet
  facet normal -0.206205 0.679614 -0.703992
    outer loop
      vertex 5.78591 -17.0447 1.2
      vertex 6.15914 -18.1745 0
      vertex 4.65874 -17.3867 1.2
    endloop
  endfacet
  facet normal -0.29197 0.647443 -0.703968
    outer loop
      vertex 8.47869 -17.2151 0
      vertex 7.9612 -16.1437 1.2
      vertex 8.48756 -17.2111 0
    endloop
  endfacet
  facet normal -0.293099 0.646915 -0.703984
    outer loop
      vertex 7.9612 -16.1437 1.2
      vertex 8.47869 -17.2151 0
      vertex 6.8883 -16.6298 1.2
    endloop
  endfacet
  facet normal -0.160558 0.691858 -0.703955
    outer loop
      vertex 4.95728 -18.5384 0
      vertex 4.65874 -17.3867 1.2
      vertex 4.96676 -18.5362 0
    endloop
  endfacet
  facet normal -0.161238 0.691691 -0.703964
    outer loop
      vertex 4.65874 -17.3867 1.2
      vertex 4.95728 -18.5384 0
      vertex 3.51163 -17.6541 1.2
    endloop
  endfacet
  facet normal -0.413686 -0.577325 -0.70396
    outer loop
      vertex 10.6614 15.956 0
      vertex 11.6743 15.2302 0
      vertex 10.0003 14.9665 1.2
    endloop
  endfacet
  facet normal -0.415547 -0.575934 -0.704003
    outer loop
      vertex 10.9577 14.2804 1.2
      vertex 11.6743 15.2302 0
      vertex 11.6822 15.2245 0
    endloop
  endfacet
  facet normal -0.413704 -0.577292 -0.703977
    outer loop
      vertex 11.6743 15.2302 0
      vertex 10.9577 14.2804 1.2
      vertex 10.0003 14.9665 1.2
    endloop
  endfacet
  facet normal -0.250168 -0.664703 -0.703979
    outer loop
      vertex 7.34373 17.7293 0
      vertex 6.8883 16.6298 1.2
      vertex 6.17756 18.1682 0
    endloop
  endfacet
  facet normal -0.293092 -0.646923 -0.703979
    outer loop
      vertex 7.34373 17.7293 0
      vertex 8.47869 17.2151 0
      vertex 6.8883 16.6298 1.2
    endloop
  endfacet
  facet normal -0.375102 -0.603106 -0.703961
    outer loop
      vertex 10.0003 14.9665 1.2
      vertex 10.6532 15.9611 0
      vertex 10.6614 15.956 0
    endloop
  endfacet
  facet normal -0.375043 -0.603144 -0.70396
    outer loop
      vertex 10.6532 15.9611 0
      vertex 10.0003 14.9665 1.2
      vertex 9 15.5885 1.2
    endloop
  endfacet
  facet normal -0.375049 -0.603134 -0.703966
    outer loop
      vertex 9.59504 16.6191 0
      vertex 10.6532 15.9611 0
      vertex 9 15.5885 1.2
    endloop
  endfacet
  facet normal -0.603134 -0.375049 -0.703966
    outer loop
      vertex 15.9611 10.6532 0
      vertex 16.6191 9.59504 0
      vertex 15.5885 9 1.2
    endloop
  endfacet
  facet normal 0.679614 -0.206205 -0.703992
    outer loop
      vertex -18.1745 6.15914 0
      vertex -17.0447 5.78591 1.2
      vertex -17.3867 4.65874 1.2
    endloop
  endfacet
  facet normal 0.680136 -0.204552 -0.703969
    outer loop
      vertex -17.0447 5.78591 1.2
      vertex -18.1745 6.15914 0
      vertex -18.1717 6.16845 0
    endloop
  endfacet
  facet normal 0.0729142 0.706539 -0.703908
    outer loop
      vertex -1.26478 -19.148 0
      vertex -1.17726 -17.9615 1.2
      vertex -1.25509 -19.149 0
    endloop
  endfacet
  facet normal 0.0696447 0.706825 -0.703952
    outer loop
      vertex -1.17726 -17.9615 1.2
      vertex -1.26478 -19.148 0
      vertex -2.34947 -17.846 1.2
    endloop
  endfacet
  facet normal 0.375049 0.603134 -0.703966
    outer loop
      vertex -9 -15.5885 1.2
      vertex -9.59504 -16.6191 0
      vertex -10.6532 -15.9611 0
    endloop
  endfacet
  facet normal 0.334813 0.626364 -0.703966
    outer loop
      vertex -9 -15.5885 1.2
      vertex -8.49614 -17.2065 0
      vertex -9.59504 -16.6191 0
    endloop
  endfacet
  facet normal 0.485509 0.51834 -0.703992
    outer loop
      vertex -11.8682 -13.5331 1.2
      vertex -12.6529 -14.4279 0
      vertex -13.5623 -13.5761 0
    endloop
  endfacet
  facet normal 0.45255 0.547439 -0.703924
    outer loop
      vertex -11.6897 -15.2183 0
      vertex -10.9577 -14.2804 1.2
      vertex -11.6822 -15.2245 0
    endloop
  endfacet
  facet normal 0.450599 0.549003 -0.703957
    outer loop
      vertex -10.9577 -14.2804 1.2
      vertex -11.6897 -15.2183 0
      vertex -11.8682 -13.5331 1.2
    endloop
  endfacet
  facet normal 0.413704 0.577292 -0.703977
    outer loop
      vertex -11.6743 -15.2302 0
      vertex -10.9577 -14.2804 1.2
      vertex -10.0003 -14.9665 1.2
    endloop
  endfacet
  facet normal 0.415547 0.575934 -0.704003
    outer loop
      vertex -10.9577 -14.2804 1.2
      vertex -11.6743 -15.2302 0
      vertex -11.6822 -15.2245 0
    endloop
  endfacet
  facet normal 0.206205 0.679614 -0.703992
    outer loop
      vertex -6.15914 -18.1745 0
      vertex -5.78591 -17.0447 1.2
      vertex -4.65874 -17.3867 1.2
    endloop
  endfacet
  facet normal 0.204552 0.680136 -0.703969
    outer loop
      vertex -5.78591 -17.0447 1.2
      vertex -6.15914 -18.1745 0
      vertex -6.16845 -18.1717 0
    endloop
  endfacet
  facet normal 0.680136 0.204552 -0.703969
    outer loop
      vertex -18.1745 -6.15914 0
      vertex -17.0447 -5.78591 1.2
      vertex -18.1717 -6.16845 0
    endloop
  endfacet
  facet normal 0.679614 0.206205 -0.703992
    outer loop
      vertex -17.0447 -5.78591 1.2
      vertex -18.1745 -6.15914 0
      vertex -17.3867 -4.65874 1.2
    endloop
  endfacet
  facet normal -0.334813 0.626364 -0.703966
    outer loop
      vertex 9 -15.5885 1.2
      vertex 9.59504 -16.6191 0
      vertex 8.49614 -17.2065 0
    endloop
  endfacet
  facet normal -0.334769 -0.626366 -0.703986
    outer loop
      vertex 7.9612 16.1437 1.2
      vertex 8.49614 17.2065 0
      vertex 9 15.5885 1.2
    endloop
  endfacet
  facet normal -0.335586 -0.625941 -0.703974
    outer loop
      vertex 8.49614 17.2065 0
      vertex 7.9612 16.1437 1.2
      vertex 8.48756 17.2111 0
    endloop
  endfacet
  facet normal -0.709838 -0.0232554 0.703981
    outer loop
      vertex 19.1901 0 85
      vertex 19.1493 1.24536 85
      vertex 18 0 83.8
    endloop
  endfacet
  facet normal -0.706806 -0.0695959 0.703976
    outer loop
      vertex 19.148 1.26478 85
      vertex 19.0259 2.50481 85
      vertex 17.846 2.34947 83.8
    endloop
  endfacet
  facet normal -0.0232554 -0.709838 0.703981
    outer loop
      vertex 1.24536 19.1493 85
      vertex 0 19.1901 85
      vertex 0 18 83.8
    endloop
  endfacet
  facet normal -0.518362 0.485501 0.703981
    outer loop
      vertex 12.7279 -12.7279 83.8
      vertex 13.5761 -13.5623 85
      vertex 13.5331 -11.8682 83.8
    endloop
  endfacet
  facet normal -0.516518 0.487419 0.704011
    outer loop
      vertex 13.5761 -13.5623 85
      vertex 12.7279 -12.7279 83.8
      vertex 13.5694 -13.5694 85
    endloop
  endfacet
  facet normal 0.115648 0.70072 0.704001
    outer loop
      vertex -2.51441 -19.0243 85
      vertex -3.51163 -17.6541 83.8
      vertex -3.7438 -18.8214 85
    endloop
  endfacet
  facet normal 0.518362 0.485501 0.703981
    outer loop
      vertex -13.5761 -13.5623 85
      vertex -12.7279 -12.7279 83.8
      vertex -13.5331 -11.8682 83.8
    endloop
  endfacet
  facet normal 0.516518 0.487419 0.704011
    outer loop
      vertex -12.7279 -12.7279 83.8
      vertex -13.5761 -13.5623 85
      vertex -13.5694 -13.5694 85
    endloop
  endfacet
  facet normal 0.709838 0.0232554 0.703981
    outer loop
      vertex -19.1493 -1.24536 85
      vertex -18 0 83.8
      vertex -19.1901 0 85
    endloop
  endfacet
  facet normal -0.664703 0.250168 0.703979
    outer loop
      vertex 17.7293 -7.34373 85
      vertex 18.1682 -6.17756 85
      vertex 16.6298 -6.8883 83.8
    endloop
  endfacet
  facet normal -0.69164 -0.1613 0.704
    outer loop
      vertex 18.8214 3.7438 85
      vertex 18.5384 4.95728 85
      vertex 17.6541 3.51163 83.8
    endloop
  endfacet
  facet normal -0.250168 0.664703 0.703979
    outer loop
      vertex 7.34373 -17.7293 85
      vertex 6.8883 -16.6298 83.8
      vertex 6.17756 -18.1682 85
    endloop
  endfacet
  facet normal 0.51834 0.485509 0.703992
    outer loop
      vertex -13.5761 -13.5623 85
      vertex -13.5331 -11.8682 83.8
      vertex -14.4279 -12.6529 85
    endloop
  endfacet
  facet normal 0.54902 0.450525 0.703992
    outer loop
      vertex -14.4279 -12.6529 85
      vertex -13.5331 -11.8682 83.8
      vertex -15.2183 -11.6897 85
    endloop
  endfacet
  facet normal 0.646923 -0.293092 0.703979
    outer loop
      vertex -16.6298 6.8883 83.8
      vertex -17.2151 8.47869 85
      vertex -17.7293 7.34373 85
    endloop
  endfacet
  facet normal 0.664703 -0.250168 0.703979
    outer loop
      vertex -16.6298 6.8883 83.8
      vertex -17.7293 7.34373 85
      vertex -18.1682 6.17756 85
    endloop
  endfacet
  facet normal 0.706806 -0.0695959 0.703976
    outer loop
      vertex -17.846 2.34947 83.8
      vertex -19.0259 2.50481 85
      vertex -19.148 1.26478 85
    endloop
  endfacet
  facet normal -0.626364 0.334813 0.703966
    outer loop
      vertex 16.6191 -9.59504 85
      vertex 17.2065 -8.49614 85
      vertex 15.5885 -9 83.8
    endloop
  endfacet
  facet normal -0.70072 0.115648 0.704001
    outer loop
      vertex 18.8214 -3.7438 85
      vertex 19.0243 -2.51441 85
      vertex 17.6541 -3.51163 83.8
    endloop
  endfacet
  facet normal -0.625941 -0.335586 0.703974
    outer loop
      vertex 17.2065 8.49614 85
      vertex 16.1437 7.9612 83.8
      vertex 17.2111 8.48756 85
    endloop
  endfacet
  facet normal -0.626366 -0.334769 0.703986
    outer loop
      vertex 16.1437 7.9612 83.8
      vertex 17.2065 8.49614 85
      vertex 15.5885 9 83.8
    endloop
  endfacet
  facet normal -0.160558 -0.691858 0.703955
    outer loop
      vertex 4.95728 18.5384 85
      vertex 4.65874 17.3867 83.8
      vertex 4.96676 18.5362 85
    endloop
  endfacet
  facet normal -0.161238 -0.691691 0.703964
    outer loop
      vertex 4.65874 17.3867 83.8
      vertex 4.95728 18.5384 85
      vertex 3.51163 17.6541 83.8
    endloop
  endfacet
  facet normal -0.115648 -0.70072 0.704001
    outer loop
      vertex 3.51163 17.6541 83.8
      vertex 3.7438 18.8214 85
      vertex 2.51441 19.0243 85
    endloop
  endfacet
  facet normal -0.700578 -0.116763 0.703958
    outer loop
      vertex 19.0243 2.51441 85
      vertex 17.846 2.34947 83.8
      vertex 19.0259 2.50481 85
    endloop
  endfacet
  facet normal -0.700739 -0.115709 0.703972
    outer loop
      vertex 17.846 2.34947 83.8
      vertex 19.0243 2.51441 85
      vertex 17.6541 3.51163 83.8
    endloop
  endfacet
  facet normal -0.206167 0.67965 0.703968
    outer loop
      vertex 4.96676 -18.5362 85
      vertex 6.15914 -18.1745 85
      vertex 4.65874 -17.3867 83.8
    endloop
  endfacet
  facet normal -0.293092 0.646923 0.703979
    outer loop
      vertex 7.34373 -17.7293 85
      vertex 8.47869 -17.2151 85
      vertex 6.8883 -16.6298 83.8
    endloop
  endfacet
  facet normal -0.0232554 0.709838 0.703981
    outer loop
      vertex 1.24536 -19.1493 85
      vertex 0 -18 83.8
      vertex 0 -19.1901 85
    endloop
  endfacet
  facet normal -0.1613 0.69164 0.704
    outer loop
      vertex 3.7438 -18.8214 85
      vertex 4.95728 -18.5384 85
      vertex 3.51163 -17.6541 83.8
    endloop
  endfacet
  facet normal 0.603134 0.375049 0.703966
    outer loop
      vertex -15.9611 -10.6532 85
      vertex -15.5885 -9 83.8
      vertex -16.6191 -9.59504 85
    endloop
  endfacet
  facet normal 0.626366 0.334769 0.703986
    outer loop
      vertex -16.1437 -7.9612 83.8
      vertex -17.2065 -8.49614 85
      vertex -15.5885 -9 83.8
    endloop
  endfacet
  facet normal 0.625941 0.335586 0.703974
    outer loop
      vertex -17.2065 -8.49614 85
      vertex -16.1437 -7.9612 83.8
      vertex -17.2111 -8.48756 85
    endloop
  endfacet
  facet normal 0.413704 -0.577292 0.703977
    outer loop
      vertex -11.6743 15.2302 85
      vertex -10.9577 14.2804 83.8
      vertex -10.0003 14.9665 83.8
    endloop
  endfacet
  facet normal 0.415547 -0.575934 0.704003
    outer loop
      vertex -10.9577 14.2804 83.8
      vertex -11.6743 15.2302 85
      vertex -11.6822 15.2245 85
    endloop
  endfacet
  facet normal 0.626364 -0.334813 0.703966
    outer loop
      vertex -15.5885 9 83.8
      vertex -16.6191 9.59504 85
      vertex -17.2065 8.49614 85
    endloop
  endfacet
  facet normal 0.70072 0.115648 0.704001
    outer loop
      vertex -18.8214 -3.7438 85
      vertex -17.6541 -3.51163 83.8
      vertex -19.0243 -2.51441 85
    endloop
  endfacet
  facet normal 0.69164 0.1613 0.704
    outer loop
      vertex -18.5384 -4.95728 85
      vertex -17.6541 -3.51163 83.8
      vertex -18.8214 -3.7438 85
    endloop
  endfacet
  facet normal 0.67965 0.206167 0.703968
    outer loop
      vertex -18.1745 -6.15914 85
      vertex -17.3867 -4.65874 83.8
      vertex -18.5362 -4.96676 85
    endloop
  endfacet
  facet normal -0.69164 0.1613 0.704
    outer loop
      vertex 18.5384 -4.95728 85
      vertex 18.8214 -3.7438 85
      vertex 17.6541 -3.51163 83.8
    endloop
  endfacet
  facet normal -0.646923 0.293092 0.703979
    outer loop
      vertex 17.2151 -8.47869 85
      vertex 17.7293 -7.34373 85
      vertex 16.6298 -6.8883 83.8
    endloop
  endfacet
  facet normal -0.577325 0.413686 0.70396
    outer loop
      vertex 15.2302 -11.6743 85
      vertex 15.956 -10.6614 85
      vertex 14.9665 -10.0003 83.8
    endloop
  endfacet
  facet normal -0.691691 0.161238 0.703964
    outer loop
      vertex 17.3867 -4.65874 83.8
      vertex 18.5384 -4.95728 85
      vertex 17.6541 -3.51163 83.8
    endloop
  endfacet
  facet normal -0.691858 0.160558 0.703955
    outer loop
      vertex 18.5384 -4.95728 85
      vertex 17.3867 -4.65874 83.8
      vertex 18.5362 -4.96676 85
    endloop
  endfacet
  facet normal -0.706806 0.0695959 0.703976
    outer loop
      vertex 19.0259 -2.50481 85
      vertex 19.148 -1.26478 85
      vertex 17.846 -2.34947 83.8
    endloop
  endfacet
  facet normal -0.709838 0.0232554 0.703981
    outer loop
      vertex 19.1493 -1.24536 85
      vertex 19.1901 0 85
      vertex 18 0 83.8
    endloop
  endfacet
  facet normal -0.691858 -0.160558 0.703955
    outer loop
      vertex 17.3867 4.65874 83.8
      vertex 18.5384 4.95728 85
      vertex 18.5362 4.96676 85
    endloop
  endfacet
  facet normal -0.691691 -0.161238 0.703964
    outer loop
      vertex 18.5384 4.95728 85
      vertex 17.3867 4.65874 83.8
      vertex 17.6541 3.51163 83.8
    endloop
  endfacet
  facet normal -0.577325 -0.413686 0.70396
    outer loop
      vertex 15.956 10.6614 85
      vertex 15.2302 11.6743 85
      vertex 14.9665 10.0003 83.8
    endloop
  endfacet
  facet normal -0.293092 -0.646923 0.703979
    outer loop
      vertex 8.47869 17.2151 85
      vertex 7.34373 17.7293 85
      vertex 6.8883 16.6298 83.8
    endloop
  endfacet
  facet normal -0.487419 -0.516518 0.704011
    outer loop
      vertex 13.5623 13.5761 85
      vertex 12.7279 12.7279 83.8
      vertex 13.5694 13.5694 85
    endloop
  endfacet
  facet normal -0.485501 -0.518362 0.703981
    outer loop
      vertex 12.7279 12.7279 83.8
      vertex 13.5623 13.5761 85
      vertex 11.8682 13.5331 83.8
    endloop
  endfacet
  facet normal -0.116763 -0.700578 0.703958
    outer loop
      vertex 2.34947 17.846 83.8
      vertex 2.51441 19.0243 85
      vertex 2.50481 19.0259 85
    endloop
  endfacet
  facet normal -0.115709 -0.700739 0.703972
    outer loop
      vertex 2.51441 19.0243 85
      vertex 2.34947 17.846 83.8
      vertex 3.51163 17.6541 83.8
    endloop
  endfacet
  facet normal -0.1613 -0.69164 0.704
    outer loop
      vertex 4.95728 18.5384 85
      vertex 3.7438 18.8214 85
      vertex 3.51163 17.6541 83.8
    endloop
  endfacet
  facet normal -0.706825 -0.0696447 0.703952
    outer loop
      vertex 17.9615 1.17726 83.8
      vertex 19.148 1.26478 85
      vertex 17.846 2.34947 83.8
    endloop
  endfacet
  facet normal -0.706539 -0.0729142 0.703908
    outer loop
      vertex 19.148 1.26478 85
      vertex 17.9615 1.17726 83.8
      vertex 19.149 1.25509 85
    endloop
  endfacet
  facet normal -0.709919 -0.0218886 0.703943
    outer loop
      vertex 17.9615 1.17726 83.8
      vertex 19.1493 1.24536 85
      vertex 19.149 1.25509 85
    endloop
  endfacet
  facet normal -0.70986 -0.0232146 0.70396
    outer loop
      vertex 19.1493 1.24536 85
      vertex 17.9615 1.17726 83.8
      vertex 18 0 83.8
    endloop
  endfacet
  facet normal -0.115648 0.70072 0.704001
    outer loop
      vertex 3.7438 -18.8214 85
      vertex 3.51163 -17.6541 83.8
      vertex 2.51441 -19.0243 85
    endloop
  endfacet
  facet normal -0.115709 0.700739 0.703972
    outer loop
      vertex 2.34947 -17.846 83.8
      vertex 2.51441 -19.0243 85
      vertex 3.51163 -17.6541 83.8
    endloop
  endfacet
  facet normal -0.116763 0.700578 0.703958
    outer loop
      vertex 2.51441 -19.0243 85
      vertex 2.34947 -17.846 83.8
      vertex 2.50481 -19.0259 85
    endloop
  endfacet
  facet normal -0.334813 0.626364 0.703966
    outer loop
      vertex 9.59504 -16.6191 85
      vertex 9 -15.5885 83.8
      vertex 8.49614 -17.2065 85
    endloop
  endfacet
  facet normal -0.413686 0.577325 0.70396
    outer loop
      vertex 10.6614 -15.956 85
      vertex 11.6743 -15.2302 85
      vertex 10.0003 -14.9665 83.8
    endloop
  endfacet
  facet normal 0.293092 0.646923 0.703979
    outer loop
      vertex -7.34373 -17.7293 85
      vertex -6.8883 -16.6298 83.8
      vertex -8.47869 -17.2151 85
    endloop
  endfacet
  facet normal 0.45255 0.547439 0.703924
    outer loop
      vertex -10.9577 -14.2804 83.8
      vertex -11.6897 -15.2183 85
      vertex -11.6822 -15.2245 85
    endloop
  endfacet
  facet normal 0.450599 0.549003 0.703957
    outer loop
      vertex -11.6897 -15.2183 85
      vertex -10.9577 -14.2804 83.8
      vertex -11.8682 -13.5331 83.8
    endloop
  endfacet
  facet normal 0.1613 0.69164 0.704
    outer loop
      vertex -3.7438 -18.8214 85
      vertex -3.51163 -17.6541 83.8
      vertex -4.95728 -18.5384 85
    endloop
  endfacet
  facet normal 0.116763 0.700578 0.703958
    outer loop
      vertex -2.34947 -17.846 83.8
      vertex -2.51441 -19.0243 85
      vertex -2.50481 -19.0259 85
    endloop
  endfacet
  facet normal 0.115709 0.700739 0.703972
    outer loop
      vertex -2.51441 -19.0243 85
      vertex -2.34947 -17.846 83.8
      vertex -3.51163 -17.6541 83.8
    endloop
  endfacet
  facet normal -0.0696447 0.706825 0.703952
    outer loop
      vertex 1.17726 -17.9615 83.8
      vertex 1.26478 -19.148 85
      vertex 2.34947 -17.846 83.8
    endloop
  endfacet
  facet normal -0.0729142 0.706539 0.703908
    outer loop
      vertex 1.26478 -19.148 85
      vertex 1.17726 -17.9615 83.8
      vertex 1.25509 -19.149 85
    endloop
  endfacet
  facet normal -0.0218886 0.709919 0.703943
    outer loop
      vertex 1.17726 -17.9615 83.8
      vertex 1.24536 -19.1493 85
      vertex 1.25509 -19.149 85
    endloop
  endfacet
  facet normal -0.0232146 0.70986 0.70396
    outer loop
      vertex 1.24536 -19.1493 85
      vertex 1.17726 -17.9615 83.8
      vertex 0 -18 83.8
    endloop
  endfacet
  facet normal 0.577325 0.413686 0.70396
    outer loop
      vertex -15.2302 -11.6743 85
      vertex -14.9665 -10.0003 83.8
      vertex -15.956 -10.6614 85
    endloop
  endfacet
  facet normal 0.603144 0.375043 0.70396
    outer loop
      vertex -15.9611 -10.6532 85
      vertex -14.9665 -10.0003 83.8
      vertex -15.5885 -9 83.8
    endloop
  endfacet
  facet normal 0.603106 0.375102 0.703961
    outer loop
      vertex -14.9665 -10.0003 83.8
      vertex -15.9611 -10.6532 85
      vertex -15.956 -10.6614 85
    endloop
  endfacet
  facet normal 0.646923 0.293092 0.703979
    outer loop
      vertex -17.2151 -8.47869 85
      vertex -16.6298 -6.8883 83.8
      vertex -17.7293 -7.34373 85
    endloop
  endfacet
  facet normal 0.691691 0.161238 0.703964
    outer loop
      vertex -18.5384 -4.95728 85
      vertex -17.3867 -4.65874 83.8
      vertex -17.6541 -3.51163 83.8
    endloop
  endfacet
  facet normal 0.691858 0.160558 0.703955
    outer loop
      vertex -17.3867 -4.65874 83.8
      vertex -18.5384 -4.95728 85
      vertex -18.5362 -4.96676 85
    endloop
  endfacet
  facet normal 0.293099 -0.646915 0.703984
    outer loop
      vertex -8.47869 17.2151 85
      vertex -7.9612 16.1437 83.8
      vertex -6.8883 16.6298 83.8
    endloop
  endfacet
  facet normal 0.29197 -0.647443 0.703968
    outer loop
      vertex -7.9612 16.1437 83.8
      vertex -8.47869 17.2151 85
      vertex -8.48756 17.2111 85
    endloop
  endfacet
  facet normal 0.116763 -0.700578 0.703958
    outer loop
      vertex -2.51441 19.0243 85
      vertex -2.34947 17.846 83.8
      vertex -2.50481 19.0259 85
    endloop
  endfacet
  facet normal 0.115709 -0.700739 0.703972
    outer loop
      vertex -2.34947 17.846 83.8
      vertex -2.51441 19.0243 85
      vertex -3.51163 17.6541 83.8
    endloop
  endfacet
  facet normal 0.1613 -0.69164 0.704
    outer loop
      vertex -3.51163 17.6541 83.8
      vertex -3.7438 18.8214 85
      vertex -4.95728 18.5384 85
    endloop
  endfacet
  facet normal 0.115648 -0.70072 0.704001
    outer loop
      vertex -3.51163 17.6541 83.8
      vertex -2.51441 19.0243 85
      vertex -3.7438 18.8214 85
    endloop
  endfacet
  facet normal 0.700739 -0.115709 0.703972
    outer loop
      vertex -19.0243 2.51441 85
      vertex -17.846 2.34947 83.8
      vertex -17.6541 3.51163 83.8
    endloop
  endfacet
  facet normal 0.700578 -0.116763 0.703958
    outer loop
      vertex -17.846 2.34947 83.8
      vertex -19.0243 2.51441 85
      vertex -19.0259 2.50481 85
    endloop
  endfacet
  facet normal 0.709919 -0.0218886 0.703943
    outer loop
      vertex -19.1493 1.24536 85
      vertex -17.9615 1.17726 83.8
      vertex -19.149 1.25509 85
    endloop
  endfacet
  facet normal 0.70986 -0.0232146 0.70396
    outer loop
      vertex -17.9615 1.17726 83.8
      vertex -19.1493 1.24536 85
      vertex -18 0 83.8
    endloop
  endfacet
  facet normal 0.706539 -0.0729142 0.703908
    outer loop
      vertex -17.9615 1.17726 83.8
      vertex -19.148 1.26478 85
      vertex -19.149 1.25509 85
    endloop
  endfacet
  facet normal 0.706825 -0.0696447 0.703952
    outer loop
      vertex -19.148 1.26478 85
      vertex -17.9615 1.17726 83.8
      vertex -17.846 2.34947 83.8
    endloop
  endfacet
  facet normal 0.70986 0.0232146 0.70396
    outer loop
      vertex -19.1493 -1.24536 85
      vertex -17.9615 -1.17726 83.8
      vertex -18 0 83.8
    endloop
  endfacet
  facet normal 0.709919 0.0218886 0.703943
    outer loop
      vertex -17.9615 -1.17726 83.8
      vertex -19.1493 -1.24536 85
      vertex -19.149 -1.25509 85
    endloop
  endfacet
  facet normal -0.67965 0.206167 0.703968
    outer loop
      vertex 18.1745 -6.15914 85
      vertex 18.5362 -4.96676 85
      vertex 17.3867 -4.65874 83.8
    endloop
  endfacet
  facet normal -0.646915 0.293099 0.703984
    outer loop
      vertex 16.1437 -7.9612 83.8
      vertex 17.2151 -8.47869 85
      vertex 16.6298 -6.8883 83.8
    endloop
  endfacet
  facet normal -0.647443 0.29197 0.703968
    outer loop
      vertex 17.2151 -8.47869 85
      vertex 16.1437 -7.9612 83.8
      vertex 17.2111 -8.48756 85
    endloop
  endfacet
  facet normal -0.54902 0.450525 0.703992
    outer loop
      vertex 14.4279 -12.6529 85
      vertex 15.2183 -11.6897 85
      vertex 13.5331 -11.8682 83.8
    endloop
  endfacet
  facet normal -0.700578 0.116763 0.703958
    outer loop
      vertex 17.846 -2.34947 83.8
      vertex 19.0243 -2.51441 85
      vertex 19.0259 -2.50481 85
    endloop
  endfacet
  facet normal -0.700739 0.115709 0.703972
    outer loop
      vertex 19.0243 -2.51441 85
      vertex 17.846 -2.34947 83.8
      vertex 17.6541 -3.51163 83.8
    endloop
  endfacet
  facet normal -0.70072 -0.115648 0.704001
    outer loop
      vertex 19.0243 2.51441 85
      vertex 18.8214 3.7438 85
      vertex 17.6541 3.51163 83.8
    endloop
  endfacet
  facet normal -0.67965 -0.206167 0.703968
    outer loop
      vertex 18.5362 4.96676 85
      vertex 18.1745 6.15914 85
      vertex 17.3867 4.65874 83.8
    endloop
  endfacet
  facet normal -0.663039 -0.254735 0.70391
    outer loop
      vertex 18.1682 6.17756 85
      vertex 17.0447 5.78591 83.8
      vertex 18.1717 6.16845 85
    endloop
  endfacet
  facet normal -0.664703 -0.25017 0.703978
    outer loop
      vertex 17.0447 5.78591 83.8
      vertex 18.1682 6.17756 85
      vertex 16.6298 6.8883 83.8
    endloop
  endfacet
  facet normal -0.680136 -0.204552 0.703969
    outer loop
      vertex 17.0447 5.78591 83.8
      vertex 18.1745 6.15914 85
      vertex 18.1717 6.16845 85
    endloop
  endfacet
  facet normal -0.679614 -0.206205 0.703992
    outer loop
      vertex 18.1745 6.15914 85
      vertex 17.0447 5.78591 83.8
      vertex 17.3867 4.65874 83.8
    endloop
  endfacet
  facet normal -0.603106 -0.375102 0.703961
    outer loop
      vertex 14.9665 10.0003 83.8
      vertex 15.9611 10.6532 85
      vertex 15.956 10.6614 85
    endloop
  endfacet
  facet normal -0.603144 -0.375043 0.70396
    outer loop
      vertex 15.9611 10.6532 85
      vertex 14.9665 10.0003 83.8
      vertex 15.5885 9 83.8
    endloop
  endfacet
  facet normal -0.603134 -0.375049 0.703966
    outer loop
      vertex 16.6191 9.59504 85
      vertex 15.9611 10.6532 85
      vertex 15.5885 9 83.8
    endloop
  endfacet
  facet normal -0.664703 -0.250168 0.703979
    outer loop
      vertex 18.1682 6.17756 85
      vertex 17.7293 7.34373 85
      vertex 16.6298 6.8883 83.8
    endloop
  endfacet
  facet normal -0.646923 -0.293092 0.703979
    outer loop
      vertex 17.7293 7.34373 85
      vertex 17.2151 8.47869 85
      vertex 16.6298 6.8883 83.8
    endloop
  endfacet
  facet normal -0.516518 -0.487419 0.704011
    outer loop
      vertex 12.7279 12.7279 83.8
      vertex 13.5761 13.5623 85
      vertex 13.5694 13.5694 85
    endloop
  endfacet
  facet normal -0.518362 -0.485501 0.703981
    outer loop
      vertex 13.5761 13.5623 85
      vertex 12.7279 12.7279 83.8
      vertex 13.5331 11.8682 83.8
    endloop
  endfacet
  facet normal -0.575934 -0.415547 0.704003
    outer loop
      vertex 14.2804 10.9577 83.8
      vertex 15.2302 11.6743 85
      vertex 15.2245 11.6822 85
    endloop
  endfacet
  facet normal -0.577292 -0.413704 0.703977
    outer loop
      vertex 15.2302 11.6743 85
      vertex 14.2804 10.9577 83.8
      vertex 14.9665 10.0003 83.8
    endloop
  endfacet
  facet normal -0.413686 -0.577325 0.70396
    outer loop
      vertex 11.6743 15.2302 85
      vertex 10.6614 15.956 85
      vertex 10.0003 14.9665 83.8
    endloop
  endfacet
  facet normal -0.485509 -0.51834 0.703992
    outer loop
      vertex 13.5623 13.5761 85
      vertex 12.6529 14.4279 85
      vertex 11.8682 13.5331 83.8
    endloop
  endfacet
  facet normal -0.0695959 -0.706806 0.703976
    outer loop
      vertex 2.34947 17.846 83.8
      vertex 2.50481 19.0259 85
      vertex 1.26478 19.148 85
    endloop
  endfacet
  facet normal -0.250168 -0.664703 0.703979
    outer loop
      vertex 6.8883 16.6298 83.8
      vertex 7.34373 17.7293 85
      vertex 6.17756 18.1682 85
    endloop
  endfacet
  facet normal -0.206167 -0.67965 0.703968
    outer loop
      vertex 6.15914 18.1745 85
      vertex 4.96676 18.5362 85
      vertex 4.65874 17.3867 83.8
    endloop
  endfacet
  facet normal -0.160558 0.691858 0.703955
    outer loop
      vertex 4.65874 -17.3867 83.8
      vertex 4.95728 -18.5384 85
      vertex 4.96676 -18.5362 85
    endloop
  endfacet
  facet normal -0.161238 0.691691 0.703964
    outer loop
      vertex 4.95728 -18.5384 85
      vertex 4.65874 -17.3867 83.8
      vertex 3.51163 -17.6541 83.8
    endloop
  endfacet
  facet normal -0.375102 0.603106 0.703961
    outer loop
      vertex 10.0003 -14.9665 83.8
      vertex 10.6532 -15.9611 85
      vertex 10.6614 -15.956 85
    endloop
  endfacet
  facet normal -0.375043 0.603144 0.70396
    outer loop
      vertex 10.6532 -15.9611 85
      vertex 10.0003 -14.9665 83.8
      vertex 9 -15.5885 83.8
    endloop
  endfacet
  facet normal -0.375049 0.603134 0.703966
    outer loop
      vertex 9.59504 -16.6191 85
      vertex 10.6532 -15.9611 85
      vertex 9 -15.5885 83.8
    endloop
  endfacet
  facet normal -0.334769 0.626366 0.703986
    outer loop
      vertex 7.9612 -16.1437 83.8
      vertex 8.49614 -17.2065 85
      vertex 9 -15.5885 83.8
    endloop
  endfacet
  facet normal -0.335586 0.625941 0.703974
    outer loop
      vertex 8.49614 -17.2065 85
      vertex 7.9612 -16.1437 83.8
      vertex 8.48756 -17.2111 85
    endloop
  endfacet
  facet normal -0.29197 0.647443 0.703968
    outer loop
      vertex 7.9612 -16.1437 83.8
      vertex 8.47869 -17.2151 85
      vertex 8.48756 -17.2111 85
    endloop
  endfacet
  facet normal -0.293099 0.646915 0.703984
    outer loop
      vertex 8.47869 -17.2151 85
      vertex 7.9612 -16.1437 83.8
      vertex 6.8883 -16.6298 83.8
    endloop
  endfacet
  facet normal -0.450525 0.54902 0.703992
    outer loop
      vertex 12.6529 -14.4279 85
      vertex 11.8682 -13.5331 83.8
      vertex 11.6897 -15.2183 85
    endloop
  endfacet
  facet normal -0.485509 0.51834 0.703992
    outer loop
      vertex 12.6529 -14.4279 85
      vertex 13.5623 -13.5761 85
      vertex 11.8682 -13.5331 83.8
    endloop
  endfacet
  facet normal 0.206167 0.67965 0.703968
    outer loop
      vertex -4.96676 -18.5362 85
      vertex -4.65874 -17.3867 83.8
      vertex -6.15914 -18.1745 85
    endloop
  endfacet
  facet normal 0.293099 0.646915 0.703984
    outer loop
      vertex -7.9612 -16.1437 83.8
      vertex -8.47869 -17.2151 85
      vertex -6.8883 -16.6298 83.8
    endloop
  endfacet
  facet normal 0.29197 0.647443 0.703968
    outer loop
      vertex -8.47869 -17.2151 85
      vertex -7.9612 -16.1437 83.8
      vertex -8.48756 -17.2111 85
    endloop
  endfacet
  facet normal 0.375043 0.603144 0.70396
    outer loop
      vertex -10.0003 -14.9665 83.8
      vertex -10.6532 -15.9611 85
      vertex -9 -15.5885 83.8
    endloop
  endfacet
  facet normal 0.375102 0.603106 0.703961
    outer loop
      vertex -10.6532 -15.9611 85
      vertex -10.0003 -14.9665 83.8
      vertex -10.6614 -15.956 85
    endloop
  endfacet
  facet normal 0.485509 0.51834 0.703992
    outer loop
      vertex -12.6529 -14.4279 85
      vertex -11.8682 -13.5331 83.8
      vertex -13.5623 -13.5761 85
    endloop
  endfacet
  facet normal 0.450525 0.54902 0.703992
    outer loop
      vertex -11.6897 -15.2183 85
      vertex -11.8682 -13.5331 83.8
      vertex -12.6529 -14.4279 85
    endloop
  endfacet
  facet normal 0.0232554 0.709838 0.703981
    outer loop
      vertex 0 -19.1901 85
      vertex 0 -18 83.8
      vertex -1.24536 -19.1493 85
    endloop
  endfacet
  facet normal -0.0695959 0.706806 0.703976
    outer loop
      vertex 2.50481 -19.0259 85
      vertex 2.34947 -17.846 83.8
      vertex 1.26478 -19.148 85
    endloop
  endfacet
  facet normal 0.549003 0.450599 0.703957
    outer loop
      vertex -14.2804 -10.9577 83.8
      vertex -15.2183 -11.6897 85
      vertex -13.5331 -11.8682 83.8
    endloop
  endfacet
  facet normal 0.547439 0.45255 0.703924
    outer loop
      vertex -15.2183 -11.6897 85
      vertex -14.2804 -10.9577 83.8
      vertex -15.2245 -11.6822 85
    endloop
  endfacet
  facet normal 0.577292 0.413704 0.703977
    outer loop
      vertex -15.2302 -11.6743 85
      vertex -14.2804 -10.9577 83.8
      vertex -14.9665 -10.0003 83.8
    endloop
  endfacet
  facet normal 0.575934 0.415547 0.704003
    outer loop
      vertex -14.2804 -10.9577 83.8
      vertex -15.2302 -11.6743 85
      vertex -15.2245 -11.6822 85
    endloop
  endfacet
  facet normal 0.626364 0.334813 0.703966
    outer loop
      vertex -16.6191 -9.59504 85
      vertex -15.5885 -9 83.8
      vertex -17.2065 -8.49614 85
    endloop
  endfacet
  facet normal 0.646915 0.293099 0.703984
    outer loop
      vertex -17.2151 -8.47869 85
      vertex -16.1437 -7.9612 83.8
      vertex -16.6298 -6.8883 83.8
    endloop
  endfacet
  facet normal 0.647443 0.29197 0.703968
    outer loop
      vertex -16.1437 -7.9612 83.8
      vertex -17.2151 -8.47869 85
      vertex -17.2111 -8.48756 85
    endloop
  endfacet
  facet normal 0.664703 0.250168 0.703979
    outer loop
      vertex -17.7293 -7.34373 85
      vertex -16.6298 -6.8883 83.8
      vertex -18.1682 -6.17756 85
    endloop
  endfacet
  facet normal 0.413686 -0.577325 0.70396
    outer loop
      vertex -10.0003 14.9665 83.8
      vertex -10.6614 15.956 85
      vertex -11.6743 15.2302 85
    endloop
  endfacet
  facet normal 0.293092 -0.646923 0.703979
    outer loop
      vertex -6.8883 16.6298 83.8
      vertex -7.34373 17.7293 85
      vertex -8.47869 17.2151 85
    endloop
  endfacet
  facet normal 0.206167 -0.67965 0.703968
    outer loop
      vertex -4.65874 17.3867 83.8
      vertex -4.96676 18.5362 85
      vertex -6.15914 18.1745 85
    endloop
  endfacet
  facet normal 0.0695959 -0.706806 0.703976
    outer loop
      vertex -2.34947 17.846 83.8
      vertex -1.26478 19.148 85
      vertex -2.50481 19.0259 85
    endloop
  endfacet
  facet normal 0.603106 -0.375102 0.703961
    outer loop
      vertex -15.9611 10.6532 85
      vertex -14.9665 10.0003 83.8
      vertex -15.956 10.6614 85
    endloop
  endfacet
  facet normal 0.603144 -0.375043 0.70396
    outer loop
      vertex -14.9665 10.0003 83.8
      vertex -15.9611 10.6532 85
      vertex -15.5885 9 83.8
    endloop
  endfacet
  facet normal 0.577325 -0.413686 0.70396
    outer loop
      vertex -14.9665 10.0003 83.8
      vertex -15.2302 11.6743 85
      vertex -15.956 10.6614 85
    endloop
  endfacet
  facet normal 0.691858 -0.160558 0.703955
    outer loop
      vertex -18.5384 4.95728 85
      vertex -17.3867 4.65874 83.8
      vertex -18.5362 4.96676 85
    endloop
  endfacet
  facet normal 0.691691 -0.161238 0.703964
    outer loop
      vertex -17.3867 4.65874 83.8
      vertex -18.5384 4.95728 85
      vertex -17.6541 3.51163 83.8
    endloop
  endfacet
  facet normal 0.680136 -0.204552 0.703969
    outer loop
      vertex -18.1745 6.15914 85
      vertex -17.0447 5.78591 83.8
      vertex -18.1717 6.16845 85
    endloop
  endfacet
  facet normal 0.679614 -0.206205 0.703992
    outer loop
      vertex -17.0447 5.78591 83.8
      vertex -18.1745 6.15914 85
      vertex -17.3867 4.65874 83.8
    endloop
  endfacet
  facet normal 0.67965 -0.206167 0.703968
    outer loop
      vertex -17.3867 4.65874 83.8
      vertex -18.1745 6.15914 85
      vertex -18.5362 4.96676 85
    endloop
  endfacet
  facet normal 0.709838 -0.0232554 0.703981
    outer loop
      vertex -18 0 83.8
      vertex -19.1493 1.24536 85
      vertex -19.1901 0 85
    endloop
  endfacet
  facet normal 0.700739 0.115709 0.703972
    outer loop
      vertex -17.846 -2.34947 83.8
      vertex -19.0243 -2.51441 85
      vertex -17.6541 -3.51163 83.8
    endloop
  endfacet
  facet normal 0.700578 0.116763 0.703958
    outer loop
      vertex -19.0243 -2.51441 85
      vertex -17.846 -2.34947 83.8
      vertex -19.0259 -2.50481 85
    endloop
  endfacet
  facet normal 0.706806 0.0695959 0.703976
    outer loop
      vertex -19.0259 -2.50481 85
      vertex -17.846 -2.34947 83.8
      vertex -19.148 -1.26478 85
    endloop
  endfacet
  facet normal -0.663039 0.254735 0.70391
    outer loop
      vertex 17.0447 -5.78591 83.8
      vertex 18.1682 -6.17756 85
      vertex 18.1717 -6.16845 85
    endloop
  endfacet
  facet normal -0.664703 0.25017 0.703978
    outer loop
      vertex 18.1682 -6.17756 85
      vertex 17.0447 -5.78591 83.8
      vertex 16.6298 -6.8883 83.8
    endloop
  endfacet
  facet normal -0.603134 0.375049 0.703966
    outer loop
      vertex 15.9611 -10.6532 85
      vertex 16.6191 -9.59504 85
      vertex 15.5885 -9 83.8
    endloop
  endfacet
  facet normal -0.603144 0.375043 0.70396
    outer loop
      vertex 14.9665 -10.0003 83.8
      vertex 15.9611 -10.6532 85
      vertex 15.5885 -9 83.8
    endloop
  endfacet
  facet normal -0.603106 0.375102 0.703961
    outer loop
      vertex 15.9611 -10.6532 85
      vertex 14.9665 -10.0003 83.8
      vertex 15.956 -10.6614 85
    endloop
  endfacet
  facet normal -0.487419 0.516518 0.704011
    outer loop
      vertex 12.7279 -12.7279 83.8
      vertex 13.5623 -13.5761 85
      vertex 13.5694 -13.5694 85
    endloop
  endfacet
  facet normal -0.485501 0.518362 0.703981
    outer loop
      vertex 13.5623 -13.5761 85
      vertex 12.7279 -12.7279 83.8
      vertex 11.8682 -13.5331 83.8
    endloop
  endfacet
  facet normal -0.577292 0.413704 0.703977
    outer loop
      vertex 14.2804 -10.9577 83.8
      vertex 15.2302 -11.6743 85
      vertex 14.9665 -10.0003 83.8
    endloop
  endfacet
  facet normal -0.575934 0.415547 0.704003
    outer loop
      vertex 15.2302 -11.6743 85
      vertex 14.2804 -10.9577 83.8
      vertex 15.2245 -11.6822 85
    endloop
  endfacet
  facet normal -0.547439 0.45255 0.703924
    outer loop
      vertex 14.2804 -10.9577 83.8
      vertex 15.2183 -11.6897 85
      vertex 15.2245 -11.6822 85
    endloop
  endfacet
  facet normal -0.549003 0.450599 0.703957
    outer loop
      vertex 15.2183 -11.6897 85
      vertex 14.2804 -10.9577 83.8
      vertex 13.5331 -11.8682 83.8
    endloop
  endfacet
  facet normal -0.51834 0.485509 0.703992
    outer loop
      vertex 13.5761 -13.5623 85
      vertex 14.4279 -12.6529 85
      vertex 13.5331 -11.8682 83.8
    endloop
  endfacet
  facet normal -0.70986 0.0232146 0.70396
    outer loop
      vertex 17.9615 -1.17726 83.8
      vertex 19.1493 -1.24536 85
      vertex 18 0 83.8
    endloop
  endfacet
  facet normal -0.709919 0.0218886 0.703943
    outer loop
      vertex 19.1493 -1.24536 85
      vertex 17.9615 -1.17726 83.8
      vertex 19.149 -1.25509 85
    endloop
  endfacet
  facet normal -0.706539 0.0729142 0.703908
    outer loop
      vertex 17.9615 -1.17726 83.8
      vertex 19.148 -1.26478 85
      vertex 19.149 -1.25509 85
    endloop
  endfacet
  facet normal -0.706825 0.0696447 0.703952
    outer loop
      vertex 19.148 -1.26478 85
      vertex 17.9615 -1.17726 83.8
      vertex 17.846 -2.34947 83.8
    endloop
  endfacet
  facet normal -0.647443 -0.29197 0.703968
    outer loop
      vertex 16.1437 7.9612 83.8
      vertex 17.2151 8.47869 85
      vertex 17.2111 8.48756 85
    endloop
  endfacet
  facet normal -0.646915 -0.293099 0.703984
    outer loop
      vertex 17.2151 8.47869 85
      vertex 16.1437 7.9612 83.8
      vertex 16.6298 6.8883 83.8
    endloop
  endfacet
  facet normal -0.626364 -0.334813 0.703966
    outer loop
      vertex 17.2065 8.49614 85
      vertex 16.6191 9.59504 85
      vertex 15.5885 9 83.8
    endloop
  endfacet
  facet normal -0.547439 -0.45255 0.703924
    outer loop
      vertex 15.2183 11.6897 85
      vertex 14.2804 10.9577 83.8
      vertex 15.2245 11.6822 85
    endloop
  endfacet
  facet normal -0.549003 -0.450599 0.703957
    outer loop
      vertex 14.2804 10.9577 83.8
      vertex 15.2183 11.6897 85
      vertex 13.5331 11.8682 83.8
    endloop
  endfacet
  facet normal -0.335586 -0.625941 0.703974
    outer loop
      vertex 7.9612 16.1437 83.8
      vertex 8.49614 17.2065 85
      vertex 8.48756 17.2111 85
    endloop
  endfacet
  facet normal -0.334769 -0.626366 0.703986
    outer loop
      vertex 8.49614 17.2065 85
      vertex 7.9612 16.1437 83.8
      vertex 9 15.5885 83.8
    endloop
  endfacet
  facet normal -0.415547 -0.575934 0.704003
    outer loop
      vertex 11.6743 15.2302 85
      vertex 10.9577 14.2804 83.8
      vertex 11.6822 15.2245 85
    endloop
  endfacet
  facet normal -0.413704 -0.577292 0.703977
    outer loop
      vertex 10.9577 14.2804 83.8
      vertex 11.6743 15.2302 85
      vertex 10.0003 14.9665 83.8
    endloop
  endfacet
  facet normal -0.45255 -0.547439 0.703924
    outer loop
      vertex 10.9577 14.2804 83.8
      vertex 11.6897 15.2183 85
      vertex 11.6822 15.2245 85
    endloop
  endfacet
  facet normal -0.450599 -0.549003 0.703957
    outer loop
      vertex 11.6897 15.2183 85
      vertex 10.9577 14.2804 83.8
      vertex 11.8682 13.5331 83.8
    endloop
  endfacet
  facet normal -0.450525 -0.54902 0.703992
    outer loop
      vertex 11.8682 13.5331 83.8
      vertex 12.6529 14.4279 85
      vertex 11.6897 15.2183 85
    endloop
  endfacet
  facet normal -0.0729142 -0.706539 0.703908
    outer loop
      vertex 1.17726 17.9615 83.8
      vertex 1.26478 19.148 85
      vertex 1.25509 19.149 85
    endloop
  endfacet
  facet normal -0.0696447 -0.706825 0.703952
    outer loop
      vertex 1.26478 19.148 85
      vertex 1.17726 17.9615 83.8
      vertex 2.34947 17.846 83.8
    endloop
  endfacet
  facet normal -0.254735 -0.663039 0.70391
    outer loop
      vertex 5.78591 17.0447 83.8
      vertex 6.17756 18.1682 85
      vertex 6.16845 18.1717 85
    endloop
  endfacet
  facet normal -0.25017 -0.664703 0.703978
    outer loop
      vertex 6.17756 18.1682 85
      vertex 5.78591 17.0447 83.8
      vertex 6.8883 16.6298 83.8
    endloop
  endfacet
  facet normal -0.25017 0.664703 0.703978
    outer loop
      vertex 5.78591 -17.0447 83.8
      vertex 6.17756 -18.1682 85
      vertex 6.8883 -16.6298 83.8
    endloop
  endfacet
  facet normal -0.254735 0.663039 0.70391
    outer loop
      vertex 6.17756 -18.1682 85
      vertex 5.78591 -17.0447 83.8
      vertex 6.16845 -18.1717 85
    endloop
  endfacet
  facet normal -0.204552 0.680136 0.703969
    outer loop
      vertex 5.78591 -17.0447 83.8
      vertex 6.15914 -18.1745 85
      vertex 6.16845 -18.1717 85
    endloop
  endfacet
  facet normal -0.206205 0.679614 0.703992
    outer loop
      vertex 6.15914 -18.1745 85
      vertex 5.78591 -17.0447 83.8
      vertex 4.65874 -17.3867 83.8
    endloop
  endfacet
  facet normal -0.450599 0.549003 0.703957
    outer loop
      vertex 10.9577 -14.2804 83.8
      vertex 11.6897 -15.2183 85
      vertex 11.8682 -13.5331 83.8
    endloop
  endfacet
  facet normal -0.45255 0.547439 0.703924
    outer loop
      vertex 11.6897 -15.2183 85
      vertex 10.9577 -14.2804 83.8
      vertex 11.6822 -15.2245 85
    endloop
  endfacet
  facet normal -0.415547 0.575934 0.704003
    outer loop
      vertex 10.9577 -14.2804 83.8
      vertex 11.6743 -15.2302 85
      vertex 11.6822 -15.2245 85
    endloop
  endfacet
  facet normal -0.413704 0.577292 0.703977
    outer loop
      vertex 11.6743 -15.2302 85
      vertex 10.9577 -14.2804 83.8
      vertex 10.0003 -14.9665 83.8
    endloop
  endfacet
  facet normal 0.161238 0.691691 0.703964
    outer loop
      vertex -4.65874 -17.3867 83.8
      vertex -4.95728 -18.5384 85
      vertex -3.51163 -17.6541 83.8
    endloop
  endfacet
  facet normal 0.160558 0.691858 0.703955
    outer loop
      vertex -4.95728 -18.5384 85
      vertex -4.65874 -17.3867 83.8
      vertex -4.96676 -18.5362 85
    endloop
  endfacet
  facet normal 0.375049 0.603134 0.703966
    outer loop
      vertex -9.59504 -16.6191 85
      vertex -9 -15.5885 83.8
      vertex -10.6532 -15.9611 85
    endloop
  endfacet
  facet normal 0.334813 0.626364 0.703966
    outer loop
      vertex -8.49614 -17.2065 85
      vertex -9 -15.5885 83.8
      vertex -9.59504 -16.6191 85
    endloop
  endfacet
  facet normal 0.335586 0.625941 0.703974
    outer loop
      vertex -7.9612 -16.1437 83.8
      vertex -8.49614 -17.2065 85
      vertex -8.48756 -17.2111 85
    endloop
  endfacet
  facet normal 0.334769 0.626366 0.703986
    outer loop
      vertex -8.49614 -17.2065 85
      vertex -7.9612 -16.1437 83.8
      vertex -9 -15.5885 83.8
    endloop
  endfacet
  facet normal 0.413686 0.577325 0.70396
    outer loop
      vertex -10.6614 -15.956 85
      vertex -10.0003 -14.9665 83.8
      vertex -11.6743 -15.2302 85
    endloop
  endfacet
  facet normal 0.413704 0.577292 0.703977
    outer loop
      vertex -10.9577 -14.2804 83.8
      vertex -11.6743 -15.2302 85
      vertex -10.0003 -14.9665 83.8
    endloop
  endfacet
  facet normal 0.415547 0.575934 0.704003
    outer loop
      vertex -11.6743 -15.2302 85
      vertex -10.9577 -14.2804 83.8
      vertex -11.6822 -15.2245 85
    endloop
  endfacet
  facet normal 0.485501 0.518362 0.703981
    outer loop
      vertex -12.7279 -12.7279 83.8
      vertex -13.5623 -13.5761 85
      vertex -11.8682 -13.5331 83.8
    endloop
  endfacet
  facet normal 0.487419 0.516518 0.704011
    outer loop
      vertex -13.5623 -13.5761 85
      vertex -12.7279 -12.7279 83.8
      vertex -13.5694 -13.5694 85
    endloop
  endfacet
  facet normal 0.0695959 0.706806 0.703976
    outer loop
      vertex -1.26478 -19.148 85
      vertex -2.34947 -17.846 83.8
      vertex -2.50481 -19.0259 85
    endloop
  endfacet
  facet normal 0.679614 0.206205 0.703992
    outer loop
      vertex -18.1745 -6.15914 85
      vertex -17.0447 -5.78591 83.8
      vertex -17.3867 -4.65874 83.8
    endloop
  endfacet
  facet normal 0.680136 0.204552 0.703969
    outer loop
      vertex -17.0447 -5.78591 83.8
      vertex -18.1745 -6.15914 85
      vertex -18.1717 -6.16845 85
    endloop
  endfacet
  facet normal 0.516518 -0.487419 0.704011
    outer loop
      vertex -13.5761 13.5623 85
      vertex -12.7279 12.7279 83.8
      vertex -13.5694 13.5694 85
    endloop
  endfacet
  facet normal 0.518362 -0.485501 0.703981
    outer loop
      vertex -12.7279 12.7279 83.8
      vertex -13.5761 13.5623 85
      vertex -13.5331 11.8682 83.8
    endloop
  endfacet
  facet normal 0.450525 -0.54902 0.703992
    outer loop
      vertex -11.8682 13.5331 83.8
      vertex -11.6897 15.2183 85
      vertex -12.6529 14.4279 85
    endloop
  endfacet
  facet normal 0.375043 -0.603144 0.70396
    outer loop
      vertex -10.6532 15.9611 85
      vertex -10.0003 14.9665 83.8
      vertex -9 15.5885 83.8
    endloop
  endfacet
  facet normal 0.375102 -0.603106 0.703961
    outer loop
      vertex -10.0003 14.9665 83.8
      vertex -10.6532 15.9611 85
      vertex -10.6614 15.956 85
    endloop
  endfacet
  facet normal 0.161238 -0.691691 0.703964
    outer loop
      vertex -4.95728 18.5384 85
      vertex -4.65874 17.3867 83.8
      vertex -3.51163 17.6541 83.8
    endloop
  endfacet
  facet normal 0.160558 -0.691858 0.703955
    outer loop
      vertex -4.65874 17.3867 83.8
      vertex -4.95728 18.5384 85
      vertex -4.96676 18.5362 85
    endloop
  endfacet
  facet normal 0.0232554 -0.709838 0.703981
    outer loop
      vertex 0 18 83.8
      vertex 0 19.1901 85
      vertex -1.24536 19.1493 85
    endloop
  endfacet
  facet normal 0.0696447 -0.706825 0.703952
    outer loop
      vertex -1.17726 17.9615 83.8
      vertex -1.26478 19.148 85
      vertex -2.34947 17.846 83.8
    endloop
  endfacet
  facet normal 0.0729142 -0.706539 0.703908
    outer loop
      vertex -1.26478 19.148 85
      vertex -1.17726 17.9615 83.8
      vertex -1.25509 19.149 85
    endloop
  endfacet
  facet normal 0.647443 -0.29197 0.703968
    outer loop
      vertex -17.2151 8.47869 85
      vertex -16.1437 7.9612 83.8
      vertex -17.2111 8.48756 85
    endloop
  endfacet
  facet normal 0.646915 -0.293099 0.703984
    outer loop
      vertex -16.1437 7.9612 83.8
      vertex -17.2151 8.47869 85
      vertex -16.6298 6.8883 83.8
    endloop
  endfacet
  facet normal 0.626366 -0.334769 0.703986
    outer loop
      vertex -17.2065 8.49614 85
      vertex -16.1437 7.9612 83.8
      vertex -15.5885 9 83.8
    endloop
  endfacet
  facet normal 0.625941 -0.335586 0.703974
    outer loop
      vertex -16.1437 7.9612 83.8
      vertex -17.2065 8.49614 85
      vertex -17.2111 8.48756 85
    endloop
  endfacet
  facet normal 0.603134 -0.375049 0.703966
    outer loop
      vertex -15.5885 9 83.8
      vertex -15.9611 10.6532 85
      vertex -16.6191 9.59504 85
    endloop
  endfacet
  facet normal 0.549003 -0.450599 0.703957
    outer loop
      vertex -15.2183 11.6897 85
      vertex -14.2804 10.9577 83.8
      vertex -13.5331 11.8682 83.8
    endloop
  endfacet
  facet normal 0.547439 -0.45255 0.703924
    outer loop
      vertex -14.2804 10.9577 83.8
      vertex -15.2183 11.6897 85
      vertex -15.2245 11.6822 85
    endloop
  endfacet
  facet normal 0.51834 -0.485509 0.703992
    outer loop
      vertex -13.5331 11.8682 83.8
      vertex -13.5761 13.5623 85
      vertex -14.4279 12.6529 85
    endloop
  endfacet
  facet normal 0.54902 -0.450525 0.703992
    outer loop
      vertex -13.5331 11.8682 83.8
      vertex -14.4279 12.6529 85
      vertex -15.2183 11.6897 85
    endloop
  endfacet
  facet normal 0.70072 -0.115648 0.704001
    outer loop
      vertex -17.6541 3.51163 83.8
      vertex -18.8214 3.7438 85
      vertex -19.0243 2.51441 85
    endloop
  endfacet
  facet normal 0.69164 -0.1613 0.704
    outer loop
      vertex -17.6541 3.51163 83.8
      vertex -18.5384 4.95728 85
      vertex -18.8214 3.7438 85
    endloop
  endfacet
  facet normal 0.664703 -0.25017 0.703978
    outer loop
      vertex -18.1682 6.17756 85
      vertex -17.0447 5.78591 83.8
      vertex -16.6298 6.8883 83.8
    endloop
  endfacet
  facet normal 0.663039 -0.254735 0.70391
    outer loop
      vertex -17.0447 5.78591 83.8
      vertex -18.1682 6.17756 85
      vertex -18.1717 6.16845 85
    endloop
  endfacet
  facet normal 0.706539 0.0729142 0.703908
    outer loop
      vertex -19.148 -1.26478 85
      vertex -17.9615 -1.17726 83.8
      vertex -19.149 -1.25509 85
    endloop
  endfacet
  facet normal 0.706825 0.0696447 0.703952
    outer loop
      vertex -17.9615 -1.17726 83.8
      vertex -19.148 -1.26478 85
      vertex -17.846 -2.34947 83.8
    endloop
  endfacet
  facet normal -0.679614 0.206205 0.703992
    outer loop
      vertex 17.0447 -5.78591 83.8
      vertex 18.1745 -6.15914 85
      vertex 17.3867 -4.65874 83.8
    endloop
  endfacet
  facet normal -0.680136 0.204552 0.703969
    outer loop
      vertex 18.1745 -6.15914 85
      vertex 17.0447 -5.78591 83.8
      vertex 18.1717 -6.16845 85
    endloop
  endfacet
  facet normal -0.625941 0.335586 0.703974
    outer loop
      vertex 16.1437 -7.9612 83.8
      vertex 17.2065 -8.49614 85
      vertex 17.2111 -8.48756 85
    endloop
  endfacet
  facet normal -0.626366 0.334769 0.703986
    outer loop
      vertex 17.2065 -8.49614 85
      vertex 16.1437 -7.9612 83.8
      vertex 15.5885 -9 83.8
    endloop
  endfacet
  facet normal -0.54902 -0.450525 0.703992
    outer loop
      vertex 15.2183 11.6897 85
      vertex 14.4279 12.6529 85
      vertex 13.5331 11.8682 83.8
    endloop
  endfacet
  facet normal -0.51834 -0.485509 0.703992
    outer loop
      vertex 14.4279 12.6529 85
      vertex 13.5761 13.5623 85
      vertex 13.5331 11.8682 83.8
    endloop
  endfacet
  facet normal -0.375102 -0.603106 0.703961
    outer loop
      vertex 10.6532 15.9611 85
      vertex 10.0003 14.9665 83.8
      vertex 10.6614 15.956 85
    endloop
  endfacet
  facet normal -0.375043 -0.603144 0.70396
    outer loop
      vertex 10.0003 14.9665 83.8
      vertex 10.6532 15.9611 85
      vertex 9 15.5885 83.8
    endloop
  endfacet
  facet normal -0.29197 -0.647443 0.703968
    outer loop
      vertex 8.47869 17.2151 85
      vertex 7.9612 16.1437 83.8
      vertex 8.48756 17.2111 85
    endloop
  endfacet
  facet normal -0.293099 -0.646915 0.703984
    outer loop
      vertex 7.9612 16.1437 83.8
      vertex 8.47869 17.2151 85
      vertex 6.8883 16.6298 83.8
    endloop
  endfacet
  facet normal -0.0232146 -0.70986 0.70396
    outer loop
      vertex 1.17726 17.9615 83.8
      vertex 1.24536 19.1493 85
      vertex 0 18 83.8
    endloop
  endfacet
  facet normal -0.0218886 -0.709919 0.703943
    outer loop
      vertex 1.24536 19.1493 85
      vertex 1.17726 17.9615 83.8
      vertex 1.25509 19.149 85
    endloop
  endfacet
  facet normal -0.204552 -0.680136 0.703969
    outer loop
      vertex 6.15914 18.1745 85
      vertex 5.78591 17.0447 83.8
      vertex 6.16845 18.1717 85
    endloop
  endfacet
  facet normal -0.206205 -0.679614 0.703992
    outer loop
      vertex 5.78591 17.0447 83.8
      vertex 6.15914 18.1745 85
      vertex 4.65874 17.3867 83.8
    endloop
  endfacet
  facet normal 0.250168 0.664703 0.703979
    outer loop
      vertex -6.17756 -18.1682 85
      vertex -6.8883 -16.6298 83.8
      vertex -7.34373 -17.7293 85
    endloop
  endfacet
  facet normal 0.0232146 0.70986 0.70396
    outer loop
      vertex -1.17726 -17.9615 83.8
      vertex -1.24536 -19.1493 85
      vertex 0 -18 83.8
    endloop
  endfacet
  facet normal 0.0218886 0.709919 0.703943
    outer loop
      vertex -1.24536 -19.1493 85
      vertex -1.17726 -17.9615 83.8
      vertex -1.25509 -19.149 85
    endloop
  endfacet
  facet normal 0.0729142 0.706539 0.703908
    outer loop
      vertex -1.17726 -17.9615 83.8
      vertex -1.26478 -19.148 85
      vertex -1.25509 -19.149 85
    endloop
  endfacet
  facet normal 0.0696447 0.706825 0.703952
    outer loop
      vertex -1.26478 -19.148 85
      vertex -1.17726 -17.9615 83.8
      vertex -2.34947 -17.846 83.8
    endloop
  endfacet
  facet normal 0.664703 0.25017 0.703978
    outer loop
      vertex -17.0447 -5.78591 83.8
      vertex -18.1682 -6.17756 85
      vertex -16.6298 -6.8883 83.8
    endloop
  endfacet
  facet normal 0.663039 0.254735 0.70391
    outer loop
      vertex -18.1682 -6.17756 85
      vertex -17.0447 -5.78591 83.8
      vertex -18.1717 -6.16845 85
    endloop
  endfacet
  facet normal 0.45255 -0.547439 0.703924
    outer loop
      vertex -11.6897 15.2183 85
      vertex -10.9577 14.2804 83.8
      vertex -11.6822 15.2245 85
    endloop
  endfacet
  facet normal 0.450599 -0.549003 0.703957
    outer loop
      vertex -10.9577 14.2804 83.8
      vertex -11.6897 15.2183 85
      vertex -11.8682 13.5331 83.8
    endloop
  endfacet
  facet normal 0.485501 -0.518362 0.703981
    outer loop
      vertex -13.5623 13.5761 85
      vertex -12.7279 12.7279 83.8
      vertex -11.8682 13.5331 83.8
    endloop
  endfacet
  facet normal 0.487419 -0.516518 0.704011
    outer loop
      vertex -12.7279 12.7279 83.8
      vertex -13.5623 13.5761 85
      vertex -13.5694 13.5694 85
    endloop
  endfacet
  facet normal 0.485509 -0.51834 0.703992
    outer loop
      vertex -11.8682 13.5331 83.8
      vertex -12.6529 14.4279 85
      vertex -13.5623 13.5761 85
    endloop
  endfacet
  facet normal 0.375049 -0.603134 0.703966
    outer loop
      vertex -9 15.5885 83.8
      vertex -9.59504 16.6191 85
      vertex -10.6532 15.9611 85
    endloop
  endfacet
  facet normal 0.334813 -0.626364 0.703966
    outer loop
      vertex -9 15.5885 83.8
      vertex -8.49614 17.2065 85
      vertex -9.59504 16.6191 85
    endloop
  endfacet
  facet normal 0.250168 -0.664703 0.703979
    outer loop
      vertex -6.8883 16.6298 83.8
      vertex -6.17756 18.1682 85
      vertex -7.34373 17.7293 85
    endloop
  endfacet
  facet normal 0.0218886 -0.709919 0.703943
    outer loop
      vertex -1.17726 17.9615 83.8
      vertex -1.24536 19.1493 85
      vertex -1.25509 19.149 85
    endloop
  endfacet
  facet normal 0.0232146 -0.70986 0.70396
    outer loop
      vertex -1.24536 19.1493 85
      vertex -1.17726 17.9615 83.8
      vertex 0 18 83.8
    endloop
  endfacet
  facet normal 0.575934 -0.415547 0.704003
    outer loop
      vertex -15.2302 11.6743 85
      vertex -14.2804 10.9577 83.8
      vertex -15.2245 11.6822 85
    endloop
  endfacet
  facet normal 0.577292 -0.413704 0.703977
    outer loop
      vertex -14.2804 10.9577 83.8
      vertex -15.2302 11.6743 85
      vertex -14.9665 10.0003 83.8
    endloop
  endfacet
  facet normal -0.375049 -0.603134 0.703966
    outer loop
      vertex 10.6532 15.9611 85
      vertex 9.59504 16.6191 85
      vertex 9 15.5885 83.8
    endloop
  endfacet
  facet normal -0.334813 -0.626364 0.703966
    outer loop
      vertex 9 15.5885 83.8
      vertex 9.59504 16.6191 85
      vertex 8.49614 17.2065 85
    endloop
  endfacet
  facet normal 0.206205 0.679614 0.703992
    outer loop
      vertex -5.78591 -17.0447 83.8
      vertex -6.15914 -18.1745 85
      vertex -4.65874 -17.3867 83.8
    endloop
  endfacet
  facet normal 0.204552 0.680136 0.703969
    outer loop
      vertex -6.15914 -18.1745 85
      vertex -5.78591 -17.0447 83.8
      vertex -6.16845 -18.1717 85
    endloop
  endfacet
  facet normal 0.254735 0.663039 0.70391
    outer loop
      vertex -5.78591 -17.0447 83.8
      vertex -6.17756 -18.1682 85
      vertex -6.16845 -18.1717 85
    endloop
  endfacet
  facet normal 0.25017 0.664703 0.703978
    outer loop
      vertex -6.17756 -18.1682 85
      vertex -5.78591 -17.0447 83.8
      vertex -6.8883 -16.6298 83.8
    endloop
  endfacet
  facet normal 0.335586 -0.625941 0.703974
    outer loop
      vertex -8.49614 17.2065 85
      vertex -7.9612 16.1437 83.8
      vertex -8.48756 17.2111 85
    endloop
  endfacet
  facet normal 0.334769 -0.626366 0.703986
    outer loop
      vertex -7.9612 16.1437 83.8
      vertex -8.49614 17.2065 85
      vertex -9 15.5885 83.8
    endloop
  endfacet
  facet normal 0.254735 -0.663039 0.70391
    outer loop
      vertex -6.17756 18.1682 85
      vertex -5.78591 17.0447 83.8
      vertex -6.16845 18.1717 85
    endloop
  endfacet
  facet normal 0.25017 -0.664703 0.703978
    outer loop
      vertex -5.78591 17.0447 83.8
      vertex -6.17756 18.1682 85
      vertex -6.8883 16.6298 83.8
    endloop
  endfacet
  facet normal 0.206205 -0.679614 0.703992
    outer loop
      vertex -6.15914 18.1745 85
      vertex -5.78591 17.0447 83.8
      vertex -4.65874 17.3867 83.8
    endloop
  endfacet
  facet normal 0.204552 -0.680136 0.703969
    outer loop
      vertex -5.78591 17.0447 83.8
      vertex -6.15914 18.1745 85
      vertex -6.16845 18.1717 85
    endloop
  endfacet
endsolid OpenSCAD_Model
