  0
SECTION
  2
BLOCKS
  0
ENDSEC
  0
SECTION
  2
ENTITIES
  0
LINE
  8
0
 10
38.3008
 20
51.6698
 11
38.7052
 21
51.6698
  0
LINE
  8
0
 10
38.7052
 20
51.6698
 11
38.7052
 21
52.1306
  0
LINE
  8
0
 10
38.7052
 20
52.1306
 11
38.3008
 21
52.1306
  0
LINE
  8
0
 10
38.3008
 20
52.1306
 11
38.3008
 21
52.239
  0
LINE
  8
0
 10
38.3008
 20
52.239
 11
38.3132
 21
52.3422
  0
LINE
  8
0
 10
38.3132
 20
52.3422
 11
38.3432
 21
52.3955
  0
LINE
  8
0
 10
38.3432
 20
52.3955
 11
38.3981
 21
52.4248
  0
LINE
  8
0
 10
38.3981
 20
52.4248
 11
38.501
 21
52.4367
  0
LINE
  8
0
 10
38.501
 20
52.4367
 11
38.5719
 21
52.4328
  0
LINE
  8
0
 10
38.5719
 20
52.4328
 11
38.7052
 21
52.4109
  0
LINE
  8
0
 10
38.7052
 20
52.4109
 11
38.7052
 21
52.8575
  0
LINE
  8
0
 10
38.7052
 20
52.8575
 11
38.4811
 21
52.8861
  0
LINE
  8
0
 10
38.4811
 20
52.8861
 11
38.3152
 21
52.894
  0
LINE
  8
0
 10
38.3152
 20
52.894
 11
38.0381
 21
52.8586
  0
LINE
  8
0
 10
38.0381
 20
52.8586
 11
37.8322
 21
52.7469
  0
LINE
  8
0
 10
37.8322
 20
52.7469
 11
37.7083
 21
52.5564
  0
LINE
  8
0
 10
37.7083
 20
52.5564
 11
37.6691
 21
52.2989
  0
LINE
  8
0
 10
37.6691
 20
52.2989
 11
37.6691
 21
52.1306
  0
LINE
  8
0
 10
37.6691
 20
52.1306
 11
37.3691
 21
52.1306
  0
LINE
  8
0
 10
37.3691
 20
52.1306
 11
37.3691
 21
51.6698
  0
LINE
  8
0
 10
37.3691
 20
51.6698
 11
37.6691
 21
51.6698
  0
LINE
  8
0
 10
37.6691
 20
51.6698
 11
37.6691
 21
49.9761
  0
LINE
  8
0
 10
37.6691
 20
49.9761
 11
38.3008
 21
49.9761
  0
LINE
  8
0
 10
38.3008
 20
49.9761
 11
38.3008
 21
51.6698
  0
LINE
  8
0
 10
106.12
 20
51.1224
 11
106.148
 21
51.3481
  0
LINE
  8
0
 10
106.148
 20
51.3481
 11
106.23
 21
51.5215
  0
LINE
  8
0
 10
106.23
 20
51.5215
 11
106.35
 21
51.6307
  0
LINE
  8
0
 10
106.35
 20
51.6307
 11
106.495
 21
51.6651
  0
LINE
  8
0
 10
106.495
 20
51.6651
 11
106.733
 21
51.5483
  0
LINE
  8
0
 10
106.733
 20
51.5483
 11
106.818
 21
51.1712
  0
LINE
  8
0
 10
106.818
 20
51.1712
 11
106.818
 21
49.9761
  0
LINE
  8
0
 10
106.818
 20
49.9761
 11
107.449
 21
49.9761
  0
LINE
  8
0
 10
107.449
 20
49.9761
 11
107.449
 21
51.3318
  0
LINE
  8
0
 10
107.449
 20
51.3318
 11
107.404
 21
51.6848
  0
LINE
  8
0
 10
107.404
 20
51.6848
 11
107.263
 21
51.9512
  0
LINE
  8
0
 10
107.263
 20
51.9512
 11
107.032
 21
52.1155
  0
LINE
  8
0
 10
107.032
 20
52.1155
 11
106.725
 21
52.1691
  0
LINE
  8
0
 10
106.725
 20
52.1691
 11
106.499
 21
52.1406
  0
LINE
  8
0
 10
106.499
 20
52.1406
 11
106.306
 21
52.0545
  0
LINE
  8
0
 10
106.306
 20
52.0545
 11
106.145
 21
51.9054
  0
LINE
  8
0
 10
106.145
 20
51.9054
 11
106.116
 21
51.8559
  0
LINE
  8
0
 10
106.116
 20
51.8559
 11
106.116
 21
51.8684
  0
LINE
  8
0
 10
106.116
 20
51.8684
 11
106.12
 21
52.0744
  0
LINE
  8
0
 10
106.12
 20
52.0744
 11
106.12
 21
52.8939
  0
LINE
  8
0
 10
106.12
 20
52.8939
 11
105.487
 21
52.8939
  0
LINE
  8
0
 10
105.487
 20
52.8939
 11
105.487
 21
49.9761
  0
LINE
  8
0
 10
105.487
 20
49.9761
 11
106.12
 21
49.9761
  0
LINE
  8
0
 10
106.12
 20
49.9761
 11
106.12
 21
51.1224
  0
LINE
  8
0
 10
27.0259
 20
52.8939
 11
26.3923
 21
52.8939
  0
LINE
  8
0
 10
26.3923
 20
52.8939
 11
26.3923
 21
49.9761
  0
LINE
  8
0
 10
26.3923
 20
49.9761
 11
27.0259
 21
49.9761
  0
LINE
  8
0
 10
27.0259
 20
49.9761
 11
27.0259
 21
52.8939
  0
LINE
  8
0
 10
119.267
 20
50.036
 11
119.454
 21
50.2436
  0
LINE
  8
0
 10
119.454
 20
50.2436
 11
119.46
 21
50.165
  0
LINE
  8
0
 10
119.46
 20
50.165
 11
119.47
 21
50.0695
  0
LINE
  8
0
 10
119.47
 20
50.0695
 11
119.485
 21
49.9761
  0
LINE
  8
0
 10
119.485
 20
49.9761
 11
120.096
 21
49.9761
  0
LINE
  8
0
 10
120.096
 20
49.9761
 11
120.082
 21
50.269
  0
LINE
  8
0
 10
120.082
 20
50.269
 11
120.079
 21
50.4742
  0
LINE
  8
0
 10
120.079
 20
50.4742
 11
120.079
 21
52.8939
  0
LINE
  8
0
 10
120.079
 20
52.8939
 11
119.445
 21
52.8939
  0
LINE
  8
0
 10
119.445
 20
52.8939
 11
119.445
 21
52.0936
  0
LINE
  8
0
 10
119.445
 20
52.0936
 11
119.447
 21
51.9202
  0
LINE
  8
0
 10
119.447
 20
51.9202
 11
119.429
 21
51.9479
  0
LINE
  8
0
 10
119.429
 20
51.9479
 11
119.277
 21
52.0711
  0
LINE
  8
0
 10
119.277
 20
52.0711
 11
119.09
 21
52.1447
  0
LINE
  8
0
 10
119.09
 20
52.1447
 11
118.872
 21
52.1691
  0
LINE
  8
0
 10
118.872
 20
52.1691
 11
118.517
 21
52.0954
  0
LINE
  8
0
 10
118.517
 20
52.0954
 11
118.25
 21
51.8714
  0
LINE
  8
0
 10
118.25
 20
51.8714
 11
118.087
 21
51.5177
  0
LINE
  8
0
 10
118.087
 20
51.5177
 11
118.034
 21
51.0516
  0
LINE
  8
0
 10
118.034
 20
51.0516
 11
118.084
 21
50.591
  0
LINE
  8
0
 10
118.084
 20
50.591
 11
118.239
 21
50.2381
  0
LINE
  8
0
 10
118.239
 20
50.2381
 11
118.493
 21
50.0121
  0
LINE
  8
0
 10
118.493
 20
50.0121
 11
118.835
 21
49.9369
  0
LINE
  8
0
 10
118.835
 20
49.9369
 11
119.267
 21
50.036
  0
LINE
  8
0
 10
118.79
 20
50.5599
 11
118.691
 21
51.0543
  0
LINE
  8
0
 10
118.691
 20
51.0543
 11
118.716
 21
51.3519
  0
LINE
  8
0
 10
118.716
 20
51.3519
 11
118.788
 21
51.5546
  0
LINE
  8
0
 10
118.788
 20
51.5546
 11
118.902
 21
51.6669
  0
LINE
  8
0
 10
118.902
 20
51.6669
 11
119.064
 21
51.7045
  0
LINE
  8
0
 10
119.064
 20
51.7045
 11
119.229
 21
51.6656
  0
LINE
  8
0
 10
119.229
 20
51.6656
 11
119.349
 21
51.5484
  0
LINE
  8
0
 10
119.349
 20
51.5484
 11
119.426
 21
51.3473
  0
LINE
  8
0
 10
119.426
 20
51.3473
 11
119.453
 21
51.0648
  0
LINE
  8
0
 10
119.453
 20
51.0648
 11
119.425
 21
50.7738
  0
LINE
  8
0
 10
119.425
 20
50.7738
 11
119.344
 21
50.5658
  0
LINE
  8
0
 10
119.344
 20
50.5658
 11
119.222
 21
50.4442
  0
LINE
  8
0
 10
119.222
 20
50.4442
 11
119.067
 21
50.406
  0
LINE
  8
0
 10
119.067
 20
50.406
 11
118.79
 21
50.5599
  0
LINE
  8
0
 10
125.517
 20
49.6283
 11
125.694
 21
50.0645
  0
LINE
  8
0
 10
125.694
 20
50.0645
 11
125.795
 21
50.5247
  0
LINE
  8
0
 10
125.795
 20
50.5247
 11
125.828
 21
51.0344
  0
LINE
  8
0
 10
125.828
 20
51.0344
 11
125.795
 21
51.5412
  0
LINE
  8
0
 10
125.795
 20
51.5412
 11
125.694
 21
52.0005
  0
LINE
  8
0
 10
125.694
 20
52.0005
 11
125.517
 21
52.4362
  0
LINE
  8
0
 10
125.517
 20
52.4362
 11
125.242
 21
52.8939
  0
LINE
  8
0
 10
125.242
 20
52.8939
 11
124.592
 21
52.8939
  0
LINE
  8
0
 10
124.592
 20
52.8939
 11
124.893
 21
52.3921
  0
LINE
  8
0
 10
124.893
 20
52.3921
 11
125.067
 21
51.9695
  0
LINE
  8
0
 10
125.067
 20
51.9695
 11
125.168
 21
51.5243
  0
LINE
  8
0
 10
125.168
 20
51.5243
 11
125.202
 21
51.0324
  0
LINE
  8
0
 10
125.202
 20
51.0324
 11
125.169
 21
50.5435
  0
LINE
  8
0
 10
125.169
 20
50.5435
 11
125.07
 21
50.1029
  0
LINE
  8
0
 10
125.07
 20
50.1029
 11
124.897
 21
49.6809
  0
LINE
  8
0
 10
124.897
 20
49.6809
 11
124.593
 21
49.1692
  0
LINE
  8
0
 10
124.593
 20
49.1692
 11
125.242
 21
49.1692
  0
LINE
  8
0
 10
125.242
 20
49.1692
 11
125.517
 21
49.6283
  0
LINE
  8
0
 10
117.725
 20
52.8939
 11
117.091
 21
52.8939
  0
LINE
  8
0
 10
117.091
 20
52.8939
 11
117.091
 21
52.4008
  0
LINE
  8
0
 10
117.091
 20
52.4008
 11
117.725
 21
52.4008
  0
LINE
  8
0
 10
117.725
 20
52.4008
 11
117.725
 21
52.8939
  0
LINE
  8
0
 10
78.4864
 20
52.8939
 11
77.8528
 21
52.8939
  0
LINE
  8
0
 10
77.8528
 20
52.8939
 11
77.8528
 21
52.4008
  0
LINE
  8
0
 10
77.8528
 20
52.4008
 11
78.4864
 21
52.4008
  0
LINE
  8
0
 10
78.4864
 20
52.4008
 11
78.4864
 21
52.8939
  0
LINE
  8
0
 10
65.7905
 20
52.8939
 11
65.237
 21
52.8939
  0
LINE
  8
0
 10
65.237
 20
52.8939
 11
64.6654
 21
49.8983
  0
LINE
  8
0
 10
64.6654
 20
49.8983
 11
65.2287
 21
49.8983
  0
LINE
  8
0
 10
65.2287
 20
49.8983
 11
65.7905
 21
52.8939
  0
LINE
  8
0
 10
110.76
 20
51.1224
 11
110.788
 21
51.3481
  0
LINE
  8
0
 10
110.788
 20
51.3481
 11
110.87
 21
51.5215
  0
LINE
  8
0
 10
110.87
 20
51.5215
 11
110.99
 21
51.6307
  0
LINE
  8
0
 10
110.99
 20
51.6307
 11
111.135
 21
51.6651
  0
LINE
  8
0
 10
111.135
 20
51.6651
 11
111.372
 21
51.5483
  0
LINE
  8
0
 10
111.372
 20
51.5483
 11
111.457
 21
51.1712
  0
LINE
  8
0
 10
111.457
 20
51.1712
 11
111.457
 21
49.9761
  0
LINE
  8
0
 10
111.457
 20
49.9761
 11
112.089
 21
49.9761
  0
LINE
  8
0
 10
112.089
 20
49.9761
 11
112.089
 21
51.3318
  0
LINE
  8
0
 10
112.089
 20
51.3318
 11
112.044
 21
51.6848
  0
LINE
  8
0
 10
112.044
 20
51.6848
 11
111.903
 21
51.9512
  0
LINE
  8
0
 10
111.903
 20
51.9512
 11
111.671
 21
52.1155
  0
LINE
  8
0
 10
111.671
 20
52.1155
 11
111.364
 21
52.1691
  0
LINE
  8
0
 10
111.364
 20
52.1691
 11
111.139
 21
52.1406
  0
LINE
  8
0
 10
111.139
 20
52.1406
 11
110.946
 21
52.0545
  0
LINE
  8
0
 10
110.946
 20
52.0545
 11
110.785
 21
51.9054
  0
LINE
  8
0
 10
110.785
 20
51.9054
 11
110.755
 21
51.8559
  0
LINE
  8
0
 10
110.755
 20
51.8559
 11
110.756
 21
51.8684
  0
LINE
  8
0
 10
110.756
 20
51.8684
 11
110.76
 21
52.0744
  0
LINE
  8
0
 10
110.76
 20
52.0744
 11
110.76
 21
52.8939
  0
LINE
  8
0
 10
110.76
 20
52.8939
 11
110.126
 21
52.8939
  0
LINE
  8
0
 10
110.126
 20
52.8939
 11
110.126
 21
49.9761
  0
LINE
  8
0
 10
110.126
 20
49.9761
 11
110.76
 21
49.9761
  0
LINE
  8
0
 10
110.76
 20
49.9761
 11
110.76
 21
51.1224
  0
LINE
  8
0
 10
58.7893
 20
50.7709
 11
58.9534
 21
50.8847
  0
LINE
  8
0
 10
58.9534
 20
50.8847
 11
59.4893
 21
49.9761
  0
LINE
  8
0
 10
59.4893
 20
49.9761
 11
60.1905
 21
49.9761
  0
LINE
  8
0
 10
60.1905
 20
49.9761
 11
59.3864
 21
51.2737
  0
LINE
  8
0
 10
59.3864
 20
51.2737
 11
60.158
 21
52.1306
  0
LINE
  8
0
 10
60.158
 20
52.1306
 11
59.4493
 21
52.1306
  0
LINE
  8
0
 10
59.4493
 20
52.1306
 11
58.7893
 21
51.3645
  0
LINE
  8
0
 10
58.7893
 20
51.3645
 11
58.7893
 21
52.8939
  0
LINE
  8
0
 10
58.7893
 20
52.8939
 11
58.1558
 21
52.8939
  0
LINE
  8
0
 10
58.1558
 20
52.8939
 11
58.1558
 21
49.9761
  0
LINE
  8
0
 10
58.1558
 20
49.9761
 11
58.7893
 21
49.9761
  0
LINE
  8
0
 10
58.7893
 20
49.9761
 11
58.7893
 21
50.7709
  0
LINE
  8
0
 10
41.0149
 20
50.036
 11
41.2013
 21
50.2436
  0
LINE
  8
0
 10
41.2013
 20
50.2436
 11
41.2072
 21
50.165
  0
LINE
  8
0
 10
41.2072
 20
50.165
 11
41.2171
 21
50.0695
  0
LINE
  8
0
 10
41.2171
 20
50.0695
 11
41.2326
 21
49.9761
  0
LINE
  8
0
 10
41.2326
 20
49.9761
 11
41.8439
 21
49.9761
  0
LINE
  8
0
 10
41.8439
 20
49.9761
 11
41.83
 21
50.269
  0
LINE
  8
0
 10
41.83
 20
50.269
 11
41.8263
 21
50.4742
  0
LINE
  8
0
 10
41.8263
 20
50.4742
 11
41.8263
 21
52.8939
  0
LINE
  8
0
 10
41.8263
 20
52.8939
 11
41.1927
 21
52.8939
  0
LINE
  8
0
 10
41.1927
 20
52.8939
 11
41.1927
 21
52.0936
  0
LINE
  8
0
 10
41.1927
 20
52.0936
 11
41.1947
 21
51.9202
  0
LINE
  8
0
 10
41.1947
 20
51.9202
 11
41.1765
 21
51.9479
  0
LINE
  8
0
 10
41.1765
 20
51.9479
 11
41.0242
 21
52.0711
  0
LINE
  8
0
 10
41.0242
 20
52.0711
 11
40.8374
 21
52.1447
  0
LINE
  8
0
 10
40.8374
 20
52.1447
 11
40.6195
 21
52.1691
  0
LINE
  8
0
 10
40.6195
 20
52.1691
 11
40.2645
 21
52.0954
  0
LINE
  8
0
 10
40.2645
 20
52.0954
 11
39.9972
 21
51.8714
  0
LINE
  8
0
 10
39.9972
 20
51.8714
 11
39.8347
 21
51.5177
  0
LINE
  8
0
 10
39.8347
 20
51.5177
 11
39.7816
 21
51.0516
  0
LINE
  8
0
 10
39.7816
 20
51.0516
 11
39.832
 21
50.591
  0
LINE
  8
0
 10
39.832
 20
50.591
 11
39.9861
 21
50.2381
  0
LINE
  8
0
 10
39.9861
 20
50.2381
 11
40.2404
 21
50.0121
  0
LINE
  8
0
 10
40.2404
 20
50.0121
 11
40.5822
 21
49.9369
  0
LINE
  8
0
 10
40.5822
 20
49.9369
 11
41.0149
 21
50.036
  0
LINE
  8
0
 10
40.5377
 20
50.5599
 11
40.4387
 21
51.0543
  0
LINE
  8
0
 10
40.4387
 20
51.0543
 11
40.4637
 21
51.3519
  0
LINE
  8
0
 10
40.4637
 20
51.3519
 11
40.536
 21
51.5546
  0
LINE
  8
0
 10
40.536
 20
51.5546
 11
40.6498
 21
51.6669
  0
LINE
  8
0
 10
40.6498
 20
51.6669
 11
40.8116
 21
51.7045
  0
LINE
  8
0
 10
40.8116
 20
51.7045
 11
40.9768
 21
51.6656
  0
LINE
  8
0
 10
40.9768
 20
51.6656
 11
41.0965
 21
51.5484
  0
LINE
  8
0
 10
41.0965
 20
51.5484
 11
41.1734
 21
51.3473
  0
LINE
  8
0
 10
41.1734
 20
51.3473
 11
41.2001
 21
51.0648
  0
LINE
  8
0
 10
41.2001
 20
51.0648
 11
41.1722
 21
50.7738
  0
LINE
  8
0
 10
41.1722
 20
50.7738
 11
41.0917
 21
50.5658
  0
LINE
  8
0
 10
41.0917
 20
50.5658
 11
40.9695
 21
50.4442
  0
LINE
  8
0
 10
40.9695
 20
50.4442
 11
40.815
 21
50.406
  0
LINE
  8
0
 10
40.815
 20
50.406
 11
40.5377
 21
50.5599
  0
LINE
  8
0
 10
95.363
 20
51.1224
 11
95.3913
 21
51.3481
  0
LINE
  8
0
 10
95.3913
 20
51.3481
 11
95.4727
 21
51.5215
  0
LINE
  8
0
 10
95.4727
 20
51.5215
 11
95.5931
 21
51.6307
  0
LINE
  8
0
 10
95.5931
 20
51.6307
 11
95.7381
 21
51.6651
  0
LINE
  8
0
 10
95.7381
 20
51.6651
 11
95.9754
 21
51.5483
  0
LINE
  8
0
 10
95.9754
 20
51.5483
 11
96.0605
 21
51.1712
  0
LINE
  8
0
 10
96.0605
 20
51.1712
 11
96.0605
 21
49.9761
  0
LINE
  8
0
 10
96.0605
 20
49.9761
 11
96.6921
 21
49.9761
  0
LINE
  8
0
 10
96.6921
 20
49.9761
 11
96.6921
 21
51.3318
  0
LINE
  8
0
 10
96.6921
 20
51.3318
 11
96.6469
 21
51.6848
  0
LINE
  8
0
 10
96.6469
 20
51.6848
 11
96.5061
 21
51.9512
  0
LINE
  8
0
 10
96.5061
 20
51.9512
 11
96.2745
 21
52.1155
  0
LINE
  8
0
 10
96.2745
 20
52.1155
 11
95.9674
 21
52.1691
  0
LINE
  8
0
 10
95.9674
 20
52.1691
 11
95.7423
 21
52.1406
  0
LINE
  8
0
 10
95.7423
 20
52.1406
 11
95.549
 21
52.0545
  0
LINE
  8
0
 10
95.549
 20
52.0545
 11
95.3882
 21
51.9054
  0
LINE
  8
0
 10
95.3882
 20
51.9054
 11
95.3585
 21
51.8559
  0
LINE
  8
0
 10
95.3585
 20
51.8559
 11
95.3592
 21
51.8684
  0
LINE
  8
0
 10
95.3592
 20
51.8684
 11
95.363
 21
52.0744
  0
LINE
  8
0
 10
95.363
 20
52.0744
 11
95.363
 21
52.8939
  0
LINE
  8
0
 10
95.363
 20
52.8939
 11
94.7294
 21
52.8939
  0
LINE
  8
0
 10
94.7294
 20
52.8939
 11
94.7294
 21
49.9761
  0
LINE
  8
0
 10
94.7294
 20
49.9761
 11
95.363
 21
49.9761
  0
LINE
  8
0
 10
95.363
 20
49.9761
 11
95.363
 21
51.1224
  0
LINE
  8
0
 10
70.4757
 20
49.6799
 11
70.3021
 21
50.1029
  0
LINE
  8
0
 10
70.3021
 20
50.1029
 11
70.2028
 21
50.5444
  0
LINE
  8
0
 10
70.2028
 20
50.5444
 11
70.1696
 21
51.0325
  0
LINE
  8
0
 10
70.1696
 20
51.0325
 11
70.203
 21
51.5226
  0
LINE
  8
0
 10
70.203
 20
51.5226
 11
70.303
 21
51.9667
  0
LINE
  8
0
 10
70.303
 20
51.9667
 11
70.4769
 21
52.3895
  0
LINE
  8
0
 10
70.4769
 20
52.3895
 11
70.7793
 21
52.8939
  0
LINE
  8
0
 10
70.7793
 20
52.8939
 11
70.1291
 21
52.8939
  0
LINE
  8
0
 10
70.1291
 20
52.8939
 11
69.8558
 21
52.4394
  0
LINE
  8
0
 10
69.8558
 20
52.4394
 11
69.6785
 21
52.0053
  0
LINE
  8
0
 10
69.6785
 20
52.0053
 11
69.5771
 21
51.5453
  0
LINE
  8
0
 10
69.5771
 20
51.5453
 11
69.5434
 21
51.0343
  0
LINE
  8
0
 10
69.5434
 20
51.0343
 11
69.5771
 21
50.5218
  0
LINE
  8
0
 10
69.5771
 20
50.5218
 11
69.6785
 21
50.0606
  0
LINE
  8
0
 10
69.6785
 20
50.0606
 11
69.8558
 21
49.6254
  0
LINE
  8
0
 10
69.8558
 20
49.6254
 11
70.1291
 21
49.1692
  0
LINE
  8
0
 10
70.1291
 20
49.1692
 11
70.7788
 21
49.1692
  0
LINE
  8
0
 10
70.7788
 20
49.1692
 11
70.4757
 21
49.6799
  0
LINE
  8
0
 10
81.8614
 20
51.1224
 11
81.8896
 21
51.3481
  0
LINE
  8
0
 10
81.8896
 20
51.3481
 11
81.971
 21
51.5215
  0
LINE
  8
0
 10
81.971
 20
51.5215
 11
82.0915
 21
51.6307
  0
LINE
  8
0
 10
82.0915
 20
51.6307
 11
82.2364
 21
51.6651
  0
LINE
  8
0
 10
82.2364
 20
51.6651
 11
82.4737
 21
51.5483
  0
LINE
  8
0
 10
82.4737
 20
51.5483
 11
82.5588
 21
51.1712
  0
LINE
  8
0
 10
82.5588
 20
51.1712
 11
82.5588
 21
49.9761
  0
LINE
  8
0
 10
82.5588
 20
49.9761
 11
83.1905
 21
49.9761
  0
LINE
  8
0
 10
83.1905
 20
49.9761
 11
83.1905
 21
51.3318
  0
LINE
  8
0
 10
83.1905
 20
51.3318
 11
83.1452
 21
51.6848
  0
LINE
  8
0
 10
83.1452
 20
51.6848
 11
83.0044
 21
51.9512
  0
LINE
  8
0
 10
83.0044
 20
51.9512
 11
82.7728
 21
52.1155
  0
LINE
  8
0
 10
82.7728
 20
52.1155
 11
82.4657
 21
52.1691
  0
LINE
  8
0
 10
82.4657
 20
52.1691
 11
82.2406
 21
52.1406
  0
LINE
  8
0
 10
82.2406
 20
52.1406
 11
82.0473
 21
52.0545
  0
LINE
  8
0
 10
82.0473
 20
52.0545
 11
81.8865
 21
51.9054
  0
LINE
  8
0
 10
81.8865
 20
51.9054
 11
81.8568
 21
51.8559
  0
LINE
  8
0
 10
81.8568
 20
51.8559
 11
81.8575
 21
51.8684
  0
LINE
  8
0
 10
81.8575
 20
51.8684
 11
81.8614
 21
52.0744
  0
LINE
  8
0
 10
81.8614
 20
52.0744
 11
81.8614
 21
52.8939
  0
LINE
  8
0
 10
81.8614
 20
52.8939
 11
81.2278
 21
52.8939
  0
LINE
  8
0
 10
81.2278
 20
52.8939
 11
81.2278
 21
49.9761
  0
LINE
  8
0
 10
81.2278
 20
49.9761
 11
81.8614
 21
49.9761
  0
LINE
  8
0
 10
81.8614
 20
49.9761
 11
81.8614
 21
51.1224
  0
LINE
  8
0
 10
86.501
 20
52.8939
 11
85.8674
 21
52.8939
  0
LINE
  8
0
 10
85.8674
 20
52.8939
 11
85.8674
 21
49.9761
  0
LINE
  8
0
 10
85.8674
 20
49.9761
 11
86.501
 21
49.9761
  0
LINE
  8
0
 10
86.501
 20
49.9761
 11
86.501
 21
52.8939
  0
LINE
  8
0
 10
87.5561
 20
52.8939
 11
86.9225
 21
52.8939
  0
LINE
  8
0
 10
86.9225
 20
52.8939
 11
86.9225
 21
52.4008
  0
LINE
  8
0
 10
86.9225
 20
52.4008
 11
87.5561
 21
52.4008
  0
LINE
  8
0
 10
87.5561
 20
52.4008
 11
87.5561
 21
52.8939
  0
LINE
  8
0
 10
39.72
 20
52.8939
 11
39.1665
 21
52.8939
  0
LINE
  8
0
 10
39.1665
 20
52.8939
 11
38.5948
 21
49.8983
  0
LINE
  8
0
 10
38.5948
 20
49.8983
 11
39.1582
 21
49.8983
  0
LINE
  8
0
 10
39.1582
 20
49.8983
 11
39.72
 21
52.8939
  0
LINE
  8
0
 10
36.3753
 20
50.036
 11
36.5617
 21
50.2436
  0
LINE
  8
0
 10
36.5617
 20
50.2436
 11
36.5675
 21
50.165
  0
LINE
  8
0
 10
36.5675
 20
50.165
 11
36.5775
 21
50.0695
  0
LINE
  8
0
 10
36.5775
 20
50.0695
 11
36.593
 21
49.9761
  0
LINE
  8
0
 10
36.593
 20
49.9761
 11
37.2043
 21
49.9761
  0
LINE
  8
0
 10
37.2043
 20
49.9761
 11
37.1904
 21
50.269
  0
LINE
  8
0
 10
37.1904
 20
50.269
 11
37.1866
 21
50.4742
  0
LINE
  8
0
 10
37.1866
 20
50.4742
 11
37.1866
 21
52.8939
  0
LINE
  8
0
 10
37.1866
 20
52.8939
 11
36.5531
 21
52.8939
  0
LINE
  8
0
 10
36.5531
 20
52.8939
 11
36.5531
 21
52.0936
  0
LINE
  8
0
 10
36.5531
 20
52.0936
 11
36.555
 21
51.9202
  0
LINE
  8
0
 10
36.555
 20
51.9202
 11
36.5369
 21
51.9479
  0
LINE
  8
0
 10
36.5369
 20
51.9479
 11
36.3846
 21
52.0711
  0
LINE
  8
0
 10
36.3846
 20
52.0711
 11
36.1978
 21
52.1447
  0
LINE
  8
0
 10
36.1978
 20
52.1447
 11
35.9798
 21
52.1691
  0
LINE
  8
0
 10
35.9798
 20
52.1691
 11
35.6248
 21
52.0954
  0
LINE
  8
0
 10
35.6248
 20
52.0954
 11
35.3576
 21
51.8714
  0
LINE
  8
0
 10
35.3576
 20
51.8714
 11
35.1951
 21
51.5177
  0
LINE
  8
0
 10
35.1951
 20
51.5177
 11
35.142
 21
51.0516
  0
LINE
  8
0
 10
35.142
 20
51.0516
 11
35.1923
 21
50.591
  0
LINE
  8
0
 10
35.1923
 20
50.591
 11
35.3465
 21
50.2381
  0
LINE
  8
0
 10
35.3465
 20
50.2381
 11
35.6008
 21
50.0121
  0
LINE
  8
0
 10
35.6008
 20
50.0121
 11
35.9425
 21
49.9369
  0
LINE
  8
0
 10
35.9425
 20
49.9369
 11
36.3753
 21
50.036
  0
LINE
  8
0
 10
35.898
 20
50.5599
 11
35.7991
 21
51.0543
  0
LINE
  8
0
 10
35.7991
 20
51.0543
 11
35.824
 21
51.3519
  0
LINE
  8
0
 10
35.824
 20
51.3519
 11
35.8963
 21
51.5546
  0
LINE
  8
0
 10
35.8963
 20
51.5546
 11
36.0101
 21
51.6669
  0
LINE
  8
0
 10
36.0101
 20
51.6669
 11
36.172
 21
51.7045
  0
LINE
  8
0
 10
36.172
 20
51.7045
 11
36.3371
 21
51.6656
  0
LINE
  8
0
 10
36.3371
 20
51.6656
 11
36.4568
 21
51.5484
  0
LINE
  8
0
 10
36.4568
 20
51.5484
 11
36.5338
 21
51.3473
  0
LINE
  8
0
 10
36.5338
 20
51.3473
 11
36.5605
 21
51.0648
  0
LINE
  8
0
 10
36.5605
 20
51.0648
 11
36.5326
 21
50.7738
  0
LINE
  8
0
 10
36.5326
 20
50.7738
 11
36.452
 21
50.5658
  0
LINE
  8
0
 10
36.452
 20
50.5658
 11
36.3298
 21
50.4442
  0
LINE
  8
0
 10
36.3298
 20
50.4442
 11
36.1753
 21
50.406
  0
LINE
  8
0
 10
36.1753
 20
50.406
 11
35.898
 21
50.5599
  0
LINE
  8
0
 10
54.121
 20
50.0301
 11
54.4542
 21
50.3105
  0
LINE
  8
0
 10
54.4542
 20
50.3105
 11
54.6572
 21
50.7712
  0
LINE
  8
0
 10
54.6572
 20
50.7712
 11
54.7235
 21
51.4064
  0
LINE
  8
0
 10
54.7235
 20
51.4064
 11
54.6636
 21
52.0036
  0
LINE
  8
0
 10
54.6636
 20
52.0036
 11
54.4802
 21
52.4386
  0
LINE
  8
0
 10
54.4802
 20
52.4386
 11
54.1652
 21
52.7045
  0
LINE
  8
0
 10
54.1652
 20
52.7045
 11
53.7251
 21
52.7921
  0
LINE
  8
0
 10
53.7251
 20
52.7921
 11
53.3109
 21
52.7299
  0
LINE
  8
0
 10
53.3109
 20
52.7299
 11
52.998
 21
52.5408
  0
LINE
  8
0
 10
52.998
 20
52.5408
 11
52.803
 21
52.2389
  0
LINE
  8
0
 10
52.803
 20
52.2389
 11
52.7391
 21
51.8456
  0
LINE
  8
0
 10
52.7391
 20
51.8456
 11
52.7935
 21
51.4614
  0
LINE
  8
0
 10
52.7935
 20
51.4614
 11
52.9591
 21
51.161
  0
LINE
  8
0
 10
52.9591
 20
51.161
 11
53.2213
 21
50.9677
  0
LINE
  8
0
 10
53.2213
 20
50.9677
 11
53.5567
 21
50.9041
  0
LINE
  8
0
 10
53.5567
 20
50.9041
 11
53.7534
 21
50.9257
  0
LINE
  8
0
 10
53.7534
 20
50.9257
 11
53.9356
 21
50.9903
  0
LINE
  8
0
 10
53.9356
 20
50.9903
 11
54.0841
 21
51.0914
  0
LINE
  8
0
 10
54.0841
 20
51.0914
 11
54.0669
 21
50.8991
  0
LINE
  8
0
 10
54.0669
 20
50.8991
 11
53.9809
 21
50.6483
  0
LINE
  8
0
 10
53.9809
 20
50.6483
 11
53.8512
 21
50.5059
  0
LINE
  8
0
 10
53.8512
 20
50.5059
 11
53.6814
 21
50.4599
  0
LINE
  8
0
 10
53.6814
 20
50.4599
 11
53.4944
 21
50.5194
  0
LINE
  8
0
 10
53.4944
 20
50.5194
 11
53.3647
 21
50.7411
  0
LINE
  8
0
 10
53.3647
 20
50.7411
 11
52.7671
 21
50.6573
  0
LINE
  8
0
 10
52.7671
 20
50.6573
 11
52.9066
 21
50.3074
  0
LINE
  8
0
 10
52.9066
 20
50.3074
 11
53.0903
 21
50.0984
  0
LINE
  8
0
 10
53.0903
 20
50.0984
 11
53.3455
 21
49.9772
  0
LINE
  8
0
 10
53.3455
 20
49.9772
 11
53.6767
 21
49.9375
  0
LINE
  8
0
 10
53.6767
 20
49.9375
 11
54.121
 21
50.0301
  0
LINE
  8
0
 10
53.5745
 20
51.4313
 11
53.4718
 21
51.5168
  0
LINE
  8
0
 10
53.4718
 20
51.5168
 11
53.4046
 21
51.6556
  0
LINE
  8
0
 10
53.4046
 20
51.6556
 11
53.3812
 21
51.8413
  0
LINE
  8
0
 10
53.3812
 20
51.8413
 11
53.4048
 21
52.0281
  0
LINE
  8
0
 10
53.4048
 20
52.0281
 11
53.4722
 21
52.1633
  0
LINE
  8
0
 10
53.4722
 20
52.1633
 11
53.5745
 21
52.2449
  0
LINE
  8
0
 10
53.5745
 20
52.2449
 11
53.71
 21
52.2725
  0
LINE
  8
0
 10
53.71
 20
52.2725
 11
53.8499
 21
52.2408
  0
LINE
  8
0
 10
53.8499
 20
52.2408
 11
53.9595
 21
52.1456
  0
LINE
  8
0
 10
53.9595
 20
52.1456
 11
54.0334
 21
51.9898
  0
LINE
  8
0
 10
54.0334
 20
51.9898
 11
54.0588
 21
51.7815
  0
LINE
  8
0
 10
54.0588
 20
51.7815
 11
54.0333
 21
51.6225
  0
LINE
  8
0
 10
54.0333
 20
51.6225
 11
53.9594
 21
51.5035
  0
LINE
  8
0
 10
53.9594
 20
51.5035
 11
53.8493
 21
51.4278
  0
LINE
  8
0
 10
53.8493
 20
51.4278
 11
53.7131
 21
51.4024
  0
LINE
  8
0
 10
53.7131
 20
51.4024
 11
53.5745
 21
51.4313
  0
LINE
  8
0
 10
56.2583
 20
49.9852
 11
56.5755
 21
50.1483
  0
LINE
  8
0
 10
56.5755
 20
50.1483
 11
56.7745
 21
50.4147
  0
LINE
  8
0
 10
56.7745
 20
50.4147
 11
56.84
 21
50.7683
  0
LINE
  8
0
 10
56.84
 20
50.7683
 11
56.7951
 21
51.0226
  0
LINE
  8
0
 10
56.7951
 20
51.0226
 11
56.6591
 21
51.2289
  0
LINE
  8
0
 10
56.6591
 20
51.2289
 11
56.442
 21
51.3729
  0
LINE
  8
0
 10
56.442
 20
51.3729
 11
56.3159
 21
51.4047
  0
LINE
  8
0
 10
56.3159
 20
51.4047
 11
56.4174
 21
51.438
  0
LINE
  8
0
 10
56.4174
 20
51.438
 11
56.6114
 21
51.5831
  0
LINE
  8
0
 10
56.6114
 20
51.5831
 11
56.7318
 21
51.7835
  0
LINE
  8
0
 10
56.7318
 20
51.7835
 11
56.7716
 21
52.0302
  0
LINE
  8
0
 10
56.7716
 20
52.0302
 11
56.7084
 21
52.3487
  0
LINE
  8
0
 10
56.7084
 20
52.3487
 11
56.5168
 21
52.5921
  0
LINE
  8
0
 10
56.5168
 20
52.5921
 11
56.217
 21
52.7426
  0
LINE
  8
0
 10
56.217
 20
52.7426
 11
55.8281
 21
52.7918
  0
LINE
  8
0
 10
55.8281
 20
52.7918
 11
55.4556
 21
52.7408
  0
LINE
  8
0
 10
55.4556
 20
52.7408
 11
55.1565
 21
52.5855
  0
LINE
  8
0
 10
55.1565
 20
52.5855
 11
54.9494
 21
52.3369
  0
LINE
  8
0
 10
54.9494
 20
52.3369
 11
54.836
 21
51.9592
  0
LINE
  8
0
 10
54.836
 20
51.9592
 11
55.4738
 21
51.9138
  0
LINE
  8
0
 10
55.4738
 20
51.9138
 11
55.5183
 21
52.0933
  0
LINE
  8
0
 10
55.5183
 20
52.0933
 11
55.5864
 21
52.187
  0
LINE
  8
0
 10
55.5864
 20
52.187
 11
55.6865
 21
52.2452
  0
LINE
  8
0
 10
55.6865
 20
52.2452
 11
55.8189
 21
52.2654
  0
LINE
  8
0
 10
55.8189
 20
52.2654
 11
55.9567
 21
52.2446
  0
LINE
  8
0
 10
55.9567
 20
52.2446
 11
56.0512
 21
52.1858
  0
LINE
  8
0
 10
56.0512
 20
52.1858
 11
56.1088
 21
52.0925
  0
LINE
  8
0
 10
56.1088
 20
52.0925
 11
56.129
 21
51.9636
  0
LINE
  8
0
 10
56.129
 20
51.9636
 11
56.1038
 21
51.8292
  0
LINE
  8
0
 10
56.1038
 20
51.8292
 11
56.0312
 21
51.7339
  0
LINE
  8
0
 10
56.0312
 20
51.7339
 11
55.9053
 21
51.6724
  0
LINE
  8
0
 10
55.9053
 20
51.6724
 11
55.7153
 21
51.6502
  0
LINE
  8
0
 10
55.7153
 20
51.6502
 11
55.4936
 21
51.6502
  0
LINE
  8
0
 10
55.4936
 20
51.6502
 11
55.4936
 21
51.1192
  0
LINE
  8
0
 10
55.4936
 20
51.1192
 11
55.7271
 21
51.1192
  0
LINE
  8
0
 10
55.7271
 20
51.1192
 11
55.9397
 21
51.0965
  0
LINE
  8
0
 10
55.9397
 20
51.0965
 11
56.0823
 21
51.0332
  0
LINE
  8
0
 10
56.0823
 20
51.0332
 11
56.1636
 21
50.936
  0
LINE
  8
0
 10
56.1636
 20
50.936
 11
56.1915
 21
50.7997
  0
LINE
  8
0
 10
56.1915
 20
50.7997
 11
56.168
 21
50.649
  0
LINE
  8
0
 10
56.168
 20
50.649
 11
56.101
 21
50.5481
  0
LINE
  8
0
 10
56.101
 20
50.5481
 11
55.9921
 21
50.4873
  0
LINE
  8
0
 10
55.9921
 20
50.4873
 11
55.8422
 21
50.4665
  0
LINE
  8
0
 10
55.8422
 20
50.4665
 11
55.5706
 21
50.5528
  0
LINE
  8
0
 10
55.5706
 20
50.5528
 11
55.4298
 21
50.8537
  0
LINE
  8
0
 10
55.4298
 20
50.8537
 11
54.7912
 21
50.7978
  0
LINE
  8
0
 10
54.7912
 20
50.7978
 11
54.9075
 21
50.3992
  0
LINE
  8
0
 10
54.9075
 20
50.3992
 11
55.1227
 21
50.1408
  0
LINE
  8
0
 10
55.1227
 20
50.1408
 11
55.4382
 21
49.9835
  0
LINE
  8
0
 10
55.4382
 20
49.9835
 11
55.8398
 21
49.9321
  0
LINE
  8
0
 10
55.8398
 20
49.9321
 11
56.2583
 21
49.9852
  0
LINE
  8
0
 10
48.8668
 20
49.9852
 11
49.184
 21
50.1483
  0
LINE
  8
0
 10
49.184
 20
50.1483
 11
49.383
 21
50.4147
  0
LINE
  8
0
 10
49.383
 20
50.4147
 11
49.4485
 21
50.7683
  0
LINE
  8
0
 10
49.4485
 20
50.7683
 11
49.4036
 21
51.0226
  0
LINE
  8
0
 10
49.4036
 20
51.0226
 11
49.2677
 21
51.2289
  0
LINE
  8
0
 10
49.2677
 20
51.2289
 11
49.0506
 21
51.3729
  0
LINE
  8
0
 10
49.0506
 20
51.3729
 11
48.9244
 21
51.4047
  0
LINE
  8
0
 10
48.9244
 20
51.4047
 11
49.0259
 21
51.438
  0
LINE
  8
0
 10
49.0259
 20
51.438
 11
49.22
 21
51.5831
  0
LINE
  8
0
 10
49.22
 20
51.5831
 11
49.3404
 21
51.7835
  0
LINE
  8
0
 10
49.3404
 20
51.7835
 11
49.3801
 21
52.0302
  0
LINE
  8
0
 10
49.3801
 20
52.0302
 11
49.3169
 21
52.3487
  0
LINE
  8
0
 10
49.3169
 20
52.3487
 11
49.1253
 21
52.5921
  0
LINE
  8
0
 10
49.1253
 20
52.5921
 11
48.8255
 21
52.7426
  0
LINE
  8
0
 10
48.8255
 20
52.7426
 11
48.4367
 21
52.7918
  0
LINE
  8
0
 10
48.4367
 20
52.7918
 11
48.0641
 21
52.7408
  0
LINE
  8
0
 10
48.0641
 20
52.7408
 11
47.765
 21
52.5855
  0
LINE
  8
0
 10
47.765
 20
52.5855
 11
47.558
 21
52.3369
  0
LINE
  8
0
 10
47.558
 20
52.3369
 11
47.4445
 21
51.9592
  0
LINE
  8
0
 10
47.4445
 20
51.9592
 11
48.0823
 21
51.9138
  0
LINE
  8
0
 10
48.0823
 20
51.9138
 11
48.1269
 21
52.0933
  0
LINE
  8
0
 10
48.1269
 20
52.0933
 11
48.1949
 21
52.187
  0
LINE
  8
0
 10
48.1949
 20
52.187
 11
48.2951
 21
52.2452
  0
LINE
  8
0
 10
48.2951
 20
52.2452
 11
48.4274
 21
52.2654
  0
LINE
  8
0
 10
48.4274
 20
52.2654
 11
48.5652
 21
52.2446
  0
LINE
  8
0
 10
48.5652
 20
52.2446
 11
48.6597
 21
52.1858
  0
LINE
  8
0
 10
48.6597
 20
52.1858
 11
48.7173
 21
52.0925
  0
LINE
  8
0
 10
48.7173
 20
52.0925
 11
48.7375
 21
51.9636
  0
LINE
  8
0
 10
48.7375
 20
51.9636
 11
48.7123
 21
51.8292
  0
LINE
  8
0
 10
48.7123
 20
51.8292
 11
48.6398
 21
51.7339
  0
LINE
  8
0
 10
48.6398
 20
51.7339
 11
48.5138
 21
51.6724
  0
LINE
  8
0
 10
48.5138
 20
51.6724
 11
48.3239
 21
51.6502
  0
LINE
  8
0
 10
48.3239
 20
51.6502
 11
48.1021
 21
51.6502
  0
LINE
  8
0
 10
48.1021
 20
51.6502
 11
48.1021
 21
51.1192
  0
LINE
  8
0
 10
48.1021
 20
51.1192
 11
48.3356
 21
51.1192
  0
LINE
  8
0
 10
48.3356
 20
51.1192
 11
48.5482
 21
51.0965
  0
LINE
  8
0
 10
48.5482
 20
51.0965
 11
48.6908
 21
51.0332
  0
LINE
  8
0
 10
48.6908
 20
51.0332
 11
48.7721
 21
50.936
  0
LINE
  8
0
 10
48.7721
 20
50.936
 11
48.8
 21
50.7997
  0
LINE
  8
0
 10
48.8
 20
50.7997
 11
48.7765
 21
50.649
  0
LINE
  8
0
 10
48.7765
 20
50.649
 11
48.7095
 21
50.5481
  0
LINE
  8
0
 10
48.7095
 20
50.5481
 11
48.6006
 21
50.4873
  0
LINE
  8
0
 10
48.6006
 20
50.4873
 11
48.4508
 21
50.4665
  0
LINE
  8
0
 10
48.4508
 20
50.4665
 11
48.1791
 21
50.5528
  0
LINE
  8
0
 10
48.1791
 20
50.5528
 11
48.0383
 21
50.8537
  0
LINE
  8
0
 10
48.0383
 20
50.8537
 11
47.3997
 21
50.7978
  0
LINE
  8
0
 10
47.3997
 20
50.7978
 11
47.5161
 21
50.3992
  0
LINE
  8
0
 10
47.5161
 20
50.3992
 11
47.7312
 21
50.1408
  0
LINE
  8
0
 10
47.7312
 20
50.1408
 11
48.0467
 21
49.9835
  0
LINE
  8
0
 10
48.0467
 20
49.9835
 11
48.4483
 21
49.9321
  0
LINE
  8
0
 10
48.4483
 20
49.9321
 11
48.8668
 21
49.9852
  0
LINE
  8
0
 10
50.9789
 20
49.9852
 11
51.2961
 21
50.1483
  0
LINE
  8
0
 10
51.2961
 20
50.1483
 11
51.4951
 21
50.4147
  0
LINE
  8
0
 10
51.4951
 20
50.4147
 11
51.5606
 21
50.7683
  0
LINE
  8
0
 10
51.5606
 20
50.7683
 11
51.5157
 21
51.0226
  0
LINE
  8
0
 10
51.5157
 20
51.0226
 11
51.3798
 21
51.2289
  0
LINE
  8
0
 10
51.3798
 20
51.2289
 11
51.1627
 21
51.3729
  0
LINE
  8
0
 10
51.1627
 20
51.3729
 11
51.0365
 21
51.4047
  0
LINE
  8
0
 10
51.0365
 20
51.4047
 11
51.138
 21
51.438
  0
LINE
  8
0
 10
51.138
 20
51.438
 11
51.3321
 21
51.5831
  0
LINE
  8
0
 10
51.3321
 20
51.5831
 11
51.4525
 21
51.7835
  0
LINE
  8
0
 10
51.4525
 20
51.7835
 11
51.4922
 21
52.0302
  0
LINE
  8
0
 10
51.4922
 20
52.0302
 11
51.429
 21
52.3487
  0
LINE
  8
0
 10
51.429
 20
52.3487
 11
51.2374
 21
52.5921
  0
LINE
  8
0
 10
51.2374
 20
52.5921
 11
50.9376
 21
52.7426
  0
LINE
  8
0
 10
50.9376
 20
52.7426
 11
50.5488
 21
52.7918
  0
LINE
  8
0
 10
50.5488
 20
52.7918
 11
50.1762
 21
52.7408
  0
LINE
  8
0
 10
50.1762
 20
52.7408
 11
49.8772
 21
52.5855
  0
LINE
  8
0
 10
49.8772
 20
52.5855
 11
49.6701
 21
52.3369
  0
LINE
  8
0
 10
49.6701
 20
52.3369
 11
49.5566
 21
51.9592
  0
LINE
  8
0
 10
49.5566
 20
51.9592
 11
50.1944
 21
51.9138
  0
LINE
  8
0
 10
50.1944
 20
51.9138
 11
50.239
 21
52.0933
  0
LINE
  8
0
 10
50.239
 20
52.0933
 11
50.307
 21
52.187
  0
LINE
  8
0
 10
50.307
 20
52.187
 11
50.4072
 21
52.2452
  0
LINE
  8
0
 10
50.4072
 20
52.2452
 11
50.5396
 21
52.2654
  0
LINE
  8
0
 10
50.5396
 20
52.2654
 11
50.6773
 21
52.2446
  0
LINE
  8
0
 10
50.6773
 20
52.2446
 11
50.7719
 21
52.1858
  0
LINE
  8
0
 10
50.7719
 20
52.1858
 11
50.8294
 21
52.0925
  0
LINE
  8
0
 10
50.8294
 20
52.0925
 11
50.8496
 21
51.9636
  0
LINE
  8
0
 10
50.8496
 20
51.9636
 11
50.8244
 21
51.8292
  0
LINE
  8
0
 10
50.8244
 20
51.8292
 11
50.7519
 21
51.7339
  0
LINE
  8
0
 10
50.7519
 20
51.7339
 11
50.6259
 21
51.6724
  0
LINE
  8
0
 10
50.6259
 20
51.6724
 11
50.436
 21
51.6502
  0
LINE
  8
0
 10
50.436
 20
51.6502
 11
50.2142
 21
51.6502
  0
LINE
  8
0
 10
50.2142
 20
51.6502
 11
50.2142
 21
51.1192
  0
LINE
  8
0
 10
50.2142
 20
51.1192
 11
50.4477
 21
51.1192
  0
LINE
  8
0
 10
50.4477
 20
51.1192
 11
50.6603
 21
51.0965
  0
LINE
  8
0
 10
50.6603
 20
51.0965
 11
50.8029
 21
51.0332
  0
LINE
  8
0
 10
50.8029
 20
51.0332
 11
50.8842
 21
50.936
  0
LINE
  8
0
 10
50.8842
 20
50.936
 11
50.9122
 21
50.7997
  0
LINE
  8
0
 10
50.9122
 20
50.7997
 11
50.8887
 21
50.649
  0
LINE
  8
0
 10
50.8887
 20
50.649
 11
50.8217
 21
50.5481
  0
LINE
  8
0
 10
50.8217
 20
50.5481
 11
50.7127
 21
50.4873
  0
LINE
  8
0
 10
50.7127
 20
50.4873
 11
50.5629
 21
50.4665
  0
LINE
  8
0
 10
50.5629
 20
50.4665
 11
50.2912
 21
50.5528
  0
LINE
  8
0
 10
50.2912
 20
50.5528
 11
50.1504
 21
50.8537
  0
LINE
  8
0
 10
50.1504
 20
50.8537
 11
49.5118
 21
50.7978
  0
LINE
  8
0
 10
49.5118
 20
50.7978
 11
49.6281
 21
50.3992
  0
LINE
  8
0
 10
49.6281
 20
50.3992
 11
49.8433
 21
50.1408
  0
LINE
  8
0
 10
49.8433
 20
50.1408
 11
50.1588
 21
49.9835
  0
LINE
  8
0
 10
50.1588
 20
49.9835
 11
50.5604
 21
49.9321
  0
LINE
  8
0
 10
50.5604
 20
49.9321
 11
50.9789
 21
49.9852
  0
LINE
  8
0
 10
66.6729
 20
50.6597
 11
67.6214
 21
50.6597
  0
LINE
  8
0
 10
67.6214
 20
50.6597
 11
67.8587
 21
49.9761
  0
LINE
  8
0
 10
67.8587
 20
49.9761
 11
68.5201
 21
49.9761
  0
LINE
  8
0
 10
68.5201
 20
49.9761
 11
67.5116
 21
52.7515
  0
LINE
  8
0
 10
67.5116
 20
52.7515
 11
66.7808
 21
52.7515
  0
LINE
  8
0
 10
66.7808
 20
52.7515
 11
65.7684
 21
49.9761
  0
LINE
  8
0
 10
65.7684
 20
49.9761
 11
66.4355
 21
49.9761
  0
LINE
  8
0
 10
66.4355
 20
49.9761
 11
66.6729
 21
50.6597
  0
LINE
  8
0
 10
66.8326
 20
51.1812
 11
67.0416
 21
51.7921
  0
LINE
  8
0
 10
67.0416
 20
51.7921
 11
67.1369
 21
52.0769
  0
LINE
  8
0
 10
67.1369
 20
52.0769
 11
67.1478
 21
52.1135
  0
LINE
  8
0
 10
67.1478
 20
52.1135
 11
67.2202
 21
51.8845
  0
LINE
  8
0
 10
67.2202
 20
51.8845
 11
67.4616
 21
51.1812
  0
LINE
  8
0
 10
67.4616
 20
51.1812
 11
66.8326
 21
51.1812
  0
LINE
  8
0
 10
60.9166
 20
51.123
 11
61.9825
 21
51.123
  0
LINE
  8
0
 10
61.9825
 20
51.123
 11
61.9825
 21
49.9761
  0
LINE
  8
0
 10
61.9825
 20
49.9761
 11
62.6426
 21
49.9761
  0
LINE
  8
0
 10
62.6426
 20
49.9761
 11
62.6426
 21
52.7515
  0
LINE
  8
0
 10
62.6426
 20
52.7515
 11
61.9825
 21
52.7515
  0
LINE
  8
0
 10
61.9825
 20
52.7515
 11
61.9825
 21
51.6863
  0
LINE
  8
0
 10
61.9825
 20
51.6863
 11
60.9166
 21
51.6863
  0
LINE
  8
0
 10
60.9166
 20
51.6863
 11
60.9166
 21
52.7515
  0
LINE
  8
0
 10
60.9166
 20
52.7515
 11
60.2565
 21
52.7515
  0
LINE
  8
0
 10
60.2565
 20
52.7515
 11
60.2565
 21
49.9761
  0
LINE
  8
0
 10
60.2565
 20
49.9761
 11
60.9166
 21
49.9761
  0
LINE
  8
0
 10
60.9166
 20
49.9761
 11
60.9166
 21
51.123
  0
LINE
  8
0
 10
42.8625
 20
52.7515
 11
42.2024
 21
52.7515
  0
LINE
  8
0
 10
42.2024
 20
52.7515
 11
42.2024
 21
49.9761
  0
LINE
  8
0
 10
42.2024
 20
49.9761
 11
42.8625
 21
49.9761
  0
LINE
  8
0
 10
42.8625
 20
49.9761
 11
42.8625
 21
52.7515
  0
LINE
  8
0
 10
109.684
 20
49.9585
 11
109.938
 21
50.0167
  0
LINE
  8
0
 10
109.938
 20
50.0167
 11
109.938
 21
50.4475
  0
LINE
  8
0
 10
109.938
 20
50.4475
 11
109.778
 21
50.4165
  0
LINE
  8
0
 10
109.778
 20
50.4165
 11
109.711
 21
50.4107
  0
LINE
  8
0
 10
109.711
 20
50.4107
 11
109.625
 21
50.4254
  0
LINE
  8
0
 10
109.625
 20
50.4254
 11
109.572
 21
50.4643
  0
LINE
  8
0
 10
109.572
 20
50.4643
 11
109.539
 21
50.5362
  0
LINE
  8
0
 10
109.539
 20
50.5362
 11
109.526
 21
50.6553
  0
LINE
  8
0
 10
109.526
 20
50.6553
 11
109.526
 21
51.6698
  0
LINE
  8
0
 10
109.526
 20
51.6698
 11
109.915
 21
51.6698
  0
LINE
  8
0
 10
109.915
 20
51.6698
 11
109.915
 21
52.1306
  0
LINE
  8
0
 10
109.915
 20
52.1306
 11
109.526
 21
52.1306
  0
LINE
  8
0
 10
109.526
 20
52.1306
 11
109.526
 21
52.6129
  0
LINE
  8
0
 10
109.526
 20
52.6129
 11
109.106
 21
52.6129
  0
LINE
  8
0
 10
109.106
 20
52.6129
 11
108.939
 21
52.1306
  0
LINE
  8
0
 10
108.939
 20
52.1306
 11
108.638
 21
52.1306
  0
LINE
  8
0
 10
108.638
 20
52.1306
 11
108.638
 21
51.6698
  0
LINE
  8
0
 10
108.638
 20
51.6698
 11
108.898
 21
51.6698
  0
LINE
  8
0
 10
108.898
 20
51.6698
 11
108.898
 21
50.5049
  0
LINE
  8
0
 10
108.898
 20
50.5049
 11
108.931
 21
50.2644
  0
LINE
  8
0
 10
108.931
 20
50.2644
 11
109.038
 21
50.0841
  0
LINE
  8
0
 10
109.038
 20
50.0841
 11
109.211
 21
49.9761
  0
LINE
  8
0
 10
109.211
 20
49.9761
 11
109.435
 21
49.9417
  0
LINE
  8
0
 10
109.435
 20
49.9417
 11
109.684
 21
49.9585
  0
LINE
  8
0
 10
73.8202
 20
49.9585
 11
74.0741
 21
50.0167
  0
LINE
  8
0
 10
74.0741
 20
50.0167
 11
74.0741
 21
50.4475
  0
LINE
  8
0
 10
74.0741
 20
50.4475
 11
73.9145
 21
50.4165
  0
LINE
  8
0
 10
73.9145
 20
50.4165
 11
73.8477
 21
50.4107
  0
LINE
  8
0
 10
73.8477
 20
50.4107
 11
73.7617
 21
50.4254
  0
LINE
  8
0
 10
73.7617
 20
50.4254
 11
73.7089
 21
50.4643
  0
LINE
  8
0
 10
73.7089
 20
50.4643
 11
73.6751
 21
50.5362
  0
LINE
  8
0
 10
73.6751
 20
50.5362
 11
73.6621
 21
50.6553
  0
LINE
  8
0
 10
73.6621
 20
50.6553
 11
73.6621
 21
51.6698
  0
LINE
  8
0
 10
73.6621
 20
51.6698
 11
74.0513
 21
51.6698
  0
LINE
  8
0
 10
74.0513
 20
51.6698
 11
74.0513
 21
52.1306
  0
LINE
  8
0
 10
74.0513
 20
52.1306
 11
73.6621
 21
52.1306
  0
LINE
  8
0
 10
73.6621
 20
52.1306
 11
73.6621
 21
52.6129
  0
LINE
  8
0
 10
73.6621
 20
52.6129
 11
73.2423
 21
52.6129
  0
LINE
  8
0
 10
73.2423
 20
52.6129
 11
73.0752
 21
52.1306
  0
LINE
  8
0
 10
73.0752
 20
52.1306
 11
72.7741
 21
52.1306
  0
LINE
  8
0
 10
72.7741
 20
52.1306
 11
72.7741
 21
51.6698
  0
LINE
  8
0
 10
72.7741
 20
51.6698
 11
73.0342
 21
51.6698
  0
LINE
  8
0
 10
73.0342
 20
51.6698
 11
73.0342
 21
50.5049
  0
LINE
  8
0
 10
73.0342
 20
50.5049
 11
73.0679
 21
50.2644
  0
LINE
  8
0
 10
73.0679
 20
50.2644
 11
73.1746
 21
50.0841
  0
LINE
  8
0
 10
73.1746
 20
50.0841
 11
73.348
 21
49.9761
  0
LINE
  8
0
 10
73.348
 20
49.9761
 11
73.5719
 21
49.9417
  0
LINE
  8
0
 10
73.5719
 20
49.9417
 11
73.8202
 21
49.9585
  0
LINE
  8
0
 10
94.2868
 20
49.9585
 11
94.5407
 21
50.0167
  0
LINE
  8
0
 10
94.5407
 20
50.0167
 11
94.5407
 21
50.4475
  0
LINE
  8
0
 10
94.5407
 20
50.4475
 11
94.3811
 21
50.4165
  0
LINE
  8
0
 10
94.3811
 20
50.4165
 11
94.3143
 21
50.4107
  0
LINE
  8
0
 10
94.3143
 20
50.4107
 11
94.2284
 21
50.4254
  0
LINE
  8
0
 10
94.2284
 20
50.4254
 11
94.1755
 21
50.4643
  0
LINE
  8
0
 10
94.1755
 20
50.4643
 11
94.1417
 21
50.5362
  0
LINE
  8
0
 10
94.1417
 20
50.5362
 11
94.1287
 21
50.6553
  0
LINE
  8
0
 10
94.1287
 20
50.6553
 11
94.1287
 21
51.6698
  0
LINE
  8
0
 10
94.1287
 20
51.6698
 11
94.5179
 21
51.6698
  0
LINE
  8
0
 10
94.5179
 20
51.6698
 11
94.5179
 21
52.1306
  0
LINE
  8
0
 10
94.5179
 20
52.1306
 11
94.1287
 21
52.1306
  0
LINE
  8
0
 10
94.1287
 20
52.1306
 11
94.1287
 21
52.6129
  0
LINE
  8
0
 10
94.1287
 20
52.6129
 11
93.7089
 21
52.6129
  0
LINE
  8
0
 10
93.7089
 20
52.6129
 11
93.5418
 21
52.1306
  0
LINE
  8
0
 10
93.5418
 20
52.1306
 11
93.2407
 21
52.1306
  0
LINE
  8
0
 10
93.2407
 20
52.1306
 11
93.2407
 21
51.6698
  0
LINE
  8
0
 10
93.2407
 20
51.6698
 11
93.5009
 21
51.6698
  0
LINE
  8
0
 10
93.5009
 20
51.6698
 11
93.5009
 21
50.5049
  0
LINE
  8
0
 10
93.5009
 20
50.5049
 11
93.5345
 21
50.2644
  0
LINE
  8
0
 10
93.5345
 20
50.2644
 11
93.6413
 21
50.0841
  0
LINE
  8
0
 10
93.6413
 20
50.0841
 11
93.8146
 21
49.9761
  0
LINE
  8
0
 10
93.8146
 20
49.9761
 11
94.0386
 21
49.9417
  0
LINE
  8
0
 10
94.0386
 20
49.9417
 11
94.2868
 21
49.9585
  0
LINE
  8
0
 10
84.3696
 20
49.9585
 11
84.6236
 21
50.0167
  0
LINE
  8
0
 10
84.6236
 20
50.0167
 11
84.6236
 21
50.4475
  0
LINE
  8
0
 10
84.6236
 20
50.4475
 11
84.464
 21
50.4165
  0
LINE
  8
0
 10
84.464
 20
50.4165
 11
84.3972
 21
50.4107
  0
LINE
  8
0
 10
84.3972
 20
50.4107
 11
84.3112
 21
50.4254
  0
LINE
  8
0
 10
84.3112
 20
50.4254
 11
84.2584
 21
50.4643
  0
LINE
  8
0
 10
84.2584
 20
50.4643
 11
84.2246
 21
50.5362
  0
LINE
  8
0
 10
84.2246
 20
50.5362
 11
84.2115
 21
50.6553
  0
LINE
  8
0
 10
84.2115
 20
50.6553
 11
84.2115
 21
51.6698
  0
LINE
  8
0
 10
84.2115
 20
51.6698
 11
84.6008
 21
51.6698
  0
LINE
  8
0
 10
84.6008
 20
51.6698
 11
84.6008
 21
52.1306
  0
LINE
  8
0
 10
84.6008
 20
52.1306
 11
84.2115
 21
52.1306
  0
LINE
  8
0
 10
84.2115
 20
52.1306
 11
84.2115
 21
52.6129
  0
LINE
  8
0
 10
84.2115
 20
52.6129
 11
83.7918
 21
52.6129
  0
LINE
  8
0
 10
83.7918
 20
52.6129
 11
83.6247
 21
52.1306
  0
LINE
  8
0
 10
83.6247
 20
52.1306
 11
83.3235
 21
52.1306
  0
LINE
  8
0
 10
83.3235
 20
52.1306
 11
83.3235
 21
51.6698
  0
LINE
  8
0
 10
83.3235
 20
51.6698
 11
83.5837
 21
51.6698
  0
LINE
  8
0
 10
83.5837
 20
51.6698
 11
83.5837
 21
50.5049
  0
LINE
  8
0
 10
83.5837
 20
50.5049
 11
83.6174
 21
50.2644
  0
LINE
  8
0
 10
83.6174
 20
50.2644
 11
83.7241
 21
50.0841
  0
LINE
  8
0
 10
83.7241
 20
50.0841
 11
83.8974
 21
49.9761
  0
LINE
  8
0
 10
83.8974
 20
49.9761
 11
84.1214
 21
49.9417
  0
LINE
  8
0
 10
84.1214
 20
49.9417
 11
84.3696
 21
49.9585
  0
LINE
  8
0
 10
30.4008
 20
50.0074
 11
30.3986
 21
50.1913
  0
LINE
  8
0
 10
30.3986
 20
50.1913
 11
30.4177
 21
50.1627
  0
LINE
  8
0
 10
30.4177
 20
50.1627
 11
30.5711
 21
50.0386
  0
LINE
  8
0
 10
30.5711
 20
50.0386
 11
30.7587
 21
49.9628
  0
LINE
  8
0
 10
30.7587
 20
49.9628
 11
30.9759
 21
49.9376
  0
LINE
  8
0
 10
30.9759
 20
49.9376
 11
31.3297
 21
50.0118
  0
LINE
  8
0
 10
31.3297
 20
50.0118
 11
31.5964
 21
50.2373
  0
LINE
  8
0
 10
31.5964
 20
50.2373
 11
31.7589
 21
50.5934
  0
LINE
  8
0
 10
31.7589
 20
50.5934
 11
31.8119
 21
51.0628
  0
LINE
  8
0
 10
31.8119
 20
51.0628
 11
31.7611
 21
51.5267
  0
LINE
  8
0
 10
31.7611
 20
51.5267
 11
31.6053
 21
51.8784
  0
LINE
  8
0
 10
31.6053
 20
51.8784
 11
31.3495
 21
52.1013
  0
LINE
  8
0
 10
31.3495
 20
52.1013
 11
31.0074
 21
52.1755
  0
LINE
  8
0
 10
31.0074
 20
52.1755
 11
30.5786
 21
52.0749
  0
LINE
  8
0
 10
30.5786
 20
52.0749
 11
30.3906
 21
51.8655
  0
LINE
  8
0
 10
30.3906
 20
51.8655
 11
30.3865
 21
51.9492
  0
LINE
  8
0
 10
30.3865
 20
51.9492
 11
30.3789
 21
52.0362
  0
LINE
  8
0
 10
30.3789
 20
52.0362
 11
30.3626
 21
52.1306
  0
LINE
  8
0
 10
30.3626
 20
52.1306
 11
29.7493
 21
52.1306
  0
LINE
  8
0
 10
29.7493
 20
52.1306
 11
29.7635
 21
51.8693
  0
LINE
  8
0
 10
29.7635
 20
51.8693
 11
29.7673
 21
51.6078
  0
LINE
  8
0
 10
29.7673
 20
51.6078
 11
29.7673
 21
49.1692
  0
LINE
  8
0
 10
29.7673
 20
49.1692
 11
30.4008
 21
49.1692
  0
LINE
  8
0
 10
30.4008
 20
49.1692
 11
30.4008
 21
50.0074
  0
LINE
  8
0
 10
30.6185
 20
50.4433
 11
30.499
 21
50.562
  0
LINE
  8
0
 10
30.499
 20
50.562
 11
30.4206
 21
50.7647
  0
LINE
  8
0
 10
30.4206
 20
50.7647
 11
30.3934
 21
51.0477
  0
LINE
  8
0
 10
30.3934
 20
51.0477
 11
30.4206
 21
51.3333
  0
LINE
  8
0
 10
30.4206
 20
51.3333
 11
30.4992
 21
51.5403
  0
LINE
  8
0
 10
30.4992
 20
51.5403
 11
30.6198
 21
51.6623
  0
LINE
  8
0
 10
30.6198
 20
51.6623
 11
30.775
 21
51.7008
  0
LINE
  8
0
 10
30.775
 20
51.7008
 11
31.0551
 21
51.5484
  0
LINE
  8
0
 10
31.0551
 20
51.5484
 11
31.1542
 21
51.0627
  0
LINE
  8
0
 10
31.1542
 20
51.0627
 11
31.054
 21
50.5628
  0
LINE
  8
0
 10
31.054
 20
50.5628
 11
30.7709
 21
50.4059
  0
LINE
  8
0
 10
30.7709
 20
50.4059
 11
30.6185
 21
50.4433
  0
LINE
  8
0
 10
80.2522
 20
49.2098
 11
80.5762
 21
49.3882
  0
LINE
  8
0
 10
80.5762
 20
49.3882
 11
80.7757
 21
49.685
  0
LINE
  8
0
 10
80.7757
 20
49.685
 11
80.8403
 21
50.0848
  0
LINE
  8
0
 10
80.8403
 20
50.0848
 11
80.8403
 21
51.6059
  0
LINE
  8
0
 10
80.8403
 20
51.6059
 11
80.8431
 21
51.8586
  0
LINE
  8
0
 10
80.8431
 20
51.8586
 11
80.8536
 21
52.1306
  0
LINE
  8
0
 10
80.8536
 20
52.1306
 11
80.2542
 21
52.1306
  0
LINE
  8
0
 10
80.2542
 20
52.1306
 11
80.2377
 21
52.0314
  0
LINE
  8
0
 10
80.2377
 20
52.0314
 11
80.2287
 21
51.9344
  0
LINE
  8
0
 10
80.2287
 20
51.9344
 11
80.2245
 21
51.8677
  0
LINE
  8
0
 10
80.2245
 20
51.8677
 11
80.0462
 21
52.0727
  0
LINE
  8
0
 10
80.0462
 20
52.0727
 11
79.6407
 21
52.1716
  0
LINE
  8
0
 10
79.6407
 20
52.1716
 11
79.2762
 21
52.0986
  0
LINE
  8
0
 10
79.2762
 20
52.0986
 11
79.0085
 21
51.8783
  0
LINE
  8
0
 10
79.0085
 20
51.8783
 11
78.848
 21
51.5298
  0
LINE
  8
0
 10
78.848
 20
51.5298
 11
78.7956
 21
51.0705
  0
LINE
  8
0
 10
78.7956
 20
51.0705
 11
78.8465
 21
50.6137
  0
LINE
  8
0
 10
78.8465
 20
50.6137
 11
79.0025
 21
50.2687
  0
LINE
  8
0
 10
79.0025
 20
50.2687
 11
79.2585
 21
50.0511
  0
LINE
  8
0
 10
79.2585
 20
50.0511
 11
79.6002
 21
49.9787
  0
LINE
  8
0
 10
79.6002
 20
49.9787
 11
80.0338
 21
50.0793
  0
LINE
  8
0
 10
80.0338
 20
50.0793
 11
80.2119
 21
50.2784
  0
LINE
  8
0
 10
80.2119
 20
50.2784
 11
80.2105
 21
50.2051
  0
LINE
  8
0
 10
80.2105
 20
50.2051
 11
80.2105
 21
50.0991
  0
LINE
  8
0
 10
80.2105
 20
50.0991
 11
80.186
 21
49.8733
  0
LINE
  8
0
 10
80.186
 20
49.8733
 11
80.1176
 21
49.722
  0
LINE
  8
0
 10
80.1176
 20
49.722
 11
80.0047
 21
49.6346
  0
LINE
  8
0
 10
80.0047
 20
49.6346
 11
79.832
 21
49.6039
  0
LINE
  8
0
 10
79.832
 20
49.6039
 11
79.7104
 21
49.6195
  0
LINE
  8
0
 10
79.7104
 20
49.6195
 11
79.6177
 21
49.6645
  0
LINE
  8
0
 10
79.6177
 20
49.6645
 11
79.5527
 21
49.7345
  0
LINE
  8
0
 10
79.5527
 20
49.7345
 11
79.4969
 21
49.8714
  0
LINE
  8
0
 10
79.4969
 20
49.8714
 11
78.86
 21
49.7966
  0
LINE
  8
0
 10
78.86
 20
49.7966
 11
78.9864
 21
49.4904
  0
LINE
  8
0
 10
78.9864
 20
49.4904
 11
79.1859
 21
49.3026
  0
LINE
  8
0
 10
79.1859
 20
49.3026
 11
79.4667
 21
49.1889
  0
LINE
  8
0
 10
79.4667
 20
49.1889
 11
79.8188
 21
49.1517
  0
LINE
  8
0
 10
79.8188
 20
49.1517
 11
80.2522
 21
49.2098
  0
LINE
  8
0
 10
79.5522
 20
50.601
 11
79.4534
 21
51.0705
  0
LINE
  8
0
 10
79.4534
 20
51.0705
 11
79.5533
 21
51.55
  0
LINE
  8
0
 10
79.5533
 20
51.55
 11
79.8363
 21
51.7009
  0
LINE
  8
0
 10
79.8363
 20
51.7009
 11
79.9894
 21
51.6642
  0
LINE
  8
0
 10
79.9894
 20
51.6642
 11
80.1088
 21
51.548
  0
LINE
  8
0
 10
80.1088
 20
51.548
 11
80.187
 21
51.352
  0
LINE
  8
0
 10
80.187
 20
51.352
 11
80.2141
 21
51.0818
  0
LINE
  8
0
 10
80.2141
 20
51.0818
 11
80.187
 21
50.8043
  0
LINE
  8
0
 10
80.187
 20
50.8043
 11
80.1088
 21
50.6061
  0
LINE
  8
0
 10
80.1088
 20
50.6061
 11
79.9886
 21
50.4901
  0
LINE
  8
0
 10
79.9886
 20
50.4901
 11
79.8325
 21
50.4532
  0
LINE
  8
0
 10
79.8325
 20
50.4532
 11
79.5522
 21
50.601
  0
LINE
  8
0
 10
121.81
 20
49.2098
 11
122.135
 21
49.3882
  0
LINE
  8
0
 10
122.135
 20
49.3882
 11
122.334
 21
49.685
  0
LINE
  8
0
 10
122.334
 20
49.685
 11
122.399
 21
50.0848
  0
LINE
  8
0
 10
122.399
 20
50.0848
 11
122.399
 21
51.6059
  0
LINE
  8
0
 10
122.399
 20
51.6059
 11
122.401
 21
51.8586
  0
LINE
  8
0
 10
122.401
 20
51.8586
 11
122.412
 21
52.1306
  0
LINE
  8
0
 10
122.412
 20
52.1306
 11
121.812
 21
52.1306
  0
LINE
  8
0
 10
121.812
 20
52.1306
 11
121.796
 21
52.0315
  0
LINE
  8
0
 10
121.796
 20
52.0315
 11
121.787
 21
51.9344
  0
LINE
  8
0
 10
121.787
 20
51.9344
 11
121.783
 21
51.8677
  0
LINE
  8
0
 10
121.783
 20
51.8677
 11
121.604
 21
52.0727
  0
LINE
  8
0
 10
121.604
 20
52.0727
 11
121.199
 21
52.1716
  0
LINE
  8
0
 10
121.199
 20
52.1716
 11
120.834
 21
52.0986
  0
LINE
  8
0
 10
120.834
 20
52.0986
 11
120.567
 21
51.8783
  0
LINE
  8
0
 10
120.567
 20
51.8783
 11
120.406
 21
51.5298
  0
LINE
  8
0
 10
120.406
 20
51.5298
 11
120.354
 21
51.0705
  0
LINE
  8
0
 10
120.354
 20
51.0705
 11
120.405
 21
50.6137
  0
LINE
  8
0
 10
120.405
 20
50.6137
 11
120.561
 21
50.2687
  0
LINE
  8
0
 10
120.561
 20
50.2687
 11
120.817
 21
50.0511
  0
LINE
  8
0
 10
120.817
 20
50.0511
 11
121.159
 21
49.9787
  0
LINE
  8
0
 10
121.159
 20
49.9787
 11
121.592
 21
50.0793
  0
LINE
  8
0
 10
121.592
 20
50.0793
 11
121.77
 21
50.2784
  0
LINE
  8
0
 10
121.77
 20
50.2784
 11
121.769
 21
50.2051
  0
LINE
  8
0
 10
121.769
 20
50.2051
 11
121.769
 21
50.0991
  0
LINE
  8
0
 10
121.769
 20
50.0991
 11
121.744
 21
49.8733
  0
LINE
  8
0
 10
121.744
 20
49.8733
 11
121.676
 21
49.722
  0
LINE
  8
0
 10
121.676
 20
49.722
 11
121.563
 21
49.6346
  0
LINE
  8
0
 10
121.563
 20
49.6346
 11
121.39
 21
49.6039
  0
LINE
  8
0
 10
121.39
 20
49.6039
 11
121.269
 21
49.6195
  0
LINE
  8
0
 10
121.269
 20
49.6195
 11
121.176
 21
49.6645
  0
LINE
  8
0
 10
121.176
 20
49.6645
 11
121.111
 21
49.7345
  0
LINE
  8
0
 10
121.111
 20
49.7345
 11
121.055
 21
49.8714
  0
LINE
  8
0
 10
121.055
 20
49.8714
 11
120.418
 21
49.7966
  0
LINE
  8
0
 10
120.418
 20
49.7966
 11
120.545
 21
49.4904
  0
LINE
  8
0
 10
120.545
 20
49.4904
 11
120.744
 21
49.3026
  0
LINE
  8
0
 10
120.744
 20
49.3026
 11
121.025
 21
49.1889
  0
LINE
  8
0
 10
121.025
 20
49.1889
 11
121.377
 21
49.1517
  0
LINE
  8
0
 10
121.377
 20
49.1517
 11
121.81
 21
49.2098
  0
LINE
  8
0
 10
121.11
 20
50.601
 11
121.012
 21
51.0705
  0
LINE
  8
0
 10
121.012
 20
51.0705
 11
121.112
 21
51.55
  0
LINE
  8
0
 10
121.112
 20
51.55
 11
121.395
 21
51.7009
  0
LINE
  8
0
 10
121.395
 20
51.7009
 11
121.548
 21
51.6642
  0
LINE
  8
0
 10
121.548
 20
51.6642
 11
121.667
 21
51.548
  0
LINE
  8
0
 10
121.667
 20
51.548
 11
121.745
 21
51.352
  0
LINE
  8
0
 10
121.745
 20
51.352
 11
121.772
 21
51.0817
  0
LINE
  8
0
 10
121.772
 20
51.0817
 11
121.745
 21
50.8043
  0
LINE
  8
0
 10
121.745
 20
50.8043
 11
121.667
 21
50.6061
  0
LINE
  8
0
 10
121.667
 20
50.6061
 11
121.547
 21
50.4901
  0
LINE
  8
0
 10
121.547
 20
50.4901
 11
121.391
 21
50.4532
  0
LINE
  8
0
 10
121.391
 20
50.4532
 11
121.11
 21
50.601
  0
LINE
  8
0
 10
104.511
 20
49.2098
 11
104.835
 21
49.3882
  0
LINE
  8
0
 10
104.835
 20
49.3882
 11
105.035
 21
49.685
  0
LINE
  8
0
 10
105.035
 20
49.685
 11
105.099
 21
50.0848
  0
LINE
  8
0
 10
105.099
 20
50.0848
 11
105.099
 21
51.6059
  0
LINE
  8
0
 10
105.099
 20
51.6059
 11
105.102
 21
51.8585
  0
LINE
  8
0
 10
105.102
 20
51.8585
 11
105.112
 21
52.1306
  0
LINE
  8
0
 10
105.112
 20
52.1306
 11
104.513
 21
52.1306
  0
LINE
  8
0
 10
104.513
 20
52.1306
 11
104.497
 21
52.0315
  0
LINE
  8
0
 10
104.497
 20
52.0315
 11
104.488
 21
51.9344
  0
LINE
  8
0
 10
104.488
 20
51.9344
 11
104.483
 21
51.8677
  0
LINE
  8
0
 10
104.483
 20
51.8677
 11
104.305
 21
52.0727
  0
LINE
  8
0
 10
104.305
 20
52.0727
 11
103.9
 21
52.1716
  0
LINE
  8
0
 10
103.9
 20
52.1716
 11
103.535
 21
52.0986
  0
LINE
  8
0
 10
103.535
 20
52.0986
 11
103.267
 21
51.8783
  0
LINE
  8
0
 10
103.267
 20
51.8783
 11
103.107
 21
51.5298
  0
LINE
  8
0
 10
103.107
 20
51.5298
 11
103.054
 21
51.0705
  0
LINE
  8
0
 10
103.054
 20
51.0705
 11
103.105
 21
50.6137
  0
LINE
  8
0
 10
103.105
 20
50.6137
 11
103.261
 21
50.2687
  0
LINE
  8
0
 10
103.261
 20
50.2687
 11
103.517
 21
50.0511
  0
LINE
  8
0
 10
103.517
 20
50.0511
 11
103.859
 21
49.9787
  0
LINE
  8
0
 10
103.859
 20
49.9787
 11
104.293
 21
50.0793
  0
LINE
  8
0
 10
104.293
 20
50.0793
 11
104.471
 21
50.2784
  0
LINE
  8
0
 10
104.471
 20
50.2784
 11
104.469
 21
50.2051
  0
LINE
  8
0
 10
104.469
 20
50.2051
 11
104.469
 21
50.0991
  0
LINE
  8
0
 10
104.469
 20
50.0991
 11
104.445
 21
49.8733
  0
LINE
  8
0
 10
104.445
 20
49.8733
 11
104.376
 21
49.722
  0
LINE
  8
0
 10
104.376
 20
49.722
 11
104.264
 21
49.6346
  0
LINE
  8
0
 10
104.264
 20
49.6346
 11
104.091
 21
49.6039
  0
LINE
  8
0
 10
104.091
 20
49.6039
 11
103.969
 21
49.6195
  0
LINE
  8
0
 10
103.969
 20
49.6195
 11
103.877
 21
49.6645
  0
LINE
  8
0
 10
103.877
 20
49.6645
 11
103.812
 21
49.7345
  0
LINE
  8
0
 10
103.812
 20
49.7345
 11
103.756
 21
49.8714
  0
LINE
  8
0
 10
103.756
 20
49.8714
 11
103.119
 21
49.7966
  0
LINE
  8
0
 10
103.119
 20
49.7966
 11
103.245
 21
49.4904
  0
LINE
  8
0
 10
103.245
 20
49.4904
 11
103.445
 21
49.3026
  0
LINE
  8
0
 10
103.445
 20
49.3026
 11
103.726
 21
49.1889
  0
LINE
  8
0
 10
103.726
 20
49.1889
 11
104.078
 21
49.1517
  0
LINE
  8
0
 10
104.078
 20
49.1517
 11
104.511
 21
49.2098
  0
LINE
  8
0
 10
103.811
 20
50.601
 11
103.712
 21
51.0705
  0
LINE
  8
0
 10
103.712
 20
51.0705
 11
103.812
 21
51.55
  0
LINE
  8
0
 10
103.812
 20
51.55
 11
104.095
 21
51.7009
  0
LINE
  8
0
 10
104.095
 20
51.7009
 11
104.248
 21
51.6642
  0
LINE
  8
0
 10
104.248
 20
51.6642
 11
104.368
 21
51.548
  0
LINE
  8
0
 10
104.368
 20
51.548
 11
104.446
 21
51.352
  0
LINE
  8
0
 10
104.446
 20
51.352
 11
104.473
 21
51.0817
  0
LINE
  8
0
 10
104.473
 20
51.0817
 11
104.446
 21
50.8043
  0
LINE
  8
0
 10
104.446
 20
50.8043
 11
104.368
 21
50.6061
  0
LINE
  8
0
 10
104.368
 20
50.6061
 11
104.247
 21
50.4901
  0
LINE
  8
0
 10
104.247
 20
50.4901
 11
104.091
 21
50.4532
  0
LINE
  8
0
 10
104.091
 20
50.4532
 11
103.811
 21
50.601
  0
LINE
  8
0
 10
88.6113
 20
51.1243
 11
88.6396
 21
51.35
  0
LINE
  8
0
 10
88.6396
 20
51.35
 11
88.7209
 21
51.5233
  0
LINE
  8
0
 10
88.7209
 20
51.5233
 11
88.8414
 21
51.6326
  0
LINE
  8
0
 10
88.8414
 20
51.6326
 11
88.9863
 21
51.667
  0
LINE
  8
0
 10
88.9863
 20
51.667
 11
89.2236
 21
51.5502
  0
LINE
  8
0
 10
89.2236
 20
51.5502
 11
89.3087
 21
51.1731
  0
LINE
  8
0
 10
89.3087
 20
51.1731
 11
89.3087
 21
49.9761
  0
LINE
  8
0
 10
89.3087
 20
49.9761
 11
89.9404
 21
49.9761
  0
LINE
  8
0
 10
89.9404
 20
49.9761
 11
89.9404
 21
51.3337
  0
LINE
  8
0
 10
89.9404
 20
51.3337
 11
89.8951
 21
51.6867
  0
LINE
  8
0
 10
89.8951
 20
51.6867
 11
89.7543
 21
51.9531
  0
LINE
  8
0
 10
89.7543
 20
51.9531
 11
89.5228
 21
52.1174
  0
LINE
  8
0
 10
89.5228
 20
52.1174
 11
89.2156
 21
52.171
  0
LINE
  8
0
 10
89.2156
 20
52.171
 11
88.9905
 21
52.1425
  0
LINE
  8
0
 10
88.9905
 20
52.1425
 11
88.7972
 21
52.0564
  0
LINE
  8
0
 10
88.7972
 20
52.0564
 11
88.6364
 21
51.9073
  0
LINE
  8
0
 10
88.6364
 20
51.9073
 11
88.5898
 21
51.8296
  0
LINE
  8
0
 10
88.5898
 20
51.8296
 11
88.5865
 21
51.8909
  0
LINE
  8
0
 10
88.5865
 20
51.8909
 11
88.5779
 21
52.0185
  0
LINE
  8
0
 10
88.5779
 20
52.0185
 11
88.5666
 21
52.1306
  0
LINE
  8
0
 10
88.5666
 20
52.1306
 11
87.9594
 21
52.1306
  0
LINE
  8
0
 10
87.9594
 20
52.1306
 11
87.968
 21
51.9885
  0
LINE
  8
0
 10
87.968
 20
51.9885
 11
87.973
 21
51.8891
  0
LINE
  8
0
 10
87.973
 20
51.8891
 11
87.9765
 21
51.7708
  0
LINE
  8
0
 10
87.9765
 20
51.7708
 11
87.9777
 21
51.6207
  0
LINE
  8
0
 10
87.9777
 20
51.6207
 11
87.9777
 21
49.9761
  0
LINE
  8
0
 10
87.9777
 20
49.9761
 11
88.6113
 21
49.9761
  0
LINE
  8
0
 10
88.6113
 20
49.9761
 11
88.6113
 21
51.1243
  0
LINE
  8
0
 10
25.5402
 20
49.9818
 11
25.8477
 21
50.1166
  0
LINE
  8
0
 10
25.8477
 20
50.1166
 11
26.0467
 21
50.3362
  0
LINE
  8
0
 10
26.0467
 20
50.3362
 11
26.1125
 21
50.6231
  0
LINE
  8
0
 10
26.1125
 20
50.6231
 11
26.094
 21
50.7988
  0
LINE
  8
0
 10
26.094
 20
50.7988
 11
26.0384
 21
50.9405
  0
LINE
  8
0
 10
26.0384
 20
50.9405
 11
25.9518
 21
51.0536
  0
LINE
  8
0
 10
25.9518
 20
51.0536
 11
25.8415
 21
51.143
  0
LINE
  8
0
 10
25.8415
 20
51.143
 11
25.7021
 21
51.2142
  0
LINE
  8
0
 10
25.7021
 20
51.2142
 11
25.5283
 21
51.2731
  0
LINE
  8
0
 10
25.5283
 20
51.2731
 11
25.3251
 21
51.3253
  0
LINE
  8
0
 10
25.3251
 20
51.3253
 11
25.0977
 21
51.3754
  0
LINE
  8
0
 10
25.0977
 20
51.3754
 11
24.9555
 21
51.4126
  0
LINE
  8
0
 10
24.9555
 20
51.4126
 11
24.8708
 21
51.4538
  0
LINE
  8
0
 10
24.8708
 20
51.4538
 11
24.8311
 21
51.4983
  0
LINE
  8
0
 10
24.8311
 20
51.4983
 11
24.8183
 21
51.5543
  0
LINE
  8
0
 10
24.8183
 20
51.5543
 11
24.8356
 21
51.6255
  0
LINE
  8
0
 10
24.8356
 20
51.6255
 11
24.8872
 21
51.6724
  0
LINE
  8
0
 10
24.8872
 20
51.6724
 11
24.9897
 21
51.7038
  0
LINE
  8
0
 10
24.9897
 20
51.7038
 11
25.1462
 21
51.7152
  0
LINE
  8
0
 10
25.1462
 20
51.7152
 11
25.3024
 21
51.7008
  0
LINE
  8
0
 10
25.3024
 20
51.7008
 11
25.4007
 21
51.6614
  0
LINE
  8
0
 10
25.4007
 20
51.6614
 11
25.4586
 21
51.5994
  0
LINE
  8
0
 10
25.4586
 20
51.5994
 11
25.5079
 21
51.4628
  0
LINE
  8
0
 10
25.5079
 20
51.4628
 11
26.0859
 21
51.5232
  0
LINE
  8
0
 10
26.0859
 20
51.5232
 11
25.9596
 21
51.8325
  0
LINE
  8
0
 10
25.9596
 20
51.8325
 11
25.7641
 21
52.0206
  0
LINE
  8
0
 10
25.7641
 20
52.0206
 11
25.4897
 21
52.1338
  0
LINE
  8
0
 10
25.4897
 20
52.1338
 11
25.1466
 21
52.1707
  0
LINE
  8
0
 10
25.1466
 20
52.1707
 11
24.7647
 21
52.1282
  0
LINE
  8
0
 10
24.7647
 20
52.1282
 11
24.4734
 21
51.9973
  0
LINE
  8
0
 10
24.4734
 20
51.9973
 11
24.2876
 21
51.7825
  0
LINE
  8
0
 10
24.2876
 20
51.7825
 11
24.2263
 21
51.4999
  0
LINE
  8
0
 10
24.2263
 20
51.4999
 11
24.249
 21
51.3194
  0
LINE
  8
0
 10
24.249
 20
51.3194
 11
24.3174
 21
51.1688
  0
LINE
  8
0
 10
24.3174
 20
51.1688
 11
24.4285
 21
51.047
  0
LINE
  8
0
 10
24.4285
 20
51.047
 11
24.5779
 21
50.952
  0
LINE
  8
0
 10
24.5779
 20
50.952
 11
24.8172
 21
50.8692
  0
LINE
  8
0
 10
24.8172
 20
50.8692
 11
25.1973
 21
50.7827
  0
LINE
  8
0
 10
25.1973
 20
50.7827
 11
25.3608
 21
50.7397
  0
LINE
  8
0
 10
25.3608
 20
50.7397
 11
25.459
 21
50.6926
  0
LINE
  8
0
 10
25.459
 20
50.6926
 11
25.5056
 21
50.6413
  0
LINE
  8
0
 10
25.5056
 20
50.6413
 11
25.5206
 21
50.577
  0
LINE
  8
0
 10
25.5206
 20
50.577
 11
25.5013
 21
50.4975
  0
LINE
  8
0
 10
25.5013
 20
50.4975
 11
25.4433
 21
50.4424
  0
LINE
  8
0
 10
25.4433
 20
50.4424
 11
25.3269
 21
50.405
  0
LINE
  8
0
 10
25.3269
 20
50.405
 11
25.1429
 21
50.3915
  0
LINE
  8
0
 10
25.1429
 20
50.3915
 11
24.9462
 21
50.4059
  0
LINE
  8
0
 10
24.9462
 20
50.4059
 11
24.829
 21
50.4457
  0
LINE
  8
0
 10
24.829
 20
50.4457
 11
24.7607
 21
50.513
  0
LINE
  8
0
 10
24.7607
 20
50.513
 11
24.6949
 21
50.6642
  0
LINE
  8
0
 10
24.6949
 20
50.6642
 11
24.1224
 21
50.5784
  0
LINE
  8
0
 10
24.1224
 20
50.5784
 11
24.2659
 21
50.2631
  0
LINE
  8
0
 10
24.2659
 20
50.2631
 11
24.468
 21
50.0784
  0
LINE
  8
0
 10
24.468
 20
50.0784
 11
24.7581
 21
49.9724
  0
LINE
  8
0
 10
24.7581
 20
49.9724
 11
25.1434
 21
49.9379
  0
LINE
  8
0
 10
25.1434
 20
49.9379
 11
25.5402
 21
49.9818
  0
LINE
  8
0
 10
72.146
 20
49.9818
 11
72.4536
 21
50.1166
  0
LINE
  8
0
 10
72.4536
 20
50.1166
 11
72.6525
 21
50.3362
  0
LINE
  8
0
 10
72.6525
 20
50.3362
 11
72.7183
 21
50.6231
  0
LINE
  8
0
 10
72.7183
 20
50.6231
 11
72.6998
 21
50.7988
  0
LINE
  8
0
 10
72.6998
 20
50.7988
 11
72.6442
 21
50.9405
  0
LINE
  8
0
 10
72.6442
 20
50.9405
 11
72.5576
 21
51.0536
  0
LINE
  8
0
 10
72.5576
 20
51.0536
 11
72.4473
 21
51.143
  0
LINE
  8
0
 10
72.4473
 20
51.143
 11
72.3079
 21
51.2142
  0
LINE
  8
0
 10
72.3079
 20
51.2142
 11
72.1341
 21
51.2731
  0
LINE
  8
0
 10
72.1341
 20
51.2731
 11
71.9309
 21
51.3253
  0
LINE
  8
0
 10
71.9309
 20
51.3253
 11
71.7035
 21
51.3754
  0
LINE
  8
0
 10
71.7035
 20
51.3754
 11
71.5613
 21
51.4126
  0
LINE
  8
0
 10
71.5613
 20
51.4126
 11
71.4766
 21
51.4538
  0
LINE
  8
0
 10
71.4766
 20
51.4538
 11
71.4369
 21
51.4983
  0
LINE
  8
0
 10
71.4369
 20
51.4983
 11
71.4241
 21
51.5542
  0
LINE
  8
0
 10
71.4241
 20
51.5542
 11
71.4414
 21
51.6255
  0
LINE
  8
0
 10
71.4414
 20
51.6255
 11
71.493
 21
51.6724
  0
LINE
  8
0
 10
71.493
 20
51.6724
 11
71.5956
 21
51.7038
  0
LINE
  8
0
 10
71.5956
 20
51.7038
 11
71.752
 21
51.7152
  0
LINE
  8
0
 10
71.752
 20
51.7152
 11
71.9082
 21
51.7008
  0
LINE
  8
0
 10
71.9082
 20
51.7008
 11
72.0065
 21
51.6614
  0
LINE
  8
0
 10
72.0065
 20
51.6614
 11
72.0645
 21
51.5994
  0
LINE
  8
0
 10
72.0645
 20
51.5994
 11
72.1137
 21
51.4628
  0
LINE
  8
0
 10
72.1137
 20
51.4628
 11
72.6917
 21
51.5232
  0
LINE
  8
0
 10
72.6917
 20
51.5232
 11
72.5654
 21
51.8325
  0
LINE
  8
0
 10
72.5654
 20
51.8325
 11
72.3699
 21
52.0206
  0
LINE
  8
0
 10
72.3699
 20
52.0206
 11
72.0956
 21
52.1338
  0
LINE
  8
0
 10
72.0956
 20
52.1338
 11
71.7524
 21
52.1707
  0
LINE
  8
0
 10
71.7524
 20
52.1707
 11
71.3706
 21
52.1282
  0
LINE
  8
0
 10
71.3706
 20
52.1282
 11
71.0792
 21
51.9973
  0
LINE
  8
0
 10
71.0792
 20
51.9973
 11
70.8934
 21
51.7825
  0
LINE
  8
0
 10
70.8934
 20
51.7825
 11
70.8322
 21
51.4999
  0
LINE
  8
0
 10
70.8322
 20
51.4999
 11
70.8548
 21
51.3194
  0
LINE
  8
0
 10
70.8548
 20
51.3194
 11
70.9232
 21
51.1688
  0
LINE
  8
0
 10
70.9232
 20
51.1688
 11
71.0343
 21
51.047
  0
LINE
  8
0
 10
71.0343
 20
51.047
 11
71.1837
 21
50.952
  0
LINE
  8
0
 10
71.1837
 20
50.952
 11
71.423
 21
50.8692
  0
LINE
  8
0
 10
71.423
 20
50.8692
 11
71.8031
 21
50.7827
  0
LINE
  8
0
 10
71.8031
 20
50.7827
 11
71.9666
 21
50.7397
  0
LINE
  8
0
 10
71.9666
 20
50.7397
 11
72.0648
 21
50.6926
  0
LINE
  8
0
 10
72.0648
 20
50.6926
 11
72.1114
 21
50.6413
  0
LINE
  8
0
 10
72.1114
 20
50.6413
 11
72.1264
 21
50.577
  0
LINE
  8
0
 10
72.1264
 20
50.577
 11
72.1071
 21
50.4975
  0
LINE
  8
0
 10
72.1071
 20
50.4975
 11
72.0491
 21
50.4424
  0
LINE
  8
0
 10
72.0491
 20
50.4424
 11
71.9327
 21
50.405
  0
LINE
  8
0
 10
71.9327
 20
50.405
 11
71.7487
 21
50.3915
  0
LINE
  8
0
 10
71.7487
 20
50.3915
 11
71.552
 21
50.4059
  0
LINE
  8
0
 10
71.552
 20
50.4059
 11
71.4348
 21
50.4457
  0
LINE
  8
0
 10
71.4348
 20
50.4457
 11
71.3665
 21
50.513
  0
LINE
  8
0
 10
71.3665
 20
50.513
 11
71.3007
 21
50.6642
  0
LINE
  8
0
 10
71.3007
 20
50.6642
 11
70.7282
 21
50.5784
  0
LINE
  8
0
 10
70.7282
 20
50.5784
 11
70.8717
 21
50.2631
  0
LINE
  8
0
 10
70.8717
 20
50.2631
 11
71.0738
 21
50.0784
  0
LINE
  8
0
 10
71.0738
 20
50.0784
 11
71.3639
 21
49.9724
  0
LINE
  8
0
 10
71.3639
 20
49.9724
 11
71.7492
 21
49.9379
  0
LINE
  8
0
 10
71.7492
 20
49.9379
 11
72.146
 21
49.9818
  0
LINE
  8
0
 10
116.247
 20
51.0318
 11
116.274
 21
51.3002
  0
LINE
  8
0
 10
116.274
 20
51.3002
 11
116.35
 21
51.4833
  0
LINE
  8
0
 10
116.35
 20
51.4833
 11
116.465
 21
51.588
  0
LINE
  8
0
 10
116.465
 20
51.588
 11
116.622
 21
51.6239
  0
LINE
  8
0
 10
116.622
 20
51.6239
 11
116.719
 21
51.6174
  0
LINE
  8
0
 10
116.719
 20
51.6174
 11
116.896
 21
51.5862
  0
LINE
  8
0
 10
116.896
 20
51.5862
 11
116.896
 21
52.1294
  0
LINE
  8
0
 10
116.896
 20
52.1294
 11
116.783
 21
52.1628
  0
LINE
  8
0
 10
116.783
 20
52.1628
 11
116.681
 21
52.1706
  0
LINE
  8
0
 10
116.681
 20
52.1706
 11
116.556
 21
52.159
  0
LINE
  8
0
 10
116.556
 20
52.159
 11
116.449
 21
52.1228
  0
LINE
  8
0
 10
116.449
 20
52.1228
 11
116.361
 21
52.0611
  0
LINE
  8
0
 10
116.361
 20
52.0611
 11
116.287
 21
51.9753
  0
LINE
  8
0
 10
116.287
 20
51.9753
 11
116.223
 21
51.8578
  0
LINE
  8
0
 10
116.223
 20
51.8578
 11
116.222
 21
51.8754
  0
LINE
  8
0
 10
116.222
 20
51.8754
 11
116.214
 21
52.0154
  0
LINE
  8
0
 10
116.214
 20
52.0154
 11
116.202
 21
52.1306
  0
LINE
  8
0
 10
116.202
 20
52.1306
 11
115.595
 21
52.1306
  0
LINE
  8
0
 10
115.595
 20
52.1306
 11
115.604
 21
51.9839
  0
LINE
  8
0
 10
115.604
 20
51.9839
 11
115.609
 21
51.8788
  0
LINE
  8
0
 10
115.609
 20
51.8788
 11
115.612
 21
51.7522
  0
LINE
  8
0
 10
115.612
 20
51.7522
 11
115.613
 21
51.5979
  0
LINE
  8
0
 10
115.613
 20
51.5979
 11
115.613
 21
49.9761
  0
LINE
  8
0
 10
115.613
 20
49.9761
 11
116.247
 21
49.9761
  0
LINE
  8
0
 10
116.247
 20
49.9761
 11
116.247
 21
51.0318
  0
LINE
  8
0
 10
74.8964
 20
51.0318
 11
74.9232
 21
51.3002
  0
LINE
  8
0
 10
74.9232
 20
51.3002
 11
74.9993
 21
51.4834
  0
LINE
  8
0
 10
74.9993
 20
51.4834
 11
75.1145
 21
51.588
  0
LINE
  8
0
 10
75.1145
 20
51.588
 11
75.2719
 21
51.6239
  0
LINE
  8
0
 10
75.2719
 20
51.6239
 11
75.3682
 21
51.6174
  0
LINE
  8
0
 10
75.3682
 20
51.6174
 11
75.5457
 21
51.5862
  0
LINE
  8
0
 10
75.5457
 20
51.5862
 11
75.5457
 21
52.1294
  0
LINE
  8
0
 10
75.5457
 20
52.1294
 11
75.4321
 21
52.1628
  0
LINE
  8
0
 10
75.4321
 20
52.1628
 11
75.3301
 21
52.1706
  0
LINE
  8
0
 10
75.3301
 20
52.1706
 11
75.2051
 21
52.159
  0
LINE
  8
0
 10
75.2051
 20
52.159
 11
75.0989
 21
52.1228
  0
LINE
  8
0
 10
75.0989
 20
52.1228
 11
75.0101
 21
52.0611
  0
LINE
  8
0
 10
75.0101
 20
52.0611
 11
74.936
 21
51.9753
  0
LINE
  8
0
 10
74.936
 20
51.9753
 11
74.8725
 21
51.8578
  0
LINE
  8
0
 10
74.8725
 20
51.8578
 11
74.8716
 21
51.8754
  0
LINE
  8
0
 10
74.8716
 20
51.8754
 11
74.863
 21
52.0154
  0
LINE
  8
0
 10
74.863
 20
52.0154
 11
74.8519
 21
52.1306
  0
LINE
  8
0
 10
74.8519
 20
52.1306
 11
74.2446
 21
52.1306
  0
LINE
  8
0
 10
74.2446
 20
52.1306
 11
74.2532
 21
51.9839
  0
LINE
  8
0
 10
74.2532
 20
51.9839
 11
74.2581
 21
51.8788
  0
LINE
  8
0
 10
74.2581
 20
51.8788
 11
74.2616
 21
51.7522
  0
LINE
  8
0
 10
74.2616
 20
51.7522
 11
74.2628
 21
51.5979
  0
LINE
  8
0
 10
74.2628
 20
51.5979
 11
74.2628
 21
49.9761
  0
LINE
  8
0
 10
74.2628
 20
49.9761
 11
74.8964
 21
49.9761
  0
LINE
  8
0
 10
74.8964
 20
49.9761
 11
74.8964
 21
51.0318
  0
LINE
  8
0
 10
97.6828
 20
51.0318
 11
97.7096
 21
51.3002
  0
LINE
  8
0
 10
97.7096
 20
51.3002
 11
97.7858
 21
51.4833
  0
LINE
  8
0
 10
97.7858
 20
51.4833
 11
97.901
 21
51.588
  0
LINE
  8
0
 10
97.901
 20
51.588
 11
98.0583
 21
51.6239
  0
LINE
  8
0
 10
98.0583
 20
51.6239
 11
98.1546
 21
51.6174
  0
LINE
  8
0
 10
98.1546
 20
51.6174
 11
98.3322
 21
51.5862
  0
LINE
  8
0
 10
98.3322
 20
51.5862
 11
98.3322
 21
52.1294
  0
LINE
  8
0
 10
98.3322
 20
52.1294
 11
98.2186
 21
52.1628
  0
LINE
  8
0
 10
98.2186
 20
52.1628
 11
98.1166
 21
52.1706
  0
LINE
  8
0
 10
98.1166
 20
52.1706
 11
97.9916
 21
52.159
  0
LINE
  8
0
 10
97.9916
 20
52.159
 11
97.8853
 21
52.1228
  0
LINE
  8
0
 10
97.8853
 20
52.1228
 11
97.7966
 21
52.0611
  0
LINE
  8
0
 10
97.7966
 20
52.0611
 11
97.7224
 21
51.9753
  0
LINE
  8
0
 10
97.7224
 20
51.9753
 11
97.6589
 21
51.8577
  0
LINE
  8
0
 10
97.6589
 20
51.8577
 11
97.6581
 21
51.8754
  0
LINE
  8
0
 10
97.6581
 20
51.8754
 11
97.6494
 21
52.0154
  0
LINE
  8
0
 10
97.6494
 20
52.0154
 11
97.6383
 21
52.1306
  0
LINE
  8
0
 10
97.6383
 20
52.1306
 11
97.0311
 21
52.1306
  0
LINE
  8
0
 10
97.0311
 20
52.1306
 11
97.0396
 21
51.9839
  0
LINE
  8
0
 10
97.0396
 20
51.9839
 11
97.0445
 21
51.8788
  0
LINE
  8
0
 10
97.0445
 20
51.8788
 11
97.0481
 21
51.7522
  0
LINE
  8
0
 10
97.0481
 20
51.7522
 11
97.0493
 21
51.5979
  0
LINE
  8
0
 10
97.0493
 20
51.5979
 11
97.0493
 21
49.9761
  0
LINE
  8
0
 10
97.0493
 20
49.9761
 11
97.6828
 21
49.9761
  0
LINE
  8
0
 10
97.6828
 20
49.9761
 11
97.6828
 21
51.0318
  0
LINE
  8
0
 10
33.5628
 20
50.0834
 11
33.9617
 21
50.5882
  0
LINE
  8
0
 10
33.9617
 20
50.5882
 11
33.3371
 21
50.6424
  0
LINE
  8
0
 10
33.3371
 20
50.6424
 11
33.2048
 21
50.45
  0
LINE
  8
0
 10
33.2048
 20
50.45
 11
33.0035
 21
50.3965
  0
LINE
  8
0
 10
33.0035
 20
50.3965
 11
32.846
 21
50.4297
  0
LINE
  8
0
 10
32.846
 20
50.4297
 11
32.7298
 21
50.5286
  0
LINE
  8
0
 10
32.7298
 20
50.5286
 11
32.6543
 21
50.7006
  0
LINE
  8
0
 10
32.6543
 20
50.7006
 11
32.6332
 21
50.9008
  0
LINE
  8
0
 10
32.6332
 20
50.9008
 11
33.9453
 21
50.9008
  0
LINE
  8
0
 10
33.9453
 20
50.9008
 11
33.9453
 21
50.9689
  0
LINE
  8
0
 10
33.9453
 20
50.9689
 11
33.8856
 21
51.4779
  0
LINE
  8
0
 10
33.8856
 20
51.4779
 11
33.7017
 21
51.8576
  0
LINE
  8
0
 10
33.7017
 20
51.8576
 11
33.397
 21
52.0921
  0
LINE
  8
0
 10
33.397
 20
52.0921
 11
32.9864
 21
52.1693
  0
LINE
  8
0
 10
32.9864
 20
52.1693
 11
32.5563
 21
52.0977
  0
LINE
  8
0
 10
32.5563
 20
52.0977
 11
32.2324
 21
51.8801
  0
LINE
  8
0
 10
32.2324
 20
51.8801
 11
32.0324
 21
51.5293
  0
LINE
  8
0
 10
32.0324
 20
51.5293
 11
31.967
 21
51.063
  0
LINE
  8
0
 10
31.967
 20
51.063
 11
32.0313
 21
50.5838
  0
LINE
  8
0
 10
32.0313
 20
50.5838
 11
32.2282
 21
50.2279
  0
LINE
  8
0
 10
32.2282
 20
50.2279
 11
32.5495
 21
50.0093
  0
LINE
  8
0
 10
32.5495
 20
50.0093
 11
32.9803
 21
49.9371
  0
LINE
  8
0
 10
32.9803
 20
49.9371
 11
33.5628
 21
50.0834
  0
LINE
  8
0
 10
32.639
 20
51.335
 11
32.6594
 21
51.4794
  0
LINE
  8
0
 10
32.6594
 20
51.4794
 11
32.7286
 21
51.6193
  0
LINE
  8
0
 10
32.7286
 20
51.6193
 11
32.8335
 21
51.703
  0
LINE
  8
0
 10
32.8335
 20
51.703
 11
32.9782
 21
51.7315
  0
LINE
  8
0
 10
32.9782
 20
51.7315
 11
33.1158
 21
51.7045
  0
LINE
  8
0
 10
33.1158
 20
51.7045
 11
33.2202
 21
51.625
  0
LINE
  8
0
 10
33.2202
 20
51.625
 11
33.2934
 21
51.4863
  0
LINE
  8
0
 10
33.2934
 20
51.4863
 11
33.3195
 21
51.335
  0
LINE
  8
0
 10
33.3195
 20
51.335
 11
32.639
 21
51.335
  0
LINE
  8
0
 10
113.922
 20
50.0834
 11
114.321
 21
50.5882
  0
LINE
  8
0
 10
114.321
 20
50.5882
 11
113.696
 21
50.6424
  0
LINE
  8
0
 10
113.696
 20
50.6424
 11
113.564
 21
50.45
  0
LINE
  8
0
 10
113.564
 20
50.45
 11
113.363
 21
50.3965
  0
LINE
  8
0
 10
113.363
 20
50.3965
 11
113.205
 21
50.4297
  0
LINE
  8
0
 10
113.205
 20
50.4297
 11
113.089
 21
50.5286
  0
LINE
  8
0
 10
113.089
 20
50.5286
 11
113.013
 21
50.7006
  0
LINE
  8
0
 10
113.013
 20
50.7006
 11
112.992
 21
50.9008
  0
LINE
  8
0
 10
112.992
 20
50.9008
 11
114.304
 21
50.9008
  0
LINE
  8
0
 10
114.304
 20
50.9008
 11
114.304
 21
50.9689
  0
LINE
  8
0
 10
114.304
 20
50.9689
 11
114.245
 21
51.4779
  0
LINE
  8
0
 10
114.245
 20
51.4779
 11
114.061
 21
51.8576
  0
LINE
  8
0
 10
114.061
 20
51.8576
 11
113.756
 21
52.0921
  0
LINE
  8
0
 10
113.756
 20
52.0921
 11
113.345
 21
52.1693
  0
LINE
  8
0
 10
113.345
 20
52.1693
 11
112.915
 21
52.0977
  0
LINE
  8
0
 10
112.915
 20
52.0977
 11
112.591
 21
51.8801
  0
LINE
  8
0
 10
112.591
 20
51.8801
 11
112.391
 21
51.5293
  0
LINE
  8
0
 10
112.391
 20
51.5293
 11
112.326
 21
51.063
  0
LINE
  8
0
 10
112.326
 20
51.063
 11
112.39
 21
50.5838
  0
LINE
  8
0
 10
112.39
 20
50.5838
 11
112.587
 21
50.2279
  0
LINE
  8
0
 10
112.587
 20
50.2279
 11
112.909
 21
50.0093
  0
LINE
  8
0
 10
112.909
 20
50.0093
 11
113.339
 21
49.9371
  0
LINE
  8
0
 10
113.339
 20
49.9371
 11
113.922
 21
50.0834
  0
LINE
  8
0
 10
112.998
 20
51.335
 11
113.018
 21
51.4794
  0
LINE
  8
0
 10
113.018
 20
51.4794
 11
113.088
 21
51.6193
  0
LINE
  8
0
 10
113.088
 20
51.6193
 11
113.193
 21
51.703
  0
LINE
  8
0
 10
113.193
 20
51.703
 11
113.337
 21
51.7315
  0
LINE
  8
0
 10
113.337
 20
51.7315
 11
113.475
 21
51.7045
  0
LINE
  8
0
 10
113.475
 20
51.7045
 11
113.579
 21
51.625
  0
LINE
  8
0
 10
113.579
 20
51.625
 11
113.652
 21
51.4863
  0
LINE
  8
0
 10
113.652
 20
51.4863
 11
113.679
 21
51.335
  0
LINE
  8
0
 10
113.679
 20
51.335
 11
112.998
 21
51.335
  0
LINE
  8
0
 10
124.262
 20
50.0834
 11
124.661
 21
50.5882
  0
LINE
  8
0
 10
124.661
 20
50.5882
 11
124.036
 21
50.6424
  0
LINE
  8
0
 10
124.036
 20
50.6424
 11
123.904
 21
50.45
  0
LINE
  8
0
 10
123.904
 20
50.45
 11
123.702
 21
50.3965
  0
LINE
  8
0
 10
123.702
 20
50.3965
 11
123.545
 21
50.4297
  0
LINE
  8
0
 10
123.545
 20
50.4297
 11
123.429
 21
50.5286
  0
LINE
  8
0
 10
123.429
 20
50.5286
 11
123.353
 21
50.7006
  0
LINE
  8
0
 10
123.353
 20
50.7006
 11
123.332
 21
50.9008
  0
LINE
  8
0
 10
123.332
 20
50.9008
 11
124.644
 21
50.9008
  0
LINE
  8
0
 10
124.644
 20
50.9008
 11
124.644
 21
50.9689
  0
LINE
  8
0
 10
124.644
 20
50.9689
 11
124.585
 21
51.4779
  0
LINE
  8
0
 10
124.585
 20
51.4779
 11
124.401
 21
51.8576
  0
LINE
  8
0
 10
124.401
 20
51.8576
 11
124.096
 21
52.0921
  0
LINE
  8
0
 10
124.096
 20
52.0921
 11
123.685
 21
52.1693
  0
LINE
  8
0
 10
123.685
 20
52.1693
 11
123.255
 21
52.0977
  0
LINE
  8
0
 10
123.255
 20
52.0977
 11
122.931
 21
51.8801
  0
LINE
  8
0
 10
122.931
 20
51.8801
 11
122.731
 21
51.5293
  0
LINE
  8
0
 10
122.731
 20
51.5293
 11
122.666
 21
51.063
  0
LINE
  8
0
 10
122.666
 20
51.063
 11
122.73
 21
50.5838
  0
LINE
  8
0
 10
122.73
 20
50.5838
 11
122.927
 21
50.2279
  0
LINE
  8
0
 10
122.927
 20
50.2279
 11
123.248
 21
50.0093
  0
LINE
  8
0
 10
123.248
 20
50.0093
 11
123.679
 21
49.9371
  0
LINE
  8
0
 10
123.679
 20
49.9371
 11
124.262
 21
50.0834
  0
LINE
  8
0
 10
123.338
 20
51.335
 11
123.358
 21
51.4794
  0
LINE
  8
0
 10
123.358
 20
51.4794
 11
123.428
 21
51.6193
  0
LINE
  8
0
 10
123.428
 20
51.6193
 11
123.532
 21
51.703
  0
LINE
  8
0
 10
123.532
 20
51.703
 11
123.677
 21
51.7315
  0
LINE
  8
0
 10
123.677
 20
51.7315
 11
123.815
 21
51.7045
  0
LINE
  8
0
 10
123.815
 20
51.7045
 11
123.919
 21
51.625
  0
LINE
  8
0
 10
123.919
 20
51.625
 11
123.992
 21
51.4863
  0
LINE
  8
0
 10
123.992
 20
51.4863
 11
124.018
 21
51.335
  0
LINE
  8
0
 10
124.018
 20
51.335
 11
123.338
 21
51.335
  0
LINE
  8
0
 10
91.7732
 20
50.0834
 11
92.1721
 21
50.5882
  0
LINE
  8
0
 10
92.1721
 20
50.5882
 11
91.5475
 21
50.6424
  0
LINE
  8
0
 10
91.5475
 20
50.6424
 11
91.4152
 21
50.45
  0
LINE
  8
0
 10
91.4152
 20
50.45
 11
91.2139
 21
50.3965
  0
LINE
  8
0
 10
91.2139
 20
50.3965
 11
91.0564
 21
50.4297
  0
LINE
  8
0
 10
91.0564
 20
50.4297
 11
90.9403
 21
50.5286
  0
LINE
  8
0
 10
90.9403
 20
50.5286
 11
90.8647
 21
50.7006
  0
LINE
  8
0
 10
90.8647
 20
50.7006
 11
90.8436
 21
50.9008
  0
LINE
  8
0
 10
90.8436
 20
50.9008
 11
92.1558
 21
50.9008
  0
LINE
  8
0
 10
92.1558
 20
50.9008
 11
92.1558
 21
50.9689
  0
LINE
  8
0
 10
92.1558
 20
50.9689
 11
92.0961
 21
51.4779
  0
LINE
  8
0
 10
92.0961
 20
51.4779
 11
91.9121
 21
51.8576
  0
LINE
  8
0
 10
91.9121
 20
51.8576
 11
91.6075
 21
52.0921
  0
LINE
  8
0
 10
91.6075
 20
52.0921
 11
91.1968
 21
52.1693
  0
LINE
  8
0
 10
91.1968
 20
52.1693
 11
90.7668
 21
52.0977
  0
LINE
  8
0
 10
90.7668
 20
52.0977
 11
90.4428
 21
51.8801
  0
LINE
  8
0
 10
90.4428
 20
51.8801
 11
90.2428
 21
51.5293
  0
LINE
  8
0
 10
90.2428
 20
51.5293
 11
90.1774
 21
51.063
  0
LINE
  8
0
 10
90.1774
 20
51.063
 11
90.2418
 21
50.5838
  0
LINE
  8
0
 10
90.2418
 20
50.5838
 11
90.4386
 21
50.2279
  0
LINE
  8
0
 10
90.4386
 20
50.2279
 11
90.7599
 21
50.0093
  0
LINE
  8
0
 10
90.7599
 20
50.0093
 11
91.1907
 21
49.9371
  0
LINE
  8
0
 10
91.1907
 20
49.9371
 11
91.7732
 21
50.0834
  0
LINE
  8
0
 10
90.8494
 20
51.335
 11
90.8699
 21
51.4794
  0
LINE
  8
0
 10
90.8699
 20
51.4794
 11
90.939
 21
51.6193
  0
LINE
  8
0
 10
90.939
 20
51.6193
 11
91.0439
 21
51.703
  0
LINE
  8
0
 10
91.0439
 20
51.703
 11
91.1887
 21
51.7315
  0
LINE
  8
0
 10
91.1887
 20
51.7315
 11
91.3262
 21
51.7045
  0
LINE
  8
0
 10
91.3262
 20
51.7045
 11
91.4306
 21
51.625
  0
LINE
  8
0
 10
91.4306
 20
51.625
 11
91.5039
 21
51.4863
  0
LINE
  8
0
 10
91.5039
 20
51.4863
 11
91.53
 21
51.335
  0
LINE
  8
0
 10
91.53
 20
51.335
 11
90.8494
 21
51.335
  0
LINE
  8
0
 10
28.8601
 20
50.0114
 11
29.2088
 21
50.2362
  0
LINE
  8
0
 10
29.2088
 20
50.2362
 11
29.4279
 21
50.5921
  0
LINE
  8
0
 10
29.4279
 20
50.5921
 11
29.4999
 21
51.055
  0
LINE
  8
0
 10
29.4999
 20
51.055
 11
29.4312
 21
51.5268
  0
LINE
  8
0
 10
29.4312
 20
51.5268
 11
29.2214
 21
51.88
  0
LINE
  8
0
 10
29.2214
 20
51.88
 11
28.878
 21
52.0978
  0
LINE
  8
0
 10
28.878
 20
52.0978
 11
28.4163
 21
52.1692
  0
LINE
  8
0
 10
28.4163
 20
52.1692
 11
27.9609
 21
52.0952
  0
LINE
  8
0
 10
27.9609
 20
52.0952
 11
27.6145
 21
51.8704
  0
LINE
  8
0
 10
27.6145
 20
51.8704
 11
27.3983
 21
51.5154
  0
LINE
  8
0
 10
27.3983
 20
51.5154
 11
27.3272
 21
51.0553
  0
LINE
  8
0
 10
27.3272
 20
51.0553
 11
27.3983
 21
50.5935
  0
LINE
  8
0
 10
27.3983
 20
50.5935
 11
27.6144
 21
50.2374
  0
LINE
  8
0
 10
27.6144
 20
50.2374
 11
27.9578
 21
50.0118
  0
LINE
  8
0
 10
27.9578
 20
50.0118
 11
28.405
 21
49.9375
  0
LINE
  8
0
 10
28.405
 20
49.9375
 11
28.8601
 21
50.0114
  0
LINE
  8
0
 10
28.2258
 20
50.4434
 11
28.0988
 21
50.5612
  0
LINE
  8
0
 10
28.0988
 20
50.5612
 11
28.0167
 21
50.7647
  0
LINE
  8
0
 10
28.0167
 20
50.7647
 11
27.9885
 21
51.0519
  0
LINE
  8
0
 10
27.9885
 20
51.0519
 11
28.1028
 21
51.5431
  0
LINE
  8
0
 10
28.1028
 20
51.5431
 11
28.4305
 21
51.6997
  0
LINE
  8
0
 10
28.4305
 20
51.6997
 11
28.6023
 21
51.6644
  0
LINE
  8
0
 10
28.6023
 20
51.6644
 11
28.73
 21
51.5565
  0
LINE
  8
0
 10
28.73
 20
51.5565
 11
28.8122
 21
51.3591
  0
LINE
  8
0
 10
28.8122
 20
51.3591
 11
28.8406
 21
51.0587
  0
LINE
  8
0
 10
28.8406
 20
51.0587
 11
28.725
 21
50.5632
  0
LINE
  8
0
 10
28.725
 20
50.5632
 11
28.3935
 21
50.4053
  0
LINE
  8
0
 10
28.3935
 20
50.4053
 11
28.2258
 21
50.4434
  0
LINE
  8
0
 10
99.9398
 20
50.0114
 11
100.288
 21
50.2362
  0
LINE
  8
0
 10
100.288
 20
50.2362
 11
100.508
 21
50.5921
  0
LINE
  8
0
 10
100.508
 20
50.5921
 11
100.58
 21
51.055
  0
LINE
  8
0
 10
100.58
 20
51.055
 11
100.511
 21
51.5268
  0
LINE
  8
0
 10
100.511
 20
51.5268
 11
100.301
 21
51.88
  0
LINE
  8
0
 10
100.301
 20
51.88
 11
99.9577
 21
52.0978
  0
LINE
  8
0
 10
99.9577
 20
52.0978
 11
99.496
 21
52.1692
  0
LINE
  8
0
 10
99.496
 20
52.1692
 11
99.0406
 21
52.0952
  0
LINE
  8
0
 10
99.0406
 20
52.0952
 11
98.6942
 21
51.8704
  0
LINE
  8
0
 10
98.6942
 20
51.8704
 11
98.478
 21
51.5154
  0
LINE
  8
0
 10
98.478
 20
51.5154
 11
98.407
 21
51.0553
  0
LINE
  8
0
 10
98.407
 20
51.0553
 11
98.478
 21
50.5935
  0
LINE
  8
0
 10
98.478
 20
50.5935
 11
98.6941
 21
50.2374
  0
LINE
  8
0
 10
98.6941
 20
50.2374
 11
99.0375
 21
50.0118
  0
LINE
  8
0
 10
99.0375
 20
50.0118
 11
99.4847
 21
49.9375
  0
LINE
  8
0
 10
99.4847
 20
49.9375
 11
99.9398
 21
50.0114
  0
LINE
  8
0
 10
99.3055
 20
50.4434
 11
99.1786
 21
50.5612
  0
LINE
  8
0
 10
99.1786
 20
50.5612
 11
99.0964
 21
50.7647
  0
LINE
  8
0
 10
99.0964
 20
50.7647
 11
99.0683
 21
51.0519
  0
LINE
  8
0
 10
99.0683
 20
51.0519
 11
99.1825
 21
51.5431
  0
LINE
  8
0
 10
99.1825
 20
51.5431
 11
99.5102
 21
51.6997
  0
LINE
  8
0
 10
99.5102
 20
51.6997
 11
99.682
 21
51.6644
  0
LINE
  8
0
 10
99.682
 20
51.6644
 11
99.8097
 21
51.5565
  0
LINE
  8
0
 10
99.8097
 20
51.5565
 11
99.8919
 21
51.3591
  0
LINE
  8
0
 10
99.8919
 20
51.3591
 11
99.9203
 21
51.0587
  0
LINE
  8
0
 10
99.9203
 20
51.0587
 11
99.8047
 21
50.5632
  0
LINE
  8
0
 10
99.8047
 20
50.5632
 11
99.4733
 21
50.4053
  0
LINE
  8
0
 10
99.4733
 20
50.4053
 11
99.3055
 21
50.4434
  0
LINE
  8
0
 10
76.687
 20
50.0445
 11
76.9227
 21
50.2989
  0
LINE
  8
0
 10
76.9227
 20
50.2989
 11
76.9441
 21
50.2047
  0
LINE
  8
0
 10
76.9441
 20
50.2047
 11
77.0316
 21
50.0654
  0
LINE
  8
0
 10
77.0316
 20
50.0654
 11
77.1727
 21
49.9799
  0
LINE
  8
0
 10
77.1727
 20
49.9799
 11
77.3617
 21
49.9533
  0
LINE
  8
0
 10
77.3617
 20
49.9533
 11
77.4202
 21
49.9543
  0
LINE
  8
0
 10
77.4202
 20
49.9543
 11
77.4686
 21
49.9573
  0
LINE
  8
0
 10
77.4686
 20
49.9573
 11
77.5119
 21
49.9617
  0
LINE
  8
0
 10
77.5119
 20
49.9617
 11
77.5528
 21
49.9672
  0
LINE
  8
0
 10
77.5528
 20
49.9672
 11
77.5929
 21
49.9742
  0
LINE
  8
0
 10
77.5929
 20
49.9742
 11
77.6326
 21
49.9832
  0
LINE
  8
0
 10
77.6326
 20
49.9832
 11
77.6732
 21
49.9932
  0
LINE
  8
0
 10
77.6732
 20
49.9932
 11
77.7566
 21
50.0134
  0
LINE
  8
0
 10
77.7566
 20
50.0134
 11
77.7566
 21
50.3992
  0
LINE
  8
0
 10
77.7566
 20
50.3992
 11
77.6438
 21
50.3826
  0
LINE
  8
0
 10
77.6438
 20
50.3826
 11
77.5928
 21
50.3802
  0
LINE
  8
0
 10
77.5928
 20
50.3802
 11
77.5348
 21
50.3923
  0
LINE
  8
0
 10
77.5348
 20
50.3923
 11
77.5025
 21
50.4229
  0
LINE
  8
0
 10
77.5025
 20
50.4229
 11
77.4791
 21
50.4971
  0
LINE
  8
0
 10
77.4791
 20
50.4971
 11
77.4698
 21
50.6355
  0
LINE
  8
0
 10
77.4698
 20
50.6355
 11
77.4698
 21
51.386
  0
LINE
  8
0
 10
77.4698
 20
51.386
 11
77.4146
 21
51.7137
  0
LINE
  8
0
 10
77.4146
 20
51.7137
 11
77.2438
 21
51.9646
  0
LINE
  8
0
 10
77.2438
 20
51.9646
 11
76.97
 21
52.1188
  0
LINE
  8
0
 10
76.97
 20
52.1188
 11
76.6097
 21
52.1689
  0
LINE
  8
0
 10
76.6097
 20
52.1689
 11
76.2511
 21
52.1287
  0
LINE
  8
0
 10
76.2511
 20
52.1287
 11
75.9711
 21
52.0054
  0
LINE
  8
0
 10
75.9711
 20
52.0054
 11
75.7768
 21
51.7994
  0
LINE
  8
0
 10
75.7768
 20
51.7994
 11
75.6564
 21
51.4623
  0
LINE
  8
0
 10
75.6564
 20
51.4623
 11
76.322
 21
51.4305
  0
LINE
  8
0
 10
76.322
 20
51.4305
 11
76.3595
 21
51.5968
  0
LINE
  8
0
 10
76.3595
 20
51.5968
 11
76.4045
 21
51.6683
  0
LINE
  8
0
 10
76.4045
 20
51.6683
 11
76.4741
 21
51.7078
  0
LINE
  8
0
 10
76.4741
 20
51.7078
 11
76.5851
 21
51.7224
  0
LINE
  8
0
 10
76.5851
 20
51.7224
 11
76.7023
 21
51.7015
  0
LINE
  8
0
 10
76.7023
 20
51.7015
 11
76.775
 21
51.6439
  0
LINE
  8
0
 10
76.775
 20
51.6439
 11
76.8197
 21
51.5389
  0
LINE
  8
0
 10
76.8197
 20
51.5389
 11
76.8363
 21
51.3737
  0
LINE
  8
0
 10
76.8363
 20
51.3737
 11
76.8363
 21
51.3208
  0
LINE
  8
0
 10
76.8363
 20
51.3208
 11
76.4403
 21
51.3141
  0
LINE
  8
0
 10
76.4403
 20
51.3141
 11
76.081
 21
51.268
  0
LINE
  8
0
 10
76.081
 20
51.268
 11
75.8083
 21
51.1328
  0
LINE
  8
0
 10
75.8083
 20
51.1328
 11
75.6381
 21
50.909
  0
LINE
  8
0
 10
75.6381
 20
50.909
 11
75.5824
 21
50.6078
  0
LINE
  8
0
 10
75.5824
 20
50.6078
 11
75.6272
 21
50.3276
  0
LINE
  8
0
 10
75.6272
 20
50.3276
 11
75.7643
 21
50.1138
  0
LINE
  8
0
 10
75.7643
 20
50.1138
 11
75.9826
 21
49.9808
  0
LINE
  8
0
 10
75.9826
 20
49.9808
 11
76.2679
 21
49.9372
  0
LINE
  8
0
 10
76.2679
 20
49.9372
 11
76.687
 21
50.0445
  0
LINE
  8
0
 10
76.3547
 20
50.4255
 11
76.2947
 21
50.4663
  0
LINE
  8
0
 10
76.2947
 20
50.4663
 11
76.2546
 21
50.5376
  0
LINE
  8
0
 10
76.2546
 20
50.5376
 11
76.2398
 21
50.6498
  0
LINE
  8
0
 10
76.2398
 20
50.6498
 11
76.2487
 21
50.7398
  0
LINE
  8
0
 10
76.2487
 20
50.7398
 11
76.274
 21
50.8055
  0
LINE
  8
0
 10
76.274
 20
50.8055
 11
76.3134
 21
50.8524
  0
LINE
  8
0
 10
76.3134
 20
50.8524
 11
76.3686
 21
50.8862
  0
LINE
  8
0
 10
76.3686
 20
50.8862
 11
76.4623
 21
50.9102
  0
LINE
  8
0
 10
76.4623
 20
50.9102
 11
76.6155
 21
50.9236
  0
LINE
  8
0
 10
76.6155
 20
50.9236
 11
76.8363
 21
50.9267
  0
LINE
  8
0
 10
76.8363
 20
50.9267
 11
76.8363
 21
50.8757
  0
LINE
  8
0
 10
76.8363
 20
50.8757
 11
76.8225
 21
50.753
  0
LINE
  8
0
 10
76.8225
 20
50.753
 11
76.7823
 21
50.6399
  0
LINE
  8
0
 10
76.7823
 20
50.6399
 11
76.7193
 21
50.5431
  0
LINE
  8
0
 10
76.7193
 20
50.5431
 11
76.6374
 21
50.4709
  0
LINE
  8
0
 10
76.6374
 20
50.4709
 11
76.5417
 21
50.4258
  0
LINE
  8
0
 10
76.5417
 20
50.4258
 11
76.4371
 21
50.4109
  0
LINE
  8
0
 10
76.4371
 20
50.4109
 11
76.3547
 21
50.4255
  0
LINE
  8
0
 10
117.725
 20
52.1306
 11
117.091
 21
52.1306
  0
LINE
  8
0
 10
117.091
 20
52.1306
 11
117.091
 21
49.9761
  0
LINE
  8
0
 10
117.091
 20
49.9761
 11
117.725
 21
49.9761
  0
LINE
  8
0
 10
117.725
 20
49.9761
 11
117.725
 21
52.1306
  0
LINE
  8
0
 10
101.767
 20
49.966
 11
101.961
 21
50.0521
  0
LINE
  8
0
 10
101.961
 20
50.0521
 11
102.122
 21
50.2008
  0
LINE
  8
0
 10
102.122
 20
50.2008
 11
102.168
 21
50.2781
  0
LINE
  8
0
 10
102.168
 20
50.2781
 11
102.169
 21
50.2623
  0
LINE
  8
0
 10
102.169
 20
50.2623
 11
102.189
 21
49.9761
  0
LINE
  8
0
 10
102.189
 20
49.9761
 11
102.797
 21
49.9761
  0
LINE
  8
0
 10
102.797
 20
49.9761
 11
102.783
 21
50.2416
  0
LINE
  8
0
 10
102.783
 20
50.2416
 11
102.779
 21
50.4856
  0
LINE
  8
0
 10
102.779
 20
50.4856
 11
102.779
 21
52.1306
  0
LINE
  8
0
 10
102.779
 20
52.1306
 11
102.146
 21
52.1306
  0
LINE
  8
0
 10
102.146
 20
52.1306
 11
102.146
 21
50.9824
  0
LINE
  8
0
 10
102.146
 20
50.9824
 11
102.117
 21
50.7567
  0
LINE
  8
0
 10
102.117
 20
50.7567
 11
102.036
 21
50.5833
  0
LINE
  8
0
 10
102.036
 20
50.5833
 11
101.916
 21
50.4741
  0
LINE
  8
0
 10
101.916
 20
50.4741
 11
101.771
 21
50.4397
  0
LINE
  8
0
 10
101.771
 20
50.4397
 11
101.535
 21
50.5564
  0
LINE
  8
0
 10
101.535
 20
50.5564
 11
101.45
 21
50.9336
  0
LINE
  8
0
 10
101.45
 20
50.9336
 11
101.45
 21
52.1306
  0
LINE
  8
0
 10
101.45
 20
52.1306
 11
100.817
 21
52.1306
  0
LINE
  8
0
 10
100.817
 20
52.1306
 11
100.817
 21
50.7729
  0
LINE
  8
0
 10
100.817
 20
50.7729
 11
100.862
 21
50.4202
  0
LINE
  8
0
 10
100.862
 20
50.4202
 11
101.003
 21
50.1545
  0
LINE
  8
0
 10
101.003
 20
50.1545
 11
101.234
 21
49.9909
  0
LINE
  8
0
 10
101.234
 20
49.9909
 11
101.541
 21
49.9376
  0
LINE
  8
0
 10
101.541
 20
49.9376
 11
101.767
 21
49.966
  0
LINE
  8
0
 10
87.5561
 20
52.1306
 11
86.9225
 21
52.1306
  0
LINE
  8
0
 10
86.9225
 20
52.1306
 11
86.9225
 21
49.9761
  0
LINE
  8
0
 10
86.9225
 20
49.9761
 11
87.5561
 21
49.9761
  0
LINE
  8
0
 10
87.5561
 20
49.9761
 11
87.5561
 21
52.1306
  0
LINE
  8
0
 10
78.4864
 20
52.1306
 11
77.8528
 21
52.1306
  0
LINE
  8
0
 10
77.8528
 20
52.1306
 11
77.8528
 21
49.9761
  0
LINE
  8
0
 10
77.8528
 20
49.9761
 11
78.4864
 21
49.9761
  0
LINE
  8
0
 10
78.4864
 20
49.9761
 11
78.4864
 21
52.1306
  0
LINE
  8
0
 10
64.6428
 20
50.4654
 11
63.6389
 21
50.4654
  0
LINE
  8
0
 10
63.6389
 20
50.4654
 11
64.5497
 21
51.6823
  0
LINE
  8
0
 10
64.5497
 20
51.6823
 11
64.5497
 21
52.1306
  0
LINE
  8
0
 10
64.5497
 20
52.1306
 11
62.9725
 21
52.1306
  0
LINE
  8
0
 10
62.9725
 20
52.1306
 11
62.9725
 21
51.6451
  0
LINE
  8
0
 10
62.9725
 20
51.6451
 11
63.8112
 21
51.6451
  0
LINE
  8
0
 10
63.8112
 20
51.6451
 11
62.8947
 21
50.4206
  0
LINE
  8
0
 10
62.8947
 20
50.4206
 11
62.8947
 21
49.9761
  0
LINE
  8
0
 10
62.8947
 20
49.9761
 11
64.6428
 21
49.9761
  0
LINE
  8
0
 10
64.6428
 20
49.9761
 11
64.6428
 21
50.4654
  0
LINE
  8
0
 10
46.264
 20
52.0983
 11
44.2139
 21
52.0983
  0
LINE
  8
0
 10
44.2139
 20
52.0983
 11
44.2139
 21
51.5749
  0
LINE
  8
0
 10
44.2139
 20
51.5749
 11
46.264
 21
51.5749
  0
LINE
  8
0
 10
46.264
 20
51.5749
 11
46.264
 21
52.0983
  0
LINE
  8
0
 10
46.264
 20
51.0483
 11
44.2139
 21
51.0483
  0
LINE
  8
0
 10
44.2139
 20
51.0483
 11
44.2139
 21
50.5287
  0
LINE
  8
0
 10
44.2139
 20
50.5287
 11
46.264
 21
50.5287
  0
LINE
  8
0
 10
46.264
 20
50.5287
 11
46.264
 21
51.0483
  0
LINE
  8
0
 10
52.4624
 20
50.6553
 11
51.8137
 21
50.6553
  0
LINE
  8
0
 10
51.8137
 20
50.6553
 11
51.8137
 21
49.9761
  0
LINE
  8
0
 10
51.8137
 20
49.9761
 11
52.4624
 21
49.9761
  0
LINE
  8
0
 10
52.4624
 20
49.9761
 11
52.4624
 21
50.6553
  0
LINE
  8
0
 10
98.3798
 20
43.036
 11
98.5662
 21
43.2436
  0
LINE
  8
0
 10
98.5662
 20
43.2436
 11
98.572
 21
43.165
  0
LINE
  8
0
 10
98.572
 20
43.165
 11
98.582
 21
43.0695
  0
LINE
  8
0
 10
98.582
 20
43.0695
 11
98.5975
 21
42.9761
  0
LINE
  8
0
 10
98.5975
 20
42.9761
 11
99.2087
 21
42.9761
  0
LINE
  8
0
 10
99.2087
 20
42.9761
 11
99.1949
 21
43.269
  0
LINE
  8
0
 10
99.1949
 20
43.269
 11
99.1911
 21
43.4742
  0
LINE
  8
0
 10
99.1911
 20
43.4742
 11
99.1911
 21
45.8939
  0
LINE
  8
0
 10
99.1911
 20
45.8939
 11
98.5576
 21
45.8939
  0
LINE
  8
0
 10
98.5576
 20
45.8939
 11
98.5576
 21
45.0936
  0
LINE
  8
0
 10
98.5576
 20
45.0936
 11
98.5595
 21
44.9202
  0
LINE
  8
0
 10
98.5595
 20
44.9202
 11
98.5414
 21
44.9479
  0
LINE
  8
0
 10
98.5414
 20
44.9479
 11
98.3891
 21
45.0711
  0
LINE
  8
0
 10
98.3891
 20
45.0711
 11
98.2023
 21
45.1447
  0
LINE
  8
0
 10
98.2023
 20
45.1447
 11
97.9843
 21
45.1691
  0
LINE
  8
0
 10
97.9843
 20
45.1691
 11
97.6293
 21
45.0954
  0
LINE
  8
0
 10
97.6293
 20
45.0954
 11
97.3621
 21
44.8714
  0
LINE
  8
0
 10
97.3621
 20
44.8714
 11
97.1995
 21
44.5177
  0
LINE
  8
0
 10
97.1995
 20
44.5177
 11
97.1465
 21
44.0516
  0
LINE
  8
0
 10
97.1465
 20
44.0516
 11
97.1968
 21
43.591
  0
LINE
  8
0
 10
97.1968
 20
43.591
 11
97.351
 21
43.2381
  0
LINE
  8
0
 10
97.351
 20
43.2381
 11
97.6053
 21
43.0121
  0
LINE
  8
0
 10
97.6053
 20
43.0121
 11
97.947
 21
42.9369
  0
LINE
  8
0
 10
97.947
 20
42.9369
 11
98.3798
 21
43.036
  0
LINE
  8
0
 10
97.9025
 20
43.5599
 11
97.8036
 21
44.0543
  0
LINE
  8
0
 10
97.8036
 20
44.0543
 11
97.8285
 21
44.3519
  0
LINE
  8
0
 10
97.8285
 20
44.3519
 11
97.9008
 21
44.5546
  0
LINE
  8
0
 10
97.9008
 20
44.5546
 11
98.0146
 21
44.6669
  0
LINE
  8
0
 10
98.0146
 20
44.6669
 11
98.1765
 21
44.7045
  0
LINE
  8
0
 10
98.1765
 20
44.7045
 11
98.3416
 21
44.6656
  0
LINE
  8
0
 10
98.3416
 20
44.6656
 11
98.4613
 21
44.5484
  0
LINE
  8
0
 10
98.4613
 20
44.5484
 11
98.5383
 21
44.3473
  0
LINE
  8
0
 10
98.5383
 20
44.3473
 11
98.565
 21
44.0648
  0
LINE
  8
0
 10
98.565
 20
44.0648
 11
98.5371
 21
43.7738
  0
LINE
  8
0
 10
98.5371
 20
43.7738
 11
98.4565
 21
43.5658
  0
LINE
  8
0
 10
98.4565
 20
43.5658
 11
98.3343
 21
43.4442
  0
LINE
  8
0
 10
98.3343
 20
43.4442
 11
98.1798
 21
43.406
  0
LINE
  8
0
 10
98.1798
 20
43.406
 11
97.9025
 21
43.5599
  0
LINE
  8
0
 10
104.436
 20
45.8939
 11
103.803
 21
45.8939
  0
LINE
  8
0
 10
103.803
 20
45.8939
 11
103.803
 21
45.4008
  0
LINE
  8
0
 10
103.803
 20
45.4008
 11
104.436
 21
45.4008
  0
LINE
  8
0
 10
104.436
 20
45.4008
 11
104.436
 21
45.8939
  0
LINE
  8
0
 10
120.675
 20
42.6283
 11
120.852
 21
43.0645
  0
LINE
  8
0
 10
120.852
 20
43.0645
 11
120.953
 21
43.5247
  0
LINE
  8
0
 10
120.953
 20
43.5247
 11
120.986
 21
44.0344
  0
LINE
  8
0
 10
120.986
 20
44.0344
 11
120.953
 21
44.5412
  0
LINE
  8
0
 10
120.953
 20
44.5412
 11
120.852
 21
45.0005
  0
LINE
  8
0
 10
120.852
 20
45.0005
 11
120.675
 21
45.4362
  0
LINE
  8
0
 10
120.675
 20
45.4362
 11
120.401
 21
45.8939
  0
LINE
  8
0
 10
120.401
 20
45.8939
 11
119.75
 21
45.8939
  0
LINE
  8
0
 10
119.75
 20
45.8939
 11
120.052
 21
45.3921
  0
LINE
  8
0
 10
120.052
 20
45.3921
 11
120.226
 21
44.9695
  0
LINE
  8
0
 10
120.226
 20
44.9695
 11
120.326
 21
44.5243
  0
LINE
  8
0
 10
120.326
 20
44.5243
 11
120.36
 21
44.0324
  0
LINE
  8
0
 10
120.36
 20
44.0324
 11
120.327
 21
43.5435
  0
LINE
  8
0
 10
120.327
 20
43.5435
 11
120.228
 21
43.1029
  0
LINE
  8
0
 10
120.228
 20
43.1029
 11
120.055
 21
42.6809
  0
LINE
  8
0
 10
120.055
 20
42.6809
 11
119.751
 21
42.1692
  0
LINE
  8
0
 10
119.751
 20
42.1692
 11
120.401
 21
42.1692
  0
LINE
  8
0
 10
120.401
 20
42.1692
 11
120.675
 21
42.6283
  0
LINE
  8
0
 10
40.0973
 20
45.8939
 11
39.4638
 21
45.8939
  0
LINE
  8
0
 10
39.4638
 20
45.8939
 11
39.4638
 21
45.4008
  0
LINE
  8
0
 10
39.4638
 20
45.4008
 11
40.0973
 21
45.4008
  0
LINE
  8
0
 10
40.0973
 20
45.4008
 11
40.0973
 21
45.8939
  0
LINE
  8
0
 10
92.1633
 20
45.8939
 11
91.6098
 21
45.8939
  0
LINE
  8
0
 10
91.6098
 20
45.8939
 11
91.0382
 21
42.8983
  0
LINE
  8
0
 10
91.0382
 20
42.8983
 11
91.6015
 21
42.8983
  0
LINE
  8
0
 10
91.6015
 20
42.8983
 11
92.1633
 21
45.8939
  0
LINE
  8
0
 10
47.0623
 20
45.8939
 11
46.4288
 21
45.8939
  0
LINE
  8
0
 10
46.4288
 20
45.8939
 11
46.4288
 21
42.9761
  0
LINE
  8
0
 10
46.4288
 20
42.9761
 11
47.0623
 21
42.9761
  0
LINE
  8
0
 10
47.0623
 20
42.9761
 11
47.0623
 21
45.8939
  0
LINE
  8
0
 10
56.1719
 20
45.8939
 11
55.6184
 21
45.8939
  0
LINE
  8
0
 10
55.6184
 20
45.8939
 11
55.0468
 21
42.8983
  0
LINE
  8
0
 10
55.0468
 20
42.8983
 11
55.6101
 21
42.8983
  0
LINE
  8
0
 10
55.6101
 20
42.8983
 11
56.1719
 21
45.8939
  0
LINE
  8
0
 10
96.8485
 20
42.6799
 11
96.6749
 21
43.1029
  0
LINE
  8
0
 10
96.6749
 20
43.1029
 11
96.5756
 21
43.5444
  0
LINE
  8
0
 10
96.5756
 20
43.5444
 11
96.5424
 21
44.0325
  0
LINE
  8
0
 10
96.5424
 20
44.0325
 11
96.5758
 21
44.5226
  0
LINE
  8
0
 10
96.5758
 20
44.5226
 11
96.6759
 21
44.9667
  0
LINE
  8
0
 10
96.6759
 20
44.9667
 11
96.8497
 21
45.3895
  0
LINE
  8
0
 10
96.8497
 20
45.3895
 11
97.1521
 21
45.8939
  0
LINE
  8
0
 10
97.1521
 20
45.8939
 11
96.502
 21
45.8939
  0
LINE
  8
0
 10
96.502
 20
45.8939
 11
96.2286
 21
45.4394
  0
LINE
  8
0
 10
96.2286
 20
45.4394
 11
96.0513
 21
45.0053
  0
LINE
  8
0
 10
96.0513
 20
45.0053
 11
95.9499
 21
44.5453
  0
LINE
  8
0
 10
95.9499
 20
44.5453
 11
95.9162
 21
44.0343
  0
LINE
  8
0
 10
95.9162
 20
44.0343
 11
95.9499
 21
43.5218
  0
LINE
  8
0
 10
95.9499
 20
43.5218
 11
96.0513
 21
43.0606
  0
LINE
  8
0
 10
96.0513
 20
43.0606
 11
96.2286
 21
42.6254
  0
LINE
  8
0
 10
96.2286
 20
42.6254
 11
96.5019
 21
42.1692
  0
LINE
  8
0
 10
96.5019
 20
42.1692
 11
97.1516
 21
42.1692
  0
LINE
  8
0
 10
97.1516
 20
42.1692
 11
96.8485
 21
42.6799
  0
LINE
  8
0
 10
81.5508
 20
43.0301
 11
81.884
 21
43.3105
  0
LINE
  8
0
 10
81.884
 20
43.3105
 11
82.0869
 21
43.7712
  0
LINE
  8
0
 10
82.0869
 20
43.7712
 11
82.1533
 21
44.4064
  0
LINE
  8
0
 10
82.1533
 20
44.4064
 11
82.0934
 21
45.0036
  0
LINE
  8
0
 10
82.0934
 20
45.0036
 11
81.91
 21
45.4386
  0
LINE
  8
0
 10
81.91
 20
45.4386
 11
81.595
 21
45.7045
  0
LINE
  8
0
 10
81.595
 20
45.7045
 11
81.1549
 21
45.7921
  0
LINE
  8
0
 10
81.1549
 20
45.7921
 11
80.7407
 21
45.7299
  0
LINE
  8
0
 10
80.7407
 20
45.7299
 11
80.4278
 21
45.5408
  0
LINE
  8
0
 10
80.4278
 20
45.5408
 11
80.2328
 21
45.2389
  0
LINE
  8
0
 10
80.2328
 20
45.2389
 11
80.1689
 21
44.8456
  0
LINE
  8
0
 10
80.1689
 20
44.8456
 11
80.2233
 21
44.4614
  0
LINE
  8
0
 10
80.2233
 20
44.4614
 11
80.3889
 21
44.161
  0
LINE
  8
0
 10
80.3889
 20
44.161
 11
80.6511
 21
43.9677
  0
LINE
  8
0
 10
80.6511
 20
43.9677
 11
80.9865
 21
43.9041
  0
LINE
  8
0
 10
80.9865
 20
43.9041
 11
81.1832
 21
43.9257
  0
LINE
  8
0
 10
81.1832
 20
43.9257
 11
81.3654
 21
43.9903
  0
LINE
  8
0
 10
81.3654
 20
43.9903
 11
81.5139
 21
44.0914
  0
LINE
  8
0
 10
81.5139
 20
44.0914
 11
81.4967
 21
43.8991
  0
LINE
  8
0
 10
81.4967
 20
43.8991
 11
81.4107
 21
43.6483
  0
LINE
  8
0
 10
81.4107
 20
43.6483
 11
81.281
 21
43.5059
  0
LINE
  8
0
 10
81.281
 20
43.5059
 11
81.1112
 21
43.4599
  0
LINE
  8
0
 10
81.1112
 20
43.4599
 11
80.9241
 21
43.5194
  0
LINE
  8
0
 10
80.9241
 20
43.5194
 11
80.7945
 21
43.7411
  0
LINE
  8
0
 10
80.7945
 20
43.7411
 11
80.1969
 21
43.6573
  0
LINE
  8
0
 10
80.1969
 20
43.6573
 11
80.3365
 21
43.3074
  0
LINE
  8
0
 10
80.3365
 20
43.3074
 11
80.5201
 21
43.0984
  0
LINE
  8
0
 10
80.5201
 20
43.0984
 11
80.7753
 21
42.9772
  0
LINE
  8
0
 10
80.7753
 20
42.9772
 11
81.1065
 21
42.9375
  0
LINE
  8
0
 10
81.1065
 20
42.9375
 11
81.5508
 21
43.0301
  0
LINE
  8
0
 10
81.0043
 20
44.4313
 11
80.9016
 21
44.5168
  0
LINE
  8
0
 10
80.9016
 20
44.5168
 11
80.8344
 21
44.6557
  0
LINE
  8
0
 10
80.8344
 20
44.6557
 11
80.811
 21
44.8413
  0
LINE
  8
0
 10
80.811
 20
44.8413
 11
80.8346
 21
45.0281
  0
LINE
  8
0
 10
80.8346
 20
45.0281
 11
80.902
 21
45.1632
  0
LINE
  8
0
 10
80.902
 20
45.1632
 11
81.0043
 21
45.2449
  0
LINE
  8
0
 10
81.0043
 20
45.2449
 11
81.1398
 21
45.2725
  0
LINE
  8
0
 10
81.1398
 20
45.2725
 11
81.2797
 21
45.2408
  0
LINE
  8
0
 10
81.2797
 20
45.2408
 11
81.3893
 21
45.1456
  0
LINE
  8
0
 10
81.3893
 20
45.1456
 11
81.4632
 21
44.9898
  0
LINE
  8
0
 10
81.4632
 20
44.9898
 11
81.4886
 21
44.7815
  0
LINE
  8
0
 10
81.4886
 20
44.7815
 11
81.4631
 21
44.6225
  0
LINE
  8
0
 10
81.4631
 20
44.6225
 11
81.3892
 21
44.5035
  0
LINE
  8
0
 10
81.3892
 20
44.5035
 11
81.2791
 21
44.4278
  0
LINE
  8
0
 10
81.2791
 20
44.4278
 11
81.1429
 21
44.4024
  0
LINE
  8
0
 10
81.1429
 20
44.4024
 11
81.0043
 21
44.4313
  0
LINE
  8
0
 10
33.1464
 20
43.0294
 11
33.4557
 21
43.3081
  0
LINE
  8
0
 10
33.4557
 20
43.3081
 11
33.6371
 21
43.757
  0
LINE
  8
0
 10
33.6371
 20
43.757
 11
33.6965
 21
44.3646
  0
LINE
  8
0
 10
33.6965
 20
44.3646
 11
33.6403
 21
44.979
  0
LINE
  8
0
 10
33.6403
 20
44.979
 11
33.4684
 21
45.4267
  0
LINE
  8
0
 10
33.4684
 20
45.4267
 11
33.1657
 21
45.7016
  0
LINE
  8
0
 10
33.1657
 20
45.7016
 11
32.7332
 21
45.792
  0
LINE
  8
0
 10
32.7332
 20
45.792
 11
32.4191
 21
45.754
  0
LINE
  8
0
 10
32.4191
 20
45.754
 11
32.1698
 21
45.6384
  0
LINE
  8
0
 10
32.1698
 20
45.6384
 11
31.9816
 21
45.4416
  0
LINE
  8
0
 10
31.9816
 20
45.4416
 11
31.8499
 21
45.1652
  0
LINE
  8
0
 10
31.8499
 20
45.1652
 11
31.7723
 21
44.8077
  0
LINE
  8
0
 10
31.7723
 20
44.8077
 11
31.7465
 21
44.3607
  0
LINE
  8
0
 10
31.7465
 20
44.3607
 11
31.983
 21
43.2982
  0
LINE
  8
0
 10
31.983
 20
43.2982
 11
32.7092
 21
42.9356
  0
LINE
  8
0
 10
32.7092
 20
42.9356
 11
33.1464
 21
43.0294
  0
LINE
  8
0
 10
32.6031
 20
43.4776
 11
32.5225
 21
43.5321
  0
LINE
  8
0
 10
32.5225
 20
43.5321
 11
32.4619
 21
43.635
  0
LINE
  8
0
 10
32.4619
 20
43.635
 11
32.4167
 21
43.8017
  0
LINE
  8
0
 10
32.4167
 20
43.8017
 11
32.3896
 21
44.042
  0
LINE
  8
0
 10
32.3896
 20
44.042
 11
32.3804
 21
44.3645
  0
LINE
  8
0
 10
32.3804
 20
44.3645
 11
32.3891
 21
44.6902
  0
LINE
  8
0
 10
32.3891
 20
44.6902
 11
32.4148
 21
44.9299
  0
LINE
  8
0
 10
32.4148
 20
44.9299
 11
32.459
 21
45.0951
  0
LINE
  8
0
 10
32.459
 20
45.0951
 11
32.5204
 21
45.198
  0
LINE
  8
0
 10
32.5204
 20
45.198
 11
32.6041
 21
45.2534
  0
LINE
  8
0
 10
32.6041
 20
45.2534
 11
32.7271
 21
45.2729
  0
LINE
  8
0
 10
32.7271
 20
45.2729
 11
32.842
 21
45.2538
  0
LINE
  8
0
 10
32.842
 20
45.2538
 11
32.9213
 21
45.1995
  0
LINE
  8
0
 10
32.9213
 20
45.1995
 11
32.9811
 21
45.0968
  0
LINE
  8
0
 10
32.9811
 20
45.0968
 11
33.0254
 21
44.9308
  0
LINE
  8
0
 10
33.0254
 20
44.9308
 11
33.0518
 21
44.6904
  0
LINE
  8
0
 10
33.0518
 20
44.6904
 11
33.0608
 21
44.3646
  0
LINE
  8
0
 10
33.0608
 20
44.3646
 11
33.0516
 21
44.0504
  0
LINE
  8
0
 10
33.0516
 20
44.0504
 11
33.0245
 21
43.8121
  0
LINE
  8
0
 10
33.0245
 20
43.8121
 11
32.9788
 21
43.6435
  0
LINE
  8
0
 10
32.9788
 20
43.6435
 11
32.9164
 21
43.5363
  0
LINE
  8
0
 10
32.9164
 20
43.5363
 11
32.8346
 21
43.4786
  0
LINE
  8
0
 10
32.8346
 20
43.4786
 11
32.7194
 21
43.4585
  0
LINE
  8
0
 10
32.7194
 20
43.4585
 11
32.6031
 21
43.4776
  0
LINE
  8
0
 10
76.3087
 20
43.0294
 11
76.6179
 21
43.3081
  0
LINE
  8
0
 10
76.6179
 20
43.3081
 11
76.7994
 21
43.757
  0
LINE
  8
0
 10
76.7994
 20
43.757
 11
76.8587
 21
44.3646
  0
LINE
  8
0
 10
76.8587
 20
44.3646
 11
76.8026
 21
44.979
  0
LINE
  8
0
 10
76.8026
 20
44.979
 11
76.6307
 21
45.4267
  0
LINE
  8
0
 10
76.6307
 20
45.4267
 11
76.3279
 21
45.7016
  0
LINE
  8
0
 10
76.3279
 20
45.7016
 11
75.8955
 21
45.792
  0
LINE
  8
0
 10
75.8955
 20
45.792
 11
75.5813
 21
45.754
  0
LINE
  8
0
 10
75.5813
 20
45.754
 11
75.332
 21
45.6384
  0
LINE
  8
0
 10
75.332
 20
45.6384
 11
75.1439
 21
45.4416
  0
LINE
  8
0
 10
75.1439
 20
45.4416
 11
75.0121
 21
45.1652
  0
LINE
  8
0
 10
75.0121
 20
45.1652
 11
74.9346
 21
44.8077
  0
LINE
  8
0
 10
74.9346
 20
44.8077
 11
74.9088
 21
44.3607
  0
LINE
  8
0
 10
74.9088
 20
44.3607
 11
75.1452
 21
43.2982
  0
LINE
  8
0
 10
75.1452
 20
43.2982
 11
75.8715
 21
42.9356
  0
LINE
  8
0
 10
75.8715
 20
42.9356
 11
76.3087
 21
43.0294
  0
LINE
  8
0
 10
75.7654
 20
43.4776
 11
75.6848
 21
43.5321
  0
LINE
  8
0
 10
75.6848
 20
43.5321
 11
75.6241
 21
43.635
  0
LINE
  8
0
 10
75.6241
 20
43.635
 11
75.5789
 21
43.8017
  0
LINE
  8
0
 10
75.5789
 20
43.8017
 11
75.5518
 21
44.042
  0
LINE
  8
0
 10
75.5518
 20
44.042
 11
75.5427
 21
44.3646
  0
LINE
  8
0
 10
75.5427
 20
44.3646
 11
75.5514
 21
44.6902
  0
LINE
  8
0
 10
75.5514
 20
44.6902
 11
75.5771
 21
44.9299
  0
LINE
  8
0
 10
75.5771
 20
44.9299
 11
75.6213
 21
45.0951
  0
LINE
  8
0
 10
75.6213
 20
45.0951
 11
75.6826
 21
45.198
  0
LINE
  8
0
 10
75.6826
 20
45.198
 11
75.7664
 21
45.2534
  0
LINE
  8
0
 10
75.7664
 20
45.2534
 11
75.8893
 21
45.2729
  0
LINE
  8
0
 10
75.8893
 20
45.2729
 11
76.0042
 21
45.2538
  0
LINE
  8
0
 10
76.0042
 20
45.2538
 11
76.0836
 21
45.1995
  0
LINE
  8
0
 10
76.0836
 20
45.1995
 11
76.1434
 21
45.0968
  0
LINE
  8
0
 10
76.1434
 20
45.0968
 11
76.1877
 21
44.9308
  0
LINE
  8
0
 10
76.1877
 20
44.9308
 11
76.2141
 21
44.6904
  0
LINE
  8
0
 10
76.2141
 20
44.6904
 11
76.223
 21
44.3646
  0
LINE
  8
0
 10
76.223
 20
44.3646
 11
76.2139
 21
44.0504
  0
LINE
  8
0
 10
76.2139
 20
44.0504
 11
76.1868
 21
43.8121
  0
LINE
  8
0
 10
76.1868
 20
43.8121
 11
76.1411
 21
43.6435
  0
LINE
  8
0
 10
76.1411
 20
43.6435
 11
76.0787
 21
43.5363
  0
LINE
  8
0
 10
76.0787
 20
43.5363
 11
75.9968
 21
43.4786
  0
LINE
  8
0
 10
75.9968
 20
43.4786
 11
75.8817
 21
43.4585
  0
LINE
  8
0
 10
75.8817
 20
43.4585
 11
75.7654
 21
43.4776
  0
LINE
  8
0
 10
117.114
 20
43.0294
 11
117.423
 21
43.3081
  0
LINE
  8
0
 10
117.423
 20
43.3081
 11
117.605
 21
43.757
  0
LINE
  8
0
 10
117.605
 20
43.757
 11
117.664
 21
44.3646
  0
LINE
  8
0
 10
117.664
 20
44.3646
 11
117.608
 21
44.979
  0
LINE
  8
0
 10
117.608
 20
44.979
 11
117.436
 21
45.4267
  0
LINE
  8
0
 10
117.436
 20
45.4267
 11
117.133
 21
45.7016
  0
LINE
  8
0
 10
117.133
 20
45.7016
 11
116.701
 21
45.792
  0
LINE
  8
0
 10
116.701
 20
45.792
 11
116.387
 21
45.754
  0
LINE
  8
0
 10
116.387
 20
45.754
 11
116.137
 21
45.6384
  0
LINE
  8
0
 10
116.137
 20
45.6384
 11
115.949
 21
45.4416
  0
LINE
  8
0
 10
115.949
 20
45.4416
 11
115.817
 21
45.1652
  0
LINE
  8
0
 10
115.817
 20
45.1652
 11
115.74
 21
44.8077
  0
LINE
  8
0
 10
115.74
 20
44.8077
 11
115.714
 21
44.3607
  0
LINE
  8
0
 10
115.714
 20
44.3607
 11
115.951
 21
43.2982
  0
LINE
  8
0
 10
115.951
 20
43.2982
 11
116.677
 21
42.9356
  0
LINE
  8
0
 10
116.677
 20
42.9356
 11
117.114
 21
43.0294
  0
LINE
  8
0
 10
116.571
 20
43.4776
 11
116.49
 21
43.5321
  0
LINE
  8
0
 10
116.49
 20
43.5321
 11
116.429
 21
43.635
  0
LINE
  8
0
 10
116.429
 20
43.635
 11
116.384
 21
43.8017
  0
LINE
  8
0
 10
116.384
 20
43.8017
 11
116.357
 21
44.042
  0
LINE
  8
0
 10
116.357
 20
44.042
 11
116.348
 21
44.3646
  0
LINE
  8
0
 10
116.348
 20
44.3646
 11
116.357
 21
44.6902
  0
LINE
  8
0
 10
116.357
 20
44.6902
 11
116.382
 21
44.9299
  0
LINE
  8
0
 10
116.382
 20
44.9299
 11
116.427
 21
45.0951
  0
LINE
  8
0
 10
116.427
 20
45.0951
 11
116.488
 21
45.198
  0
LINE
  8
0
 10
116.488
 20
45.198
 11
116.572
 21
45.2534
  0
LINE
  8
0
 10
116.572
 20
45.2534
 11
116.695
 21
45.2729
  0
LINE
  8
0
 10
116.695
 20
45.2729
 11
116.81
 21
45.2538
  0
LINE
  8
0
 10
116.81
 20
45.2538
 11
116.889
 21
45.1995
  0
LINE
  8
0
 10
116.889
 20
45.1995
 11
116.949
 21
45.0968
  0
LINE
  8
0
 10
116.949
 20
45.0968
 11
116.993
 21
44.9308
  0
LINE
  8
0
 10
116.993
 20
44.9308
 11
117.019
 21
44.6904
  0
LINE
  8
0
 10
117.019
 20
44.6904
 11
117.028
 21
44.3646
  0
LINE
  8
0
 10
117.028
 20
44.3646
 11
117.019
 21
44.0504
  0
LINE
  8
0
 10
117.019
 20
44.0504
 11
116.992
 21
43.8121
  0
LINE
  8
0
 10
116.992
 20
43.8121
 11
116.946
 21
43.6434
  0
LINE
  8
0
 10
116.946
 20
43.6434
 11
116.884
 21
43.5363
  0
LINE
  8
0
 10
116.884
 20
43.5363
 11
116.802
 21
43.4786
  0
LINE
  8
0
 10
116.802
 20
43.4786
 11
116.687
 21
43.4585
  0
LINE
  8
0
 10
116.687
 20
43.4585
 11
116.571
 21
43.4776
  0
LINE
  8
0
 10
119.214
 20
42.9852
 11
119.531
 21
43.1483
  0
LINE
  8
0
 10
119.531
 20
43.1483
 11
119.73
 21
43.4147
  0
LINE
  8
0
 10
119.73
 20
43.4147
 11
119.796
 21
43.7683
  0
LINE
  8
0
 10
119.796
 20
43.7683
 11
119.751
 21
44.0226
  0
LINE
  8
0
 10
119.751
 20
44.0226
 11
119.615
 21
44.2289
  0
LINE
  8
0
 10
119.615
 20
44.2289
 11
119.398
 21
44.3729
  0
LINE
  8
0
 10
119.398
 20
44.3729
 11
119.272
 21
44.4047
  0
LINE
  8
0
 10
119.272
 20
44.4047
 11
119.373
 21
44.438
  0
LINE
  8
0
 10
119.373
 20
44.438
 11
119.567
 21
44.5831
  0
LINE
  8
0
 10
119.567
 20
44.5831
 11
119.688
 21
44.7835
  0
LINE
  8
0
 10
119.688
 20
44.7835
 11
119.727
 21
45.0302
  0
LINE
  8
0
 10
119.727
 20
45.0302
 11
119.664
 21
45.3487
  0
LINE
  8
0
 10
119.664
 20
45.3487
 11
119.473
 21
45.5921
  0
LINE
  8
0
 10
119.473
 20
45.5921
 11
119.173
 21
45.7426
  0
LINE
  8
0
 10
119.173
 20
45.7426
 11
118.784
 21
45.7918
  0
LINE
  8
0
 10
118.784
 20
45.7918
 11
118.411
 21
45.7408
  0
LINE
  8
0
 10
118.411
 20
45.7408
 11
118.112
 21
45.5855
  0
LINE
  8
0
 10
118.112
 20
45.5855
 11
117.905
 21
45.3369
  0
LINE
  8
0
 10
117.905
 20
45.3369
 11
117.792
 21
44.9592
  0
LINE
  8
0
 10
117.792
 20
44.9592
 11
118.43
 21
44.9138
  0
LINE
  8
0
 10
118.43
 20
44.9138
 11
118.474
 21
45.0933
  0
LINE
  8
0
 10
118.474
 20
45.0933
 11
118.542
 21
45.187
  0
LINE
  8
0
 10
118.542
 20
45.187
 11
118.642
 21
45.2452
  0
LINE
  8
0
 10
118.642
 20
45.2452
 11
118.775
 21
45.2654
  0
LINE
  8
0
 10
118.775
 20
45.2654
 11
118.912
 21
45.2446
  0
LINE
  8
0
 10
118.912
 20
45.2446
 11
119.007
 21
45.1858
  0
LINE
  8
0
 10
119.007
 20
45.1858
 11
119.065
 21
45.0925
  0
LINE
  8
0
 10
119.065
 20
45.0925
 11
119.085
 21
44.9636
  0
LINE
  8
0
 10
119.085
 20
44.9636
 11
119.06
 21
44.8292
  0
LINE
  8
0
 10
119.06
 20
44.8292
 11
118.987
 21
44.7339
  0
LINE
  8
0
 10
118.987
 20
44.7339
 11
118.861
 21
44.6724
  0
LINE
  8
0
 10
118.861
 20
44.6724
 11
118.671
 21
44.6502
  0
LINE
  8
0
 10
118.671
 20
44.6502
 11
118.449
 21
44.6502
  0
LINE
  8
0
 10
118.449
 20
44.6502
 11
118.449
 21
44.1192
  0
LINE
  8
0
 10
118.449
 20
44.1192
 11
118.683
 21
44.1192
  0
LINE
  8
0
 10
118.683
 20
44.1192
 11
118.895
 21
44.0965
  0
LINE
  8
0
 10
118.895
 20
44.0965
 11
119.038
 21
44.0332
  0
LINE
  8
0
 10
119.038
 20
44.0332
 11
119.119
 21
43.936
  0
LINE
  8
0
 10
119.119
 20
43.936
 11
119.147
 21
43.7997
  0
LINE
  8
0
 10
119.147
 20
43.7997
 11
119.124
 21
43.649
  0
LINE
  8
0
 10
119.124
 20
43.649
 11
119.057
 21
43.5481
  0
LINE
  8
0
 10
119.057
 20
43.5481
 11
118.948
 21
43.4873
  0
LINE
  8
0
 10
118.948
 20
43.4873
 11
118.798
 21
43.4665
  0
LINE
  8
0
 10
118.798
 20
43.4665
 11
118.526
 21
43.5528
  0
LINE
  8
0
 10
118.526
 20
43.5528
 11
118.386
 21
43.8537
  0
LINE
  8
0
 10
118.386
 20
43.8537
 11
117.747
 21
43.7978
  0
LINE
  8
0
 10
117.747
 20
43.7978
 11
117.863
 21
43.3992
  0
LINE
  8
0
 10
117.863
 20
43.3992
 11
118.078
 21
43.1408
  0
LINE
  8
0
 10
118.078
 20
43.1408
 11
118.394
 21
42.9835
  0
LINE
  8
0
 10
118.394
 20
42.9835
 11
118.796
 21
42.9321
  0
LINE
  8
0
 10
118.796
 20
42.9321
 11
119.214
 21
42.9852
  0
LINE
  8
0
 10
93.0457
 20
43.6597
 11
93.9942
 21
43.6597
  0
LINE
  8
0
 10
93.9942
 20
43.6597
 11
94.2316
 21
42.9761
  0
LINE
  8
0
 10
94.2316
 20
42.9761
 11
94.8929
 21
42.9761
  0
LINE
  8
0
 10
94.8929
 20
42.9761
 11
93.8844
 21
45.7515
  0
LINE
  8
0
 10
93.8844
 20
45.7515
 11
93.1536
 21
45.7515
  0
LINE
  8
0
 10
93.1536
 20
45.7515
 11
92.1412
 21
42.9761
  0
LINE
  8
0
 10
92.1412
 20
42.9761
 11
92.8084
 21
42.9761
  0
LINE
  8
0
 10
92.8084
 20
42.9761
 11
93.0457
 21
43.6597
  0
LINE
  8
0
 10
93.2054
 20
44.1812
 11
93.4145
 21
44.7921
  0
LINE
  8
0
 10
93.4145
 20
44.7921
 11
93.5097
 21
45.0769
  0
LINE
  8
0
 10
93.5097
 20
45.0769
 11
93.5206
 21
45.1135
  0
LINE
  8
0
 10
93.5206
 20
45.1135
 11
93.593
 21
44.8845
  0
LINE
  8
0
 10
93.593
 20
44.8845
 11
93.8344
 21
44.1812
  0
LINE
  8
0
 10
93.8344
 20
44.1812
 11
93.2054
 21
44.1812
  0
LINE
  8
0
 10
79.1523
 20
43.3311
 11
79.2033
 21
43.6195
  0
LINE
  8
0
 10
79.2033
 20
43.6195
 11
79.2838
 21
43.8967
  0
LINE
  8
0
 10
79.2838
 20
43.8967
 11
79.3893
 21
44.1672
  0
LINE
  8
0
 10
79.3893
 20
44.1672
 11
79.5178
 21
44.4342
  0
LINE
  8
0
 10
79.5178
 20
44.4342
 11
79.6665
 21
44.6999
  0
LINE
  8
0
 10
79.6665
 20
44.6999
 11
79.8317
 21
44.9715
  0
LINE
  8
0
 10
79.8317
 20
44.9715
 11
80.0144
 21
45.2637
  0
LINE
  8
0
 10
80.0144
 20
45.2637
 11
80.0144
 21
45.7515
  0
LINE
  8
0
 10
80.0144
 20
45.7515
 11
78.0897
 21
45.7515
  0
LINE
  8
0
 10
78.0897
 20
45.7515
 11
78.0897
 21
45.2128
  0
LINE
  8
0
 10
78.0897
 20
45.2128
 11
79.3756
 21
45.2128
  0
LINE
  8
0
 10
79.3756
 20
45.2128
 11
79.0589
 21
44.7355
  0
LINE
  8
0
 10
79.0589
 20
44.7355
 11
78.8243
 21
44.3317
  0
LINE
  8
0
 10
78.8243
 20
44.3317
 11
78.6765
 21
44.0062
  0
LINE
  8
0
 10
78.6765
 20
44.0062
 11
78.5679
 21
43.6858
  0
LINE
  8
0
 10
78.5679
 20
43.6858
 11
78.5011
 21
43.3616
  0
LINE
  8
0
 10
78.5011
 20
43.3616
 11
78.4755
 21
42.9761
  0
LINE
  8
0
 10
78.4755
 20
42.9761
 11
79.1325
 21
42.9761
  0
LINE
  8
0
 10
79.1325
 20
42.9761
 11
79.1523
 21
43.3311
  0
LINE
  8
0
 10
83.3765
 20
43.3311
 11
83.4275
 21
43.6195
  0
LINE
  8
0
 10
83.4275
 20
43.6195
 11
83.508
 21
43.8967
  0
LINE
  8
0
 10
83.508
 20
43.8967
 11
83.6136
 21
44.1672
  0
LINE
  8
0
 10
83.6136
 20
44.1672
 11
83.742
 21
44.4342
  0
LINE
  8
0
 10
83.742
 20
44.4342
 11
83.8907
 21
44.6999
  0
LINE
  8
0
 10
83.8907
 20
44.6999
 11
84.0559
 21
44.9715
  0
LINE
  8
0
 10
84.0559
 20
44.9715
 11
84.2386
 21
45.2637
  0
LINE
  8
0
 10
84.2386
 20
45.2637
 11
84.2386
 21
45.7515
  0
LINE
  8
0
 10
84.2386
 20
45.7515
 11
82.3139
 21
45.7515
  0
LINE
  8
0
 10
82.3139
 20
45.7515
 11
82.3139
 21
45.2128
  0
LINE
  8
0
 10
82.3139
 20
45.2128
 11
83.5998
 21
45.2128
  0
LINE
  8
0
 10
83.5998
 20
45.2128
 11
83.2831
 21
44.7355
  0
LINE
  8
0
 10
83.2831
 20
44.7355
 11
83.0485
 21
44.3317
  0
LINE
  8
0
 10
83.0485
 20
44.3317
 11
82.9007
 21
44.0062
  0
LINE
  8
0
 10
82.9007
 20
44.0062
 11
82.7921
 21
43.6858
  0
LINE
  8
0
 10
82.7921
 20
43.6858
 11
82.7253
 21
43.3616
  0
LINE
  8
0
 10
82.7253
 20
43.3616
 11
82.6997
 21
42.9761
  0
LINE
  8
0
 10
82.6997
 20
42.9761
 11
83.3568
 21
42.9761
  0
LINE
  8
0
 10
83.3568
 20
42.9761
 11
83.3765
 21
43.3311
  0
LINE
  8
0
 10
112.436
 20
43.473
 11
111.822
 21
43.473
  0
LINE
  8
0
 10
111.822
 20
43.473
 11
111.822
 21
45.7515
  0
LINE
  8
0
 10
111.822
 20
45.7515
 11
111.253
 21
45.7515
  0
LINE
  8
0
 10
111.253
 20
45.7515
 11
110.547
 21
45.2938
  0
LINE
  8
0
 10
110.547
 20
45.2938
 11
110.547
 21
44.7569
  0
LINE
  8
0
 10
110.547
 20
44.7569
 11
111.189
 21
45.1575
  0
LINE
  8
0
 10
111.189
 20
45.1575
 11
111.189
 21
43.473
  0
LINE
  8
0
 10
111.189
 20
43.473
 11
110.526
 21
43.473
  0
LINE
  8
0
 10
110.526
 20
43.473
 11
110.526
 21
42.9761
  0
LINE
  8
0
 10
110.526
 20
42.9761
 11
112.436
 21
42.9761
  0
LINE
  8
0
 10
112.436
 20
42.9761
 11
112.436
 21
43.473
  0
LINE
  8
0
 10
115.333
 20
43.5211
 11
115.69
 21
43.5211
  0
LINE
  8
0
 10
115.69
 20
43.5211
 11
115.69
 21
44.0179
  0
LINE
  8
0
 10
115.69
 20
44.0179
 11
115.333
 21
44.0179
  0
LINE
  8
0
 10
115.333
 20
44.0179
 11
115.333
 21
45.7515
  0
LINE
  8
0
 10
115.333
 20
45.7515
 11
114.66
 21
45.7515
  0
LINE
  8
0
 10
114.66
 20
45.7515
 11
113.507
 21
43.9866
  0
LINE
  8
0
 10
113.507
 20
43.9866
 11
113.507
 21
43.5211
  0
LINE
  8
0
 10
113.507
 20
43.5211
 11
114.724
 21
43.5211
  0
LINE
  8
0
 10
114.724
 20
43.5211
 11
114.724
 21
42.9761
  0
LINE
  8
0
 10
114.724
 20
42.9761
 11
115.333
 21
42.9761
  0
LINE
  8
0
 10
115.333
 20
42.9761
 11
115.333
 21
43.5211
  0
LINE
  8
0
 10
114.085
 20
44.0179
 11
114.655
 21
44.8847
  0
LINE
  8
0
 10
114.655
 20
44.8847
 11
114.728
 21
45.0036
  0
LINE
  8
0
 10
114.728
 20
45.0036
 11
114.726
 21
44.9515
  0
LINE
  8
0
 10
114.726
 20
44.9515
 11
114.724
 21
44.8436
  0
LINE
  8
0
 10
114.724
 20
44.8436
 11
114.724
 21
44.0179
  0
LINE
  8
0
 10
114.724
 20
44.0179
 11
114.085
 21
44.0179
  0
LINE
  8
0
 10
90.2586
 20
45.2186
 11
91.1245
 21
45.2186
  0
LINE
  8
0
 10
91.1245
 20
45.2186
 11
91.1245
 21
45.7515
  0
LINE
  8
0
 10
91.1245
 20
45.7515
 11
88.7345
 21
45.7515
  0
LINE
  8
0
 10
88.7345
 20
45.7515
 11
88.7345
 21
45.2186
  0
LINE
  8
0
 10
88.7345
 20
45.2186
 11
89.5985
 21
45.2186
  0
LINE
  8
0
 10
89.5985
 20
45.2186
 11
89.5985
 21
42.9761
  0
LINE
  8
0
 10
89.5985
 20
42.9761
 11
90.2586
 21
42.9761
  0
LINE
  8
0
 10
90.2586
 20
42.9761
 11
90.2586
 21
45.2186
  0
LINE
  8
0
 10
30.9457
 20
43.0272
 11
31.2896
 21
43.1846
  0
LINE
  8
0
 10
31.2896
 20
43.1846
 11
31.5101
 21
43.4434
  0
LINE
  8
0
 10
31.5101
 20
43.4434
 11
31.583
 21
43.7885
  0
LINE
  8
0
 10
31.583
 20
43.7885
 11
31.5371
 21
44.0548
  0
LINE
  8
0
 10
31.5371
 20
44.0548
 11
31.3981
 21
44.2653
  0
LINE
  8
0
 10
31.3981
 20
44.2653
 11
31.1736
 21
44.4097
  0
LINE
  8
0
 10
31.1736
 20
44.4097
 11
31.0413
 21
44.442
  0
LINE
  8
0
 10
31.0413
 20
44.442
 11
31.1178
 21
44.4694
  0
LINE
  8
0
 10
31.1178
 20
44.4694
 11
31.2913
 21
44.6124
  0
LINE
  8
0
 10
31.2913
 20
44.6124
 11
31.3949
 21
44.8031
  0
LINE
  8
0
 10
31.3949
 20
44.8031
 11
31.4291
 21
45.0309
  0
LINE
  8
0
 10
31.4291
 20
45.0309
 11
31.3615
 21
45.3445
  0
LINE
  8
0
 10
31.3615
 20
45.3445
 11
31.1563
 21
45.5734
  0
LINE
  8
0
 10
31.1563
 20
45.5734
 11
30.8278
 21
45.708
  0
LINE
  8
0
 10
30.8278
 20
45.708
 11
30.3877
 21
45.7515
  0
LINE
  8
0
 10
30.3877
 20
45.7515
 11
29.1106
 21
45.7515
  0
LINE
  8
0
 10
29.1106
 20
45.7515
 11
29.1106
 21
42.9761
  0
LINE
  8
0
 10
29.1106
 20
42.9761
 11
30.5021
 21
42.9761
  0
LINE
  8
0
 10
30.5021
 20
42.9761
 11
30.9457
 21
43.0272
  0
LINE
  8
0
 10
29.7707
 20
44.673
 11
29.7707
 21
45.2356
  0
LINE
  8
0
 10
29.7707
 20
45.2356
 11
30.3563
 21
45.2356
  0
LINE
  8
0
 10
30.3563
 20
45.2356
 11
30.545
 21
45.2176
  0
LINE
  8
0
 10
30.545
 20
45.2176
 11
30.6694
 21
45.1679
  0
LINE
  8
0
 10
30.6694
 20
45.1679
 11
30.739
 21
45.0854
  0
LINE
  8
0
 10
30.739
 20
45.0854
 11
30.7635
 21
44.9534
  0
LINE
  8
0
 10
30.7635
 20
44.9534
 11
30.7406
 21
44.8299
  0
LINE
  8
0
 10
30.7406
 20
44.8299
 11
30.6754
 21
44.7462
  0
LINE
  8
0
 10
30.6754
 20
44.7462
 11
30.5543
 21
44.6925
  0
LINE
  8
0
 10
30.5543
 20
44.6925
 11
30.3601
 21
44.673
  0
LINE
  8
0
 10
30.3601
 20
44.673
 11
29.7707
 21
44.673
  0
LINE
  8
0
 10
29.7707
 20
43.492
 11
29.7707
 21
44.159
  0
LINE
  8
0
 10
29.7707
 20
44.159
 11
30.4251
 21
44.159
  0
LINE
  8
0
 10
30.4251
 20
44.159
 11
30.8006
 21
44.0718
  0
LINE
  8
0
 10
30.8006
 20
44.0718
 11
30.918
 21
43.8261
  0
LINE
  8
0
 10
30.918
 20
43.8261
 11
30.892
 21
43.6827
  0
LINE
  8
0
 10
30.892
 20
43.6827
 11
30.8136
 21
43.58
  0
LINE
  8
0
 10
30.8136
 20
43.58
 11
30.6717
 21
43.5153
  0
LINE
  8
0
 10
30.6717
 20
43.5153
 11
30.4492
 21
43.492
  0
LINE
  8
0
 10
30.4492
 20
43.492
 11
29.7707
 21
43.492
  0
LINE
  8
0
 10
35.6654
 20
43.0074
 11
35.6631
 21
43.1913
  0
LINE
  8
0
 10
35.6631
 20
43.1913
 11
35.6822
 21
43.1627
  0
LINE
  8
0
 10
35.6822
 20
43.1627
 11
35.8356
 21
43.0386
  0
LINE
  8
0
 10
35.8356
 20
43.0386
 11
36.0233
 21
42.9628
  0
LINE
  8
0
 10
36.0233
 20
42.9628
 11
36.2405
 21
42.9376
  0
LINE
  8
0
 10
36.2405
 20
42.9376
 11
36.5943
 21
43.0118
  0
LINE
  8
0
 10
36.5943
 20
43.0118
 11
36.861
 21
43.2373
  0
LINE
  8
0
 10
36.861
 20
43.2373
 11
37.0234
 21
43.5934
  0
LINE
  8
0
 10
37.0234
 20
43.5934
 11
37.0765
 21
44.0628
  0
LINE
  8
0
 10
37.0765
 20
44.0628
 11
37.0256
 21
44.5267
  0
LINE
  8
0
 10
37.0256
 20
44.5267
 11
36.8699
 21
44.8784
  0
LINE
  8
0
 10
36.8699
 20
44.8784
 11
36.614
 21
45.1013
  0
LINE
  8
0
 10
36.614
 20
45.1013
 11
36.2719
 21
45.1755
  0
LINE
  8
0
 10
36.2719
 20
45.1755
 11
35.8431
 21
45.0749
  0
LINE
  8
0
 10
35.8431
 20
45.0749
 11
35.6552
 21
44.8655
  0
LINE
  8
0
 10
35.6552
 20
44.8655
 11
35.651
 21
44.9492
  0
LINE
  8
0
 10
35.651
 20
44.9492
 11
35.6434
 21
45.0362
  0
LINE
  8
0
 10
35.6434
 20
45.0362
 11
35.6271
 21
45.1306
  0
LINE
  8
0
 10
35.6271
 20
45.1306
 11
35.0139
 21
45.1306
  0
LINE
  8
0
 10
35.0139
 20
45.1306
 11
35.0281
 21
44.8693
  0
LINE
  8
0
 10
35.0281
 20
44.8693
 11
35.0318
 21
44.6078
  0
LINE
  8
0
 10
35.0318
 20
44.6078
 11
35.0318
 21
42.1692
  0
LINE
  8
0
 10
35.0318
 20
42.1692
 11
35.6654
 21
42.1692
  0
LINE
  8
0
 10
35.6654
 20
42.1692
 11
35.6654
 21
43.0074
  0
LINE
  8
0
 10
35.8831
 20
43.4433
 11
35.7635
 21
43.562
  0
LINE
  8
0
 10
35.7635
 20
43.562
 11
35.6852
 21
43.7647
  0
LINE
  8
0
 10
35.6852
 20
43.7647
 11
35.658
 21
44.0477
  0
LINE
  8
0
 10
35.658
 20
44.0477
 11
35.6852
 21
44.3334
  0
LINE
  8
0
 10
35.6852
 20
44.3334
 11
35.7637
 21
44.5403
  0
LINE
  8
0
 10
35.7637
 20
44.5403
 11
35.8843
 21
44.6623
  0
LINE
  8
0
 10
35.8843
 20
44.6623
 11
36.0396
 21
44.7008
  0
LINE
  8
0
 10
36.0396
 20
44.7008
 11
36.3196
 21
44.5484
  0
LINE
  8
0
 10
36.3196
 20
44.5484
 11
36.4188
 21
44.0627
  0
LINE
  8
0
 10
36.4188
 20
44.0627
 11
36.3185
 21
43.5628
  0
LINE
  8
0
 10
36.3185
 20
43.5628
 11
36.0355
 21
43.4059
  0
LINE
  8
0
 10
36.0355
 20
43.4059
 11
35.8831
 21
43.4433
  0
LINE
  8
0
 10
50.4373
 20
43.0074
 11
50.435
 21
43.1913
  0
LINE
  8
0
 10
50.435
 20
43.1913
 11
50.4541
 21
43.1627
  0
LINE
  8
0
 10
50.4541
 20
43.1627
 11
50.6075
 21
43.0386
  0
LINE
  8
0
 10
50.6075
 20
43.0386
 11
50.7951
 21
42.9628
  0
LINE
  8
0
 10
50.7951
 20
42.9628
 11
51.0124
 21
42.9376
  0
LINE
  8
0
 10
51.0124
 20
42.9376
 11
51.3661
 21
43.0118
  0
LINE
  8
0
 10
51.3661
 20
43.0118
 11
51.6328
 21
43.2373
  0
LINE
  8
0
 10
51.6328
 20
43.2373
 11
51.7953
 21
43.5934
  0
LINE
  8
0
 10
51.7953
 20
43.5934
 11
51.8483
 21
44.0628
  0
LINE
  8
0
 10
51.8483
 20
44.0628
 11
51.7975
 21
44.5267
  0
LINE
  8
0
 10
51.7975
 20
44.5267
 11
51.6418
 21
44.8784
  0
LINE
  8
0
 10
51.6418
 20
44.8784
 11
51.3859
 21
45.1013
  0
LINE
  8
0
 10
51.3859
 20
45.1013
 11
51.0438
 21
45.1755
  0
LINE
  8
0
 10
51.0438
 20
45.1755
 11
50.615
 21
45.0749
  0
LINE
  8
0
 10
50.615
 20
45.0749
 11
50.4271
 21
44.8655
  0
LINE
  8
0
 10
50.4271
 20
44.8655
 11
50.4229
 21
44.9492
  0
LINE
  8
0
 10
50.4229
 20
44.9492
 11
50.4153
 21
45.0362
  0
LINE
  8
0
 10
50.4153
 20
45.0362
 11
50.399
 21
45.1306
  0
LINE
  8
0
 10
50.399
 20
45.1306
 11
49.7858
 21
45.1306
  0
LINE
  8
0
 10
49.7858
 20
45.1306
 11
49.8
 21
44.8693
  0
LINE
  8
0
 10
49.8
 20
44.8693
 11
49.8037
 21
44.6078
  0
LINE
  8
0
 10
49.8037
 20
44.6078
 11
49.8037
 21
42.1692
  0
LINE
  8
0
 10
49.8037
 20
42.1692
 11
50.4373
 21
42.1692
  0
LINE
  8
0
 10
50.4373
 20
42.1692
 11
50.4373
 21
43.0074
  0
LINE
  8
0
 10
50.655
 20
43.4433
 11
50.5354
 21
43.562
  0
LINE
  8
0
 10
50.5354
 20
43.562
 11
50.457
 21
43.7647
  0
LINE
  8
0
 10
50.457
 20
43.7647
 11
50.4299
 21
44.0477
  0
LINE
  8
0
 10
50.4299
 20
44.0477
 11
50.457
 21
44.3334
  0
LINE
  8
0
 10
50.457
 20
44.3334
 11
50.5356
 21
44.5403
  0
LINE
  8
0
 10
50.5356
 20
44.5403
 11
50.6562
 21
44.6623
  0
LINE
  8
0
 10
50.6562
 20
44.6623
 11
50.8115
 21
44.7008
  0
LINE
  8
0
 10
50.8115
 20
44.7008
 11
51.0915
 21
44.5484
  0
LINE
  8
0
 10
51.0915
 20
44.5484
 11
51.1907
 21
44.0627
  0
LINE
  8
0
 10
51.1907
 20
44.0627
 11
51.0904
 21
43.5628
  0
LINE
  8
0
 10
51.0904
 20
43.5628
 11
50.8074
 21
43.4059
  0
LINE
  8
0
 10
50.8074
 20
43.4059
 11
50.655
 21
43.4433
  0
LINE
  8
0
 10
58.7453
 20
42.2098
 11
59.0694
 21
42.3882
  0
LINE
  8
0
 10
59.0694
 20
42.3882
 11
59.2688
 21
42.685
  0
LINE
  8
0
 10
59.2688
 20
42.685
 11
59.3334
 21
43.0848
  0
LINE
  8
0
 10
59.3334
 20
43.0848
 11
59.3334
 21
44.6059
  0
LINE
  8
0
 10
59.3334
 20
44.6059
 11
59.3362
 21
44.8586
  0
LINE
  8
0
 10
59.3362
 20
44.8586
 11
59.3467
 21
45.1306
  0
LINE
  8
0
 10
59.3467
 20
45.1306
 11
58.7473
 21
45.1306
  0
LINE
  8
0
 10
58.7473
 20
45.1306
 11
58.7308
 21
45.0314
  0
LINE
  8
0
 10
58.7308
 20
45.0314
 11
58.7218
 21
44.9344
  0
LINE
  8
0
 10
58.7218
 20
44.9344
 11
58.7176
 21
44.8677
  0
LINE
  8
0
 10
58.7176
 20
44.8677
 11
58.5393
 21
45.0727
  0
LINE
  8
0
 10
58.5393
 20
45.0727
 11
58.1338
 21
45.1716
  0
LINE
  8
0
 10
58.1338
 20
45.1716
 11
57.7693
 21
45.0986
  0
LINE
  8
0
 10
57.7693
 20
45.0986
 11
57.5016
 21
44.8783
  0
LINE
  8
0
 10
57.5016
 20
44.8783
 11
57.3411
 21
44.5298
  0
LINE
  8
0
 10
57.3411
 20
44.5298
 11
57.2887
 21
44.0705
  0
LINE
  8
0
 10
57.2887
 20
44.0705
 11
57.3396
 21
43.6137
  0
LINE
  8
0
 10
57.3396
 20
43.6137
 11
57.4956
 21
43.2687
  0
LINE
  8
0
 10
57.4956
 20
43.2687
 11
57.7516
 21
43.0511
  0
LINE
  8
0
 10
57.7516
 20
43.0511
 11
58.0933
 21
42.9787
  0
LINE
  8
0
 10
58.0933
 20
42.9787
 11
58.5269
 21
43.0793
  0
LINE
  8
0
 10
58.5269
 20
43.0793
 11
58.705
 21
43.2784
  0
LINE
  8
0
 10
58.705
 20
43.2784
 11
58.7036
 21
43.2051
  0
LINE
  8
0
 10
58.7036
 20
43.2051
 11
58.7036
 21
43.0991
  0
LINE
  8
0
 10
58.7036
 20
43.0991
 11
58.6791
 21
42.8733
  0
LINE
  8
0
 10
58.6791
 20
42.8733
 11
58.6107
 21
42.722
  0
LINE
  8
0
 10
58.6107
 20
42.722
 11
58.4978
 21
42.6346
  0
LINE
  8
0
 10
58.4978
 20
42.6346
 11
58.3251
 21
42.6039
  0
LINE
  8
0
 10
58.3251
 20
42.6039
 11
58.2035
 21
42.6195
  0
LINE
  8
0
 10
58.2035
 20
42.6195
 11
58.1108
 21
42.6645
  0
LINE
  8
0
 10
58.1108
 20
42.6645
 11
58.0458
 21
42.7345
  0
LINE
  8
0
 10
58.0458
 20
42.7345
 11
57.99
 21
42.8714
  0
LINE
  8
0
 10
57.99
 20
42.8714
 11
57.3531
 21
42.7966
  0
LINE
  8
0
 10
57.3531
 20
42.7966
 11
57.4795
 21
42.4904
  0
LINE
  8
0
 10
57.4795
 20
42.4904
 11
57.679
 21
42.3026
  0
LINE
  8
0
 10
57.679
 20
42.3026
 11
57.9598
 21
42.1889
  0
LINE
  8
0
 10
57.9598
 20
42.1889
 11
58.3119
 21
42.1517
  0
LINE
  8
0
 10
58.3119
 20
42.1517
 11
58.7453
 21
42.2098
  0
LINE
  8
0
 10
58.0453
 20
43.601
 11
57.9465
 21
44.0705
  0
LINE
  8
0
 10
57.9465
 20
44.0705
 11
58.0464
 21
44.55
  0
LINE
  8
0
 10
58.0464
 20
44.55
 11
58.3294
 21
44.7009
  0
LINE
  8
0
 10
58.3294
 20
44.7009
 11
58.4825
 21
44.6642
  0
LINE
  8
0
 10
58.4825
 20
44.6642
 11
58.6019
 21
44.548
  0
LINE
  8
0
 10
58.6019
 20
44.548
 11
58.6801
 21
44.352
  0
LINE
  8
0
 10
58.6801
 20
44.352
 11
58.7072
 21
44.0818
  0
LINE
  8
0
 10
58.7072
 20
44.0818
 11
58.6801
 21
43.8043
  0
LINE
  8
0
 10
58.6801
 20
43.8043
 11
58.6019
 21
43.6061
  0
LINE
  8
0
 10
58.6019
 20
43.6061
 11
58.4817
 21
43.4901
  0
LINE
  8
0
 10
58.4817
 20
43.4901
 11
58.3256
 21
43.4532
  0
LINE
  8
0
 10
58.3256
 20
43.4532
 11
58.0453
 21
43.601
  0
LINE
  8
0
 10
106.202
 20
42.2098
 11
106.526
 21
42.3882
  0
LINE
  8
0
 10
106.526
 20
42.3882
 11
106.726
 21
42.685
  0
LINE
  8
0
 10
106.726
 20
42.685
 11
106.79
 21
43.0848
  0
LINE
  8
0
 10
106.79
 20
43.0848
 11
106.79
 21
44.6059
  0
LINE
  8
0
 10
106.79
 20
44.6059
 11
106.793
 21
44.8586
  0
LINE
  8
0
 10
106.793
 20
44.8586
 11
106.804
 21
45.1306
  0
LINE
  8
0
 10
106.804
 20
45.1306
 11
106.204
 21
45.1306
  0
LINE
  8
0
 10
106.204
 20
45.1306
 11
106.188
 21
45.0315
  0
LINE
  8
0
 10
106.188
 20
45.0315
 11
106.179
 21
44.9344
  0
LINE
  8
0
 10
106.179
 20
44.9344
 11
106.175
 21
44.8677
  0
LINE
  8
0
 10
106.175
 20
44.8677
 11
105.996
 21
45.0727
  0
LINE
  8
0
 10
105.996
 20
45.0727
 11
105.591
 21
45.1716
  0
LINE
  8
0
 10
105.591
 20
45.1716
 11
105.226
 21
45.0986
  0
LINE
  8
0
 10
105.226
 20
45.0986
 11
104.959
 21
44.8783
  0
LINE
  8
0
 10
104.959
 20
44.8783
 11
104.798
 21
44.5298
  0
LINE
  8
0
 10
104.798
 20
44.5298
 11
104.746
 21
44.0705
  0
LINE
  8
0
 10
104.746
 20
44.0705
 11
104.797
 21
43.6137
  0
LINE
  8
0
 10
104.797
 20
43.6137
 11
104.952
 21
43.2687
  0
LINE
  8
0
 10
104.952
 20
43.2687
 11
105.209
 21
43.0511
  0
LINE
  8
0
 10
105.209
 20
43.0511
 11
105.55
 21
42.9787
  0
LINE
  8
0
 10
105.55
 20
42.9787
 11
105.984
 21
43.0793
  0
LINE
  8
0
 10
105.984
 20
43.0793
 11
106.162
 21
43.2784
  0
LINE
  8
0
 10
106.162
 20
43.2784
 11
106.161
 21
43.2051
  0
LINE
  8
0
 10
106.161
 20
43.2051
 11
106.161
 21
43.0991
  0
LINE
  8
0
 10
106.161
 20
43.0991
 11
106.136
 21
42.8733
  0
LINE
  8
0
 10
106.136
 20
42.8733
 11
106.068
 21
42.722
  0
LINE
  8
0
 10
106.068
 20
42.722
 11
105.955
 21
42.6346
  0
LINE
  8
0
 10
105.955
 20
42.6346
 11
105.782
 21
42.6039
  0
LINE
  8
0
 10
105.782
 20
42.6039
 11
105.66
 21
42.6195
  0
LINE
  8
0
 10
105.66
 20
42.6195
 11
105.568
 21
42.6645
  0
LINE
  8
0
 10
105.568
 20
42.6645
 11
105.503
 21
42.7345
  0
LINE
  8
0
 10
105.503
 20
42.7345
 11
105.447
 21
42.8714
  0
LINE
  8
0
 10
105.447
 20
42.8714
 11
104.81
 21
42.7966
  0
LINE
  8
0
 10
104.81
 20
42.7966
 11
104.936
 21
42.4904
  0
LINE
  8
0
 10
104.936
 20
42.4904
 11
105.136
 21
42.3026
  0
LINE
  8
0
 10
105.136
 20
42.3026
 11
105.417
 21
42.1889
  0
LINE
  8
0
 10
105.417
 20
42.1889
 11
105.769
 21
42.1517
  0
LINE
  8
0
 10
105.769
 20
42.1517
 11
106.202
 21
42.2098
  0
LINE
  8
0
 10
105.502
 20
43.601
 11
105.403
 21
44.0705
  0
LINE
  8
0
 10
105.403
 20
44.0705
 11
105.503
 21
44.55
  0
LINE
  8
0
 10
105.503
 20
44.55
 11
105.786
 21
44.7009
  0
LINE
  8
0
 10
105.786
 20
44.7009
 11
105.939
 21
44.6642
  0
LINE
  8
0
 10
105.939
 20
44.6642
 11
106.059
 21
44.548
  0
LINE
  8
0
 10
106.059
 20
44.548
 11
106.137
 21
44.352
  0
LINE
  8
0
 10
106.137
 20
44.352
 11
106.164
 21
44.0817
  0
LINE
  8
0
 10
106.164
 20
44.0817
 11
106.137
 21
43.8043
  0
LINE
  8
0
 10
106.137
 20
43.8043
 11
106.059
 21
43.6061
  0
LINE
  8
0
 10
106.059
 20
43.6061
 11
105.939
 21
43.4901
  0
LINE
  8
0
 10
105.939
 20
43.4901
 11
105.783
 21
43.4532
  0
LINE
  8
0
 10
105.783
 20
43.4532
 11
105.502
 21
43.601
  0
LINE
  8
0
 10
65.8434
 20
44.1248
 11
65.8678
 21
44.353
  0
LINE
  8
0
 10
65.8678
 20
44.353
 11
65.9378
 21
44.5272
  0
LINE
  8
0
 10
65.9378
 20
44.5272
 11
66.0384
 21
44.6342
  0
LINE
  8
0
 10
66.0384
 20
44.6342
 11
66.1512
 21
44.6659
  0
LINE
  8
0
 10
66.1512
 20
44.6659
 11
66.3467
 21
44.5527
  0
LINE
  8
0
 10
66.3467
 20
44.5527
 11
66.4193
 21
44.1739
  0
LINE
  8
0
 10
66.4193
 20
44.1739
 11
66.4193
 21
42.9761
  0
LINE
  8
0
 10
66.4193
 20
42.9761
 11
67.0491
 21
42.9761
  0
LINE
  8
0
 10
67.0491
 20
42.9761
 11
67.0491
 21
44.1488
  0
LINE
  8
0
 10
67.0491
 20
44.1488
 11
67.0798
 21
44.3757
  0
LINE
  8
0
 10
67.0798
 20
44.3757
 11
67.1504
 21
44.5403
  0
LINE
  8
0
 10
67.1504
 20
44.5403
 11
67.2477
 21
44.6372
  0
LINE
  8
0
 10
67.2477
 20
44.6372
 11
67.3565
 21
44.6662
  0
LINE
  8
0
 10
67.3565
 20
44.6662
 11
67.5524
 21
44.5527
  0
LINE
  8
0
 10
67.5524
 20
44.5527
 11
67.625
 21
44.1739
  0
LINE
  8
0
 10
67.625
 20
44.1739
 11
67.625
 21
42.9761
  0
LINE
  8
0
 10
67.625
 20
42.9761
 11
68.2548
 21
42.9761
  0
LINE
  8
0
 10
68.2548
 20
42.9761
 11
68.2548
 21
44.3335
  0
LINE
  8
0
 10
68.2548
 20
44.3335
 11
68.2141
 21
44.6818
  0
LINE
  8
0
 10
68.2141
 20
44.6818
 11
68.0873
 21
44.9483
  0
LINE
  8
0
 10
68.0873
 20
44.9483
 11
67.8755
 21
45.1162
  0
LINE
  8
0
 10
67.8755
 20
45.1162
 11
67.5912
 21
45.1711
  0
LINE
  8
0
 10
67.5912
 20
45.1711
 11
67.3694
 21
45.1429
  0
LINE
  8
0
 10
67.3694
 20
45.1429
 11
67.188
 21
45.0574
  0
LINE
  8
0
 10
67.188
 20
45.0574
 11
67.0413
 21
44.9081
  0
LINE
  8
0
 10
67.0413
 20
44.9081
 11
66.9606
 21
44.7637
  0
LINE
  8
0
 10
66.9606
 20
44.7637
 11
66.7956
 21
45.0507
  0
LINE
  8
0
 10
66.7956
 20
45.0507
 11
66.3877
 21
45.1714
  0
LINE
  8
0
 10
66.3877
 20
45.1714
 11
66.1784
 21
45.1422
  0
LINE
  8
0
 10
66.1784
 20
45.1422
 11
66.0018
 21
45.0551
  0
LINE
  8
0
 10
66.0018
 20
45.0551
 11
65.856
 21
44.9055
  0
LINE
  8
0
 10
65.856
 20
44.9055
 11
65.8212
 21
44.8417
  0
LINE
  8
0
 10
65.8212
 20
44.8417
 11
65.8186
 21
44.8909
  0
LINE
  8
0
 10
65.8186
 20
44.8909
 11
65.81
 21
45.0185
  0
LINE
  8
0
 10
65.81
 20
45.0185
 11
65.7987
 21
45.1306
  0
LINE
  8
0
 10
65.7987
 20
45.1306
 11
65.1915
 21
45.1306
  0
LINE
  8
0
 10
65.1915
 20
45.1306
 11
65.2002
 21
44.9885
  0
LINE
  8
0
 10
65.2002
 20
44.9885
 11
65.2051
 21
44.8891
  0
LINE
  8
0
 10
65.2051
 20
44.8891
 11
65.2086
 21
44.7708
  0
LINE
  8
0
 10
65.2086
 20
44.7708
 11
65.2098
 21
44.6207
  0
LINE
  8
0
 10
65.2098
 20
44.6207
 11
65.2098
 21
42.9761
  0
LINE
  8
0
 10
65.2098
 20
42.9761
 11
65.8434
 21
42.9761
  0
LINE
  8
0
 10
65.8434
 20
42.9761
 11
65.8434
 21
44.1248
  0
LINE
  8
0
 10
62.4666
 20
44.1248
 11
62.4909
 21
44.353
  0
LINE
  8
0
 10
62.4909
 20
44.353
 11
62.561
 21
44.5272
  0
LINE
  8
0
 10
62.561
 20
44.5272
 11
62.6616
 21
44.6342
  0
LINE
  8
0
 10
62.6616
 20
44.6342
 11
62.7744
 21
44.6659
  0
LINE
  8
0
 10
62.7744
 20
44.6659
 11
62.9699
 21
44.5527
  0
LINE
  8
0
 10
62.9699
 20
44.5527
 11
63.0425
 21
44.1739
  0
LINE
  8
0
 10
63.0425
 20
44.1739
 11
63.0425
 21
42.9761
  0
LINE
  8
0
 10
63.0425
 20
42.9761
 11
63.6723
 21
42.9761
  0
LINE
  8
0
 10
63.6723
 20
42.9761
 11
63.6723
 21
44.1488
  0
LINE
  8
0
 10
63.6723
 20
44.1488
 11
63.7029
 21
44.3757
  0
LINE
  8
0
 10
63.7029
 20
44.3757
 11
63.7736
 21
44.5403
  0
LINE
  8
0
 10
63.7736
 20
44.5403
 11
63.8709
 21
44.6372
  0
LINE
  8
0
 10
63.8709
 20
44.6372
 11
63.9796
 21
44.6662
  0
LINE
  8
0
 10
63.9796
 20
44.6662
 11
64.1756
 21
44.5527
  0
LINE
  8
0
 10
64.1756
 20
44.5527
 11
64.2482
 21
44.1739
  0
LINE
  8
0
 10
64.2482
 20
44.1739
 11
64.2482
 21
42.9761
  0
LINE
  8
0
 10
64.2482
 20
42.9761
 11
64.878
 21
42.9761
  0
LINE
  8
0
 10
64.878
 20
42.9761
 11
64.878
 21
44.3335
  0
LINE
  8
0
 10
64.878
 20
44.3335
 11
64.8373
 21
44.6818
  0
LINE
  8
0
 10
64.8373
 20
44.6818
 11
64.7105
 21
44.9483
  0
LINE
  8
0
 10
64.7105
 20
44.9483
 11
64.4986
 21
45.1162
  0
LINE
  8
0
 10
64.4986
 20
45.1162
 11
64.2144
 21
45.1711
  0
LINE
  8
0
 10
64.2144
 20
45.1711
 11
63.9926
 21
45.1429
  0
LINE
  8
0
 10
63.9926
 20
45.1429
 11
63.8112
 21
45.0574
  0
LINE
  8
0
 10
63.8112
 20
45.0574
 11
63.6645
 21
44.9081
  0
LINE
  8
0
 10
63.6645
 20
44.9081
 11
63.5838
 21
44.7637
  0
LINE
  8
0
 10
63.5838
 20
44.7637
 11
63.4188
 21
45.0507
  0
LINE
  8
0
 10
63.4188
 20
45.0507
 11
63.0109
 21
45.1714
  0
LINE
  8
0
 10
63.0109
 20
45.1714
 11
62.8016
 21
45.1422
  0
LINE
  8
0
 10
62.8016
 20
45.1422
 11
62.625
 21
45.0551
  0
LINE
  8
0
 10
62.625
 20
45.0551
 11
62.4792
 21
44.9055
  0
LINE
  8
0
 10
62.4792
 20
44.9055
 11
62.4444
 21
44.8417
  0
LINE
  8
0
 10
62.4444
 20
44.8417
 11
62.4418
 21
44.8909
  0
LINE
  8
0
 10
62.4418
 20
44.8909
 11
62.4332
 21
45.0185
  0
LINE
  8
0
 10
62.4332
 20
45.0185
 11
62.4219
 21
45.1306
  0
LINE
  8
0
 10
62.4219
 20
45.1306
 11
61.8147
 21
45.1306
  0
LINE
  8
0
 10
61.8147
 20
45.1306
 11
61.8234
 21
44.9885
  0
LINE
  8
0
 10
61.8234
 20
44.9885
 11
61.8283
 21
44.8891
  0
LINE
  8
0
 10
61.8283
 20
44.8891
 11
61.8318
 21
44.7708
  0
LINE
  8
0
 10
61.8318
 20
44.7708
 11
61.833
 21
44.6207
  0
LINE
  8
0
 10
61.833
 20
44.6207
 11
61.833
 21
42.9761
  0
LINE
  8
0
 10
61.833
 20
42.9761
 11
62.4666
 21
42.9761
  0
LINE
  8
0
 10
62.4666
 20
42.9761
 11
62.4666
 21
44.1248
  0
LINE
  8
0
 10
86.2191
 20
44.1248
 11
86.2435
 21
44.353
  0
LINE
  8
0
 10
86.2435
 20
44.353
 11
86.3136
 21
44.5272
  0
LINE
  8
0
 10
86.3136
 20
44.5272
 11
86.4142
 21
44.6342
  0
LINE
  8
0
 10
86.4142
 20
44.6342
 11
86.5269
 21
44.6659
  0
LINE
  8
0
 10
86.5269
 20
44.6659
 11
86.7224
 21
44.5527
  0
LINE
  8
0
 10
86.7224
 20
44.5527
 11
86.7951
 21
44.1739
  0
LINE
  8
0
 10
86.7951
 20
44.1739
 11
86.7951
 21
42.9761
  0
LINE
  8
0
 10
86.7951
 20
42.9761
 11
87.4248
 21
42.9761
  0
LINE
  8
0
 10
87.4248
 20
42.9761
 11
87.4248
 21
44.1488
  0
LINE
  8
0
 10
87.4248
 20
44.1488
 11
87.4555
 21
44.3757
  0
LINE
  8
0
 10
87.4555
 20
44.3757
 11
87.5262
 21
44.5403
  0
LINE
  8
0
 10
87.5262
 20
44.5403
 11
87.6235
 21
44.6372
  0
LINE
  8
0
 10
87.6235
 20
44.6372
 11
87.7322
 21
44.6662
  0
LINE
  8
0
 10
87.7322
 20
44.6662
 11
87.9281
 21
44.5527
  0
LINE
  8
0
 10
87.9281
 20
44.5527
 11
88.0008
 21
44.1739
  0
LINE
  8
0
 10
88.0008
 20
44.1739
 11
88.0008
 21
42.9761
  0
LINE
  8
0
 10
88.0008
 20
42.9761
 11
88.6305
 21
42.9761
  0
LINE
  8
0
 10
88.6305
 20
42.9761
 11
88.6305
 21
44.3335
  0
LINE
  8
0
 10
88.6305
 20
44.3335
 11
88.5898
 21
44.6818
  0
LINE
  8
0
 10
88.5898
 20
44.6818
 11
88.4631
 21
44.9483
  0
LINE
  8
0
 10
88.4631
 20
44.9483
 11
88.2512
 21
45.1162
  0
LINE
  8
0
 10
88.2512
 20
45.1162
 11
87.967
 21
45.1711
  0
LINE
  8
0
 10
87.967
 20
45.1711
 11
87.7452
 21
45.1429
  0
LINE
  8
0
 10
87.7452
 20
45.1429
 11
87.5638
 21
45.0574
  0
LINE
  8
0
 10
87.5638
 20
45.0574
 11
87.417
 21
44.9081
  0
LINE
  8
0
 10
87.417
 20
44.9081
 11
87.3363
 21
44.7637
  0
LINE
  8
0
 10
87.3363
 20
44.7637
 11
87.1714
 21
45.0507
  0
LINE
  8
0
 10
87.1714
 20
45.0507
 11
86.7634
 21
45.1714
  0
LINE
  8
0
 10
86.7634
 20
45.1714
 11
86.5542
 21
45.1422
  0
LINE
  8
0
 10
86.5542
 20
45.1422
 11
86.3776
 21
45.0551
  0
LINE
  8
0
 10
86.3776
 20
45.0551
 11
86.2318
 21
44.9055
  0
LINE
  8
0
 10
86.2318
 20
44.9055
 11
86.197
 21
44.8417
  0
LINE
  8
0
 10
86.197
 20
44.8417
 11
86.1944
 21
44.8909
  0
LINE
  8
0
 10
86.1944
 20
44.8909
 11
86.1857
 21
45.0185
  0
LINE
  8
0
 10
86.1857
 20
45.0185
 11
86.1745
 21
45.1306
  0
LINE
  8
0
 10
86.1745
 20
45.1306
 11
85.5672
 21
45.1306
  0
LINE
  8
0
 10
85.5672
 20
45.1306
 11
85.5759
 21
44.9885
  0
LINE
  8
0
 10
85.5759
 20
44.9885
 11
85.5809
 21
44.8891
  0
LINE
  8
0
 10
85.5809
 20
44.8891
 11
85.5844
 21
44.7708
  0
LINE
  8
0
 10
85.5844
 20
44.7708
 11
85.5856
 21
44.6207
  0
LINE
  8
0
 10
85.5856
 20
44.6207
 11
85.5856
 21
42.9761
  0
LINE
  8
0
 10
85.5856
 20
42.9761
 11
86.2191
 21
42.9761
  0
LINE
  8
0
 10
86.2191
 20
42.9761
 11
86.2191
 21
44.1248
  0
LINE
  8
0
 10
107.811
 20
44.1243
 11
107.84
 21
44.35
  0
LINE
  8
0
 10
107.84
 20
44.35
 11
107.921
 21
44.5233
  0
LINE
  8
0
 10
107.921
 20
44.5233
 11
108.042
 21
44.6326
  0
LINE
  8
0
 10
108.042
 20
44.6326
 11
108.186
 21
44.667
  0
LINE
  8
0
 10
108.186
 20
44.667
 11
108.424
 21
44.5502
  0
LINE
  8
0
 10
108.424
 20
44.5502
 11
108.509
 21
44.1731
  0
LINE
  8
0
 10
108.509
 20
44.1731
 11
108.509
 21
42.9761
  0
LINE
  8
0
 10
108.509
 20
42.9761
 11
109.141
 21
42.9761
  0
LINE
  8
0
 10
109.141
 20
42.9761
 11
109.141
 21
44.3337
  0
LINE
  8
0
 10
109.141
 20
44.3337
 11
109.095
 21
44.6867
  0
LINE
  8
0
 10
109.095
 20
44.6867
 11
108.954
 21
44.9531
  0
LINE
  8
0
 10
108.954
 20
44.9531
 11
108.723
 21
45.1174
  0
LINE
  8
0
 10
108.723
 20
45.1174
 11
108.416
 21
45.171
  0
LINE
  8
0
 10
108.416
 20
45.171
 11
108.191
 21
45.1425
  0
LINE
  8
0
 10
108.191
 20
45.1425
 11
107.997
 21
45.0564
  0
LINE
  8
0
 10
107.997
 20
45.0564
 11
107.837
 21
44.9073
  0
LINE
  8
0
 10
107.837
 20
44.9073
 11
107.79
 21
44.8296
  0
LINE
  8
0
 10
107.79
 20
44.8296
 11
107.787
 21
44.8909
  0
LINE
  8
0
 10
107.787
 20
44.8909
 11
107.778
 21
45.0185
  0
LINE
  8
0
 10
107.778
 20
45.0185
 11
107.767
 21
45.1306
  0
LINE
  8
0
 10
107.767
 20
45.1306
 11
107.16
 21
45.1306
  0
LINE
  8
0
 10
107.16
 20
45.1306
 11
107.168
 21
44.9885
  0
LINE
  8
0
 10
107.168
 20
44.9885
 11
107.173
 21
44.8891
  0
LINE
  8
0
 10
107.173
 20
44.8891
 11
107.177
 21
44.7708
  0
LINE
  8
0
 10
107.177
 20
44.7708
 11
107.178
 21
44.6207
  0
LINE
  8
0
 10
107.178
 20
44.6207
 11
107.178
 21
42.9761
  0
LINE
  8
0
 10
107.178
 20
42.9761
 11
107.811
 21
42.9761
  0
LINE
  8
0
 10
107.811
 20
42.9761
 11
107.811
 21
44.1243
  0
LINE
  8
0
 10
45.5766
 20
42.9818
 11
45.8842
 21
43.1166
  0
LINE
  8
0
 10
45.8842
 20
43.1166
 11
46.0831
 21
43.3362
  0
LINE
  8
0
 10
46.0831
 20
43.3362
 11
46.1489
 21
43.6231
  0
LINE
  8
0
 10
46.1489
 20
43.6231
 11
46.1305
 21
43.7988
  0
LINE
  8
0
 10
46.1305
 20
43.7988
 11
46.0749
 21
43.9405
  0
LINE
  8
0
 10
46.0749
 20
43.9405
 11
45.9882
 21
44.0536
  0
LINE
  8
0
 10
45.9882
 20
44.0536
 11
45.878
 21
44.143
  0
LINE
  8
0
 10
45.878
 20
44.143
 11
45.7385
 21
44.2142
  0
LINE
  8
0
 10
45.7385
 20
44.2142
 11
45.5648
 21
44.2731
  0
LINE
  8
0
 10
45.5648
 20
44.2731
 11
45.3616
 21
44.3253
  0
LINE
  8
0
 10
45.3616
 20
44.3253
 11
45.1341
 21
44.3754
  0
LINE
  8
0
 10
45.1341
 20
44.3754
 11
44.992
 21
44.4126
  0
LINE
  8
0
 10
44.992
 20
44.4126
 11
44.9072
 21
44.4538
  0
LINE
  8
0
 10
44.9072
 20
44.4538
 11
44.8675
 21
44.4983
  0
LINE
  8
0
 10
44.8675
 20
44.4983
 11
44.8547
 21
44.5542
  0
LINE
  8
0
 10
44.8547
 20
44.5542
 11
44.8721
 21
44.6255
  0
LINE
  8
0
 10
44.8721
 20
44.6255
 11
44.9236
 21
44.6724
  0
LINE
  8
0
 10
44.9236
 20
44.6724
 11
45.0262
 21
44.7038
  0
LINE
  8
0
 10
45.0262
 20
44.7038
 11
45.1826
 21
44.7152
  0
LINE
  8
0
 10
45.1826
 20
44.7152
 11
45.3388
 21
44.7008
  0
LINE
  8
0
 10
45.3388
 20
44.7008
 11
45.4371
 21
44.6614
  0
LINE
  8
0
 10
45.4371
 20
44.6614
 11
45.4951
 21
44.5994
  0
LINE
  8
0
 10
45.4951
 20
44.5994
 11
45.5443
 21
44.4628
  0
LINE
  8
0
 10
45.5443
 20
44.4628
 11
46.1223
 21
44.5232
  0
LINE
  8
0
 10
46.1223
 20
44.5232
 11
45.9961
 21
44.8325
  0
LINE
  8
0
 10
45.9961
 20
44.8325
 11
45.8005
 21
45.0206
  0
LINE
  8
0
 10
45.8005
 20
45.0206
 11
45.5262
 21
45.1338
  0
LINE
  8
0
 10
45.5262
 20
45.1338
 11
45.183
 21
45.1707
  0
LINE
  8
0
 10
45.183
 20
45.1707
 11
44.8012
 21
45.1282
  0
LINE
  8
0
 10
44.8012
 20
45.1282
 11
44.5098
 21
44.9973
  0
LINE
  8
0
 10
44.5098
 20
44.9973
 11
44.3241
 21
44.7825
  0
LINE
  8
0
 10
44.3241
 20
44.7825
 11
44.2628
 21
44.4999
  0
LINE
  8
0
 10
44.2628
 20
44.4999
 11
44.2855
 21
44.3194
  0
LINE
  8
0
 10
44.2855
 20
44.3194
 11
44.3538
 21
44.1688
  0
LINE
  8
0
 10
44.3538
 20
44.1688
 11
44.465
 21
44.047
  0
LINE
  8
0
 10
44.465
 20
44.047
 11
44.6144
 21
43.952
  0
LINE
  8
0
 10
44.6144
 20
43.952
 11
44.8537
 21
43.8692
  0
LINE
  8
0
 10
44.8537
 20
43.8692
 11
45.2337
 21
43.7827
  0
LINE
  8
0
 10
45.2337
 20
43.7827
 11
45.3972
 21
43.7397
  0
LINE
  8
0
 10
45.3972
 20
43.7397
 11
45.4954
 21
43.6926
  0
LINE
  8
0
 10
45.4954
 20
43.6926
 11
45.5421
 21
43.6413
  0
LINE
  8
0
 10
45.5421
 20
43.6413
 11
45.5571
 21
43.577
  0
LINE
  8
0
 10
45.5571
 20
43.577
 11
45.5377
 21
43.4975
  0
LINE
  8
0
 10
45.5377
 20
43.4975
 11
45.4797
 21
43.4424
  0
LINE
  8
0
 10
45.4797
 20
43.4424
 11
45.3634
 21
43.405
  0
LINE
  8
0
 10
45.3634
 20
43.405
 11
45.1793
 21
43.3915
  0
LINE
  8
0
 10
45.1793
 20
43.3915
 11
44.9827
 21
43.4059
  0
LINE
  8
0
 10
44.9827
 20
43.4059
 11
44.8654
 21
43.4457
  0
LINE
  8
0
 10
44.8654
 20
43.4457
 11
44.7971
 21
43.513
  0
LINE
  8
0
 10
44.7971
 20
43.513
 11
44.7314
 21
43.6642
  0
LINE
  8
0
 10
44.7314
 20
43.6642
 11
44.1589
 21
43.5784
  0
LINE
  8
0
 10
44.1589
 20
43.5784
 11
44.3024
 21
43.2631
  0
LINE
  8
0
 10
44.3024
 20
43.2631
 11
44.5045
 21
43.0784
  0
LINE
  8
0
 10
44.5045
 20
43.0784
 11
44.7945
 21
42.9724
  0
LINE
  8
0
 10
44.7945
 20
42.9724
 11
45.1798
 21
42.9379
  0
LINE
  8
0
 10
45.1798
 20
42.9379
 11
45.5766
 21
42.9818
  0
LINE
  8
0
 10
102.951
 20
42.9818
 11
103.258
 21
43.1166
  0
LINE
  8
0
 10
103.258
 20
43.1166
 11
103.457
 21
43.3362
  0
LINE
  8
0
 10
103.457
 20
43.3362
 11
103.523
 21
43.6231
  0
LINE
  8
0
 10
103.523
 20
43.6231
 11
103.505
 21
43.7988
  0
LINE
  8
0
 10
103.505
 20
43.7988
 11
103.449
 21
43.9405
  0
LINE
  8
0
 10
103.449
 20
43.9405
 11
103.362
 21
44.0536
  0
LINE
  8
0
 10
103.362
 20
44.0536
 11
103.252
 21
44.143
  0
LINE
  8
0
 10
103.252
 20
44.143
 11
103.113
 21
44.2142
  0
LINE
  8
0
 10
103.113
 20
44.2142
 11
102.939
 21
44.2731
  0
LINE
  8
0
 10
102.939
 20
44.2731
 11
102.736
 21
44.3253
  0
LINE
  8
0
 10
102.736
 20
44.3253
 11
102.508
 21
44.3754
  0
LINE
  8
0
 10
102.508
 20
44.3754
 11
102.366
 21
44.4126
  0
LINE
  8
0
 10
102.366
 20
44.4126
 11
102.281
 21
44.4538
  0
LINE
  8
0
 10
102.281
 20
44.4538
 11
102.242
 21
44.4983
  0
LINE
  8
0
 10
102.242
 20
44.4983
 11
102.229
 21
44.5542
  0
LINE
  8
0
 10
102.229
 20
44.5542
 11
102.246
 21
44.6255
  0
LINE
  8
0
 10
102.246
 20
44.6255
 11
102.298
 21
44.6724
  0
LINE
  8
0
 10
102.298
 20
44.6724
 11
102.4
 21
44.7038
  0
LINE
  8
0
 10
102.4
 20
44.7038
 11
102.557
 21
44.7152
  0
LINE
  8
0
 10
102.557
 20
44.7152
 11
102.713
 21
44.7008
  0
LINE
  8
0
 10
102.713
 20
44.7008
 11
102.811
 21
44.6614
  0
LINE
  8
0
 10
102.811
 20
44.6614
 11
102.869
 21
44.5994
  0
LINE
  8
0
 10
102.869
 20
44.5994
 11
102.918
 21
44.4628
  0
LINE
  8
0
 10
102.918
 20
44.4628
 11
103.496
 21
44.5232
  0
LINE
  8
0
 10
103.496
 20
44.5232
 11
103.37
 21
44.8325
  0
LINE
  8
0
 10
103.37
 20
44.8325
 11
103.175
 21
45.0206
  0
LINE
  8
0
 10
103.175
 20
45.0206
 11
102.9
 21
45.1338
  0
LINE
  8
0
 10
102.9
 20
45.1338
 11
102.557
 21
45.1707
  0
LINE
  8
0
 10
102.557
 20
45.1707
 11
102.175
 21
45.1282
  0
LINE
  8
0
 10
102.175
 20
45.1282
 11
101.884
 21
44.9973
  0
LINE
  8
0
 10
101.884
 20
44.9973
 11
101.698
 21
44.7825
  0
LINE
  8
0
 10
101.698
 20
44.7825
 11
101.637
 21
44.4999
  0
LINE
  8
0
 10
101.637
 20
44.4999
 11
101.66
 21
44.3194
  0
LINE
  8
0
 10
101.66
 20
44.3194
 11
101.728
 21
44.1688
  0
LINE
  8
0
 10
101.728
 20
44.1688
 11
101.839
 21
44.047
  0
LINE
  8
0
 10
101.839
 20
44.047
 11
101.988
 21
43.952
  0
LINE
  8
0
 10
101.988
 20
43.952
 11
102.228
 21
43.8692
  0
LINE
  8
0
 10
102.228
 20
43.8692
 11
102.608
 21
43.7827
  0
LINE
  8
0
 10
102.608
 20
43.7827
 11
102.771
 21
43.7397
  0
LINE
  8
0
 10
102.771
 20
43.7397
 11
102.87
 21
43.6926
  0
LINE
  8
0
 10
102.87
 20
43.6926
 11
102.916
 21
43.6413
  0
LINE
  8
0
 10
102.916
 20
43.6413
 11
102.931
 21
43.577
  0
LINE
  8
0
 10
102.931
 20
43.577
 11
102.912
 21
43.4975
  0
LINE
  8
0
 10
102.912
 20
43.4975
 11
102.854
 21
43.4424
  0
LINE
  8
0
 10
102.854
 20
43.4424
 11
102.737
 21
43.405
  0
LINE
  8
0
 10
102.737
 20
43.405
 11
102.553
 21
43.3915
  0
LINE
  8
0
 10
102.553
 20
43.3915
 11
102.357
 21
43.4059
  0
LINE
  8
0
 10
102.357
 20
43.4059
 11
102.24
 21
43.4457
  0
LINE
  8
0
 10
102.24
 20
43.4457
 11
102.171
 21
43.513
  0
LINE
  8
0
 10
102.171
 20
43.513
 11
102.105
 21
43.6642
  0
LINE
  8
0
 10
102.105
 20
43.6642
 11
101.533
 21
43.5784
  0
LINE
  8
0
 10
101.533
 20
43.5784
 11
101.676
 21
43.2631
  0
LINE
  8
0
 10
101.676
 20
43.2631
 11
101.879
 21
43.0784
  0
LINE
  8
0
 10
101.879
 20
43.0784
 11
102.169
 21
42.9724
  0
LINE
  8
0
 10
102.169
 20
42.9724
 11
102.554
 21
42.9379
  0
LINE
  8
0
 10
102.554
 20
42.9379
 11
102.951
 21
42.9818
  0
LINE
  8
0
 10
41.1525
 20
44.0318
 11
41.1793
 21
44.3002
  0
LINE
  8
0
 10
41.1793
 20
44.3002
 11
41.2554
 21
44.4833
  0
LINE
  8
0
 10
41.2554
 20
44.4833
 11
41.3706
 21
44.588
  0
LINE
  8
0
 10
41.3706
 20
44.588
 11
41.528
 21
44.6239
  0
LINE
  8
0
 10
41.528
 20
44.6239
 11
41.6243
 21
44.6174
  0
LINE
  8
0
 10
41.6243
 20
44.6174
 11
41.8018
 21
44.5862
  0
LINE
  8
0
 10
41.8018
 20
44.5862
 11
41.8018
 21
45.1294
  0
LINE
  8
0
 10
41.8018
 20
45.1294
 11
41.6883
 21
45.1628
  0
LINE
  8
0
 10
41.6883
 20
45.1628
 11
41.5862
 21
45.1706
  0
LINE
  8
0
 10
41.5862
 20
45.1706
 11
41.4612
 21
45.159
  0
LINE
  8
0
 10
41.4612
 20
45.159
 11
41.355
 21
45.1228
  0
LINE
  8
0
 10
41.355
 20
45.1228
 11
41.2662
 21
45.0611
  0
LINE
  8
0
 10
41.2662
 20
45.0611
 11
41.1921
 21
44.9753
  0
LINE
  8
0
 10
41.1921
 20
44.9753
 11
41.1286
 21
44.8578
  0
LINE
  8
0
 10
41.1286
 20
44.8578
 11
41.1277
 21
44.8754
  0
LINE
  8
0
 10
41.1277
 20
44.8754
 11
41.1191
 21
45.0154
  0
LINE
  8
0
 10
41.1191
 20
45.0154
 11
41.108
 21
45.1306
  0
LINE
  8
0
 10
41.108
 20
45.1306
 11
40.5007
 21
45.1306
  0
LINE
  8
0
 10
40.5007
 20
45.1306
 11
40.5093
 21
44.9839
  0
LINE
  8
0
 10
40.5093
 20
44.9839
 11
40.5142
 21
44.8788
  0
LINE
  8
0
 10
40.5142
 20
44.8788
 11
40.5177
 21
44.7522
  0
LINE
  8
0
 10
40.5177
 20
44.7522
 11
40.5189
 21
44.5979
  0
LINE
  8
0
 10
40.5189
 20
44.5979
 11
40.5189
 21
42.9761
  0
LINE
  8
0
 10
40.5189
 20
42.9761
 11
41.1525
 21
42.9761
  0
LINE
  8
0
 10
41.1525
 20
42.9761
 11
41.1525
 21
44.0318
  0
LINE
  8
0
 10
101.054
 20
43.0834
 11
101.453
 21
43.5882
  0
LINE
  8
0
 10
101.453
 20
43.5882
 11
100.829
 21
43.6424
  0
LINE
  8
0
 10
100.829
 20
43.6424
 11
100.696
 21
43.45
  0
LINE
  8
0
 10
100.696
 20
43.45
 11
100.495
 21
43.3965
  0
LINE
  8
0
 10
100.495
 20
43.3965
 11
100.338
 21
43.4297
  0
LINE
  8
0
 10
100.338
 20
43.4297
 11
100.221
 21
43.5286
  0
LINE
  8
0
 10
100.221
 20
43.5286
 11
100.146
 21
43.7006
  0
LINE
  8
0
 10
100.146
 20
43.7006
 11
100.125
 21
43.9008
  0
LINE
  8
0
 10
100.125
 20
43.9008
 11
101.437
 21
43.9008
  0
LINE
  8
0
 10
101.437
 20
43.9008
 11
101.437
 21
43.9689
  0
LINE
  8
0
 10
101.437
 20
43.9689
 11
101.377
 21
44.4779
  0
LINE
  8
0
 10
101.377
 20
44.4779
 11
101.193
 21
44.8576
  0
LINE
  8
0
 10
101.193
 20
44.8576
 11
100.889
 21
45.0921
  0
LINE
  8
0
 10
100.889
 20
45.0921
 11
100.478
 21
45.1693
  0
LINE
  8
0
 10
100.478
 20
45.1693
 11
100.048
 21
45.0977
  0
LINE
  8
0
 10
100.048
 20
45.0977
 11
99.7239
 21
44.8801
  0
LINE
  8
0
 10
99.7239
 20
44.8801
 11
99.524
 21
44.5293
  0
LINE
  8
0
 10
99.524
 20
44.5293
 11
99.4586
 21
44.063
  0
LINE
  8
0
 10
99.4586
 20
44.063
 11
99.5229
 21
43.5838
  0
LINE
  8
0
 10
99.5229
 20
43.5838
 11
99.7198
 21
43.2279
  0
LINE
  8
0
 10
99.7198
 20
43.2279
 11
100.041
 21
43.0093
  0
LINE
  8
0
 10
100.041
 20
43.0093
 11
100.472
 21
42.9371
  0
LINE
  8
0
 10
100.472
 20
42.9371
 11
101.054
 21
43.0834
  0
LINE
  8
0
 10
100.131
 20
44.335
 11
100.151
 21
44.4794
  0
LINE
  8
0
 10
100.151
 20
44.4794
 11
100.22
 21
44.6193
  0
LINE
  8
0
 10
100.22
 20
44.6193
 11
100.325
 21
44.703
  0
LINE
  8
0
 10
100.325
 20
44.703
 11
100.47
 21
44.7315
  0
LINE
  8
0
 10
100.47
 20
44.7315
 11
100.607
 21
44.7045
  0
LINE
  8
0
 10
100.607
 20
44.7045
 11
100.712
 21
44.625
  0
LINE
  8
0
 10
100.712
 20
44.625
 11
100.785
 21
44.4863
  0
LINE
  8
0
 10
100.785
 20
44.4863
 11
100.811
 21
44.335
  0
LINE
  8
0
 10
100.811
 20
44.335
 11
100.131
 21
44.335
  0
LINE
  8
0
 10
53.5992
 20
43.0834
 11
53.9982
 21
43.5882
  0
LINE
  8
0
 10
53.9982
 20
43.5882
 11
53.3735
 21
43.6424
  0
LINE
  8
0
 10
53.3735
 20
43.6424
 11
53.2413
 21
43.45
  0
LINE
  8
0
 10
53.2413
 20
43.45
 11
53.0399
 21
43.3965
  0
LINE
  8
0
 10
53.0399
 20
43.3965
 11
52.8824
 21
43.4297
  0
LINE
  8
0
 10
52.8824
 20
43.4297
 11
52.7663
 21
43.5286
  0
LINE
  8
0
 10
52.7663
 20
43.5286
 11
52.6908
 21
43.7006
  0
LINE
  8
0
 10
52.6908
 20
43.7006
 11
52.6696
 21
43.9008
  0
LINE
  8
0
 10
52.6696
 20
43.9008
 11
53.9818
 21
43.9008
  0
LINE
  8
0
 10
53.9818
 20
43.9008
 11
53.9818
 21
43.9689
  0
LINE
  8
0
 10
53.9818
 20
43.9689
 11
53.9221
 21
44.4779
  0
LINE
  8
0
 10
53.9221
 20
44.4779
 11
53.7381
 21
44.8576
  0
LINE
  8
0
 10
53.7381
 20
44.8576
 11
53.4335
 21
45.0921
  0
LINE
  8
0
 10
53.4335
 20
45.0921
 11
53.0228
 21
45.1693
  0
LINE
  8
0
 10
53.0228
 20
45.1693
 11
52.5928
 21
45.0977
  0
LINE
  8
0
 10
52.5928
 20
45.0977
 11
52.2688
 21
44.8801
  0
LINE
  8
0
 10
52.2688
 20
44.8801
 11
52.0689
 21
44.5293
  0
LINE
  8
0
 10
52.0689
 20
44.5293
 11
52.0034
 21
44.063
  0
LINE
  8
0
 10
52.0034
 20
44.063
 11
52.0678
 21
43.5838
  0
LINE
  8
0
 10
52.0678
 20
43.5838
 11
52.2647
 21
43.2279
  0
LINE
  8
0
 10
52.2647
 20
43.2279
 11
52.586
 21
43.0093
  0
LINE
  8
0
 10
52.586
 20
43.0093
 11
53.0167
 21
42.9371
  0
LINE
  8
0
 10
53.0167
 20
42.9371
 11
53.5992
 21
43.0834
  0
LINE
  8
0
 10
52.6754
 20
44.335
 11
52.6959
 21
44.4794
  0
LINE
  8
0
 10
52.6959
 20
44.4794
 11
52.765
 21
44.6193
  0
LINE
  8
0
 10
52.765
 20
44.6193
 11
52.8699
 21
44.703
  0
LINE
  8
0
 10
52.8699
 20
44.703
 11
53.0147
 21
44.7315
  0
LINE
  8
0
 10
53.0147
 20
44.7315
 11
53.1522
 21
44.7045
  0
LINE
  8
0
 10
53.1522
 20
44.7045
 11
53.2566
 21
44.625
  0
LINE
  8
0
 10
53.2566
 20
44.625
 11
53.3299
 21
44.4863
  0
LINE
  8
0
 10
53.3299
 20
44.4863
 11
53.356
 21
44.335
  0
LINE
  8
0
 10
53.356
 20
44.335
 11
52.6754
 21
44.335
  0
LINE
  8
0
 10
48.8965
 20
43.0114
 11
49.2452
 21
43.2362
  0
LINE
  8
0
 10
49.2452
 20
43.2362
 11
49.4644
 21
43.5921
  0
LINE
  8
0
 10
49.4644
 20
43.5921
 11
49.5364
 21
44.055
  0
LINE
  8
0
 10
49.5364
 20
44.055
 11
49.4676
 21
44.5268
  0
LINE
  8
0
 10
49.4676
 20
44.5268
 11
49.2578
 21
44.88
  0
LINE
  8
0
 10
49.2578
 20
44.88
 11
48.9145
 21
45.0978
  0
LINE
  8
0
 10
48.9145
 20
45.0978
 11
48.4527
 21
45.1692
  0
LINE
  8
0
 10
48.4527
 20
45.1692
 11
47.9973
 21
45.0952
  0
LINE
  8
0
 10
47.9973
 20
45.0952
 11
47.6509
 21
44.8704
  0
LINE
  8
0
 10
47.6509
 20
44.8704
 11
47.4347
 21
44.5154
  0
LINE
  8
0
 10
47.4347
 20
44.5154
 11
47.3637
 21
44.0553
  0
LINE
  8
0
 10
47.3637
 20
44.0553
 11
47.4347
 21
43.5935
  0
LINE
  8
0
 10
47.4347
 20
43.5935
 11
47.6508
 21
43.2374
  0
LINE
  8
0
 10
47.6508
 20
43.2374
 11
47.9942
 21
43.0118
  0
LINE
  8
0
 10
47.9942
 20
43.0118
 11
48.4414
 21
42.9375
  0
LINE
  8
0
 10
48.4414
 20
42.9375
 11
48.8965
 21
43.0114
  0
LINE
  8
0
 10
48.2623
 20
43.4434
 11
48.1353
 21
43.5612
  0
LINE
  8
0
 10
48.1353
 20
43.5612
 11
48.0531
 21
43.7647
  0
LINE
  8
0
 10
48.0531
 20
43.7647
 11
48.025
 21
44.0519
  0
LINE
  8
0
 10
48.025
 20
44.0519
 11
48.1392
 21
44.5431
  0
LINE
  8
0
 10
48.1392
 20
44.5431
 11
48.4669
 21
44.6997
  0
LINE
  8
0
 10
48.4669
 20
44.6997
 11
48.6387
 21
44.6644
  0
LINE
  8
0
 10
48.6387
 20
44.6644
 11
48.7664
 21
44.5565
  0
LINE
  8
0
 10
48.7664
 20
44.5565
 11
48.8486
 21
44.3591
  0
LINE
  8
0
 10
48.8486
 20
44.3591
 11
48.8771
 21
44.0587
  0
LINE
  8
0
 10
48.8771
 20
44.0587
 11
48.7614
 21
43.5632
  0
LINE
  8
0
 10
48.7614
 20
43.5632
 11
48.43
 21
43.4053
  0
LINE
  8
0
 10
48.43
 20
43.4053
 11
48.2623
 21
43.4434
  0
LINE
  8
0
 10
60.6672
 20
43.0445
 11
60.9029
 21
43.2989
  0
LINE
  8
0
 10
60.9029
 20
43.2989
 11
60.9243
 21
43.2047
  0
LINE
  8
0
 10
60.9243
 20
43.2047
 11
61.0117
 21
43.0654
  0
LINE
  8
0
 10
61.0117
 20
43.0654
 11
61.1529
 21
42.9799
  0
LINE
  8
0
 10
61.1529
 20
42.9799
 11
61.3419
 21
42.9533
  0
LINE
  8
0
 10
61.3419
 20
42.9533
 11
61.4003
 21
42.9543
  0
LINE
  8
0
 10
61.4003
 20
42.9543
 11
61.4487
 21
42.9573
  0
LINE
  8
0
 10
61.4487
 20
42.9573
 11
61.4921
 21
42.9617
  0
LINE
  8
0
 10
61.4921
 20
42.9617
 11
61.5329
 21
42.9672
  0
LINE
  8
0
 10
61.5329
 20
42.9672
 11
61.5731
 21
42.9742
  0
LINE
  8
0
 10
61.5731
 20
42.9742
 11
61.6128
 21
42.9832
  0
LINE
  8
0
 10
61.6128
 20
42.9832
 11
61.6534
 21
42.9932
  0
LINE
  8
0
 10
61.6534
 20
42.9932
 11
61.7367
 21
43.0134
  0
LINE
  8
0
 10
61.7367
 20
43.0134
 11
61.7367
 21
43.3992
  0
LINE
  8
0
 10
61.7367
 20
43.3992
 11
61.6239
 21
43.3826
  0
LINE
  8
0
 10
61.6239
 20
43.3826
 11
61.573
 21
43.3802
  0
LINE
  8
0
 10
61.573
 20
43.3802
 11
61.515
 21
43.3923
  0
LINE
  8
0
 10
61.515
 20
43.3923
 11
61.4827
 21
43.4229
  0
LINE
  8
0
 10
61.4827
 20
43.4229
 11
61.4592
 21
43.4971
  0
LINE
  8
0
 10
61.4592
 20
43.4971
 11
61.45
 21
43.6355
  0
LINE
  8
0
 10
61.45
 20
43.6355
 11
61.45
 21
44.386
  0
LINE
  8
0
 10
61.45
 20
44.386
 11
61.3948
 21
44.7137
  0
LINE
  8
0
 10
61.3948
 20
44.7137
 11
61.224
 21
44.9646
  0
LINE
  8
0
 10
61.224
 20
44.9646
 11
60.9501
 21
45.1188
  0
LINE
  8
0
 10
60.9501
 20
45.1188
 11
60.5899
 21
45.1689
  0
LINE
  8
0
 10
60.5899
 20
45.1689
 11
60.2312
 21
45.1287
  0
LINE
  8
0
 10
60.2312
 20
45.1287
 11
59.9513
 21
45.0054
  0
LINE
  8
0
 10
59.9513
 20
45.0054
 11
59.757
 21
44.7994
  0
LINE
  8
0
 10
59.757
 20
44.7994
 11
59.6366
 21
44.4623
  0
LINE
  8
0
 10
59.6366
 20
44.4623
 11
60.3022
 21
44.4305
  0
LINE
  8
0
 10
60.3022
 20
44.4305
 11
60.3397
 21
44.5968
  0
LINE
  8
0
 10
60.3397
 20
44.5968
 11
60.3847
 21
44.6683
  0
LINE
  8
0
 10
60.3847
 20
44.6683
 11
60.4543
 21
44.7078
  0
LINE
  8
0
 10
60.4543
 20
44.7078
 11
60.5653
 21
44.7224
  0
LINE
  8
0
 10
60.5653
 20
44.7224
 11
60.6825
 21
44.7015
  0
LINE
  8
0
 10
60.6825
 20
44.7015
 11
60.7552
 21
44.6439
  0
LINE
  8
0
 10
60.7552
 20
44.6439
 11
60.7999
 21
44.5389
  0
LINE
  8
0
 10
60.7999
 20
44.5389
 11
60.8165
 21
44.3737
  0
LINE
  8
0
 10
60.8165
 20
44.3737
 11
60.8165
 21
44.3208
  0
LINE
  8
0
 10
60.8165
 20
44.3208
 11
60.4205
 21
44.3141
  0
LINE
  8
0
 10
60.4205
 20
44.3141
 11
60.0612
 21
44.268
  0
LINE
  8
0
 10
60.0612
 20
44.268
 11
59.7885
 21
44.1328
  0
LINE
  8
0
 10
59.7885
 20
44.1328
 11
59.6183
 21
43.909
  0
LINE
  8
0
 10
59.6183
 20
43.909
 11
59.5626
 21
43.6078
  0
LINE
  8
0
 10
59.5626
 20
43.6078
 11
59.6073
 21
43.3276
  0
LINE
  8
0
 10
59.6073
 20
43.3276
 11
59.7445
 21
43.1138
  0
LINE
  8
0
 10
59.7445
 20
43.1138
 11
59.9628
 21
42.9808
  0
LINE
  8
0
 10
59.9628
 20
42.9808
 11
60.2481
 21
42.9372
  0
LINE
  8
0
 10
60.2481
 20
42.9372
 11
60.6672
 21
43.0445
  0
LINE
  8
0
 10
60.3348
 20
43.4255
 11
60.2749
 21
43.4663
  0
LINE
  8
0
 10
60.2749
 20
43.4663
 11
60.2348
 21
43.5376
  0
LINE
  8
0
 10
60.2348
 20
43.5376
 11
60.22
 21
43.6497
  0
LINE
  8
0
 10
60.22
 20
43.6497
 11
60.2289
 21
43.7398
  0
LINE
  8
0
 10
60.2289
 20
43.7398
 11
60.2541
 21
43.8054
  0
LINE
  8
0
 10
60.2541
 20
43.8054
 11
60.2936
 21
43.8524
  0
LINE
  8
0
 10
60.2936
 20
43.8524
 11
60.3488
 21
43.8862
  0
LINE
  8
0
 10
60.3488
 20
43.8862
 11
60.4425
 21
43.9102
  0
LINE
  8
0
 10
60.4425
 20
43.9102
 11
60.5957
 21
43.9236
  0
LINE
  8
0
 10
60.5957
 20
43.9236
 11
60.8165
 21
43.9267
  0
LINE
  8
0
 10
60.8165
 20
43.9267
 11
60.8165
 21
43.8757
  0
LINE
  8
0
 10
60.8165
 20
43.8757
 11
60.8027
 21
43.753
  0
LINE
  8
0
 10
60.8027
 20
43.753
 11
60.7625
 21
43.64
  0
LINE
  8
0
 10
60.7625
 20
43.64
 11
60.6994
 21
43.5431
  0
LINE
  8
0
 10
60.6994
 20
43.5431
 11
60.6175
 21
43.4709
  0
LINE
  8
0
 10
60.6175
 20
43.4709
 11
60.5218
 21
43.4258
  0
LINE
  8
0
 10
60.5218
 20
43.4258
 11
60.4173
 21
43.4109
  0
LINE
  8
0
 10
60.4173
 20
43.4109
 11
60.3348
 21
43.4255
  0
LINE
  8
0
 10
69.5329
 20
43.0445
 11
69.7686
 21
43.2989
  0
LINE
  8
0
 10
69.7686
 20
43.2989
 11
69.79
 21
43.2047
  0
LINE
  8
0
 10
69.79
 20
43.2047
 11
69.8775
 21
43.0654
  0
LINE
  8
0
 10
69.8775
 20
43.0654
 11
70.0186
 21
42.9799
  0
LINE
  8
0
 10
70.0186
 20
42.9799
 11
70.2076
 21
42.9533
  0
LINE
  8
0
 10
70.2076
 20
42.9533
 11
70.2661
 21
42.9543
  0
LINE
  8
0
 10
70.2661
 20
42.9543
 11
70.3145
 21
42.9573
  0
LINE
  8
0
 10
70.3145
 20
42.9573
 11
70.3578
 21
42.9617
  0
LINE
  8
0
 10
70.3578
 20
42.9617
 11
70.3987
 21
42.9672
  0
LINE
  8
0
 10
70.3987
 20
42.9672
 11
70.4388
 21
42.9742
  0
LINE
  8
0
 10
70.4388
 20
42.9742
 11
70.4785
 21
42.9832
  0
LINE
  8
0
 10
70.4785
 20
42.9832
 11
70.5191
 21
42.9932
  0
LINE
  8
0
 10
70.5191
 20
42.9932
 11
70.6025
 21
43.0134
  0
LINE
  8
0
 10
70.6025
 20
43.0134
 11
70.6025
 21
43.3992
  0
LINE
  8
0
 10
70.6025
 20
43.3992
 11
70.4897
 21
43.3826
  0
LINE
  8
0
 10
70.4897
 20
43.3826
 11
70.4388
 21
43.3802
  0
LINE
  8
0
 10
70.4388
 20
43.3802
 11
70.3808
 21
43.3923
  0
LINE
  8
0
 10
70.3808
 20
43.3923
 11
70.3484
 21
43.4229
  0
LINE
  8
0
 10
70.3484
 20
43.4229
 11
70.325
 21
43.497
  0
LINE
  8
0
 10
70.325
 20
43.497
 11
70.3158
 21
43.6355
  0
LINE
  8
0
 10
70.3158
 20
43.6355
 11
70.3158
 21
44.386
  0
LINE
  8
0
 10
70.3158
 20
44.386
 11
70.2605
 21
44.7137
  0
LINE
  8
0
 10
70.2605
 20
44.7137
 11
70.0897
 21
44.9646
  0
LINE
  8
0
 10
70.0897
 20
44.9646
 11
69.8159
 21
45.1188
  0
LINE
  8
0
 10
69.8159
 20
45.1188
 11
69.4557
 21
45.1689
  0
LINE
  8
0
 10
69.4557
 20
45.1689
 11
69.097
 21
45.1287
  0
LINE
  8
0
 10
69.097
 20
45.1287
 11
68.817
 21
45.0054
  0
LINE
  8
0
 10
68.817
 20
45.0054
 11
68.6227
 21
44.7994
  0
LINE
  8
0
 10
68.6227
 20
44.7994
 11
68.5023
 21
44.4623
  0
LINE
  8
0
 10
68.5023
 20
44.4623
 11
69.168
 21
44.4305
  0
LINE
  8
0
 10
69.168
 20
44.4305
 11
69.2055
 21
44.5968
  0
LINE
  8
0
 10
69.2055
 20
44.5968
 11
69.2504
 21
44.6683
  0
LINE
  8
0
 10
69.2504
 20
44.6683
 11
69.32
 21
44.7078
  0
LINE
  8
0
 10
69.32
 20
44.7078
 11
69.4311
 21
44.7224
  0
LINE
  8
0
 10
69.4311
 20
44.7224
 11
69.5482
 21
44.7015
  0
LINE
  8
0
 10
69.5482
 20
44.7015
 11
69.6209
 21
44.6439
  0
LINE
  8
0
 10
69.6209
 20
44.6439
 11
69.6657
 21
44.5389
  0
LINE
  8
0
 10
69.6657
 20
44.5389
 11
69.6822
 21
44.3737
  0
LINE
  8
0
 10
69.6822
 20
44.3737
 11
69.6822
 21
44.3208
  0
LINE
  8
0
 10
69.6822
 20
44.3208
 11
69.2862
 21
44.3141
  0
LINE
  8
0
 10
69.2862
 20
44.3141
 11
68.9269
 21
44.268
  0
LINE
  8
0
 10
68.9269
 20
44.268
 11
68.6543
 21
44.1328
  0
LINE
  8
0
 10
68.6543
 20
44.1328
 11
68.484
 21
43.909
  0
LINE
  8
0
 10
68.484
 20
43.909
 11
68.4283
 21
43.6078
  0
LINE
  8
0
 10
68.4283
 20
43.6078
 11
68.4731
 21
43.3276
  0
LINE
  8
0
 10
68.4731
 20
43.3276
 11
68.6103
 21
43.1138
  0
LINE
  8
0
 10
68.6103
 20
43.1138
 11
68.8285
 21
42.9808
  0
LINE
  8
0
 10
68.8285
 20
42.9808
 11
69.1138
 21
42.9372
  0
LINE
  8
0
 10
69.1138
 20
42.9372
 11
69.5329
 21
43.0445
  0
LINE
  8
0
 10
69.2006
 20
43.4255
 11
69.1406
 21
43.4663
  0
LINE
  8
0
 10
69.1406
 20
43.4663
 11
69.1005
 21
43.5376
  0
LINE
  8
0
 10
69.1005
 20
43.5376
 11
69.0857
 21
43.6498
  0
LINE
  8
0
 10
69.0857
 20
43.6498
 11
69.0947
 21
43.7398
  0
LINE
  8
0
 10
69.0947
 20
43.7398
 11
69.1199
 21
43.8055
  0
LINE
  8
0
 10
69.1199
 20
43.8055
 11
69.1593
 21
43.8524
  0
LINE
  8
0
 10
69.1593
 20
43.8524
 11
69.2146
 21
43.8862
  0
LINE
  8
0
 10
69.2146
 20
43.8862
 11
69.3083
 21
43.9102
  0
LINE
  8
0
 10
69.3083
 20
43.9102
 11
69.4614
 21
43.9236
  0
LINE
  8
0
 10
69.4614
 20
43.9236
 11
69.6822
 21
43.9267
  0
LINE
  8
0
 10
69.6822
 20
43.9267
 11
69.6822
 21
43.8757
  0
LINE
  8
0
 10
69.6822
 20
43.8757
 11
69.6685
 21
43.753
  0
LINE
  8
0
 10
69.6685
 20
43.753
 11
69.6282
 21
43.6399
  0
LINE
  8
0
 10
69.6282
 20
43.6399
 11
69.5652
 21
43.5431
  0
LINE
  8
0
 10
69.5652
 20
43.5431
 11
69.4833
 21
43.4709
  0
LINE
  8
0
 10
69.4833
 20
43.4709
 11
69.3876
 21
43.4258
  0
LINE
  8
0
 10
69.3876
 20
43.4258
 11
69.2831
 21
43.4109
  0
LINE
  8
0
 10
69.2831
 20
43.4109
 11
69.2006
 21
43.4255
  0
LINE
  8
0
 10
38.298
 20
43.0445
 11
38.5337
 21
43.2989
  0
LINE
  8
0
 10
38.5337
 20
43.2989
 11
38.555
 21
43.2047
  0
LINE
  8
0
 10
38.555
 20
43.2047
 11
38.6425
 21
43.0654
  0
LINE
  8
0
 10
38.6425
 20
43.0654
 11
38.7837
 21
42.9799
  0
LINE
  8
0
 10
38.7837
 20
42.9799
 11
38.9727
 21
42.9533
  0
LINE
  8
0
 10
38.9727
 20
42.9533
 11
39.0311
 21
42.9543
  0
LINE
  8
0
 10
39.0311
 20
42.9543
 11
39.0795
 21
42.9573
  0
LINE
  8
0
 10
39.0795
 20
42.9573
 11
39.1228
 21
42.9617
  0
LINE
  8
0
 10
39.1228
 20
42.9617
 11
39.1637
 21
42.9672
  0
LINE
  8
0
 10
39.1637
 20
42.9672
 11
39.2039
 21
42.9742
  0
LINE
  8
0
 10
39.2039
 20
42.9742
 11
39.2435
 21
42.9832
  0
LINE
  8
0
 10
39.2435
 20
42.9832
 11
39.2842
 21
42.9932
  0
LINE
  8
0
 10
39.2842
 20
42.9932
 11
39.3675
 21
43.0134
  0
LINE
  8
0
 10
39.3675
 20
43.0134
 11
39.3675
 21
43.3992
  0
LINE
  8
0
 10
39.3675
 20
43.3992
 11
39.2547
 21
43.3826
  0
LINE
  8
0
 10
39.2547
 20
43.3826
 11
39.2038
 21
43.3802
  0
LINE
  8
0
 10
39.2038
 20
43.3802
 11
39.1458
 21
43.3923
  0
LINE
  8
0
 10
39.1458
 20
43.3923
 11
39.1134
 21
43.4229
  0
LINE
  8
0
 10
39.1134
 20
43.4229
 11
39.09
 21
43.497
  0
LINE
  8
0
 10
39.09
 20
43.497
 11
39.0808
 21
43.6355
  0
LINE
  8
0
 10
39.0808
 20
43.6355
 11
39.0808
 21
44.386
  0
LINE
  8
0
 10
39.0808
 20
44.386
 11
39.0256
 21
44.7137
  0
LINE
  8
0
 10
39.0256
 20
44.7137
 11
38.8548
 21
44.9646
  0
LINE
  8
0
 10
38.8548
 20
44.9646
 11
38.5809
 21
45.1188
  0
LINE
  8
0
 10
38.5809
 20
45.1188
 11
38.2207
 21
45.1689
  0
LINE
  8
0
 10
38.2207
 20
45.1689
 11
37.862
 21
45.1287
  0
LINE
  8
0
 10
37.862
 20
45.1287
 11
37.582
 21
45.0054
  0
LINE
  8
0
 10
37.582
 20
45.0054
 11
37.3878
 21
44.7994
  0
LINE
  8
0
 10
37.3878
 20
44.7994
 11
37.2673
 21
44.4623
  0
LINE
  8
0
 10
37.2673
 20
44.4623
 11
37.933
 21
44.4305
  0
LINE
  8
0
 10
37.933
 20
44.4305
 11
37.9705
 21
44.5968
  0
LINE
  8
0
 10
37.9705
 20
44.5968
 11
38.0154
 21
44.6683
  0
LINE
  8
0
 10
38.0154
 20
44.6683
 11
38.085
 21
44.7078
  0
LINE
  8
0
 10
38.085
 20
44.7078
 11
38.1961
 21
44.7224
  0
LINE
  8
0
 10
38.1961
 20
44.7224
 11
38.3132
 21
44.7015
  0
LINE
  8
0
 10
38.3132
 20
44.7015
 11
38.386
 21
44.6439
  0
LINE
  8
0
 10
38.386
 20
44.6439
 11
38.4307
 21
44.5389
  0
LINE
  8
0
 10
38.4307
 20
44.5389
 11
38.4472
 21
44.3737
  0
LINE
  8
0
 10
38.4472
 20
44.3737
 11
38.4472
 21
44.3208
  0
LINE
  8
0
 10
38.4472
 20
44.3208
 11
38.0512
 21
44.3141
  0
LINE
  8
0
 10
38.0512
 20
44.3141
 11
37.692
 21
44.268
  0
LINE
  8
0
 10
37.692
 20
44.268
 11
37.4193
 21
44.1328
  0
LINE
  8
0
 10
37.4193
 20
44.1328
 11
37.249
 21
43.909
  0
LINE
  8
0
 10
37.249
 20
43.909
 11
37.1933
 21
43.6078
  0
LINE
  8
0
 10
37.1933
 20
43.6078
 11
37.2381
 21
43.3276
  0
LINE
  8
0
 10
37.2381
 20
43.3276
 11
37.3753
 21
43.1138
  0
LINE
  8
0
 10
37.3753
 20
43.1138
 11
37.5935
 21
42.9808
  0
LINE
  8
0
 10
37.5935
 20
42.9808
 11
37.8788
 21
42.9372
  0
LINE
  8
0
 10
37.8788
 20
42.9372
 11
38.298
 21
43.0445
  0
LINE
  8
0
 10
37.9656
 20
43.4255
 11
37.9056
 21
43.4663
  0
LINE
  8
0
 10
37.9056
 20
43.4663
 11
37.8656
 21
43.5376
  0
LINE
  8
0
 10
37.8656
 20
43.5376
 11
37.8507
 21
43.6497
  0
LINE
  8
0
 10
37.8507
 20
43.6497
 11
37.8597
 21
43.7398
  0
LINE
  8
0
 10
37.8597
 20
43.7398
 11
37.8849
 21
43.8055
  0
LINE
  8
0
 10
37.8849
 20
43.8055
 11
37.9243
 21
43.8524
  0
LINE
  8
0
 10
37.9243
 20
43.8524
 11
37.9796
 21
43.8862
  0
LINE
  8
0
 10
37.9796
 20
43.8862
 11
38.0733
 21
43.9102
  0
LINE
  8
0
 10
38.0733
 20
43.9102
 11
38.2264
 21
43.9236
  0
LINE
  8
0
 10
38.2264
 20
43.9236
 11
38.4472
 21
43.9267
  0
LINE
  8
0
 10
38.4472
 20
43.9267
 11
38.4472
 21
43.8757
  0
LINE
  8
0
 10
38.4472
 20
43.8757
 11
38.4335
 21
43.7531
  0
LINE
  8
0
 10
38.4335
 20
43.7531
 11
38.3932
 21
43.6399
  0
LINE
  8
0
 10
38.3932
 20
43.6399
 11
38.3302
 21
43.5431
  0
LINE
  8
0
 10
38.3302
 20
43.5431
 11
38.2483
 21
43.4709
  0
LINE
  8
0
 10
38.2483
 20
43.4709
 11
38.1526
 21
43.4258
  0
LINE
  8
0
 10
38.1526
 20
43.4258
 11
38.0481
 21
43.4109
  0
LINE
  8
0
 10
38.0481
 20
43.4109
 11
37.9656
 21
43.4255
  0
LINE
  8
0
 10
104.436
 20
45.1306
 11
103.803
 21
45.1306
  0
LINE
  8
0
 10
103.803
 20
45.1306
 11
103.803
 21
42.9761
  0
LINE
  8
0
 10
103.803
 20
42.9761
 11
104.436
 21
42.9761
  0
LINE
  8
0
 10
104.436
 20
42.9761
 11
104.436
 21
45.1306
  0
LINE
  8
0
 10
40.0973
 20
45.1306
 11
39.4638
 21
45.1306
  0
LINE
  8
0
 10
39.4638
 20
45.1306
 11
39.4638
 21
42.9761
  0
LINE
  8
0
 10
39.4638
 20
42.9761
 11
40.0973
 21
42.9761
  0
LINE
  8
0
 10
40.0973
 20
42.9761
 11
40.0973
 21
45.1306
  0
LINE
  8
0
 10
73.6938
 20
45.0983
 11
71.6438
 21
45.0983
  0
LINE
  8
0
 10
71.6438
 20
45.0983
 11
71.6438
 21
44.5749
  0
LINE
  8
0
 10
71.6438
 20
44.5749
 11
73.6938
 21
44.5749
  0
LINE
  8
0
 10
73.6938
 20
44.5749
 11
73.6938
 21
45.0983
  0
LINE
  8
0
 10
42.7462
 20
45.0394
 11
42.0994
 21
45.0394
  0
LINE
  8
0
 10
42.0994
 20
45.0394
 11
42.0994
 21
44.404
  0
LINE
  8
0
 10
42.0994
 20
44.404
 11
42.7462
 21
44.404
  0
LINE
  8
0
 10
42.7462
 20
44.404
 11
42.7462
 21
45.0394
  0
LINE
  8
0
 10
73.6938
 20
44.0483
 11
71.6438
 21
44.0483
  0
LINE
  8
0
 10
71.6438
 20
44.0483
 11
71.6438
 21
43.5287
  0
LINE
  8
0
 10
71.6438
 20
43.5287
 11
73.6938
 21
43.5287
  0
LINE
  8
0
 10
73.6938
 20
43.5287
 11
73.6938
 21
44.0483
  0
LINE
  8
0
 10
113.306
 20
43.6553
 11
112.657
 21
43.6553
  0
LINE
  8
0
 10
112.657
 20
43.6553
 11
112.657
 21
42.9761
  0
LINE
  8
0
 10
112.657
 20
42.9761
 11
113.306
 21
42.9761
  0
LINE
  8
0
 10
113.306
 20
42.9761
 11
113.306
 21
43.6553
  0
LINE
  8
0
 10
77.7801
 20
43.6553
 11
77.1314
 21
43.6553
  0
LINE
  8
0
 10
77.1314
 20
43.6553
 11
77.1314
 21
42.9761
  0
LINE
  8
0
 10
77.1314
 20
42.9761
 11
77.7801
 21
42.9761
  0
LINE
  8
0
 10
77.7801
 20
42.9761
 11
77.7801
 21
43.6553
  0
LINE
  8
0
 10
42.7462
 20
43.6097
 11
42.0994
 21
43.6097
  0
LINE
  8
0
 10
42.0994
 20
43.6097
 11
42.0994
 21
42.9761
  0
LINE
  8
0
 10
42.0994
 20
42.9761
 11
42.7462
 21
42.9761
  0
LINE
  8
0
 10
42.7462
 20
42.9761
 11
42.7462
 21
43.6097
  0
LINE
  8
0
 10
97.3095
 20
37.6619
 11
97.7139
 21
37.6619
  0
LINE
  8
0
 10
97.7139
 20
37.6619
 11
97.7139
 21
38.1227
  0
LINE
  8
0
 10
97.7139
 20
38.1227
 11
97.3095
 21
38.1227
  0
LINE
  8
0
 10
97.3095
 20
38.1227
 11
97.3095
 21
38.2311
  0
LINE
  8
0
 10
97.3095
 20
38.2311
 11
97.3219
 21
38.3343
  0
LINE
  8
0
 10
97.3219
 20
38.3343
 11
97.3519
 21
38.3876
  0
LINE
  8
0
 10
97.3519
 20
38.3876
 11
97.4068
 21
38.4169
  0
LINE
  8
0
 10
97.4068
 20
38.4169
 11
97.5097
 21
38.4289
  0
LINE
  8
0
 10
97.5097
 20
38.4289
 11
97.5807
 21
38.425
  0
LINE
  8
0
 10
97.5807
 20
38.425
 11
97.7139
 21
38.403
  0
LINE
  8
0
 10
97.7139
 20
38.403
 11
97.7139
 21
38.8496
  0
LINE
  8
0
 10
97.7139
 20
38.8496
 11
97.4898
 21
38.8783
  0
LINE
  8
0
 10
97.4898
 20
38.8783
 11
97.3239
 21
38.8862
  0
LINE
  8
0
 10
97.3239
 20
38.8862
 11
97.0469
 21
38.8507
  0
LINE
  8
0
 10
97.0469
 20
38.8507
 11
96.8409
 21
38.7391
  0
LINE
  8
0
 10
96.8409
 20
38.7391
 11
96.717
 21
38.5485
  0
LINE
  8
0
 10
96.717
 20
38.5485
 11
96.6778
 21
38.291
  0
LINE
  8
0
 10
96.6778
 20
38.291
 11
96.6778
 21
38.1227
  0
LINE
  8
0
 10
96.6778
 20
38.1227
 11
96.3778
 21
38.1227
  0
LINE
  8
0
 10
96.3778
 20
38.1227
 11
96.3778
 21
37.6619
  0
LINE
  8
0
 10
96.3778
 20
37.6619
 11
96.6778
 21
37.6619
  0
LINE
  8
0
 10
96.6778
 20
37.6619
 11
96.6778
 21
35.9683
  0
LINE
  8
0
 10
96.6778
 20
35.9683
 11
97.3095
 21
35.9683
  0
LINE
  8
0
 10
97.3095
 20
35.9683
 11
97.3095
 21
37.6619
  0
LINE
  8
0
 10
52.4588
 20
35.9506
 11
52.7127
 21
36.0088
  0
LINE
  8
0
 10
52.7127
 20
36.0088
 11
52.7127
 21
36.4397
  0
LINE
  8
0
 10
52.7127
 20
36.4397
 11
52.5531
 21
36.4087
  0
LINE
  8
0
 10
52.5531
 20
36.4087
 11
52.4863
 21
36.4028
  0
LINE
  8
0
 10
52.4863
 20
36.4028
 11
52.4004
 21
36.4175
  0
LINE
  8
0
 10
52.4004
 20
36.4175
 11
52.3475
 21
36.4564
  0
LINE
  8
0
 10
52.3475
 20
36.4564
 11
52.3137
 21
36.5283
  0
LINE
  8
0
 10
52.3137
 20
36.5283
 11
52.3007
 21
36.6475
  0
LINE
  8
0
 10
52.3007
 20
36.6475
 11
52.3007
 21
37.6619
  0
LINE
  8
0
 10
52.3007
 20
37.6619
 11
52.69
 21
37.6619
  0
LINE
  8
0
 10
52.69
 20
37.6619
 11
52.69
 21
38.1227
  0
LINE
  8
0
 10
52.69
 20
38.1227
 11
52.3007
 21
38.1227
  0
LINE
  8
0
 10
52.3007
 20
38.1227
 11
52.3007
 21
38.605
  0
LINE
  8
0
 10
52.3007
 20
38.605
 11
51.8809
 21
38.605
  0
LINE
  8
0
 10
51.8809
 20
38.605
 11
51.7139
 21
38.1227
  0
LINE
  8
0
 10
51.7139
 20
38.1227
 11
51.0987
 21
38.1227
  0
LINE
  8
0
 10
51.0987
 20
38.1227
 11
51.0987
 21
38.2311
  0
LINE
  8
0
 10
51.0987
 20
38.2311
 11
51.1111
 21
38.3343
  0
LINE
  8
0
 10
51.1111
 20
38.3343
 11
51.1411
 21
38.3876
  0
LINE
  8
0
 10
51.1411
 20
38.3876
 11
51.196
 21
38.4169
  0
LINE
  8
0
 10
51.196
 20
38.4169
 11
51.299
 21
38.4289
  0
LINE
  8
0
 10
51.299
 20
38.4289
 11
51.3699
 21
38.425
  0
LINE
  8
0
 10
51.3699
 20
38.425
 11
51.5031
 21
38.403
  0
LINE
  8
0
 10
51.5031
 20
38.403
 11
51.5031
 21
38.8496
  0
LINE
  8
0
 10
51.5031
 20
38.8496
 11
51.279
 21
38.8783
  0
LINE
  8
0
 10
51.279
 20
38.8783
 11
51.1132
 21
38.8862
  0
LINE
  8
0
 10
51.1132
 20
38.8862
 11
50.8361
 21
38.8507
  0
LINE
  8
0
 10
50.8361
 20
38.8507
 11
50.6301
 21
38.7391
  0
LINE
  8
0
 10
50.6301
 20
38.7391
 11
50.5063
 21
38.5485
  0
LINE
  8
0
 10
50.5063
 20
38.5485
 11
50.467
 21
38.291
  0
LINE
  8
0
 10
50.467
 20
38.291
 11
50.467
 21
38.1227
  0
LINE
  8
0
 10
50.467
 20
38.1227
 11
50.167
 21
38.1227
  0
LINE
  8
0
 10
50.167
 20
38.1227
 11
50.167
 21
37.6619
  0
LINE
  8
0
 10
50.167
 20
37.6619
 11
50.467
 21
37.6619
  0
LINE
  8
0
 10
50.467
 20
37.6619
 11
50.467
 21
35.9683
  0
LINE
  8
0
 10
50.467
 20
35.9683
 11
51.0987
 21
35.9683
  0
LINE
  8
0
 10
51.0987
 20
35.9683
 11
51.0987
 21
37.6619
  0
LINE
  8
0
 10
51.0987
 20
37.6619
 11
51.6729
 21
37.6619
  0
LINE
  8
0
 10
51.6729
 20
37.6619
 11
51.6729
 21
36.4971
  0
LINE
  8
0
 10
51.6729
 20
36.4971
 11
51.7065
 21
36.2565
  0
LINE
  8
0
 10
51.7065
 20
36.2565
 11
51.8133
 21
36.0762
  0
LINE
  8
0
 10
51.8133
 20
36.0762
 11
51.9866
 21
35.9682
  0
LINE
  8
0
 10
51.9866
 20
35.9682
 11
52.2106
 21
35.9338
  0
LINE
  8
0
 10
52.2106
 20
35.9338
 11
52.4588
 21
35.9506
  0
LINE
  8
0
 10
101.648
 20
38.886
 11
101.015
 21
38.886
  0
LINE
  8
0
 10
101.015
 20
38.886
 11
101.015
 21
35.9683
  0
LINE
  8
0
 10
101.015
 20
35.9683
 11
101.648
 21
35.9683
  0
LINE
  8
0
 10
101.648
 20
35.9683
 11
101.648
 21
38.886
  0
LINE
  8
0
 10
46.6401
 20
36.0281
 11
46.8266
 21
36.2357
  0
LINE
  8
0
 10
46.8266
 20
36.2357
 11
46.8324
 21
36.1572
  0
LINE
  8
0
 10
46.8324
 20
36.1572
 11
46.8424
 21
36.0616
  0
LINE
  8
0
 10
46.8424
 20
36.0616
 11
46.8579
 21
35.9683
  0
LINE
  8
0
 10
46.8579
 20
35.9683
 11
47.4691
 21
35.9683
  0
LINE
  8
0
 10
47.4691
 20
35.9683
 11
47.4553
 21
36.2611
  0
LINE
  8
0
 10
47.4553
 20
36.2611
 11
47.4515
 21
36.4664
  0
LINE
  8
0
 10
47.4515
 20
36.4664
 11
47.4515
 21
38.886
  0
LINE
  8
0
 10
47.4515
 20
38.886
 11
46.818
 21
38.886
  0
LINE
  8
0
 10
46.818
 20
38.886
 11
46.818
 21
38.0857
  0
LINE
  8
0
 10
46.818
 20
38.0857
 11
46.8199
 21
37.9124
  0
LINE
  8
0
 10
46.8199
 20
37.9124
 11
46.8018
 21
37.94
  0
LINE
  8
0
 10
46.8018
 20
37.94
 11
46.6494
 21
38.0632
  0
LINE
  8
0
 10
46.6494
 20
38.0632
 11
46.4626
 21
38.1368
  0
LINE
  8
0
 10
46.4626
 20
38.1368
 11
46.2447
 21
38.1612
  0
LINE
  8
0
 10
46.2447
 20
38.1612
 11
45.8897
 21
38.0875
  0
LINE
  8
0
 10
45.8897
 20
38.0875
 11
45.6225
 21
37.8636
  0
LINE
  8
0
 10
45.6225
 20
37.8636
 11
45.4599
 21
37.5098
  0
LINE
  8
0
 10
45.4599
 20
37.5098
 11
45.4069
 21
37.0437
  0
LINE
  8
0
 10
45.4069
 20
37.0437
 11
45.4572
 21
36.5832
  0
LINE
  8
0
 10
45.4572
 20
36.5832
 11
45.6113
 21
36.2303
  0
LINE
  8
0
 10
45.6113
 20
36.2303
 11
45.8657
 21
36.0043
  0
LINE
  8
0
 10
45.8657
 20
36.0043
 11
46.2074
 21
35.929
  0
LINE
  8
0
 10
46.2074
 20
35.929
 11
46.6401
 21
36.0281
  0
LINE
  8
0
 10
46.1629
 20
36.552
 11
46.0639
 21
37.0465
  0
LINE
  8
0
 10
46.0639
 20
37.0465
 11
46.0889
 21
37.3441
  0
LINE
  8
0
 10
46.0889
 20
37.3441
 11
46.1612
 21
37.5467
  0
LINE
  8
0
 10
46.1612
 20
37.5467
 11
46.275
 21
37.6591
  0
LINE
  8
0
 10
46.275
 20
37.6591
 11
46.4369
 21
37.6967
  0
LINE
  8
0
 10
46.4369
 20
37.6967
 11
46.602
 21
37.6577
  0
LINE
  8
0
 10
46.602
 20
37.6577
 11
46.7217
 21
37.5405
  0
LINE
  8
0
 10
46.7217
 20
37.5405
 11
46.7986
 21
37.3394
  0
LINE
  8
0
 10
46.7986
 20
37.3394
 11
46.8253
 21
37.0569
  0
LINE
  8
0
 10
46.8253
 20
37.0569
 11
46.7975
 21
36.7659
  0
LINE
  8
0
 10
46.7975
 20
36.7659
 11
46.7169
 21
36.5579
  0
LINE
  8
0
 10
46.7169
 20
36.5579
 11
46.5947
 21
36.4363
  0
LINE
  8
0
 10
46.5947
 20
36.4363
 11
46.4402
 21
36.3981
  0
LINE
  8
0
 10
46.4402
 20
36.3981
 11
46.1629
 21
36.552
  0
LINE
  8
0
 10
49.9505
 20
38.886
 11
49.317
 21
38.886
  0
LINE
  8
0
 10
49.317
 20
38.886
 11
49.317
 21
38.393
  0
LINE
  8
0
 10
49.317
 20
38.393
 11
49.9505
 21
38.393
  0
LINE
  8
0
 10
49.9505
 20
38.393
 11
49.9505
 21
38.886
  0
LINE
  8
0
 10
103.191
 20
36.0281
 11
103.377
 21
36.2357
  0
LINE
  8
0
 10
103.377
 20
36.2357
 11
103.383
 21
36.1572
  0
LINE
  8
0
 10
103.383
 20
36.1572
 11
103.393
 21
36.0616
  0
LINE
  8
0
 10
103.393
 20
36.0616
 11
103.409
 21
35.9683
  0
LINE
  8
0
 10
103.409
 20
35.9683
 11
104.02
 21
35.9683
  0
LINE
  8
0
 10
104.02
 20
35.9683
 11
104.006
 21
36.2611
  0
LINE
  8
0
 10
104.006
 20
36.2611
 11
104.002
 21
36.4664
  0
LINE
  8
0
 10
104.002
 20
36.4664
 11
104.002
 21
38.886
  0
LINE
  8
0
 10
104.002
 20
38.886
 11
103.369
 21
38.886
  0
LINE
  8
0
 10
103.369
 20
38.886
 11
103.369
 21
38.0857
  0
LINE
  8
0
 10
103.369
 20
38.0857
 11
103.371
 21
37.9124
  0
LINE
  8
0
 10
103.371
 20
37.9124
 11
103.353
 21
37.94
  0
LINE
  8
0
 10
103.353
 20
37.94
 11
103.2
 21
38.0632
  0
LINE
  8
0
 10
103.2
 20
38.0632
 11
103.013
 21
38.1368
  0
LINE
  8
0
 10
103.013
 20
38.1368
 11
102.795
 21
38.1612
  0
LINE
  8
0
 10
102.795
 20
38.1612
 11
102.44
 21
38.0875
  0
LINE
  8
0
 10
102.44
 20
38.0875
 11
102.173
 21
37.8636
  0
LINE
  8
0
 10
102.173
 20
37.8636
 11
102.011
 21
37.5098
  0
LINE
  8
0
 10
102.011
 20
37.5098
 11
101.958
 21
37.0437
  0
LINE
  8
0
 10
101.958
 20
37.0437
 11
102.008
 21
36.5832
  0
LINE
  8
0
 10
102.008
 20
36.5832
 11
102.162
 21
36.2303
  0
LINE
  8
0
 10
102.162
 20
36.2303
 11
102.416
 21
36.0043
  0
LINE
  8
0
 10
102.416
 20
36.0043
 11
102.758
 21
35.929
  0
LINE
  8
0
 10
102.758
 20
35.929
 11
103.191
 21
36.0281
  0
LINE
  8
0
 10
102.714
 20
36.552
 11
102.615
 21
37.0465
  0
LINE
  8
0
 10
102.615
 20
37.0465
 11
102.64
 21
37.3441
  0
LINE
  8
0
 10
102.64
 20
37.3441
 11
102.712
 21
37.5467
  0
LINE
  8
0
 10
102.712
 20
37.5467
 11
102.826
 21
37.6591
  0
LINE
  8
0
 10
102.826
 20
37.6591
 11
102.988
 21
37.6967
  0
LINE
  8
0
 10
102.988
 20
37.6967
 11
103.153
 21
37.6577
  0
LINE
  8
0
 10
103.153
 20
37.6577
 11
103.272
 21
37.5405
  0
LINE
  8
0
 10
103.272
 20
37.5405
 11
103.349
 21
37.3394
  0
LINE
  8
0
 10
103.349
 20
37.3394
 11
103.376
 21
37.0569
  0
LINE
  8
0
 10
103.376
 20
37.0569
 11
103.348
 21
36.7659
  0
LINE
  8
0
 10
103.348
 20
36.7659
 11
103.268
 21
36.5579
  0
LINE
  8
0
 10
103.268
 20
36.5579
 11
103.145
 21
36.4363
  0
LINE
  8
0
 10
103.145
 20
36.4363
 11
102.991
 21
36.3981
  0
LINE
  8
0
 10
102.991
 20
36.3981
 11
102.714
 21
36.552
  0
LINE
  8
0
 10
98.4811
 20
38.886
 11
97.8475
 21
38.886
  0
LINE
  8
0
 10
97.8475
 20
38.886
 11
97.8475
 21
38.393
  0
LINE
  8
0
 10
97.8475
 20
38.393
 11
98.4811
 21
38.393
  0
LINE
  8
0
 10
98.4811
 20
38.393
 11
98.4811
 21
38.886
  0
LINE
  8
0
 10
91.7294
 20
37.1145
 11
91.7577
 21
37.3402
  0
LINE
  8
0
 10
91.7577
 20
37.3402
 11
91.8391
 21
37.5136
  0
LINE
  8
0
 10
91.8391
 20
37.5136
 11
91.9595
 21
37.6228
  0
LINE
  8
0
 10
91.9595
 20
37.6228
 11
92.1044
 21
37.6572
  0
LINE
  8
0
 10
92.1044
 20
37.6572
 11
92.3417
 21
37.5404
  0
LINE
  8
0
 10
92.3417
 20
37.5404
 11
92.4268
 21
37.1633
  0
LINE
  8
0
 10
92.4268
 20
37.1633
 11
92.4268
 21
35.9683
  0
LINE
  8
0
 10
92.4268
 20
35.9683
 11
93.0585
 21
35.9683
  0
LINE
  8
0
 10
93.0585
 20
35.9683
 11
93.0585
 21
37.324
  0
LINE
  8
0
 10
93.0585
 20
37.324
 11
93.0133
 21
37.677
  0
LINE
  8
0
 10
93.0133
 20
37.677
 11
92.8724
 21
37.9433
  0
LINE
  8
0
 10
92.8724
 20
37.9433
 11
92.6409
 21
38.1077
  0
LINE
  8
0
 10
92.6409
 20
38.1077
 11
92.3337
 21
38.1612
  0
LINE
  8
0
 10
92.3337
 20
38.1612
 11
92.1086
 21
38.1328
  0
LINE
  8
0
 10
92.1086
 20
38.1328
 11
91.9154
 21
38.0466
  0
LINE
  8
0
 10
91.9154
 20
38.0466
 11
91.7546
 21
37.8976
  0
LINE
  8
0
 10
91.7546
 20
37.8976
 11
91.7248
 21
37.8481
  0
LINE
  8
0
 10
91.7248
 20
37.8481
 11
91.7256
 21
37.8605
  0
LINE
  8
0
 10
91.7256
 20
37.8605
 11
91.7294
 21
38.0665
  0
LINE
  8
0
 10
91.7294
 20
38.0665
 11
91.7294
 21
38.886
  0
LINE
  8
0
 10
91.7294
 20
38.886
 11
91.0958
 21
38.886
  0
LINE
  8
0
 10
91.0958
 20
38.886
 11
91.0958
 21
35.9683
  0
LINE
  8
0
 10
91.0958
 20
35.9683
 11
91.7294
 21
35.9683
  0
LINE
  8
0
 10
91.7294
 20
35.9683
 11
91.7294
 21
37.1145
  0
LINE
  8
0
 10
108.191
 20
38.886
 11
107.557
 21
38.886
  0
LINE
  8
0
 10
107.557
 20
38.886
 11
107.557
 21
35.9683
  0
LINE
  8
0
 10
107.557
 20
35.9683
 11
108.191
 21
35.9683
  0
LINE
  8
0
 10
108.191
 20
35.9683
 11
108.191
 21
38.886
  0
LINE
  8
0
 10
57.5442
 20
38.886
 11
56.9106
 21
38.886
  0
LINE
  8
0
 10
56.9106
 20
38.886
 11
56.9106
 21
38.393
  0
LINE
  8
0
 10
56.9106
 20
38.393
 11
57.5442
 21
38.393
  0
LINE
  8
0
 10
57.5442
 20
38.393
 11
57.5442
 21
38.886
  0
LINE
  8
0
 10
86.3124
 20
36.0281
 11
86.4989
 21
36.2357
  0
LINE
  8
0
 10
86.4989
 20
36.2357
 11
86.5047
 21
36.1572
  0
LINE
  8
0
 10
86.5047
 20
36.1572
 11
86.5147
 21
36.0616
  0
LINE
  8
0
 10
86.5147
 20
36.0616
 11
86.5302
 21
35.9683
  0
LINE
  8
0
 10
86.5302
 20
35.9683
 11
87.1414
 21
35.9683
  0
LINE
  8
0
 10
87.1414
 20
35.9683
 11
87.1276
 21
36.2611
  0
LINE
  8
0
 10
87.1276
 20
36.2611
 11
87.1238
 21
36.4664
  0
LINE
  8
0
 10
87.1238
 20
36.4664
 11
87.1238
 21
38.886
  0
LINE
  8
0
 10
87.1238
 20
38.886
 11
86.4902
 21
38.886
  0
LINE
  8
0
 10
86.4902
 20
38.886
 11
86.4902
 21
38.0857
  0
LINE
  8
0
 10
86.4902
 20
38.0857
 11
86.4922
 21
37.9124
  0
LINE
  8
0
 10
86.4922
 20
37.9124
 11
86.474
 21
37.94
  0
LINE
  8
0
 10
86.474
 20
37.94
 11
86.3217
 21
38.0632
  0
LINE
  8
0
 10
86.3217
 20
38.0632
 11
86.1349
 21
38.1368
  0
LINE
  8
0
 10
86.1349
 20
38.1368
 11
85.917
 21
38.1612
  0
LINE
  8
0
 10
85.917
 20
38.1612
 11
85.562
 21
38.0875
  0
LINE
  8
0
 10
85.562
 20
38.0875
 11
85.2948
 21
37.8636
  0
LINE
  8
0
 10
85.2948
 20
37.8636
 11
85.1322
 21
37.5098
  0
LINE
  8
0
 10
85.1322
 20
37.5098
 11
85.0792
 21
37.0437
  0
LINE
  8
0
 10
85.0792
 20
37.0437
 11
85.1295
 21
36.5832
  0
LINE
  8
0
 10
85.1295
 20
36.5832
 11
85.2836
 21
36.2303
  0
LINE
  8
0
 10
85.2836
 20
36.2303
 11
85.538
 21
36.0043
  0
LINE
  8
0
 10
85.538
 20
36.0043
 11
85.8797
 21
35.929
  0
LINE
  8
0
 10
85.8797
 20
35.929
 11
86.3124
 21
36.0281
  0
LINE
  8
0
 10
85.8352
 20
36.552
 11
85.7362
 21
37.0465
  0
LINE
  8
0
 10
85.7362
 20
37.0465
 11
85.7612
 21
37.3441
  0
LINE
  8
0
 10
85.7612
 20
37.3441
 11
85.8335
 21
37.5467
  0
LINE
  8
0
 10
85.8335
 20
37.5467
 11
85.9473
 21
37.6591
  0
LINE
  8
0
 10
85.9473
 20
37.6591
 11
86.1092
 21
37.6967
  0
LINE
  8
0
 10
86.1092
 20
37.6967
 11
86.2743
 21
37.6577
  0
LINE
  8
0
 10
86.2743
 20
37.6577
 11
86.394
 21
37.5405
  0
LINE
  8
0
 10
86.394
 20
37.5405
 11
86.4709
 21
37.3394
  0
LINE
  8
0
 10
86.4709
 20
37.3394
 11
86.4976
 21
37.0569
  0
LINE
  8
0
 10
86.4976
 20
37.0569
 11
86.4698
 21
36.7659
  0
LINE
  8
0
 10
86.4698
 20
36.7659
 11
86.3892
 21
36.5579
  0
LINE
  8
0
 10
86.3892
 20
36.5579
 11
86.267
 21
36.4363
  0
LINE
  8
0
 10
86.267
 20
36.4363
 11
86.1125
 21
36.3981
  0
LINE
  8
0
 10
86.1125
 20
36.3981
 11
85.8352
 21
36.552
  0
LINE
  8
0
 10
72.9502
 20
37.1145
 11
72.9785
 21
37.3402
  0
LINE
  8
0
 10
72.9785
 20
37.3402
 11
73.0599
 21
37.5136
  0
LINE
  8
0
 10
73.0599
 20
37.5136
 11
73.1804
 21
37.6228
  0
LINE
  8
0
 10
73.1804
 20
37.6228
 11
73.3253
 21
37.6572
  0
LINE
  8
0
 10
73.3253
 20
37.6572
 11
73.5626
 21
37.5404
  0
LINE
  8
0
 10
73.5626
 20
37.5404
 11
73.6477
 21
37.1633
  0
LINE
  8
0
 10
73.6477
 20
37.1633
 11
73.6477
 21
35.9683
  0
LINE
  8
0
 10
73.6477
 20
35.9683
 11
74.2793
 21
35.9683
  0
LINE
  8
0
 10
74.2793
 20
35.9683
 11
74.2793
 21
37.324
  0
LINE
  8
0
 10
74.2793
 20
37.324
 11
74.2341
 21
37.677
  0
LINE
  8
0
 10
74.2341
 20
37.677
 11
74.0933
 21
37.9433
  0
LINE
  8
0
 10
74.0933
 20
37.9433
 11
73.8617
 21
38.1077
  0
LINE
  8
0
 10
73.8617
 20
38.1077
 11
73.5546
 21
38.1612
  0
LINE
  8
0
 10
73.5546
 20
38.1612
 11
73.3295
 21
38.1328
  0
LINE
  8
0
 10
73.3295
 20
38.1328
 11
73.1362
 21
38.0466
  0
LINE
  8
0
 10
73.1362
 20
38.0466
 11
72.9754
 21
37.8976
  0
LINE
  8
0
 10
72.9754
 20
37.8976
 11
72.9457
 21
37.848
  0
LINE
  8
0
 10
72.9457
 20
37.848
 11
72.9464
 21
37.8605
  0
LINE
  8
0
 10
72.9464
 20
37.8605
 11
72.9502
 21
38.0665
  0
LINE
  8
0
 10
72.9502
 20
38.0665
 11
72.9502
 21
38.886
  0
LINE
  8
0
 10
72.9502
 20
38.886
 11
72.3167
 21
38.886
  0
LINE
  8
0
 10
72.3167
 20
38.886
 11
72.3167
 21
35.9683
  0
LINE
  8
0
 10
72.3167
 20
35.9683
 11
72.9502
 21
35.9683
  0
LINE
  8
0
 10
72.9502
 20
35.9683
 11
72.9502
 21
37.1145
  0
LINE
  8
0
 10
59.864
 20
37.1145
 11
59.8923
 21
37.3402
  0
LINE
  8
0
 10
59.8923
 20
37.3402
 11
59.9736
 21
37.5136
  0
LINE
  8
0
 10
59.9736
 20
37.5136
 11
60.0941
 21
37.6228
  0
LINE
  8
0
 10
60.0941
 20
37.6228
 11
60.239
 21
37.6572
  0
LINE
  8
0
 10
60.239
 20
37.6572
 11
60.4763
 21
37.5404
  0
LINE
  8
0
 10
60.4763
 20
37.5404
 11
60.5614
 21
37.1633
  0
LINE
  8
0
 10
60.5614
 20
37.1633
 11
60.5614
 21
35.9683
  0
LINE
  8
0
 10
60.5614
 20
35.9683
 11
61.1931
 21
35.9683
  0
LINE
  8
0
 10
61.1931
 20
35.9683
 11
61.1931
 21
37.324
  0
LINE
  8
0
 10
61.1931
 20
37.324
 11
61.1479
 21
37.677
  0
LINE
  8
0
 10
61.1479
 20
37.677
 11
61.007
 21
37.9433
  0
LINE
  8
0
 10
61.007
 20
37.9433
 11
60.7755
 21
38.1077
  0
LINE
  8
0
 10
60.7755
 20
38.1077
 11
60.4683
 21
38.1612
  0
LINE
  8
0
 10
60.4683
 20
38.1612
 11
60.2432
 21
38.1328
  0
LINE
  8
0
 10
60.2432
 20
38.1328
 11
60.05
 21
38.0466
  0
LINE
  8
0
 10
60.05
 20
38.0466
 11
59.8892
 21
37.8976
  0
LINE
  8
0
 10
59.8892
 20
37.8976
 11
59.8594
 21
37.8481
  0
LINE
  8
0
 10
59.8594
 20
37.8481
 11
59.8602
 21
37.8605
  0
LINE
  8
0
 10
59.8602
 20
37.8605
 11
59.864
 21
38.0665
  0
LINE
  8
0
 10
59.864
 20
38.0665
 11
59.864
 21
38.886
  0
LINE
  8
0
 10
59.864
 20
38.886
 11
59.2304
 21
38.886
  0
LINE
  8
0
 10
59.2304
 20
38.886
 11
59.2304
 21
35.9683
  0
LINE
  8
0
 10
59.2304
 20
35.9683
 11
59.864
 21
35.9683
  0
LINE
  8
0
 10
59.864
 20
35.9683
 11
59.864
 21
37.1145
  0
LINE
  8
0
 10
62.1838
 20
38.886
 11
61.5502
 21
38.886
  0
LINE
  8
0
 10
61.5502
 20
38.886
 11
61.5502
 21
38.393
  0
LINE
  8
0
 10
61.5502
 20
38.393
 11
62.1838
 21
38.393
  0
LINE
  8
0
 10
62.1838
 20
38.393
 11
62.1838
 21
38.886
  0
LINE
  8
0
 10
41.9304
 20
38.886
 11
41.2968
 21
38.886
  0
LINE
  8
0
 10
41.2968
 20
38.886
 11
41.2968
 21
35.9683
  0
LINE
  8
0
 10
41.2968
 20
35.9683
 11
41.9304
 21
35.9683
  0
LINE
  8
0
 10
41.9304
 20
35.9683
 11
41.9304
 21
38.886
  0
LINE
  8
0
 10
23.5992
 20
35.9933
 11
23.9023
 21
36.1873
  0
LINE
  8
0
 10
23.9023
 20
36.1873
 11
24.093
 21
36.4947
  0
LINE
  8
0
 10
24.093
 20
36.4947
 11
24.1556
 21
36.8934
  0
LINE
  8
0
 10
24.1556
 20
36.8934
 11
24.1008
 21
37.2608
  0
LINE
  8
0
 10
24.1008
 20
37.2608
 11
23.9338
 21
37.5473
  0
LINE
  8
0
 10
23.9338
 20
37.5473
 11
23.6693
 21
37.7308
  0
LINE
  8
0
 10
23.6693
 20
37.7308
 11
23.3302
 21
37.7909
  0
LINE
  8
0
 10
23.3302
 20
37.7909
 11
23.1356
 21
37.7705
  0
LINE
  8
0
 10
23.1356
 20
37.7705
 11
22.962
 21
37.7094
  0
LINE
  8
0
 10
22.962
 20
37.7094
 11
22.8152
 21
37.6091
  0
LINE
  8
0
 10
22.8152
 20
37.6091
 11
22.8102
 21
37.6028
  0
LINE
  8
0
 10
22.8102
 20
37.6028
 11
22.8273
 21
37.8171
  0
LINE
  8
0
 10
22.8273
 20
37.8171
 11
22.9139
 21
38.0715
  0
LINE
  8
0
 10
22.9139
 20
38.0715
 11
23.0428
 21
38.2141
  0
LINE
  8
0
 10
23.0428
 20
38.2141
 11
23.2059
 21
38.2598
  0
LINE
  8
0
 10
23.2059
 20
38.2598
 11
23.3795
 21
38.2042
  0
LINE
  8
0
 10
23.3795
 20
38.2042
 11
23.5036
 21
37.9939
  0
LINE
  8
0
 10
23.5036
 20
37.9939
 11
24.1031
 21
38.0776
  0
LINE
  8
0
 10
24.1031
 20
38.0776
 11
23.9657
 21
38.4187
  0
LINE
  8
0
 10
23.9657
 20
38.4187
 11
23.7856
 21
38.6241
  0
LINE
  8
0
 10
23.7856
 20
38.6241
 11
23.5367
 21
38.7446
  0
LINE
  8
0
 10
23.5367
 20
38.7446
 11
23.2161
 21
38.7841
  0
LINE
  8
0
 10
23.2161
 20
38.7841
 11
22.7721
 21
38.6892
  0
LINE
  8
0
 10
22.7721
 20
38.6892
 11
22.4411
 21
38.402
  0
LINE
  8
0
 10
22.4411
 20
38.402
 11
22.2406
 21
37.9342
  0
LINE
  8
0
 10
22.2406
 20
37.9342
 11
22.175
 21
37.294
  0
LINE
  8
0
 10
22.175
 20
37.294
 11
22.2398
 21
36.7093
  0
LINE
  8
0
 10
22.2398
 20
36.7093
 11
22.4383
 21
36.28
  0
LINE
  8
0
 10
22.4383
 20
36.28
 11
22.7653
 21
36.0165
  0
LINE
  8
0
 10
22.7653
 20
36.0165
 11
23.2041
 21
35.9295
  0
LINE
  8
0
 10
23.2041
 20
35.9295
 11
23.5992
 21
35.9933
  0
LINE
  8
0
 10
23.0487
 20
36.4801
 11
22.9372
 21
36.5796
  0
LINE
  8
0
 10
22.9372
 20
36.5796
 11
22.8617
 21
36.7364
  0
LINE
  8
0
 10
22.8617
 20
36.7364
 11
22.8359
 21
36.9346
  0
LINE
  8
0
 10
22.8359
 20
36.9346
 11
22.8598
 21
37.0856
  0
LINE
  8
0
 10
22.8598
 20
37.0856
 11
22.9288
 21
37.1992
  0
LINE
  8
0
 10
22.9288
 20
37.1992
 11
23.035
 21
37.2718
  0
LINE
  8
0
 10
23.035
 20
37.2718
 11
23.1745
 21
37.2966
  0
LINE
  8
0
 10
23.1745
 20
37.2966
 11
23.319
 21
37.2701
  0
LINE
  8
0
 10
23.319
 20
37.2701
 11
23.4255
 21
37.1931
  0
LINE
  8
0
 10
23.4255
 20
37.1931
 11
23.4948
 21
37.0638
  0
LINE
  8
0
 10
23.4948
 20
37.0638
 11
23.5191
 21
36.8783
  0
LINE
  8
0
 10
23.5191
 20
36.8783
 11
23.4958
 21
36.6915
  0
LINE
  8
0
 10
23.4958
 20
36.6915
 11
23.4291
 21
36.5564
  0
LINE
  8
0
 10
23.4291
 20
36.5564
 11
23.3267
 21
36.4748
  0
LINE
  8
0
 10
23.3267
 20
36.4748
 11
23.1888
 21
36.4473
  0
LINE
  8
0
 10
23.1888
 20
36.4473
 11
23.0487
 21
36.4801
  0
LINE
  8
0
 10
119.519
 20
36.5069
 11
118.313
 21
36.5069
  0
LINE
  8
0
 10
118.313
 20
36.5069
 11
118.336
 21
36.5478
  0
LINE
  8
0
 10
118.336
 20
36.5478
 11
118.426
 21
36.6539
  0
LINE
  8
0
 10
118.426
 20
36.6539
 11
118.538
 21
36.7589
  0
LINE
  8
0
 10
118.538
 20
36.7589
 11
118.663
 21
36.8642
  0
LINE
  8
0
 10
118.663
 20
36.8642
 11
118.798
 21
36.9717
  0
LINE
  8
0
 10
118.798
 20
36.9717
 11
118.938
 21
37.0829
  0
LINE
  8
0
 10
118.938
 20
37.0829
 11
119.075
 21
37.2009
  0
LINE
  8
0
 10
119.075
 20
37.2009
 11
119.201
 21
37.3285
  0
LINE
  8
0
 10
119.201
 20
37.3285
 11
119.31
 21
37.4676
  0
LINE
  8
0
 10
119.31
 20
37.4676
 11
119.399
 21
37.6208
  0
LINE
  8
0
 10
119.399
 20
37.6208
 11
119.458
 21
37.7917
  0
LINE
  8
0
 10
119.458
 20
37.7917
 11
119.478
 21
37.9835
  0
LINE
  8
0
 10
119.478
 20
37.9835
 11
119.417
 21
38.3189
  0
LINE
  8
0
 10
119.417
 20
38.3189
 11
119.229
 21
38.5749
  0
LINE
  8
0
 10
119.229
 20
38.5749
 11
118.929
 21
38.7325
  0
LINE
  8
0
 10
118.929
 20
38.7325
 11
118.531
 21
38.7839
  0
LINE
  8
0
 10
118.531
 20
38.7839
 11
118.157
 21
38.7329
  0
LINE
  8
0
 10
118.157
 20
38.7329
 11
117.865
 21
38.577
  0
LINE
  8
0
 10
117.865
 20
38.577
 11
117.667
 21
38.3211
  0
LINE
  8
0
 10
117.667
 20
38.3211
 11
117.555
 21
37.9238
  0
LINE
  8
0
 10
117.555
 20
37.9238
 11
118.195
 21
37.8875
  0
LINE
  8
0
 10
118.195
 20
37.8875
 11
118.246
 21
38.0805
  0
LINE
  8
0
 10
118.246
 20
38.0805
 11
118.31
 21
38.1796
  0
LINE
  8
0
 10
118.31
 20
38.1796
 11
118.402
 21
38.2372
  0
LINE
  8
0
 10
118.402
 20
38.2372
 11
118.531
 21
38.2569
  0
LINE
  8
0
 10
118.531
 20
38.2569
 11
118.759
 21
38.1812
  0
LINE
  8
0
 10
118.759
 20
38.1812
 11
118.835
 21
37.9554
  0
LINE
  8
0
 10
118.835
 20
37.9554
 11
118.811
 21
37.8327
  0
LINE
  8
0
 10
118.811
 20
37.8327
 11
118.733
 21
37.6981
  0
LINE
  8
0
 10
118.733
 20
37.6981
 11
118.583
 21
37.5361
  0
LINE
  8
0
 10
118.583
 20
37.5361
 11
118.077
 21
37.0961
  0
LINE
  8
0
 10
118.077
 20
37.0961
 11
117.856
 21
36.8694
  0
LINE
  8
0
 10
117.856
 20
36.8694
 11
117.682
 21
36.643
  0
LINE
  8
0
 10
117.682
 20
36.643
 11
117.547
 21
36.4015
  0
LINE
  8
0
 10
117.547
 20
36.4015
 11
117.547
 21
35.9683
  0
LINE
  8
0
 10
117.547
 20
35.9683
 11
119.519
 21
35.9683
  0
LINE
  8
0
 10
119.519
 20
35.9683
 11
119.519
 21
36.5069
  0
LINE
  8
0
 10
133.219
 20
35.9838
 11
133.539
 21
36.149
  0
LINE
  8
0
 10
133.539
 20
36.149
 11
133.739
 21
36.4175
  0
LINE
  8
0
 10
133.739
 20
36.4175
 11
133.805
 21
36.7712
  0
LINE
  8
0
 10
133.805
 20
36.7712
 11
133.765
 21
37.032
  0
LINE
  8
0
 10
133.765
 20
37.032
 11
133.646
 21
37.2429
  0
LINE
  8
0
 10
133.646
 20
37.2429
 11
133.456
 21
37.3925
  0
LINE
  8
0
 10
133.456
 20
37.3925
 11
133.344
 21
37.4284
  0
LINE
  8
0
 10
133.344
 20
37.4284
 11
133.427
 21
37.4594
  0
LINE
  8
0
 10
133.427
 20
37.4594
 11
133.595
 21
37.606
  0
LINE
  8
0
 10
133.595
 20
37.606
 11
133.703
 21
37.7998
  0
LINE
  8
0
 10
133.703
 20
37.7998
 11
133.739
 21
38.0222
  0
LINE
  8
0
 10
133.739
 20
38.0222
 11
133.676
 21
38.3453
  0
LINE
  8
0
 10
133.676
 20
38.3453
 11
133.488
 21
38.5881
  0
LINE
  8
0
 10
133.488
 20
38.5881
 11
133.186
 21
38.7358
  0
LINE
  8
0
 10
133.186
 20
38.7358
 11
132.788
 21
38.7838
  0
LINE
  8
0
 10
132.788
 20
38.7838
 11
132.396
 21
38.7345
  0
LINE
  8
0
 10
132.396
 20
38.7345
 11
132.097
 21
38.5831
  0
LINE
  8
0
 10
132.097
 20
38.5831
 11
131.909
 21
38.3404
  0
LINE
  8
0
 10
131.909
 20
38.3404
 11
131.846
 21
38.0261
  0
LINE
  8
0
 10
131.846
 20
38.0261
 11
131.883
 21
37.8031
  0
LINE
  8
0
 10
131.883
 20
37.8031
 11
131.991
 21
37.6081
  0
LINE
  8
0
 10
131.991
 20
37.6081
 11
132.157
 21
37.4594
  0
LINE
  8
0
 10
132.157
 20
37.4594
 11
132.244
 21
37.4249
  0
LINE
  8
0
 10
132.244
 20
37.4249
 11
132.131
 21
37.3868
  0
LINE
  8
0
 10
132.131
 20
37.3868
 11
131.944
 21
37.233
  0
LINE
  8
0
 10
131.944
 20
37.233
 11
131.824
 21
37.0211
  0
LINE
  8
0
 10
131.824
 20
37.0211
 11
131.784
 21
36.7675
  0
LINE
  8
0
 10
131.784
 20
36.7675
 11
131.851
 21
36.4151
  0
LINE
  8
0
 10
131.851
 20
36.4151
 11
132.053
 21
36.1479
  0
LINE
  8
0
 10
132.053
 20
36.1479
 11
132.374
 21
35.9835
  0
LINE
  8
0
 10
132.374
 20
35.9835
 11
132.795
 21
35.9299
  0
LINE
  8
0
 10
132.795
 20
35.9299
 11
133.219
 21
35.9838
  0
LINE
  8
0
 10
132.57
 20
37.7437
 11
132.495
 21
37.9927
  0
LINE
  8
0
 10
132.495
 20
37.9927
 11
132.569
 21
38.229
  0
LINE
  8
0
 10
132.569
 20
38.229
 11
132.793
 21
38.3082
  0
LINE
  8
0
 10
132.793
 20
38.3082
 11
132.925
 21
38.2893
  0
LINE
  8
0
 10
132.925
 20
38.2893
 11
133.015
 21
38.235
  0
LINE
  8
0
 10
133.015
 20
38.235
 11
133.069
 21
38.141
  0
LINE
  8
0
 10
133.069
 20
38.141
 11
133.089
 21
37.9927
  0
LINE
  8
0
 10
133.089
 20
37.9927
 11
133.069
 21
37.8324
  0
LINE
  8
0
 10
133.069
 20
37.8324
 11
133.015
 21
37.7343
  0
LINE
  8
0
 10
133.015
 20
37.7343
 11
132.927
 21
37.6797
  0
LINE
  8
0
 10
132.927
 20
37.6797
 11
132.797
 21
37.6607
  0
LINE
  8
0
 10
132.797
 20
37.6607
 11
132.57
 21
37.7437
  0
LINE
  8
0
 10
132.633
 20
36.4312
 11
132.523
 21
36.4999
  0
LINE
  8
0
 10
132.523
 20
36.4999
 11
132.457
 21
36.6202
  0
LINE
  8
0
 10
132.457
 20
36.6202
 11
132.434
 21
36.8078
  0
LINE
  8
0
 10
132.434
 20
36.8078
 11
132.457
 21
36.9743
  0
LINE
  8
0
 10
132.457
 20
36.9743
 11
132.524
 21
37.0899
  0
LINE
  8
0
 10
132.524
 20
37.0899
 11
132.631
 21
37.1601
  0
LINE
  8
0
 10
132.631
 20
37.1601
 11
132.78
 21
37.184
  0
LINE
  8
0
 10
132.78
 20
37.184
 11
133.058
 21
37.091
  0
LINE
  8
0
 10
133.058
 20
37.091
 11
133.151
 21
36.8105
  0
LINE
  8
0
 10
133.151
 20
36.8105
 11
133.129
 21
36.6212
  0
LINE
  8
0
 10
133.129
 20
36.6212
 11
133.066
 21
36.4992
  0
LINE
  8
0
 10
133.066
 20
36.4992
 11
132.961
 21
36.4311
  0
LINE
  8
0
 10
132.961
 20
36.4311
 11
132.799
 21
36.4068
  0
LINE
  8
0
 10
132.799
 20
36.4068
 11
132.633
 21
36.4312
  0
LINE
  8
0
 10
21.1505
 20
36.3232
 11
21.2015
 21
36.6116
  0
LINE
  8
0
 10
21.2015
 20
36.6116
 11
21.282
 21
36.8889
  0
LINE
  8
0
 10
21.282
 20
36.8889
 11
21.3875
 21
37.1594
  0
LINE
  8
0
 10
21.3875
 20
37.1594
 11
21.5159
 21
37.4263
  0
LINE
  8
0
 10
21.5159
 20
37.4263
 11
21.6647
 21
37.6921
  0
LINE
  8
0
 10
21.6647
 20
37.6921
 11
21.8298
 21
37.9636
  0
LINE
  8
0
 10
21.8298
 20
37.9636
 11
22.0125
 21
38.2558
  0
LINE
  8
0
 10
22.0125
 20
38.2558
 11
22.0125
 21
38.7436
  0
LINE
  8
0
 10
22.0125
 20
38.7436
 11
20.0878
 21
38.7436
  0
LINE
  8
0
 10
20.0878
 20
38.7436
 11
20.0878
 21
38.205
  0
LINE
  8
0
 10
20.0878
 20
38.205
 11
21.3738
 21
38.205
  0
LINE
  8
0
 10
21.3738
 20
38.205
 11
21.0571
 21
37.7276
  0
LINE
  8
0
 10
21.0571
 20
37.7276
 11
20.8224
 21
37.3238
  0
LINE
  8
0
 10
20.8224
 20
37.3238
 11
20.6747
 21
36.9984
  0
LINE
  8
0
 10
20.6747
 20
36.9984
 11
20.5661
 21
36.6779
  0
LINE
  8
0
 10
20.5661
 20
36.6779
 11
20.4992
 21
36.3537
  0
LINE
  8
0
 10
20.4992
 20
36.3537
 11
20.4736
 21
35.9683
  0
LINE
  8
0
 10
20.4736
 20
35.9683
 11
21.1307
 21
35.9683
  0
LINE
  8
0
 10
21.1307
 20
35.9683
 11
21.1505
 21
36.3232
  0
LINE
  8
0
 10
13.8797
 20
37.1151
 11
14.9455
 21
37.1151
  0
LINE
  8
0
 10
14.9455
 20
37.1151
 11
14.9455
 21
35.9683
  0
LINE
  8
0
 10
14.9455
 20
35.9683
 11
15.6057
 21
35.9683
  0
LINE
  8
0
 10
15.6057
 20
35.9683
 11
15.6057
 21
38.7436
  0
LINE
  8
0
 10
15.6057
 20
38.7436
 11
14.9455
 21
38.7436
  0
LINE
  8
0
 10
14.9455
 20
38.7436
 11
14.9455
 21
37.6784
  0
LINE
  8
0
 10
14.9455
 20
37.6784
 11
13.8797
 21
37.6784
  0
LINE
  8
0
 10
13.8797
 20
37.6784
 11
13.8797
 21
38.7436
  0
LINE
  8
0
 10
13.8797
 20
38.7436
 11
13.2195
 21
38.7436
  0
LINE
  8
0
 10
13.2195
 20
38.7436
 11
13.2195
 21
35.9683
  0
LINE
  8
0
 10
13.2195
 20
35.9683
 11
13.8797
 21
35.9683
  0
LINE
  8
0
 10
13.8797
 20
35.9683
 11
13.8797
 21
37.1151
  0
LINE
  8
0
 10
121.5
 20
37.1151
 11
122.566
 21
37.1151
  0
LINE
  8
0
 10
122.566
 20
37.1151
 11
122.566
 21
35.9683
  0
LINE
  8
0
 10
122.566
 20
35.9683
 11
123.226
 21
35.9683
  0
LINE
  8
0
 10
123.226
 20
35.9683
 11
123.226
 21
38.7436
  0
LINE
  8
0
 10
123.226
 20
38.7436
 11
122.566
 21
38.7436
  0
LINE
  8
0
 10
122.566
 20
38.7436
 11
122.566
 21
37.6784
  0
LINE
  8
0
 10
122.566
 20
37.6784
 11
121.5
 21
37.6784
  0
LINE
  8
0
 10
121.5
 20
37.6784
 11
121.5
 21
38.7436
  0
LINE
  8
0
 10
121.5
 20
38.7436
 11
120.84
 21
38.7436
  0
LINE
  8
0
 10
120.84
 20
38.7436
 11
120.84
 21
35.9683
  0
LINE
  8
0
 10
120.84
 20
35.9683
 11
121.5
 21
35.9683
  0
LINE
  8
0
 10
121.5
 20
35.9683
 11
121.5
 21
37.1151
  0
LINE
  8
0
 10
16.5596
 20
37.6404
 11
16.5555
 21
37.8
  0
LINE
  8
0
 10
16.5555
 20
37.8
 11
16.6422
 21
37.4961
  0
LINE
  8
0
 10
16.6422
 20
37.4961
 11
17.1359
 21
35.9683
  0
LINE
  8
0
 10
17.1359
 20
35.9683
 11
17.6074
 21
35.9683
  0
LINE
  8
0
 10
17.6074
 20
35.9683
 11
18.1011
 21
37.4959
  0
LINE
  8
0
 10
18.1011
 20
37.4959
 11
18.1836
 21
37.7757
  0
LINE
  8
0
 10
18.1836
 20
37.7757
 11
18.1858
 21
37.7839
  0
LINE
  8
0
 10
18.1858
 20
37.7839
 11
18.1847
 21
37.7511
  0
LINE
  8
0
 10
18.1847
 20
37.7511
 11
18.1839
 21
37.6953
  0
LINE
  8
0
 10
18.1839
 20
37.6953
 11
18.1837
 21
37.6399
  0
LINE
  8
0
 10
18.1837
 20
37.6399
 11
18.1837
 21
35.9683
  0
LINE
  8
0
 10
18.1837
 20
35.9683
 11
18.7812
 21
35.9683
  0
LINE
  8
0
 10
18.7812
 20
35.9683
 11
18.7812
 21
38.7436
  0
LINE
  8
0
 10
18.7812
 20
38.7436
 11
17.9483
 21
38.7436
  0
LINE
  8
0
 10
17.9483
 20
38.7436
 11
17.4452
 21
37.1375
  0
LINE
  8
0
 10
17.4452
 20
37.1375
 11
17.3758
 21
36.8885
  0
LINE
  8
0
 10
17.3758
 20
36.8885
 11
17.3307
 21
37.0662
  0
LINE
  8
0
 10
17.3307
 20
37.0662
 11
17.2885
 21
37.2119
  0
LINE
  8
0
 10
17.2885
 20
37.2119
 11
16.7987
 21
38.7436
  0
LINE
  8
0
 10
16.7987
 20
38.7436
 11
15.9622
 21
38.7436
  0
LINE
  8
0
 10
15.9622
 20
38.7436
 11
15.9622
 21
35.9683
  0
LINE
  8
0
 10
15.9622
 20
35.9683
 11
16.5596
 21
35.9683
  0
LINE
  8
0
 10
16.5596
 20
35.9683
 11
16.5596
 21
37.6404
  0
LINE
  8
0
 10
26.1204
 20
37.1151
 11
27.1862
 21
37.1151
  0
LINE
  8
0
 10
27.1862
 20
37.1151
 11
27.1862
 21
35.9683
  0
LINE
  8
0
 10
27.1862
 20
35.9683
 11
27.8463
 21
35.9683
  0
LINE
  8
0
 10
27.8463
 20
35.9683
 11
27.8463
 21
38.7436
  0
LINE
  8
0
 10
27.8463
 20
38.7436
 11
27.1862
 21
38.7436
  0
LINE
  8
0
 10
27.1862
 20
38.7436
 11
27.1862
 21
37.6784
  0
LINE
  8
0
 10
27.1862
 20
37.6784
 11
26.1204
 21
37.6784
  0
LINE
  8
0
 10
26.1204
 20
37.6784
 11
26.1204
 21
38.7436
  0
LINE
  8
0
 10
26.1204
 20
38.7436
 11
25.4602
 21
38.7436
  0
LINE
  8
0
 10
25.4602
 20
38.7436
 11
25.4602
 21
35.9683
  0
LINE
  8
0
 10
25.4602
 20
35.9683
 11
26.1204
 21
35.9683
  0
LINE
  8
0
 10
26.1204
 20
35.9683
 11
26.1204
 21
37.1151
  0
LINE
  8
0
 10
131.704
 20
36.4651
 11
131.09
 21
36.4651
  0
LINE
  8
0
 10
131.09
 20
36.4651
 11
131.09
 21
38.7436
  0
LINE
  8
0
 10
131.09
 20
38.7436
 11
130.52
 21
38.7436
  0
LINE
  8
0
 10
130.52
 20
38.7436
 11
129.815
 21
38.2859
  0
LINE
  8
0
 10
129.815
 20
38.2859
 11
129.815
 21
37.749
  0
LINE
  8
0
 10
129.815
 20
37.749
 11
130.457
 21
38.1496
  0
LINE
  8
0
 10
130.457
 20
38.1496
 11
130.457
 21
36.4651
  0
LINE
  8
0
 10
130.457
 20
36.4651
 11
129.794
 21
36.4651
  0
LINE
  8
0
 10
129.794
 20
36.4651
 11
129.794
 21
35.9683
  0
LINE
  8
0
 10
129.794
 20
35.9683
 11
131.704
 21
35.9683
  0
LINE
  8
0
 10
131.704
 20
35.9683
 11
131.704
 21
36.4651
  0
LINE
  8
0
 10
7.97539
 20
36.9499
 11
9.34439
 21
36.9499
  0
LINE
  8
0
 10
9.34439
 20
36.9499
 11
9.34439
 21
37.4828
  0
LINE
  8
0
 10
9.34439
 20
37.4828
 11
7.97539
 21
37.4828
  0
LINE
  8
0
 10
7.97539
 20
37.4828
 11
7.97539
 21
38.2107
  0
LINE
  8
0
 10
7.97539
 20
38.2107
 11
9.38806
 21
38.2107
  0
LINE
  8
0
 10
9.38806
 20
38.2107
 11
9.38806
 21
38.6511
  0
LINE
  8
0
 10
9.38806
 20
38.6511
 11
10.0792
 21
35.9683
  0
LINE
  8
0
 10
10.0792
 20
35.9683
 11
10.8222
 21
35.9683
  0
LINE
  8
0
 10
10.8222
 20
35.9683
 11
11.1203
 21
37.2471
  0
LINE
  8
0
 10
11.1203
 20
37.2471
 11
11.2358
 21
37.7478
  0
LINE
  8
0
 10
11.2358
 20
37.7478
 11
11.2587
 21
37.8592
  0
LINE
  8
0
 10
11.2587
 20
37.8592
 11
11.2628
 21
37.8357
  0
LINE
  8
0
 10
11.2628
 20
37.8357
 11
11.3243
 21
37.5547
  0
LINE
  8
0
 10
11.3243
 20
37.5547
 11
11.6961
 21
35.9683
  0
LINE
  8
0
 10
11.6961
 20
35.9683
 11
12.439
 21
35.9683
  0
LINE
  8
0
 10
12.439
 20
35.9683
 11
13.156
 21
38.7436
  0
LINE
  8
0
 10
13.156
 20
38.7436
 11
12.4834
 21
38.7436
  0
LINE
  8
0
 10
12.4834
 20
38.7436
 11
12.1522
 21
37.2162
  0
LINE
  8
0
 10
12.1522
 20
37.2162
 11
12.058
 21
36.8073
  0
LINE
  8
0
 10
12.058
 20
36.8073
 11
12.0208
 21
37.0188
  0
LINE
  8
0
 10
12.0208
 20
37.0188
 11
11.9668
 21
37.2803
  0
LINE
  8
0
 10
11.9668
 20
37.2803
 11
11.6195
 21
38.7436
  0
LINE
  8
0
 10
11.6195
 20
38.7436
 11
10.9137
 21
38.7436
  0
LINE
  8
0
 10
10.9137
 20
38.7436
 11
10.6458
 21
37.5938
  0
LINE
  8
0
 10
10.6458
 20
37.5938
 11
10.5257
 21
37.0627
  0
LINE
  8
0
 10
10.5257
 20
37.0627
 11
10.4746
 21
36.8161
  0
LINE
  8
0
 10
10.4746
 20
36.8161
 11
10.4705
 21
36.7956
  0
LINE
  8
0
 10
10.4705
 20
36.7956
 11
10.4327
 21
36.9763
  0
LINE
  8
0
 10
10.4327
 20
36.9763
 11
10.0365
 21
38.7436
  0
LINE
  8
0
 10
10.0365
 20
38.7436
 11
7.31523
 21
38.7436
  0
LINE
  8
0
 10
7.31523
 20
38.7436
 11
7.31523
 21
35.9683
  0
LINE
  8
0
 10
7.31523
 20
35.9683
 11
7.97539
 21
35.9683
  0
LINE
  8
0
 10
7.97539
 20
35.9683
 11
7.97539
 21
36.9499
  0
LINE
  8
0
 10
58.7878
 20
35.9506
 11
59.0417
 21
36.0088
  0
LINE
  8
0
 10
59.0417
 20
36.0088
 11
59.0417
 21
36.4397
  0
LINE
  8
0
 10
59.0417
 20
36.4397
 11
58.8821
 21
36.4087
  0
LINE
  8
0
 10
58.8821
 20
36.4087
 11
58.8153
 21
36.4028
  0
LINE
  8
0
 10
58.8153
 20
36.4028
 11
58.7293
 21
36.4175
  0
LINE
  8
0
 10
58.7293
 20
36.4175
 11
58.6765
 21
36.4564
  0
LINE
  8
0
 10
58.6765
 20
36.4564
 11
58.6427
 21
36.5283
  0
LINE
  8
0
 10
58.6427
 20
36.5283
 11
58.6297
 21
36.6475
  0
LINE
  8
0
 10
58.6297
 20
36.6475
 11
58.6297
 21
37.6619
  0
LINE
  8
0
 10
58.6297
 20
37.6619
 11
59.0189
 21
37.6619
  0
LINE
  8
0
 10
59.0189
 20
37.6619
 11
59.0189
 21
38.1227
  0
LINE
  8
0
 10
59.0189
 20
38.1227
 11
58.6297
 21
38.1227
  0
LINE
  8
0
 10
58.6297
 20
38.1227
 11
58.6297
 21
38.605
  0
LINE
  8
0
 10
58.6297
 20
38.605
 11
58.2099
 21
38.605
  0
LINE
  8
0
 10
58.2099
 20
38.605
 11
58.0428
 21
38.1227
  0
LINE
  8
0
 10
58.0428
 20
38.1227
 11
57.7417
 21
38.1227
  0
LINE
  8
0
 10
57.7417
 20
38.1227
 11
57.7417
 21
37.6619
  0
LINE
  8
0
 10
57.7417
 20
37.6619
 11
58.0018
 21
37.6619
  0
LINE
  8
0
 10
58.0018
 20
37.6619
 11
58.0018
 21
36.4971
  0
LINE
  8
0
 10
58.0018
 20
36.4971
 11
58.0355
 21
36.2565
  0
LINE
  8
0
 10
58.0355
 20
36.2565
 11
58.1422
 21
36.0762
  0
LINE
  8
0
 10
58.1422
 20
36.0762
 11
58.3156
 21
35.9682
  0
LINE
  8
0
 10
58.3156
 20
35.9682
 11
58.5396
 21
35.9338
  0
LINE
  8
0
 10
58.5396
 20
35.9338
 11
58.7878
 21
35.9506
  0
LINE
  8
0
 10
90.6532
 20
35.9506
 11
90.9071
 21
36.0088
  0
LINE
  8
0
 10
90.9071
 20
36.0088
 11
90.9071
 21
36.4397
  0
LINE
  8
0
 10
90.9071
 20
36.4397
 11
90.7475
 21
36.4087
  0
LINE
  8
0
 10
90.7475
 20
36.4087
 11
90.6807
 21
36.4028
  0
LINE
  8
0
 10
90.6807
 20
36.4028
 11
90.5948
 21
36.4175
  0
LINE
  8
0
 10
90.5948
 20
36.4175
 11
90.5419
 21
36.4564
  0
LINE
  8
0
 10
90.5419
 20
36.4564
 11
90.5081
 21
36.5283
  0
LINE
  8
0
 10
90.5081
 20
36.5283
 11
90.4951
 21
36.6475
  0
LINE
  8
0
 10
90.4951
 20
36.6475
 11
90.4951
 21
37.6619
  0
LINE
  8
0
 10
90.4951
 20
37.6619
 11
90.8843
 21
37.6619
  0
LINE
  8
0
 10
90.8843
 20
37.6619
 11
90.8843
 21
38.1227
  0
LINE
  8
0
 10
90.8843
 20
38.1227
 11
90.4951
 21
38.1227
  0
LINE
  8
0
 10
90.4951
 20
38.1227
 11
90.4951
 21
38.605
  0
LINE
  8
0
 10
90.4951
 20
38.605
 11
90.0753
 21
38.605
  0
LINE
  8
0
 10
90.0753
 20
38.605
 11
89.9082
 21
38.1227
  0
LINE
  8
0
 10
89.9082
 20
38.1227
 11
89.6071
 21
38.1227
  0
LINE
  8
0
 10
89.6071
 20
38.1227
 11
89.6071
 21
37.6619
  0
LINE
  8
0
 10
89.6071
 20
37.6619
 11
89.8672
 21
37.6619
  0
LINE
  8
0
 10
89.8672
 20
37.6619
 11
89.8672
 21
36.4971
  0
LINE
  8
0
 10
89.8672
 20
36.4971
 11
89.9009
 21
36.2565
  0
LINE
  8
0
 10
89.9009
 20
36.2565
 11
90.0076
 21
36.0762
  0
LINE
  8
0
 10
90.0076
 20
36.0762
 11
90.181
 21
35.9682
  0
LINE
  8
0
 10
90.181
 20
35.9682
 11
90.405
 21
35.9338
  0
LINE
  8
0
 10
90.405
 20
35.9338
 11
90.6532
 21
35.9506
  0
LINE
  8
0
 10
40.8542
 20
35.9506
 11
41.1081
 21
36.0088
  0
LINE
  8
0
 10
41.1081
 20
36.0088
 11
41.1081
 21
36.4397
  0
LINE
  8
0
 10
41.1081
 20
36.4397
 11
40.9485
 21
36.4087
  0
LINE
  8
0
 10
40.9485
 20
36.4087
 11
40.8817
 21
36.4028
  0
LINE
  8
0
 10
40.8817
 20
36.4028
 11
40.7957
 21
36.4175
  0
LINE
  8
0
 10
40.7957
 20
36.4175
 11
40.7429
 21
36.4564
  0
LINE
  8
0
 10
40.7429
 20
36.4564
 11
40.7091
 21
36.5283
  0
LINE
  8
0
 10
40.7091
 20
36.5283
 11
40.6961
 21
36.6475
  0
LINE
  8
0
 10
40.6961
 20
36.6475
 11
40.6961
 21
37.6619
  0
LINE
  8
0
 10
40.6961
 20
37.6619
 11
41.0853
 21
37.6619
  0
LINE
  8
0
 10
41.0853
 20
37.6619
 11
41.0853
 21
38.1227
  0
LINE
  8
0
 10
41.0853
 20
38.1227
 11
40.6961
 21
38.1227
  0
LINE
  8
0
 10
40.6961
 20
38.1227
 11
40.6961
 21
38.605
  0
LINE
  8
0
 10
40.6961
 20
38.605
 11
40.2763
 21
38.605
  0
LINE
  8
0
 10
40.2763
 20
38.605
 11
40.1092
 21
38.1227
  0
LINE
  8
0
 10
40.1092
 20
38.1227
 11
39.8081
 21
38.1227
  0
LINE
  8
0
 10
39.8081
 20
38.1227
 11
39.8081
 21
37.6619
  0
LINE
  8
0
 10
39.8081
 20
37.6619
 11
40.0682
 21
37.6619
  0
LINE
  8
0
 10
40.0682
 20
37.6619
 11
40.0682
 21
36.4971
  0
LINE
  8
0
 10
40.0682
 20
36.4971
 11
40.1019
 21
36.2565
  0
LINE
  8
0
 10
40.1019
 20
36.2565
 11
40.2086
 21
36.0762
  0
LINE
  8
0
 10
40.2086
 20
36.0762
 11
40.382
 21
35.9682
  0
LINE
  8
0
 10
40.382
 20
35.9682
 11
40.606
 21
35.9338
  0
LINE
  8
0
 10
40.606
 20
35.9338
 11
40.8542
 21
35.9506
  0
LINE
  8
0
 10
138.053
 20
35.9996
 11
138.051
 21
36.1834
  0
LINE
  8
0
 10
138.051
 20
36.1834
 11
138.07
 21
36.1548
  0
LINE
  8
0
 10
138.07
 20
36.1548
 11
138.224
 21
36.0307
  0
LINE
  8
0
 10
138.224
 20
36.0307
 11
138.411
 21
35.9549
  0
LINE
  8
0
 10
138.411
 20
35.9549
 11
138.628
 21
35.9297
  0
LINE
  8
0
 10
138.628
 20
35.9297
 11
138.982
 21
36.004
  0
LINE
  8
0
 10
138.982
 20
36.004
 11
139.249
 21
36.2294
  0
LINE
  8
0
 10
139.249
 20
36.2294
 11
139.411
 21
36.5855
  0
LINE
  8
0
 10
139.411
 20
36.5855
 11
139.464
 21
37.0549
  0
LINE
  8
0
 10
139.464
 20
37.0549
 11
139.414
 21
37.5188
  0
LINE
  8
0
 10
139.414
 20
37.5188
 11
139.258
 21
37.8705
  0
LINE
  8
0
 10
139.258
 20
37.8705
 11
139.002
 21
38.0934
  0
LINE
  8
0
 10
139.002
 20
38.0934
 11
138.66
 21
38.1676
  0
LINE
  8
0
 10
138.66
 20
38.1676
 11
138.231
 21
38.067
  0
LINE
  8
0
 10
138.231
 20
38.067
 11
138.043
 21
37.8577
  0
LINE
  8
0
 10
138.043
 20
37.8577
 11
138.039
 21
37.9413
  0
LINE
  8
0
 10
138.039
 20
37.9413
 11
138.031
 21
38.0284
  0
LINE
  8
0
 10
138.031
 20
38.0284
 11
138.015
 21
38.1227
  0
LINE
  8
0
 10
138.015
 20
38.1227
 11
137.402
 21
38.1227
  0
LINE
  8
0
 10
137.402
 20
38.1227
 11
137.416
 21
37.8615
  0
LINE
  8
0
 10
137.416
 20
37.8615
 11
137.42
 21
37.5999
  0
LINE
  8
0
 10
137.42
 20
37.5999
 11
137.42
 21
35.1613
  0
LINE
  8
0
 10
137.42
 20
35.1613
 11
138.053
 21
35.1613
  0
LINE
  8
0
 10
138.053
 20
35.1613
 11
138.053
 21
35.9996
  0
LINE
  8
0
 10
138.271
 20
36.4354
 11
138.151
 21
36.5542
  0
LINE
  8
0
 10
138.151
 20
36.5542
 11
138.073
 21
36.7568
  0
LINE
  8
0
 10
138.073
 20
36.7568
 11
138.046
 21
37.0398
  0
LINE
  8
0
 10
138.046
 20
37.0398
 11
138.073
 21
37.3255
  0
LINE
  8
0
 10
138.073
 20
37.3255
 11
138.152
 21
37.5324
  0
LINE
  8
0
 10
138.152
 20
37.5324
 11
138.272
 21
37.6544
  0
LINE
  8
0
 10
138.272
 20
37.6544
 11
138.428
 21
37.6929
  0
LINE
  8
0
 10
138.428
 20
37.6929
 11
138.708
 21
37.5405
  0
LINE
  8
0
 10
138.708
 20
37.5405
 11
138.807
 21
37.0549
  0
LINE
  8
0
 10
138.807
 20
37.0549
 11
138.706
 21
36.5549
  0
LINE
  8
0
 10
138.706
 20
36.5549
 11
138.423
 21
36.3981
  0
LINE
  8
0
 10
138.423
 20
36.3981
 11
138.271
 21
36.4354
  0
LINE
  8
0
 10
135.734
 20
35.9996
 11
135.731
 21
36.1834
  0
LINE
  8
0
 10
135.731
 20
36.1834
 11
135.75
 21
36.1548
  0
LINE
  8
0
 10
135.75
 20
36.1548
 11
135.904
 21
36.0307
  0
LINE
  8
0
 10
135.904
 20
36.0307
 11
136.091
 21
35.9549
  0
LINE
  8
0
 10
136.091
 20
35.9549
 11
136.309
 21
35.9297
  0
LINE
  8
0
 10
136.309
 20
35.9297
 11
136.662
 21
36.004
  0
LINE
  8
0
 10
136.662
 20
36.004
 11
136.929
 21
36.2294
  0
LINE
  8
0
 10
136.929
 20
36.2294
 11
137.092
 21
36.5855
  0
LINE
  8
0
 10
137.092
 20
36.5855
 11
137.145
 21
37.0549
  0
LINE
  8
0
 10
137.145
 20
37.0549
 11
137.094
 21
37.5188
  0
LINE
  8
0
 10
137.094
 20
37.5188
 11
136.938
 21
37.8705
  0
LINE
  8
0
 10
136.938
 20
37.8705
 11
136.682
 21
38.0934
  0
LINE
  8
0
 10
136.682
 20
38.0934
 11
136.34
 21
38.1676
  0
LINE
  8
0
 10
136.34
 20
38.1676
 11
135.911
 21
38.067
  0
LINE
  8
0
 10
135.911
 20
38.067
 11
135.723
 21
37.8577
  0
LINE
  8
0
 10
135.723
 20
37.8577
 11
135.719
 21
37.9413
  0
LINE
  8
0
 10
135.719
 20
37.9413
 11
135.712
 21
38.0283
  0
LINE
  8
0
 10
135.712
 20
38.0283
 11
135.695
 21
38.1227
  0
LINE
  8
0
 10
135.695
 20
38.1227
 11
135.082
 21
38.1227
  0
LINE
  8
0
 10
135.082
 20
38.1227
 11
135.096
 21
37.8615
  0
LINE
  8
0
 10
135.096
 20
37.8615
 11
135.1
 21
37.5999
  0
LINE
  8
0
 10
135.1
 20
37.5999
 11
135.1
 21
35.1613
  0
LINE
  8
0
 10
135.1
 20
35.1613
 11
135.734
 21
35.1613
  0
LINE
  8
0
 10
135.734
 20
35.1613
 11
135.734
 21
35.9996
  0
LINE
  8
0
 10
135.951
 20
36.4354
 11
135.832
 21
36.5542
  0
LINE
  8
0
 10
135.832
 20
36.5542
 11
135.753
 21
36.7568
  0
LINE
  8
0
 10
135.753
 20
36.7568
 11
135.726
 21
37.0398
  0
LINE
  8
0
 10
135.726
 20
37.0398
 11
135.753
 21
37.3255
  0
LINE
  8
0
 10
135.753
 20
37.3255
 11
135.832
 21
37.5324
  0
LINE
  8
0
 10
135.832
 20
37.5324
 11
135.952
 21
37.6544
  0
LINE
  8
0
 10
135.952
 20
37.6544
 11
136.108
 21
37.6929
  0
LINE
  8
0
 10
136.108
 20
37.6929
 11
136.388
 21
37.5405
  0
LINE
  8
0
 10
136.388
 20
37.5405
 11
136.487
 21
37.0549
  0
LINE
  8
0
 10
136.487
 20
37.0549
 11
136.387
 21
36.5549
  0
LINE
  8
0
 10
136.387
 20
36.5549
 11
136.104
 21
36.3981
  0
LINE
  8
0
 10
136.104
 20
36.3981
 11
135.951
 21
36.4354
  0
LINE
  8
0
 10
32.857
 20
37.1169
 11
32.8813
 21
37.3451
  0
LINE
  8
0
 10
32.8813
 20
37.3451
 11
32.9514
 21
37.5193
  0
LINE
  8
0
 10
32.9514
 20
37.5193
 11
33.052
 21
37.6263
  0
LINE
  8
0
 10
33.052
 20
37.6263
 11
33.1647
 21
37.6581
  0
LINE
  8
0
 10
33.1647
 20
37.6581
 11
33.3603
 21
37.5448
  0
LINE
  8
0
 10
33.3603
 20
37.5448
 11
33.4329
 21
37.1661
  0
LINE
  8
0
 10
33.4329
 20
37.1661
 11
33.4329
 21
35.9683
  0
LINE
  8
0
 10
33.4329
 20
35.9683
 11
34.0627
 21
35.9683
  0
LINE
  8
0
 10
34.0627
 20
35.9683
 11
34.0627
 21
37.1409
  0
LINE
  8
0
 10
34.0627
 20
37.1409
 11
34.0933
 21
37.3678
  0
LINE
  8
0
 10
34.0933
 20
37.3678
 11
34.164
 21
37.5324
  0
LINE
  8
0
 10
34.164
 20
37.5324
 11
34.2613
 21
37.6293
  0
LINE
  8
0
 10
34.2613
 20
37.6293
 11
34.37
 21
37.6583
  0
LINE
  8
0
 10
34.37
 20
37.6583
 11
34.566
 21
37.5448
  0
LINE
  8
0
 10
34.566
 20
37.5448
 11
34.6386
 21
37.1661
  0
LINE
  8
0
 10
34.6386
 20
37.1661
 11
34.6386
 21
35.9683
  0
LINE
  8
0
 10
34.6386
 20
35.9683
 11
35.2684
 21
35.9683
  0
LINE
  8
0
 10
35.2684
 20
35.9683
 11
35.2684
 21
37.3256
  0
LINE
  8
0
 10
35.2684
 20
37.3256
 11
35.2277
 21
37.674
  0
LINE
  8
0
 10
35.2277
 20
37.674
 11
35.1009
 21
37.9404
  0
LINE
  8
0
 10
35.1009
 20
37.9404
 11
34.889
 21
38.1083
  0
LINE
  8
0
 10
34.889
 20
38.1083
 11
34.6048
 21
38.1632
  0
LINE
  8
0
 10
34.6048
 20
38.1632
 11
34.383
 21
38.135
  0
LINE
  8
0
 10
34.383
 20
38.135
 11
34.2016
 21
38.0495
  0
LINE
  8
0
 10
34.2016
 20
38.0495
 11
34.0549
 21
37.9003
  0
LINE
  8
0
 10
34.0549
 20
37.9003
 11
33.9742
 21
37.7558
  0
LINE
  8
0
 10
33.9742
 20
37.7558
 11
33.8092
 21
38.0428
  0
LINE
  8
0
 10
33.8092
 20
38.0428
 11
33.4013
 21
38.1636
  0
LINE
  8
0
 10
33.4013
 20
38.1636
 11
33.192
 21
38.1344
  0
LINE
  8
0
 10
33.192
 20
38.1344
 11
33.0154
 21
38.0473
  0
LINE
  8
0
 10
33.0154
 20
38.0473
 11
32.8696
 21
37.8976
  0
LINE
  8
0
 10
32.8696
 20
37.8976
 11
32.8348
 21
37.8338
  0
LINE
  8
0
 10
32.8348
 20
37.8338
 11
32.8322
 21
37.883
  0
LINE
  8
0
 10
32.8322
 20
37.883
 11
32.8235
 21
38.0107
  0
LINE
  8
0
 10
32.8235
 20
38.0107
 11
32.8123
 21
38.1227
  0
LINE
  8
0
 10
32.8123
 20
38.1227
 11
32.2051
 21
38.1227
  0
LINE
  8
0
 10
32.2051
 20
38.1227
 11
32.2138
 21
37.9806
  0
LINE
  8
0
 10
32.2138
 20
37.9806
 11
32.2187
 21
37.8813
  0
LINE
  8
0
 10
32.2187
 20
37.8813
 11
32.2222
 21
37.763
  0
LINE
  8
0
 10
32.2222
 20
37.763
 11
32.2234
 21
37.6128
  0
LINE
  8
0
 10
32.2234
 20
37.6128
 11
32.2234
 21
35.9683
  0
LINE
  8
0
 10
32.2234
 20
35.9683
 11
32.857
 21
35.9683
  0
LINE
  8
0
 10
32.857
 20
35.9683
 11
32.857
 21
37.1169
  0
LINE
  8
0
 10
140.373
 20
37.1169
 11
140.398
 21
37.3451
  0
LINE
  8
0
 10
140.398
 20
37.3451
 11
140.468
 21
37.5193
  0
LINE
  8
0
 10
140.468
 20
37.5193
 11
140.568
 21
37.6263
  0
LINE
  8
0
 10
140.568
 20
37.6263
 11
140.681
 21
37.6581
  0
LINE
  8
0
 10
140.681
 20
37.6581
 11
140.876
 21
37.5448
  0
LINE
  8
0
 10
140.876
 20
37.5448
 11
140.949
 21
37.1661
  0
LINE
  8
0
 10
140.949
 20
37.1661
 11
140.949
 21
35.9683
  0
LINE
  8
0
 10
140.949
 20
35.9683
 11
141.579
 21
35.9683
  0
LINE
  8
0
 10
141.579
 20
35.9683
 11
141.579
 21
37.1409
  0
LINE
  8
0
 10
141.579
 20
37.1409
 11
141.61
 21
37.3678
  0
LINE
  8
0
 10
141.61
 20
37.3678
 11
141.68
 21
37.5324
  0
LINE
  8
0
 10
141.68
 20
37.5324
 11
141.778
 21
37.6293
  0
LINE
  8
0
 10
141.778
 20
37.6293
 11
141.886
 21
37.6583
  0
LINE
  8
0
 10
141.886
 20
37.6583
 11
142.082
 21
37.5448
  0
LINE
  8
0
 10
142.082
 20
37.5448
 11
142.155
 21
37.1661
  0
LINE
  8
0
 10
142.155
 20
37.1661
 11
142.155
 21
35.9683
  0
LINE
  8
0
 10
142.155
 20
35.9683
 11
142.785
 21
35.9683
  0
LINE
  8
0
 10
142.785
 20
35.9683
 11
142.785
 21
37.3256
  0
LINE
  8
0
 10
142.785
 20
37.3256
 11
142.744
 21
37.674
  0
LINE
  8
0
 10
142.744
 20
37.674
 11
142.617
 21
37.9404
  0
LINE
  8
0
 10
142.617
 20
37.9404
 11
142.405
 21
38.1083
  0
LINE
  8
0
 10
142.405
 20
38.1083
 11
142.121
 21
38.1632
  0
LINE
  8
0
 10
142.121
 20
38.1632
 11
141.899
 21
38.135
  0
LINE
  8
0
 10
141.899
 20
38.135
 11
141.718
 21
38.0495
  0
LINE
  8
0
 10
141.718
 20
38.0495
 11
141.571
 21
37.9003
  0
LINE
  8
0
 10
141.571
 20
37.9003
 11
141.49
 21
37.7558
  0
LINE
  8
0
 10
141.49
 20
37.7558
 11
141.325
 21
38.0428
  0
LINE
  8
0
 10
141.325
 20
38.0428
 11
140.917
 21
38.1636
  0
LINE
  8
0
 10
140.917
 20
38.1636
 11
140.708
 21
38.1344
  0
LINE
  8
0
 10
140.708
 20
38.1344
 11
140.532
 21
38.0473
  0
LINE
  8
0
 10
140.532
 20
38.0473
 11
140.386
 21
37.8976
  0
LINE
  8
0
 10
140.386
 20
37.8976
 11
140.351
 21
37.8339
  0
LINE
  8
0
 10
140.351
 20
37.8339
 11
140.348
 21
37.883
  0
LINE
  8
0
 10
140.348
 20
37.883
 11
140.34
 21
38.0107
  0
LINE
  8
0
 10
140.34
 20
38.0107
 11
140.328
 21
38.1227
  0
LINE
  8
0
 10
140.328
 20
38.1227
 11
139.721
 21
38.1227
  0
LINE
  8
0
 10
139.721
 20
38.1227
 11
139.73
 21
37.9806
  0
LINE
  8
0
 10
139.73
 20
37.9806
 11
139.735
 21
37.8813
  0
LINE
  8
0
 10
139.735
 20
37.8813
 11
139.738
 21
37.763
  0
LINE
  8
0
 10
139.738
 20
37.763
 11
139.74
 21
37.6128
  0
LINE
  8
0
 10
139.74
 20
37.6128
 11
139.74
 21
35.9683
  0
LINE
  8
0
 10
139.74
 20
35.9683
 11
140.373
 21
35.9683
  0
LINE
  8
0
 10
140.373
 20
35.9683
 11
140.373
 21
37.1169
  0
LINE
  8
0
 10
63.2389
 20
37.1164
 11
63.2672
 21
37.3421
  0
LINE
  8
0
 10
63.2672
 20
37.3421
 11
63.3486
 21
37.5155
  0
LINE
  8
0
 10
63.3486
 20
37.5155
 11
63.4691
 21
37.6247
  0
LINE
  8
0
 10
63.4691
 20
37.6247
 11
63.614
 21
37.6591
  0
LINE
  8
0
 10
63.614
 20
37.6591
 11
63.8513
 21
37.5423
  0
LINE
  8
0
 10
63.8513
 20
37.5423
 11
63.9364
 21
37.1653
  0
LINE
  8
0
 10
63.9364
 20
37.1653
 11
63.9364
 21
35.9683
  0
LINE
  8
0
 10
63.9364
 20
35.9683
 11
64.568
 21
35.9683
  0
LINE
  8
0
 10
64.568
 20
35.9683
 11
64.568
 21
37.3259
  0
LINE
  8
0
 10
64.568
 20
37.3259
 11
64.5228
 21
37.6789
  0
LINE
  8
0
 10
64.5228
 20
37.6789
 11
64.382
 21
37.9452
  0
LINE
  8
0
 10
64.382
 20
37.9452
 11
64.1504
 21
38.1096
  0
LINE
  8
0
 10
64.1504
 20
38.1096
 11
63.8433
 21
38.1631
  0
LINE
  8
0
 10
63.8433
 20
38.1631
 11
63.6182
 21
38.1346
  0
LINE
  8
0
 10
63.6182
 20
38.1346
 11
63.4249
 21
38.0485
  0
LINE
  8
0
 10
63.4249
 20
38.0485
 11
63.2641
 21
37.8994
  0
LINE
  8
0
 10
63.2641
 20
37.8994
 11
63.2174
 21
37.8217
  0
LINE
  8
0
 10
63.2174
 20
37.8217
 11
63.2141
 21
37.883
  0
LINE
  8
0
 10
63.2141
 20
37.883
 11
63.2055
 21
38.0107
  0
LINE
  8
0
 10
63.2055
 20
38.0107
 11
63.1943
 21
38.1227
  0
LINE
  8
0
 10
63.1943
 20
38.1227
 11
62.587
 21
38.1227
  0
LINE
  8
0
 10
62.587
 20
38.1227
 11
62.5957
 21
37.9806
  0
LINE
  8
0
 10
62.5957
 20
37.9806
 11
62.6007
 21
37.8813
  0
LINE
  8
0
 10
62.6007
 20
37.8813
 11
62.6042
 21
37.763
  0
LINE
  8
0
 10
62.6042
 20
37.763
 11
62.6054
 21
37.6128
  0
LINE
  8
0
 10
62.6054
 20
37.6128
 11
62.6054
 21
35.9683
  0
LINE
  8
0
 10
62.6054
 20
35.9683
 11
63.2389
 21
35.9683
  0
LINE
  8
0
 10
63.2389
 20
35.9683
 11
63.2389
 21
37.1164
  0
LINE
  8
0
 10
111.566
 20
37.1164
 11
111.594
 21
37.3421
  0
LINE
  8
0
 10
111.594
 20
37.3421
 11
111.675
 21
37.5155
  0
LINE
  8
0
 10
111.675
 20
37.5155
 11
111.796
 21
37.6247
  0
LINE
  8
0
 10
111.796
 20
37.6247
 11
111.941
 21
37.6591
  0
LINE
  8
0
 10
111.941
 20
37.6591
 11
112.178
 21
37.5423
  0
LINE
  8
0
 10
112.178
 20
37.5423
 11
112.263
 21
37.1653
  0
LINE
  8
0
 10
112.263
 20
37.1653
 11
112.263
 21
35.9683
  0
LINE
  8
0
 10
112.263
 20
35.9683
 11
112.895
 21
35.9683
  0
LINE
  8
0
 10
112.895
 20
35.9683
 11
112.895
 21
37.3259
  0
LINE
  8
0
 10
112.895
 20
37.3259
 11
112.849
 21
37.6789
  0
LINE
  8
0
 10
112.849
 20
37.6789
 11
112.709
 21
37.9452
  0
LINE
  8
0
 10
112.709
 20
37.9452
 11
112.477
 21
38.1096
  0
LINE
  8
0
 10
112.477
 20
38.1096
 11
112.17
 21
38.1631
  0
LINE
  8
0
 10
112.17
 20
38.1631
 11
111.945
 21
38.1346
  0
LINE
  8
0
 10
111.945
 20
38.1346
 11
111.752
 21
38.0485
  0
LINE
  8
0
 10
111.752
 20
38.0485
 11
111.591
 21
37.8994
  0
LINE
  8
0
 10
111.591
 20
37.8994
 11
111.544
 21
37.8217
  0
LINE
  8
0
 10
111.544
 20
37.8217
 11
111.541
 21
37.883
  0
LINE
  8
0
 10
111.541
 20
37.883
 11
111.532
 21
38.0107
  0
LINE
  8
0
 10
111.532
 20
38.0107
 11
111.521
 21
38.1227
  0
LINE
  8
0
 10
111.521
 20
38.1227
 11
110.914
 21
38.1227
  0
LINE
  8
0
 10
110.914
 20
38.1227
 11
110.922
 21
37.9806
  0
LINE
  8
0
 10
110.922
 20
37.9806
 11
110.927
 21
37.8813
  0
LINE
  8
0
 10
110.927
 20
37.8813
 11
110.931
 21
37.763
  0
LINE
  8
0
 10
110.931
 20
37.763
 11
110.932
 21
37.6128
  0
LINE
  8
0
 10
110.932
 20
37.6128
 11
110.932
 21
35.9683
  0
LINE
  8
0
 10
110.932
 20
35.9683
 11
111.566
 21
35.9683
  0
LINE
  8
0
 10
111.566
 20
35.9683
 11
111.566
 21
37.1164
  0
LINE
  8
0
 10
39.18
 20
35.9739
 11
39.4876
 21
36.1087
  0
LINE
  8
0
 10
39.4876
 20
36.1087
 11
39.6865
 21
36.3283
  0
LINE
  8
0
 10
39.6865
 20
36.3283
 11
39.7523
 21
36.6152
  0
LINE
  8
0
 10
39.7523
 20
36.6152
 11
39.7339
 21
36.7909
  0
LINE
  8
0
 10
39.7339
 20
36.7909
 11
39.6783
 21
36.9326
  0
LINE
  8
0
 10
39.6783
 20
36.9326
 11
39.5916
 21
37.0457
  0
LINE
  8
0
 10
39.5916
 20
37.0457
 11
39.4813
 21
37.1351
  0
LINE
  8
0
 10
39.4813
 20
37.1351
 11
39.3419
 21
37.2063
  0
LINE
  8
0
 10
39.3419
 20
37.2063
 11
39.1682
 21
37.2652
  0
LINE
  8
0
 10
39.1682
 20
37.2652
 11
38.965
 21
37.3174
  0
LINE
  8
0
 10
38.965
 20
37.3174
 11
38.7375
 21
37.3675
  0
LINE
  8
0
 10
38.7375
 20
37.3675
 11
38.5953
 21
37.4047
  0
LINE
  8
0
 10
38.5953
 20
37.4047
 11
38.5106
 21
37.4459
  0
LINE
  8
0
 10
38.5106
 20
37.4459
 11
38.4709
 21
37.4904
  0
LINE
  8
0
 10
38.4709
 20
37.4904
 11
38.4581
 21
37.5464
  0
LINE
  8
0
 10
38.4581
 20
37.5464
 11
38.4754
 21
37.6176
  0
LINE
  8
0
 10
38.4754
 20
37.6176
 11
38.527
 21
37.6646
  0
LINE
  8
0
 10
38.527
 20
37.6646
 11
38.6296
 21
37.6959
  0
LINE
  8
0
 10
38.6296
 20
37.6959
 11
38.786
 21
37.7073
  0
LINE
  8
0
 10
38.786
 20
37.7073
 11
38.9422
 21
37.6929
  0
LINE
  8
0
 10
38.9422
 20
37.6929
 11
39.0405
 21
37.6535
  0
LINE
  8
0
 10
39.0405
 20
37.6535
 11
39.0985
 21
37.5915
  0
LINE
  8
0
 10
39.0985
 20
37.5915
 11
39.1477
 21
37.455
  0
LINE
  8
0
 10
39.1477
 20
37.455
 11
39.7257
 21
37.5153
  0
LINE
  8
0
 10
39.7257
 20
37.5153
 11
39.5994
 21
37.8246
  0
LINE
  8
0
 10
39.5994
 20
37.8246
 11
39.4039
 21
38.0128
  0
LINE
  8
0
 10
39.4039
 20
38.0128
 11
39.1296
 21
38.1259
  0
LINE
  8
0
 10
39.1296
 20
38.1259
 11
38.7864
 21
38.1629
  0
LINE
  8
0
 10
38.7864
 20
38.1629
 11
38.4046
 21
38.1203
  0
LINE
  8
0
 10
38.4046
 20
38.1203
 11
38.1132
 21
37.9894
  0
LINE
  8
0
 10
38.1132
 20
37.9894
 11
37.9274
 21
37.7746
  0
LINE
  8
0
 10
37.9274
 20
37.7746
 11
37.8662
 21
37.492
  0
LINE
  8
0
 10
37.8662
 20
37.492
 11
37.8888
 21
37.3115
  0
LINE
  8
0
 10
37.8888
 20
37.3115
 11
37.9572
 21
37.1609
  0
LINE
  8
0
 10
37.9572
 20
37.1609
 11
38.0684
 21
37.0391
  0
LINE
  8
0
 10
38.0684
 20
37.0391
 11
38.2178
 21
36.9441
  0
LINE
  8
0
 10
38.2178
 20
36.9441
 11
38.4571
 21
36.8613
  0
LINE
  8
0
 10
38.4571
 20
36.8613
 11
38.8371
 21
36.7748
  0
LINE
  8
0
 10
38.8371
 20
36.7748
 11
39.0006
 21
36.7318
  0
LINE
  8
0
 10
39.0006
 20
36.7318
 11
39.0988
 21
36.6847
  0
LINE
  8
0
 10
39.0988
 20
36.6847
 11
39.1454
 21
36.6334
  0
LINE
  8
0
 10
39.1454
 20
36.6334
 11
39.1604
 21
36.5692
  0
LINE
  8
0
 10
39.1604
 20
36.5692
 11
39.1411
 21
36.4896
  0
LINE
  8
0
 10
39.1411
 20
36.4896
 11
39.0831
 21
36.4345
  0
LINE
  8
0
 10
39.0831
 20
36.4345
 11
38.9667
 21
36.3971
  0
LINE
  8
0
 10
38.9667
 20
36.3971
 11
38.7827
 21
36.3836
  0
LINE
  8
0
 10
38.7827
 20
36.3836
 11
38.586
 21
36.398
  0
LINE
  8
0
 10
38.586
 20
36.398
 11
38.4688
 21
36.4379
  0
LINE
  8
0
 10
38.4688
 20
36.4379
 11
38.4006
 21
36.5051
  0
LINE
  8
0
 10
38.4006
 20
36.5051
 11
38.3347
 21
36.6563
  0
LINE
  8
0
 10
38.3347
 20
36.6563
 11
37.7623
 21
36.5705
  0
LINE
  8
0
 10
37.7623
 20
36.5705
 11
37.9057
 21
36.2552
  0
LINE
  8
0
 10
37.9057
 20
36.2552
 11
38.1078
 21
36.0706
  0
LINE
  8
0
 10
38.1078
 20
36.0706
 11
38.3979
 21
35.9645
  0
LINE
  8
0
 10
38.3979
 20
35.9645
 11
38.7832
 21
35.93
  0
LINE
  8
0
 10
38.7832
 20
35.93
 11
39.18
 21
35.9739
  0
LINE
  8
0
 10
48.4726
 20
37.0239
 11
48.4994
 21
37.2923
  0
LINE
  8
0
 10
48.4994
 20
37.2923
 11
48.5756
 21
37.4755
  0
LINE
  8
0
 10
48.5756
 20
37.4755
 11
48.6907
 21
37.5802
  0
LINE
  8
0
 10
48.6907
 20
37.5802
 11
48.8481
 21
37.616
  0
LINE
  8
0
 10
48.8481
 20
37.616
 11
48.9444
 21
37.6095
  0
LINE
  8
0
 10
48.9444
 20
37.6095
 11
49.1219
 21
37.5783
  0
LINE
  8
0
 10
49.1219
 20
37.5783
 11
49.1219
 21
38.1215
  0
LINE
  8
0
 10
49.1219
 20
38.1215
 11
49.0084
 21
38.1549
  0
LINE
  8
0
 10
49.0084
 20
38.1549
 11
48.9064
 21
38.1628
  0
LINE
  8
0
 10
48.9064
 20
38.1628
 11
48.7814
 21
38.1511
  0
LINE
  8
0
 10
48.7814
 20
38.1511
 11
48.6751
 21
38.1149
  0
LINE
  8
0
 10
48.6751
 20
38.1149
 11
48.5863
 21
38.0532
  0
LINE
  8
0
 10
48.5863
 20
38.0532
 11
48.5122
 21
37.9674
  0
LINE
  8
0
 10
48.5122
 20
37.9674
 11
48.4487
 21
37.8499
  0
LINE
  8
0
 10
48.4487
 20
37.8499
 11
48.4478
 21
37.8676
  0
LINE
  8
0
 10
48.4478
 20
37.8676
 11
48.4392
 21
38.0076
  0
LINE
  8
0
 10
48.4392
 20
38.0076
 11
48.4281
 21
38.1227
  0
LINE
  8
0
 10
48.4281
 20
38.1227
 11
47.8209
 21
38.1227
  0
LINE
  8
0
 10
47.8209
 20
38.1227
 11
47.8294
 21
37.976
  0
LINE
  8
0
 10
47.8294
 20
37.976
 11
47.8343
 21
37.871
  0
LINE
  8
0
 10
47.8343
 20
37.871
 11
47.8378
 21
37.7444
  0
LINE
  8
0
 10
47.8378
 20
37.7444
 11
47.839
 21
37.59
  0
LINE
  8
0
 10
47.839
 20
37.59
 11
47.839
 21
35.9683
  0
LINE
  8
0
 10
47.839
 20
35.9683
 11
48.4726
 21
35.9683
  0
LINE
  8
0
 10
48.4726
 20
35.9683
 11
48.4726
 21
37.0239
  0
LINE
  8
0
 10
76.3252
 20
37.024
 11
76.352
 21
37.2923
  0
LINE
  8
0
 10
76.352
 20
37.2923
 11
76.4281
 21
37.4755
  0
LINE
  8
0
 10
76.4281
 20
37.4755
 11
76.5433
 21
37.5802
  0
LINE
  8
0
 10
76.5433
 20
37.5802
 11
76.7007
 21
37.616
  0
LINE
  8
0
 10
76.7007
 20
37.616
 11
76.797
 21
37.6095
  0
LINE
  8
0
 10
76.797
 20
37.6095
 11
76.9745
 21
37.5783
  0
LINE
  8
0
 10
76.9745
 20
37.5783
 11
76.9745
 21
38.1215
  0
LINE
  8
0
 10
76.9745
 20
38.1215
 11
76.861
 21
38.1549
  0
LINE
  8
0
 10
76.861
 20
38.1549
 11
76.759
 21
38.1628
  0
LINE
  8
0
 10
76.759
 20
38.1628
 11
76.6339
 21
38.1511
  0
LINE
  8
0
 10
76.6339
 20
38.1511
 11
76.5277
 21
38.1149
  0
LINE
  8
0
 10
76.5277
 20
38.1149
 11
76.4389
 21
38.0532
  0
LINE
  8
0
 10
76.4389
 20
38.0532
 11
76.3648
 21
37.9674
  0
LINE
  8
0
 10
76.3648
 20
37.9674
 11
76.3013
 21
37.8499
  0
LINE
  8
0
 10
76.3013
 20
37.8499
 11
76.3004
 21
37.8676
  0
LINE
  8
0
 10
76.3004
 20
37.8676
 11
76.2918
 21
38.0076
  0
LINE
  8
0
 10
76.2918
 20
38.0076
 11
76.2807
 21
38.1227
  0
LINE
  8
0
 10
76.2807
 20
38.1227
 11
75.6734
 21
38.1227
  0
LINE
  8
0
 10
75.6734
 20
38.1227
 11
75.682
 21
37.976
  0
LINE
  8
0
 10
75.682
 20
37.976
 11
75.6869
 21
37.871
  0
LINE
  8
0
 10
75.6869
 20
37.871
 11
75.6904
 21
37.7444
  0
LINE
  8
0
 10
75.6904
 20
37.7444
 11
75.6916
 21
37.59
  0
LINE
  8
0
 10
75.6916
 20
37.59
 11
75.6916
 21
35.9683
  0
LINE
  8
0
 10
75.6916
 20
35.9683
 11
76.3252
 21
35.9683
  0
LINE
  8
0
 10
76.3252
 20
35.9683
 11
76.3252
 21
37.024
  0
LINE
  8
0
 10
84.3472
 20
37.024
 11
84.3739
 21
37.2923
  0
LINE
  8
0
 10
84.3739
 20
37.2923
 11
84.4501
 21
37.4755
  0
LINE
  8
0
 10
84.4501
 20
37.4755
 11
84.5653
 21
37.5802
  0
LINE
  8
0
 10
84.5653
 20
37.5802
 11
84.7226
 21
37.616
  0
LINE
  8
0
 10
84.7226
 20
37.616
 11
84.819
 21
37.6095
  0
LINE
  8
0
 10
84.819
 20
37.6095
 11
84.9965
 21
37.5783
  0
LINE
  8
0
 10
84.9965
 20
37.5783
 11
84.9965
 21
38.1215
  0
LINE
  8
0
 10
84.9965
 20
38.1215
 11
84.883
 21
38.1549
  0
LINE
  8
0
 10
84.883
 20
38.1549
 11
84.7809
 21
38.1628
  0
LINE
  8
0
 10
84.7809
 20
38.1628
 11
84.6559
 21
38.1511
  0
LINE
  8
0
 10
84.6559
 20
38.1511
 11
84.5497
 21
38.1149
  0
LINE
  8
0
 10
84.5497
 20
38.1149
 11
84.4609
 21
38.0532
  0
LINE
  8
0
 10
84.4609
 20
38.0532
 11
84.3868
 21
37.9674
  0
LINE
  8
0
 10
84.3868
 20
37.9674
 11
84.3232
 21
37.8499
  0
LINE
  8
0
 10
84.3232
 20
37.8499
 11
84.3224
 21
37.8676
  0
LINE
  8
0
 10
84.3224
 20
37.8676
 11
84.3138
 21
38.0076
  0
LINE
  8
0
 10
84.3138
 20
38.0076
 11
84.3027
 21
38.1227
  0
LINE
  8
0
 10
84.3027
 20
38.1227
 11
83.6954
 21
38.1227
  0
LINE
  8
0
 10
83.6954
 20
38.1227
 11
83.7039
 21
37.976
  0
LINE
  8
0
 10
83.7039
 20
37.976
 11
83.7088
 21
37.871
  0
LINE
  8
0
 10
83.7088
 20
37.871
 11
83.7124
 21
37.7444
  0
LINE
  8
0
 10
83.7124
 20
37.7444
 11
83.7136
 21
37.59
  0
LINE
  8
0
 10
83.7136
 20
37.59
 11
83.7136
 21
35.9683
  0
LINE
  8
0
 10
83.7136
 20
35.9683
 11
84.3472
 21
35.9683
  0
LINE
  8
0
 10
84.3472
 20
35.9683
 11
84.3472
 21
37.024
  0
LINE
  8
0
 10
94.8913
 20
36.0755
 11
95.2903
 21
36.5803
  0
LINE
  8
0
 10
95.2903
 20
36.5803
 11
94.6656
 21
36.6345
  0
LINE
  8
0
 10
94.6656
 20
36.6345
 11
94.5333
 21
36.442
  0
LINE
  8
0
 10
94.5333
 20
36.442
 11
94.3321
 21
36.3886
  0
LINE
  8
0
 10
94.3321
 20
36.3886
 11
94.1745
 21
36.4218
  0
LINE
  8
0
 10
94.1745
 20
36.4218
 11
94.0584
 21
36.5207
  0
LINE
  8
0
 10
94.0584
 20
36.5207
 11
93.9828
 21
36.6927
  0
LINE
  8
0
 10
93.9828
 20
36.6927
 11
93.9617
 21
36.893
  0
LINE
  8
0
 10
93.9617
 20
36.893
 11
95.2739
 21
36.893
  0
LINE
  8
0
 10
95.2739
 20
36.893
 11
95.2739
 21
36.9611
  0
LINE
  8
0
 10
95.2739
 20
36.9611
 11
95.2142
 21
37.47
  0
LINE
  8
0
 10
95.2142
 20
37.47
 11
95.0302
 21
37.8497
  0
LINE
  8
0
 10
95.0302
 20
37.8497
 11
94.7256
 21
38.0842
  0
LINE
  8
0
 10
94.7256
 20
38.0842
 11
94.3149
 21
38.1614
  0
LINE
  8
0
 10
94.3149
 20
38.1614
 11
93.8849
 21
38.0898
  0
LINE
  8
0
 10
93.8849
 20
38.0898
 11
93.5609
 21
37.8722
  0
LINE
  8
0
 10
93.5609
 20
37.8722
 11
93.361
 21
37.5214
  0
LINE
  8
0
 10
93.361
 20
37.5214
 11
93.2955
 21
37.0551
  0
LINE
  8
0
 10
93.2955
 20
37.0551
 11
93.3599
 21
36.576
  0
LINE
  8
0
 10
93.3599
 20
36.576
 11
93.5568
 21
36.22
  0
LINE
  8
0
 10
93.5568
 20
36.22
 11
93.8781
 21
36.0014
  0
LINE
  8
0
 10
93.8781
 20
36.0014
 11
94.3088
 21
35.9292
  0
LINE
  8
0
 10
94.3088
 20
35.9292
 11
94.8913
 21
36.0755
  0
LINE
  8
0
 10
93.9675
 20
37.3271
 11
93.988
 21
37.4715
  0
LINE
  8
0
 10
93.988
 20
37.4715
 11
94.0571
 21
37.6114
  0
LINE
  8
0
 10
94.0571
 20
37.6114
 11
94.162
 21
37.6951
  0
LINE
  8
0
 10
94.162
 20
37.6951
 11
94.3068
 21
37.7236
  0
LINE
  8
0
 10
94.3068
 20
37.7236
 11
94.4443
 21
37.6967
  0
LINE
  8
0
 10
94.4443
 20
37.6967
 11
94.5487
 21
37.6171
  0
LINE
  8
0
 10
94.5487
 20
37.6171
 11
94.622
 21
37.4784
  0
LINE
  8
0
 10
94.622
 20
37.4784
 11
94.6481
 21
37.3271
  0
LINE
  8
0
 10
94.6481
 20
37.3271
 11
93.9675
 21
37.3271
  0
LINE
  8
0
 10
67.456
 20
36.0755
 11
67.8549
 21
36.5803
  0
LINE
  8
0
 10
67.8549
 20
36.5803
 11
67.2303
 21
36.6345
  0
LINE
  8
0
 10
67.2303
 20
36.6345
 11
67.098
 21
36.4421
  0
LINE
  8
0
 10
67.098
 20
36.4421
 11
66.8968
 21
36.3886
  0
LINE
  8
0
 10
66.8968
 20
36.3886
 11
66.7392
 21
36.4218
  0
LINE
  8
0
 10
66.7392
 20
36.4218
 11
66.6231
 21
36.5207
  0
LINE
  8
0
 10
66.6231
 20
36.5207
 11
66.5475
 21
36.6927
  0
LINE
  8
0
 10
66.5475
 20
36.6927
 11
66.5264
 21
36.893
  0
LINE
  8
0
 10
66.5264
 20
36.893
 11
67.8386
 21
36.893
  0
LINE
  8
0
 10
67.8386
 20
36.893
 11
67.8386
 21
36.9611
  0
LINE
  8
0
 10
67.8386
 20
36.9611
 11
67.7789
 21
37.47
  0
LINE
  8
0
 10
67.7789
 20
37.47
 11
67.5949
 21
37.8497
  0
LINE
  8
0
 10
67.5949
 20
37.8497
 11
67.2903
 21
38.0842
  0
LINE
  8
0
 10
67.2903
 20
38.0842
 11
66.8796
 21
38.1614
  0
LINE
  8
0
 10
66.8796
 20
38.1614
 11
66.4496
 21
38.0898
  0
LINE
  8
0
 10
66.4496
 20
38.0898
 11
66.1256
 21
37.8722
  0
LINE
  8
0
 10
66.1256
 20
37.8722
 11
65.9256
 21
37.5214
  0
LINE
  8
0
 10
65.9256
 20
37.5214
 11
65.8602
 21
37.0551
  0
LINE
  8
0
 10
65.8602
 20
37.0551
 11
65.9246
 21
36.576
  0
LINE
  8
0
 10
65.9246
 20
36.576
 11
66.1214
 21
36.22
  0
LINE
  8
0
 10
66.1214
 20
36.22
 11
66.4427
 21
36.0014
  0
LINE
  8
0
 10
66.4427
 20
36.0014
 11
66.8735
 21
35.9292
  0
LINE
  8
0
 10
66.8735
 20
35.9292
 11
67.456
 21
36.0755
  0
LINE
  8
0
 10
66.5322
 20
37.3271
 11
66.5527
 21
37.4715
  0
LINE
  8
0
 10
66.5527
 20
37.4715
 11
66.6218
 21
37.6114
  0
LINE
  8
0
 10
66.6218
 20
37.6114
 11
66.7267
 21
37.6951
  0
LINE
  8
0
 10
66.7267
 20
37.6951
 11
66.8715
 21
37.7236
  0
LINE
  8
0
 10
66.8715
 20
37.7236
 11
67.009
 21
37.6967
  0
LINE
  8
0
 10
67.009
 20
37.6967
 11
67.1134
 21
37.6171
  0
LINE
  8
0
 10
67.1134
 20
37.6171
 11
67.1867
 21
37.4784
  0
LINE
  8
0
 10
67.1867
 20
37.4784
 11
67.2128
 21
37.3271
  0
LINE
  8
0
 10
67.2128
 20
37.3271
 11
66.5322
 21
37.3271
  0
LINE
  8
0
 10
78.6452
 20
36.0755
 11
79.0442
 21
36.5803
  0
LINE
  8
0
 10
79.0442
 20
36.5803
 11
78.4195
 21
36.6345
  0
LINE
  8
0
 10
78.4195
 20
36.6345
 11
78.2872
 21
36.442
  0
LINE
  8
0
 10
78.2872
 20
36.442
 11
78.086
 21
36.3886
  0
LINE
  8
0
 10
78.086
 20
36.3886
 11
77.9284
 21
36.4218
  0
LINE
  8
0
 10
77.9284
 20
36.4218
 11
77.8123
 21
36.5207
  0
LINE
  8
0
 10
77.8123
 20
36.5207
 11
77.7367
 21
36.6927
  0
LINE
  8
0
 10
77.7367
 20
36.6927
 11
77.7156
 21
36.893
  0
LINE
  8
0
 10
77.7156
 20
36.893
 11
79.0278
 21
36.893
  0
LINE
  8
0
 10
79.0278
 20
36.893
 11
79.0278
 21
36.9611
  0
LINE
  8
0
 10
79.0278
 20
36.9611
 11
78.9681
 21
37.47
  0
LINE
  8
0
 10
78.9681
 20
37.47
 11
78.7841
 21
37.8497
  0
LINE
  8
0
 10
78.7841
 20
37.8497
 11
78.4795
 21
38.0842
  0
LINE
  8
0
 10
78.4795
 20
38.0842
 11
78.0688
 21
38.1614
  0
LINE
  8
0
 10
78.0688
 20
38.1614
 11
77.6388
 21
38.0898
  0
LINE
  8
0
 10
77.6388
 20
38.0898
 11
77.3148
 21
37.8722
  0
LINE
  8
0
 10
77.3148
 20
37.8722
 11
77.1149
 21
37.5214
  0
LINE
  8
0
 10
77.1149
 20
37.5214
 11
77.0494
 21
37.0551
  0
LINE
  8
0
 10
77.0494
 20
37.0551
 11
77.1138
 21
36.576
  0
LINE
  8
0
 10
77.1138
 20
36.576
 11
77.3107
 21
36.22
  0
LINE
  8
0
 10
77.3107
 20
36.22
 11
77.632
 21
36.0014
  0
LINE
  8
0
 10
77.632
 20
36.0014
 11
78.0627
 21
35.9292
  0
LINE
  8
0
 10
78.0627
 20
35.9292
 11
78.6452
 21
36.0755
  0
LINE
  8
0
 10
77.7214
 20
37.3271
 11
77.7419
 21
37.4715
  0
LINE
  8
0
 10
77.7419
 20
37.4715
 11
77.811
 21
37.6114
  0
LINE
  8
0
 10
77.811
 20
37.6114
 11
77.916
 21
37.6951
  0
LINE
  8
0
 10
77.916
 20
37.6951
 11
78.0607
 21
37.7236
  0
LINE
  8
0
 10
78.0607
 20
37.7236
 11
78.1982
 21
37.6967
  0
LINE
  8
0
 10
78.1982
 20
37.6967
 11
78.3026
 21
37.6171
  0
LINE
  8
0
 10
78.3026
 20
37.6171
 11
78.3759
 21
37.4784
  0
LINE
  8
0
 10
78.3759
 20
37.4784
 11
78.402
 21
37.3271
  0
LINE
  8
0
 10
78.402
 20
37.3271
 11
77.7214
 21
37.3271
  0
LINE
  8
0
 10
100.378
 20
36.0755
 11
100.777
 21
36.5803
  0
LINE
  8
0
 10
100.777
 20
36.5803
 11
100.153
 21
36.6345
  0
LINE
  8
0
 10
100.153
 20
36.6345
 11
100.02
 21
36.4421
  0
LINE
  8
0
 10
100.02
 20
36.4421
 11
99.8191
 21
36.3886
  0
LINE
  8
0
 10
99.8191
 20
36.3886
 11
99.6616
 21
36.4218
  0
LINE
  8
0
 10
99.6616
 20
36.4218
 11
99.5455
 21
36.5207
  0
LINE
  8
0
 10
99.5455
 20
36.5207
 11
99.4699
 21
36.6927
  0
LINE
  8
0
 10
99.4699
 20
36.6927
 11
99.4488
 21
36.893
  0
LINE
  8
0
 10
99.4488
 20
36.893
 11
100.761
 21
36.893
  0
LINE
  8
0
 10
100.761
 20
36.893
 11
100.761
 21
36.9611
  0
LINE
  8
0
 10
100.761
 20
36.9611
 11
100.701
 21
37.47
  0
LINE
  8
0
 10
100.701
 20
37.47
 11
100.517
 21
37.8497
  0
LINE
  8
0
 10
100.517
 20
37.8497
 11
100.213
 21
38.0842
  0
LINE
  8
0
 10
100.213
 20
38.0842
 11
99.802
 21
38.1614
  0
LINE
  8
0
 10
99.802
 20
38.1614
 11
99.3719
 21
38.0898
  0
LINE
  8
0
 10
99.3719
 20
38.0898
 11
99.048
 21
37.8722
  0
LINE
  8
0
 10
99.048
 20
37.8722
 11
98.848
 21
37.5214
  0
LINE
  8
0
 10
98.848
 20
37.5214
 11
98.7826
 21
37.0551
  0
LINE
  8
0
 10
98.7826
 20
37.0551
 11
98.847
 21
36.576
  0
LINE
  8
0
 10
98.847
 20
36.576
 11
99.0438
 21
36.22
  0
LINE
  8
0
 10
99.0438
 20
36.22
 11
99.3651
 21
36.0014
  0
LINE
  8
0
 10
99.3651
 20
36.0014
 11
99.7959
 21
35.9292
  0
LINE
  8
0
 10
99.7959
 20
35.9292
 11
100.378
 21
36.0755
  0
LINE
  8
0
 10
99.4546
 20
37.3271
 11
99.4751
 21
37.4715
  0
LINE
  8
0
 10
99.4751
 20
37.4715
 11
99.5442
 21
37.6114
  0
LINE
  8
0
 10
99.5442
 20
37.6114
 11
99.6491
 21
37.6951
  0
LINE
  8
0
 10
99.6491
 20
37.6951
 11
99.7939
 21
37.7236
  0
LINE
  8
0
 10
99.7939
 20
37.7236
 11
99.9314
 21
37.6967
  0
LINE
  8
0
 10
99.9314
 20
37.6967
 11
100.036
 21
37.6171
  0
LINE
  8
0
 10
100.036
 20
37.6171
 11
100.109
 21
37.4784
  0
LINE
  8
0
 10
100.109
 20
37.4784
 11
100.135
 21
37.3271
  0
LINE
  8
0
 10
100.135
 20
37.3271
 11
99.4546
 21
37.3271
  0
LINE
  8
0
 10
114.727
 20
36.0755
 11
115.126
 21
36.5803
  0
LINE
  8
0
 10
115.126
 20
36.5803
 11
114.502
 21
36.6345
  0
LINE
  8
0
 10
114.502
 20
36.6345
 11
114.37
 21
36.442
  0
LINE
  8
0
 10
114.37
 20
36.442
 11
114.168
 21
36.3886
  0
LINE
  8
0
 10
114.168
 20
36.3886
 11
114.011
 21
36.4218
  0
LINE
  8
0
 10
114.011
 20
36.4218
 11
113.895
 21
36.5207
  0
LINE
  8
0
 10
113.895
 20
36.5207
 11
113.819
 21
36.6927
  0
LINE
  8
0
 10
113.819
 20
36.6927
 11
113.798
 21
36.893
  0
LINE
  8
0
 10
113.798
 20
36.893
 11
115.11
 21
36.893
  0
LINE
  8
0
 10
115.11
 20
36.893
 11
115.11
 21
36.9611
  0
LINE
  8
0
 10
115.11
 20
36.9611
 11
115.05
 21
37.47
  0
LINE
  8
0
 10
115.05
 20
37.47
 11
114.866
 21
37.8497
  0
LINE
  8
0
 10
114.866
 20
37.8497
 11
114.562
 21
38.0842
  0
LINE
  8
0
 10
114.562
 20
38.0842
 11
114.151
 21
38.1614
  0
LINE
  8
0
 10
114.151
 20
38.1614
 11
113.721
 21
38.0898
  0
LINE
  8
0
 10
113.721
 20
38.0898
 11
113.397
 21
37.8722
  0
LINE
  8
0
 10
113.397
 20
37.8722
 11
113.197
 21
37.5214
  0
LINE
  8
0
 10
113.197
 20
37.5214
 11
113.132
 21
37.0551
  0
LINE
  8
0
 10
113.132
 20
37.0551
 11
113.196
 21
36.576
  0
LINE
  8
0
 10
113.196
 20
36.576
 11
113.393
 21
36.22
  0
LINE
  8
0
 10
113.393
 20
36.22
 11
113.714
 21
36.0014
  0
LINE
  8
0
 10
113.714
 20
36.0014
 11
114.145
 21
35.9292
  0
LINE
  8
0
 10
114.145
 20
35.9292
 11
114.727
 21
36.0755
  0
LINE
  8
0
 10
113.804
 20
37.3271
 11
113.824
 21
37.4715
  0
LINE
  8
0
 10
113.824
 20
37.4715
 11
113.893
 21
37.6114
  0
LINE
  8
0
 10
113.893
 20
37.6114
 11
113.998
 21
37.6951
  0
LINE
  8
0
 10
113.998
 20
37.6951
 11
114.143
 21
37.7236
  0
LINE
  8
0
 10
114.143
 20
37.7236
 11
114.28
 21
37.6967
  0
LINE
  8
0
 10
114.28
 20
37.6967
 11
114.385
 21
37.6171
  0
LINE
  8
0
 10
114.385
 20
37.6171
 11
114.458
 21
37.4784
  0
LINE
  8
0
 10
114.458
 20
37.4784
 11
114.484
 21
37.3271
  0
LINE
  8
0
 10
114.484
 20
37.3271
 11
113.804
 21
37.3271
  0
LINE
  8
0
 10
37.0128
 20
36.0036
 11
37.3615
 21
36.2283
  0
LINE
  8
0
 10
37.3615
 20
36.2283
 11
37.5807
 21
36.5842
  0
LINE
  8
0
 10
37.5807
 20
36.5842
 11
37.6527
 21
37.0471
  0
LINE
  8
0
 10
37.6527
 20
37.0471
 11
37.584
 21
37.5189
  0
LINE
  8
0
 10
37.584
 20
37.5189
 11
37.3741
 21
37.8721
  0
LINE
  8
0
 10
37.3741
 20
37.8721
 11
37.0308
 21
38.0899
  0
LINE
  8
0
 10
37.0308
 20
38.0899
 11
36.569
 21
38.1613
  0
LINE
  8
0
 10
36.569
 20
38.1613
 11
36.1136
 21
38.0874
  0
LINE
  8
0
 10
36.1136
 20
38.0874
 11
35.7672
 21
37.8625
  0
LINE
  8
0
 10
35.7672
 20
37.8625
 11
35.5511
 21
37.5075
  0
LINE
  8
0
 10
35.5511
 20
37.5075
 11
35.48
 21
37.0474
  0
LINE
  8
0
 10
35.48
 20
37.0474
 11
35.551
 21
36.5856
  0
LINE
  8
0
 10
35.551
 20
36.5856
 11
35.7671
 21
36.2295
  0
LINE
  8
0
 10
35.7671
 20
36.2295
 11
36.1106
 21
36.0039
  0
LINE
  8
0
 10
36.1106
 20
36.0039
 11
36.5577
 21
35.9296
  0
LINE
  8
0
 10
36.5577
 20
35.9296
 11
37.0128
 21
36.0036
  0
LINE
  8
0
 10
36.3786
 20
36.4355
 11
36.2516
 21
36.5533
  0
LINE
  8
0
 10
36.2516
 20
36.5533
 11
36.1695
 21
36.7568
  0
LINE
  8
0
 10
36.1695
 20
36.7568
 11
36.1413
 21
37.044
  0
LINE
  8
0
 10
36.1413
 20
37.044
 11
36.2555
 21
37.5353
  0
LINE
  8
0
 10
36.2555
 20
37.5353
 11
36.5832
 21
37.6918
  0
LINE
  8
0
 10
36.5832
 20
37.6918
 11
36.7551
 21
37.6565
  0
LINE
  8
0
 10
36.7551
 20
37.6565
 11
36.8828
 21
37.5487
  0
LINE
  8
0
 10
36.8828
 20
37.5487
 11
36.965
 21
37.3512
  0
LINE
  8
0
 10
36.965
 20
37.3512
 11
36.9934
 21
37.0508
  0
LINE
  8
0
 10
36.9934
 20
37.0508
 11
36.8777
 21
36.5553
  0
LINE
  8
0
 10
36.8777
 20
36.5553
 11
36.5463
 21
36.3974
  0
LINE
  8
0
 10
36.5463
 20
36.3974
 11
36.3786
 21
36.4355
  0
LINE
  8
0
 10
82.8064
 20
36.0036
 11
83.1551
 21
36.2283
  0
LINE
  8
0
 10
83.1551
 20
36.2283
 11
83.3742
 21
36.5842
  0
LINE
  8
0
 10
83.3742
 20
36.5842
 11
83.4462
 21
37.0471
  0
LINE
  8
0
 10
83.4462
 20
37.0471
 11
83.3775
 21
37.5189
  0
LINE
  8
0
 10
83.3775
 20
37.5189
 11
83.1677
 21
37.8721
  0
LINE
  8
0
 10
83.1677
 20
37.8721
 11
82.8243
 21
38.0899
  0
LINE
  8
0
 10
82.8243
 20
38.0899
 11
82.3626
 21
38.1613
  0
LINE
  8
0
 10
82.3626
 20
38.1613
 11
81.9072
 21
38.0874
  0
LINE
  8
0
 10
81.9072
 20
38.0874
 11
81.5608
 21
37.8625
  0
LINE
  8
0
 10
81.5608
 20
37.8625
 11
81.3446
 21
37.5075
  0
LINE
  8
0
 10
81.3446
 20
37.5075
 11
81.2735
 21
37.0474
  0
LINE
  8
0
 10
81.2735
 20
37.0474
 11
81.3446
 21
36.5856
  0
LINE
  8
0
 10
81.3446
 20
36.5856
 11
81.5607
 21
36.2295
  0
LINE
  8
0
 10
81.5607
 20
36.2295
 11
81.9041
 21
36.0039
  0
LINE
  8
0
 10
81.9041
 20
36.0039
 11
82.3513
 21
35.9296
  0
LINE
  8
0
 10
82.3513
 20
35.9296
 11
82.8064
 21
36.0036
  0
LINE
  8
0
 10
82.1721
 20
36.4355
 11
82.0451
 21
36.5533
  0
LINE
  8
0
 10
82.0451
 20
36.5533
 11
81.963
 21
36.7568
  0
LINE
  8
0
 10
81.963
 20
36.7568
 11
81.9348
 21
37.044
  0
LINE
  8
0
 10
81.9348
 20
37.044
 11
82.0491
 21
37.5353
  0
LINE
  8
0
 10
82.0491
 20
37.5353
 11
82.3768
 21
37.6918
  0
LINE
  8
0
 10
82.3768
 20
37.6918
 11
82.5486
 21
37.6565
  0
LINE
  8
0
 10
82.5486
 20
37.6565
 11
82.6763
 21
37.5486
  0
LINE
  8
0
 10
82.6763
 20
37.5486
 11
82.7585
 21
37.3513
  0
LINE
  8
0
 10
82.7585
 20
37.3513
 11
82.7869
 21
37.0508
  0
LINE
  8
0
 10
82.7869
 20
37.0508
 11
82.6713
 21
36.5553
  0
LINE
  8
0
 10
82.6713
 20
36.5553
 11
82.3398
 21
36.3974
  0
LINE
  8
0
 10
82.3398
 20
36.3974
 11
82.1721
 21
36.4355
  0
LINE
  8
0
 10
110.025
 20
36.0036
 11
110.373
 21
36.2283
  0
LINE
  8
0
 10
110.373
 20
36.2283
 11
110.593
 21
36.5842
  0
LINE
  8
0
 10
110.593
 20
36.5842
 11
110.665
 21
37.0471
  0
LINE
  8
0
 10
110.665
 20
37.0471
 11
110.596
 21
37.5189
  0
LINE
  8
0
 10
110.596
 20
37.5189
 11
110.386
 21
37.8721
  0
LINE
  8
0
 10
110.386
 20
37.8721
 11
110.043
 21
38.0899
  0
LINE
  8
0
 10
110.043
 20
38.0899
 11
109.581
 21
38.1613
  0
LINE
  8
0
 10
109.581
 20
38.1613
 11
109.126
 21
38.0874
  0
LINE
  8
0
 10
109.126
 20
38.0874
 11
108.779
 21
37.8625
  0
LINE
  8
0
 10
108.779
 20
37.8625
 11
108.563
 21
37.5075
  0
LINE
  8
0
 10
108.563
 20
37.5075
 11
108.492
 21
37.0474
  0
LINE
  8
0
 10
108.492
 20
37.0474
 11
108.563
 21
36.5856
  0
LINE
  8
0
 10
108.563
 20
36.5856
 11
108.779
 21
36.2295
  0
LINE
  8
0
 10
108.779
 20
36.2295
 11
109.123
 21
36.0039
  0
LINE
  8
0
 10
109.123
 20
36.0039
 11
109.57
 21
35.9296
  0
LINE
  8
0
 10
109.57
 20
35.9296
 11
110.025
 21
36.0036
  0
LINE
  8
0
 10
109.391
 20
36.4355
 11
109.264
 21
36.5533
  0
LINE
  8
0
 10
109.264
 20
36.5533
 11
109.181
 21
36.7569
  0
LINE
  8
0
 10
109.181
 20
36.7569
 11
109.153
 21
37.044
  0
LINE
  8
0
 10
109.153
 20
37.044
 11
109.267
 21
37.5353
  0
LINE
  8
0
 10
109.267
 20
37.5353
 11
109.595
 21
37.6918
  0
LINE
  8
0
 10
109.595
 20
37.6918
 11
109.767
 21
37.6565
  0
LINE
  8
0
 10
109.767
 20
37.6565
 11
109.895
 21
37.5487
  0
LINE
  8
0
 10
109.895
 20
37.5487
 11
109.977
 21
37.3512
  0
LINE
  8
0
 10
109.977
 20
37.3512
 11
110.005
 21
37.0508
  0
LINE
  8
0
 10
110.005
 20
37.0508
 11
109.89
 21
36.5553
  0
LINE
  8
0
 10
109.89
 20
36.5553
 11
109.558
 21
36.3974
  0
LINE
  8
0
 10
109.558
 20
36.3974
 11
109.391
 21
36.4355
  0
LINE
  8
0
 10
71.3574
 20
35.9536
 11
71.5798
 21
36.0246
  0
LINE
  8
0
 10
71.5798
 20
36.0246
 11
71.7706
 21
36.14
  0
LINE
  8
0
 10
71.7706
 20
36.14
 11
71.9213
 21
36.2957
  0
LINE
  8
0
 10
71.9213
 20
36.2957
 11
72.0266
 21
36.4836
  0
LINE
  8
0
 10
72.0266
 20
36.4836
 11
72.0957
 21
36.7489
  0
LINE
  8
0
 10
72.0957
 20
36.7489
 11
71.4584
 21
36.7783
  0
LINE
  8
0
 10
71.4584
 20
36.7783
 11
71.4061
 21
36.5815
  0
LINE
  8
0
 10
71.4061
 20
36.5815
 11
71.3339
 21
36.4777
  0
LINE
  8
0
 10
71.3339
 20
36.4777
 11
71.2361
 21
36.4164
  0
LINE
  8
0
 10
71.2361
 20
36.4164
 11
71.1237
 21
36.3971
  0
LINE
  8
0
 10
71.1237
 20
36.3971
 11
70.8446
 21
36.5546
  0
LINE
  8
0
 10
70.8446
 20
36.5546
 11
70.746
 21
37.0549
  0
LINE
  8
0
 10
70.746
 20
37.0549
 11
70.8426
 21
37.5395
  0
LINE
  8
0
 10
70.8426
 20
37.5395
 11
71.1163
 21
37.6921
  0
LINE
  8
0
 10
71.1163
 20
37.6921
 11
71.237
 21
37.673
  0
LINE
  8
0
 10
71.237
 20
37.673
 11
71.3297
 21
37.6137
  0
LINE
  8
0
 10
71.3297
 20
37.6137
 11
71.3934
 21
37.519
  0
LINE
  8
0
 10
71.3934
 20
37.519
 11
71.4419
 21
37.3467
  0
LINE
  8
0
 10
71.4419
 20
37.3467
 11
72.0869
 21
37.3786
  0
LINE
  8
0
 10
72.0869
 20
37.3786
 11
71.9554
 21
37.7376
  0
LINE
  8
0
 10
71.9554
 20
37.7376
 11
71.7495
 21
37.9687
  0
LINE
  8
0
 10
71.7495
 20
37.9687
 11
71.465
 21
38.1135
  0
LINE
  8
0
 10
71.465
 20
38.1135
 11
71.1177
 21
38.1612
  0
LINE
  8
0
 10
71.1177
 20
38.1612
 11
70.682
 21
38.0871
  0
LINE
  8
0
 10
70.682
 20
38.0871
 11
70.3534
 21
37.8615
  0
LINE
  8
0
 10
70.3534
 20
37.8615
 11
70.1508
 21
37.5031
  0
LINE
  8
0
 10
70.1508
 20
37.5031
 11
70.0844
 21
37.034
  0
LINE
  8
0
 10
70.0844
 20
37.034
 11
70.1504
 21
36.5749
  0
LINE
  8
0
 10
70.1504
 20
36.5749
 11
70.3517
 21
36.2235
  0
LINE
  8
0
 10
70.3517
 20
36.2235
 11
70.6779
 21
36.0023
  0
LINE
  8
0
 10
70.6779
 20
36.0023
 11
71.1091
 21
35.9299
  0
LINE
  8
0
 10
71.1091
 20
35.9299
 11
71.3574
 21
35.9536
  0
LINE
  8
0
 10
80.4345
 20
35.9536
 11
80.6569
 21
36.0246
  0
LINE
  8
0
 10
80.6569
 20
36.0246
 11
80.8477
 21
36.14
  0
LINE
  8
0
 10
80.8477
 20
36.14
 11
80.9984
 21
36.2957
  0
LINE
  8
0
 10
80.9984
 20
36.2957
 11
81.1037
 21
36.4836
  0
LINE
  8
0
 10
81.1037
 20
36.4836
 11
81.1728
 21
36.7489
  0
LINE
  8
0
 10
81.1728
 20
36.7489
 11
80.5355
 21
36.7783
  0
LINE
  8
0
 10
80.5355
 20
36.7783
 11
80.4832
 21
36.5815
  0
LINE
  8
0
 10
80.4832
 20
36.5815
 11
80.411
 21
36.4777
  0
LINE
  8
0
 10
80.411
 20
36.4777
 11
80.3132
 21
36.4164
  0
LINE
  8
0
 10
80.3132
 20
36.4164
 11
80.2008
 21
36.3971
  0
LINE
  8
0
 10
80.2008
 20
36.3971
 11
79.9217
 21
36.5546
  0
LINE
  8
0
 10
79.9217
 20
36.5546
 11
79.8232
 21
37.0549
  0
LINE
  8
0
 10
79.8232
 20
37.0549
 11
79.9197
 21
37.5395
  0
LINE
  8
0
 10
79.9197
 20
37.5395
 11
80.1935
 21
37.6921
  0
LINE
  8
0
 10
80.1935
 20
37.6921
 11
80.3141
 21
37.673
  0
LINE
  8
0
 10
80.3141
 20
37.673
 11
80.4068
 21
37.6137
  0
LINE
  8
0
 10
80.4068
 20
37.6137
 11
80.4705
 21
37.5191
  0
LINE
  8
0
 10
80.4705
 20
37.5191
 11
80.519
 21
37.3467
  0
LINE
  8
0
 10
80.519
 20
37.3467
 11
81.164
 21
37.3786
  0
LINE
  8
0
 10
81.164
 20
37.3786
 11
81.0324
 21
37.7376
  0
LINE
  8
0
 10
81.0324
 20
37.7376
 11
80.8266
 21
37.9687
  0
LINE
  8
0
 10
80.8266
 20
37.9687
 11
80.5421
 21
38.1135
  0
LINE
  8
0
 10
80.5421
 20
38.1135
 11
80.1948
 21
38.1612
  0
LINE
  8
0
 10
80.1948
 20
38.1612
 11
79.7591
 21
38.0871
  0
LINE
  8
0
 10
79.7591
 20
38.0871
 11
79.4305
 21
37.8615
  0
LINE
  8
0
 10
79.4305
 20
37.8615
 11
79.2279
 21
37.5031
  0
LINE
  8
0
 10
79.2279
 20
37.5031
 11
79.1615
 21
37.034
  0
LINE
  8
0
 10
79.1615
 20
37.034
 11
79.2275
 21
36.5749
  0
LINE
  8
0
 10
79.2275
 20
36.5749
 11
79.4288
 21
36.2235
  0
LINE
  8
0
 10
79.4288
 20
36.2235
 11
79.755
 21
36.0023
  0
LINE
  8
0
 10
79.755
 20
36.0023
 11
80.1862
 21
35.9299
  0
LINE
  8
0
 10
80.1862
 20
35.9299
 11
80.4345
 21
35.9536
  0
LINE
  8
0
 10
106.391
 20
36.0366
 11
106.627
 21
36.291
  0
LINE
  8
0
 10
106.627
 20
36.291
 11
106.648
 21
36.1968
  0
LINE
  8
0
 10
106.648
 20
36.1968
 11
106.736
 21
36.0576
  0
LINE
  8
0
 10
106.736
 20
36.0576
 11
106.877
 21
35.9721
  0
LINE
  8
0
 10
106.877
 20
35.9721
 11
107.066
 21
35.9454
  0
LINE
  8
0
 10
107.066
 20
35.9454
 11
107.124
 21
35.9464
  0
LINE
  8
0
 10
107.124
 20
35.9464
 11
107.173
 21
35.9494
  0
LINE
  8
0
 10
107.173
 20
35.9494
 11
107.216
 21
35.9539
  0
LINE
  8
0
 10
107.216
 20
35.9539
 11
107.257
 21
35.9593
  0
LINE
  8
0
 10
107.257
 20
35.9593
 11
107.297
 21
35.9664
  0
LINE
  8
0
 10
107.297
 20
35.9664
 11
107.337
 21
35.9753
  0
LINE
  8
0
 10
107.337
 20
35.9753
 11
107.377
 21
35.9853
  0
LINE
  8
0
 10
107.377
 20
35.9853
 11
107.461
 21
36.0055
  0
LINE
  8
0
 10
107.461
 20
36.0055
 11
107.461
 21
36.3914
  0
LINE
  8
0
 10
107.461
 20
36.3914
 11
107.348
 21
36.3747
  0
LINE
  8
0
 10
107.348
 20
36.3747
 11
107.297
 21
36.3723
  0
LINE
  8
0
 10
107.297
 20
36.3723
 11
107.239
 21
36.3845
  0
LINE
  8
0
 10
107.239
 20
36.3845
 11
107.207
 21
36.415
  0
LINE
  8
0
 10
107.207
 20
36.415
 11
107.183
 21
36.4892
  0
LINE
  8
0
 10
107.183
 20
36.4892
 11
107.174
 21
36.6276
  0
LINE
  8
0
 10
107.174
 20
36.6276
 11
107.174
 21
37.3781
  0
LINE
  8
0
 10
107.174
 20
37.3781
 11
107.119
 21
37.7059
  0
LINE
  8
0
 10
107.119
 20
37.7059
 11
106.948
 21
37.9567
  0
LINE
  8
0
 10
106.948
 20
37.9567
 11
106.674
 21
38.1109
  0
LINE
  8
0
 10
106.674
 20
38.1109
 11
106.314
 21
38.161
  0
LINE
  8
0
 10
106.314
 20
38.161
 11
105.955
 21
38.1208
  0
LINE
  8
0
 10
105.955
 20
38.1208
 11
105.675
 21
37.9976
  0
LINE
  8
0
 10
105.675
 20
37.9976
 11
105.481
 21
37.7915
  0
LINE
  8
0
 10
105.481
 20
37.7915
 11
105.361
 21
37.4545
  0
LINE
  8
0
 10
105.361
 20
37.4545
 11
106.026
 21
37.4226
  0
LINE
  8
0
 10
106.026
 20
37.4226
 11
106.064
 21
37.5889
  0
LINE
  8
0
 10
106.064
 20
37.5889
 11
106.109
 21
37.6604
  0
LINE
  8
0
 10
106.109
 20
37.6604
 11
106.178
 21
37.6999
  0
LINE
  8
0
 10
106.178
 20
37.6999
 11
106.289
 21
37.7145
  0
LINE
  8
0
 10
106.289
 20
37.7145
 11
106.407
 21
37.6936
  0
LINE
  8
0
 10
106.407
 20
37.6936
 11
106.479
 21
37.636
  0
LINE
  8
0
 10
106.479
 20
37.636
 11
106.524
 21
37.531
  0
LINE
  8
0
 10
106.524
 20
37.531
 11
106.54
 21
37.3659
  0
LINE
  8
0
 10
106.54
 20
37.3659
 11
106.54
 21
37.313
  0
LINE
  8
0
 10
106.54
 20
37.313
 11
106.144
 21
37.3062
  0
LINE
  8
0
 10
106.144
 20
37.3062
 11
105.785
 21
37.2601
  0
LINE
  8
0
 10
105.785
 20
37.2601
 11
105.513
 21
37.1249
  0
LINE
  8
0
 10
105.513
 20
37.1249
 11
105.342
 21
36.9011
  0
LINE
  8
0
 10
105.342
 20
36.9011
 11
105.287
 21
36.5999
  0
LINE
  8
0
 10
105.287
 20
36.5999
 11
105.331
 21
36.3198
  0
LINE
  8
0
 10
105.331
 20
36.3198
 11
105.469
 21
36.1059
  0
LINE
  8
0
 10
105.469
 20
36.1059
 11
105.687
 21
35.973
  0
LINE
  8
0
 10
105.687
 20
35.973
 11
105.972
 21
35.9293
  0
LINE
  8
0
 10
105.972
 20
35.9293
 11
106.391
 21
36.0366
  0
LINE
  8
0
 10
106.059
 20
36.4176
 11
105.999
 21
36.4584
  0
LINE
  8
0
 10
105.999
 20
36.4584
 11
105.959
 21
36.5297
  0
LINE
  8
0
 10
105.959
 20
36.5297
 11
105.944
 21
36.6419
  0
LINE
  8
0
 10
105.944
 20
36.6419
 11
105.953
 21
36.732
  0
LINE
  8
0
 10
105.953
 20
36.732
 11
105.978
 21
36.7976
  0
LINE
  8
0
 10
105.978
 20
36.7976
 11
106.018
 21
36.8445
  0
LINE
  8
0
 10
106.018
 20
36.8445
 11
106.073
 21
36.8783
  0
LINE
  8
0
 10
106.073
 20
36.8783
 11
106.167
 21
36.9023
  0
LINE
  8
0
 10
106.167
 20
36.9023
 11
106.32
 21
36.9158
  0
LINE
  8
0
 10
106.32
 20
36.9158
 11
106.54
 21
36.9188
  0
LINE
  8
0
 10
106.54
 20
36.9188
 11
106.54
 21
36.8678
  0
LINE
  8
0
 10
106.54
 20
36.8678
 11
106.527
 21
36.7452
  0
LINE
  8
0
 10
106.527
 20
36.7452
 11
106.487
 21
36.6321
  0
LINE
  8
0
 10
106.487
 20
36.6321
 11
106.423
 21
36.5352
  0
LINE
  8
0
 10
106.423
 20
36.5352
 11
106.342
 21
36.463
  0
LINE
  8
0
 10
106.342
 20
36.463
 11
106.246
 21
36.418
  0
LINE
  8
0
 10
106.246
 20
36.418
 11
106.141
 21
36.4031
  0
LINE
  8
0
 10
106.141
 20
36.4031
 11
106.059
 21
36.4176
  0
LINE
  8
0
 10
69.0387
 20
36.0366
 11
69.2744
 21
36.291
  0
LINE
  8
0
 10
69.2744
 20
36.291
 11
69.2958
 21
36.1968
  0
LINE
  8
0
 10
69.2958
 20
36.1968
 11
69.3833
 21
36.0576
  0
LINE
  8
0
 10
69.3833
 20
36.0576
 11
69.5244
 21
35.9721
  0
LINE
  8
0
 10
69.5244
 20
35.9721
 11
69.7134
 21
35.9454
  0
LINE
  8
0
 10
69.7134
 20
35.9454
 11
69.7719
 21
35.9464
  0
LINE
  8
0
 10
69.7719
 20
35.9464
 11
69.8203
 21
35.9494
  0
LINE
  8
0
 10
69.8203
 20
35.9494
 11
69.8636
 21
35.9539
  0
LINE
  8
0
 10
69.8636
 20
35.9539
 11
69.9045
 21
35.9593
  0
LINE
  8
0
 10
69.9045
 20
35.9593
 11
69.9447
 21
35.9664
  0
LINE
  8
0
 10
69.9447
 20
35.9664
 11
69.9843
 21
35.9753
  0
LINE
  8
0
 10
69.9843
 20
35.9753
 11
70.0249
 21
35.9853
  0
LINE
  8
0
 10
70.0249
 20
35.9853
 11
70.1083
 21
36.0055
  0
LINE
  8
0
 10
70.1083
 20
36.0055
 11
70.1083
 21
36.3914
  0
LINE
  8
0
 10
70.1083
 20
36.3914
 11
69.9955
 21
36.3747
  0
LINE
  8
0
 10
69.9955
 20
36.3747
 11
69.9446
 21
36.3723
  0
LINE
  8
0
 10
69.9446
 20
36.3723
 11
69.8866
 21
36.3845
  0
LINE
  8
0
 10
69.8866
 20
36.3845
 11
69.8542
 21
36.415
  0
LINE
  8
0
 10
69.8542
 20
36.415
 11
69.8308
 21
36.4892
  0
LINE
  8
0
 10
69.8308
 20
36.4892
 11
69.8216
 21
36.6276
  0
LINE
  8
0
 10
69.8216
 20
36.6276
 11
69.8216
 21
37.3781
  0
LINE
  8
0
 10
69.8216
 20
37.3781
 11
69.7664
 21
37.7059
  0
LINE
  8
0
 10
69.7664
 20
37.7059
 11
69.5956
 21
37.9567
  0
LINE
  8
0
 10
69.5956
 20
37.9567
 11
69.3217
 21
38.1109
  0
LINE
  8
0
 10
69.3217
 20
38.1109
 11
68.9615
 21
38.161
  0
LINE
  8
0
 10
68.9615
 20
38.161
 11
68.6028
 21
38.1208
  0
LINE
  8
0
 10
68.6028
 20
38.1208
 11
68.3228
 21
37.9976
  0
LINE
  8
0
 10
68.3228
 20
37.9976
 11
68.1286
 21
37.7915
  0
LINE
  8
0
 10
68.1286
 20
37.7915
 11
68.0081
 21
37.4545
  0
LINE
  8
0
 10
68.0081
 20
37.4545
 11
68.6738
 21
37.4226
  0
LINE
  8
0
 10
68.6738
 20
37.4226
 11
68.7113
 21
37.5889
  0
LINE
  8
0
 10
68.7113
 20
37.5889
 11
68.7562
 21
37.6604
  0
LINE
  8
0
 10
68.7562
 20
37.6604
 11
68.8258
 21
37.6999
  0
LINE
  8
0
 10
68.8258
 20
37.6999
 11
68.9369
 21
37.7145
  0
LINE
  8
0
 10
68.9369
 20
37.7145
 11
69.054
 21
37.6936
  0
LINE
  8
0
 10
69.054
 20
37.6936
 11
69.1267
 21
37.636
  0
LINE
  8
0
 10
69.1267
 20
37.636
 11
69.1715
 21
37.531
  0
LINE
  8
0
 10
69.1715
 20
37.531
 11
69.188
 21
37.3659
  0
LINE
  8
0
 10
69.188
 20
37.3659
 11
69.188
 21
37.313
  0
LINE
  8
0
 10
69.188
 20
37.313
 11
68.792
 21
37.3062
  0
LINE
  8
0
 10
68.792
 20
37.3062
 11
68.4327
 21
37.2601
  0
LINE
  8
0
 10
68.4327
 20
37.2601
 11
68.16
 21
37.1249
  0
LINE
  8
0
 10
68.16
 20
37.1249
 11
67.9898
 21
36.9011
  0
LINE
  8
0
 10
67.9898
 20
36.9011
 11
67.9341
 21
36.5999
  0
LINE
  8
0
 10
67.9341
 20
36.5999
 11
67.9789
 21
36.3198
  0
LINE
  8
0
 10
67.9789
 20
36.3198
 11
68.1161
 21
36.1059
  0
LINE
  8
0
 10
68.1161
 20
36.1059
 11
68.3343
 21
35.973
  0
LINE
  8
0
 10
68.3343
 20
35.973
 11
68.6196
 21
35.9293
  0
LINE
  8
0
 10
68.6196
 20
35.9293
 11
69.0387
 21
36.0366
  0
LINE
  8
0
 10
68.7064
 20
36.4176
 11
68.6464
 21
36.4584
  0
LINE
  8
0
 10
68.6464
 20
36.4584
 11
68.6063
 21
36.5297
  0
LINE
  8
0
 10
68.6063
 20
36.5297
 11
68.5915
 21
36.6419
  0
LINE
  8
0
 10
68.5915
 20
36.6419
 11
68.6005
 21
36.732
  0
LINE
  8
0
 10
68.6005
 20
36.732
 11
68.6257
 21
36.7976
  0
LINE
  8
0
 10
68.6257
 20
36.7976
 11
68.6651
 21
36.8445
  0
LINE
  8
0
 10
68.6651
 20
36.8445
 11
68.7204
 21
36.8783
  0
LINE
  8
0
 10
68.7204
 20
36.8783
 11
68.8141
 21
36.9023
  0
LINE
  8
0
 10
68.8141
 20
36.9023
 11
68.9672
 21
36.9158
  0
LINE
  8
0
 10
68.9672
 20
36.9158
 11
69.188
 21
36.9188
  0
LINE
  8
0
 10
69.188
 20
36.9188
 11
69.188
 21
36.8678
  0
LINE
  8
0
 10
69.188
 20
36.8678
 11
69.1743
 21
36.7452
  0
LINE
  8
0
 10
69.1743
 20
36.7452
 11
69.134
 21
36.632
  0
LINE
  8
0
 10
69.134
 20
36.632
 11
69.071
 21
36.5352
  0
LINE
  8
0
 10
69.071
 20
36.5352
 11
68.9891
 21
36.463
  0
LINE
  8
0
 10
68.9891
 20
36.463
 11
68.8934
 21
36.418
  0
LINE
  8
0
 10
68.8934
 20
36.418
 11
68.7888
 21
36.4031
  0
LINE
  8
0
 10
68.7888
 20
36.4031
 11
68.7064
 21
36.4176
  0
LINE
  8
0
 10
55.1982
 20
37.2556
 11
55.2451
 21
37.4578
  0
LINE
  8
0
 10
55.2451
 20
37.4578
 11
55.255
 21
37.409
  0
LINE
  8
0
 10
55.255
 20
37.409
 11
55.289
 21
37.2596
  0
LINE
  8
0
 10
55.289
 20
37.2596
 11
55.6256
 21
35.9683
  0
LINE
  8
0
 10
55.6256
 20
35.9683
 11
56.2667
 21
35.9683
  0
LINE
  8
0
 10
56.2667
 20
35.9683
 11
56.8322
 21
38.1227
  0
LINE
  8
0
 10
56.8322
 20
38.1227
 11
56.2337
 21
38.1227
  0
LINE
  8
0
 10
56.2337
 20
38.1227
 11
55.9287
 21
36.7637
  0
LINE
  8
0
 10
55.9287
 20
36.7637
 11
55.9253
 21
36.7478
  0
LINE
  8
0
 10
55.9253
 20
36.7478
 11
55.895
 21
36.8771
  0
LINE
  8
0
 10
55.895
 20
36.8771
 11
55.5699
 21
38.1227
  0
LINE
  8
0
 10
55.5699
 20
38.1227
 11
54.9214
 21
38.1227
  0
LINE
  8
0
 10
54.9214
 20
38.1227
 11
54.5883
 21
36.8768
  0
LINE
  8
0
 10
54.5883
 20
36.8768
 11
54.561
 21
36.7489
  0
LINE
  8
0
 10
54.561
 20
36.7489
 11
54.2654
 21
38.1227
  0
LINE
  8
0
 10
54.2654
 20
38.1227
 11
53.6591
 21
38.1227
  0
LINE
  8
0
 10
53.6591
 20
38.1227
 11
54.2166
 21
35.9683
  0
LINE
  8
0
 10
54.2166
 20
35.9683
 11
54.8578
 21
35.9683
  0
LINE
  8
0
 10
54.8578
 20
35.9683
 11
55.1982
 21
37.2556
  0
LINE
  8
0
 10
125.226
 20
36.4575
 11
124.222
 21
36.4575
  0
LINE
  8
0
 10
124.222
 20
36.4575
 11
125.133
 21
37.6744
  0
LINE
  8
0
 10
125.133
 20
37.6744
 11
125.133
 21
38.1227
  0
LINE
  8
0
 10
125.133
 20
38.1227
 11
123.556
 21
38.1227
  0
LINE
  8
0
 10
123.556
 20
38.1227
 11
123.556
 21
37.6372
  0
LINE
  8
0
 10
123.556
 20
37.6372
 11
124.394
 21
37.6372
  0
LINE
  8
0
 10
124.394
 20
37.6372
 11
123.478
 21
36.4128
  0
LINE
  8
0
 10
123.478
 20
36.4128
 11
123.478
 21
35.9683
  0
LINE
  8
0
 10
123.478
 20
35.9683
 11
125.226
 21
35.9683
  0
LINE
  8
0
 10
125.226
 20
35.9683
 11
125.226
 21
36.4575
  0
LINE
  8
0
 10
29.8465
 20
36.4575
 11
28.8426
 21
36.4575
  0
LINE
  8
0
 10
28.8426
 20
36.4575
 11
29.7535
 21
37.6744
  0
LINE
  8
0
 10
29.7535
 20
37.6744
 11
29.7535
 21
38.1227
  0
LINE
  8
0
 10
29.7535
 20
38.1227
 11
28.1763
 21
38.1227
  0
LINE
  8
0
 10
28.1763
 20
38.1227
 11
28.1763
 21
37.6372
  0
LINE
  8
0
 10
28.1763
 20
37.6372
 11
29.015
 21
37.6372
  0
LINE
  8
0
 10
29.015
 20
37.6372
 11
28.0984
 21
36.4128
  0
LINE
  8
0
 10
28.0984
 20
36.4128
 11
28.0984
 21
35.9683
  0
LINE
  8
0
 10
28.0984
 20
35.9683
 11
29.8465
 21
35.9683
  0
LINE
  8
0
 10
29.8465
 20
35.9683
 11
29.8465
 21
36.4575
  0
LINE
  8
0
 10
57.5442
 20
38.1227
 11
56.9106
 21
38.1227
  0
LINE
  8
0
 10
56.9106
 20
38.1227
 11
56.9106
 21
35.9683
  0
LINE
  8
0
 10
56.9106
 20
35.9683
 11
57.5442
 21
35.9683
  0
LINE
  8
0
 10
57.5442
 20
35.9683
 11
57.5442
 21
38.1227
  0
LINE
  8
0
 10
98.4811
 20
38.1227
 11
97.8475
 21
38.1227
  0
LINE
  8
0
 10
97.8475
 20
38.1227
 11
97.8475
 21
35.9683
  0
LINE
  8
0
 10
97.8475
 20
35.9683
 11
98.4811
 21
35.9683
  0
LINE
  8
0
 10
98.4811
 20
35.9683
 11
98.4811
 21
38.1227
  0
LINE
  8
0
 10
49.9505
 20
38.1227
 11
49.317
 21
38.1227
  0
LINE
  8
0
 10
49.317
 20
38.1227
 11
49.317
 21
35.9683
  0
LINE
  8
0
 10
49.317
 20
35.9683
 11
49.9505
 21
35.9683
  0
LINE
  8
0
 10
49.9505
 20
35.9683
 11
49.9505
 21
38.1227
  0
LINE
  8
0
 10
42.9362
 20
35.2012
 11
43.1535
 21
35.3244
  0
LINE
  8
0
 10
43.1535
 20
35.3244
 11
43.3355
 21
35.5486
  0
LINE
  8
0
 10
43.3355
 20
35.5486
 11
43.5055
 21
35.89
  0
LINE
  8
0
 10
43.5055
 20
35.89
 11
44.3445
 21
38.1227
  0
LINE
  8
0
 10
44.3445
 20
38.1227
 11
43.6773
 21
38.1227
  0
LINE
  8
0
 10
43.6773
 20
38.1227
 11
43.3622
 21
37.1166
  0
LINE
  8
0
 10
43.3622
 20
37.1166
 11
43.2385
 21
36.6693
  0
LINE
  8
0
 10
43.2385
 20
36.6693
 11
43.2374
 21
36.6652
  0
LINE
  8
0
 10
43.2374
 20
36.6652
 11
43.1813
 21
36.8627
  0
LINE
  8
0
 10
43.1813
 20
36.8627
 11
43.095
 21
37.1257
  0
LINE
  8
0
 10
43.095
 20
37.1257
 11
42.7607
 21
38.1227
  0
LINE
  8
0
 10
42.7607
 20
38.1227
 11
42.087
 21
38.1227
  0
LINE
  8
0
 10
42.087
 20
38.1227
 11
42.9195
 21
36.0395
  0
LINE
  8
0
 10
42.9195
 20
36.0395
 11
42.8579
 21
35.8906
  0
LINE
  8
0
 10
42.8579
 20
35.8906
 11
42.7987
 21
35.7854
  0
LINE
  8
0
 10
42.7987
 20
35.7854
 11
42.7428
 21
35.7225
  0
LINE
  8
0
 10
42.7428
 20
35.7225
 11
42.6828
 21
35.6821
  0
LINE
  8
0
 10
42.6828
 20
35.6821
 11
42.6103
 21
35.6589
  0
LINE
  8
0
 10
42.6103
 20
35.6589
 11
42.5148
 21
35.6506
  0
LINE
  8
0
 10
42.5148
 20
35.6506
 11
42.432
 21
35.6542
  0
LINE
  8
0
 10
42.432
 20
35.6542
 11
42.2817
 21
35.672
  0
LINE
  8
0
 10
42.2817
 20
35.672
 11
42.2817
 21
35.1915
  0
LINE
  8
0
 10
42.2817
 20
35.1915
 11
42.4841
 21
35.1676
  0
LINE
  8
0
 10
42.4841
 20
35.1676
 11
42.6707
 21
35.1612
  0
LINE
  8
0
 10
42.6707
 20
35.1612
 11
42.9362
 21
35.2012
  0
LINE
  8
0
 10
62.1838
 20
38.1227
 11
61.5502
 21
38.1227
  0
LINE
  8
0
 10
61.5502
 20
38.1227
 11
61.5502
 21
35.9683
  0
LINE
  8
0
 10
61.5502
 20
35.9683
 11
62.1838
 21
35.9683
  0
LINE
  8
0
 10
62.1838
 20
35.9683
 11
62.1838
 21
38.1227
  0
LINE
  8
0
 10
128.488
 20
38.0904
 11
126.437
 21
38.0904
  0
LINE
  8
0
 10
126.437
 20
38.0904
 11
126.437
 21
37.567
  0
LINE
  8
0
 10
126.437
 20
37.567
 11
128.488
 21
37.567
  0
LINE
  8
0
 10
128.488
 20
37.567
 11
128.488
 21
38.0904
  0
LINE
  8
0
 10
88.2645
 20
38.0316
 11
87.6177
 21
38.0316
  0
LINE
  8
0
 10
87.6177
 20
38.0316
 11
87.6177
 21
37.3961
  0
LINE
  8
0
 10
87.6177
 20
37.3961
 11
88.2645
 21
37.3961
  0
LINE
  8
0
 10
88.2645
 20
37.3961
 11
88.2645
 21
38.0316
  0
LINE
  8
0
 10
116.113
 20
38.0316
 11
115.466
 21
38.0316
  0
LINE
  8
0
 10
115.466
 20
38.0316
 11
115.466
 21
37.3961
  0
LINE
  8
0
 10
115.466
 20
37.3961
 11
116.113
 21
37.3961
  0
LINE
  8
0
 10
116.113
 20
37.3961
 11
116.113
 21
38.0316
  0
LINE
  8
0
 10
128.488
 20
37.0404
 11
126.437
 21
37.0404
  0
LINE
  8
0
 10
126.437
 20
37.0404
 11
126.437
 21
36.5208
  0
LINE
  8
0
 10
126.437
 20
36.5208
 11
128.488
 21
36.5208
  0
LINE
  8
0
 10
128.488
 20
36.5208
 11
128.488
 21
37.0404
  0
LINE
  8
0
 10
30.6453
 20
35.5507
 11
30.7117
 21
35.7274
  0
LINE
  8
0
 10
30.7117
 20
35.7274
 11
30.7495
 21
35.9228
  0
LINE
  8
0
 10
30.7495
 20
35.9228
 11
30.7619
 21
36.1422
  0
LINE
  8
0
 10
30.7619
 20
36.1422
 11
30.7619
 21
36.6474
  0
LINE
  8
0
 10
30.7619
 20
36.6474
 11
30.1131
 21
36.6474
  0
LINE
  8
0
 10
30.1131
 20
36.6474
 11
30.1131
 21
35.9683
  0
LINE
  8
0
 10
30.1131
 20
35.9683
 11
30.3518
 21
35.9683
  0
LINE
  8
0
 10
30.3518
 20
35.9683
 11
30.3414
 21
35.8807
  0
LINE
  8
0
 10
30.3414
 20
35.8807
 11
30.2916
 21
35.7322
  0
LINE
  8
0
 10
30.2916
 20
35.7322
 11
30.2144
 21
35.584
  0
LINE
  8
0
 10
30.2144
 20
35.584
 11
30.0581
 21
35.3663
  0
LINE
  8
0
 10
30.0581
 20
35.3663
 11
30.5352
 21
35.3663
  0
LINE
  8
0
 10
30.5352
 20
35.3663
 11
30.6453
 21
35.5507
  0
LINE
  8
0
 10
88.1479
 20
35.5507
 11
88.2144
 21
35.7274
  0
LINE
  8
0
 10
88.2144
 20
35.7274
 11
88.2521
 21
35.9228
  0
LINE
  8
0
 10
88.2521
 20
35.9228
 11
88.2645
 21
36.1422
  0
LINE
  8
0
 10
88.2645
 20
36.1422
 11
88.2645
 21
36.6018
  0
LINE
  8
0
 10
88.2645
 20
36.6018
 11
87.6177
 21
36.6018
  0
LINE
  8
0
 10
87.6177
 20
36.6018
 11
87.6177
 21
35.9683
  0
LINE
  8
0
 10
87.6177
 20
35.9683
 11
87.8564
 21
35.9683
  0
LINE
  8
0
 10
87.8564
 20
35.9683
 11
87.8471
 21
35.8887
  0
LINE
  8
0
 10
87.8471
 20
35.8887
 11
87.8008
 21
35.746
  0
LINE
  8
0
 10
87.8008
 20
35.746
 11
87.7246
 21
35.5966
  0
LINE
  8
0
 10
87.7246
 20
35.5966
 11
87.5643
 21
35.3663
  0
LINE
  8
0
 10
87.5643
 20
35.3663
 11
88.0378
 21
35.3663
  0
LINE
  8
0
 10
88.0378
 20
35.3663
 11
88.1479
 21
35.5507
  0
LINE
  8
0
 10
116.113
 20
36.6018
 11
115.466
 21
36.6018
  0
LINE
  8
0
 10
115.466
 20
36.6018
 11
115.466
 21
35.9683
  0
LINE
  8
0
 10
115.466
 20
35.9683
 11
116.113
 21
35.9683
  0
LINE
  8
0
 10
116.113
 20
35.9683
 11
116.113
 21
36.6018
  0
LINE
  8
0
 10
65.826
 20
30.6698
 11
66.2305
 21
30.6698
  0
LINE
  8
0
 10
66.2305
 20
30.6698
 11
66.2305
 21
31.1306
  0
LINE
  8
0
 10
66.2305
 20
31.1306
 11
65.826
 21
31.1306
  0
LINE
  8
0
 10
65.826
 20
31.1306
 11
65.826
 21
31.239
  0
LINE
  8
0
 10
65.826
 20
31.239
 11
65.8385
 21
31.3422
  0
LINE
  8
0
 10
65.8385
 20
31.3422
 11
65.8685
 21
31.3955
  0
LINE
  8
0
 10
65.8685
 20
31.3955
 11
65.9234
 21
31.4248
  0
LINE
  8
0
 10
65.9234
 20
31.4248
 11
66.0263
 21
31.4367
  0
LINE
  8
0
 10
66.0263
 20
31.4367
 11
66.0972
 21
31.4328
  0
LINE
  8
0
 10
66.0972
 20
31.4328
 11
66.2305
 21
31.4109
  0
LINE
  8
0
 10
66.2305
 20
31.4109
 11
66.2305
 21
31.8575
  0
LINE
  8
0
 10
66.2305
 20
31.8575
 11
66.0063
 21
31.8861
  0
LINE
  8
0
 10
66.0063
 20
31.8861
 11
65.8405
 21
31.894
  0
LINE
  8
0
 10
65.8405
 20
31.894
 11
65.5634
 21
31.8586
  0
LINE
  8
0
 10
65.5634
 20
31.8586
 11
65.3575
 21
31.7469
  0
LINE
  8
0
 10
65.3575
 20
31.7469
 11
65.2336
 21
31.5564
  0
LINE
  8
0
 10
65.2336
 20
31.5564
 11
65.1944
 21
31.2989
  0
LINE
  8
0
 10
65.1944
 20
31.2989
 11
65.1944
 21
31.1306
  0
LINE
  8
0
 10
65.1944
 20
31.1306
 11
64.8944
 21
31.1306
  0
LINE
  8
0
 10
64.8944
 20
31.1306
 11
64.8944
 21
30.6698
  0
LINE
  8
0
 10
64.8944
 20
30.6698
 11
65.1944
 21
30.6698
  0
LINE
  8
0
 10
65.1944
 20
30.6698
 11
65.1944
 21
28.9761
  0
LINE
  8
0
 10
65.1944
 20
28.9761
 11
65.826
 21
28.9761
  0
LINE
  8
0
 10
65.826
 20
28.9761
 11
65.826
 21
30.6698
  0
LINE
  8
0
 10
75.6483
 20
31.8939
 11
75.0147
 21
31.8939
  0
LINE
  8
0
 10
75.0147
 20
31.8939
 11
75.0147
 21
31.4008
  0
LINE
  8
0
 10
75.0147
 20
31.4008
 11
75.6483
 21
31.4008
  0
LINE
  8
0
 10
75.6483
 20
31.4008
 11
75.6483
 21
31.8939
  0
LINE
  8
0
 10
116.15
 20
31.8939
 11
115.516
 21
31.8939
  0
LINE
  8
0
 10
115.516
 20
31.8939
 11
115.516
 21
31.4008
  0
LINE
  8
0
 10
115.516
 20
31.4008
 11
116.15
 21
31.4008
  0
LINE
  8
0
 10
116.15
 20
31.4008
 11
116.15
 21
31.8939
  0
LINE
  8
0
 10
22.8953
 20
31.8939
 11
22.2617
 21
31.8939
  0
LINE
  8
0
 10
22.2617
 20
31.8939
 11
22.2617
 21
31.4008
  0
LINE
  8
0
 10
22.2617
 20
31.4008
 11
22.8953
 21
31.4008
  0
LINE
  8
0
 10
22.8953
 20
31.4008
 11
22.8953
 21
31.8939
  0
LINE
  8
0
 10
36.2538
 20
29.036
 11
36.4402
 21
29.2436
  0
LINE
  8
0
 10
36.4402
 20
29.2436
 11
36.4461
 21
29.165
  0
LINE
  8
0
 10
36.4461
 20
29.165
 11
36.456
 21
29.0695
  0
LINE
  8
0
 10
36.456
 20
29.0695
 11
36.4715
 21
28.9761
  0
LINE
  8
0
 10
36.4715
 20
28.9761
 11
37.0828
 21
28.9761
  0
LINE
  8
0
 10
37.0828
 20
28.9761
 11
37.0689
 21
29.269
  0
LINE
  8
0
 10
37.0689
 20
29.269
 11
37.0652
 21
29.4742
  0
LINE
  8
0
 10
37.0652
 20
29.4742
 11
37.0652
 21
31.8939
  0
LINE
  8
0
 10
37.0652
 20
31.8939
 11
36.4316
 21
31.8939
  0
LINE
  8
0
 10
36.4316
 20
31.8939
 11
36.4316
 21
31.0936
  0
LINE
  8
0
 10
36.4316
 20
31.0936
 11
36.4336
 21
30.9202
  0
LINE
  8
0
 10
36.4336
 20
30.9202
 11
36.4154
 21
30.9479
  0
LINE
  8
0
 10
36.4154
 20
30.9479
 11
36.2631
 21
31.0711
  0
LINE
  8
0
 10
36.2631
 20
31.0711
 11
36.0763
 21
31.1447
  0
LINE
  8
0
 10
36.0763
 20
31.1447
 11
35.8584
 21
31.1691
  0
LINE
  8
0
 10
35.8584
 20
31.1691
 11
35.5034
 21
31.0954
  0
LINE
  8
0
 10
35.5034
 20
31.0954
 11
35.2361
 21
30.8714
  0
LINE
  8
0
 10
35.2361
 20
30.8714
 11
35.0736
 21
30.5177
  0
LINE
  8
0
 10
35.0736
 20
30.5177
 11
35.0205
 21
30.0516
  0
LINE
  8
0
 10
35.0205
 20
30.0516
 11
35.0709
 21
29.591
  0
LINE
  8
0
 10
35.0709
 20
29.591
 11
35.225
 21
29.2381
  0
LINE
  8
0
 10
35.225
 20
29.2381
 11
35.4794
 21
29.0121
  0
LINE
  8
0
 10
35.4794
 20
29.0121
 11
35.8211
 21
28.9369
  0
LINE
  8
0
 10
35.8211
 20
28.9369
 11
36.2538
 21
29.036
  0
LINE
  8
0
 10
35.7766
 20
29.5599
 11
35.6776
 21
30.0543
  0
LINE
  8
0
 10
35.6776
 20
30.0543
 11
35.7026
 21
30.3519
  0
LINE
  8
0
 10
35.7026
 20
30.3519
 11
35.7749
 21
30.5546
  0
LINE
  8
0
 10
35.7749
 20
30.5546
 11
35.8887
 21
30.6669
  0
LINE
  8
0
 10
35.8887
 20
30.6669
 11
36.0505
 21
30.7045
  0
LINE
  8
0
 10
36.0505
 20
30.7045
 11
36.2157
 21
30.6656
  0
LINE
  8
0
 10
36.2157
 20
30.6656
 11
36.3354
 21
30.5484
  0
LINE
  8
0
 10
36.3354
 20
30.5484
 11
36.4123
 21
30.3473
  0
LINE
  8
0
 10
36.4123
 20
30.3473
 11
36.439
 21
30.0648
  0
LINE
  8
0
 10
36.439
 20
30.0648
 11
36.4111
 21
29.7738
  0
LINE
  8
0
 10
36.4111
 20
29.7738
 11
36.3306
 21
29.5658
  0
LINE
  8
0
 10
36.3306
 20
29.5658
 11
36.2084
 21
29.4442
  0
LINE
  8
0
 10
36.2084
 20
29.4442
 11
36.0539
 21
29.406
  0
LINE
  8
0
 10
36.0539
 20
29.406
 11
35.7766
 21
29.5599
  0
LINE
  8
0
 10
45.1177
 20
29.036
 11
45.3041
 21
29.2436
  0
LINE
  8
0
 10
45.3041
 20
29.2436
 11
45.3099
 21
29.165
  0
LINE
  8
0
 10
45.3099
 20
29.165
 11
45.3199
 21
29.0695
  0
LINE
  8
0
 10
45.3199
 20
29.0695
 11
45.3354
 21
28.9761
  0
LINE
  8
0
 10
45.3354
 20
28.9761
 11
45.9467
 21
28.9761
  0
LINE
  8
0
 10
45.9467
 20
28.9761
 11
45.9328
 21
29.269
  0
LINE
  8
0
 10
45.9328
 20
29.269
 11
45.929
 21
29.4742
  0
LINE
  8
0
 10
45.929
 20
29.4742
 11
45.929
 21
31.8939
  0
LINE
  8
0
 10
45.929
 20
31.8939
 11
45.2955
 21
31.8939
  0
LINE
  8
0
 10
45.2955
 20
31.8939
 11
45.2955
 21
31.0936
  0
LINE
  8
0
 10
45.2955
 20
31.0936
 11
45.2974
 21
30.9202
  0
LINE
  8
0
 10
45.2974
 20
30.9202
 11
45.2793
 21
30.9479
  0
LINE
  8
0
 10
45.2793
 20
30.9479
 11
45.127
 21
31.0711
  0
LINE
  8
0
 10
45.127
 20
31.0711
 11
44.9402
 21
31.1447
  0
LINE
  8
0
 10
44.9402
 20
31.1447
 11
44.7222
 21
31.1691
  0
LINE
  8
0
 10
44.7222
 20
31.1691
 11
44.3672
 21
31.0954
  0
LINE
  8
0
 10
44.3672
 20
31.0954
 11
44.1
 21
30.8714
  0
LINE
  8
0
 10
44.1
 20
30.8714
 11
43.9375
 21
30.5177
  0
LINE
  8
0
 10
43.9375
 20
30.5177
 11
43.8844
 21
30.0516
  0
LINE
  8
0
 10
43.8844
 20
30.0516
 11
43.9347
 21
29.591
  0
LINE
  8
0
 10
43.9347
 20
29.591
 11
44.0889
 21
29.2381
  0
LINE
  8
0
 10
44.0889
 20
29.2381
 11
44.3432
 21
29.0121
  0
LINE
  8
0
 10
44.3432
 20
29.0121
 11
44.6849
 21
28.9369
  0
LINE
  8
0
 10
44.6849
 20
28.9369
 11
45.1177
 21
29.036
  0
LINE
  8
0
 10
44.6404
 20
29.5599
 11
44.5415
 21
30.0543
  0
LINE
  8
0
 10
44.5415
 20
30.0543
 11
44.5664
 21
30.3519
  0
LINE
  8
0
 10
44.5664
 20
30.3519
 11
44.6387
 21
30.5546
  0
LINE
  8
0
 10
44.6387
 20
30.5546
 11
44.7525
 21
30.6669
  0
LINE
  8
0
 10
44.7525
 20
30.6669
 11
44.9144
 21
30.7045
  0
LINE
  8
0
 10
44.9144
 20
30.7045
 11
45.0795
 21
30.6656
  0
LINE
  8
0
 10
45.0795
 20
30.6656
 11
45.1992
 21
30.5484
  0
LINE
  8
0
 10
45.1992
 20
30.5484
 11
45.2762
 21
30.3473
  0
LINE
  8
0
 10
45.2762
 20
30.3473
 11
45.3029
 21
30.0648
  0
LINE
  8
0
 10
45.3029
 20
30.0648
 11
45.275
 21
29.7738
  0
LINE
  8
0
 10
45.275
 20
29.7738
 11
45.1944
 21
29.5658
  0
LINE
  8
0
 10
45.1944
 20
29.5658
 11
45.0723
 21
29.4442
  0
LINE
  8
0
 10
45.0723
 20
29.4442
 11
44.9177
 21
29.406
  0
LINE
  8
0
 10
44.9177
 20
29.406
 11
44.6404
 21
29.5599
  0
LINE
  8
0
 10
80.2879
 20
31.8939
 11
79.6544
 21
31.8939
  0
LINE
  8
0
 10
79.6544
 20
31.8939
 11
79.6544
 21
31.4008
  0
LINE
  8
0
 10
79.6544
 20
31.4008
 11
80.2879
 21
31.4008
  0
LINE
  8
0
 10
80.2879
 20
31.4008
 11
80.2879
 21
31.8939
  0
LINE
  8
0
 10
24.4378
 20
29.036
 11
24.6242
 21
29.2436
  0
LINE
  8
0
 10
24.6242
 20
29.2436
 11
24.6301
 21
29.165
  0
LINE
  8
0
 10
24.6301
 20
29.165
 11
24.64
 21
29.0695
  0
LINE
  8
0
 10
24.64
 20
29.0695
 11
24.6555
 21
28.9761
  0
LINE
  8
0
 10
24.6555
 20
28.9761
 11
25.2668
 21
28.9761
  0
LINE
  8
0
 10
25.2668
 20
28.9761
 11
25.2529
 21
29.269
  0
LINE
  8
0
 10
25.2529
 20
29.269
 11
25.2491
 21
29.4742
  0
LINE
  8
0
 10
25.2491
 20
29.4742
 11
25.2491
 21
31.8939
  0
LINE
  8
0
 10
25.2491
 20
31.8939
 11
24.6156
 21
31.8939
  0
LINE
  8
0
 10
24.6156
 20
31.8939
 11
24.6156
 21
31.0936
  0
LINE
  8
0
 10
24.6156
 20
31.0936
 11
24.6176
 21
30.9202
  0
LINE
  8
0
 10
24.6176
 20
30.9202
 11
24.5994
 21
30.9479
  0
LINE
  8
0
 10
24.5994
 20
30.9479
 11
24.4471
 21
31.0711
  0
LINE
  8
0
 10
24.4471
 20
31.0711
 11
24.2603
 21
31.1447
  0
LINE
  8
0
 10
24.2603
 20
31.1447
 11
24.0423
 21
31.1691
  0
LINE
  8
0
 10
24.0423
 20
31.1691
 11
23.6873
 21
31.0954
  0
LINE
  8
0
 10
23.6873
 20
31.0954
 11
23.4201
 21
30.8714
  0
LINE
  8
0
 10
23.4201
 20
30.8714
 11
23.2576
 21
30.5177
  0
LINE
  8
0
 10
23.2576
 20
30.5177
 11
23.2045
 21
30.0516
  0
LINE
  8
0
 10
23.2045
 20
30.0516
 11
23.2549
 21
29.591
  0
LINE
  8
0
 10
23.2549
 20
29.591
 11
23.409
 21
29.2381
  0
LINE
  8
0
 10
23.409
 20
29.2381
 11
23.6633
 21
29.0121
  0
LINE
  8
0
 10
23.6633
 20
29.0121
 11
24.0051
 21
28.9369
  0
LINE
  8
0
 10
24.0051
 20
28.9369
 11
24.4378
 21
29.036
  0
LINE
  8
0
 10
23.9605
 20
29.5599
 11
23.8616
 21
30.0543
  0
LINE
  8
0
 10
23.8616
 20
30.0543
 11
23.8865
 21
30.3519
  0
LINE
  8
0
 10
23.8865
 20
30.3519
 11
23.9588
 21
30.5546
  0
LINE
  8
0
 10
23.9588
 20
30.5546
 11
24.0726
 21
30.6669
  0
LINE
  8
0
 10
24.0726
 20
30.6669
 11
24.2345
 21
30.7045
  0
LINE
  8
0
 10
24.2345
 20
30.7045
 11
24.3997
 21
30.6656
  0
LINE
  8
0
 10
24.3997
 20
30.6656
 11
24.5193
 21
30.5484
  0
LINE
  8
0
 10
24.5193
 20
30.5484
 11
24.5963
 21
30.3473
  0
LINE
  8
0
 10
24.5963
 20
30.3473
 11
24.623
 21
30.0648
  0
LINE
  8
0
 10
24.623
 20
30.0648
 11
24.5951
 21
29.7738
  0
LINE
  8
0
 10
24.5951
 20
29.7738
 11
24.5146
 21
29.5658
  0
LINE
  8
0
 10
24.5146
 20
29.5658
 11
24.3924
 21
29.4442
  0
LINE
  8
0
 10
24.3924
 20
29.4442
 11
24.2379
 21
29.406
  0
LINE
  8
0
 10
24.2379
 20
29.406
 11
23.9605
 21
29.5599
  0
LINE
  8
0
 10
89.5672
 20
30.1224
 11
89.5955
 21
30.3481
  0
LINE
  8
0
 10
89.5955
 20
30.3481
 11
89.6769
 21
30.5215
  0
LINE
  8
0
 10
89.6769
 20
30.5215
 11
89.7973
 21
30.6307
  0
LINE
  8
0
 10
89.7973
 20
30.6307
 11
89.9423
 21
30.6651
  0
LINE
  8
0
 10
89.9423
 20
30.6651
 11
90.1796
 21
30.5483
  0
LINE
  8
0
 10
90.1796
 20
30.5483
 11
90.2647
 21
30.1712
  0
LINE
  8
0
 10
90.2647
 20
30.1712
 11
90.2647
 21
28.9761
  0
LINE
  8
0
 10
90.2647
 20
28.9761
 11
90.8963
 21
28.9761
  0
LINE
  8
0
 10
90.8963
 20
28.9761
 11
90.8963
 21
30.3318
  0
LINE
  8
0
 10
90.8963
 20
30.3318
 11
90.8511
 21
30.6848
  0
LINE
  8
0
 10
90.8511
 20
30.6848
 11
90.7103
 21
30.9512
  0
LINE
  8
0
 10
90.7103
 20
30.9512
 11
90.4787
 21
31.1155
  0
LINE
  8
0
 10
90.4787
 20
31.1155
 11
90.1716
 21
31.1691
  0
LINE
  8
0
 10
90.1716
 20
31.1691
 11
89.9465
 21
31.1406
  0
LINE
  8
0
 10
89.9465
 20
31.1406
 11
89.7532
 21
31.0545
  0
LINE
  8
0
 10
89.7532
 20
31.0545
 11
89.5924
 21
30.9054
  0
LINE
  8
0
 10
89.5924
 20
30.9054
 11
89.5627
 21
30.8559
  0
LINE
  8
0
 10
89.5627
 20
30.8559
 11
89.5634
 21
30.8684
  0
LINE
  8
0
 10
89.5634
 20
30.8684
 11
89.5672
 21
31.0744
  0
LINE
  8
0
 10
89.5672
 20
31.0744
 11
89.5672
 21
31.8939
  0
LINE
  8
0
 10
89.5672
 20
31.8939
 11
88.9336
 21
31.8939
  0
LINE
  8
0
 10
88.9336
 20
31.8939
 11
88.9336
 21
28.9761
  0
LINE
  8
0
 10
88.9336
 20
28.9761
 11
89.5672
 21
28.9761
  0
LINE
  8
0
 10
89.5672
 20
28.9761
 11
89.5672
 21
30.1224
  0
LINE
  8
0
 10
34.7113
 20
31.8939
 11
34.0777
 21
31.8939
  0
LINE
  8
0
 10
34.0777
 20
31.8939
 11
34.0777
 21
31.4008
  0
LINE
  8
0
 10
34.0777
 20
31.4008
 11
34.7113
 21
31.4008
  0
LINE
  8
0
 10
34.7113
 20
31.4008
 11
34.7113
 21
31.8939
  0
LINE
  8
0
 10
123.145
 20
29.0012
 11
123.448
 21
29.1952
  0
LINE
  8
0
 10
123.448
 20
29.1952
 11
123.639
 21
29.5025
  0
LINE
  8
0
 10
123.639
 20
29.5025
 11
123.702
 21
29.9013
  0
LINE
  8
0
 10
123.702
 20
29.9013
 11
123.647
 21
30.2686
  0
LINE
  8
0
 10
123.647
 20
30.2686
 11
123.48
 21
30.5552
  0
LINE
  8
0
 10
123.48
 20
30.5552
 11
123.215
 21
30.7386
  0
LINE
  8
0
 10
123.215
 20
30.7386
 11
122.876
 21
30.7988
  0
LINE
  8
0
 10
122.876
 20
30.7988
 11
122.682
 21
30.7784
  0
LINE
  8
0
 10
122.682
 20
30.7784
 11
122.508
 21
30.7173
  0
LINE
  8
0
 10
122.508
 20
30.7173
 11
122.361
 21
30.6169
  0
LINE
  8
0
 10
122.361
 20
30.6169
 11
122.356
 21
30.6106
  0
LINE
  8
0
 10
122.356
 20
30.6106
 11
122.373
 21
30.825
  0
LINE
  8
0
 10
122.373
 20
30.825
 11
122.46
 21
31.0793
  0
LINE
  8
0
 10
122.46
 20
31.0793
 11
122.589
 21
31.2219
  0
LINE
  8
0
 10
122.589
 20
31.2219
 11
122.752
 21
31.2676
  0
LINE
  8
0
 10
122.752
 20
31.2676
 11
122.926
 21
31.212
  0
LINE
  8
0
 10
122.926
 20
31.212
 11
123.05
 21
31.0018
  0
LINE
  8
0
 10
123.05
 20
31.0018
 11
123.649
 21
31.0855
  0
LINE
  8
0
 10
123.649
 20
31.0855
 11
123.512
 21
31.4266
  0
LINE
  8
0
 10
123.512
 20
31.4266
 11
123.332
 21
31.6319
  0
LINE
  8
0
 10
123.332
 20
31.6319
 11
123.083
 21
31.7524
  0
LINE
  8
0
 10
123.083
 20
31.7524
 11
122.762
 21
31.792
  0
LINE
  8
0
 10
122.762
 20
31.792
 11
122.318
 21
31.6971
  0
LINE
  8
0
 10
122.318
 20
31.6971
 11
121.987
 21
31.4099
  0
LINE
  8
0
 10
121.987
 20
31.4099
 11
121.787
 21
30.942
  0
LINE
  8
0
 10
121.787
 20
30.942
 11
121.721
 21
30.3019
  0
LINE
  8
0
 10
121.721
 20
30.3019
 11
121.786
 21
29.7172
  0
LINE
  8
0
 10
121.786
 20
29.7172
 11
121.984
 21
29.2879
  0
LINE
  8
0
 10
121.984
 20
29.2879
 11
122.311
 21
29.0244
  0
LINE
  8
0
 10
122.311
 20
29.0244
 11
122.75
 21
28.9374
  0
LINE
  8
0
 10
122.75
 20
28.9374
 11
123.145
 21
29.0012
  0
LINE
  8
0
 10
122.595
 20
29.488
 11
122.483
 21
29.5875
  0
LINE
  8
0
 10
122.483
 20
29.5875
 11
122.408
 21
29.7443
  0
LINE
  8
0
 10
122.408
 20
29.7443
 11
122.382
 21
29.9425
  0
LINE
  8
0
 10
122.382
 20
29.9425
 11
122.406
 21
30.0935
  0
LINE
  8
0
 10
122.406
 20
30.0935
 11
122.475
 21
30.2071
  0
LINE
  8
0
 10
122.475
 20
30.2071
 11
122.581
 21
30.2797
  0
LINE
  8
0
 10
122.581
 20
30.2797
 11
122.721
 21
30.3044
  0
LINE
  8
0
 10
122.721
 20
30.3044
 11
122.865
 21
30.278
  0
LINE
  8
0
 10
122.865
 20
30.278
 11
122.972
 21
30.2009
  0
LINE
  8
0
 10
122.972
 20
30.2009
 11
123.041
 21
30.0717
  0
LINE
  8
0
 10
123.041
 20
30.0717
 11
123.065
 21
29.8861
  0
LINE
  8
0
 10
123.065
 20
29.8861
 11
123.042
 21
29.6993
  0
LINE
  8
0
 10
123.042
 20
29.6993
 11
122.975
 21
29.5643
  0
LINE
  8
0
 10
122.975
 20
29.5643
 11
122.873
 21
29.4827
  0
LINE
  8
0
 10
122.873
 20
29.4827
 11
122.735
 21
29.4551
  0
LINE
  8
0
 10
122.735
 20
29.4551
 11
122.595
 21
29.488
  0
LINE
  8
0
 10
58.071
 20
29.5148
 11
56.8646
 21
29.5148
  0
LINE
  8
0
 10
56.8646
 20
29.5148
 11
56.8876
 21
29.5557
  0
LINE
  8
0
 10
56.8876
 20
29.5557
 11
56.9779
 21
29.6619
  0
LINE
  8
0
 10
56.9779
 20
29.6619
 11
57.0898
 21
29.7666
  0
LINE
  8
0
 10
57.0898
 20
29.7666
 11
57.2151
 21
29.872
  0
LINE
  8
0
 10
57.2151
 20
29.872
 11
57.3499
 21
29.9796
  0
LINE
  8
0
 10
57.3499
 20
29.9796
 11
57.4899
 21
30.0907
  0
LINE
  8
0
 10
57.4899
 20
30.0907
 11
57.6272
 21
30.2088
  0
LINE
  8
0
 10
57.6272
 20
30.2088
 11
57.7529
 21
30.3364
  0
LINE
  8
0
 10
57.7529
 20
30.3364
 11
57.8622
 21
30.4755
  0
LINE
  8
0
 10
57.8622
 20
30.4755
 11
57.9509
 21
30.6287
  0
LINE
  8
0
 10
57.9509
 20
30.6287
 11
58.0099
 21
30.7996
  0
LINE
  8
0
 10
58.0099
 20
30.7996
 11
58.0297
 21
30.9914
  0
LINE
  8
0
 10
58.0297
 20
30.9914
 11
57.9685
 21
31.3268
  0
LINE
  8
0
 10
57.9685
 20
31.3268
 11
57.7811
 21
31.5827
  0
LINE
  8
0
 10
57.7811
 20
31.5827
 11
57.4809
 21
31.7404
  0
LINE
  8
0
 10
57.4809
 20
31.7404
 11
57.0828
 21
31.7918
  0
LINE
  8
0
 10
57.0828
 20
31.7918
 11
56.7088
 21
31.7408
  0
LINE
  8
0
 10
56.7088
 20
31.7408
 11
56.4168
 21
31.5848
  0
LINE
  8
0
 10
56.4168
 20
31.5848
 11
56.2185
 21
31.329
  0
LINE
  8
0
 10
56.2185
 20
31.329
 11
56.1066
 21
30.9316
  0
LINE
  8
0
 10
56.1066
 20
30.9316
 11
56.7469
 21
30.8954
  0
LINE
  8
0
 10
56.7469
 20
30.8954
 11
56.7978
 21
31.0884
  0
LINE
  8
0
 10
56.7978
 20
31.0884
 11
56.8617
 21
31.1874
  0
LINE
  8
0
 10
56.8617
 20
31.1874
 11
56.9539
 21
31.2451
  0
LINE
  8
0
 10
56.9539
 20
31.2451
 11
57.0825
 21
31.2648
  0
LINE
  8
0
 10
57.0825
 20
31.2648
 11
57.3108
 21
31.1891
  0
LINE
  8
0
 10
57.3108
 20
31.1891
 11
57.3865
 21
30.9633
  0
LINE
  8
0
 10
57.3865
 20
30.9633
 11
57.3624
 21
30.8406
  0
LINE
  8
0
 10
57.3624
 20
30.8406
 11
57.2846
 21
30.706
  0
LINE
  8
0
 10
57.2846
 20
30.706
 11
57.1353
 21
30.544
  0
LINE
  8
0
 10
57.1353
 20
30.544
 11
56.8983
 21
30.3379
  0
LINE
  8
0
 10
56.8983
 20
30.3379
 11
56.6293
 21
30.104
  0
LINE
  8
0
 10
56.6293
 20
30.104
 11
56.4082
 21
29.8773
  0
LINE
  8
0
 10
56.4082
 20
29.8773
 11
56.2335
 21
29.6509
  0
LINE
  8
0
 10
56.2335
 20
29.6509
 11
56.0989
 21
29.4094
  0
LINE
  8
0
 10
56.0989
 20
29.4094
 11
56.0989
 21
28.9761
  0
LINE
  8
0
 10
56.0989
 20
28.9761
 11
58.071
 21
28.9761
  0
LINE
  8
0
 10
58.071
 20
28.9761
 11
58.071
 21
29.5148
  0
LINE
  8
0
 10
55.9589
 20
29.5148
 11
54.7525
 21
29.5148
  0
LINE
  8
0
 10
54.7525
 20
29.5148
 11
54.7755
 21
29.5557
  0
LINE
  8
0
 10
54.7755
 20
29.5557
 11
54.8657
 21
29.6618
  0
LINE
  8
0
 10
54.8657
 20
29.6618
 11
54.9778
 21
29.7668
  0
LINE
  8
0
 10
54.9778
 20
29.7668
 11
55.1033
 21
29.8723
  0
LINE
  8
0
 10
55.1033
 20
29.8723
 11
55.2378
 21
29.9796
  0
LINE
  8
0
 10
55.2378
 20
29.9796
 11
55.3778
 21
30.0907
  0
LINE
  8
0
 10
55.3778
 20
30.0907
 11
55.5151
 21
30.2088
  0
LINE
  8
0
 10
55.5151
 20
30.2088
 11
55.6408
 21
30.3364
  0
LINE
  8
0
 10
55.6408
 20
30.3364
 11
55.7501
 21
30.4755
  0
LINE
  8
0
 10
55.7501
 20
30.4755
 11
55.8388
 21
30.6287
  0
LINE
  8
0
 10
55.8388
 20
30.6287
 11
55.8978
 21
30.7996
  0
LINE
  8
0
 10
55.8978
 20
30.7996
 11
55.9176
 21
30.9914
  0
LINE
  8
0
 10
55.9176
 20
30.9914
 11
55.8563
 21
31.3268
  0
LINE
  8
0
 10
55.8563
 20
31.3268
 11
55.669
 21
31.5827
  0
LINE
  8
0
 10
55.669
 20
31.5827
 11
55.3688
 21
31.7404
  0
LINE
  8
0
 10
55.3688
 20
31.7404
 11
54.9707
 21
31.7918
  0
LINE
  8
0
 10
54.9707
 20
31.7918
 11
54.5966
 21
31.7408
  0
LINE
  8
0
 10
54.5966
 20
31.7408
 11
54.3047
 21
31.5848
  0
LINE
  8
0
 10
54.3047
 20
31.5848
 11
54.1064
 21
31.329
  0
LINE
  8
0
 10
54.1064
 20
31.329
 11
53.9945
 21
30.9316
  0
LINE
  8
0
 10
53.9945
 20
30.9316
 11
54.6348
 21
30.8954
  0
LINE
  8
0
 10
54.6348
 20
30.8954
 11
54.6857
 21
31.0884
  0
LINE
  8
0
 10
54.6857
 20
31.0884
 11
54.7496
 21
31.1874
  0
LINE
  8
0
 10
54.7496
 20
31.1874
 11
54.8418
 21
31.2451
  0
LINE
  8
0
 10
54.8418
 20
31.2451
 11
54.9704
 21
31.2648
  0
LINE
  8
0
 10
54.9704
 20
31.2648
 11
55.1987
 21
31.1891
  0
LINE
  8
0
 10
55.1987
 20
31.1891
 11
55.2744
 21
30.9633
  0
LINE
  8
0
 10
55.2744
 20
30.9633
 11
55.2503
 21
30.8406
  0
LINE
  8
0
 10
55.2503
 20
30.8406
 11
55.1725
 21
30.706
  0
LINE
  8
0
 10
55.1725
 20
30.706
 11
55.0232
 21
30.544
  0
LINE
  8
0
 10
55.0232
 20
30.544
 11
54.7862
 21
30.3379
  0
LINE
  8
0
 10
54.7862
 20
30.3379
 11
54.5172
 21
30.104
  0
LINE
  8
0
 10
54.5172
 20
30.104
 11
54.2961
 21
29.8773
  0
LINE
  8
0
 10
54.2961
 20
29.8773
 11
54.1214
 21
29.6509
  0
LINE
  8
0
 10
54.1214
 20
29.6509
 11
53.9867
 21
29.4094
  0
LINE
  8
0
 10
53.9867
 20
29.4094
 11
53.9867
 21
28.9761
  0
LINE
  8
0
 10
53.9867
 20
28.9761
 11
55.9589
 21
28.9761
  0
LINE
  8
0
 10
55.9589
 20
28.9761
 11
55.9589
 21
29.5148
  0
LINE
  8
0
 10
109.203
 20
30.123
 11
110.269
 21
30.123
  0
LINE
  8
0
 10
110.269
 20
30.123
 11
110.269
 21
28.9761
  0
LINE
  8
0
 10
110.269
 20
28.9761
 11
110.929
 21
28.9761
  0
LINE
  8
0
 10
110.929
 20
28.9761
 11
110.929
 21
31.7515
  0
LINE
  8
0
 10
110.929
 20
31.7515
 11
110.269
 21
31.7515
  0
LINE
  8
0
 10
110.269
 20
31.7515
 11
110.269
 21
30.6863
  0
LINE
  8
0
 10
110.269
 20
30.6863
 11
109.203
 21
30.6863
  0
LINE
  8
0
 10
109.203
 20
30.6863
 11
109.203
 21
31.7515
  0
LINE
  8
0
 10
109.203
 20
31.7515
 11
108.543
 21
31.7515
  0
LINE
  8
0
 10
108.543
 20
31.7515
 11
108.543
 21
28.9761
  0
LINE
  8
0
 10
108.543
 20
28.9761
 11
109.203
 21
28.9761
  0
LINE
  8
0
 10
109.203
 20
28.9761
 11
109.203
 21
30.123
  0
LINE
  8
0
 10
103.299
 20
29.9578
 11
104.668
 21
29.9578
  0
LINE
  8
0
 10
104.668
 20
29.9578
 11
104.668
 21
30.4907
  0
LINE
  8
0
 10
104.668
 20
30.4907
 11
103.299
 21
30.4907
  0
LINE
  8
0
 10
103.299
 20
30.4907
 11
103.299
 21
31.2186
  0
LINE
  8
0
 10
103.299
 20
31.2186
 11
104.712
 21
31.2186
  0
LINE
  8
0
 10
104.712
 20
31.2186
 11
104.712
 21
31.659
  0
LINE
  8
0
 10
104.712
 20
31.659
 11
105.403
 21
28.9761
  0
LINE
  8
0
 10
105.403
 20
28.9761
 11
106.146
 21
28.9761
  0
LINE
  8
0
 10
106.146
 20
28.9761
 11
106.444
 21
30.2549
  0
LINE
  8
0
 10
106.444
 20
30.2549
 11
106.56
 21
30.7557
  0
LINE
  8
0
 10
106.56
 20
30.7557
 11
106.582
 21
30.867
  0
LINE
  8
0
 10
106.582
 20
30.867
 11
106.586
 21
30.8435
  0
LINE
  8
0
 10
106.586
 20
30.8435
 11
106.648
 21
30.5625
  0
LINE
  8
0
 10
106.648
 20
30.5625
 11
107.02
 21
28.9761
  0
LINE
  8
0
 10
107.02
 20
28.9761
 11
107.763
 21
28.9761
  0
LINE
  8
0
 10
107.763
 20
28.9761
 11
108.48
 21
31.7515
  0
LINE
  8
0
 10
108.48
 20
31.7515
 11
107.807
 21
31.7515
  0
LINE
  8
0
 10
107.807
 20
31.7515
 11
107.476
 21
30.2241
  0
LINE
  8
0
 10
107.476
 20
30.2241
 11
107.382
 21
29.8151
  0
LINE
  8
0
 10
107.382
 20
29.8151
 11
107.344
 21
30.0266
  0
LINE
  8
0
 10
107.344
 20
30.0266
 11
107.291
 21
30.2882
  0
LINE
  8
0
 10
107.291
 20
30.2882
 11
106.943
 21
31.7515
  0
LINE
  8
0
 10
106.943
 20
31.7515
 11
106.237
 21
31.7515
  0
LINE
  8
0
 10
106.237
 20
31.7515
 11
105.969
 21
30.6016
  0
LINE
  8
0
 10
105.969
 20
30.6016
 11
105.849
 21
30.0706
  0
LINE
  8
0
 10
105.849
 20
30.0706
 11
105.798
 21
29.8239
  0
LINE
  8
0
 10
105.798
 20
29.8239
 11
105.794
 21
29.8035
  0
LINE
  8
0
 10
105.794
 20
29.8035
 11
105.756
 21
29.9842
  0
LINE
  8
0
 10
105.756
 20
29.9842
 11
105.36
 21
31.7515
  0
LINE
  8
0
 10
105.36
 20
31.7515
 11
102.639
 21
31.7515
  0
LINE
  8
0
 10
102.639
 20
31.7515
 11
102.639
 21
28.9761
  0
LINE
  8
0
 10
102.639
 20
28.9761
 11
103.299
 21
28.9761
  0
LINE
  8
0
 10
103.299
 20
28.9761
 11
103.299
 21
29.9578
  0
LINE
  8
0
 10
120.697
 20
29.3311
 11
120.748
 21
29.6195
  0
LINE
  8
0
 10
120.748
 20
29.6195
 11
120.828
 21
29.8967
  0
LINE
  8
0
 10
120.828
 20
29.8967
 11
120.934
 21
30.1672
  0
LINE
  8
0
 10
120.934
 20
30.1672
 11
121.062
 21
30.4342
  0
LINE
  8
0
 10
121.062
 20
30.4342
 11
121.211
 21
30.6999
  0
LINE
  8
0
 10
121.211
 20
30.6999
 11
121.376
 21
30.971
  0
LINE
  8
0
 10
121.376
 20
30.971
 11
121.559
 21
31.2637
  0
LINE
  8
0
 10
121.559
 20
31.2637
 11
121.559
 21
31.7515
  0
LINE
  8
0
 10
121.559
 20
31.7515
 11
119.634
 21
31.7515
  0
LINE
  8
0
 10
119.634
 20
31.7515
 11
119.634
 21
31.2128
  0
LINE
  8
0
 10
119.634
 20
31.2128
 11
120.92
 21
31.2128
  0
LINE
  8
0
 10
120.92
 20
31.2128
 11
120.603
 21
30.7355
  0
LINE
  8
0
 10
120.603
 20
30.7355
 11
120.369
 21
30.3317
  0
LINE
  8
0
 10
120.369
 20
30.3317
 11
120.221
 21
30.0062
  0
LINE
  8
0
 10
120.221
 20
30.0062
 11
120.112
 21
29.6858
  0
LINE
  8
0
 10
120.112
 20
29.6858
 11
120.045
 21
29.3616
  0
LINE
  8
0
 10
120.045
 20
29.3616
 11
120.02
 21
28.9761
  0
LINE
  8
0
 10
120.02
 20
28.9761
 11
120.677
 21
28.9761
  0
LINE
  8
0
 10
120.677
 20
28.9761
 11
120.697
 21
29.3311
  0
LINE
  8
0
 10
60.0516
 20
30.123
 11
61.1174
 21
30.123
  0
LINE
  8
0
 10
61.1174
 20
30.123
 11
61.1174
 21
28.9761
  0
LINE
  8
0
 10
61.1174
 20
28.9761
 11
61.7775
 21
28.9761
  0
LINE
  8
0
 10
61.7775
 20
28.9761
 11
61.7775
 21
31.7515
  0
LINE
  8
0
 10
61.7775
 20
31.7515
 11
61.1174
 21
31.7515
  0
LINE
  8
0
 10
61.1174
 20
31.7515
 11
61.1174
 21
30.6863
  0
LINE
  8
0
 10
61.1174
 20
30.6863
 11
60.0516
 21
30.6863
  0
LINE
  8
0
 10
60.0516
 20
30.6863
 11
60.0516
 21
31.7515
  0
LINE
  8
0
 10
60.0516
 20
31.7515
 11
59.3914
 21
31.7515
  0
LINE
  8
0
 10
59.3914
 20
31.7515
 11
59.3914
 21
28.9761
  0
LINE
  8
0
 10
59.3914
 20
28.9761
 11
60.0516
 21
28.9761
  0
LINE
  8
0
 10
60.0516
 20
28.9761
 11
60.0516
 21
30.123
  0
LINE
  8
0
 10
125.667
 20
30.123
 11
126.732
 21
30.123
  0
LINE
  8
0
 10
126.732
 20
30.123
 11
126.732
 21
28.9761
  0
LINE
  8
0
 10
126.732
 20
28.9761
 11
127.392
 21
28.9761
  0
LINE
  8
0
 10
127.392
 20
28.9761
 11
127.392
 21
31.7515
  0
LINE
  8
0
 10
127.392
 20
31.7515
 11
126.732
 21
31.7515
  0
LINE
  8
0
 10
126.732
 20
31.7515
 11
126.732
 21
30.6863
  0
LINE
  8
0
 10
126.732
 20
30.6863
 11
125.667
 21
30.6863
  0
LINE
  8
0
 10
125.667
 20
30.6863
 11
125.667
 21
31.7515
  0
LINE
  8
0
 10
125.667
 20
31.7515
 11
125.006
 21
31.7515
  0
LINE
  8
0
 10
125.006
 20
31.7515
 11
125.006
 21
28.9761
  0
LINE
  8
0
 10
125.006
 20
28.9761
 11
125.667
 21
28.9761
  0
LINE
  8
0
 10
125.667
 20
28.9761
 11
125.667
 21
30.123
  0
LINE
  8
0
 10
111.883
 20
30.6483
 11
111.879
 21
30.8079
  0
LINE
  8
0
 10
111.879
 20
30.8079
 11
111.966
 21
30.504
  0
LINE
  8
0
 10
111.966
 20
30.504
 11
112.46
 21
28.9761
  0
LINE
  8
0
 10
112.46
 20
28.9761
 11
112.931
 21
28.9761
  0
LINE
  8
0
 10
112.931
 20
28.9761
 11
113.425
 21
30.5038
  0
LINE
  8
0
 10
113.425
 20
30.5038
 11
113.507
 21
30.7836
  0
LINE
  8
0
 10
113.507
 20
30.7836
 11
113.51
 21
30.7918
  0
LINE
  8
0
 10
113.51
 20
30.7918
 11
113.508
 21
30.759
  0
LINE
  8
0
 10
113.508
 20
30.759
 11
113.508
 21
30.7031
  0
LINE
  8
0
 10
113.508
 20
30.7031
 11
113.507
 21
30.6478
  0
LINE
  8
0
 10
113.507
 20
30.6478
 11
113.507
 21
28.9761
  0
LINE
  8
0
 10
113.507
 20
28.9761
 11
114.105
 21
28.9761
  0
LINE
  8
0
 10
114.105
 20
28.9761
 11
114.105
 21
31.7515
  0
LINE
  8
0
 10
114.105
 20
31.7515
 11
113.272
 21
31.7515
  0
LINE
  8
0
 10
113.272
 20
31.7515
 11
112.769
 21
30.1454
  0
LINE
  8
0
 10
112.769
 20
30.1454
 11
112.7
 21
29.8964
  0
LINE
  8
0
 10
112.7
 20
29.8964
 11
112.654
 21
30.0741
  0
LINE
  8
0
 10
112.654
 20
30.0741
 11
112.612
 21
30.2198
  0
LINE
  8
0
 10
112.612
 20
30.2198
 11
112.122
 21
31.7515
  0
LINE
  8
0
 10
112.122
 20
31.7515
 11
111.286
 21
31.7515
  0
LINE
  8
0
 10
111.286
 20
31.7515
 11
111.286
 21
28.9761
  0
LINE
  8
0
 10
111.286
 20
28.9761
 11
111.883
 21
28.9761
  0
LINE
  8
0
 10
111.883
 20
28.9761
 11
111.883
 21
30.6483
  0
LINE
  8
0
 10
53.8943
 20
29.473
 11
53.281
 21
29.473
  0
LINE
  8
0
 10
53.281
 20
29.473
 11
53.281
 21
31.7515
  0
LINE
  8
0
 10
53.281
 20
31.7515
 11
52.7111
 21
31.7515
  0
LINE
  8
0
 10
52.7111
 20
31.7515
 11
52.0056
 21
31.2938
  0
LINE
  8
0
 10
52.0056
 20
31.2938
 11
52.0056
 21
30.7569
  0
LINE
  8
0
 10
52.0056
 20
30.7569
 11
52.6474
 21
31.1575
  0
LINE
  8
0
 10
52.6474
 20
31.1575
 11
52.6474
 21
29.473
  0
LINE
  8
0
 10
52.6474
 20
29.473
 11
51.9848
 21
29.473
  0
LINE
  8
0
 10
51.9848
 20
29.473
 11
51.9848
 21
28.9761
  0
LINE
  8
0
 10
51.9848
 20
28.9761
 11
53.8943
 21
28.9761
  0
LINE
  8
0
 10
53.8943
 20
28.9761
 11
53.8943
 21
29.473
  0
LINE
  8
0
 10
79.2117
 20
28.9585
 11
79.4657
 21
29.0167
  0
LINE
  8
0
 10
79.4657
 20
29.0167
 11
79.4657
 21
29.4475
  0
LINE
  8
0
 10
79.4657
 20
29.4475
 11
79.306
 21
29.4165
  0
LINE
  8
0
 10
79.306
 20
29.4165
 11
79.2393
 21
29.4107
  0
LINE
  8
0
 10
79.2393
 20
29.4107
 11
79.1533
 21
29.4254
  0
LINE
  8
0
 10
79.1533
 20
29.4254
 11
79.1005
 21
29.4643
  0
LINE
  8
0
 10
79.1005
 20
29.4643
 11
79.0667
 21
29.5362
  0
LINE
  8
0
 10
79.0667
 20
29.5362
 11
79.0536
 21
29.6553
  0
LINE
  8
0
 10
79.0536
 20
29.6553
 11
79.0536
 21
30.6698
  0
LINE
  8
0
 10
79.0536
 20
30.6698
 11
79.4429
 21
30.6698
  0
LINE
  8
0
 10
79.4429
 20
30.6698
 11
79.4429
 21
31.1306
  0
LINE
  8
0
 10
79.4429
 20
31.1306
 11
79.0536
 21
31.1306
  0
LINE
  8
0
 10
79.0536
 20
31.1306
 11
79.0536
 21
31.6129
  0
LINE
  8
0
 10
79.0536
 20
31.6129
 11
78.6339
 21
31.6129
  0
LINE
  8
0
 10
78.6339
 20
31.6129
 11
78.4668
 21
31.1306
  0
LINE
  8
0
 10
78.4668
 20
31.1306
 11
78.1656
 21
31.1306
  0
LINE
  8
0
 10
78.1656
 20
31.1306
 11
78.1656
 21
30.6698
  0
LINE
  8
0
 10
78.1656
 20
30.6698
 11
78.4258
 21
30.6698
  0
LINE
  8
0
 10
78.4258
 20
30.6698
 11
78.4258
 21
29.5049
  0
LINE
  8
0
 10
78.4258
 20
29.5049
 11
78.4595
 21
29.2644
  0
LINE
  8
0
 10
78.4595
 20
29.2644
 11
78.5662
 21
29.0841
  0
LINE
  8
0
 10
78.5662
 20
29.0841
 11
78.7395
 21
28.9761
  0
LINE
  8
0
 10
78.7395
 20
28.9761
 11
78.9635
 21
28.9417
  0
LINE
  8
0
 10
78.9635
 20
28.9417
 11
79.2117
 21
28.9585
  0
LINE
  8
0
 10
88.491
 20
28.9585
 11
88.7449
 21
29.0167
  0
LINE
  8
0
 10
88.7449
 20
29.0167
 11
88.7449
 21
29.4475
  0
LINE
  8
0
 10
88.7449
 20
29.4475
 11
88.5853
 21
29.4165
  0
LINE
  8
0
 10
88.5853
 20
29.4165
 11
88.5185
 21
29.4107
  0
LINE
  8
0
 10
88.5185
 20
29.4107
 11
88.4326
 21
29.4254
  0
LINE
  8
0
 10
88.4326
 20
29.4254
 11
88.3797
 21
29.4643
  0
LINE
  8
0
 10
88.3797
 20
29.4643
 11
88.3459
 21
29.5362
  0
LINE
  8
0
 10
88.3459
 20
29.5362
 11
88.3329
 21
29.6553
  0
LINE
  8
0
 10
88.3329
 20
29.6553
 11
88.3329
 21
30.6698
  0
LINE
  8
0
 10
88.3329
 20
30.6698
 11
88.7221
 21
30.6698
  0
LINE
  8
0
 10
88.7221
 20
30.6698
 11
88.7221
 21
31.1306
  0
LINE
  8
0
 10
88.7221
 20
31.1306
 11
88.3329
 21
31.1306
  0
LINE
  8
0
 10
88.3329
 20
31.1306
 11
88.3329
 21
31.6129
  0
LINE
  8
0
 10
88.3329
 20
31.6129
 11
87.9131
 21
31.6129
  0
LINE
  8
0
 10
87.9131
 20
31.6129
 11
87.746
 21
31.1306
  0
LINE
  8
0
 10
87.746
 20
31.1306
 11
87.4449
 21
31.1306
  0
LINE
  8
0
 10
87.4449
 20
31.1306
 11
87.4449
 21
30.6698
  0
LINE
  8
0
 10
87.4449
 20
30.6698
 11
87.705
 21
30.6698
  0
LINE
  8
0
 10
87.705
 20
30.6698
 11
87.705
 21
29.5049
  0
LINE
  8
0
 10
87.705
 20
29.5049
 11
87.7387
 21
29.2644
  0
LINE
  8
0
 10
87.7387
 20
29.2644
 11
87.8454
 21
29.0841
  0
LINE
  8
0
 10
87.8454
 20
29.0841
 11
88.0188
 21
28.9761
  0
LINE
  8
0
 10
88.0188
 20
28.9761
 11
88.2428
 21
28.9417
  0
LINE
  8
0
 10
88.2428
 20
28.9417
 11
88.491
 21
28.9585
  0
LINE
  8
0
 10
48.1937
 20
28.9585
 11
48.4477
 21
29.0167
  0
LINE
  8
0
 10
48.4477
 20
29.0167
 11
48.4477
 21
29.4475
  0
LINE
  8
0
 10
48.4477
 20
29.4475
 11
48.2881
 21
29.4165
  0
LINE
  8
0
 10
48.2881
 20
29.4165
 11
48.2213
 21
29.4107
  0
LINE
  8
0
 10
48.2213
 20
29.4107
 11
48.1353
 21
29.4254
  0
LINE
  8
0
 10
48.1353
 20
29.4254
 11
48.0825
 21
29.4643
  0
LINE
  8
0
 10
48.0825
 20
29.4643
 11
48.0487
 21
29.5362
  0
LINE
  8
0
 10
48.0487
 20
29.5362
 11
48.0356
 21
29.6553
  0
LINE
  8
0
 10
48.0356
 20
29.6553
 11
48.0356
 21
30.6698
  0
LINE
  8
0
 10
48.0356
 20
30.6698
 11
48.4249
 21
30.6698
  0
LINE
  8
0
 10
48.4249
 20
30.6698
 11
48.4249
 21
31.1306
  0
LINE
  8
0
 10
48.4249
 20
31.1306
 11
48.0356
 21
31.1306
  0
LINE
  8
0
 10
48.0356
 20
31.1306
 11
48.0356
 21
31.6129
  0
LINE
  8
0
 10
48.0356
 20
31.6129
 11
47.6159
 21
31.6129
  0
LINE
  8
0
 10
47.6159
 20
31.6129
 11
47.4488
 21
31.1306
  0
LINE
  8
0
 10
47.4488
 20
31.1306
 11
47.1476
 21
31.1306
  0
LINE
  8
0
 10
47.1476
 20
31.1306
 11
47.1476
 21
30.6698
  0
LINE
  8
0
 10
47.1476
 20
30.6698
 11
47.4078
 21
30.6698
  0
LINE
  8
0
 10
47.4078
 20
30.6698
 11
47.4078
 21
29.5049
  0
LINE
  8
0
 10
47.4078
 20
29.5049
 11
47.4415
 21
29.2644
  0
LINE
  8
0
 10
47.4415
 20
29.2644
 11
47.5482
 21
29.0841
  0
LINE
  8
0
 10
47.5482
 20
29.0841
 11
47.7215
 21
28.9761
  0
LINE
  8
0
 10
47.7215
 20
28.9761
 11
47.9455
 21
28.9417
  0
LINE
  8
0
 10
47.9455
 20
28.9417
 11
48.1937
 21
28.9585
  0
LINE
  8
0
 10
95.2428
 20
28.9585
 11
95.4967
 21
29.0167
  0
LINE
  8
0
 10
95.4967
 20
29.0167
 11
95.4967
 21
29.4475
  0
LINE
  8
0
 10
95.4967
 20
29.4475
 11
95.3371
 21
29.4165
  0
LINE
  8
0
 10
95.3371
 20
29.4165
 11
95.2703
 21
29.4107
  0
LINE
  8
0
 10
95.2703
 20
29.4107
 11
95.1843
 21
29.4254
  0
LINE
  8
0
 10
95.1843
 20
29.4254
 11
95.1315
 21
29.4643
  0
LINE
  8
0
 10
95.1315
 20
29.4643
 11
95.0977
 21
29.5362
  0
LINE
  8
0
 10
95.0977
 20
29.5362
 11
95.0847
 21
29.6553
  0
LINE
  8
0
 10
95.0847
 20
29.6553
 11
95.0847
 21
30.6698
  0
LINE
  8
0
 10
95.0847
 20
30.6698
 11
95.4739
 21
30.6698
  0
LINE
  8
0
 10
95.4739
 20
30.6698
 11
95.4739
 21
31.1306
  0
LINE
  8
0
 10
95.4739
 20
31.1306
 11
95.0847
 21
31.1306
  0
LINE
  8
0
 10
95.0847
 20
31.1306
 11
95.0847
 21
31.6129
  0
LINE
  8
0
 10
95.0847
 20
31.6129
 11
94.6649
 21
31.6129
  0
LINE
  8
0
 10
94.6649
 20
31.6129
 11
94.4978
 21
31.1306
  0
LINE
  8
0
 10
94.4978
 20
31.1306
 11
94.1966
 21
31.1306
  0
LINE
  8
0
 10
94.1966
 20
31.1306
 11
94.1966
 21
30.6698
  0
LINE
  8
0
 10
94.1966
 20
30.6698
 11
94.4568
 21
30.6698
  0
LINE
  8
0
 10
94.4568
 20
30.6698
 11
94.4568
 21
29.5049
  0
LINE
  8
0
 10
94.4568
 20
29.5049
 11
94.4905
 21
29.2644
  0
LINE
  8
0
 10
94.4905
 20
29.2644
 11
94.5972
 21
29.0841
  0
LINE
  8
0
 10
94.5972
 20
29.0841
 11
94.7706
 21
28.9761
  0
LINE
  8
0
 10
94.7706
 20
28.9761
 11
94.9945
 21
28.9417
  0
LINE
  8
0
 10
94.9945
 20
28.9417
 11
95.2428
 21
28.9585
  0
LINE
  8
0
 10
71.8506
 20
29.0074
 11
71.8483
 21
29.1913
  0
LINE
  8
0
 10
71.8483
 20
29.1913
 11
71.8674
 21
29.1627
  0
LINE
  8
0
 10
71.8674
 20
29.1627
 11
72.0208
 21
29.0386
  0
LINE
  8
0
 10
72.0208
 20
29.0386
 11
72.2084
 21
28.9628
  0
LINE
  8
0
 10
72.2084
 20
28.9628
 11
72.4257
 21
28.9376
  0
LINE
  8
0
 10
72.4257
 20
28.9376
 11
72.7794
 21
29.0118
  0
LINE
  8
0
 10
72.7794
 20
29.0118
 11
73.0461
 21
29.2373
  0
LINE
  8
0
 10
73.0461
 20
29.2373
 11
73.2086
 21
29.5934
  0
LINE
  8
0
 10
73.2086
 20
29.5934
 11
73.2616
 21
30.0628
  0
LINE
  8
0
 10
73.2616
 20
30.0628
 11
73.2108
 21
30.5267
  0
LINE
  8
0
 10
73.2108
 20
30.5267
 11
73.0551
 21
30.8784
  0
LINE
  8
0
 10
73.0551
 20
30.8784
 11
72.7992
 21
31.1013
  0
LINE
  8
0
 10
72.7992
 20
31.1013
 11
72.4571
 21
31.1755
  0
LINE
  8
0
 10
72.4571
 20
31.1755
 11
72.0283
 21
31.0749
  0
LINE
  8
0
 10
72.0283
 20
31.0749
 11
71.8404
 21
30.8655
  0
LINE
  8
0
 10
71.8404
 20
30.8655
 11
71.8362
 21
30.9492
  0
LINE
  8
0
 10
71.8362
 20
30.9492
 11
71.8286
 21
31.0362
  0
LINE
  8
0
 10
71.8286
 20
31.0362
 11
71.8123
 21
31.1306
  0
LINE
  8
0
 10
71.8123
 20
31.1306
 11
71.199
 21
31.1306
  0
LINE
  8
0
 10
71.199
 20
31.1306
 11
71.2132
 21
30.8693
  0
LINE
  8
0
 10
71.2132
 20
30.8693
 11
71.217
 21
30.6078
  0
LINE
  8
0
 10
71.217
 20
30.6078
 11
71.217
 21
28.1692
  0
LINE
  8
0
 10
71.217
 20
28.1692
 11
71.8506
 21
28.1692
  0
LINE
  8
0
 10
71.8506
 20
28.1692
 11
71.8506
 21
29.0074
  0
LINE
  8
0
 10
72.0683
 20
29.4433
 11
71.9487
 21
29.562
  0
LINE
  8
0
 10
71.9487
 20
29.562
 11
71.8703
 21
29.7647
  0
LINE
  8
0
 10
71.8703
 20
29.7647
 11
71.8432
 21
30.0477
  0
LINE
  8
0
 10
71.8432
 20
30.0477
 11
71.8703
 21
30.3334
  0
LINE
  8
0
 10
71.8703
 20
30.3334
 11
71.9489
 21
30.5403
  0
LINE
  8
0
 10
71.9489
 20
30.5403
 11
72.0695
 21
30.6623
  0
LINE
  8
0
 10
72.0695
 20
30.6623
 11
72.2248
 21
30.7008
  0
LINE
  8
0
 10
72.2248
 20
30.7008
 11
72.5048
 21
30.5484
  0
LINE
  8
0
 10
72.5048
 20
30.5484
 11
72.604
 21
30.0627
  0
LINE
  8
0
 10
72.604
 20
30.0627
 11
72.5037
 21
29.5628
  0
LINE
  8
0
 10
72.5037
 20
29.5628
 11
72.2207
 21
29.4059
  0
LINE
  8
0
 10
72.2207
 20
29.4059
 11
72.0683
 21
29.4433
  0
LINE
  8
0
 10
26.9809
 20
28.2098
 11
27.3049
 21
28.3882
  0
LINE
  8
0
 10
27.3049
 20
28.3882
 11
27.5044
 21
28.685
  0
LINE
  8
0
 10
27.5044
 20
28.685
 11
27.569
 21
29.0848
  0
LINE
  8
0
 10
27.569
 20
29.0848
 11
27.569
 21
30.6059
  0
LINE
  8
0
 10
27.569
 20
30.6059
 11
27.5718
 21
30.8586
  0
LINE
  8
0
 10
27.5718
 20
30.8586
 11
27.5823
 21
31.1306
  0
LINE
  8
0
 10
27.5823
 20
31.1306
 11
26.9829
 21
31.1306
  0
LINE
  8
0
 10
26.9829
 20
31.1306
 11
26.9664
 21
31.0315
  0
LINE
  8
0
 10
26.9664
 20
31.0315
 11
26.9574
 21
30.9344
  0
LINE
  8
0
 10
26.9574
 20
30.9344
 11
26.9532
 21
30.8677
  0
LINE
  8
0
 10
26.9532
 20
30.8677
 11
26.7749
 21
31.0727
  0
LINE
  8
0
 10
26.7749
 20
31.0727
 11
26.3694
 21
31.1716
  0
LINE
  8
0
 10
26.3694
 20
31.1716
 11
26.0049
 21
31.0986
  0
LINE
  8
0
 10
26.0049
 20
31.0986
 11
25.7372
 21
30.8783
  0
LINE
  8
0
 10
25.7372
 20
30.8783
 11
25.5767
 21
30.5298
  0
LINE
  8
0
 10
25.5767
 20
30.5298
 11
25.5243
 21
30.0705
  0
LINE
  8
0
 10
25.5243
 20
30.0705
 11
25.5752
 21
29.6137
  0
LINE
  8
0
 10
25.5752
 20
29.6137
 11
25.7312
 21
29.2687
  0
LINE
  8
0
 10
25.7312
 20
29.2687
 11
25.9872
 21
29.0511
  0
LINE
  8
0
 10
25.9872
 20
29.0511
 11
26.3289
 21
28.9787
  0
LINE
  8
0
 10
26.3289
 20
28.9787
 11
26.7625
 21
29.0793
  0
LINE
  8
0
 10
26.7625
 20
29.0793
 11
26.9406
 21
29.2784
  0
LINE
  8
0
 10
26.9406
 20
29.2784
 11
26.9392
 21
29.2051
  0
LINE
  8
0
 10
26.9392
 20
29.2051
 11
26.9392
 21
29.0991
  0
LINE
  8
0
 10
26.9392
 20
29.0991
 11
26.9147
 21
28.8733
  0
LINE
  8
0
 10
26.9147
 20
28.8733
 11
26.8463
 21
28.722
  0
LINE
  8
0
 10
26.8463
 20
28.722
 11
26.7334
 21
28.6346
  0
LINE
  8
0
 10
26.7334
 20
28.6346
 11
26.5608
 21
28.6039
  0
LINE
  8
0
 10
26.5608
 20
28.6039
 11
26.4391
 21
28.6195
  0
LINE
  8
0
 10
26.4391
 20
28.6195
 11
26.3464
 21
28.6645
  0
LINE
  8
0
 10
26.3464
 20
28.6645
 11
26.2814
 21
28.7345
  0
LINE
  8
0
 10
26.2814
 20
28.7345
 11
26.2256
 21
28.8714
  0
LINE
  8
0
 10
26.2256
 20
28.8714
 11
25.5887
 21
28.7966
  0
LINE
  8
0
 10
25.5887
 20
28.7966
 11
25.7151
 21
28.4904
  0
LINE
  8
0
 10
25.7151
 20
28.4904
 11
25.9146
 21
28.3026
  0
LINE
  8
0
 10
25.9146
 20
28.3026
 11
26.1954
 21
28.1889
  0
LINE
  8
0
 10
26.1954
 20
28.1889
 11
26.5475
 21
28.1517
  0
LINE
  8
0
 10
26.5475
 20
28.1517
 11
26.9809
 21
28.2098
  0
LINE
  8
0
 10
26.2809
 20
29.601
 11
26.1821
 21
30.0705
  0
LINE
  8
0
 10
26.1821
 20
30.0705
 11
26.282
 21
30.55
  0
LINE
  8
0
 10
26.282
 20
30.55
 11
26.565
 21
30.7009
  0
LINE
  8
0
 10
26.565
 20
30.7009
 11
26.7181
 21
30.6642
  0
LINE
  8
0
 10
26.7181
 20
30.6642
 11
26.8375
 21
30.548
  0
LINE
  8
0
 10
26.8375
 20
30.548
 11
26.9157
 21
30.352
  0
LINE
  8
0
 10
26.9157
 20
30.352
 11
26.9428
 21
30.0817
  0
LINE
  8
0
 10
26.9428
 20
30.0817
 11
26.9157
 21
29.8043
  0
LINE
  8
0
 10
26.9157
 20
29.8043
 11
26.8375
 21
29.6061
  0
LINE
  8
0
 10
26.8375
 20
29.6061
 11
26.7173
 21
29.4901
  0
LINE
  8
0
 10
26.7173
 20
29.4901
 11
26.5612
 21
29.4532
  0
LINE
  8
0
 10
26.5612
 20
29.4532
 11
26.2809
 21
29.601
  0
LINE
  8
0
 10
84.3736
 20
28.2098
 11
84.6976
 21
28.3882
  0
LINE
  8
0
 10
84.6976
 20
28.3882
 11
84.897
 21
28.685
  0
LINE
  8
0
 10
84.897
 20
28.685
 11
84.9616
 21
29.0848
  0
LINE
  8
0
 10
84.9616
 20
29.0848
 11
84.9616
 21
30.6059
  0
LINE
  8
0
 10
84.9616
 20
30.6059
 11
84.9645
 21
30.8585
  0
LINE
  8
0
 10
84.9645
 20
30.8585
 11
84.975
 21
31.1306
  0
LINE
  8
0
 10
84.975
 20
31.1306
 11
84.3756
 21
31.1306
  0
LINE
  8
0
 10
84.3756
 20
31.1306
 11
84.3591
 21
31.0315
  0
LINE
  8
0
 10
84.3591
 20
31.0315
 11
84.3501
 21
30.9344
  0
LINE
  8
0
 10
84.3501
 20
30.9344
 11
84.3459
 21
30.8677
  0
LINE
  8
0
 10
84.3459
 20
30.8677
 11
84.1676
 21
31.0727
  0
LINE
  8
0
 10
84.1676
 20
31.0727
 11
83.7621
 21
31.1716
  0
LINE
  8
0
 10
83.7621
 20
31.1716
 11
83.3976
 21
31.0986
  0
LINE
  8
0
 10
83.3976
 20
31.0986
 11
83.1299
 21
30.8783
  0
LINE
  8
0
 10
83.1299
 20
30.8783
 11
82.9693
 21
30.5298
  0
LINE
  8
0
 10
82.9693
 20
30.5298
 11
82.917
 21
30.0705
  0
LINE
  8
0
 10
82.917
 20
30.0705
 11
82.9678
 21
29.6137
  0
LINE
  8
0
 10
82.9678
 20
29.6137
 11
83.1238
 21
29.2687
  0
LINE
  8
0
 10
83.1238
 20
29.2687
 11
83.3799
 21
29.0511
  0
LINE
  8
0
 10
83.3799
 20
29.0511
 11
83.7216
 21
28.9787
  0
LINE
  8
0
 10
83.7216
 20
28.9787
 11
84.1551
 21
29.0793
  0
LINE
  8
0
 10
84.1551
 20
29.0793
 11
84.3333
 21
29.2784
  0
LINE
  8
0
 10
84.3333
 20
29.2784
 11
84.3319
 21
29.2051
  0
LINE
  8
0
 10
84.3319
 20
29.2051
 11
84.3319
 21
29.0991
  0
LINE
  8
0
 10
84.3319
 20
29.0991
 11
84.3074
 21
28.8733
  0
LINE
  8
0
 10
84.3074
 20
28.8733
 11
84.2389
 21
28.722
  0
LINE
  8
0
 10
84.2389
 20
28.722
 11
84.126
 21
28.6346
  0
LINE
  8
0
 10
84.126
 20
28.6346
 11
83.9534
 21
28.6039
  0
LINE
  8
0
 10
83.9534
 20
28.6039
 11
83.8317
 21
28.6195
  0
LINE
  8
0
 10
83.8317
 20
28.6195
 11
83.739
 21
28.6645
  0
LINE
  8
0
 10
83.739
 20
28.6645
 11
83.674
 21
28.7345
  0
LINE
  8
0
 10
83.674
 20
28.7345
 11
83.6182
 21
28.8714
  0
LINE
  8
0
 10
83.6182
 20
28.8714
 11
82.9813
 21
28.7966
  0
LINE
  8
0
 10
82.9813
 20
28.7966
 11
83.1077
 21
28.4904
  0
LINE
  8
0
 10
83.1077
 20
28.4904
 11
83.3073
 21
28.3026
  0
LINE
  8
0
 10
83.3073
 20
28.3026
 11
83.588
 21
28.1889
  0
LINE
  8
0
 10
83.588
 20
28.1889
 11
83.9402
 21
28.1517
  0
LINE
  8
0
 10
83.9402
 20
28.1517
 11
84.3736
 21
28.2098
  0
LINE
  8
0
 10
83.6736
 20
29.601
 11
83.5747
 21
30.0705
  0
LINE
  8
0
 10
83.5747
 20
30.0705
 11
83.6746
 21
30.55
  0
LINE
  8
0
 10
83.6746
 20
30.55
 11
83.9576
 21
30.7009
  0
LINE
  8
0
 10
83.9576
 20
30.7009
 11
84.1107
 21
30.6642
  0
LINE
  8
0
 10
84.1107
 20
30.6642
 11
84.2302
 21
30.548
  0
LINE
  8
0
 10
84.2302
 20
30.548
 11
84.3084
 21
30.352
  0
LINE
  8
0
 10
84.3084
 20
30.352
 11
84.3354
 21
30.0817
  0
LINE
  8
0
 10
84.3354
 20
30.0817
 11
84.3083
 21
29.8043
  0
LINE
  8
0
 10
84.3083
 20
29.8043
 11
84.2302
 21
29.6061
  0
LINE
  8
0
 10
84.2302
 20
29.6061
 11
84.11
 21
29.4901
  0
LINE
  8
0
 10
84.11
 20
29.4901
 11
83.9538
 21
29.4532
  0
LINE
  8
0
 10
83.9538
 20
29.4532
 11
83.6736
 21
29.601
  0
LINE
  8
0
 10
76.7034
 20
30.1243
 11
76.7317
 21
30.35
  0
LINE
  8
0
 10
76.7317
 20
30.35
 11
76.8131
 21
30.5233
  0
LINE
  8
0
 10
76.8131
 20
30.5233
 11
76.9336
 21
30.6326
  0
LINE
  8
0
 10
76.9336
 20
30.6326
 11
77.0785
 21
30.667
  0
LINE
  8
0
 10
77.0785
 20
30.667
 11
77.3158
 21
30.5502
  0
LINE
  8
0
 10
77.3158
 20
30.5502
 11
77.4009
 21
30.1731
  0
LINE
  8
0
 10
77.4009
 20
30.1731
 11
77.4009
 21
28.9761
  0
LINE
  8
0
 10
77.4009
 20
28.9761
 11
78.0325
 21
28.9761
  0
LINE
  8
0
 10
78.0325
 20
28.9761
 11
78.0325
 21
30.3337
  0
LINE
  8
0
 10
78.0325
 20
30.3337
 11
77.9873
 21
30.6867
  0
LINE
  8
0
 10
77.9873
 20
30.6867
 11
77.8465
 21
30.9531
  0
LINE
  8
0
 10
77.8465
 20
30.9531
 11
77.6149
 21
31.1174
  0
LINE
  8
0
 10
77.6149
 20
31.1174
 11
77.3078
 21
31.171
  0
LINE
  8
0
 10
77.3078
 20
31.171
 11
77.0827
 21
31.1425
  0
LINE
  8
0
 10
77.0827
 20
31.1425
 11
76.8894
 21
31.0564
  0
LINE
  8
0
 10
76.8894
 20
31.0564
 11
76.7286
 21
30.9073
  0
LINE
  8
0
 10
76.7286
 20
30.9073
 11
76.682
 21
30.8296
  0
LINE
  8
0
 10
76.682
 20
30.8296
 11
76.6787
 21
30.8909
  0
LINE
  8
0
 10
76.6787
 20
30.8909
 11
76.67
 21
31.0185
  0
LINE
  8
0
 10
76.67
 20
31.0185
 11
76.6588
 21
31.1306
  0
LINE
  8
0
 10
76.6588
 20
31.1306
 11
76.0516
 21
31.1306
  0
LINE
  8
0
 10
76.0516
 20
31.1306
 11
76.0602
 21
30.9885
  0
LINE
  8
0
 10
76.0602
 20
30.9885
 11
76.0652
 21
30.8891
  0
LINE
  8
0
 10
76.0652
 20
30.8891
 11
76.0687
 21
30.7708
  0
LINE
  8
0
 10
76.0687
 20
30.7708
 11
76.0699
 21
30.6207
  0
LINE
  8
0
 10
76.0699
 20
30.6207
 11
76.0699
 21
28.9761
  0
LINE
  8
0
 10
76.0699
 20
28.9761
 11
76.7034
 21
28.9761
  0
LINE
  8
0
 10
76.7034
 20
28.9761
 11
76.7034
 21
30.1243
  0
LINE
  8
0
 10
40.1984
 20
30.1243
 11
40.2267
 21
30.35
  0
LINE
  8
0
 10
40.2267
 20
30.35
 11
40.308
 21
30.5233
  0
LINE
  8
0
 10
40.308
 20
30.5233
 11
40.4285
 21
30.6326
  0
LINE
  8
0
 10
40.4285
 20
30.6326
 11
40.5734
 21
30.667
  0
LINE
  8
0
 10
40.5734
 20
30.667
 11
40.8107
 21
30.5502
  0
LINE
  8
0
 10
40.8107
 20
30.5502
 11
40.8958
 21
30.1731
  0
LINE
  8
0
 10
40.8958
 20
30.1731
 11
40.8958
 21
28.9761
  0
LINE
  8
0
 10
40.8958
 20
28.9761
 11
41.5275
 21
28.9761
  0
LINE
  8
0
 10
41.5275
 20
28.9761
 11
41.5275
 21
30.3337
  0
LINE
  8
0
 10
41.5275
 20
30.3337
 11
41.4823
 21
30.6867
  0
LINE
  8
0
 10
41.4823
 20
30.6867
 11
41.3414
 21
30.9531
  0
LINE
  8
0
 10
41.3414
 20
30.9531
 11
41.1099
 21
31.1174
  0
LINE
  8
0
 10
41.1099
 20
31.1174
 11
40.8027
 21
31.171
  0
LINE
  8
0
 10
40.8027
 20
31.171
 11
40.5776
 21
31.1425
  0
LINE
  8
0
 10
40.5776
 20
31.1425
 11
40.3844
 21
31.0564
  0
LINE
  8
0
 10
40.3844
 20
31.0564
 11
40.2236
 21
30.9073
  0
LINE
  8
0
 10
40.2236
 20
30.9073
 11
40.1769
 21
30.8296
  0
LINE
  8
0
 10
40.1769
 20
30.8296
 11
40.1736
 21
30.8909
  0
LINE
  8
0
 10
40.1736
 20
30.8909
 11
40.165
 21
31.0185
  0
LINE
  8
0
 10
40.165
 20
31.0185
 11
40.1537
 21
31.1306
  0
LINE
  8
0
 10
40.1537
 20
31.1306
 11
39.5465
 21
31.1306
  0
LINE
  8
0
 10
39.5465
 20
31.1306
 11
39.5552
 21
30.9885
  0
LINE
  8
0
 10
39.5552
 20
30.9885
 11
39.5601
 21
30.8891
  0
LINE
  8
0
 10
39.5601
 20
30.8891
 11
39.5636
 21
30.7708
  0
LINE
  8
0
 10
39.5636
 20
30.7708
 11
39.5648
 21
30.6207
  0
LINE
  8
0
 10
39.5648
 20
30.6207
 11
39.5648
 21
28.9761
  0
LINE
  8
0
 10
39.5648
 20
28.9761
 11
40.1984
 21
28.9761
  0
LINE
  8
0
 10
40.1984
 20
28.9761
 11
40.1984
 21
30.1243
  0
LINE
  8
0
 10
81.3431
 20
30.1243
 11
81.3714
 21
30.35
  0
LINE
  8
0
 10
81.3714
 20
30.35
 11
81.4527
 21
30.5233
  0
LINE
  8
0
 10
81.4527
 20
30.5233
 11
81.5732
 21
30.6326
  0
LINE
  8
0
 10
81.5732
 20
30.6326
 11
81.7181
 21
30.667
  0
LINE
  8
0
 10
81.7181
 20
30.667
 11
81.9554
 21
30.5502
  0
LINE
  8
0
 10
81.9554
 20
30.5502
 11
82.0405
 21
30.1731
  0
LINE
  8
0
 10
82.0405
 20
30.1731
 11
82.0405
 21
28.9761
  0
LINE
  8
0
 10
82.0405
 20
28.9761
 11
82.6722
 21
28.9761
  0
LINE
  8
0
 10
82.6722
 20
28.9761
 11
82.6722
 21
30.3337
  0
LINE
  8
0
 10
82.6722
 20
30.3337
 11
82.627
 21
30.6867
  0
LINE
  8
0
 10
82.627
 20
30.6867
 11
82.4861
 21
30.9531
  0
LINE
  8
0
 10
82.4861
 20
30.9531
 11
82.2546
 21
31.1174
  0
LINE
  8
0
 10
82.2546
 20
31.1174
 11
81.9474
 21
31.171
  0
LINE
  8
0
 10
81.9474
 20
31.171
 11
81.7223
 21
31.1425
  0
LINE
  8
0
 10
81.7223
 20
31.1425
 11
81.5291
 21
31.0564
  0
LINE
  8
0
 10
81.5291
 20
31.0564
 11
81.3683
 21
30.9073
  0
LINE
  8
0
 10
81.3683
 20
30.9073
 11
81.3216
 21
30.8296
  0
LINE
  8
0
 10
81.3216
 20
30.8296
 11
81.3183
 21
30.8909
  0
LINE
  8
0
 10
81.3183
 20
30.8909
 11
81.3097
 21
31.0185
  0
LINE
  8
0
 10
81.3097
 20
31.0185
 11
81.2984
 21
31.1306
  0
LINE
  8
0
 10
81.2984
 20
31.1306
 11
80.6912
 21
31.1306
  0
LINE
  8
0
 10
80.6912
 20
31.1306
 11
80.6999
 21
30.9885
  0
LINE
  8
0
 10
80.6999
 20
30.9885
 11
80.7048
 21
30.8891
  0
LINE
  8
0
 10
80.7048
 20
30.8891
 11
80.7083
 21
30.7708
  0
LINE
  8
0
 10
80.7083
 20
30.7708
 11
80.7095
 21
30.6207
  0
LINE
  8
0
 10
80.7095
 20
30.6207
 11
80.7095
 21
28.9761
  0
LINE
  8
0
 10
80.7095
 20
28.9761
 11
81.3431
 21
28.9761
  0
LINE
  8
0
 10
81.3431
 20
28.9761
 11
81.3431
 21
30.1243
  0
LINE
  8
0
 10
117.831
 20
28.9818
 11
118.139
 21
29.1166
  0
LINE
  8
0
 10
118.139
 20
29.1166
 11
118.338
 21
29.3362
  0
LINE
  8
0
 10
118.338
 20
29.3362
 11
118.403
 21
29.6231
  0
LINE
  8
0
 10
118.403
 20
29.6231
 11
118.385
 21
29.7988
  0
LINE
  8
0
 10
118.385
 20
29.7988
 11
118.329
 21
29.9405
  0
LINE
  8
0
 10
118.329
 20
29.9405
 11
118.243
 21
30.0536
  0
LINE
  8
0
 10
118.243
 20
30.0536
 11
118.132
 21
30.143
  0
LINE
  8
0
 10
118.132
 20
30.143
 11
117.993
 21
30.2142
  0
LINE
  8
0
 10
117.993
 20
30.2142
 11
117.819
 21
30.2731
  0
LINE
  8
0
 10
117.819
 20
30.2731
 11
117.616
 21
30.3253
  0
LINE
  8
0
 10
117.616
 20
30.3253
 11
117.389
 21
30.3754
  0
LINE
  8
0
 10
117.389
 20
30.3754
 11
117.246
 21
30.4126
  0
LINE
  8
0
 10
117.246
 20
30.4126
 11
117.162
 21
30.4538
  0
LINE
  8
0
 10
117.162
 20
30.4538
 11
117.122
 21
30.4983
  0
LINE
  8
0
 10
117.122
 20
30.4983
 11
117.109
 21
30.5542
  0
LINE
  8
0
 10
117.109
 20
30.5542
 11
117.127
 21
30.6255
  0
LINE
  8
0
 10
117.127
 20
30.6255
 11
117.178
 21
30.6724
  0
LINE
  8
0
 10
117.178
 20
30.6724
 11
117.281
 21
30.7038
  0
LINE
  8
0
 10
117.281
 20
30.7038
 11
117.437
 21
30.7152
  0
LINE
  8
0
 10
117.437
 20
30.7152
 11
117.593
 21
30.7008
  0
LINE
  8
0
 10
117.593
 20
30.7008
 11
117.692
 21
30.6614
  0
LINE
  8
0
 10
117.692
 20
30.6614
 11
117.75
 21
30.5994
  0
LINE
  8
0
 10
117.75
 20
30.5994
 11
117.799
 21
30.4628
  0
LINE
  8
0
 10
117.799
 20
30.4628
 11
118.377
 21
30.5232
  0
LINE
  8
0
 10
118.377
 20
30.5232
 11
118.251
 21
30.8325
  0
LINE
  8
0
 10
118.251
 20
30.8325
 11
118.055
 21
31.0206
  0
LINE
  8
0
 10
118.055
 20
31.0206
 11
117.781
 21
31.1338
  0
LINE
  8
0
 10
117.781
 20
31.1338
 11
117.438
 21
31.1707
  0
LINE
  8
0
 10
117.438
 20
31.1707
 11
117.056
 21
31.1282
  0
LINE
  8
0
 10
117.056
 20
31.1282
 11
116.764
 21
30.9973
  0
LINE
  8
0
 10
116.764
 20
30.9973
 11
116.579
 21
30.7825
  0
LINE
  8
0
 10
116.579
 20
30.7825
 11
116.517
 21
30.4999
  0
LINE
  8
0
 10
116.517
 20
30.4999
 11
116.54
 21
30.3194
  0
LINE
  8
0
 10
116.54
 20
30.3194
 11
116.608
 21
30.1688
  0
LINE
  8
0
 10
116.608
 20
30.1688
 11
116.719
 21
30.047
  0
LINE
  8
0
 10
116.719
 20
30.047
 11
116.869
 21
29.952
  0
LINE
  8
0
 10
116.869
 20
29.952
 11
117.108
 21
29.8692
  0
LINE
  8
0
 10
117.108
 20
29.8692
 11
117.488
 21
29.7827
  0
LINE
  8
0
 10
117.488
 20
29.7827
 11
117.652
 21
29.7397
  0
LINE
  8
0
 10
117.652
 20
29.7397
 11
117.75
 21
29.6926
  0
LINE
  8
0
 10
117.75
 20
29.6926
 11
117.797
 21
29.6413
  0
LINE
  8
0
 10
117.797
 20
29.6413
 11
117.812
 21
29.577
  0
LINE
  8
0
 10
117.812
 20
29.577
 11
117.792
 21
29.4975
  0
LINE
  8
0
 10
117.792
 20
29.4975
 11
117.734
 21
29.4424
  0
LINE
  8
0
 10
117.734
 20
29.4424
 11
117.618
 21
29.405
  0
LINE
  8
0
 10
117.618
 20
29.405
 11
117.434
 21
29.3915
  0
LINE
  8
0
 10
117.434
 20
29.3915
 11
117.237
 21
29.4059
  0
LINE
  8
0
 10
117.237
 20
29.4059
 11
117.12
 21
29.4457
  0
LINE
  8
0
 10
117.12
 20
29.4457
 11
117.052
 21
29.513
  0
LINE
  8
0
 10
117.052
 20
29.513
 11
116.986
 21
29.6642
  0
LINE
  8
0
 10
116.986
 20
29.6642
 11
116.413
 21
29.5784
  0
LINE
  8
0
 10
116.413
 20
29.5784
 11
116.557
 21
29.2631
  0
LINE
  8
0
 10
116.557
 20
29.2631
 11
116.759
 21
29.0784
  0
LINE
  8
0
 10
116.759
 20
29.0784
 11
117.049
 21
28.9724
  0
LINE
  8
0
 10
117.049
 20
28.9724
 11
117.434
 21
28.9379
  0
LINE
  8
0
 10
117.434
 20
28.9379
 11
117.831
 21
28.9818
  0
LINE
  8
0
 10
96.319
 20
30.0318
 11
96.3457
 21
30.3002
  0
LINE
  8
0
 10
96.3457
 20
30.3002
 11
96.4219
 21
30.4833
  0
LINE
  8
0
 10
96.4219
 20
30.4833
 11
96.5371
 21
30.588
  0
LINE
  8
0
 10
96.5371
 20
30.588
 11
96.6944
 21
30.6239
  0
LINE
  8
0
 10
96.6944
 20
30.6239
 11
96.7908
 21
30.6174
  0
LINE
  8
0
 10
96.7908
 20
30.6174
 11
96.9683
 21
30.5862
  0
LINE
  8
0
 10
96.9683
 20
30.5862
 11
96.9683
 21
31.1294
  0
LINE
  8
0
 10
96.9683
 20
31.1294
 11
96.8548
 21
31.1628
  0
LINE
  8
0
 10
96.8548
 20
31.1628
 11
96.7527
 21
31.1706
  0
LINE
  8
0
 10
96.7527
 20
31.1706
 11
96.6277
 21
31.159
  0
LINE
  8
0
 10
96.6277
 20
31.159
 11
96.5215
 21
31.1228
  0
LINE
  8
0
 10
96.5215
 20
31.1228
 11
96.4327
 21
31.0611
  0
LINE
  8
0
 10
96.4327
 20
31.0611
 11
96.3586
 21
30.9753
  0
LINE
  8
0
 10
96.3586
 20
30.9753
 11
96.295
 21
30.8578
  0
LINE
  8
0
 10
96.295
 20
30.8578
 11
96.2942
 21
30.8754
  0
LINE
  8
0
 10
96.2942
 20
30.8754
 11
96.2856
 21
31.0154
  0
LINE
  8
0
 10
96.2856
 20
31.0154
 11
96.2745
 21
31.1306
  0
LINE
  8
0
 10
96.2745
 20
31.1306
 11
95.6672
 21
31.1306
  0
LINE
  8
0
 10
95.6672
 20
31.1306
 11
95.6757
 21
30.9839
  0
LINE
  8
0
 10
95.6757
 20
30.9839
 11
95.6806
 21
30.8788
  0
LINE
  8
0
 10
95.6806
 20
30.8788
 11
95.6842
 21
30.7522
  0
LINE
  8
0
 10
95.6842
 20
30.7522
 11
95.6854
 21
30.5979
  0
LINE
  8
0
 10
95.6854
 20
30.5979
 11
95.6854
 21
28.9761
  0
LINE
  8
0
 10
95.6854
 20
28.9761
 11
96.319
 21
28.9761
  0
LINE
  8
0
 10
96.319
 20
28.9761
 11
96.319
 21
30.0318
  0
LINE
  8
0
 10
21.4174
 20
30.0318
 11
21.4441
 21
30.3002
  0
LINE
  8
0
 10
21.4441
 20
30.3002
 11
21.5203
 21
30.4833
  0
LINE
  8
0
 10
21.5203
 20
30.4833
 11
21.6355
 21
30.588
  0
LINE
  8
0
 10
21.6355
 20
30.588
 11
21.7928
 21
30.6239
  0
LINE
  8
0
 10
21.7928
 20
30.6239
 11
21.8892
 21
30.6174
  0
LINE
  8
0
 10
21.8892
 20
30.6174
 11
22.0667
 21
30.5862
  0
LINE
  8
0
 10
22.0667
 20
30.5862
 11
22.0667
 21
31.1294
  0
LINE
  8
0
 10
22.0667
 20
31.1294
 11
21.9532
 21
31.1628
  0
LINE
  8
0
 10
21.9532
 20
31.1628
 11
21.8511
 21
31.1706
  0
LINE
  8
0
 10
21.8511
 20
31.1706
 11
21.7261
 21
31.159
  0
LINE
  8
0
 10
21.7261
 20
31.159
 11
21.6199
 21
31.1228
  0
LINE
  8
0
 10
21.6199
 20
31.1228
 11
21.5311
 21
31.0611
  0
LINE
  8
0
 10
21.5311
 20
31.0611
 11
21.457
 21
30.9753
  0
LINE
  8
0
 10
21.457
 20
30.9753
 11
21.3934
 21
30.8578
  0
LINE
  8
0
 10
21.3934
 20
30.8578
 11
21.3926
 21
30.8754
  0
LINE
  8
0
 10
21.3926
 20
30.8754
 11
21.384
 21
31.0154
  0
LINE
  8
0
 10
21.384
 20
31.0154
 11
21.3729
 21
31.1306
  0
LINE
  8
0
 10
21.3729
 20
31.1306
 11
20.7656
 21
31.1306
  0
LINE
  8
0
 10
20.7656
 20
31.1306
 11
20.7741
 21
30.9839
  0
LINE
  8
0
 10
20.7741
 20
30.9839
 11
20.779
 21
30.8788
  0
LINE
  8
0
 10
20.779
 20
30.8788
 11
20.7826
 21
30.7522
  0
LINE
  8
0
 10
20.7826
 20
30.7522
 11
20.7838
 21
30.5979
  0
LINE
  8
0
 10
20.7838
 20
30.5979
 11
20.7838
 21
28.9761
  0
LINE
  8
0
 10
20.7838
 20
28.9761
 11
21.4174
 21
28.9761
  0
LINE
  8
0
 10
21.4174
 20
28.9761
 11
21.4174
 21
30.0318
  0
LINE
  8
0
 10
69.3175
 20
30.0318
 11
69.3443
 21
30.3002
  0
LINE
  8
0
 10
69.3443
 20
30.3002
 11
69.4205
 21
30.4833
  0
LINE
  8
0
 10
69.4205
 20
30.4833
 11
69.5356
 21
30.588
  0
LINE
  8
0
 10
69.5356
 20
30.588
 11
69.693
 21
30.6239
  0
LINE
  8
0
 10
69.693
 20
30.6239
 11
69.7893
 21
30.6174
  0
LINE
  8
0
 10
69.7893
 20
30.6174
 11
69.9669
 21
30.5862
  0
LINE
  8
0
 10
69.9669
 20
30.5862
 11
69.9669
 21
31.1294
  0
LINE
  8
0
 10
69.9669
 20
31.1294
 11
69.8533
 21
31.1628
  0
LINE
  8
0
 10
69.8533
 20
31.1628
 11
69.7513
 21
31.1706
  0
LINE
  8
0
 10
69.7513
 20
31.1706
 11
69.6263
 21
31.159
  0
LINE
  8
0
 10
69.6263
 20
31.159
 11
69.52
 21
31.1228
  0
LINE
  8
0
 10
69.52
 20
31.1228
 11
69.4313
 21
31.0611
  0
LINE
  8
0
 10
69.4313
 20
31.0611
 11
69.3571
 21
30.9753
  0
LINE
  8
0
 10
69.3571
 20
30.9753
 11
69.2936
 21
30.8578
  0
LINE
  8
0
 10
69.2936
 20
30.8578
 11
69.2927
 21
30.8754
  0
LINE
  8
0
 10
69.2927
 20
30.8754
 11
69.2841
 21
31.0154
  0
LINE
  8
0
 10
69.2841
 20
31.0154
 11
69.273
 21
31.1306
  0
LINE
  8
0
 10
69.273
 20
31.1306
 11
68.6658
 21
31.1306
  0
LINE
  8
0
 10
68.6658
 20
31.1306
 11
68.6743
 21
30.9839
  0
LINE
  8
0
 10
68.6743
 20
30.9839
 11
68.6792
 21
30.8788
  0
LINE
  8
0
 10
68.6792
 20
30.8788
 11
68.6827
 21
30.7522
  0
LINE
  8
0
 10
68.6827
 20
30.7522
 11
68.6839
 21
30.5979
  0
LINE
  8
0
 10
68.6839
 20
30.5979
 11
68.6839
 21
28.9761
  0
LINE
  8
0
 10
68.6839
 20
28.9761
 11
69.3175
 21
28.9761
  0
LINE
  8
0
 10
69.3175
 20
28.9761
 11
69.3175
 21
30.0318
  0
LINE
  8
0
 10
74.1704
 20
30.0318
 11
74.1972
 21
30.3002
  0
LINE
  8
0
 10
74.1972
 20
30.3002
 11
74.2733
 21
30.4833
  0
LINE
  8
0
 10
74.2733
 20
30.4833
 11
74.3885
 21
30.588
  0
LINE
  8
0
 10
74.3885
 20
30.588
 11
74.5459
 21
30.6239
  0
LINE
  8
0
 10
74.5459
 20
30.6239
 11
74.6422
 21
30.6174
  0
LINE
  8
0
 10
74.6422
 20
30.6174
 11
74.8197
 21
30.5862
  0
LINE
  8
0
 10
74.8197
 20
30.5862
 11
74.8197
 21
31.1294
  0
LINE
  8
0
 10
74.8197
 20
31.1294
 11
74.7062
 21
31.1628
  0
LINE
  8
0
 10
74.7062
 20
31.1628
 11
74.6042
 21
31.1706
  0
LINE
  8
0
 10
74.6042
 20
31.1706
 11
74.4792
 21
31.159
  0
LINE
  8
0
 10
74.4792
 20
31.159
 11
74.3729
 21
31.1228
  0
LINE
  8
0
 10
74.3729
 20
31.1228
 11
74.2841
 21
31.0611
  0
LINE
  8
0
 10
74.2841
 20
31.0611
 11
74.21
 21
30.9753
  0
LINE
  8
0
 10
74.21
 20
30.9753
 11
74.1465
 21
30.8577
  0
LINE
  8
0
 10
74.1465
 20
30.8577
 11
74.1456
 21
30.8754
  0
LINE
  8
0
 10
74.1456
 20
30.8754
 11
74.137
 21
31.0154
  0
LINE
  8
0
 10
74.137
 20
31.0154
 11
74.1259
 21
31.1306
  0
LINE
  8
0
 10
74.1259
 20
31.1306
 11
73.5186
 21
31.1306
  0
LINE
  8
0
 10
73.5186
 20
31.1306
 11
73.5272
 21
30.9839
  0
LINE
  8
0
 10
73.5272
 20
30.9839
 11
73.5321
 21
30.8788
  0
LINE
  8
0
 10
73.5321
 20
30.8788
 11
73.5356
 21
30.7522
  0
LINE
  8
0
 10
73.5356
 20
30.7522
 11
73.5368
 21
30.5979
  0
LINE
  8
0
 10
73.5368
 20
30.5979
 11
73.5368
 21
28.9761
  0
LINE
  8
0
 10
73.5368
 20
28.9761
 11
74.1704
 21
28.9761
  0
LINE
  8
0
 10
74.1704
 20
28.9761
 11
74.1704
 21
30.0318
  0
LINE
  8
0
 10
100.959
 20
29.0834
 11
101.358
 21
29.5882
  0
LINE
  8
0
 10
101.358
 20
29.5882
 11
100.733
 21
29.6424
  0
LINE
  8
0
 10
100.733
 20
29.6424
 11
100.601
 21
29.45
  0
LINE
  8
0
 10
100.601
 20
29.45
 11
100.4
 21
29.3965
  0
LINE
  8
0
 10
100.4
 20
29.3965
 11
100.242
 21
29.4297
  0
LINE
  8
0
 10
100.242
 20
29.4297
 11
100.126
 21
29.5286
  0
LINE
  8
0
 10
100.126
 20
29.5286
 11
100.05
 21
29.7006
  0
LINE
  8
0
 10
100.05
 20
29.7006
 11
100.029
 21
29.9008
  0
LINE
  8
0
 10
100.029
 20
29.9008
 11
101.341
 21
29.9008
  0
LINE
  8
0
 10
101.341
 20
29.9008
 11
101.341
 21
29.9689
  0
LINE
  8
0
 10
101.341
 20
29.9689
 11
101.282
 21
30.4779
  0
LINE
  8
0
 10
101.282
 20
30.4779
 11
101.098
 21
30.8576
  0
LINE
  8
0
 10
101.098
 20
30.8576
 11
100.793
 21
31.0921
  0
LINE
  8
0
 10
100.793
 20
31.0921
 11
100.382
 21
31.1693
  0
LINE
  8
0
 10
100.382
 20
31.1693
 11
99.9524
 21
31.0977
  0
LINE
  8
0
 10
99.9524
 20
31.0977
 11
99.6284
 21
30.8801
  0
LINE
  8
0
 10
99.6284
 20
30.8801
 11
99.4285
 21
30.5293
  0
LINE
  8
0
 10
99.4285
 20
30.5293
 11
99.363
 21
30.063
  0
LINE
  8
0
 10
99.363
 20
30.063
 11
99.4274
 21
29.5838
  0
LINE
  8
0
 10
99.4274
 20
29.5838
 11
99.6243
 21
29.2279
  0
LINE
  8
0
 10
99.6243
 20
29.2279
 11
99.9455
 21
29.0093
  0
LINE
  8
0
 10
99.9455
 20
29.0093
 11
100.376
 21
28.9371
  0
LINE
  8
0
 10
100.376
 20
28.9371
 11
100.959
 21
29.0834
  0
LINE
  8
0
 10
100.035
 20
30.335
 11
100.055
 21
30.4794
  0
LINE
  8
0
 10
100.055
 20
30.4794
 11
100.125
 21
30.6193
  0
LINE
  8
0
 10
100.125
 20
30.6193
 11
100.23
 21
30.703
  0
LINE
  8
0
 10
100.23
 20
30.703
 11
100.374
 21
30.7315
  0
LINE
  8
0
 10
100.374
 20
30.7315
 11
100.512
 21
30.7045
  0
LINE
  8
0
 10
100.512
 20
30.7045
 11
100.616
 21
30.625
  0
LINE
  8
0
 10
100.616
 20
30.625
 11
100.689
 21
30.4863
  0
LINE
  8
0
 10
100.689
 20
30.4863
 11
100.716
 21
30.335
  0
LINE
  8
0
 10
100.716
 20
30.335
 11
100.035
 21
30.335
  0
LINE
  8
0
 10
92.7291
 20
29.0834
 11
93.1281
 21
29.5882
  0
LINE
  8
0
 10
93.1281
 20
29.5882
 11
92.5034
 21
29.6424
  0
LINE
  8
0
 10
92.5034
 20
29.6424
 11
92.3712
 21
29.45
  0
LINE
  8
0
 10
92.3712
 20
29.45
 11
92.1699
 21
29.3965
  0
LINE
  8
0
 10
92.1699
 20
29.3965
 11
92.0124
 21
29.4297
  0
LINE
  8
0
 10
92.0124
 20
29.4297
 11
91.8962
 21
29.5286
  0
LINE
  8
0
 10
91.8962
 20
29.5286
 11
91.8207
 21
29.7006
  0
LINE
  8
0
 10
91.8207
 20
29.7006
 11
91.7995
 21
29.9008
  0
LINE
  8
0
 10
91.7995
 20
29.9008
 11
93.1117
 21
29.9008
  0
LINE
  8
0
 10
93.1117
 20
29.9008
 11
93.1117
 21
29.9689
  0
LINE
  8
0
 10
93.1117
 20
29.9689
 11
93.052
 21
30.4779
  0
LINE
  8
0
 10
93.052
 20
30.4779
 11
92.868
 21
30.8576
  0
LINE
  8
0
 10
92.868
 20
30.8576
 11
92.5634
 21
31.0921
  0
LINE
  8
0
 10
92.5634
 20
31.0921
 11
92.1527
 21
31.1693
  0
LINE
  8
0
 10
92.1527
 20
31.1693
 11
91.7227
 21
31.0977
  0
LINE
  8
0
 10
91.7227
 20
31.0977
 11
91.3987
 21
30.8801
  0
LINE
  8
0
 10
91.3987
 20
30.8801
 11
91.1988
 21
30.5293
  0
LINE
  8
0
 10
91.1988
 20
30.5293
 11
91.1334
 21
30.063
  0
LINE
  8
0
 10
91.1334
 20
30.063
 11
91.1977
 21
29.5838
  0
LINE
  8
0
 10
91.1977
 20
29.5838
 11
91.3946
 21
29.2279
  0
LINE
  8
0
 10
91.3946
 20
29.2279
 11
91.7159
 21
29.0093
  0
LINE
  8
0
 10
91.7159
 20
29.0093
 11
92.1466
 21
28.9371
  0
LINE
  8
0
 10
92.1466
 20
28.9371
 11
92.7291
 21
29.0834
  0
LINE
  8
0
 10
91.8053
 20
30.335
 11
91.8258
 21
30.4794
  0
LINE
  8
0
 10
91.8258
 20
30.4794
 11
91.8949
 21
30.6193
  0
LINE
  8
0
 10
91.8949
 20
30.6193
 11
91.9999
 21
30.703
  0
LINE
  8
0
 10
91.9999
 20
30.703
 11
92.1446
 21
30.7315
  0
LINE
  8
0
 10
92.1446
 20
30.7315
 11
92.2821
 21
30.7045
  0
LINE
  8
0
 10
92.2821
 20
30.7045
 11
92.3866
 21
30.625
  0
LINE
  8
0
 10
92.3866
 20
30.625
 11
92.4598
 21
30.4863
  0
LINE
  8
0
 10
92.4598
 20
30.4863
 11
92.4859
 21
30.335
  0
LINE
  8
0
 10
92.4859
 20
30.335
 11
91.8053
 21
30.335
  0
LINE
  8
0
 10
38.9284
 20
29.0834
 11
39.3273
 21
29.5882
  0
LINE
  8
0
 10
39.3273
 20
29.5882
 11
38.7027
 21
29.6424
  0
LINE
  8
0
 10
38.7027
 20
29.6424
 11
38.5704
 21
29.45
  0
LINE
  8
0
 10
38.5704
 20
29.45
 11
38.3691
 21
29.3965
  0
LINE
  8
0
 10
38.3691
 20
29.3965
 11
38.2116
 21
29.4297
  0
LINE
  8
0
 10
38.2116
 20
29.4297
 11
38.0954
 21
29.5286
  0
LINE
  8
0
 10
38.0954
 20
29.5286
 11
38.0199
 21
29.7006
  0
LINE
  8
0
 10
38.0199
 20
29.7006
 11
37.9988
 21
29.9008
  0
LINE
  8
0
 10
37.9988
 20
29.9008
 11
39.311
 21
29.9008
  0
LINE
  8
0
 10
39.311
 20
29.9008
 11
39.311
 21
29.9689
  0
LINE
  8
0
 10
39.311
 20
29.9689
 11
39.2513
 21
30.4779
  0
LINE
  8
0
 10
39.2513
 20
30.4779
 11
39.0673
 21
30.8576
  0
LINE
  8
0
 10
39.0673
 20
30.8576
 11
38.7626
 21
31.0921
  0
LINE
  8
0
 10
38.7626
 20
31.0921
 11
38.352
 21
31.1693
  0
LINE
  8
0
 10
38.352
 20
31.1693
 11
37.9219
 21
31.0977
  0
LINE
  8
0
 10
37.9219
 20
31.0977
 11
37.598
 21
30.8801
  0
LINE
  8
0
 10
37.598
 20
30.8801
 11
37.398
 21
30.5293
  0
LINE
  8
0
 10
37.398
 20
30.5293
 11
37.3326
 21
30.063
  0
LINE
  8
0
 10
37.3326
 20
30.063
 11
37.397
 21
29.5838
  0
LINE
  8
0
 10
37.397
 20
29.5838
 11
37.5938
 21
29.2279
  0
LINE
  8
0
 10
37.5938
 20
29.2279
 11
37.9151
 21
29.0093
  0
LINE
  8
0
 10
37.9151
 20
29.0093
 11
38.3459
 21
28.9371
  0
LINE
  8
0
 10
38.3459
 20
28.9371
 11
38.9284
 21
29.0834
  0
LINE
  8
0
 10
38.0046
 20
30.335
 11
38.0251
 21
30.4794
  0
LINE
  8
0
 10
38.0251
 20
30.4794
 11
38.0942
 21
30.6193
  0
LINE
  8
0
 10
38.0942
 20
30.6193
 11
38.1991
 21
30.703
  0
LINE
  8
0
 10
38.1991
 20
30.703
 11
38.3438
 21
30.7315
  0
LINE
  8
0
 10
38.3438
 20
30.7315
 11
38.4814
 21
30.7045
  0
LINE
  8
0
 10
38.4814
 20
30.7045
 11
38.5858
 21
30.625
  0
LINE
  8
0
 10
38.5858
 20
30.625
 11
38.6591
 21
30.4863
  0
LINE
  8
0
 10
38.6591
 20
30.4863
 11
38.6851
 21
30.335
  0
LINE
  8
0
 10
38.6851
 20
30.335
 11
38.0046
 21
30.335
  0
LINE
  8
0
 10
43.3603
 20
29.0834
 11
43.7593
 21
29.5882
  0
LINE
  8
0
 10
43.7593
 20
29.5882
 11
43.1346
 21
29.6424
  0
LINE
  8
0
 10
43.1346
 20
29.6424
 11
43.0023
 21
29.45
  0
LINE
  8
0
 10
43.0023
 20
29.45
 11
42.801
 21
29.3965
  0
LINE
  8
0
 10
42.801
 20
29.3965
 11
42.6435
 21
29.4297
  0
LINE
  8
0
 10
42.6435
 20
29.4297
 11
42.5274
 21
29.5286
  0
LINE
  8
0
 10
42.5274
 20
29.5286
 11
42.4518
 21
29.7006
  0
LINE
  8
0
 10
42.4518
 20
29.7006
 11
42.4307
 21
29.9008
  0
LINE
  8
0
 10
42.4307
 20
29.9008
 11
43.7429
 21
29.9008
  0
LINE
  8
0
 10
43.7429
 20
29.9008
 11
43.7429
 21
29.9689
  0
LINE
  8
0
 10
43.7429
 20
29.9689
 11
43.6832
 21
30.4779
  0
LINE
  8
0
 10
43.6832
 20
30.4779
 11
43.4992
 21
30.8576
  0
LINE
  8
0
 10
43.4992
 20
30.8576
 11
43.1946
 21
31.0921
  0
LINE
  8
0
 10
43.1946
 20
31.0921
 11
42.7839
 21
31.1693
  0
LINE
  8
0
 10
42.7839
 20
31.1693
 11
42.3539
 21
31.0977
  0
LINE
  8
0
 10
42.3539
 20
31.0977
 11
42.0299
 21
30.8801
  0
LINE
  8
0
 10
42.0299
 20
30.8801
 11
41.83
 21
30.5293
  0
LINE
  8
0
 10
41.83
 20
30.5293
 11
41.7645
 21
30.063
  0
LINE
  8
0
 10
41.7645
 20
30.063
 11
41.8289
 21
29.5838
  0
LINE
  8
0
 10
41.8289
 20
29.5838
 11
42.0258
 21
29.2279
  0
LINE
  8
0
 10
42.0258
 20
29.2279
 11
42.347
 21
29.0093
  0
LINE
  8
0
 10
42.347
 20
29.0093
 11
42.7778
 21
28.9371
  0
LINE
  8
0
 10
42.7778
 20
28.9371
 11
43.3603
 21
29.0834
  0
LINE
  8
0
 10
42.4365
 20
30.335
 11
42.457
 21
30.4794
  0
LINE
  8
0
 10
42.457
 20
30.4794
 11
42.5261
 21
30.6193
  0
LINE
  8
0
 10
42.5261
 20
30.6193
 11
42.631
 21
30.703
  0
LINE
  8
0
 10
42.631
 20
30.703
 11
42.7758
 21
30.7315
  0
LINE
  8
0
 10
42.7758
 20
30.7315
 11
42.9133
 21
30.7045
  0
LINE
  8
0
 10
42.9133
 20
30.7045
 11
43.0177
 21
30.625
  0
LINE
  8
0
 10
43.0177
 20
30.625
 11
43.091
 21
30.4863
  0
LINE
  8
0
 10
43.091
 20
30.4863
 11
43.1171
 21
30.335
  0
LINE
  8
0
 10
43.1171
 20
30.335
 11
42.4365
 21
30.335
  0
LINE
  8
0
 10
29.4322
 20
29.0834
 11
29.8311
 21
29.5882
  0
LINE
  8
0
 10
29.8311
 20
29.5882
 11
29.2065
 21
29.6424
  0
LINE
  8
0
 10
29.2065
 20
29.6424
 11
29.0742
 21
29.45
  0
LINE
  8
0
 10
29.0742
 20
29.45
 11
28.8729
 21
29.3965
  0
LINE
  8
0
 10
28.8729
 20
29.3965
 11
28.7154
 21
29.4297
  0
LINE
  8
0
 10
28.7154
 20
29.4297
 11
28.5992
 21
29.5286
  0
LINE
  8
0
 10
28.5992
 20
29.5286
 11
28.5237
 21
29.7006
  0
LINE
  8
0
 10
28.5237
 20
29.7006
 11
28.5026
 21
29.9008
  0
LINE
  8
0
 10
28.5026
 20
29.9008
 11
29.8147
 21
29.9008
  0
LINE
  8
0
 10
29.8147
 20
29.9008
 11
29.8147
 21
29.9689
  0
LINE
  8
0
 10
29.8147
 20
29.9689
 11
29.755
 21
30.4779
  0
LINE
  8
0
 10
29.755
 20
30.4779
 11
29.571
 21
30.8576
  0
LINE
  8
0
 10
29.571
 20
30.8576
 11
29.2664
 21
31.0921
  0
LINE
  8
0
 10
29.2664
 20
31.0921
 11
28.8558
 21
31.1693
  0
LINE
  8
0
 10
28.8558
 20
31.1693
 11
28.4257
 21
31.0977
  0
LINE
  8
0
 10
28.4257
 20
31.0977
 11
28.1018
 21
30.8801
  0
LINE
  8
0
 10
28.1018
 20
30.8801
 11
27.9018
 21
30.5293
  0
LINE
  8
0
 10
27.9018
 20
30.5293
 11
27.8364
 21
30.063
  0
LINE
  8
0
 10
27.8364
 20
30.063
 11
27.9007
 21
29.5838
  0
LINE
  8
0
 10
27.9007
 20
29.5838
 11
28.0976
 21
29.2279
  0
LINE
  8
0
 10
28.0976
 20
29.2279
 11
28.4189
 21
29.0093
  0
LINE
  8
0
 10
28.4189
 20
29.0093
 11
28.8497
 21
28.9371
  0
LINE
  8
0
 10
28.8497
 20
28.9371
 11
29.4322
 21
29.0834
  0
LINE
  8
0
 10
28.5084
 20
30.335
 11
28.5288
 21
30.4794
  0
LINE
  8
0
 10
28.5288
 20
30.4794
 11
28.598
 21
30.6193
  0
LINE
  8
0
 10
28.598
 20
30.6193
 11
28.7029
 21
30.703
  0
LINE
  8
0
 10
28.7029
 20
30.703
 11
28.8476
 21
30.7315
  0
LINE
  8
0
 10
28.8476
 20
30.7315
 11
28.9852
 21
30.7045
  0
LINE
  8
0
 10
28.9852
 20
30.7045
 11
29.0896
 21
30.625
  0
LINE
  8
0
 10
29.0896
 20
30.625
 11
29.1628
 21
30.4863
  0
LINE
  8
0
 10
29.1628
 20
30.4863
 11
29.1889
 21
30.335
  0
LINE
  8
0
 10
29.1889
 20
30.335
 11
28.5084
 21
30.335
  0
LINE
  8
0
 10
67.7767
 20
29.0114
 11
68.1254
 21
29.2362
  0
LINE
  8
0
 10
68.1254
 20
29.2362
 11
68.3446
 21
29.5921
  0
LINE
  8
0
 10
68.3446
 20
29.5921
 11
68.4166
 21
30.055
  0
LINE
  8
0
 10
68.4166
 20
30.055
 11
68.3479
 21
30.5268
  0
LINE
  8
0
 10
68.3479
 20
30.5268
 11
68.138
 21
30.88
  0
LINE
  8
0
 10
68.138
 20
30.88
 11
67.7947
 21
31.0978
  0
LINE
  8
0
 10
67.7947
 20
31.0978
 11
67.3329
 21
31.1692
  0
LINE
  8
0
 10
67.3329
 20
31.1692
 11
66.8775
 21
31.0952
  0
LINE
  8
0
 10
66.8775
 20
31.0952
 11
66.5311
 21
30.8704
  0
LINE
  8
0
 10
66.5311
 20
30.8704
 11
66.315
 21
30.5154
  0
LINE
  8
0
 10
66.315
 20
30.5154
 11
66.2439
 21
30.0553
  0
LINE
  8
0
 10
66.2439
 20
30.0553
 11
66.3149
 21
29.5935
  0
LINE
  8
0
 10
66.3149
 20
29.5935
 11
66.531
 21
29.2374
  0
LINE
  8
0
 10
66.531
 20
29.2374
 11
66.8745
 21
29.0118
  0
LINE
  8
0
 10
66.8745
 20
29.0118
 11
67.3216
 21
28.9375
  0
LINE
  8
0
 10
67.3216
 20
28.9375
 11
67.7767
 21
29.0114
  0
LINE
  8
0
 10
67.1425
 20
29.4434
 11
67.0155
 21
29.5612
  0
LINE
  8
0
 10
67.0155
 20
29.5612
 11
66.9334
 21
29.7647
  0
LINE
  8
0
 10
66.9334
 20
29.7647
 11
66.9052
 21
30.0519
  0
LINE
  8
0
 10
66.9052
 20
30.0519
 11
67.0194
 21
30.5431
  0
LINE
  8
0
 10
67.0194
 20
30.5431
 11
67.3471
 21
30.6997
  0
LINE
  8
0
 10
67.3471
 20
30.6997
 11
67.519
 21
30.6644
  0
LINE
  8
0
 10
67.519
 20
30.6644
 11
67.6467
 21
30.5565
  0
LINE
  8
0
 10
67.6467
 20
30.5565
 11
67.7289
 21
30.3591
  0
LINE
  8
0
 10
67.7289
 20
30.3591
 11
67.7573
 21
30.0587
  0
LINE
  8
0
 10
67.7573
 20
30.0587
 11
67.6416
 21
29.5632
  0
LINE
  8
0
 10
67.6416
 20
29.5632
 11
67.3102
 21
29.4053
  0
LINE
  8
0
 10
67.3102
 20
29.4053
 11
67.1425
 21
29.4434
  0
LINE
  8
0
 10
50.049
 20
29.0114
 11
50.3977
 21
29.2362
  0
LINE
  8
0
 10
50.3977
 20
29.2362
 11
50.6168
 21
29.5921
  0
LINE
  8
0
 10
50.6168
 20
29.5921
 11
50.6888
 21
30.055
  0
LINE
  8
0
 10
50.6888
 20
30.055
 11
50.6201
 21
30.5268
  0
LINE
  8
0
 10
50.6201
 20
30.5268
 11
50.4103
 21
30.88
  0
LINE
  8
0
 10
50.4103
 20
30.88
 11
50.0669
 21
31.0978
  0
LINE
  8
0
 10
50.0669
 20
31.0978
 11
49.6052
 21
31.1692
  0
LINE
  8
0
 10
49.6052
 20
31.1692
 11
49.1498
 21
31.0952
  0
LINE
  8
0
 10
49.1498
 20
31.0952
 11
48.8034
 21
30.8704
  0
LINE
  8
0
 10
48.8034
 20
30.8704
 11
48.5872
 21
30.5154
  0
LINE
  8
0
 10
48.5872
 20
30.5154
 11
48.5162
 21
30.0553
  0
LINE
  8
0
 10
48.5162
 20
30.0553
 11
48.5872
 21
29.5935
  0
LINE
  8
0
 10
48.5872
 20
29.5935
 11
48.8033
 21
29.2374
  0
LINE
  8
0
 10
48.8033
 20
29.2374
 11
49.1467
 21
29.0118
  0
LINE
  8
0
 10
49.1467
 20
29.0118
 11
49.5939
 21
28.9375
  0
LINE
  8
0
 10
49.5939
 20
28.9375
 11
50.049
 21
29.0114
  0
LINE
  8
0
 10
49.4147
 20
29.4434
 11
49.2878
 21
29.5612
  0
LINE
  8
0
 10
49.2878
 20
29.5612
 11
49.2056
 21
29.7647
  0
LINE
  8
0
 10
49.2056
 20
29.7647
 11
49.1775
 21
30.0519
  0
LINE
  8
0
 10
49.1775
 20
30.0519
 11
49.2917
 21
30.5431
  0
LINE
  8
0
 10
49.2917
 20
30.5431
 11
49.6194
 21
30.6997
  0
LINE
  8
0
 10
49.6194
 20
30.6997
 11
49.7912
 21
30.6644
  0
LINE
  8
0
 10
49.7912
 20
30.6644
 11
49.9189
 21
30.5565
  0
LINE
  8
0
 10
49.9189
 20
30.5565
 11
50.0011
 21
30.3591
  0
LINE
  8
0
 10
50.0011
 20
30.3591
 11
50.0295
 21
30.0587
  0
LINE
  8
0
 10
50.0295
 20
30.0587
 11
49.9139
 21
29.5632
  0
LINE
  8
0
 10
49.9139
 20
29.5632
 11
49.5824
 21
29.4053
  0
LINE
  8
0
 10
49.5824
 20
29.4053
 11
49.4147
 21
29.4434
  0
LINE
  8
0
 10
80.2879
 20
31.1306
 11
79.6544
 21
31.1306
  0
LINE
  8
0
 10
79.6544
 20
31.1306
 11
79.6544
 21
28.9761
  0
LINE
  8
0
 10
79.6544
 20
28.9761
 11
80.2879
 21
28.9761
  0
LINE
  8
0
 10
80.2879
 20
28.9761
 11
80.2879
 21
31.1306
  0
LINE
  8
0
 10
98.083
 20
28.966
 11
98.2769
 21
29.0521
  0
LINE
  8
0
 10
98.2769
 20
29.0521
 11
98.438
 21
29.2007
  0
LINE
  8
0
 10
98.438
 20
29.2007
 11
98.4844
 21
29.2781
  0
LINE
  8
0
 10
98.4844
 20
29.2781
 11
98.4849
 21
29.2623
  0
LINE
  8
0
 10
98.4849
 20
29.2623
 11
98.5054
 21
28.9761
  0
LINE
  8
0
 10
98.5054
 20
28.9761
 11
99.1135
 21
28.9761
  0
LINE
  8
0
 10
99.1135
 20
28.9761
 11
99.0994
 21
29.2416
  0
LINE
  8
0
 10
99.0994
 20
29.2416
 11
99.0956
 21
29.4856
  0
LINE
  8
0
 10
99.0956
 20
29.4856
 11
99.0956
 21
31.1306
  0
LINE
  8
0
 10
99.0956
 20
31.1306
 11
98.4621
 21
31.1306
  0
LINE
  8
0
 10
98.4621
 20
31.1306
 11
98.4621
 21
29.9824
  0
LINE
  8
0
 10
98.4621
 20
29.9824
 11
98.4338
 21
29.7567
  0
LINE
  8
0
 10
98.4338
 20
29.7567
 11
98.3524
 21
29.5833
  0
LINE
  8
0
 10
98.3524
 20
29.5833
 11
98.2319
 21
29.4741
  0
LINE
  8
0
 10
98.2319
 20
29.4741
 11
98.0871
 21
29.4397
  0
LINE
  8
0
 10
98.0871
 20
29.4397
 11
97.8512
 21
29.5564
  0
LINE
  8
0
 10
97.8512
 20
29.5564
 11
97.7665
 21
29.9336
  0
LINE
  8
0
 10
97.7665
 20
29.9336
 11
97.7665
 21
31.1306
  0
LINE
  8
0
 10
97.7665
 20
31.1306
 11
97.1329
 21
31.1306
  0
LINE
  8
0
 10
97.1329
 20
31.1306
 11
97.1329
 21
29.7729
  0
LINE
  8
0
 10
97.1329
 20
29.7729
 11
97.1782
 21
29.4202
  0
LINE
  8
0
 10
97.1782
 20
29.4202
 11
97.319
 21
29.1545
  0
LINE
  8
0
 10
97.319
 20
29.1545
 11
97.5506
 21
28.9909
  0
LINE
  8
0
 10
97.5506
 20
28.9909
 11
97.8577
 21
28.9376
  0
LINE
  8
0
 10
97.8577
 20
28.9376
 11
98.083
 21
28.966
  0
LINE
  8
0
 10
32.3653
 20
30.2635
 11
32.4123
 21
30.4657
  0
LINE
  8
0
 10
32.4123
 20
30.4657
 11
32.4222
 21
30.4169
  0
LINE
  8
0
 10
32.4222
 20
30.4169
 11
32.4562
 21
30.2674
  0
LINE
  8
0
 10
32.4562
 20
30.2674
 11
32.7927
 21
28.9761
  0
LINE
  8
0
 10
32.7927
 20
28.9761
 11
33.4339
 21
28.9761
  0
LINE
  8
0
 10
33.4339
 20
28.9761
 11
33.9994
 21
31.1306
  0
LINE
  8
0
 10
33.9994
 20
31.1306
 11
33.4008
 21
31.1306
  0
LINE
  8
0
 10
33.4008
 20
31.1306
 11
33.0958
 21
29.7716
  0
LINE
  8
0
 10
33.0958
 20
29.7716
 11
33.0924
 21
29.7557
  0
LINE
  8
0
 10
33.0924
 20
29.7557
 11
33.0622
 21
29.885
  0
LINE
  8
0
 10
33.0622
 20
29.885
 11
32.7371
 21
31.1306
  0
LINE
  8
0
 10
32.7371
 20
31.1306
 11
32.0885
 21
31.1306
  0
LINE
  8
0
 10
32.0885
 20
31.1306
 11
31.7555
 21
29.8847
  0
LINE
  8
0
 10
31.7555
 20
29.8847
 11
31.7282
 21
29.7568
  0
LINE
  8
0
 10
31.7282
 20
29.7568
 11
31.4325
 21
31.1306
  0
LINE
  8
0
 10
31.4325
 20
31.1306
 11
30.8262
 21
31.1306
  0
LINE
  8
0
 10
30.8262
 20
31.1306
 11
31.3838
 21
28.9761
  0
LINE
  8
0
 10
31.3838
 20
28.9761
 11
32.0249
 21
28.9761
  0
LINE
  8
0
 10
32.0249
 20
28.9761
 11
32.3653
 21
30.2635
  0
LINE
  8
0
 10
63.7777
 20
29.4654
 11
62.7738
 21
29.4654
  0
LINE
  8
0
 10
62.7738
 20
29.4654
 11
63.6847
 21
30.6823
  0
LINE
  8
0
 10
63.6847
 20
30.6823
 11
63.6847
 21
31.1306
  0
LINE
  8
0
 10
63.6847
 20
31.1306
 11
62.1074
 21
31.1306
  0
LINE
  8
0
 10
62.1074
 20
31.1306
 11
62.1074
 21
30.6451
  0
LINE
  8
0
 10
62.1074
 20
30.6451
 11
62.9462
 21
30.6451
  0
LINE
  8
0
 10
62.9462
 20
30.6451
 11
62.0296
 21
29.4206
  0
LINE
  8
0
 10
62.0296
 20
29.4206
 11
62.0296
 21
28.9761
  0
LINE
  8
0
 10
62.0296
 20
28.9761
 11
63.7777
 21
28.9761
  0
LINE
  8
0
 10
63.7777
 20
28.9761
 11
63.7777
 21
29.4654
  0
LINE
  8
0
 10
129.393
 20
29.4654
 11
128.389
 21
29.4654
  0
LINE
  8
0
 10
128.389
 20
29.4654
 11
129.3
 21
30.6823
  0
LINE
  8
0
 10
129.3
 20
30.6823
 11
129.3
 21
31.1306
  0
LINE
  8
0
 10
129.3
 20
31.1306
 11
127.722
 21
31.1306
  0
LINE
  8
0
 10
127.722
 20
31.1306
 11
127.722
 21
30.6451
  0
LINE
  8
0
 10
127.722
 20
30.6451
 11
128.561
 21
30.6451
  0
LINE
  8
0
 10
128.561
 20
30.6451
 11
127.645
 21
29.4206
  0
LINE
  8
0
 10
127.645
 20
29.4206
 11
127.645
 21
28.9761
  0
LINE
  8
0
 10
127.645
 20
28.9761
 11
129.393
 21
28.9761
  0
LINE
  8
0
 10
129.393
 20
28.9761
 11
129.393
 21
29.4654
  0
LINE
  8
0
 10
22.8953
 20
31.1306
 11
22.2617
 21
31.1306
  0
LINE
  8
0
 10
22.2617
 20
31.1306
 11
22.2617
 21
28.9761
  0
LINE
  8
0
 10
22.2617
 20
28.9761
 11
22.8953
 21
28.9761
  0
LINE
  8
0
 10
22.8953
 20
28.9761
 11
22.8953
 21
31.1306
  0
LINE
  8
0
 10
116.15
 20
31.1306
 11
115.516
 21
31.1306
  0
LINE
  8
0
 10
115.516
 20
31.1306
 11
115.516
 21
28.9761
  0
LINE
  8
0
 10
115.516
 20
28.9761
 11
116.15
 21
28.9761
  0
LINE
  8
0
 10
116.15
 20
28.9761
 11
116.15
 21
31.1306
  0
LINE
  8
0
 10
75.6483
 20
31.1306
 11
75.0147
 21
31.1306
  0
LINE
  8
0
 10
75.0147
 20
31.1306
 11
75.0147
 21
28.9761
  0
LINE
  8
0
 10
75.0147
 20
28.9761
 11
75.6483
 21
28.9761
  0
LINE
  8
0
 10
75.6483
 20
28.9761
 11
75.6483
 21
31.1306
  0
LINE
  8
0
 10
34.7113
 20
31.1306
 11
34.0777
 21
31.1306
  0
LINE
  8
0
 10
34.0777
 20
31.1306
 11
34.0777
 21
28.9761
  0
LINE
  8
0
 10
34.0777
 20
28.9761
 11
34.7113
 21
28.9761
  0
LINE
  8
0
 10
34.7113
 20
28.9761
 11
34.7113
 21
31.1306
  0
LINE
  8
0
 10
86.1023
 20
31.0394
 11
85.4555
 21
31.0394
  0
LINE
  8
0
 10
85.4555
 20
31.0394
 11
85.4555
 21
30.404
  0
LINE
  8
0
 10
85.4555
 20
30.404
 11
86.1023
 21
30.404
  0
LINE
  8
0
 10
86.1023
 20
30.404
 11
86.1023
 21
31.0394
  0
LINE
  8
0
 10
85.9857
 20
28.5586
 11
86.0522
 21
28.7353
  0
LINE
  8
0
 10
86.0522
 20
28.7353
 11
86.09
 21
28.9307
  0
LINE
  8
0
 10
86.09
 20
28.9307
 11
86.1023
 21
29.1501
  0
LINE
  8
0
 10
86.1023
 20
29.1501
 11
86.1023
 21
29.6097
  0
LINE
  8
0
 10
86.1023
 20
29.6097
 11
85.4555
 21
29.6097
  0
LINE
  8
0
 10
85.4555
 20
29.6097
 11
85.4555
 21
28.9761
  0
LINE
  8
0
 10
85.4555
 20
28.9761
 11
85.6942
 21
28.9761
  0
LINE
  8
0
 10
85.6942
 20
28.9761
 11
85.685
 21
28.8965
  0
LINE
  8
0
 10
85.685
 20
28.8965
 11
85.6386
 21
28.7539
  0
LINE
  8
0
 10
85.6386
 20
28.7539
 11
85.5625
 21
28.6046
  0
LINE
  8
0
 10
85.5625
 20
28.6046
 11
85.4022
 21
28.3742
  0
LINE
  8
0
 10
85.4022
 20
28.3742
 11
85.8756
 21
28.3742
  0
LINE
  8
0
 10
85.8756
 20
28.3742
 11
85.9857
 21
28.5586
  0
LINE
  8
0
 10
112.536
 20
21.6799
 11
112.363
 21
22.1029
  0
LINE
  8
0
 10
112.363
 20
22.1029
 11
112.263
 21
22.5444
  0
LINE
  8
0
 10
112.263
 20
22.5444
 11
112.23
 21
23.0325
  0
LINE
  8
0
 10
112.23
 20
23.0325
 11
112.264
 21
23.5226
  0
LINE
  8
0
 10
112.264
 20
23.5226
 11
112.364
 21
23.9667
  0
LINE
  8
0
 10
112.364
 20
23.9667
 11
112.538
 21
24.3895
  0
LINE
  8
0
 10
112.538
 20
24.3895
 11
112.84
 21
24.8939
  0
LINE
  8
0
 10
112.84
 20
24.8939
 11
112.19
 21
24.8939
  0
LINE
  8
0
 10
112.19
 20
24.8939
 11
111.917
 21
24.4394
  0
LINE
  8
0
 10
111.917
 20
24.4394
 11
111.739
 21
24.0053
  0
LINE
  8
0
 10
111.739
 20
24.0053
 11
111.638
 21
23.5453
  0
LINE
  8
0
 10
111.638
 20
23.5453
 11
111.604
 21
23.0343
  0
LINE
  8
0
 10
111.604
 20
23.0343
 11
111.638
 21
22.5218
  0
LINE
  8
0
 10
111.638
 20
22.5218
 11
111.739
 21
22.0606
  0
LINE
  8
0
 10
111.739
 20
22.0606
 11
111.916
 21
21.6254
  0
LINE
  8
0
 10
111.916
 20
21.6254
 11
112.19
 21
21.1692
  0
LINE
  8
0
 10
112.19
 20
21.1692
 11
112.84
 21
21.1692
  0
LINE
  8
0
 10
112.84
 20
21.1692
 11
112.536
 21
21.6799
  0
LINE
  8
0
 10
128.419
 20
22.036
 11
128.605
 21
22.2436
  0
LINE
  8
0
 10
128.605
 20
22.2436
 11
128.611
 21
22.165
  0
LINE
  8
0
 10
128.611
 20
22.165
 11
128.621
 21
22.0695
  0
LINE
  8
0
 10
128.621
 20
22.0695
 11
128.636
 21
21.9761
  0
LINE
  8
0
 10
128.636
 20
21.9761
 11
129.248
 21
21.9761
  0
LINE
  8
0
 10
129.248
 20
21.9761
 11
129.234
 21
22.269
  0
LINE
  8
0
 10
129.234
 20
22.269
 11
129.23
 21
22.4742
  0
LINE
  8
0
 10
129.23
 20
22.4742
 11
129.23
 21
24.8939
  0
LINE
  8
0
 10
129.23
 20
24.8939
 11
128.596
 21
24.8939
  0
LINE
  8
0
 10
128.596
 20
24.8939
 11
128.596
 21
24.0936
  0
LINE
  8
0
 10
128.596
 20
24.0936
 11
128.598
 21
23.9202
  0
LINE
  8
0
 10
128.598
 20
23.9202
 11
128.58
 21
23.9479
  0
LINE
  8
0
 10
128.58
 20
23.9479
 11
128.428
 21
24.0711
  0
LINE
  8
0
 10
128.428
 20
24.0711
 11
128.241
 21
24.1447
  0
LINE
  8
0
 10
128.241
 20
24.1447
 11
128.023
 21
24.1691
  0
LINE
  8
0
 10
128.023
 20
24.1691
 11
127.668
 21
24.0954
  0
LINE
  8
0
 10
127.668
 20
24.0954
 11
127.401
 21
23.8714
  0
LINE
  8
0
 10
127.401
 20
23.8714
 11
127.238
 21
23.5177
  0
LINE
  8
0
 10
127.238
 20
23.5177
 11
127.185
 21
23.0516
  0
LINE
  8
0
 10
127.185
 20
23.0516
 11
127.236
 21
22.591
  0
LINE
  8
0
 10
127.236
 20
22.591
 11
127.39
 21
22.2381
  0
LINE
  8
0
 10
127.39
 20
22.2381
 11
127.644
 21
22.0121
  0
LINE
  8
0
 10
127.644
 20
22.0121
 11
127.986
 21
21.9369
  0
LINE
  8
0
 10
127.986
 20
21.9369
 11
128.419
 21
22.036
  0
LINE
  8
0
 10
127.941
 20
22.5599
 11
127.842
 21
23.0543
  0
LINE
  8
0
 10
127.842
 20
23.0543
 11
127.867
 21
23.3519
  0
LINE
  8
0
 10
127.867
 20
23.3519
 11
127.94
 21
23.5546
  0
LINE
  8
0
 10
127.94
 20
23.5546
 11
128.053
 21
23.6669
  0
LINE
  8
0
 10
128.053
 20
23.6669
 11
128.215
 21
23.7045
  0
LINE
  8
0
 10
128.215
 20
23.7045
 11
128.38
 21
23.6656
  0
LINE
  8
0
 10
128.38
 20
23.6656
 11
128.5
 21
23.5484
  0
LINE
  8
0
 10
128.5
 20
23.5484
 11
128.577
 21
23.3473
  0
LINE
  8
0
 10
128.577
 20
23.3473
 11
128.604
 21
23.0648
  0
LINE
  8
0
 10
128.604
 20
23.0648
 11
128.576
 21
22.7738
  0
LINE
  8
0
 10
128.576
 20
22.7738
 11
128.495
 21
22.5658
  0
LINE
  8
0
 10
128.495
 20
22.5658
 11
128.373
 21
22.4442
  0
LINE
  8
0
 10
128.373
 20
22.4442
 11
128.219
 21
22.406
  0
LINE
  8
0
 10
128.219
 20
22.406
 11
127.941
 21
22.5599
  0
LINE
  8
0
 10
65.2555
 20
24.8939
 11
64.6219
 21
24.8939
  0
LINE
  8
0
 10
64.6219
 20
24.8939
 11
64.6219
 21
21.9761
  0
LINE
  8
0
 10
64.6219
 20
21.9761
 11
65.2555
 21
21.9761
  0
LINE
  8
0
 10
65.2555
 20
21.9761
 11
65.2555
 21
24.8939
  0
LINE
  8
0
 10
136.993
 20
21.6283
 11
137.171
 21
22.0645
  0
LINE
  8
0
 10
137.171
 20
22.0645
 11
137.271
 21
22.5247
  0
LINE
  8
0
 10
137.271
 20
22.5247
 11
137.305
 21
23.0344
  0
LINE
  8
0
 10
137.305
 20
23.0344
 11
137.271
 21
23.5412
  0
LINE
  8
0
 10
137.271
 20
23.5412
 11
137.171
 21
24.0005
  0
LINE
  8
0
 10
137.171
 20
24.0005
 11
136.993
 21
24.4362
  0
LINE
  8
0
 10
136.993
 20
24.4362
 11
136.719
 21
24.8939
  0
LINE
  8
0
 10
136.719
 20
24.8939
 11
136.069
 21
24.8939
  0
LINE
  8
0
 10
136.069
 20
24.8939
 11
136.37
 21
24.3921
  0
LINE
  8
0
 10
136.37
 20
24.3921
 11
136.544
 21
23.9695
  0
LINE
  8
0
 10
136.544
 20
23.9695
 11
136.645
 21
23.5243
  0
LINE
  8
0
 10
136.645
 20
23.5243
 11
136.678
 21
23.0324
  0
LINE
  8
0
 10
136.678
 20
23.0324
 11
136.645
 21
22.5435
  0
LINE
  8
0
 10
136.645
 20
22.5435
 11
136.547
 21
22.1029
  0
LINE
  8
0
 10
136.547
 20
22.1029
 11
136.374
 21
21.6809
  0
LINE
  8
0
 10
136.374
 20
21.6809
 11
136.069
 21
21.1692
  0
LINE
  8
0
 10
136.069
 20
21.1692
 11
136.719
 21
21.1692
  0
LINE
  8
0
 10
136.719
 20
21.1692
 11
136.993
 21
21.6283
  0
LINE
  8
0
 10
45.8385
 20
23.1224
 11
45.8668
 21
23.3481
  0
LINE
  8
0
 10
45.8668
 20
23.3481
 11
45.9481
 21
23.5215
  0
LINE
  8
0
 10
45.9481
 20
23.5215
 11
46.0686
 21
23.6307
  0
LINE
  8
0
 10
46.0686
 20
23.6307
 11
46.2135
 21
23.6651
  0
LINE
  8
0
 10
46.2135
 20
23.6651
 11
46.4508
 21
23.5483
  0
LINE
  8
0
 10
46.4508
 20
23.5483
 11
46.5359
 21
23.1712
  0
LINE
  8
0
 10
46.5359
 20
23.1712
 11
46.5359
 21
21.9761
  0
LINE
  8
0
 10
46.5359
 20
21.9761
 11
47.1676
 21
21.9761
  0
LINE
  8
0
 10
47.1676
 20
21.9761
 11
47.1676
 21
23.3318
  0
LINE
  8
0
 10
47.1676
 20
23.3318
 11
47.1224
 21
23.6848
  0
LINE
  8
0
 10
47.1224
 20
23.6848
 11
46.9815
 21
23.9512
  0
LINE
  8
0
 10
46.9815
 20
23.9512
 11
46.75
 21
24.1155
  0
LINE
  8
0
 10
46.75
 20
24.1155
 11
46.4428
 21
24.1691
  0
LINE
  8
0
 10
46.4428
 20
24.1691
 11
46.2177
 21
24.1406
  0
LINE
  8
0
 10
46.2177
 20
24.1406
 11
46.0245
 21
24.0545
  0
LINE
  8
0
 10
46.0245
 20
24.0545
 11
45.8637
 21
23.9054
  0
LINE
  8
0
 10
45.8637
 20
23.9054
 11
45.8339
 21
23.8559
  0
LINE
  8
0
 10
45.8339
 20
23.8559
 11
45.8346
 21
23.8684
  0
LINE
  8
0
 10
45.8346
 20
23.8684
 11
45.8385
 21
24.0744
  0
LINE
  8
0
 10
45.8385
 20
24.0744
 11
45.8385
 21
24.8939
  0
LINE
  8
0
 10
45.8385
 20
24.8939
 11
45.2049
 21
24.8939
  0
LINE
  8
0
 10
45.2049
 20
24.8939
 11
45.2049
 21
21.9761
  0
LINE
  8
0
 10
45.2049
 20
21.9761
 11
45.8385
 21
21.9761
  0
LINE
  8
0
 10
45.8385
 20
21.9761
 11
45.8385
 21
23.1224
  0
LINE
  8
0
 10
131.729
 20
24.8939
 11
131.095
 21
24.8939
  0
LINE
  8
0
 10
131.095
 20
24.8939
 11
131.095
 21
24.4008
  0
LINE
  8
0
 10
131.095
 20
24.4008
 11
131.729
 21
24.4008
  0
LINE
  8
0
 10
131.729
 20
24.4008
 11
131.729
 21
24.8939
  0
LINE
  8
0
 10
18.9242
 20
24.8939
 11
18.2906
 21
24.8939
  0
LINE
  8
0
 10
18.2906
 20
24.8939
 11
18.2906
 21
21.9761
  0
LINE
  8
0
 10
18.2906
 20
21.9761
 11
18.9242
 21
21.9761
  0
LINE
  8
0
 10
18.9242
 20
21.9761
 11
18.9242
 21
24.8939
  0
LINE
  8
0
 10
17.8691
 20
24.8939
 11
17.2355
 21
24.8939
  0
LINE
  8
0
 10
17.2355
 20
24.8939
 11
17.2355
 21
24.4008
  0
LINE
  8
0
 10
17.2355
 20
24.4008
 11
17.8691
 21
24.4008
  0
LINE
  8
0
 10
17.8691
 20
24.4008
 11
17.8691
 21
24.8939
  0
LINE
  8
0
 10
66.3107
 20
24.8939
 11
65.6771
 21
24.8939
  0
LINE
  8
0
 10
65.6771
 20
24.8939
 11
65.6771
 21
24.4008
  0
LINE
  8
0
 10
65.6771
 20
24.4008
 11
66.3107
 21
24.4008
  0
LINE
  8
0
 10
66.3107
 20
24.4008
 11
66.3107
 21
24.8939
  0
LINE
  8
0
 10
85.941
 20
24.8939
 11
85.3074
 21
24.8939
  0
LINE
  8
0
 10
85.3074
 20
24.8939
 11
85.3074
 21
21.9761
  0
LINE
  8
0
 10
85.3074
 20
21.9761
 11
85.941
 21
21.9761
  0
LINE
  8
0
 10
85.941
 20
21.9761
 11
85.941
 21
24.8939
  0
LINE
  8
0
 10
99.0217
 20
23.1224
 11
99.05
 21
23.3481
  0
LINE
  8
0
 10
99.05
 20
23.3481
 11
99.1313
 21
23.5215
  0
LINE
  8
0
 10
99.1313
 20
23.5215
 11
99.2518
 21
23.6307
  0
LINE
  8
0
 10
99.2518
 20
23.6307
 11
99.3967
 21
23.6651
  0
LINE
  8
0
 10
99.3967
 20
23.6651
 11
99.634
 21
23.5483
  0
LINE
  8
0
 10
99.634
 20
23.5483
 11
99.7191
 21
23.1712
  0
LINE
  8
0
 10
99.7191
 20
23.1712
 11
99.7191
 21
21.9761
  0
LINE
  8
0
 10
99.7191
 20
21.9761
 11
100.351
 21
21.9761
  0
LINE
  8
0
 10
100.351
 20
21.9761
 11
100.351
 21
23.3318
  0
LINE
  8
0
 10
100.351
 20
23.3318
 11
100.306
 21
23.6848
  0
LINE
  8
0
 10
100.306
 20
23.6848
 11
100.165
 21
23.9512
  0
LINE
  8
0
 10
100.165
 20
23.9512
 11
99.9332
 21
24.1155
  0
LINE
  8
0
 10
99.9332
 20
24.1155
 11
99.626
 21
24.1691
  0
LINE
  8
0
 10
99.626
 20
24.1691
 11
99.4009
 21
24.1406
  0
LINE
  8
0
 10
99.4009
 20
24.1406
 11
99.2076
 21
24.0545
  0
LINE
  8
0
 10
99.2076
 20
24.0545
 11
99.0469
 21
23.9054
  0
LINE
  8
0
 10
99.0469
 20
23.9054
 11
99.0171
 21
23.8559
  0
LINE
  8
0
 10
99.0171
 20
23.8559
 11
99.0178
 21
23.8684
  0
LINE
  8
0
 10
99.0178
 20
23.8684
 11
99.0217
 21
24.0744
  0
LINE
  8
0
 10
99.0217
 20
24.0744
 11
99.0217
 21
24.8939
  0
LINE
  8
0
 10
99.0217
 20
24.8939
 11
98.3881
 21
24.8939
  0
LINE
  8
0
 10
98.3881
 20
24.8939
 11
98.3881
 21
21.9761
  0
LINE
  8
0
 10
98.3881
 20
21.9761
 11
99.0217
 21
21.9761
  0
LINE
  8
0
 10
99.0217
 20
21.9761
 11
99.0217
 21
23.1224
  0
LINE
  8
0
 10
118.012
 20
24.8939
 11
117.379
 21
24.8939
  0
LINE
  8
0
 10
117.379
 20
24.8939
 11
117.379
 21
21.9761
  0
LINE
  8
0
 10
117.379
 20
21.9761
 11
118.012
 21
21.9761
  0
LINE
  8
0
 10
118.012
 20
21.9761
 11
118.012
 21
24.8939
  0
LINE
  8
0
 10
109.428
 20
22.036
 11
109.614
 21
22.2436
  0
LINE
  8
0
 10
109.614
 20
22.2436
 11
109.62
 21
22.165
  0
LINE
  8
0
 10
109.62
 20
22.165
 11
109.63
 21
22.0695
  0
LINE
  8
0
 10
109.63
 20
22.0695
 11
109.646
 21
21.9761
  0
LINE
  8
0
 10
109.646
 20
21.9761
 11
110.257
 21
21.9761
  0
LINE
  8
0
 10
110.257
 20
21.9761
 11
110.243
 21
22.269
  0
LINE
  8
0
 10
110.243
 20
22.269
 11
110.239
 21
22.4742
  0
LINE
  8
0
 10
110.239
 20
22.4742
 11
110.239
 21
24.8939
  0
LINE
  8
0
 10
110.239
 20
24.8939
 11
109.606
 21
24.8939
  0
LINE
  8
0
 10
109.606
 20
24.8939
 11
109.606
 21
24.0936
  0
LINE
  8
0
 10
109.606
 20
24.0936
 11
109.608
 21
23.9202
  0
LINE
  8
0
 10
109.608
 20
23.9202
 11
109.59
 21
23.9479
  0
LINE
  8
0
 10
109.59
 20
23.9479
 11
109.437
 21
24.0711
  0
LINE
  8
0
 10
109.437
 20
24.0711
 11
109.251
 21
24.1447
  0
LINE
  8
0
 10
109.251
 20
24.1447
 11
109.033
 21
24.1691
  0
LINE
  8
0
 10
109.033
 20
24.1691
 11
108.678
 21
24.0954
  0
LINE
  8
0
 10
108.678
 20
24.0954
 11
108.41
 21
23.8714
  0
LINE
  8
0
 10
108.41
 20
23.8714
 11
108.248
 21
23.5177
  0
LINE
  8
0
 10
108.248
 20
23.5177
 11
108.195
 21
23.0516
  0
LINE
  8
0
 10
108.195
 20
23.0516
 11
108.245
 21
22.591
  0
LINE
  8
0
 10
108.245
 20
22.591
 11
108.399
 21
22.2381
  0
LINE
  8
0
 10
108.399
 20
22.2381
 11
108.654
 21
22.0121
  0
LINE
  8
0
 10
108.654
 20
22.0121
 11
108.995
 21
21.9369
  0
LINE
  8
0
 10
108.995
 20
21.9369
 11
109.428
 21
22.036
  0
LINE
  8
0
 10
108.951
 20
22.5599
 11
108.852
 21
23.0543
  0
LINE
  8
0
 10
108.852
 20
23.0543
 11
108.877
 21
23.3519
  0
LINE
  8
0
 10
108.877
 20
23.3519
 11
108.949
 21
23.5546
  0
LINE
  8
0
 10
108.949
 20
23.5546
 11
109.063
 21
23.6669
  0
LINE
  8
0
 10
109.063
 20
23.6669
 11
109.225
 21
23.7045
  0
LINE
  8
0
 10
109.225
 20
23.7045
 11
109.39
 21
23.6656
  0
LINE
  8
0
 10
109.39
 20
23.6656
 11
109.51
 21
23.5484
  0
LINE
  8
0
 10
109.51
 20
23.5484
 11
109.587
 21
23.3473
  0
LINE
  8
0
 10
109.587
 20
23.3473
 11
109.613
 21
23.0648
  0
LINE
  8
0
 10
109.613
 20
23.0648
 11
109.585
 21
22.7738
  0
LINE
  8
0
 10
109.585
 20
22.7738
 11
109.505
 21
22.5658
  0
LINE
  8
0
 10
109.505
 20
22.5658
 11
109.383
 21
22.4442
  0
LINE
  8
0
 10
109.383
 20
22.4442
 11
109.228
 21
22.406
  0
LINE
  8
0
 10
109.228
 20
22.406
 11
108.951
 21
22.5599
  0
LINE
  8
0
 10
77.6881
 20
22.0301
 11
78.0213
 21
22.3105
  0
LINE
  8
0
 10
78.0213
 20
22.3105
 11
78.2243
 21
22.7712
  0
LINE
  8
0
 10
78.2243
 20
22.7712
 11
78.2906
 21
23.4064
  0
LINE
  8
0
 10
78.2906
 20
23.4064
 11
78.2307
 21
24.0036
  0
LINE
  8
0
 10
78.2307
 20
24.0036
 11
78.0473
 21
24.4386
  0
LINE
  8
0
 10
78.0473
 20
24.4386
 11
77.7323
 21
24.7045
  0
LINE
  8
0
 10
77.7323
 20
24.7045
 11
77.2922
 21
24.7921
  0
LINE
  8
0
 10
77.2922
 20
24.7921
 11
76.8781
 21
24.7299
  0
LINE
  8
0
 10
76.8781
 20
24.7299
 11
76.5651
 21
24.5408
  0
LINE
  8
0
 10
76.5651
 20
24.5408
 11
76.3701
 21
24.2389
  0
LINE
  8
0
 10
76.3701
 20
24.2389
 11
76.3062
 21
23.8456
  0
LINE
  8
0
 10
76.3062
 20
23.8456
 11
76.3606
 21
23.4614
  0
LINE
  8
0
 10
76.3606
 20
23.4614
 11
76.5262
 21
23.161
  0
LINE
  8
0
 10
76.5262
 20
23.161
 11
76.7885
 21
22.9677
  0
LINE
  8
0
 10
76.7885
 20
22.9677
 11
77.1238
 21
22.9041
  0
LINE
  8
0
 10
77.1238
 20
22.9041
 11
77.3205
 21
22.9257
  0
LINE
  8
0
 10
77.3205
 20
22.9257
 11
77.5027
 21
22.9903
  0
LINE
  8
0
 10
77.5027
 20
22.9903
 11
77.6512
 21
23.0914
  0
LINE
  8
0
 10
77.6512
 20
23.0914
 11
77.634
 21
22.8991
  0
LINE
  8
0
 10
77.634
 20
22.8991
 11
77.548
 21
22.6483
  0
LINE
  8
0
 10
77.548
 20
22.6483
 11
77.4184
 21
22.5059
  0
LINE
  8
0
 10
77.4184
 20
22.5059
 11
77.2485
 21
22.4599
  0
LINE
  8
0
 10
77.2485
 20
22.4599
 11
77.0615
 21
22.5194
  0
LINE
  8
0
 10
77.0615
 20
22.5194
 11
76.9318
 21
22.7411
  0
LINE
  8
0
 10
76.9318
 20
22.7411
 11
76.3342
 21
22.6573
  0
LINE
  8
0
 10
76.3342
 20
22.6573
 11
76.4738
 21
22.3074
  0
LINE
  8
0
 10
76.4738
 20
22.3074
 11
76.6574
 21
22.0984
  0
LINE
  8
0
 10
76.6574
 20
22.0984
 11
76.9126
 21
21.9772
  0
LINE
  8
0
 10
76.9126
 20
21.9772
 11
77.2438
 21
21.9375
  0
LINE
  8
0
 10
77.2438
 20
21.9375
 11
77.6881
 21
22.0301
  0
LINE
  8
0
 10
77.1416
 20
23.4313
 11
77.0389
 21
23.5168
  0
LINE
  8
0
 10
77.0389
 20
23.5168
 11
76.9717
 21
23.6557
  0
LINE
  8
0
 10
76.9717
 20
23.6557
 11
76.9483
 21
23.8413
  0
LINE
  8
0
 10
76.9483
 20
23.8413
 11
76.9719
 21
24.0281
  0
LINE
  8
0
 10
76.9719
 20
24.0281
 11
77.0394
 21
24.1632
  0
LINE
  8
0
 10
77.0394
 20
24.1632
 11
77.1416
 21
24.2449
  0
LINE
  8
0
 10
77.1416
 20
24.2449
 11
77.2771
 21
24.2725
  0
LINE
  8
0
 10
77.2771
 20
24.2725
 11
77.417
 21
24.2408
  0
LINE
  8
0
 10
77.417
 20
24.2408
 11
77.5266
 21
24.1456
  0
LINE
  8
0
 10
77.5266
 20
24.1456
 11
77.6005
 21
23.9898
  0
LINE
  8
0
 10
77.6005
 20
23.9898
 11
77.6259
 21
23.7815
  0
LINE
  8
0
 10
77.6259
 20
23.7815
 11
77.6004
 21
23.6225
  0
LINE
  8
0
 10
77.6004
 20
23.6225
 11
77.5265
 21
23.5035
  0
LINE
  8
0
 10
77.5265
 20
23.5035
 11
77.4164
 21
23.4278
  0
LINE
  8
0
 10
77.4164
 20
23.4278
 11
77.2802
 21
23.4024
  0
LINE
  8
0
 10
77.2802
 20
23.4024
 11
77.1416
 21
23.4313
  0
LINE
  8
0
 10
75.576
 20
22.0301
 11
75.9092
 21
22.3105
  0
LINE
  8
0
 10
75.9092
 20
22.3105
 11
76.1122
 21
22.7712
  0
LINE
  8
0
 10
76.1122
 20
22.7712
 11
76.1785
 21
23.4064
  0
LINE
  8
0
 10
76.1785
 20
23.4064
 11
76.1186
 21
24.0036
  0
LINE
  8
0
 10
76.1186
 20
24.0036
 11
75.9352
 21
24.4386
  0
LINE
  8
0
 10
75.9352
 20
24.4386
 11
75.6202
 21
24.7045
  0
LINE
  8
0
 10
75.6202
 20
24.7045
 11
75.1801
 21
24.7921
  0
LINE
  8
0
 10
75.1801
 20
24.7921
 11
74.7659
 21
24.7299
  0
LINE
  8
0
 10
74.7659
 20
24.7299
 11
74.453
 21
24.5408
  0
LINE
  8
0
 10
74.453
 20
24.5408
 11
74.258
 21
24.2389
  0
LINE
  8
0
 10
74.258
 20
24.2389
 11
74.1942
 21
23.8456
  0
LINE
  8
0
 10
74.1942
 20
23.8456
 11
74.2485
 21
23.4614
  0
LINE
  8
0
 10
74.2485
 20
23.4614
 11
74.4141
 21
23.161
  0
LINE
  8
0
 10
74.4141
 20
23.161
 11
74.6763
 21
22.9677
  0
LINE
  8
0
 10
74.6763
 20
22.9677
 11
75.0117
 21
22.9041
  0
LINE
  8
0
 10
75.0117
 20
22.9041
 11
75.2084
 21
22.9257
  0
LINE
  8
0
 10
75.2084
 20
22.9257
 11
75.3906
 21
22.9903
  0
LINE
  8
0
 10
75.3906
 20
22.9903
 11
75.5391
 21
23.0914
  0
LINE
  8
0
 10
75.5391
 20
23.0914
 11
75.5219
 21
22.8991
  0
LINE
  8
0
 10
75.5219
 20
22.8991
 11
75.4359
 21
22.6483
  0
LINE
  8
0
 10
75.4359
 20
22.6483
 11
75.3062
 21
22.5059
  0
LINE
  8
0
 10
75.3062
 20
22.5059
 11
75.1364
 21
22.4599
  0
LINE
  8
0
 10
75.1364
 20
22.4599
 11
74.9494
 21
22.5194
  0
LINE
  8
0
 10
74.9494
 20
22.5194
 11
74.8197
 21
22.7411
  0
LINE
  8
0
 10
74.8197
 20
22.7411
 11
74.2221
 21
22.6573
  0
LINE
  8
0
 10
74.2221
 20
22.6573
 11
74.3617
 21
22.3074
  0
LINE
  8
0
 10
74.3617
 20
22.3074
 11
74.5453
 21
22.0984
  0
LINE
  8
0
 10
74.5453
 20
22.0984
 11
74.8005
 21
21.9772
  0
LINE
  8
0
 10
74.8005
 20
21.9772
 11
75.1317
 21
21.9375
  0
LINE
  8
0
 10
75.1317
 20
21.9375
 11
75.576
 21
22.0301
  0
LINE
  8
0
 10
75.0294
 20
23.4313
 11
74.9268
 21
23.5168
  0
LINE
  8
0
 10
74.9268
 20
23.5168
 11
74.8596
 21
23.6557
  0
LINE
  8
0
 10
74.8596
 20
23.6557
 11
74.8362
 21
23.8413
  0
LINE
  8
0
 10
74.8362
 20
23.8413
 11
74.8598
 21
24.0281
  0
LINE
  8
0
 10
74.8598
 20
24.0281
 11
74.9273
 21
24.1633
  0
LINE
  8
0
 10
74.9273
 20
24.1633
 11
75.0295
 21
24.2449
  0
LINE
  8
0
 10
75.0295
 20
24.2449
 11
75.165
 21
24.2725
  0
LINE
  8
0
 10
75.165
 20
24.2725
 11
75.3049
 21
24.2408
  0
LINE
  8
0
 10
75.3049
 20
24.2408
 11
75.4145
 21
24.1456
  0
LINE
  8
0
 10
75.4145
 20
24.1456
 11
75.4884
 21
23.9898
  0
LINE
  8
0
 10
75.4884
 20
23.9898
 11
75.5138
 21
23.7815
  0
LINE
  8
0
 10
75.5138
 20
23.7815
 11
75.4883
 21
23.6225
  0
LINE
  8
0
 10
75.4883
 20
23.6225
 11
75.4144
 21
23.5035
  0
LINE
  8
0
 10
75.4144
 20
23.5035
 11
75.3043
 21
23.4278
  0
LINE
  8
0
 10
75.3043
 20
23.4278
 11
75.168
 21
23.4024
  0
LINE
  8
0
 10
75.168
 20
23.4024
 11
75.0294
 21
23.4313
  0
LINE
  8
0
 10
26.5663
 20
22.5148
 11
25.36
 21
22.5148
  0
LINE
  8
0
 10
25.36
 20
22.5148
 11
25.3829
 21
22.5557
  0
LINE
  8
0
 10
25.3829
 20
22.5557
 11
25.4731
 21
22.6618
  0
LINE
  8
0
 10
25.4731
 20
22.6618
 11
25.5853
 21
22.7668
  0
LINE
  8
0
 10
25.5853
 20
22.7668
 11
25.7108
 21
22.8723
  0
LINE
  8
0
 10
25.7108
 20
22.8723
 11
25.8452
 21
22.9796
  0
LINE
  8
0
 10
25.8452
 20
22.9796
 11
25.9852
 21
23.0907
  0
LINE
  8
0
 10
25.9852
 20
23.0907
 11
26.1226
 21
23.2088
  0
LINE
  8
0
 10
26.1226
 20
23.2088
 11
26.2482
 21
23.3364
  0
LINE
  8
0
 10
26.2482
 20
23.3364
 11
26.3575
 21
23.4755
  0
LINE
  8
0
 10
26.3575
 20
23.4755
 11
26.4462
 21
23.6287
  0
LINE
  8
0
 10
26.4462
 20
23.6287
 11
26.5052
 21
23.7996
  0
LINE
  8
0
 10
26.5052
 20
23.7996
 11
26.525
 21
23.9914
  0
LINE
  8
0
 10
26.525
 20
23.9914
 11
26.4638
 21
24.3268
  0
LINE
  8
0
 10
26.4638
 20
24.3268
 11
26.2764
 21
24.5827
  0
LINE
  8
0
 10
26.2764
 20
24.5827
 11
25.9763
 21
24.7404
  0
LINE
  8
0
 10
25.9763
 20
24.7404
 11
25.5782
 21
24.7918
  0
LINE
  8
0
 10
25.5782
 20
24.7918
 11
25.2041
 21
24.7408
  0
LINE
  8
0
 10
25.2041
 20
24.7408
 11
24.9121
 21
24.5848
  0
LINE
  8
0
 10
24.9121
 20
24.5848
 11
24.7138
 21
24.329
  0
LINE
  8
0
 10
24.7138
 20
24.329
 11
24.6019
 21
23.9316
  0
LINE
  8
0
 10
24.6019
 20
23.9316
 11
25.2422
 21
23.8954
  0
LINE
  8
0
 10
25.2422
 20
23.8954
 11
25.2931
 21
24.0884
  0
LINE
  8
0
 10
25.2931
 20
24.0884
 11
25.357
 21
24.1874
  0
LINE
  8
0
 10
25.357
 20
24.1874
 11
25.4492
 21
24.2451
  0
LINE
  8
0
 10
25.4492
 20
24.2451
 11
25.5778
 21
24.2648
  0
LINE
  8
0
 10
25.5778
 20
24.2648
 11
25.8061
 21
24.1891
  0
LINE
  8
0
 10
25.8061
 20
24.1891
 11
25.8818
 21
23.9633
  0
LINE
  8
0
 10
25.8818
 20
23.9633
 11
25.8577
 21
23.8406
  0
LINE
  8
0
 10
25.8577
 20
23.8406
 11
25.7799
 21
23.706
  0
LINE
  8
0
 10
25.7799
 20
23.706
 11
25.6306
 21
23.544
  0
LINE
  8
0
 10
25.6306
 20
23.544
 11
25.3936
 21
23.3379
  0
LINE
  8
0
 10
25.3936
 20
23.3379
 11
25.1246
 21
23.104
  0
LINE
  8
0
 10
25.1246
 20
23.104
 11
24.9035
 21
22.8773
  0
LINE
  8
0
 10
24.9035
 20
22.8773
 11
24.7288
 21
22.6509
  0
LINE
  8
0
 10
24.7288
 20
22.6509
 11
24.5942
 21
22.4094
  0
LINE
  8
0
 10
24.5942
 20
22.4094
 11
24.5942
 21
21.9761
  0
LINE
  8
0
 10
24.5942
 20
21.9761
 11
26.5663
 21
21.9761
  0
LINE
  8
0
 10
26.5663
 20
21.9761
 11
26.5663
 21
22.5148
  0
LINE
  8
0
 10
29.1679
 20
21.9852
 11
29.4851
 21
22.1483
  0
LINE
  8
0
 10
29.4851
 20
22.1483
 11
29.6841
 21
22.4147
  0
LINE
  8
0
 10
29.6841
 20
22.4147
 11
29.7496
 21
22.7683
  0
LINE
  8
0
 10
29.7496
 20
22.7683
 11
29.7047
 21
23.0226
  0
LINE
  8
0
 10
29.7047
 20
23.0226
 11
29.5687
 21
23.2289
  0
LINE
  8
0
 10
29.5687
 20
23.2289
 11
29.3516
 21
23.3729
  0
LINE
  8
0
 10
29.3516
 20
23.3729
 11
29.2255
 21
23.4047
  0
LINE
  8
0
 10
29.2255
 20
23.4047
 11
29.327
 21
23.438
  0
LINE
  8
0
 10
29.327
 20
23.438
 11
29.521
 21
23.5831
  0
LINE
  8
0
 10
29.521
 20
23.5831
 11
29.6414
 21
23.7835
  0
LINE
  8
0
 10
29.6414
 20
23.7835
 11
29.6812
 21
24.0302
  0
LINE
  8
0
 10
29.6812
 20
24.0302
 11
29.618
 21
24.3487
  0
LINE
  8
0
 10
29.618
 20
24.3487
 11
29.4264
 21
24.5921
  0
LINE
  8
0
 10
29.4264
 20
24.5921
 11
29.1266
 21
24.7426
  0
LINE
  8
0
 10
29.1266
 20
24.7426
 11
28.7377
 21
24.7918
  0
LINE
  8
0
 10
28.7377
 20
24.7918
 11
28.3652
 21
24.7408
  0
LINE
  8
0
 10
28.3652
 20
24.7408
 11
28.0661
 21
24.5855
  0
LINE
  8
0
 10
28.0661
 20
24.5855
 11
27.859
 21
24.3369
  0
LINE
  8
0
 10
27.859
 20
24.3369
 11
27.7456
 21
23.9592
  0
LINE
  8
0
 10
27.7456
 20
23.9592
 11
28.3834
 21
23.9138
  0
LINE
  8
0
 10
28.3834
 20
23.9138
 11
28.4279
 21
24.0933
  0
LINE
  8
0
 10
28.4279
 20
24.0933
 11
28.496
 21
24.187
  0
LINE
  8
0
 10
28.496
 20
24.187
 11
28.5961
 21
24.2452
  0
LINE
  8
0
 10
28.5961
 20
24.2452
 11
28.7285
 21
24.2654
  0
LINE
  8
0
 10
28.7285
 20
24.2654
 11
28.8663
 21
24.2446
  0
LINE
  8
0
 10
28.8663
 20
24.2446
 11
28.9608
 21
24.1858
  0
LINE
  8
0
 10
28.9608
 20
24.1858
 11
29.0184
 21
24.0925
  0
LINE
  8
0
 10
29.0184
 20
24.0925
 11
29.0386
 21
23.9636
  0
LINE
  8
0
 10
29.0386
 20
23.9636
 11
29.0134
 21
23.8292
  0
LINE
  8
0
 10
29.0134
 20
23.8292
 11
28.9408
 21
23.7339
  0
LINE
  8
0
 10
28.9408
 20
23.7339
 11
28.8149
 21
23.6724
  0
LINE
  8
0
 10
28.8149
 20
23.6724
 11
28.6249
 21
23.6502
  0
LINE
  8
0
 10
28.6249
 20
23.6502
 11
28.4032
 21
23.6502
  0
LINE
  8
0
 10
28.4032
 20
23.6502
 11
28.4032
 21
23.1192
  0
LINE
  8
0
 10
28.4032
 20
23.1192
 11
28.6367
 21
23.1192
  0
LINE
  8
0
 10
28.6367
 20
23.1192
 11
28.8493
 21
23.0965
  0
LINE
  8
0
 10
28.8493
 20
23.0965
 11
28.9919
 21
23.0332
  0
LINE
  8
0
 10
28.9919
 20
23.0332
 11
29.0732
 21
22.936
  0
LINE
  8
0
 10
29.0732
 20
22.936
 11
29.1011
 21
22.7997
  0
LINE
  8
0
 10
29.1011
 20
22.7997
 11
29.0776
 21
22.649
  0
LINE
  8
0
 10
29.0776
 20
22.649
 11
29.0106
 21
22.5481
  0
LINE
  8
0
 10
29.0106
 20
22.5481
 11
28.9017
 21
22.4873
  0
LINE
  8
0
 10
28.9017
 20
22.4873
 11
28.7518
 21
22.4665
  0
LINE
  8
0
 10
28.7518
 20
22.4665
 11
28.4802
 21
22.5528
  0
LINE
  8
0
 10
28.4802
 20
22.5528
 11
28.3394
 21
22.8537
  0
LINE
  8
0
 10
28.3394
 20
22.8537
 11
27.7008
 21
22.7978
  0
LINE
  8
0
 10
27.7008
 20
22.7978
 11
27.8171
 21
22.3992
  0
LINE
  8
0
 10
27.8171
 20
22.3992
 11
28.0322
 21
22.1408
  0
LINE
  8
0
 10
28.0322
 20
22.1408
 11
28.3478
 21
21.9835
  0
LINE
  8
0
 10
28.3478
 20
21.9835
 11
28.7494
 21
21.9321
  0
LINE
  8
0
 10
28.7494
 20
21.9321
 11
29.1679
 21
21.9852
  0
LINE
  8
0
 10
31.7141
 20
22.9774
 11
31.9856
 21
23.1849
  0
LINE
  8
0
 10
31.9856
 20
23.1849
 11
32.9309
 21
21.9761
  0
LINE
  8
0
 10
32.9309
 20
21.9761
 11
33.7201
 21
21.9761
  0
LINE
  8
0
 10
33.7201
 20
21.9761
 11
32.4471
 21
23.5659
  0
LINE
  8
0
 10
32.4471
 20
23.5659
 11
33.6445
 21
24.7515
  0
LINE
  8
0
 10
33.6445
 20
24.7515
 11
32.849
 21
24.7515
  0
LINE
  8
0
 10
32.849
 20
24.7515
 11
31.7141
 21
23.6094
  0
LINE
  8
0
 10
31.7141
 20
23.6094
 11
31.7141
 21
24.7515
  0
LINE
  8
0
 10
31.7141
 20
24.7515
 11
31.054
 21
24.7515
  0
LINE
  8
0
 10
31.054
 20
24.7515
 11
31.054
 21
21.9761
  0
LINE
  8
0
 10
31.054
 20
21.9761
 11
31.7141
 21
21.9761
  0
LINE
  8
0
 10
31.7141
 20
21.9761
 11
31.7141
 21
22.9774
  0
LINE
  8
0
 10
80.2595
 20
23.123
 11
81.3253
 21
23.123
  0
LINE
  8
0
 10
81.3253
 20
23.123
 11
81.3253
 21
21.9761
  0
LINE
  8
0
 10
81.3253
 20
21.9761
 11
81.9855
 21
21.9761
  0
LINE
  8
0
 10
81.9855
 20
21.9761
 11
81.9855
 21
24.7515
  0
LINE
  8
0
 10
81.9855
 20
24.7515
 11
81.3253
 21
24.7515
  0
LINE
  8
0
 10
81.3253
 20
24.7515
 11
81.3253
 21
23.6863
  0
LINE
  8
0
 10
81.3253
 20
23.6863
 11
80.2595
 21
23.6863
  0
LINE
  8
0
 10
80.2595
 20
23.6863
 11
80.2595
 21
24.7515
  0
LINE
  8
0
 10
80.2595
 20
24.7515
 11
79.5994
 21
24.7515
  0
LINE
  8
0
 10
79.5994
 20
24.7515
 11
79.5994
 21
21.9761
  0
LINE
  8
0
 10
79.5994
 20
21.9761
 11
80.2595
 21
21.9761
  0
LINE
  8
0
 10
80.2595
 20
21.9761
 11
80.2595
 21
23.123
  0
LINE
  8
0
 10
73.1775
 20
22.3311
 11
73.2285
 21
22.6195
  0
LINE
  8
0
 10
73.2285
 20
22.6195
 11
73.309
 21
22.8967
  0
LINE
  8
0
 10
73.309
 20
22.8967
 11
73.4146
 21
23.1672
  0
LINE
  8
0
 10
73.4146
 20
23.1672
 11
73.543
 21
23.4342
  0
LINE
  8
0
 10
73.543
 20
23.4342
 11
73.6917
 21
23.6999
  0
LINE
  8
0
 10
73.6917
 20
23.6999
 11
73.8566
 21
23.971
  0
LINE
  8
0
 10
73.8566
 20
23.971
 11
74.0396
 21
24.2637
  0
LINE
  8
0
 10
74.0396
 20
24.2637
 11
74.0396
 21
24.7515
  0
LINE
  8
0
 10
74.0396
 20
24.7515
 11
72.1149
 21
24.7515
  0
LINE
  8
0
 10
72.1149
 20
24.7515
 11
72.1149
 21
24.2128
  0
LINE
  8
0
 10
72.1149
 20
24.2128
 11
73.4008
 21
24.2128
  0
LINE
  8
0
 10
73.4008
 20
24.2128
 11
73.0841
 21
23.7355
  0
LINE
  8
0
 10
73.0841
 20
23.7355
 11
72.8495
 21
23.3317
  0
LINE
  8
0
 10
72.8495
 20
23.3317
 11
72.7017
 21
23.0062
  0
LINE
  8
0
 10
72.7017
 20
23.0062
 11
72.5931
 21
22.6858
  0
LINE
  8
0
 10
72.5931
 20
22.6858
 11
72.5263
 21
22.3616
  0
LINE
  8
0
 10
72.5263
 20
22.3616
 11
72.5007
 21
21.9761
  0
LINE
  8
0
 10
72.5007
 20
21.9761
 11
73.1577
 21
21.9761
  0
LINE
  8
0
 10
73.1577
 20
21.9761
 11
73.1775
 21
22.3311
  0
LINE
  8
0
 10
97.9455
 20
21.9585
 11
98.1994
 21
22.0167
  0
LINE
  8
0
 10
98.1994
 20
22.0167
 11
98.1994
 21
22.4475
  0
LINE
  8
0
 10
98.1994
 20
22.4475
 11
98.0398
 21
22.4165
  0
LINE
  8
0
 10
98.0398
 20
22.4165
 11
97.973
 21
22.4107
  0
LINE
  8
0
 10
97.973
 20
22.4107
 11
97.887
 21
22.4254
  0
LINE
  8
0
 10
97.887
 20
22.4254
 11
97.8342
 21
22.4643
  0
LINE
  8
0
 10
97.8342
 20
22.4643
 11
97.8004
 21
22.5362
  0
LINE
  8
0
 10
97.8004
 20
22.5362
 11
97.7874
 21
22.6553
  0
LINE
  8
0
 10
97.7874
 20
22.6553
 11
97.7874
 21
23.6698
  0
LINE
  8
0
 10
97.7874
 20
23.6698
 11
98.1766
 21
23.6698
  0
LINE
  8
0
 10
98.1766
 20
23.6698
 11
98.1766
 21
24.1306
  0
LINE
  8
0
 10
98.1766
 20
24.1306
 11
97.7874
 21
24.1306
  0
LINE
  8
0
 10
97.7874
 20
24.1306
 11
97.7874
 21
24.6129
  0
LINE
  8
0
 10
97.7874
 20
24.6129
 11
97.3676
 21
24.6129
  0
LINE
  8
0
 10
97.3676
 20
24.6129
 11
97.2005
 21
24.1306
  0
LINE
  8
0
 10
97.2005
 20
24.1306
 11
96.8994
 21
24.1306
  0
LINE
  8
0
 10
96.8994
 20
24.1306
 11
96.8994
 21
23.6698
  0
LINE
  8
0
 10
96.8994
 20
23.6698
 11
97.1595
 21
23.6698
  0
LINE
  8
0
 10
97.1595
 20
23.6698
 11
97.1595
 21
22.5049
  0
LINE
  8
0
 10
97.1595
 20
22.5049
 11
97.1932
 21
22.2644
  0
LINE
  8
0
 10
97.1932
 20
22.2644
 11
97.2999
 21
22.0841
  0
LINE
  8
0
 10
97.2999
 20
22.0841
 11
97.4733
 21
21.9761
  0
LINE
  8
0
 10
97.4733
 20
21.9761
 11
97.6973
 21
21.9417
  0
LINE
  8
0
 10
97.6973
 20
21.9417
 11
97.9455
 21
21.9585
  0
LINE
  8
0
 10
44.7623
 20
21.9585
 11
45.0162
 21
22.0167
  0
LINE
  8
0
 10
45.0162
 20
22.0167
 11
45.0162
 21
22.4475
  0
LINE
  8
0
 10
45.0162
 20
22.4475
 11
44.8566
 21
22.4165
  0
LINE
  8
0
 10
44.8566
 20
22.4165
 11
44.7898
 21
22.4107
  0
LINE
  8
0
 10
44.7898
 20
22.4107
 11
44.7038
 21
22.4254
  0
LINE
  8
0
 10
44.7038
 20
22.4254
 11
44.651
 21
22.4643
  0
LINE
  8
0
 10
44.651
 20
22.4643
 11
44.6172
 21
22.5362
  0
LINE
  8
0
 10
44.6172
 20
22.5362
 11
44.6042
 21
22.6553
  0
LINE
  8
0
 10
44.6042
 20
22.6553
 11
44.6042
 21
23.6698
  0
LINE
  8
0
 10
44.6042
 20
23.6698
 11
44.9934
 21
23.6698
  0
LINE
  8
0
 10
44.9934
 20
23.6698
 11
44.9934
 21
24.1306
  0
LINE
  8
0
 10
44.9934
 20
24.1306
 11
44.6042
 21
24.1306
  0
LINE
  8
0
 10
44.6042
 20
24.1306
 11
44.6042
 21
24.6129
  0
LINE
  8
0
 10
44.6042
 20
24.6129
 11
44.1844
 21
24.6129
  0
LINE
  8
0
 10
44.1844
 20
24.6129
 11
44.0173
 21
24.1306
  0
LINE
  8
0
 10
44.0173
 20
24.1306
 11
43.7162
 21
24.1306
  0
LINE
  8
0
 10
43.7162
 20
24.1306
 11
43.7162
 21
23.6698
  0
LINE
  8
0
 10
43.7162
 20
23.6698
 11
43.9763
 21
23.6698
  0
LINE
  8
0
 10
43.9763
 20
23.6698
 11
43.9763
 21
22.5049
  0
LINE
  8
0
 10
43.9763
 20
22.5049
 11
44.01
 21
22.2644
  0
LINE
  8
0
 10
44.01
 20
22.2644
 11
44.1167
 21
22.0841
  0
LINE
  8
0
 10
44.1167
 20
22.0841
 11
44.2901
 21
21.9761
  0
LINE
  8
0
 10
44.2901
 20
21.9761
 11
44.5141
 21
21.9417
  0
LINE
  8
0
 10
44.5141
 20
21.9417
 11
44.7623
 21
21.9585
  0
LINE
  8
0
 10
95.6257
 20
21.9585
 11
95.8796
 21
22.0167
  0
LINE
  8
0
 10
95.8796
 20
22.0167
 11
95.8796
 21
22.4475
  0
LINE
  8
0
 10
95.8796
 20
22.4475
 11
95.72
 21
22.4165
  0
LINE
  8
0
 10
95.72
 20
22.4165
 11
95.6532
 21
22.4107
  0
LINE
  8
0
 10
95.6532
 20
22.4107
 11
95.5672
 21
22.4254
  0
LINE
  8
0
 10
95.5672
 20
22.4254
 11
95.5144
 21
22.4643
  0
LINE
  8
0
 10
95.5144
 20
22.4643
 11
95.4806
 21
22.5362
  0
LINE
  8
0
 10
95.4806
 20
22.5362
 11
95.4676
 21
22.6553
  0
LINE
  8
0
 10
95.4676
 20
22.6553
 11
95.4676
 21
23.6698
  0
LINE
  8
0
 10
95.4676
 20
23.6698
 11
95.8568
 21
23.6698
  0
LINE
  8
0
 10
95.8568
 20
23.6698
 11
95.8568
 21
24.1306
  0
LINE
  8
0
 10
95.8568
 20
24.1306
 11
95.4676
 21
24.1306
  0
LINE
  8
0
 10
95.4676
 20
24.1306
 11
95.4676
 21
24.6129
  0
LINE
  8
0
 10
95.4676
 20
24.6129
 11
95.0478
 21
24.6129
  0
LINE
  8
0
 10
95.0478
 20
24.6129
 11
94.8807
 21
24.1306
  0
LINE
  8
0
 10
94.8807
 20
24.1306
 11
94.5796
 21
24.1306
  0
LINE
  8
0
 10
94.5796
 20
24.1306
 11
94.5796
 21
23.6698
  0
LINE
  8
0
 10
94.5796
 20
23.6698
 11
94.8397
 21
23.6698
  0
LINE
  8
0
 10
94.8397
 20
23.6698
 11
94.8397
 21
22.5049
  0
LINE
  8
0
 10
94.8397
 20
22.5049
 11
94.8734
 21
22.2644
  0
LINE
  8
0
 10
94.8734
 20
22.2644
 11
94.9801
 21
22.0841
  0
LINE
  8
0
 10
94.9801
 20
22.0841
 11
95.1535
 21
21.9761
  0
LINE
  8
0
 10
95.1535
 20
21.9761
 11
95.3774
 21
21.9417
  0
LINE
  8
0
 10
95.3774
 20
21.9417
 11
95.6257
 21
21.9585
  0
LINE
  8
0
 10
119.256
 20
21.9585
 11
119.51
 21
22.0167
  0
LINE
  8
0
 10
119.51
 20
22.0167
 11
119.51
 21
22.4475
  0
LINE
  8
0
 10
119.51
 20
22.4475
 11
119.35
 21
22.4165
  0
LINE
  8
0
 10
119.35
 20
22.4165
 11
119.283
 21
22.4107
  0
LINE
  8
0
 10
119.283
 20
22.4107
 11
119.197
 21
22.4254
  0
LINE
  8
0
 10
119.197
 20
22.4254
 11
119.145
 21
22.4643
  0
LINE
  8
0
 10
119.145
 20
22.4643
 11
119.111
 21
22.5362
  0
LINE
  8
0
 10
119.111
 20
22.5362
 11
119.098
 21
22.6553
  0
LINE
  8
0
 10
119.098
 20
22.6553
 11
119.098
 21
23.6698
  0
LINE
  8
0
 10
119.098
 20
23.6698
 11
119.487
 21
23.6698
  0
LINE
  8
0
 10
119.487
 20
23.6698
 11
119.487
 21
24.1306
  0
LINE
  8
0
 10
119.487
 20
24.1306
 11
119.098
 21
24.1306
  0
LINE
  8
0
 10
119.098
 20
24.1306
 11
119.098
 21
24.6129
  0
LINE
  8
0
 10
119.098
 20
24.6129
 11
118.678
 21
24.6129
  0
LINE
  8
0
 10
118.678
 20
24.6129
 11
118.511
 21
24.1306
  0
LINE
  8
0
 10
118.511
 20
24.1306
 11
118.21
 21
24.1306
  0
LINE
  8
0
 10
118.21
 20
24.1306
 11
118.21
 21
23.6698
  0
LINE
  8
0
 10
118.21
 20
23.6698
 11
118.47
 21
23.6698
  0
LINE
  8
0
 10
118.47
 20
23.6698
 11
118.47
 21
22.5049
  0
LINE
  8
0
 10
118.47
 20
22.5049
 11
118.504
 21
22.2644
  0
LINE
  8
0
 10
118.504
 20
22.2644
 11
118.61
 21
22.0841
  0
LINE
  8
0
 10
118.61
 20
22.0841
 11
118.784
 21
21.9761
  0
LINE
  8
0
 10
118.784
 20
21.9761
 11
119.008
 21
21.9417
  0
LINE
  8
0
 10
119.008
 20
21.9417
 11
119.256
 21
21.9585
  0
LINE
  8
0
 10
23.6915
 20
23.0565
 11
24.4548
 21
23.0565
  0
LINE
  8
0
 10
24.4548
 20
23.0565
 11
24.4548
 21
23.5818
  0
LINE
  8
0
 10
24.4548
 20
23.5818
 11
23.6915
 21
23.5818
  0
LINE
  8
0
 10
23.6915
 20
23.5818
 11
23.6915
 21
24.3565
  0
LINE
  8
0
 10
23.6915
 20
24.3565
 11
23.1624
 21
24.3565
  0
LINE
  8
0
 10
23.1624
 20
24.3565
 11
23.1624
 21
23.5818
  0
LINE
  8
0
 10
23.1624
 20
23.5818
 11
22.4048
 21
23.5818
  0
LINE
  8
0
 10
22.4048
 20
23.5818
 11
22.4048
 21
23.0565
  0
LINE
  8
0
 10
22.4048
 20
23.0565
 11
23.1624
 21
23.0565
  0
LINE
  8
0
 10
23.1624
 20
23.0565
 11
23.1624
 21
22.2818
  0
LINE
  8
0
 10
23.1624
 20
22.2818
 11
23.6915
 21
22.2818
  0
LINE
  8
0
 10
23.6915
 20
22.2818
 11
23.6915
 21
23.0565
  0
LINE
  8
0
 10
60.6159
 20
22.0074
 11
60.6136
 21
22.1913
  0
LINE
  8
0
 10
60.6136
 20
22.1913
 11
60.6327
 21
22.1627
  0
LINE
  8
0
 10
60.6327
 20
22.1627
 11
60.7861
 21
22.0386
  0
LINE
  8
0
 10
60.7861
 20
22.0386
 11
60.9737
 21
21.9628
  0
LINE
  8
0
 10
60.9737
 20
21.9628
 11
61.191
 21
21.9376
  0
LINE
  8
0
 10
61.191
 20
21.9376
 11
61.5448
 21
22.0118
  0
LINE
  8
0
 10
61.5448
 20
22.0118
 11
61.8114
 21
22.2373
  0
LINE
  8
0
 10
61.8114
 20
22.2373
 11
61.9739
 21
22.5934
  0
LINE
  8
0
 10
61.9739
 20
22.5934
 11
62.0269
 21
23.0628
  0
LINE
  8
0
 10
62.0269
 20
23.0628
 11
61.9761
 21
23.5267
  0
LINE
  8
0
 10
61.9761
 20
23.5267
 11
61.8204
 21
23.8784
  0
LINE
  8
0
 10
61.8204
 20
23.8784
 11
61.5645
 21
24.1013
  0
LINE
  8
0
 10
61.5645
 20
24.1013
 11
61.2224
 21
24.1755
  0
LINE
  8
0
 10
61.2224
 20
24.1755
 11
60.7936
 21
24.0749
  0
LINE
  8
0
 10
60.7936
 20
24.0749
 11
60.6057
 21
23.8655
  0
LINE
  8
0
 10
60.6057
 20
23.8655
 11
60.6015
 21
23.9492
  0
LINE
  8
0
 10
60.6015
 20
23.9492
 11
60.5939
 21
24.0362
  0
LINE
  8
0
 10
60.5939
 20
24.0362
 11
60.5776
 21
24.1306
  0
LINE
  8
0
 10
60.5776
 20
24.1306
 11
59.9643
 21
24.1306
  0
LINE
  8
0
 10
59.9643
 20
24.1306
 11
59.9785
 21
23.8693
  0
LINE
  8
0
 10
59.9785
 20
23.8693
 11
59.9823
 21
23.6078
  0
LINE
  8
0
 10
59.9823
 20
23.6078
 11
59.9823
 21
21.1692
  0
LINE
  8
0
 10
59.9823
 20
21.1692
 11
60.6159
 21
21.1692
  0
LINE
  8
0
 10
60.6159
 20
21.1692
 11
60.6159
 21
22.0074
  0
LINE
  8
0
 10
60.8336
 20
22.4433
 11
60.714
 21
22.562
  0
LINE
  8
0
 10
60.714
 20
22.562
 11
60.6356
 21
22.7647
  0
LINE
  8
0
 10
60.6356
 20
22.7647
 11
60.6085
 21
23.0477
  0
LINE
  8
0
 10
60.6085
 20
23.0477
 11
60.6357
 21
23.3334
  0
LINE
  8
0
 10
60.6357
 20
23.3334
 11
60.7142
 21
23.5403
  0
LINE
  8
0
 10
60.7142
 20
23.5403
 11
60.8348
 21
23.6623
  0
LINE
  8
0
 10
60.8348
 20
23.6623
 11
60.9901
 21
23.7008
  0
LINE
  8
0
 10
60.9901
 20
23.7008
 11
61.2701
 21
23.5484
  0
LINE
  8
0
 10
61.2701
 20
23.5484
 11
61.3693
 21
23.0627
  0
LINE
  8
0
 10
61.3693
 20
23.0627
 11
61.269
 21
22.5628
  0
LINE
  8
0
 10
61.269
 20
22.5628
 11
60.986
 21
22.4059
  0
LINE
  8
0
 10
60.986
 20
22.4059
 11
60.8336
 21
22.4433
  0
LINE
  8
0
 10
123.155
 20
21.2098
 11
123.479
 21
21.3882
  0
LINE
  8
0
 10
123.479
 20
21.3882
 11
123.678
 21
21.685
  0
LINE
  8
0
 10
123.678
 20
21.685
 11
123.743
 21
22.0848
  0
LINE
  8
0
 10
123.743
 20
22.0848
 11
123.743
 21
23.6059
  0
LINE
  8
0
 10
123.743
 20
23.6059
 11
123.746
 21
23.8586
  0
LINE
  8
0
 10
123.746
 20
23.8586
 11
123.756
 21
24.1306
  0
LINE
  8
0
 10
123.756
 20
24.1306
 11
123.157
 21
24.1306
  0
LINE
  8
0
 10
123.157
 20
24.1306
 11
123.14
 21
24.0314
  0
LINE
  8
0
 10
123.14
 20
24.0314
 11
123.131
 21
23.9344
  0
LINE
  8
0
 10
123.131
 20
23.9344
 11
123.127
 21
23.8677
  0
LINE
  8
0
 10
123.127
 20
23.8677
 11
122.949
 21
24.0727
  0
LINE
  8
0
 10
122.949
 20
24.0727
 11
122.543
 21
24.1716
  0
LINE
  8
0
 10
122.543
 20
24.1716
 11
122.179
 21
24.0986
  0
LINE
  8
0
 10
122.179
 20
24.0986
 11
121.911
 21
23.8783
  0
LINE
  8
0
 10
121.911
 20
23.8783
 11
121.751
 21
23.5298
  0
LINE
  8
0
 10
121.751
 20
23.5298
 11
121.698
 21
23.0705
  0
LINE
  8
0
 10
121.698
 20
23.0705
 11
121.749
 21
22.6137
  0
LINE
  8
0
 10
121.749
 20
22.6137
 11
121.905
 21
22.2687
  0
LINE
  8
0
 10
121.905
 20
22.2687
 11
122.161
 21
22.0511
  0
LINE
  8
0
 10
122.161
 20
22.0511
 11
122.503
 21
21.9787
  0
LINE
  8
0
 10
122.503
 20
21.9787
 11
122.936
 21
22.0793
  0
LINE
  8
0
 10
122.936
 20
22.0793
 11
123.115
 21
22.2784
  0
LINE
  8
0
 10
123.115
 20
22.2784
 11
123.113
 21
22.2051
  0
LINE
  8
0
 10
123.113
 20
22.2051
 11
123.113
 21
22.0991
  0
LINE
  8
0
 10
123.113
 20
22.0991
 11
123.089
 21
21.8733
  0
LINE
  8
0
 10
123.089
 20
21.8733
 11
123.02
 21
21.722
  0
LINE
  8
0
 10
123.02
 20
21.722
 11
122.907
 21
21.6346
  0
LINE
  8
0
 10
122.907
 20
21.6346
 11
122.735
 21
21.6039
  0
LINE
  8
0
 10
122.735
 20
21.6039
 11
122.613
 21
21.6195
  0
LINE
  8
0
 10
122.613
 20
21.6195
 11
122.52
 21
21.6645
  0
LINE
  8
0
 10
122.52
 20
21.6645
 11
122.455
 21
21.7345
  0
LINE
  8
0
 10
122.455
 20
21.7345
 11
122.4
 21
21.8714
  0
LINE
  8
0
 10
122.4
 20
21.8714
 11
121.763
 21
21.7966
  0
LINE
  8
0
 10
121.763
 20
21.7966
 11
121.889
 21
21.4904
  0
LINE
  8
0
 10
121.889
 20
21.4904
 11
122.089
 21
21.3026
  0
LINE
  8
0
 10
122.089
 20
21.3026
 11
122.369
 21
21.1889
  0
LINE
  8
0
 10
122.369
 20
21.1889
 11
122.721
 21
21.1517
  0
LINE
  8
0
 10
122.721
 20
21.1517
 11
123.155
 21
21.2098
  0
LINE
  8
0
 10
122.455
 20
22.601
 11
122.356
 21
23.0705
  0
LINE
  8
0
 10
122.356
 20
23.0705
 11
122.456
 21
23.55
  0
LINE
  8
0
 10
122.456
 20
23.55
 11
122.739
 21
23.7009
  0
LINE
  8
0
 10
122.739
 20
23.7009
 11
122.892
 21
23.6642
  0
LINE
  8
0
 10
122.892
 20
23.6642
 11
123.011
 21
23.548
  0
LINE
  8
0
 10
123.011
 20
23.548
 11
123.09
 21
23.352
  0
LINE
  8
0
 10
123.09
 20
23.352
 11
123.117
 21
23.0817
  0
LINE
  8
0
 10
123.117
 20
23.0817
 11
123.09
 21
22.8043
  0
LINE
  8
0
 10
123.09
 20
22.8043
 11
123.011
 21
22.6061
  0
LINE
  8
0
 10
123.011
 20
22.6061
 11
122.891
 21
22.4901
  0
LINE
  8
0
 10
122.891
 20
22.4901
 11
122.735
 21
22.4532
  0
LINE
  8
0
 10
122.735
 20
22.4532
 11
122.455
 21
22.601
  0
LINE
  8
0
 10
67.3658
 20
23.1243
 11
67.3941
 21
23.35
  0
LINE
  8
0
 10
67.3941
 20
23.35
 11
67.4755
 21
23.5233
  0
LINE
  8
0
 10
67.4755
 20
23.5233
 11
67.5959
 21
23.6326
  0
LINE
  8
0
 10
67.5959
 20
23.6326
 11
67.7409
 21
23.667
  0
LINE
  8
0
 10
67.7409
 20
23.667
 11
67.9781
 21
23.5502
  0
LINE
  8
0
 10
67.9781
 20
23.5502
 11
68.0633
 21
23.1731
  0
LINE
  8
0
 10
68.0633
 20
23.1731
 11
68.0633
 21
21.9761
  0
LINE
  8
0
 10
68.0633
 20
21.9761
 11
68.6949
 21
21.9761
  0
LINE
  8
0
 10
68.6949
 20
21.9761
 11
68.6949
 21
23.3337
  0
LINE
  8
0
 10
68.6949
 20
23.3337
 11
68.6497
 21
23.6867
  0
LINE
  8
0
 10
68.6497
 20
23.6867
 11
68.5089
 21
23.9531
  0
LINE
  8
0
 10
68.5089
 20
23.9531
 11
68.2773
 21
24.1174
  0
LINE
  8
0
 10
68.2773
 20
24.1174
 11
67.9702
 21
24.171
  0
LINE
  8
0
 10
67.9702
 20
24.171
 11
67.7451
 21
24.1425
  0
LINE
  8
0
 10
67.7451
 20
24.1425
 11
67.5518
 21
24.0564
  0
LINE
  8
0
 10
67.5518
 20
24.0564
 11
67.391
 21
23.9073
  0
LINE
  8
0
 10
67.391
 20
23.9073
 11
67.3443
 21
23.8296
  0
LINE
  8
0
 10
67.3443
 20
23.8296
 11
67.341
 21
23.8909
  0
LINE
  8
0
 10
67.341
 20
23.8909
 11
67.3324
 21
24.0185
  0
LINE
  8
0
 10
67.3324
 20
24.0185
 11
67.3211
 21
24.1306
  0
LINE
  8
0
 10
67.3211
 20
24.1306
 11
66.7139
 21
24.1306
  0
LINE
  8
0
 10
66.7139
 20
24.1306
 11
66.7226
 21
23.9885
  0
LINE
  8
0
 10
66.7226
 20
23.9885
 11
66.7275
 21
23.8891
  0
LINE
  8
0
 10
66.7275
 20
23.8891
 11
66.731
 21
23.7708
  0
LINE
  8
0
 10
66.731
 20
23.7708
 11
66.7322
 21
23.6207
  0
LINE
  8
0
 10
66.7322
 20
23.6207
 11
66.7322
 21
21.9761
  0
LINE
  8
0
 10
66.7322
 20
21.9761
 11
67.3658
 21
21.9761
  0
LINE
  8
0
 10
67.3658
 20
21.9761
 11
67.3658
 21
23.1243
  0
LINE
  8
0
 10
106.621
 20
23.1243
 11
106.649
 21
23.35
  0
LINE
  8
0
 10
106.649
 20
23.35
 11
106.731
 21
23.5233
  0
LINE
  8
0
 10
106.731
 20
23.5233
 11
106.851
 21
23.6326
  0
LINE
  8
0
 10
106.851
 20
23.6326
 11
106.996
 21
23.667
  0
LINE
  8
0
 10
106.996
 20
23.667
 11
107.233
 21
23.5502
  0
LINE
  8
0
 10
107.233
 20
23.5502
 11
107.318
 21
23.1731
  0
LINE
  8
0
 10
107.318
 20
23.1731
 11
107.318
 21
21.9761
  0
LINE
  8
0
 10
107.318
 20
21.9761
 11
107.95
 21
21.9761
  0
LINE
  8
0
 10
107.95
 20
21.9761
 11
107.95
 21
23.3337
  0
LINE
  8
0
 10
107.95
 20
23.3337
 11
107.905
 21
23.6867
  0
LINE
  8
0
 10
107.905
 20
23.6867
 11
107.764
 21
23.9531
  0
LINE
  8
0
 10
107.764
 20
23.9531
 11
107.532
 21
24.1174
  0
LINE
  8
0
 10
107.532
 20
24.1174
 11
107.225
 21
24.171
  0
LINE
  8
0
 10
107.225
 20
24.171
 11
107
 21
24.1425
  0
LINE
  8
0
 10
107
 20
24.1425
 11
106.807
 21
24.0564
  0
LINE
  8
0
 10
106.807
 20
24.0564
 11
106.646
 21
23.9073
  0
LINE
  8
0
 10
106.646
 20
23.9073
 11
106.599
 21
23.8296
  0
LINE
  8
0
 10
106.599
 20
23.8296
 11
106.596
 21
23.8909
  0
LINE
  8
0
 10
106.596
 20
23.8909
 11
106.587
 21
24.0185
  0
LINE
  8
0
 10
106.587
 20
24.0185
 11
106.576
 21
24.1306
  0
LINE
  8
0
 10
106.576
 20
24.1306
 11
105.969
 21
24.1306
  0
LINE
  8
0
 10
105.969
 20
24.1306
 11
105.978
 21
23.9885
  0
LINE
  8
0
 10
105.978
 20
23.9885
 11
105.983
 21
23.8891
  0
LINE
  8
0
 10
105.983
 20
23.8891
 11
105.986
 21
23.7708
  0
LINE
  8
0
 10
105.986
 20
23.7708
 11
105.987
 21
23.6207
  0
LINE
  8
0
 10
105.987
 20
23.6207
 11
105.987
 21
21.9761
  0
LINE
  8
0
 10
105.987
 20
21.9761
 11
106.621
 21
21.9761
  0
LINE
  8
0
 10
106.621
 20
21.9761
 11
106.621
 21
23.1243
  0
LINE
  8
0
 10
20.6058
 20
21.9818
 11
20.9133
 21
22.1166
  0
LINE
  8
0
 10
20.9133
 20
22.1166
 11
21.1123
 21
22.3362
  0
LINE
  8
0
 10
21.1123
 20
22.3362
 11
21.178
 21
22.6231
  0
LINE
  8
0
 10
21.178
 20
22.6231
 11
21.1596
 21
22.7988
  0
LINE
  8
0
 10
21.1596
 20
22.7988
 11
21.104
 21
22.9405
  0
LINE
  8
0
 10
21.104
 20
22.9405
 11
21.0173
 21
23.0536
  0
LINE
  8
0
 10
21.0173
 20
23.0536
 11
20.9071
 21
23.143
  0
LINE
  8
0
 10
20.9071
 20
23.143
 11
20.7677
 21
23.2142
  0
LINE
  8
0
 10
20.7677
 20
23.2142
 11
20.5939
 21
23.2731
  0
LINE
  8
0
 10
20.5939
 20
23.2731
 11
20.3907
 21
23.3253
  0
LINE
  8
0
 10
20.3907
 20
23.3253
 11
20.1632
 21
23.3754
  0
LINE
  8
0
 10
20.1632
 20
23.3754
 11
20.0211
 21
23.4126
  0
LINE
  8
0
 10
20.0211
 20
23.4126
 11
19.9364
 21
23.4538
  0
LINE
  8
0
 10
19.9364
 20
23.4538
 11
19.8967
 21
23.4983
  0
LINE
  8
0
 10
19.8967
 20
23.4983
 11
19.8839
 21
23.5542
  0
LINE
  8
0
 10
19.8839
 20
23.5542
 11
19.9012
 21
23.6255
  0
LINE
  8
0
 10
19.9012
 20
23.6255
 11
19.9528
 21
23.6724
  0
LINE
  8
0
 10
19.9528
 20
23.6724
 11
20.0553
 21
23.7038
  0
LINE
  8
0
 10
20.0553
 20
23.7038
 11
20.2118
 21
23.7152
  0
LINE
  8
0
 10
20.2118
 20
23.7152
 11
20.368
 21
23.7008
  0
LINE
  8
0
 10
20.368
 20
23.7008
 11
20.4662
 21
23.6614
  0
LINE
  8
0
 10
20.4662
 20
23.6614
 11
20.5242
 21
23.5994
  0
LINE
  8
0
 10
20.5242
 20
23.5994
 11
20.5734
 21
23.4628
  0
LINE
  8
0
 10
20.5734
 20
23.4628
 11
21.1515
 21
23.5232
  0
LINE
  8
0
 10
21.1515
 20
23.5232
 11
21.0252
 21
23.8325
  0
LINE
  8
0
 10
21.0252
 20
23.8325
 11
20.8296
 21
24.0206
  0
LINE
  8
0
 10
20.8296
 20
24.0206
 11
20.5553
 21
24.1338
  0
LINE
  8
0
 10
20.5553
 20
24.1338
 11
20.2122
 21
24.1707
  0
LINE
  8
0
 10
20.2122
 20
24.1707
 11
19.8303
 21
24.1282
  0
LINE
  8
0
 10
19.8303
 20
24.1282
 11
19.539
 21
23.9973
  0
LINE
  8
0
 10
19.539
 20
23.9973
 11
19.3532
 21
23.7825
  0
LINE
  8
0
 10
19.3532
 20
23.7825
 11
19.2919
 21
23.4999
  0
LINE
  8
0
 10
19.2919
 20
23.4999
 11
19.3146
 21
23.3194
  0
LINE
  8
0
 10
19.3146
 20
23.3194
 11
19.3829
 21
23.1688
  0
LINE
  8
0
 10
19.3829
 20
23.1688
 11
19.4941
 21
23.047
  0
LINE
  8
0
 10
19.4941
 20
23.047
 11
19.6435
 21
22.952
  0
LINE
  8
0
 10
19.6435
 20
22.952
 11
19.8828
 21
22.8692
  0
LINE
  8
0
 10
19.8828
 20
22.8692
 11
20.2629
 21
22.7827
  0
LINE
  8
0
 10
20.2629
 20
22.7827
 11
20.4264
 21
22.7397
  0
LINE
  8
0
 10
20.4264
 20
22.7397
 11
20.5246
 21
22.6926
  0
LINE
  8
0
 10
20.5246
 20
22.6926
 11
20.5712
 21
22.6413
  0
LINE
  8
0
 10
20.5712
 20
22.6413
 11
20.5862
 21
22.577
  0
LINE
  8
0
 10
20.5862
 20
22.577
 11
20.5668
 21
22.4975
  0
LINE
  8
0
 10
20.5668
 20
22.4975
 11
20.5089
 21
22.4424
  0
LINE
  8
0
 10
20.5089
 20
22.4424
 11
20.3925
 21
22.405
  0
LINE
  8
0
 10
20.3925
 20
22.405
 11
20.2085
 21
22.3915
  0
LINE
  8
0
 10
20.2085
 20
22.3915
 11
20.0118
 21
22.4059
  0
LINE
  8
0
 10
20.0118
 20
22.4059
 11
19.8945
 21
22.4457
  0
LINE
  8
0
 10
19.8945
 20
22.4457
 11
19.8263
 21
22.513
  0
LINE
  8
0
 10
19.8263
 20
22.513
 11
19.7605
 21
22.6642
  0
LINE
  8
0
 10
19.7605
 20
22.6642
 11
19.188
 21
22.5784
  0
LINE
  8
0
 10
19.188
 20
22.5784
 11
19.3315
 21
22.2631
  0
LINE
  8
0
 10
19.3315
 20
22.2631
 11
19.5336
 21
22.0784
  0
LINE
  8
0
 10
19.5336
 20
22.0784
 11
19.8236
 21
21.9724
  0
LINE
  8
0
 10
19.8236
 20
21.9724
 11
20.209
 21
21.9379
  0
LINE
  8
0
 10
20.209
 20
21.9379
 11
20.6058
 21
21.9818
  0
LINE
  8
0
 10
51.952
 20
21.9818
 11
52.2595
 21
22.1166
  0
LINE
  8
0
 10
52.2595
 20
22.1166
 11
52.4585
 21
22.3362
  0
LINE
  8
0
 10
52.4585
 20
22.3362
 11
52.5242
 21
22.6231
  0
LINE
  8
0
 10
52.5242
 20
22.6231
 11
52.5058
 21
22.7988
  0
LINE
  8
0
 10
52.5058
 20
22.7988
 11
52.4502
 21
22.9405
  0
LINE
  8
0
 10
52.4502
 20
22.9405
 11
52.3635
 21
23.0536
  0
LINE
  8
0
 10
52.3635
 20
23.0536
 11
52.2533
 21
23.143
  0
LINE
  8
0
 10
52.2533
 20
23.143
 11
52.1139
 21
23.2142
  0
LINE
  8
0
 10
52.1139
 20
23.2142
 11
51.9401
 21
23.2731
  0
LINE
  8
0
 10
51.9401
 20
23.2731
 11
51.7369
 21
23.3253
  0
LINE
  8
0
 10
51.7369
 20
23.3253
 11
51.5094
 21
23.3754
  0
LINE
  8
0
 10
51.5094
 20
23.3754
 11
51.3673
 21
23.4126
  0
LINE
  8
0
 10
51.3673
 20
23.4126
 11
51.2825
 21
23.4538
  0
LINE
  8
0
 10
51.2825
 20
23.4538
 11
51.2428
 21
23.4983
  0
LINE
  8
0
 10
51.2428
 20
23.4983
 11
51.2301
 21
23.5542
  0
LINE
  8
0
 10
51.2301
 20
23.5542
 11
51.2474
 21
23.6255
  0
LINE
  8
0
 10
51.2474
 20
23.6255
 11
51.299
 21
23.6724
  0
LINE
  8
0
 10
51.299
 20
23.6724
 11
51.4015
 21
23.7038
  0
LINE
  8
0
 10
51.4015
 20
23.7038
 11
51.558
 21
23.7152
  0
LINE
  8
0
 10
51.558
 20
23.7152
 11
51.7142
 21
23.7008
  0
LINE
  8
0
 10
51.7142
 20
23.7008
 11
51.8124
 21
23.6614
  0
LINE
  8
0
 10
51.8124
 20
23.6614
 11
51.8704
 21
23.5994
  0
LINE
  8
0
 10
51.8704
 20
23.5994
 11
51.9196
 21
23.4628
  0
LINE
  8
0
 10
51.9196
 20
23.4628
 11
52.4977
 21
23.5232
  0
LINE
  8
0
 10
52.4977
 20
23.5232
 11
52.3714
 21
23.8325
  0
LINE
  8
0
 10
52.3714
 20
23.8325
 11
52.1758
 21
24.0206
  0
LINE
  8
0
 10
52.1758
 20
24.0206
 11
51.9015
 21
24.1338
  0
LINE
  8
0
 10
51.9015
 20
24.1338
 11
51.5584
 21
24.1707
  0
LINE
  8
0
 10
51.5584
 20
24.1707
 11
51.1765
 21
24.1282
  0
LINE
  8
0
 10
51.1765
 20
24.1282
 11
50.8851
 21
23.9973
  0
LINE
  8
0
 10
50.8851
 20
23.9973
 11
50.6994
 21
23.7825
  0
LINE
  8
0
 10
50.6994
 20
23.7825
 11
50.6381
 21
23.4999
  0
LINE
  8
0
 10
50.6381
 20
23.4999
 11
50.6608
 21
23.3194
  0
LINE
  8
0
 10
50.6608
 20
23.3194
 11
50.7291
 21
23.1688
  0
LINE
  8
0
 10
50.7291
 20
23.1688
 11
50.8403
 21
23.047
  0
LINE
  8
0
 10
50.8403
 20
23.047
 11
50.9897
 21
22.952
  0
LINE
  8
0
 10
50.9897
 20
22.952
 11
51.229
 21
22.8692
  0
LINE
  8
0
 10
51.229
 20
22.8692
 11
51.6091
 21
22.7827
  0
LINE
  8
0
 10
51.6091
 20
22.7827
 11
51.7726
 21
22.7397
  0
LINE
  8
0
 10
51.7726
 20
22.7397
 11
51.8707
 21
22.6926
  0
LINE
  8
0
 10
51.8707
 20
22.6926
 11
51.9174
 21
22.6413
  0
LINE
  8
0
 10
51.9174
 20
22.6413
 11
51.9324
 21
22.577
  0
LINE
  8
0
 10
51.9324
 20
22.577
 11
51.913
 21
22.4975
  0
LINE
  8
0
 10
51.913
 20
22.4975
 11
51.8551
 21
22.4424
  0
LINE
  8
0
 10
51.8551
 20
22.4424
 11
51.7387
 21
22.405
  0
LINE
  8
0
 10
51.7387
 20
22.405
 11
51.5547
 21
22.3915
  0
LINE
  8
0
 10
51.5547
 20
22.3915
 11
51.358
 21
22.4059
  0
LINE
  8
0
 10
51.358
 20
22.4059
 11
51.2407
 21
22.4457
  0
LINE
  8
0
 10
51.2407
 20
22.4457
 11
51.1725
 21
22.513
  0
LINE
  8
0
 10
51.1725
 20
22.513
 11
51.1067
 21
22.6642
  0
LINE
  8
0
 10
51.1067
 20
22.6642
 11
50.5342
 21
22.5784
  0
LINE
  8
0
 10
50.5342
 20
22.5784
 11
50.6777
 21
22.2631
  0
LINE
  8
0
 10
50.6777
 20
22.2631
 11
50.8798
 21
22.0784
  0
LINE
  8
0
 10
50.8798
 20
22.0784
 11
51.1698
 21
21.9724
  0
LINE
  8
0
 10
51.1698
 20
21.9724
 11
51.5552
 21
21.9379
  0
LINE
  8
0
 10
51.5552
 20
21.9379
 11
51.952
 21
21.9818
  0
LINE
  8
0
 10
130.251
 20
23.0318
 11
130.278
 21
23.3002
  0
LINE
  8
0
 10
130.278
 20
23.3002
 11
130.354
 21
23.4834
  0
LINE
  8
0
 10
130.354
 20
23.4834
 11
130.469
 21
23.588
  0
LINE
  8
0
 10
130.469
 20
23.588
 11
130.627
 21
23.6239
  0
LINE
  8
0
 10
130.627
 20
23.6239
 11
130.723
 21
23.6174
  0
LINE
  8
0
 10
130.723
 20
23.6174
 11
130.9
 21
23.5862
  0
LINE
  8
0
 10
130.9
 20
23.5862
 11
130.9
 21
24.1294
  0
LINE
  8
0
 10
130.9
 20
24.1294
 11
130.787
 21
24.1628
  0
LINE
  8
0
 10
130.787
 20
24.1628
 11
130.685
 21
24.1706
  0
LINE
  8
0
 10
130.685
 20
24.1706
 11
130.56
 21
24.159
  0
LINE
  8
0
 10
130.56
 20
24.159
 11
130.454
 21
24.1228
  0
LINE
  8
0
 10
130.454
 20
24.1228
 11
130.365
 21
24.0611
  0
LINE
  8
0
 10
130.365
 20
24.0611
 11
130.291
 21
23.9753
  0
LINE
  8
0
 10
130.291
 20
23.9753
 11
130.227
 21
23.8578
  0
LINE
  8
0
 10
130.227
 20
23.8578
 11
130.226
 21
23.8754
  0
LINE
  8
0
 10
130.226
 20
23.8754
 11
130.218
 21
24.0154
  0
LINE
  8
0
 10
130.218
 20
24.0154
 11
130.207
 21
24.1306
  0
LINE
  8
0
 10
130.207
 20
24.1306
 11
129.599
 21
24.1306
  0
LINE
  8
0
 10
129.599
 20
24.1306
 11
129.608
 21
23.9839
  0
LINE
  8
0
 10
129.608
 20
23.9839
 11
129.613
 21
23.8788
  0
LINE
  8
0
 10
129.613
 20
23.8788
 11
129.616
 21
23.7522
  0
LINE
  8
0
 10
129.616
 20
23.7522
 11
129.617
 21
23.5979
  0
LINE
  8
0
 10
129.617
 20
23.5979
 11
129.617
 21
21.9761
  0
LINE
  8
0
 10
129.617
 20
21.9761
 11
130.251
 21
21.9761
  0
LINE
  8
0
 10
130.251
 20
21.9761
 11
130.251
 21
23.0318
  0
LINE
  8
0
 10
42.0407
 20
23.0318
 11
42.0675
 21
23.3002
  0
LINE
  8
0
 10
42.0675
 20
23.3002
 11
42.1437
 21
23.4833
  0
LINE
  8
0
 10
42.1437
 20
23.4833
 11
42.2589
 21
23.588
  0
LINE
  8
0
 10
42.2589
 20
23.588
 11
42.4162
 21
23.6239
  0
LINE
  8
0
 10
42.4162
 20
23.6239
 11
42.5125
 21
23.6174
  0
LINE
  8
0
 10
42.5125
 20
23.6174
 11
42.6901
 21
23.5862
  0
LINE
  8
0
 10
42.6901
 20
23.5862
 11
42.6901
 21
24.1294
  0
LINE
  8
0
 10
42.6901
 20
24.1294
 11
42.5765
 21
24.1628
  0
LINE
  8
0
 10
42.5765
 20
24.1628
 11
42.4745
 21
24.1706
  0
LINE
  8
0
 10
42.4745
 20
24.1706
 11
42.3495
 21
24.159
  0
LINE
  8
0
 10
42.3495
 20
24.159
 11
42.2432
 21
24.1228
  0
LINE
  8
0
 10
42.2432
 20
24.1228
 11
42.1545
 21
24.0611
  0
LINE
  8
0
 10
42.1545
 20
24.0611
 11
42.0804
 21
23.9753
  0
LINE
  8
0
 10
42.0804
 20
23.9753
 11
42.0168
 21
23.8578
  0
LINE
  8
0
 10
42.0168
 20
23.8578
 11
42.016
 21
23.8754
  0
LINE
  8
0
 10
42.016
 20
23.8754
 11
42.0073
 21
24.0154
  0
LINE
  8
0
 10
42.0073
 20
24.0154
 11
41.9962
 21
24.1306
  0
LINE
  8
0
 10
41.9962
 20
24.1306
 11
41.389
 21
24.1306
  0
LINE
  8
0
 10
41.389
 20
24.1306
 11
41.3975
 21
23.9839
  0
LINE
  8
0
 10
41.3975
 20
23.9839
 11
41.4024
 21
23.8788
  0
LINE
  8
0
 10
41.4024
 20
23.8788
 11
41.406
 21
23.7522
  0
LINE
  8
0
 10
41.406
 20
23.7522
 11
41.4072
 21
23.5979
  0
LINE
  8
0
 10
41.4072
 20
23.5979
 11
41.4072
 21
21.9761
  0
LINE
  8
0
 10
41.4072
 20
21.9761
 11
42.0407
 21
21.9761
  0
LINE
  8
0
 10
42.0407
 20
21.9761
 11
42.0407
 21
23.0318
  0
LINE
  8
0
 10
125.606
 20
22.0834
 11
126.005
 21
22.5882
  0
LINE
  8
0
 10
126.005
 20
22.5882
 11
125.38
 21
22.6424
  0
LINE
  8
0
 10
125.38
 20
22.6424
 11
125.248
 21
22.45
  0
LINE
  8
0
 10
125.248
 20
22.45
 11
125.047
 21
22.3965
  0
LINE
  8
0
 10
125.047
 20
22.3965
 11
124.889
 21
22.4297
  0
LINE
  8
0
 10
124.889
 20
22.4297
 11
124.773
 21
22.5286
  0
LINE
  8
0
 10
124.773
 20
22.5286
 11
124.698
 21
22.7006
  0
LINE
  8
0
 10
124.698
 20
22.7006
 11
124.676
 21
22.9008
  0
LINE
  8
0
 10
124.676
 20
22.9008
 11
125.989
 21
22.9008
  0
LINE
  8
0
 10
125.989
 20
22.9008
 11
125.989
 21
22.9689
  0
LINE
  8
0
 10
125.989
 20
22.9689
 11
125.929
 21
23.4779
  0
LINE
  8
0
 10
125.929
 20
23.4779
 11
125.745
 21
23.8576
  0
LINE
  8
0
 10
125.745
 20
23.8576
 11
125.44
 21
24.0921
  0
LINE
  8
0
 10
125.44
 20
24.0921
 11
125.03
 21
24.1693
  0
LINE
  8
0
 10
125.03
 20
24.1693
 11
124.6
 21
24.0977
  0
LINE
  8
0
 10
124.6
 20
24.0977
 11
124.276
 21
23.8801
  0
LINE
  8
0
 10
124.276
 20
23.8801
 11
124.076
 21
23.5293
  0
LINE
  8
0
 10
124.076
 20
23.5293
 11
124.01
 21
23.063
  0
LINE
  8
0
 10
124.01
 20
23.063
 11
124.075
 21
22.5838
  0
LINE
  8
0
 10
124.075
 20
22.5838
 11
124.272
 21
22.2279
  0
LINE
  8
0
 10
124.272
 20
22.2279
 11
124.593
 21
22.0093
  0
LINE
  8
0
 10
124.593
 20
22.0093
 11
125.024
 21
21.9371
  0
LINE
  8
0
 10
125.024
 20
21.9371
 11
125.606
 21
22.0834
  0
LINE
  8
0
 10
124.682
 20
23.335
 11
124.703
 21
23.4794
  0
LINE
  8
0
 10
124.703
 20
23.4794
 11
124.772
 21
23.6193
  0
LINE
  8
0
 10
124.772
 20
23.6193
 11
124.877
 21
23.703
  0
LINE
  8
0
 10
124.877
 20
23.703
 11
125.022
 21
23.7315
  0
LINE
  8
0
 10
125.022
 20
23.7315
 11
125.159
 21
23.7045
  0
LINE
  8
0
 10
125.159
 20
23.7045
 11
125.264
 21
23.625
  0
LINE
  8
0
 10
125.264
 20
23.625
 11
125.337
 21
23.4863
  0
LINE
  8
0
 10
125.337
 20
23.4863
 11
125.363
 21
23.335
  0
LINE
  8
0
 10
125.363
 20
23.335
 11
124.682
 21
23.335
  0
LINE
  8
0
 10
70.5277
 20
22.0834
 11
70.9267
 21
22.5882
  0
LINE
  8
0
 10
70.9267
 20
22.5882
 11
70.302
 21
22.6424
  0
LINE
  8
0
 10
70.302
 20
22.6424
 11
70.1698
 21
22.45
  0
LINE
  8
0
 10
70.1698
 20
22.45
 11
69.9685
 21
22.3965
  0
LINE
  8
0
 10
69.9685
 20
22.3965
 11
69.811
 21
22.4297
  0
LINE
  8
0
 10
69.811
 20
22.4297
 11
69.6948
 21
22.5286
  0
LINE
  8
0
 10
69.6948
 20
22.5286
 11
69.6193
 21
22.7006
  0
LINE
  8
0
 10
69.6193
 20
22.7006
 11
69.5981
 21
22.9008
  0
LINE
  8
0
 10
69.5981
 20
22.9008
 11
70.9103
 21
22.9008
  0
LINE
  8
0
 10
70.9103
 20
22.9008
 11
70.9103
 21
22.9689
  0
LINE
  8
0
 10
70.9103
 20
22.9689
 11
70.8506
 21
23.4779
  0
LINE
  8
0
 10
70.8506
 20
23.4779
 11
70.6666
 21
23.8576
  0
LINE
  8
0
 10
70.6666
 20
23.8576
 11
70.362
 21
24.0921
  0
LINE
  8
0
 10
70.362
 20
24.0921
 11
69.9513
 21
24.1693
  0
LINE
  8
0
 10
69.9513
 20
24.1693
 11
69.5213
 21
24.0977
  0
LINE
  8
0
 10
69.5213
 20
24.0977
 11
69.1973
 21
23.8801
  0
LINE
  8
0
 10
69.1973
 20
23.8801
 11
68.9974
 21
23.5293
  0
LINE
  8
0
 10
68.9974
 20
23.5293
 11
68.932
 21
23.063
  0
LINE
  8
0
 10
68.932
 20
23.063
 11
68.9963
 21
22.5838
  0
LINE
  8
0
 10
68.9963
 20
22.5838
 11
69.1932
 21
22.2279
  0
LINE
  8
0
 10
69.1932
 20
22.2279
 11
69.5145
 21
22.0093
  0
LINE
  8
0
 10
69.5145
 20
22.0093
 11
69.9452
 21
21.9371
  0
LINE
  8
0
 10
69.9452
 20
21.9371
 11
70.5277
 21
22.0834
  0
LINE
  8
0
 10
69.6039
 20
23.335
 11
69.6244
 21
23.4794
  0
LINE
  8
0
 10
69.6244
 20
23.4794
 11
69.6935
 21
23.6193
  0
LINE
  8
0
 10
69.6935
 20
23.6193
 11
69.7985
 21
23.703
  0
LINE
  8
0
 10
69.7985
 20
23.703
 11
69.9432
 21
23.7315
  0
LINE
  8
0
 10
69.9432
 20
23.7315
 11
70.0807
 21
23.7045
  0
LINE
  8
0
 10
70.0807
 20
23.7045
 11
70.1852
 21
23.625
  0
LINE
  8
0
 10
70.1852
 20
23.625
 11
70.2584
 21
23.4863
  0
LINE
  8
0
 10
70.2584
 20
23.4863
 11
70.2845
 21
23.335
  0
LINE
  8
0
 10
70.2845
 20
23.335
 11
69.6039
 21
23.335
  0
LINE
  8
0
 10
105.351
 20
22.0834
 11
105.75
 21
22.5882
  0
LINE
  8
0
 10
105.75
 20
22.5882
 11
105.125
 21
22.6424
  0
LINE
  8
0
 10
105.125
 20
22.6424
 11
104.993
 21
22.45
  0
LINE
  8
0
 10
104.993
 20
22.45
 11
104.792
 21
22.3965
  0
LINE
  8
0
 10
104.792
 20
22.3965
 11
104.634
 21
22.4297
  0
LINE
  8
0
 10
104.634
 20
22.4297
 11
104.518
 21
22.5286
  0
LINE
  8
0
 10
104.518
 20
22.5286
 11
104.442
 21
22.7006
  0
LINE
  8
0
 10
104.442
 20
22.7006
 11
104.421
 21
22.9008
  0
LINE
  8
0
 10
104.421
 20
22.9008
 11
105.733
 21
22.9008
  0
LINE
  8
0
 10
105.733
 20
22.9008
 11
105.733
 21
22.9689
  0
LINE
  8
0
 10
105.733
 20
22.9689
 11
105.674
 21
23.4779
  0
LINE
  8
0
 10
105.674
 20
23.4779
 11
105.49
 21
23.8576
  0
LINE
  8
0
 10
105.49
 20
23.8576
 11
105.185
 21
24.0921
  0
LINE
  8
0
 10
105.185
 20
24.0921
 11
104.774
 21
24.1693
  0
LINE
  8
0
 10
104.774
 20
24.1693
 11
104.344
 21
24.0977
  0
LINE
  8
0
 10
104.344
 20
24.0977
 11
104.02
 21
23.8801
  0
LINE
  8
0
 10
104.02
 20
23.8801
 11
103.821
 21
23.5293
  0
LINE
  8
0
 10
103.821
 20
23.5293
 11
103.755
 21
23.063
  0
LINE
  8
0
 10
103.755
 20
23.063
 11
103.819
 21
22.5838
  0
LINE
  8
0
 10
103.819
 20
22.5838
 11
104.016
 21
22.2279
  0
LINE
  8
0
 10
104.016
 20
22.2279
 11
104.338
 21
22.0093
  0
LINE
  8
0
 10
104.338
 20
22.0093
 11
104.768
 21
21.9371
  0
LINE
  8
0
 10
104.768
 20
21.9371
 11
105.351
 21
22.0834
  0
LINE
  8
0
 10
104.427
 20
23.335
 11
104.448
 21
23.4794
  0
LINE
  8
0
 10
104.448
 20
23.4794
 11
104.517
 21
23.6193
  0
LINE
  8
0
 10
104.517
 20
23.6193
 11
104.622
 21
23.703
  0
LINE
  8
0
 10
104.622
 20
23.703
 11
104.766
 21
23.7315
  0
LINE
  8
0
 10
104.766
 20
23.7315
 11
104.904
 21
23.7045
  0
LINE
  8
0
 10
104.904
 20
23.7045
 11
105.008
 21
23.625
  0
LINE
  8
0
 10
105.008
 20
23.625
 11
105.082
 21
23.4863
  0
LINE
  8
0
 10
105.082
 20
23.4863
 11
105.108
 21
23.335
  0
LINE
  8
0
 10
105.108
 20
23.335
 11
104.427
 21
23.335
  0
LINE
  8
0
 10
59.3459
 20
22.0834
 11
59.7448
 21
22.5882
  0
LINE
  8
0
 10
59.7448
 20
22.5882
 11
59.1202
 21
22.6424
  0
LINE
  8
0
 10
59.1202
 20
22.6424
 11
58.9879
 21
22.45
  0
LINE
  8
0
 10
58.9879
 20
22.45
 11
58.7866
 21
22.3965
  0
LINE
  8
0
 10
58.7866
 20
22.3965
 11
58.6291
 21
22.4297
  0
LINE
  8
0
 10
58.6291
 20
22.4297
 11
58.513
 21
22.5286
  0
LINE
  8
0
 10
58.513
 20
22.5286
 11
58.4374
 21
22.7006
  0
LINE
  8
0
 10
58.4374
 20
22.7006
 11
58.4163
 21
22.9008
  0
LINE
  8
0
 10
58.4163
 20
22.9008
 11
59.7285
 21
22.9008
  0
LINE
  8
0
 10
59.7285
 20
22.9008
 11
59.7285
 21
22.9689
  0
LINE
  8
0
 10
59.7285
 20
22.9689
 11
59.6687
 21
23.4779
  0
LINE
  8
0
 10
59.6687
 20
23.4779
 11
59.4848
 21
23.8576
  0
LINE
  8
0
 10
59.4848
 20
23.8576
 11
59.1802
 21
24.0921
  0
LINE
  8
0
 10
59.1802
 20
24.0921
 11
58.7695
 21
24.1693
  0
LINE
  8
0
 10
58.7695
 20
24.1693
 11
58.3394
 21
24.0977
  0
LINE
  8
0
 10
58.3394
 20
24.0977
 11
58.0155
 21
23.8801
  0
LINE
  8
0
 10
58.0155
 20
23.8801
 11
57.8155
 21
23.5293
  0
LINE
  8
0
 10
57.8155
 20
23.5293
 11
57.7501
 21
23.063
  0
LINE
  8
0
 10
57.7501
 20
23.063
 11
57.8145
 21
22.5838
  0
LINE
  8
0
 10
57.8145
 20
22.5838
 11
58.0113
 21
22.2279
  0
LINE
  8
0
 10
58.0113
 20
22.2279
 11
58.3326
 21
22.0093
  0
LINE
  8
0
 10
58.3326
 20
22.0093
 11
58.7634
 21
21.9371
  0
LINE
  8
0
 10
58.7634
 20
21.9371
 11
59.3459
 21
22.0834
  0
LINE
  8
0
 10
58.4221
 20
23.335
 11
58.4426
 21
23.4794
  0
LINE
  8
0
 10
58.4426
 20
23.4794
 11
58.5117
 21
23.6193
  0
LINE
  8
0
 10
58.5117
 20
23.6193
 11
58.6166
 21
23.703
  0
LINE
  8
0
 10
58.6166
 20
23.703
 11
58.7614
 21
23.7315
  0
LINE
  8
0
 10
58.7614
 20
23.7315
 11
58.8989
 21
23.7045
  0
LINE
  8
0
 10
58.8989
 20
23.7045
 11
59.0033
 21
23.625
  0
LINE
  8
0
 10
59.0033
 20
23.625
 11
59.0766
 21
23.4863
  0
LINE
  8
0
 10
59.0766
 20
23.4863
 11
59.1026
 21
23.335
  0
LINE
  8
0
 10
59.1026
 20
23.335
 11
58.4221
 21
23.335
  0
LINE
  8
0
 10
40.7708
 20
22.0834
 11
41.1697
 21
22.5882
  0
LINE
  8
0
 10
41.1697
 20
22.5882
 11
40.545
 21
22.6424
  0
LINE
  8
0
 10
40.545
 20
22.6424
 11
40.4128
 21
22.45
  0
LINE
  8
0
 10
40.4128
 20
22.45
 11
40.2115
 21
22.3965
  0
LINE
  8
0
 10
40.2115
 20
22.3965
 11
40.054
 21
22.4297
  0
LINE
  8
0
 10
40.054
 20
22.4297
 11
39.9378
 21
22.5286
  0
LINE
  8
0
 10
39.9378
 20
22.5286
 11
39.8623
 21
22.7006
  0
LINE
  8
0
 10
39.8623
 20
22.7006
 11
39.8411
 21
22.9008
  0
LINE
  8
0
 10
39.8411
 20
22.9008
 11
41.1533
 21
22.9008
  0
LINE
  8
0
 10
41.1533
 20
22.9008
 11
41.1533
 21
22.9689
  0
LINE
  8
0
 10
41.1533
 20
22.9689
 11
41.0936
 21
23.4779
  0
LINE
  8
0
 10
41.0936
 20
23.4779
 11
40.9096
 21
23.8576
  0
LINE
  8
0
 10
40.9096
 20
23.8576
 11
40.605
 21
24.0921
  0
LINE
  8
0
 10
40.605
 20
24.0921
 11
40.1943
 21
24.1693
  0
LINE
  8
0
 10
40.1943
 20
24.1693
 11
39.7643
 21
24.0977
  0
LINE
  8
0
 10
39.7643
 20
24.0977
 11
39.4403
 21
23.8801
  0
LINE
  8
0
 10
39.4403
 20
23.8801
 11
39.2404
 21
23.5293
  0
LINE
  8
0
 10
39.2404
 20
23.5293
 11
39.175
 21
23.063
  0
LINE
  8
0
 10
39.175
 20
23.063
 11
39.2393
 21
22.5838
  0
LINE
  8
0
 10
39.2393
 20
22.5838
 11
39.4362
 21
22.2279
  0
LINE
  8
0
 10
39.4362
 20
22.2279
 11
39.7575
 21
22.0093
  0
LINE
  8
0
 10
39.7575
 20
22.0093
 11
40.1882
 21
21.9371
  0
LINE
  8
0
 10
40.1882
 20
21.9371
 11
40.7708
 21
22.0834
  0
LINE
  8
0
 10
39.8469
 20
23.335
 11
39.8674
 21
23.4794
  0
LINE
  8
0
 10
39.8674
 20
23.4794
 11
39.9365
 21
23.6193
  0
LINE
  8
0
 10
39.9365
 20
23.6193
 11
40.0415
 21
23.703
  0
LINE
  8
0
 10
40.0415
 20
23.703
 11
40.1862
 21
23.7315
  0
LINE
  8
0
 10
40.1862
 20
23.7315
 11
40.3237
 21
23.7045
  0
LINE
  8
0
 10
40.3237
 20
23.7045
 11
40.4281
 21
23.625
  0
LINE
  8
0
 10
40.4281
 20
23.625
 11
40.5014
 21
23.4863
  0
LINE
  8
0
 10
40.5014
 20
23.4863
 11
40.5275
 21
23.335
  0
LINE
  8
0
 10
40.5275
 20
23.335
 11
39.8469
 21
23.335
  0
LINE
  8
0
 10
135.738
 20
22.0834
 11
136.137
 21
22.5882
  0
LINE
  8
0
 10
136.137
 20
22.5882
 11
135.513
 21
22.6424
  0
LINE
  8
0
 10
135.513
 20
22.6424
 11
135.38
 21
22.45
  0
LINE
  8
0
 10
135.38
 20
22.45
 11
135.179
 21
22.3965
  0
LINE
  8
0
 10
135.179
 20
22.3965
 11
135.022
 21
22.4297
  0
LINE
  8
0
 10
135.022
 20
22.4297
 11
134.905
 21
22.5286
  0
LINE
  8
0
 10
134.905
 20
22.5286
 11
134.83
 21
22.7006
  0
LINE
  8
0
 10
134.83
 20
22.7006
 11
134.809
 21
22.9008
  0
LINE
  8
0
 10
134.809
 20
22.9008
 11
136.121
 21
22.9008
  0
LINE
  8
0
 10
136.121
 20
22.9008
 11
136.121
 21
22.9689
  0
LINE
  8
0
 10
136.121
 20
22.9689
 11
136.061
 21
23.4779
  0
LINE
  8
0
 10
136.061
 20
23.4779
 11
135.877
 21
23.8576
  0
LINE
  8
0
 10
135.877
 20
23.8576
 11
135.573
 21
24.0921
  0
LINE
  8
0
 10
135.573
 20
24.0921
 11
135.162
 21
24.1693
  0
LINE
  8
0
 10
135.162
 20
24.1693
 11
134.732
 21
24.0977
  0
LINE
  8
0
 10
134.732
 20
24.0977
 11
134.408
 21
23.8801
  0
LINE
  8
0
 10
134.408
 20
23.8801
 11
134.208
 21
23.5293
  0
LINE
  8
0
 10
134.208
 20
23.5293
 11
134.143
 21
23.063
  0
LINE
  8
0
 10
134.143
 20
23.063
 11
134.207
 21
22.5838
  0
LINE
  8
0
 10
134.207
 20
22.5838
 11
134.404
 21
22.2279
  0
LINE
  8
0
 10
134.404
 20
22.2279
 11
134.725
 21
22.0093
  0
LINE
  8
0
 10
134.725
 20
22.0093
 11
135.156
 21
21.9371
  0
LINE
  8
0
 10
135.156
 20
21.9371
 11
135.738
 21
22.0834
  0
LINE
  8
0
 10
134.815
 20
23.335
 11
134.835
 21
23.4794
  0
LINE
  8
0
 10
134.835
 20
23.4794
 11
134.904
 21
23.6193
  0
LINE
  8
0
 10
134.904
 20
23.6193
 11
135.009
 21
23.703
  0
LINE
  8
0
 10
135.009
 20
23.703
 11
135.154
 21
23.7315
  0
LINE
  8
0
 10
135.154
 20
23.7315
 11
135.291
 21
23.7045
  0
LINE
  8
0
 10
135.291
 20
23.7045
 11
135.396
 21
23.625
  0
LINE
  8
0
 10
135.396
 20
23.625
 11
135.469
 21
23.4863
  0
LINE
  8
0
 10
135.469
 20
23.4863
 11
135.495
 21
23.335
  0
LINE
  8
0
 10
135.495
 20
23.335
 11
134.815
 21
23.335
  0
LINE
  8
0
 10
102.184
 20
22.0834
 11
102.583
 21
22.5882
  0
LINE
  8
0
 10
102.583
 20
22.5882
 11
101.958
 21
22.6424
  0
LINE
  8
0
 10
101.958
 20
22.6424
 11
101.826
 21
22.45
  0
LINE
  8
0
 10
101.826
 20
22.45
 11
101.624
 21
22.3965
  0
LINE
  8
0
 10
101.624
 20
22.3965
 11
101.467
 21
22.4297
  0
LINE
  8
0
 10
101.467
 20
22.4297
 11
101.351
 21
22.5286
  0
LINE
  8
0
 10
101.351
 20
22.5286
 11
101.275
 21
22.7006
  0
LINE
  8
0
 10
101.275
 20
22.7006
 11
101.254
 21
22.9008
  0
LINE
  8
0
 10
101.254
 20
22.9008
 11
102.566
 21
22.9008
  0
LINE
  8
0
 10
102.566
 20
22.9008
 11
102.566
 21
22.9689
  0
LINE
  8
0
 10
102.566
 20
22.9689
 11
102.506
 21
23.4779
  0
LINE
  8
0
 10
102.506
 20
23.4779
 11
102.322
 21
23.8576
  0
LINE
  8
0
 10
102.322
 20
23.8576
 11
102.018
 21
24.0921
  0
LINE
  8
0
 10
102.018
 20
24.0921
 11
101.607
 21
24.1693
  0
LINE
  8
0
 10
101.607
 20
24.1693
 11
101.177
 21
24.0977
  0
LINE
  8
0
 10
101.177
 20
24.0977
 11
100.853
 21
23.8801
  0
LINE
  8
0
 10
100.853
 20
23.8801
 11
100.653
 21
23.5293
  0
LINE
  8
0
 10
100.653
 20
23.5293
 11
100.588
 21
23.063
  0
LINE
  8
0
 10
100.588
 20
23.063
 11
100.652
 21
22.5838
  0
LINE
  8
0
 10
100.652
 20
22.5838
 11
100.849
 21
22.2279
  0
LINE
  8
0
 10
100.849
 20
22.2279
 11
101.17
 21
22.0093
  0
LINE
  8
0
 10
101.17
 20
22.0093
 11
101.601
 21
21.9371
  0
LINE
  8
0
 10
101.601
 20
21.9371
 11
102.184
 21
22.0834
  0
LINE
  8
0
 10
101.26
 20
23.335
 11
101.28
 21
23.4794
  0
LINE
  8
0
 10
101.28
 20
23.4794
 11
101.349
 21
23.6193
  0
LINE
  8
0
 10
101.349
 20
23.6193
 11
101.454
 21
23.703
  0
LINE
  8
0
 10
101.454
 20
23.703
 11
101.599
 21
23.7315
  0
LINE
  8
0
 10
101.599
 20
23.7315
 11
101.737
 21
23.7045
  0
LINE
  8
0
 10
101.737
 20
23.7045
 11
101.841
 21
23.625
  0
LINE
  8
0
 10
101.841
 20
23.625
 11
101.914
 21
23.4863
  0
LINE
  8
0
 10
101.914
 20
23.4863
 11
101.94
 21
23.335
  0
LINE
  8
0
 10
101.94
 20
23.335
 11
101.26
 21
23.335
  0
LINE
  8
0
 10
57.2338
 20
22.0834
 11
57.6327
 21
22.5882
  0
LINE
  8
0
 10
57.6327
 20
22.5882
 11
57.0081
 21
22.6424
  0
LINE
  8
0
 10
57.0081
 20
22.6424
 11
56.8758
 21
22.45
  0
LINE
  8
0
 10
56.8758
 20
22.45
 11
56.6745
 21
22.3965
  0
LINE
  8
0
 10
56.6745
 20
22.3965
 11
56.517
 21
22.4297
  0
LINE
  8
0
 10
56.517
 20
22.4297
 11
56.4008
 21
22.5286
  0
LINE
  8
0
 10
56.4008
 20
22.5286
 11
56.3253
 21
22.7006
  0
LINE
  8
0
 10
56.3253
 20
22.7006
 11
56.3042
 21
22.9008
  0
LINE
  8
0
 10
56.3042
 20
22.9008
 11
57.6163
 21
22.9008
  0
LINE
  8
0
 10
57.6163
 20
22.9008
 11
57.6163
 21
22.9689
  0
LINE
  8
0
 10
57.6163
 20
22.9689
 11
57.5566
 21
23.4779
  0
LINE
  8
0
 10
57.5566
 20
23.4779
 11
57.3727
 21
23.8576
  0
LINE
  8
0
 10
57.3727
 20
23.8576
 11
57.0681
 21
24.0921
  0
LINE
  8
0
 10
57.0681
 20
24.0921
 11
56.6574
 21
24.1693
  0
LINE
  8
0
 10
56.6574
 20
24.1693
 11
56.2273
 21
24.0977
  0
LINE
  8
0
 10
56.2273
 20
24.0977
 11
55.9034
 21
23.8801
  0
LINE
  8
0
 10
55.9034
 20
23.8801
 11
55.7034
 21
23.5293
  0
LINE
  8
0
 10
55.7034
 20
23.5293
 11
55.638
 21
23.063
  0
LINE
  8
0
 10
55.638
 20
23.063
 11
55.7023
 21
22.5838
  0
LINE
  8
0
 10
55.7023
 20
22.5838
 11
55.8992
 21
22.2279
  0
LINE
  8
0
 10
55.8992
 20
22.2279
 11
56.2205
 21
22.0093
  0
LINE
  8
0
 10
56.2205
 20
22.0093
 11
56.6513
 21
21.9371
  0
LINE
  8
0
 10
56.6513
 20
21.9371
 11
57.2338
 21
22.0834
  0
LINE
  8
0
 10
56.31
 20
23.335
 11
56.3304
 21
23.4794
  0
LINE
  8
0
 10
56.3304
 20
23.4794
 11
56.3996
 21
23.6193
  0
LINE
  8
0
 10
56.3996
 20
23.6193
 11
56.5045
 21
23.703
  0
LINE
  8
0
 10
56.5045
 20
23.703
 11
56.6492
 21
23.7315
  0
LINE
  8
0
 10
56.6492
 20
23.7315
 11
56.7868
 21
23.7045
  0
LINE
  8
0
 10
56.7868
 20
23.7045
 11
56.8912
 21
23.625
  0
LINE
  8
0
 10
56.8912
 20
23.625
 11
56.9644
 21
23.4863
  0
LINE
  8
0
 10
56.9644
 20
23.4863
 11
56.9905
 21
23.335
  0
LINE
  8
0
 10
56.9905
 20
23.335
 11
56.31
 21
23.335
  0
LINE
  8
0
 10
49.0004
 20
22.0834
 11
49.3994
 21
22.5882
  0
LINE
  8
0
 10
49.3994
 20
22.5882
 11
48.7747
 21
22.6424
  0
LINE
  8
0
 10
48.7747
 20
22.6424
 11
48.6425
 21
22.45
  0
LINE
  8
0
 10
48.6425
 20
22.45
 11
48.4411
 21
22.3965
  0
LINE
  8
0
 10
48.4411
 20
22.3965
 11
48.2836
 21
22.4297
  0
LINE
  8
0
 10
48.2836
 20
22.4297
 11
48.1675
 21
22.5286
  0
LINE
  8
0
 10
48.1675
 20
22.5286
 11
48.0919
 21
22.7006
  0
LINE
  8
0
 10
48.0919
 20
22.7006
 11
48.0708
 21
22.9008
  0
LINE
  8
0
 10
48.0708
 20
22.9008
 11
49.383
 21
22.9008
  0
LINE
  8
0
 10
49.383
 20
22.9008
 11
49.383
 21
22.9689
  0
LINE
  8
0
 10
49.383
 20
22.9689
 11
49.3233
 21
23.4779
  0
LINE
  8
0
 10
49.3233
 20
23.4779
 11
49.1393
 21
23.8576
  0
LINE
  8
0
 10
49.1393
 20
23.8576
 11
48.8347
 21
24.0921
  0
LINE
  8
0
 10
48.8347
 20
24.0921
 11
48.424
 21
24.1693
  0
LINE
  8
0
 10
48.424
 20
24.1693
 11
47.994
 21
24.0977
  0
LINE
  8
0
 10
47.994
 20
24.0977
 11
47.67
 21
23.8801
  0
LINE
  8
0
 10
47.67
 20
23.8801
 11
47.47
 21
23.5293
  0
LINE
  8
0
 10
47.47
 20
23.5293
 11
47.4046
 21
23.063
  0
LINE
  8
0
 10
47.4046
 20
23.063
 11
47.469
 21
22.5838
  0
LINE
  8
0
 10
47.469
 20
22.5838
 11
47.6658
 21
22.2279
  0
LINE
  8
0
 10
47.6658
 20
22.2279
 11
47.9872
 21
22.0093
  0
LINE
  8
0
 10
47.9872
 20
22.0093
 11
48.4179
 21
21.9371
  0
LINE
  8
0
 10
48.4179
 20
21.9371
 11
49.0004
 21
22.0834
  0
LINE
  8
0
 10
48.0766
 20
23.335
 11
48.0971
 21
23.4794
  0
LINE
  8
0
 10
48.0971
 20
23.4794
 11
48.1662
 21
23.6193
  0
LINE
  8
0
 10
48.1662
 20
23.6193
 11
48.2711
 21
23.703
  0
LINE
  8
0
 10
48.2711
 20
23.703
 11
48.4159
 21
23.7315
  0
LINE
  8
0
 10
48.4159
 20
23.7315
 11
48.5534
 21
23.7045
  0
LINE
  8
0
 10
48.5534
 20
23.7045
 11
48.6578
 21
23.625
  0
LINE
  8
0
 10
48.6578
 20
23.625
 11
48.7311
 21
23.4863
  0
LINE
  8
0
 10
48.7311
 20
23.4863
 11
48.7572
 21
23.335
  0
LINE
  8
0
 10
48.7572
 20
23.335
 11
48.0766
 21
23.335
  0
LINE
  8
0
 10
87.7752
 20
22.0114
 11
88.1238
 21
22.2362
  0
LINE
  8
0
 10
88.1238
 20
22.2362
 11
88.343
 21
22.5921
  0
LINE
  8
0
 10
88.343
 20
22.5921
 11
88.415
 21
23.055
  0
LINE
  8
0
 10
88.415
 20
23.055
 11
88.3463
 21
23.5268
  0
LINE
  8
0
 10
88.3463
 20
23.5268
 11
88.1364
 21
23.88
  0
LINE
  8
0
 10
88.1364
 20
23.88
 11
87.7931
 21
24.0978
  0
LINE
  8
0
 10
87.7931
 20
24.0978
 11
87.3313
 21
24.1692
  0
LINE
  8
0
 10
87.3313
 20
24.1692
 11
86.8759
 21
24.0952
  0
LINE
  8
0
 10
86.8759
 20
24.0952
 11
86.5296
 21
23.8704
  0
LINE
  8
0
 10
86.5296
 20
23.8704
 11
86.3134
 21
23.5154
  0
LINE
  8
0
 10
86.3134
 20
23.5154
 11
86.2423
 21
23.0553
  0
LINE
  8
0
 10
86.2423
 20
23.0553
 11
86.3134
 21
22.5935
  0
LINE
  8
0
 10
86.3134
 20
22.5935
 11
86.5294
 21
22.2374
  0
LINE
  8
0
 10
86.5294
 20
22.2374
 11
86.8729
 21
22.0118
  0
LINE
  8
0
 10
86.8729
 20
22.0118
 11
87.3201
 21
21.9375
  0
LINE
  8
0
 10
87.3201
 20
21.9375
 11
87.7752
 21
22.0114
  0
LINE
  8
0
 10
87.1409
 20
22.4434
 11
87.0139
 21
22.5612
  0
LINE
  8
0
 10
87.0139
 20
22.5612
 11
86.9318
 21
22.7647
  0
LINE
  8
0
 10
86.9318
 20
22.7647
 11
86.9036
 21
23.0519
  0
LINE
  8
0
 10
86.9036
 20
23.0519
 11
87.0178
 21
23.5431
  0
LINE
  8
0
 10
87.0178
 20
23.5431
 11
87.3455
 21
23.6997
  0
LINE
  8
0
 10
87.3455
 20
23.6997
 11
87.5174
 21
23.6644
  0
LINE
  8
0
 10
87.5174
 20
23.6644
 11
87.6451
 21
23.5565
  0
LINE
  8
0
 10
87.6451
 20
23.5565
 11
87.7273
 21
23.3591
  0
LINE
  8
0
 10
87.7273
 20
23.3591
 11
87.7557
 21
23.0587
  0
LINE
  8
0
 10
87.7557
 20
23.0587
 11
87.6401
 21
22.5632
  0
LINE
  8
0
 10
87.6401
 20
22.5632
 11
87.3086
 21
22.4053
  0
LINE
  8
0
 10
87.3086
 20
22.4053
 11
87.1409
 21
22.4434
  0
LINE
  8
0
 10
16.3283
 20
22.0114
 11
16.677
 21
22.2362
  0
LINE
  8
0
 10
16.677
 20
22.2362
 11
16.8961
 21
22.5921
  0
LINE
  8
0
 10
16.8961
 20
22.5921
 11
16.9682
 21
23.055
  0
LINE
  8
0
 10
16.9682
 20
23.055
 11
16.8994
 21
23.5268
  0
LINE
  8
0
 10
16.8994
 20
23.5268
 11
16.6896
 21
23.88
  0
LINE
  8
0
 10
16.6896
 20
23.88
 11
16.3462
 21
24.0978
  0
LINE
  8
0
 10
16.3462
 20
24.0978
 11
15.8845
 21
24.1692
  0
LINE
  8
0
 10
15.8845
 20
24.1692
 11
15.4291
 21
24.0952
  0
LINE
  8
0
 10
15.4291
 20
24.0952
 11
15.0827
 21
23.8704
  0
LINE
  8
0
 10
15.0827
 20
23.8704
 11
14.8665
 21
23.5154
  0
LINE
  8
0
 10
14.8665
 20
23.5154
 11
14.7955
 21
23.0553
  0
LINE
  8
0
 10
14.7955
 20
23.0553
 11
14.8665
 21
22.5935
  0
LINE
  8
0
 10
14.8665
 20
22.5935
 11
15.0826
 21
22.2374
  0
LINE
  8
0
 10
15.0826
 20
22.2374
 11
15.426
 21
22.0118
  0
LINE
  8
0
 10
15.426
 20
22.0118
 11
15.8732
 21
21.9375
  0
LINE
  8
0
 10
15.8732
 20
21.9375
 11
16.3283
 21
22.0114
  0
LINE
  8
0
 10
15.694
 20
22.4434
 11
15.5671
 21
22.5612
  0
LINE
  8
0
 10
15.5671
 20
22.5612
 11
15.4849
 21
22.7647
  0
LINE
  8
0
 10
15.4849
 20
22.7647
 11
15.4568
 21
23.0519
  0
LINE
  8
0
 10
15.4568
 20
23.0519
 11
15.571
 21
23.5431
  0
LINE
  8
0
 10
15.571
 20
23.5431
 11
15.8987
 21
23.6997
  0
LINE
  8
0
 10
15.8987
 20
23.6997
 11
16.0705
 21
23.6644
  0
LINE
  8
0
 10
16.0705
 20
23.6644
 11
16.1982
 21
23.5565
  0
LINE
  8
0
 10
16.1982
 20
23.5565
 11
16.2804
 21
23.3591
  0
LINE
  8
0
 10
16.2804
 20
23.3591
 11
16.3089
 21
23.0587
  0
LINE
  8
0
 10
16.3089
 20
23.0587
 11
16.1932
 21
22.5632
  0
LINE
  8
0
 10
16.1932
 20
22.5632
 11
15.8618
 21
22.4053
  0
LINE
  8
0
 10
15.8618
 20
22.4053
 11
15.694
 21
22.4434
  0
LINE
  8
0
 10
36.2757
 20
22.0114
 11
36.6244
 21
22.2362
  0
LINE
  8
0
 10
36.6244
 20
22.2362
 11
36.8436
 21
22.5921
  0
LINE
  8
0
 10
36.8436
 20
22.5921
 11
36.9156
 21
23.055
  0
LINE
  8
0
 10
36.9156
 20
23.055
 11
36.8469
 21
23.5268
  0
LINE
  8
0
 10
36.8469
 20
23.5268
 11
36.637
 21
23.88
  0
LINE
  8
0
 10
36.637
 20
23.88
 11
36.2937
 21
24.0978
  0
LINE
  8
0
 10
36.2937
 20
24.0978
 11
35.8319
 21
24.1692
  0
LINE
  8
0
 10
35.8319
 20
24.1692
 11
35.3765
 21
24.0952
  0
LINE
  8
0
 10
35.3765
 20
24.0952
 11
35.0302
 21
23.8704
  0
LINE
  8
0
 10
35.0302
 20
23.8704
 11
34.814
 21
23.5154
  0
LINE
  8
0
 10
34.814
 20
23.5154
 11
34.7429
 21
23.0553
  0
LINE
  8
0
 10
34.7429
 20
23.0553
 11
34.8139
 21
22.5935
  0
LINE
  8
0
 10
34.8139
 20
22.5935
 11
35.03
 21
22.2374
  0
LINE
  8
0
 10
35.03
 20
22.2374
 11
35.3735
 21
22.0118
  0
LINE
  8
0
 10
35.3735
 20
22.0118
 11
35.8206
 21
21.9375
  0
LINE
  8
0
 10
35.8206
 20
21.9375
 11
36.2757
 21
22.0114
  0
LINE
  8
0
 10
35.6415
 20
22.4434
 11
35.5145
 21
22.5612
  0
LINE
  8
0
 10
35.5145
 20
22.5612
 11
35.4324
 21
22.7647
  0
LINE
  8
0
 10
35.4324
 20
22.7647
 11
35.4042
 21
23.0519
  0
LINE
  8
0
 10
35.4042
 20
23.0519
 11
35.5184
 21
23.5431
  0
LINE
  8
0
 10
35.5184
 20
23.5431
 11
35.8461
 21
23.6997
  0
LINE
  8
0
 10
35.8461
 20
23.6997
 11
36.018
 21
23.6644
  0
LINE
  8
0
 10
36.018
 20
23.6644
 11
36.1457
 21
23.5565
  0
LINE
  8
0
 10
36.1457
 20
23.5565
 11
36.2278
 21
23.3591
  0
LINE
  8
0
 10
36.2278
 20
23.3591
 11
36.2563
 21
23.0587
  0
LINE
  8
0
 10
36.2563
 20
23.0587
 11
36.1406
 21
22.5632
  0
LINE
  8
0
 10
36.1406
 20
22.5632
 11
35.8092
 21
22.4053
  0
LINE
  8
0
 10
35.8092
 20
22.4053
 11
35.6415
 21
22.4434
  0
LINE
  8
0
 10
116.471
 20
22.0114
 11
116.82
 21
22.2362
  0
LINE
  8
0
 10
116.82
 20
22.2362
 11
117.039
 21
22.5921
  0
LINE
  8
0
 10
117.039
 20
22.5921
 11
117.111
 21
23.055
  0
LINE
  8
0
 10
117.111
 20
23.055
 11
117.043
 21
23.5268
  0
LINE
  8
0
 10
117.043
 20
23.5268
 11
116.833
 21
23.88
  0
LINE
  8
0
 10
116.833
 20
23.88
 11
116.489
 21
24.0978
  0
LINE
  8
0
 10
116.489
 20
24.0978
 11
116.028
 21
24.1692
  0
LINE
  8
0
 10
116.028
 20
24.1692
 11
115.572
 21
24.0952
  0
LINE
  8
0
 10
115.572
 20
24.0952
 11
115.226
 21
23.8704
  0
LINE
  8
0
 10
115.226
 20
23.8704
 11
115.01
 21
23.5154
  0
LINE
  8
0
 10
115.01
 20
23.5154
 11
114.939
 21
23.0553
  0
LINE
  8
0
 10
114.939
 20
23.0553
 11
115.01
 21
22.5935
  0
LINE
  8
0
 10
115.01
 20
22.5935
 11
115.226
 21
22.2374
  0
LINE
  8
0
 10
115.226
 20
22.2374
 11
115.569
 21
22.0118
  0
LINE
  8
0
 10
115.569
 20
22.0118
 11
116.016
 21
21.9375
  0
LINE
  8
0
 10
116.016
 20
21.9375
 11
116.471
 21
22.0114
  0
LINE
  8
0
 10
115.837
 20
22.4434
 11
115.71
 21
22.5612
  0
LINE
  8
0
 10
115.71
 20
22.5612
 11
115.628
 21
22.7647
  0
LINE
  8
0
 10
115.628
 20
22.7647
 11
115.6
 21
23.0519
  0
LINE
  8
0
 10
115.6
 20
23.0519
 11
115.714
 21
23.5431
  0
LINE
  8
0
 10
115.714
 20
23.5431
 11
116.042
 21
23.6997
  0
LINE
  8
0
 10
116.042
 20
23.6997
 11
116.214
 21
23.6644
  0
LINE
  8
0
 10
116.214
 20
23.6644
 11
116.341
 21
23.5565
  0
LINE
  8
0
 10
116.341
 20
23.5565
 11
116.424
 21
23.3591
  0
LINE
  8
0
 10
116.424
 20
23.3591
 11
116.452
 21
23.0587
  0
LINE
  8
0
 10
116.452
 20
23.0587
 11
116.336
 21
22.5632
  0
LINE
  8
0
 10
116.336
 20
22.5632
 11
116.005
 21
22.4053
  0
LINE
  8
0
 10
116.005
 20
22.4053
 11
115.837
 21
22.4434
  0
LINE
  8
0
 10
13.9564
 20
21.9614
 11
14.1788
 21
22.0325
  0
LINE
  8
0
 10
14.1788
 20
22.0325
 11
14.3696
 21
22.1479
  0
LINE
  8
0
 10
14.3696
 20
22.1479
 11
14.5203
 21
22.3036
  0
LINE
  8
0
 10
14.5203
 20
22.3036
 11
14.6256
 21
22.4915
  0
LINE
  8
0
 10
14.6256
 20
22.4915
 11
14.6948
 21
22.7568
  0
LINE
  8
0
 10
14.6948
 20
22.7568
 11
14.0574
 21
22.7862
  0
LINE
  8
0
 10
14.0574
 20
22.7862
 11
14.0052
 21
22.5894
  0
LINE
  8
0
 10
14.0052
 20
22.5894
 11
13.9329
 21
22.4856
  0
LINE
  8
0
 10
13.9329
 20
22.4856
 11
13.8351
 21
22.4243
  0
LINE
  8
0
 10
13.8351
 20
22.4243
 11
13.7228
 21
22.405
  0
LINE
  8
0
 10
13.7228
 20
22.405
 11
13.4436
 21
22.5625
  0
LINE
  8
0
 10
13.4436
 20
22.5625
 11
13.3451
 21
23.0628
  0
LINE
  8
0
 10
13.3451
 20
23.0628
 11
13.4416
 21
23.5474
  0
LINE
  8
0
 10
13.4416
 20
23.5474
 11
13.7154
 21
23.7
  0
LINE
  8
0
 10
13.7154
 20
23.7
 11
13.836
 21
23.6809
  0
LINE
  8
0
 10
13.836
 20
23.6809
 11
13.9287
 21
23.6216
  0
LINE
  8
0
 10
13.9287
 20
23.6216
 11
13.9925
 21
23.5269
  0
LINE
  8
0
 10
13.9925
 20
23.5269
 11
14.0409
 21
23.3546
  0
LINE
  8
0
 10
14.0409
 20
23.3546
 11
14.6859
 21
23.3865
  0
LINE
  8
0
 10
14.6859
 20
23.3865
 11
14.5544
 21
23.7455
  0
LINE
  8
0
 10
14.5544
 20
23.7455
 11
14.3486
 21
23.9765
  0
LINE
  8
0
 10
14.3486
 20
23.9765
 11
14.064
 21
24.1213
  0
LINE
  8
0
 10
14.064
 20
24.1213
 11
13.7167
 21
24.1691
  0
LINE
  8
0
 10
13.7167
 20
24.1691
 11
13.281
 21
24.095
  0
LINE
  8
0
 10
13.281
 20
24.095
 11
12.9524
 21
23.8693
  0
LINE
  8
0
 10
12.9524
 20
23.8693
 11
12.7498
 21
23.5109
  0
LINE
  8
0
 10
12.7498
 20
23.5109
 11
12.6835
 21
23.0419
  0
LINE
  8
0
 10
12.6835
 20
23.0419
 11
12.7495
 21
22.5827
  0
LINE
  8
0
 10
12.7495
 20
22.5827
 11
12.9508
 21
22.2314
  0
LINE
  8
0
 10
12.9508
 20
22.2314
 11
13.2769
 21
22.0102
  0
LINE
  8
0
 10
13.2769
 20
22.0102
 11
13.7081
 21
21.9378
  0
LINE
  8
0
 10
13.7081
 20
21.9378
 11
13.9564
 21
21.9614
  0
LINE
  8
0
 10
93.6378
 20
22.0445
 11
93.8735
 21
22.2989
  0
LINE
  8
0
 10
93.8735
 20
22.2989
 11
93.8949
 21
22.2047
  0
LINE
  8
0
 10
93.8949
 20
22.2047
 11
93.9824
 21
22.0654
  0
LINE
  8
0
 10
93.9824
 20
22.0654
 11
94.1235
 21
21.9799
  0
LINE
  8
0
 10
94.1235
 20
21.9799
 11
94.3125
 21
21.9533
  0
LINE
  8
0
 10
94.3125
 20
21.9533
 11
94.371
 21
21.9543
  0
LINE
  8
0
 10
94.371
 20
21.9543
 11
94.4194
 21
21.9573
  0
LINE
  8
0
 10
94.4194
 20
21.9573
 11
94.4627
 21
21.9617
  0
LINE
  8
0
 10
94.4627
 20
21.9617
 11
94.5036
 21
21.9672
  0
LINE
  8
0
 10
94.5036
 20
21.9672
 11
94.5437
 21
21.9742
  0
LINE
  8
0
 10
94.5437
 20
21.9742
 11
94.5834
 21
21.9832
  0
LINE
  8
0
 10
94.5834
 20
21.9832
 11
94.6243
 21
21.9933
  0
LINE
  8
0
 10
94.6243
 20
21.9933
 11
94.7074
 21
22.0134
  0
LINE
  8
0
 10
94.7074
 20
22.0134
 11
94.7074
 21
22.3992
  0
LINE
  8
0
 10
94.7074
 20
22.3992
 11
94.5945
 21
22.3826
  0
LINE
  8
0
 10
94.5945
 20
22.3826
 11
94.5436
 21
22.3802
  0
LINE
  8
0
 10
94.5436
 20
22.3802
 11
94.4856
 21
22.3923
  0
LINE
  8
0
 10
94.4856
 20
22.3923
 11
94.4533
 21
22.4229
  0
LINE
  8
0
 10
94.4533
 20
22.4229
 11
94.4299
 21
22.4971
  0
LINE
  8
0
 10
94.4299
 20
22.4971
 11
94.4206
 21
22.6355
  0
LINE
  8
0
 10
94.4206
 20
22.6355
 11
94.4206
 21
23.386
  0
LINE
  8
0
 10
94.4206
 20
23.386
 11
94.3654
 21
23.7137
  0
LINE
  8
0
 10
94.3654
 20
23.7137
 11
94.1946
 21
23.9646
  0
LINE
  8
0
 10
94.1946
 20
23.9646
 11
93.9208
 21
24.1188
  0
LINE
  8
0
 10
93.9208
 20
24.1188
 11
93.5605
 21
24.1689
  0
LINE
  8
0
 10
93.5605
 20
24.1689
 11
93.2018
 21
24.1287
  0
LINE
  8
0
 10
93.2018
 20
24.1287
 11
92.9219
 21
24.0054
  0
LINE
  8
0
 10
92.9219
 20
24.0054
 11
92.7276
 21
23.7994
  0
LINE
  8
0
 10
92.7276
 20
23.7994
 11
92.6072
 21
23.4623
  0
LINE
  8
0
 10
92.6072
 20
23.4623
 11
93.2728
 21
23.4305
  0
LINE
  8
0
 10
93.2728
 20
23.4305
 11
93.3103
 21
23.5968
  0
LINE
  8
0
 10
93.3103
 20
23.5968
 11
93.3553
 21
23.6683
  0
LINE
  8
0
 10
93.3553
 20
23.6683
 11
93.4249
 21
23.7078
  0
LINE
  8
0
 10
93.4249
 20
23.7078
 11
93.5359
 21
23.7224
  0
LINE
  8
0
 10
93.5359
 20
23.7224
 11
93.6531
 21
23.7015
  0
LINE
  8
0
 10
93.6531
 20
23.7015
 11
93.7258
 21
23.6439
  0
LINE
  8
0
 10
93.7258
 20
23.6439
 11
93.7705
 21
23.5389
  0
LINE
  8
0
 10
93.7705
 20
23.5389
 11
93.7871
 21
23.3737
  0
LINE
  8
0
 10
93.7871
 20
23.3737
 11
93.7871
 21
23.3208
  0
LINE
  8
0
 10
93.7871
 20
23.3208
 11
93.3911
 21
23.3141
  0
LINE
  8
0
 10
93.3911
 20
23.3141
 11
93.0318
 21
23.268
  0
LINE
  8
0
 10
93.0318
 20
23.268
 11
92.7591
 21
23.1328
  0
LINE
  8
0
 10
92.7591
 20
23.1328
 11
92.5889
 21
22.909
  0
LINE
  8
0
 10
92.5889
 20
22.909
 11
92.5332
 21
22.6078
  0
LINE
  8
0
 10
92.5332
 20
22.6078
 11
92.578
 21
22.3276
  0
LINE
  8
0
 10
92.578
 20
22.3276
 11
92.7151
 21
22.1138
  0
LINE
  8
0
 10
92.7151
 20
22.1138
 11
92.9334
 21
21.9808
  0
LINE
  8
0
 10
92.9334
 20
21.9808
 11
93.2187
 21
21.9372
  0
LINE
  8
0
 10
93.2187
 20
21.9372
 11
93.6378
 21
22.0445
  0
LINE
  8
0
 10
93.3055
 20
22.4255
 11
93.2455
 21
22.4663
  0
LINE
  8
0
 10
93.2455
 20
22.4663
 11
93.2054
 21
22.5376
  0
LINE
  8
0
 10
93.2054
 20
22.5376
 11
93.1906
 21
22.6497
  0
LINE
  8
0
 10
93.1906
 20
22.6497
 11
93.1995
 21
22.7398
  0
LINE
  8
0
 10
93.1995
 20
22.7398
 11
93.2248
 21
22.8055
  0
LINE
  8
0
 10
93.2248
 20
22.8055
 11
93.2642
 21
22.8524
  0
LINE
  8
0
 10
93.2642
 20
22.8524
 11
93.3194
 21
22.8862
  0
LINE
  8
0
 10
93.3194
 20
22.8862
 11
93.4131
 21
22.9102
  0
LINE
  8
0
 10
93.4131
 20
22.9102
 11
93.5663
 21
22.9236
  0
LINE
  8
0
 10
93.5663
 20
22.9236
 11
93.7871
 21
22.9267
  0
LINE
  8
0
 10
93.7871
 20
22.9267
 11
93.7871
 21
22.8757
  0
LINE
  8
0
 10
93.7871
 20
22.8757
 11
93.7733
 21
22.753
  0
LINE
  8
0
 10
93.7733
 20
22.753
 11
93.7331
 21
22.64
  0
LINE
  8
0
 10
93.7331
 20
22.64
 11
93.67
 21
22.5431
  0
LINE
  8
0
 10
93.67
 20
22.5431
 11
93.5881
 21
22.4709
  0
LINE
  8
0
 10
93.5881
 20
22.4709
 11
93.4924
 21
22.4258
  0
LINE
  8
0
 10
93.4924
 20
22.4258
 11
93.3879
 21
22.4109
  0
LINE
  8
0
 10
93.3879
 20
22.4109
 11
93.3055
 21
22.4255
  0
LINE
  8
0
 10
120.645
 20
22.0445
 11
120.88
 21
22.2989
  0
LINE
  8
0
 10
120.88
 20
22.2989
 11
120.902
 21
22.2047
  0
LINE
  8
0
 10
120.902
 20
22.2047
 11
120.989
 21
22.0654
  0
LINE
  8
0
 10
120.989
 20
22.0654
 11
121.13
 21
21.9799
  0
LINE
  8
0
 10
121.13
 20
21.9799
 11
121.319
 21
21.9533
  0
LINE
  8
0
 10
121.319
 20
21.9533
 11
121.378
 21
21.9543
  0
LINE
  8
0
 10
121.378
 20
21.9543
 11
121.426
 21
21.9573
  0
LINE
  8
0
 10
121.426
 20
21.9573
 11
121.47
 21
21.9617
  0
LINE
  8
0
 10
121.47
 20
21.9617
 11
121.511
 21
21.9672
  0
LINE
  8
0
 10
121.511
 20
21.9672
 11
121.551
 21
21.9742
  0
LINE
  8
0
 10
121.551
 20
21.9742
 11
121.59
 21
21.9832
  0
LINE
  8
0
 10
121.59
 20
21.9832
 11
121.631
 21
21.9932
  0
LINE
  8
0
 10
121.631
 20
21.9932
 11
121.714
 21
22.0134
  0
LINE
  8
0
 10
121.714
 20
22.0134
 11
121.714
 21
22.3992
  0
LINE
  8
0
 10
121.714
 20
22.3992
 11
121.602
 21
22.3826
  0
LINE
  8
0
 10
121.602
 20
22.3826
 11
121.551
 21
22.3802
  0
LINE
  8
0
 10
121.551
 20
22.3802
 11
121.493
 21
22.3923
  0
LINE
  8
0
 10
121.493
 20
22.3923
 11
121.46
 21
22.4229
  0
LINE
  8
0
 10
121.46
 20
22.4229
 11
121.437
 21
22.4971
  0
LINE
  8
0
 10
121.437
 20
22.4971
 11
121.428
 21
22.6355
  0
LINE
  8
0
 10
121.428
 20
22.6355
 11
121.428
 21
23.386
  0
LINE
  8
0
 10
121.428
 20
23.386
 11
121.372
 21
23.7137
  0
LINE
  8
0
 10
121.372
 20
23.7137
 11
121.202
 21
23.9646
  0
LINE
  8
0
 10
121.202
 20
23.9646
 11
120.928
 21
24.1188
  0
LINE
  8
0
 10
120.928
 20
24.1188
 11
120.568
 21
24.1689
  0
LINE
  8
0
 10
120.568
 20
24.1689
 11
120.209
 21
24.1287
  0
LINE
  8
0
 10
120.209
 20
24.1287
 11
119.929
 21
24.0054
  0
LINE
  8
0
 10
119.929
 20
24.0054
 11
119.735
 21
23.7994
  0
LINE
  8
0
 10
119.735
 20
23.7994
 11
119.614
 21
23.4623
  0
LINE
  8
0
 10
119.614
 20
23.4623
 11
120.28
 21
23.4305
  0
LINE
  8
0
 10
120.28
 20
23.4305
 11
120.317
 21
23.5968
  0
LINE
  8
0
 10
120.317
 20
23.5968
 11
120.362
 21
23.6683
  0
LINE
  8
0
 10
120.362
 20
23.6683
 11
120.432
 21
23.7078
  0
LINE
  8
0
 10
120.432
 20
23.7078
 11
120.543
 21
23.7224
  0
LINE
  8
0
 10
120.543
 20
23.7224
 11
120.66
 21
23.7015
  0
LINE
  8
0
 10
120.66
 20
23.7015
 11
120.733
 21
23.6439
  0
LINE
  8
0
 10
120.733
 20
23.6439
 11
120.778
 21
23.5389
  0
LINE
  8
0
 10
120.778
 20
23.5389
 11
120.794
 21
23.3737
  0
LINE
  8
0
 10
120.794
 20
23.3737
 11
120.794
 21
23.3208
  0
LINE
  8
0
 10
120.794
 20
23.3208
 11
120.398
 21
23.3141
  0
LINE
  8
0
 10
120.398
 20
23.3141
 11
120.039
 21
23.268
  0
LINE
  8
0
 10
120.039
 20
23.268
 11
119.766
 21
23.1328
  0
LINE
  8
0
 10
119.766
 20
23.1328
 11
119.596
 21
22.909
  0
LINE
  8
0
 10
119.596
 20
22.909
 11
119.54
 21
22.6078
  0
LINE
  8
0
 10
119.54
 20
22.6078
 11
119.585
 21
22.3276
  0
LINE
  8
0
 10
119.585
 20
22.3276
 11
119.722
 21
22.1138
  0
LINE
  8
0
 10
119.722
 20
22.1138
 11
119.94
 21
21.9808
  0
LINE
  8
0
 10
119.94
 20
21.9808
 11
120.226
 21
21.9372
  0
LINE
  8
0
 10
120.226
 20
21.9372
 11
120.645
 21
22.0445
  0
LINE
  8
0
 10
120.312
 20
22.4255
 11
120.252
 21
22.4663
  0
LINE
  8
0
 10
120.252
 20
22.4663
 11
120.212
 21
22.5376
  0
LINE
  8
0
 10
120.212
 20
22.5376
 11
120.198
 21
22.6497
  0
LINE
  8
0
 10
120.198
 20
22.6497
 11
120.207
 21
22.7398
  0
LINE
  8
0
 10
120.207
 20
22.7398
 11
120.232
 21
22.8055
  0
LINE
  8
0
 10
120.232
 20
22.8055
 11
120.271
 21
22.8524
  0
LINE
  8
0
 10
120.271
 20
22.8524
 11
120.326
 21
22.8862
  0
LINE
  8
0
 10
120.326
 20
22.8862
 11
120.42
 21
22.9102
  0
LINE
  8
0
 10
120.42
 20
22.9102
 11
120.573
 21
22.9236
  0
LINE
  8
0
 10
120.573
 20
22.9236
 11
120.794
 21
22.9267
  0
LINE
  8
0
 10
120.794
 20
22.9267
 11
120.794
 21
22.8757
  0
LINE
  8
0
 10
120.794
 20
22.8757
 11
120.78
 21
22.7531
  0
LINE
  8
0
 10
120.78
 20
22.7531
 11
120.74
 21
22.6399
  0
LINE
  8
0
 10
120.74
 20
22.6399
 11
120.677
 21
22.5431
  0
LINE
  8
0
 10
120.677
 20
22.5431
 11
120.595
 21
22.4709
  0
LINE
  8
0
 10
120.595
 20
22.4709
 11
120.499
 21
22.4258
  0
LINE
  8
0
 10
120.499
 20
22.4258
 11
120.395
 21
22.4109
  0
LINE
  8
0
 10
120.395
 20
22.4109
 11
120.312
 21
22.4255
  0
LINE
  8
0
 10
54.0457
 20
23.2635
 11
54.0926
 21
23.4657
  0
LINE
  8
0
 10
54.0926
 20
23.4657
 11
54.1025
 21
23.4169
  0
LINE
  8
0
 10
54.1025
 20
23.4169
 11
54.1366
 21
23.2674
  0
LINE
  8
0
 10
54.1366
 20
23.2674
 11
54.4731
 21
21.9761
  0
LINE
  8
0
 10
54.4731
 20
21.9761
 11
55.1142
 21
21.9761
  0
LINE
  8
0
 10
55.1142
 20
21.9761
 11
55.6797
 21
24.1306
  0
LINE
  8
0
 10
55.6797
 20
24.1306
 11
55.0812
 21
24.1306
  0
LINE
  8
0
 10
55.0812
 20
24.1306
 11
54.7762
 21
22.7716
  0
LINE
  8
0
 10
54.7762
 20
22.7716
 11
54.7728
 21
22.7556
  0
LINE
  8
0
 10
54.7728
 20
22.7556
 11
54.7425
 21
22.885
  0
LINE
  8
0
 10
54.7425
 20
22.885
 11
54.4174
 21
24.1306
  0
LINE
  8
0
 10
54.4174
 20
24.1306
 11
53.7689
 21
24.1306
  0
LINE
  8
0
 10
53.7689
 20
24.1306
 11
53.4359
 21
22.8847
  0
LINE
  8
0
 10
53.4359
 20
22.8847
 11
53.4085
 21
22.7568
  0
LINE
  8
0
 10
53.4085
 20
22.7568
 11
53.1129
 21
24.1306
  0
LINE
  8
0
 10
53.1129
 20
24.1306
 11
52.5066
 21
24.1306
  0
LINE
  8
0
 10
52.5066
 20
24.1306
 11
53.0641
 21
21.9761
  0
LINE
  8
0
 10
53.0641
 20
21.9761
 11
53.7053
 21
21.9761
  0
LINE
  8
0
 10
53.7053
 20
21.9761
 11
54.0457
 21
23.2635
  0
LINE
  8
0
 10
39.1787
 20
24.1306
 11
38.5125
 21
24.1306
  0
LINE
  8
0
 10
38.5125
 20
24.1306
 11
38.2031
 21
23.1812
  0
LINE
  8
0
 10
38.2031
 20
23.1812
 11
38.0642
 21
22.7452
  0
LINE
  8
0
 10
38.0642
 20
22.7452
 11
38.034
 21
22.6424
  0
LINE
  8
0
 10
38.034
 20
22.6424
 11
37.9954
 21
22.7794
  0
LINE
  8
0
 10
37.9954
 20
22.7794
 11
37.9473
 21
22.9462
  0
LINE
  8
0
 10
37.9473
 20
22.9462
 11
37.5773
 21
24.1306
  0
LINE
  8
0
 10
37.5773
 20
24.1306
 11
36.9056
 21
24.1306
  0
LINE
  8
0
 10
36.9056
 20
24.1306
 11
37.6762
 21
21.9761
  0
LINE
  8
0
 10
37.6762
 20
21.9761
 11
38.3843
 21
21.9761
  0
LINE
  8
0
 10
38.3843
 20
21.9761
 11
39.1787
 21
24.1306
  0
LINE
  8
0
 10
114.943
 20
24.1306
 11
114.276
 21
24.1306
  0
LINE
  8
0
 10
114.276
 20
24.1306
 11
113.967
 21
23.1812
  0
LINE
  8
0
 10
113.967
 20
23.1812
 11
113.828
 21
22.7452
  0
LINE
  8
0
 10
113.828
 20
22.7452
 11
113.798
 21
22.6424
  0
LINE
  8
0
 10
113.798
 20
22.6424
 11
113.759
 21
22.7794
  0
LINE
  8
0
 10
113.759
 20
22.7794
 11
113.711
 21
22.9462
  0
LINE
  8
0
 10
113.711
 20
22.9462
 11
113.341
 21
24.1306
  0
LINE
  8
0
 10
113.341
 20
24.1306
 11
112.669
 21
24.1306
  0
LINE
  8
0
 10
112.669
 20
24.1306
 11
113.44
 21
21.9761
  0
LINE
  8
0
 10
113.44
 20
21.9761
 11
114.148
 21
21.9761
  0
LINE
  8
0
 10
114.148
 20
21.9761
 11
114.943
 21
24.1306
  0
LINE
  8
0
 10
83.9857
 20
22.4654
 11
82.9818
 21
22.4654
  0
LINE
  8
0
 10
82.9818
 20
22.4654
 11
83.8926
 21
23.6823
  0
LINE
  8
0
 10
83.8926
 20
23.6823
 11
83.8926
 21
24.1306
  0
LINE
  8
0
 10
83.8926
 20
24.1306
 11
82.3154
 21
24.1306
  0
LINE
  8
0
 10
82.3154
 20
24.1306
 11
82.3154
 21
23.6451
  0
LINE
  8
0
 10
82.3154
 20
23.6451
 11
83.1541
 21
23.6451
  0
LINE
  8
0
 10
83.1541
 20
23.6451
 11
82.2376
 21
22.4206
  0
LINE
  8
0
 10
82.2376
 20
22.4206
 11
82.2376
 21
21.9761
  0
LINE
  8
0
 10
82.2376
 20
21.9761
 11
83.9857
 21
21.9761
  0
LINE
  8
0
 10
83.9857
 20
21.9761
 11
83.9857
 21
22.4654
  0
LINE
  8
0
 10
17.8691
 20
24.1306
 11
17.2355
 21
24.1306
  0
LINE
  8
0
 10
17.2355
 20
24.1306
 11
17.2355
 21
21.9761
  0
LINE
  8
0
 10
17.2355
 20
21.9761
 11
17.8691
 21
21.9761
  0
LINE
  8
0
 10
17.8691
 20
21.9761
 11
17.8691
 21
24.1306
  0
LINE
  8
0
 10
134.146
 20
24.1306
 11
133.48
 21
24.1306
  0
LINE
  8
0
 10
133.48
 20
24.1306
 11
133.171
 21
23.1812
  0
LINE
  8
0
 10
133.171
 20
23.1812
 11
133.032
 21
22.7452
  0
LINE
  8
0
 10
133.032
 20
22.7452
 11
133.002
 21
22.6424
  0
LINE
  8
0
 10
133.002
 20
22.6424
 11
132.963
 21
22.7794
  0
LINE
  8
0
 10
132.963
 20
22.7794
 11
132.915
 21
22.9462
  0
LINE
  8
0
 10
132.915
 20
22.9462
 11
132.545
 21
24.1306
  0
LINE
  8
0
 10
132.545
 20
24.1306
 11
131.873
 21
24.1306
  0
LINE
  8
0
 10
131.873
 20
24.1306
 11
132.644
 21
21.9761
  0
LINE
  8
0
 10
132.644
 20
21.9761
 11
133.352
 21
21.9761
  0
LINE
  8
0
 10
133.352
 20
21.9761
 11
134.146
 21
24.1306
  0
LINE
  8
0
 10
89.9239
 20
23.2635
 11
89.9709
 21
23.4657
  0
LINE
  8
0
 10
89.9709
 20
23.4657
 11
89.9808
 21
23.4169
  0
LINE
  8
0
 10
89.9808
 20
23.4169
 11
90.0148
 21
23.2674
  0
LINE
  8
0
 10
90.0148
 20
23.2674
 11
90.3513
 21
21.9761
  0
LINE
  8
0
 10
90.3513
 20
21.9761
 11
90.9925
 21
21.9761
  0
LINE
  8
0
 10
90.9925
 20
21.9761
 11
91.558
 21
24.1306
  0
LINE
  8
0
 10
91.558
 20
24.1306
 11
90.9594
 21
24.1306
  0
LINE
  8
0
 10
90.9594
 20
24.1306
 11
90.6544
 21
22.7716
  0
LINE
  8
0
 10
90.6544
 20
22.7716
 11
90.651
 21
22.7556
  0
LINE
  8
0
 10
90.651
 20
22.7556
 11
90.6208
 21
22.885
  0
LINE
  8
0
 10
90.6208
 20
22.885
 11
90.2957
 21
24.1306
  0
LINE
  8
0
 10
90.2957
 20
24.1306
 11
89.6471
 21
24.1306
  0
LINE
  8
0
 10
89.6471
 20
24.1306
 11
89.3141
 21
22.8847
  0
LINE
  8
0
 10
89.3141
 20
22.8847
 11
89.2868
 21
22.7568
  0
LINE
  8
0
 10
89.2868
 20
22.7568
 11
88.9911
 21
24.1306
  0
LINE
  8
0
 10
88.9911
 20
24.1306
 11
88.3849
 21
24.1306
  0
LINE
  8
0
 10
88.3849
 20
24.1306
 11
88.9424
 21
21.9761
  0
LINE
  8
0
 10
88.9424
 20
21.9761
 11
89.5835
 21
21.9761
  0
LINE
  8
0
 10
89.5835
 20
21.9761
 11
89.9239
 21
23.2635
  0
LINE
  8
0
 10
66.3107
 20
24.1306
 11
65.6771
 21
24.1306
  0
LINE
  8
0
 10
65.6771
 20
24.1306
 11
65.6771
 21
21.9761
  0
LINE
  8
0
 10
65.6771
 20
21.9761
 11
66.3107
 21
21.9761
  0
LINE
  8
0
 10
66.3107
 20
21.9761
 11
66.3107
 21
24.1306
  0
LINE
  8
0
 10
131.729
 20
24.1306
 11
131.095
 21
24.1306
  0
LINE
  8
0
 10
131.095
 20
24.1306
 11
131.095
 21
21.9761
  0
LINE
  8
0
 10
131.095
 20
21.9761
 11
131.729
 21
21.9761
  0
LINE
  8
0
 10
131.729
 20
21.9761
 11
131.729
 21
24.1306
  0
LINE
  8
0
 10
63.0515
 20
24.0394
 11
62.4047
 21
24.0394
  0
LINE
  8
0
 10
62.4047
 20
24.0394
 11
62.4047
 21
23.404
  0
LINE
  8
0
 10
62.4047
 20
23.404
 11
63.0515
 21
23.404
  0
LINE
  8
0
 10
63.0515
 20
23.404
 11
63.0515
 21
24.0394
  0
LINE
  8
0
 10
27.4841
 20
22.6553
 11
26.8354
 21
22.6553
  0
LINE
  8
0
 10
26.8354
 20
22.6553
 11
26.8354
 21
21.9761
  0
LINE
  8
0
 10
26.8354
 20
21.9761
 11
27.4841
 21
21.9761
  0
LINE
  8
0
 10
27.4841
 20
21.9761
 11
27.4841
 21
22.6553
  0
LINE
  8
0
 10
63.0515
 20
22.6097
 11
62.4047
 21
22.6097
  0
LINE
  8
0
 10
62.4047
 20
22.6097
 11
62.4047
 21
21.9761
  0
LINE
  8
0
 10
62.4047
 20
21.9761
 11
63.0515
 21
21.9761
  0
LINE
  8
0
 10
63.0515
 20
21.9761
 11
63.0515
 21
22.6097
  0
LINE
  8
0
 10
115.737
 20
17.6068
 11
115.737
 21
17.2186
  0
LINE
  8
0
 10
115.737
 20
17.2186
 11
116.601
 21
17.2186
  0
LINE
  8
0
 10
116.601
 20
17.2186
 11
116.601
 21
14.9761
  0
LINE
  8
0
 10
116.601
 20
14.9761
 11
117.261
 21
14.9761
  0
LINE
  8
0
 10
117.261
 20
14.9761
 11
117.261
 21
17.2186
  0
LINE
  8
0
 10
117.261
 20
17.2186
 11
118.127
 21
17.2186
  0
LINE
  8
0
 10
118.127
 20
17.2186
 11
118.127
 21
17.7515
  0
LINE
  8
0
 10
118.127
 20
17.7515
 11
115.764
 21
17.7515
  0
LINE
  8
0
 10
115.764
 20
17.7515
 11
115.791
 21
17.8939
  0
LINE
  8
0
 10
115.791
 20
17.8939
 11
115.237
 21
17.8939
  0
LINE
  8
0
 10
115.237
 20
17.8939
 11
114.666
 21
14.8983
  0
LINE
  8
0
 10
114.666
 20
14.8983
 11
115.229
 21
14.8983
  0
LINE
  8
0
 10
115.229
 20
14.8983
 11
115.737
 21
17.6068
  0
LINE
  8
0
 10
41.425
 20
15.0301
 11
41.7583
 21
15.3105
  0
LINE
  8
0
 10
41.7583
 20
15.3105
 11
41.9612
 21
15.7712
  0
LINE
  8
0
 10
41.9612
 20
15.7712
 11
42.0276
 21
16.4064
  0
LINE
  8
0
 10
42.0276
 20
16.4064
 11
41.9677
 21
17.0036
  0
LINE
  8
0
 10
41.9677
 20
17.0036
 11
41.7842
 21
17.4386
  0
LINE
  8
0
 10
41.7842
 20
17.4386
 11
41.4693
 21
17.7045
  0
LINE
  8
0
 10
41.4693
 20
17.7045
 11
41.0291
 21
17.7921
  0
LINE
  8
0
 10
41.0291
 20
17.7921
 11
40.615
 21
17.7299
  0
LINE
  8
0
 10
40.615
 20
17.7299
 11
40.302
 21
17.5408
  0
LINE
  8
0
 10
40.302
 20
17.5408
 11
40.1071
 21
17.2389
  0
LINE
  8
0
 10
40.1071
 20
17.2389
 11
40.0432
 21
16.8456
  0
LINE
  8
0
 10
40.0432
 20
16.8456
 11
40.0975
 21
16.4614
  0
LINE
  8
0
 10
40.0975
 20
16.4614
 11
40.2632
 21
16.161
  0
LINE
  8
0
 10
40.2632
 20
16.161
 11
40.5254
 21
15.9677
  0
LINE
  8
0
 10
40.5254
 20
15.9677
 11
40.8608
 21
15.9041
  0
LINE
  8
0
 10
40.8608
 20
15.9041
 11
41.0574
 21
15.9257
  0
LINE
  8
0
 10
41.0574
 20
15.9257
 11
41.2397
 21
15.9903
  0
LINE
  8
0
 10
41.2397
 20
15.9903
 11
41.3882
 21
16.0914
  0
LINE
  8
0
 10
41.3882
 20
16.0914
 11
41.371
 21
15.8991
  0
LINE
  8
0
 10
41.371
 20
15.8991
 11
41.285
 21
15.6483
  0
LINE
  8
0
 10
41.285
 20
15.6483
 11
41.1553
 21
15.5059
  0
LINE
  8
0
 10
41.1553
 20
15.5059
 11
40.9854
 21
15.4599
  0
LINE
  8
0
 10
40.9854
 20
15.4599
 11
40.7984
 21
15.5194
  0
LINE
  8
0
 10
40.7984
 20
15.5194
 11
40.6688
 21
15.7411
  0
LINE
  8
0
 10
40.6688
 20
15.7411
 11
40.0712
 21
15.6573
  0
LINE
  8
0
 10
40.0712
 20
15.6573
 11
40.2107
 21
15.3074
  0
LINE
  8
0
 10
40.2107
 20
15.3074
 11
40.3943
 21
15.0984
  0
LINE
  8
0
 10
40.3943
 20
15.0984
 11
40.6496
 21
14.9772
  0
LINE
  8
0
 10
40.6496
 20
14.9772
 11
40.9808
 21
14.9375
  0
LINE
  8
0
 10
40.9808
 20
14.9375
 11
41.425
 21
15.0301
  0
LINE
  8
0
 10
40.8785
 20
16.4313
 11
40.7758
 21
16.5168
  0
LINE
  8
0
 10
40.7758
 20
16.5168
 11
40.7086
 21
16.6556
  0
LINE
  8
0
 10
40.7086
 20
16.6556
 11
40.6853
 21
16.8413
  0
LINE
  8
0
 10
40.6853
 20
16.8413
 11
40.7088
 21
17.0281
  0
LINE
  8
0
 10
40.7088
 20
17.0281
 11
40.7763
 21
17.1632
  0
LINE
  8
0
 10
40.7763
 20
17.1632
 11
40.8786
 21
17.2449
  0
LINE
  8
0
 10
40.8786
 20
17.2449
 11
41.0141
 21
17.2725
  0
LINE
  8
0
 10
41.0141
 20
17.2725
 11
41.1539
 21
17.2408
  0
LINE
  8
0
 10
41.1539
 20
17.2408
 11
41.2635
 21
17.1456
  0
LINE
  8
0
 10
41.2635
 20
17.1456
 11
41.3374
 21
16.9898
  0
LINE
  8
0
 10
41.3374
 20
16.9898
 11
41.3629
 21
16.7815
  0
LINE
  8
0
 10
41.3629
 20
16.7815
 11
41.3374
 21
16.6225
  0
LINE
  8
0
 10
41.3374
 20
16.6225
 11
41.2635
 21
16.5035
  0
LINE
  8
0
 10
41.2635
 20
16.5035
 11
41.1534
 21
16.4278
  0
LINE
  8
0
 10
41.1534
 20
16.4278
 11
41.0171
 21
16.4024
  0
LINE
  8
0
 10
41.0171
 20
16.4024
 11
40.8785
 21
16.4313
  0
LINE
  8
0
 10
65.2149
 20
15.0294
 11
65.5241
 21
15.3081
  0
LINE
  8
0
 10
65.5241
 20
15.3081
 11
65.7056
 21
15.757
  0
LINE
  8
0
 10
65.7056
 20
15.757
 11
65.7649
 21
16.3646
  0
LINE
  8
0
 10
65.7649
 20
16.3646
 11
65.7088
 21
16.979
  0
LINE
  8
0
 10
65.7088
 20
16.979
 11
65.5368
 21
17.4267
  0
LINE
  8
0
 10
65.5368
 20
17.4267
 11
65.2341
 21
17.7016
  0
LINE
  8
0
 10
65.2341
 20
17.7016
 11
64.8017
 21
17.792
  0
LINE
  8
0
 10
64.8017
 20
17.792
 11
64.4875
 21
17.754
  0
LINE
  8
0
 10
64.4875
 20
17.754
 11
64.2382
 21
17.6384
  0
LINE
  8
0
 10
64.2382
 20
17.6384
 11
64.05
 21
17.4416
  0
LINE
  8
0
 10
64.05
 20
17.4416
 11
63.9183
 21
17.1652
  0
LINE
  8
0
 10
63.9183
 20
17.1652
 11
63.8408
 21
16.8077
  0
LINE
  8
0
 10
63.8408
 20
16.8077
 11
63.815
 21
16.3607
  0
LINE
  8
0
 10
63.815
 20
16.3607
 11
64.0514
 21
15.2982
  0
LINE
  8
0
 10
64.0514
 20
15.2982
 11
64.7776
 21
14.9356
  0
LINE
  8
0
 10
64.7776
 20
14.9356
 11
65.2149
 21
15.0294
  0
LINE
  8
0
 10
64.6715
 20
15.4776
 11
64.5909
 21
15.5321
  0
LINE
  8
0
 10
64.5909
 20
15.5321
 11
64.5303
 21
15.635
  0
LINE
  8
0
 10
64.5303
 20
15.635
 11
64.4851
 21
15.8017
  0
LINE
  8
0
 10
64.4851
 20
15.8017
 11
64.458
 21
16.042
  0
LINE
  8
0
 10
64.458
 20
16.042
 11
64.4489
 21
16.3645
  0
LINE
  8
0
 10
64.4489
 20
16.3645
 11
64.4576
 21
16.6902
  0
LINE
  8
0
 10
64.4576
 20
16.6902
 11
64.4833
 21
16.9299
  0
LINE
  8
0
 10
64.4833
 20
16.9299
 11
64.5275
 21
17.0951
  0
LINE
  8
0
 10
64.5275
 20
17.0951
 11
64.5888
 21
17.198
  0
LINE
  8
0
 10
64.5888
 20
17.198
 11
64.6725
 21
17.2534
  0
LINE
  8
0
 10
64.6725
 20
17.2534
 11
64.7955
 21
17.2729
  0
LINE
  8
0
 10
64.7955
 20
17.2729
 11
64.9104
 21
17.2538
  0
LINE
  8
0
 10
64.9104
 20
17.2538
 11
64.9898
 21
17.1995
  0
LINE
  8
0
 10
64.9898
 20
17.1995
 11
65.0496
 21
17.0968
  0
LINE
  8
0
 10
65.0496
 20
17.0968
 11
65.0939
 21
16.9308
  0
LINE
  8
0
 10
65.0939
 20
16.9308
 11
65.1203
 21
16.6904
  0
LINE
  8
0
 10
65.1203
 20
16.6904
 11
65.1292
 21
16.3646
  0
LINE
  8
0
 10
65.1292
 20
16.3646
 11
65.1201
 21
16.0504
  0
LINE
  8
0
 10
65.1201
 20
16.0504
 11
65.0929
 21
15.8121
  0
LINE
  8
0
 10
65.0929
 20
15.8121
 11
65.0472
 21
15.6435
  0
LINE
  8
0
 10
65.0472
 20
15.6435
 11
64.9848
 21
15.5363
  0
LINE
  8
0
 10
64.9848
 20
15.5363
 11
64.903
 21
15.4786
  0
LINE
  8
0
 10
64.903
 20
15.4786
 11
64.7879
 21
15.4585
  0
LINE
  8
0
 10
64.7879
 20
15.4585
 11
64.6715
 21
15.4776
  0
LINE
  8
0
 10
67.327
 20
15.0294
 11
67.6362
 21
15.3081
  0
LINE
  8
0
 10
67.6362
 20
15.3081
 11
67.8177
 21
15.757
  0
LINE
  8
0
 10
67.8177
 20
15.757
 11
67.877
 21
16.3646
  0
LINE
  8
0
 10
67.877
 20
16.3646
 11
67.8209
 21
16.979
  0
LINE
  8
0
 10
67.8209
 20
16.979
 11
67.649
 21
17.4267
  0
LINE
  8
0
 10
67.649
 20
17.4267
 11
67.3462
 21
17.7016
  0
LINE
  8
0
 10
67.3462
 20
17.7016
 11
66.9138
 21
17.792
  0
LINE
  8
0
 10
66.9138
 20
17.792
 11
66.5997
 21
17.754
  0
LINE
  8
0
 10
66.5997
 20
17.754
 11
66.3504
 21
17.6384
  0
LINE
  8
0
 10
66.3504
 20
17.6384
 11
66.1622
 21
17.4416
  0
LINE
  8
0
 10
66.1622
 20
17.4416
 11
66.0304
 21
17.1652
  0
LINE
  8
0
 10
66.0304
 20
17.1652
 11
65.9529
 21
16.8077
  0
LINE
  8
0
 10
65.9529
 20
16.8077
 11
65.9271
 21
16.3607
  0
LINE
  8
0
 10
65.9271
 20
16.3607
 11
66.1635
 21
15.2982
  0
LINE
  8
0
 10
66.1635
 20
15.2982
 11
66.8898
 21
14.9356
  0
LINE
  8
0
 10
66.8898
 20
14.9356
 11
67.327
 21
15.0294
  0
LINE
  8
0
 10
66.7836
 20
15.4776
 11
66.7031
 21
15.5321
  0
LINE
  8
0
 10
66.7031
 20
15.5321
 11
66.6425
 21
15.635
  0
LINE
  8
0
 10
66.6425
 20
15.635
 11
66.5972
 21
15.8017
  0
LINE
  8
0
 10
66.5972
 20
15.8017
 11
66.5701
 21
16.042
  0
LINE
  8
0
 10
66.5701
 20
16.042
 11
66.561
 21
16.3646
  0
LINE
  8
0
 10
66.561
 20
16.3646
 11
66.5697
 21
16.6902
  0
LINE
  8
0
 10
66.5697
 20
16.6902
 11
66.5954
 21
16.9299
  0
LINE
  8
0
 10
66.5954
 20
16.9299
 11
66.6396
 21
17.0951
  0
LINE
  8
0
 10
66.6396
 20
17.0951
 11
66.7009
 21
17.198
  0
LINE
  8
0
 10
66.7009
 20
17.198
 11
66.7847
 21
17.2534
  0
LINE
  8
0
 10
66.7847
 20
17.2534
 11
66.9076
 21
17.2729
  0
LINE
  8
0
 10
66.9076
 20
17.2729
 11
67.0225
 21
17.2538
  0
LINE
  8
0
 10
67.0225
 20
17.2538
 11
67.1019
 21
17.1995
  0
LINE
  8
0
 10
67.1019
 20
17.1995
 11
67.1617
 21
17.0968
  0
LINE
  8
0
 10
67.1617
 20
17.0968
 11
67.206
 21
16.9308
  0
LINE
  8
0
 10
67.206
 20
16.9308
 11
67.2324
 21
16.6904
  0
LINE
  8
0
 10
67.2324
 20
16.6904
 11
67.2413
 21
16.3646
  0
LINE
  8
0
 10
67.2413
 20
16.3646
 11
67.2322
 21
16.0504
  0
LINE
  8
0
 10
67.2322
 20
16.0504
 11
67.2051
 21
15.8121
  0
LINE
  8
0
 10
67.2051
 20
15.8121
 11
67.1593
 21
15.6434
  0
LINE
  8
0
 10
67.1593
 20
15.6434
 11
67.097
 21
15.5363
  0
LINE
  8
0
 10
67.097
 20
15.5363
 11
67.0152
 21
15.4786
  0
LINE
  8
0
 10
67.0152
 20
15.4786
 11
66.9
 21
15.4585
  0
LINE
  8
0
 10
66.9
 20
15.4585
 11
66.7836
 21
15.4776
  0
LINE
  8
0
 10
47.7987
 20
15.0294
 11
48.1079
 21
15.3081
  0
LINE
  8
0
 10
48.1079
 20
15.3081
 11
48.2894
 21
15.757
  0
LINE
  8
0
 10
48.2894
 20
15.757
 11
48.3487
 21
16.3646
  0
LINE
  8
0
 10
48.3487
 20
16.3646
 11
48.2926
 21
16.979
  0
LINE
  8
0
 10
48.2926
 20
16.979
 11
48.1206
 21
17.4267
  0
LINE
  8
0
 10
48.1206
 20
17.4267
 11
47.8179
 21
17.7016
  0
LINE
  8
0
 10
47.8179
 20
17.7016
 11
47.3855
 21
17.792
  0
LINE
  8
0
 10
47.3855
 20
17.792
 11
47.0713
 21
17.754
  0
LINE
  8
0
 10
47.0713
 20
17.754
 11
46.822
 21
17.6384
  0
LINE
  8
0
 10
46.822
 20
17.6384
 11
46.6338
 21
17.4416
  0
LINE
  8
0
 10
46.6338
 20
17.4416
 11
46.5021
 21
17.1652
  0
LINE
  8
0
 10
46.5021
 20
17.1652
 11
46.4246
 21
16.8077
  0
LINE
  8
0
 10
46.4246
 20
16.8077
 11
46.3988
 21
16.3607
  0
LINE
  8
0
 10
46.3988
 20
16.3607
 11
46.6352
 21
15.2982
  0
LINE
  8
0
 10
46.6352
 20
15.2982
 11
47.3614
 21
14.9356
  0
LINE
  8
0
 10
47.3614
 20
14.9356
 11
47.7987
 21
15.0294
  0
LINE
  8
0
 10
47.2553
 20
15.4776
 11
47.1747
 21
15.5321
  0
LINE
  8
0
 10
47.1747
 20
15.5321
 11
47.1141
 21
15.635
  0
LINE
  8
0
 10
47.1141
 20
15.635
 11
47.0689
 21
15.8017
  0
LINE
  8
0
 10
47.0689
 20
15.8017
 11
47.0418
 21
16.042
  0
LINE
  8
0
 10
47.0418
 20
16.042
 11
47.0327
 21
16.3646
  0
LINE
  8
0
 10
47.0327
 20
16.3646
 11
47.0414
 21
16.6902
  0
LINE
  8
0
 10
47.0414
 20
16.6902
 11
47.067
 21
16.9299
  0
LINE
  8
0
 10
47.067
 20
16.9299
 11
47.1113
 21
17.0951
  0
LINE
  8
0
 10
47.1113
 20
17.0951
 11
47.1726
 21
17.198
  0
LINE
  8
0
 10
47.1726
 20
17.198
 11
47.2563
 21
17.2534
  0
LINE
  8
0
 10
47.2563
 20
17.2534
 11
47.3793
 21
17.2729
  0
LINE
  8
0
 10
47.3793
 20
17.2729
 11
47.4942
 21
17.2538
  0
LINE
  8
0
 10
47.4942
 20
17.2538
 11
47.5736
 21
17.1995
  0
LINE
  8
0
 10
47.5736
 20
17.1995
 11
47.6334
 21
17.0968
  0
LINE
  8
0
 10
47.6334
 20
17.0968
 11
47.6776
 21
16.9308
  0
LINE
  8
0
 10
47.6776
 20
16.9308
 11
47.7041
 21
16.6904
  0
LINE
  8
0
 10
47.7041
 20
16.6904
 11
47.713
 21
16.3646
  0
LINE
  8
0
 10
47.713
 20
16.3646
 11
47.7039
 21
16.0504
  0
LINE
  8
0
 10
47.7039
 20
16.0504
 11
47.6767
 21
15.8121
  0
LINE
  8
0
 10
47.6767
 20
15.8121
 11
47.631
 21
15.6435
  0
LINE
  8
0
 10
47.631
 20
15.6435
 11
47.5686
 21
15.5363
  0
LINE
  8
0
 10
47.5686
 20
15.5363
 11
47.4868
 21
15.4786
  0
LINE
  8
0
 10
47.4868
 20
15.4786
 11
47.3716
 21
15.4585
  0
LINE
  8
0
 10
47.3716
 20
15.4585
 11
47.2553
 21
15.4776
  0
LINE
  8
0
 10
45.6866
 20
15.0294
 11
45.9958
 21
15.3081
  0
LINE
  8
0
 10
45.9958
 20
15.3081
 11
46.1773
 21
15.757
  0
LINE
  8
0
 10
46.1773
 20
15.757
 11
46.2366
 21
16.3646
  0
LINE
  8
0
 10
46.2366
 20
16.3646
 11
46.1805
 21
16.979
  0
LINE
  8
0
 10
46.1805
 20
16.979
 11
46.0085
 21
17.4267
  0
LINE
  8
0
 10
46.0085
 20
17.4267
 11
45.7058
 21
17.7016
  0
LINE
  8
0
 10
45.7058
 20
17.7016
 11
45.2733
 21
17.792
  0
LINE
  8
0
 10
45.2733
 20
17.792
 11
44.9592
 21
17.754
  0
LINE
  8
0
 10
44.9592
 20
17.754
 11
44.7099
 21
17.6384
  0
LINE
  8
0
 10
44.7099
 20
17.6384
 11
44.5217
 21
17.4416
  0
LINE
  8
0
 10
44.5217
 20
17.4416
 11
44.39
 21
17.1652
  0
LINE
  8
0
 10
44.39
 20
17.1652
 11
44.3124
 21
16.8077
  0
LINE
  8
0
 10
44.3124
 20
16.8077
 11
44.2867
 21
16.3607
  0
LINE
  8
0
 10
44.2867
 20
16.3607
 11
44.5231
 21
15.2982
  0
LINE
  8
0
 10
44.5231
 20
15.2982
 11
45.2493
 21
14.9356
  0
LINE
  8
0
 10
45.2493
 20
14.9356
 11
45.6866
 21
15.0294
  0
LINE
  8
0
 10
45.1432
 20
15.4776
 11
45.0626
 21
15.5321
  0
LINE
  8
0
 10
45.0626
 20
15.5321
 11
45.002
 21
15.635
  0
LINE
  8
0
 10
45.002
 20
15.635
 11
44.9568
 21
15.8017
  0
LINE
  8
0
 10
44.9568
 20
15.8017
 11
44.9297
 21
16.042
  0
LINE
  8
0
 10
44.9297
 20
16.042
 11
44.9205
 21
16.3646
  0
LINE
  8
0
 10
44.9205
 20
16.3646
 11
44.9292
 21
16.6902
  0
LINE
  8
0
 10
44.9292
 20
16.6902
 11
44.9549
 21
16.9299
  0
LINE
  8
0
 10
44.9549
 20
16.9299
 11
44.9991
 21
17.0951
  0
LINE
  8
0
 10
44.9991
 20
17.0951
 11
45.0605
 21
17.198
  0
LINE
  8
0
 10
45.0605
 20
17.198
 11
45.1442
 21
17.2534
  0
LINE
  8
0
 10
45.1442
 20
17.2534
 11
45.2672
 21
17.2729
  0
LINE
  8
0
 10
45.2672
 20
17.2729
 11
45.3821
 21
17.2538
  0
LINE
  8
0
 10
45.3821
 20
17.2538
 11
45.4615
 21
17.1995
  0
LINE
  8
0
 10
45.4615
 20
17.1995
 11
45.5213
 21
17.0968
  0
LINE
  8
0
 10
45.5213
 20
17.0968
 11
45.5655
 21
16.9308
  0
LINE
  8
0
 10
45.5655
 20
16.9308
 11
45.5919
 21
16.6904
  0
LINE
  8
0
 10
45.5919
 20
16.6904
 11
45.6009
 21
16.3646
  0
LINE
  8
0
 10
45.6009
 20
16.3646
 11
45.5917
 21
16.0504
  0
LINE
  8
0
 10
45.5917
 20
16.0504
 11
45.5646
 21
15.8121
  0
LINE
  8
0
 10
45.5646
 20
15.8121
 11
45.5189
 21
15.6434
  0
LINE
  8
0
 10
45.5189
 20
15.6434
 11
45.4565
 21
15.5363
  0
LINE
  8
0
 10
45.4565
 20
15.5363
 11
45.3747
 21
15.4786
  0
LINE
  8
0
 10
45.3747
 20
15.4786
 11
45.2595
 21
15.4585
  0
LINE
  8
0
 10
45.2595
 20
15.4585
 11
45.1432
 21
15.4776
  0
LINE
  8
0
 10
98.3813
 20
15.5148
 11
97.1749
 21
15.5148
  0
LINE
  8
0
 10
97.1749
 20
15.5148
 11
97.1978
 21
15.5557
  0
LINE
  8
0
 10
97.1978
 20
15.5557
 11
97.288
 21
15.6618
  0
LINE
  8
0
 10
97.288
 20
15.6618
 11
97.4002
 21
15.7668
  0
LINE
  8
0
 10
97.4002
 20
15.7668
 11
97.5257
 21
15.8723
  0
LINE
  8
0
 10
97.5257
 20
15.8723
 11
97.6601
 21
15.9796
  0
LINE
  8
0
 10
97.6601
 20
15.9796
 11
97.8001
 21
16.0907
  0
LINE
  8
0
 10
97.8001
 20
16.0907
 11
97.9375
 21
16.2088
  0
LINE
  8
0
 10
97.9375
 20
16.2088
 11
98.0631
 21
16.3364
  0
LINE
  8
0
 10
98.0631
 20
16.3364
 11
98.1724
 21
16.4755
  0
LINE
  8
0
 10
98.1724
 20
16.4755
 11
98.2611
 21
16.6287
  0
LINE
  8
0
 10
98.2611
 20
16.6287
 11
98.3201
 21
16.7996
  0
LINE
  8
0
 10
98.3201
 20
16.7996
 11
98.34
 21
16.9914
  0
LINE
  8
0
 10
98.34
 20
16.9914
 11
98.2787
 21
17.3268
  0
LINE
  8
0
 10
98.2787
 20
17.3268
 11
98.0914
 21
17.5827
  0
LINE
  8
0
 10
98.0914
 20
17.5827
 11
97.7912
 21
17.7404
  0
LINE
  8
0
 10
97.7912
 20
17.7404
 11
97.3931
 21
17.7918
  0
LINE
  8
0
 10
97.3931
 20
17.7918
 11
97.019
 21
17.7408
  0
LINE
  8
0
 10
97.019
 20
17.7408
 11
96.7271
 21
17.5848
  0
LINE
  8
0
 10
96.7271
 20
17.5848
 11
96.5287
 21
17.329
  0
LINE
  8
0
 10
96.5287
 20
17.329
 11
96.4169
 21
16.9316
  0
LINE
  8
0
 10
96.4169
 20
16.9316
 11
97.0571
 21
16.8954
  0
LINE
  8
0
 10
97.0571
 20
16.8954
 11
97.108
 21
17.0884
  0
LINE
  8
0
 10
97.108
 20
17.0884
 11
97.172
 21
17.1874
  0
LINE
  8
0
 10
97.172
 20
17.1874
 11
97.2641
 21
17.2451
  0
LINE
  8
0
 10
97.2641
 20
17.2451
 11
97.3927
 21
17.2648
  0
LINE
  8
0
 10
97.3927
 20
17.2648
 11
97.621
 21
17.1891
  0
LINE
  8
0
 10
97.621
 20
17.1891
 11
97.6967
 21
16.9633
  0
LINE
  8
0
 10
97.6967
 20
16.9633
 11
97.6726
 21
16.8406
  0
LINE
  8
0
 10
97.6726
 20
16.8406
 11
97.5948
 21
16.706
  0
LINE
  8
0
 10
97.5948
 20
16.706
 11
97.4455
 21
16.544
  0
LINE
  8
0
 10
97.4455
 20
16.544
 11
97.2085
 21
16.3379
  0
LINE
  8
0
 10
97.2085
 20
16.3379
 11
96.9395
 21
16.104
  0
LINE
  8
0
 10
96.9395
 20
16.104
 11
96.7184
 21
15.8773
  0
LINE
  8
0
 10
96.7184
 20
15.8773
 11
96.5437
 21
15.6509
  0
LINE
  8
0
 10
96.5437
 20
15.6509
 11
96.4091
 21
15.4094
  0
LINE
  8
0
 10
96.4091
 20
15.4094
 11
96.4091
 21
14.9761
  0
LINE
  8
0
 10
96.4091
 20
14.9761
 11
98.3813
 21
14.9761
  0
LINE
  8
0
 10
98.3813
 20
14.9761
 11
98.3813
 21
15.5148
  0
LINE
  8
0
 10
60.4891
 20
15.5148
 11
59.2827
 21
15.5148
  0
LINE
  8
0
 10
59.2827
 20
15.5148
 11
59.3057
 21
15.5557
  0
LINE
  8
0
 10
59.3057
 20
15.5557
 11
59.3959
 21
15.6618
  0
LINE
  8
0
 10
59.3959
 20
15.6618
 11
59.508
 21
15.7668
  0
LINE
  8
0
 10
59.508
 20
15.7668
 11
59.6332
 21
15.872
  0
LINE
  8
0
 10
59.6332
 20
15.872
 11
59.768
 21
15.9796
  0
LINE
  8
0
 10
59.768
 20
15.9796
 11
59.908
 21
16.0907
  0
LINE
  8
0
 10
59.908
 20
16.0907
 11
60.0453
 21
16.2088
  0
LINE
  8
0
 10
60.0453
 20
16.2088
 11
60.171
 21
16.3364
  0
LINE
  8
0
 10
60.171
 20
16.3364
 11
60.2803
 21
16.4755
  0
LINE
  8
0
 10
60.2803
 20
16.4755
 11
60.369
 21
16.6287
  0
LINE
  8
0
 10
60.369
 20
16.6287
 11
60.428
 21
16.7996
  0
LINE
  8
0
 10
60.428
 20
16.7996
 11
60.4478
 21
16.9914
  0
LINE
  8
0
 10
60.4478
 20
16.9914
 11
60.3866
 21
17.3268
  0
LINE
  8
0
 10
60.3866
 20
17.3268
 11
60.1992
 21
17.5827
  0
LINE
  8
0
 10
60.1992
 20
17.5827
 11
59.899
 21
17.7404
  0
LINE
  8
0
 10
59.899
 20
17.7404
 11
59.5009
 21
17.7918
  0
LINE
  8
0
 10
59.5009
 20
17.7918
 11
59.1269
 21
17.7408
  0
LINE
  8
0
 10
59.1269
 20
17.7408
 11
58.8349
 21
17.5848
  0
LINE
  8
0
 10
58.8349
 20
17.5848
 11
58.6366
 21
17.329
  0
LINE
  8
0
 10
58.6366
 20
17.329
 11
58.5247
 21
16.9316
  0
LINE
  8
0
 10
58.5247
 20
16.9316
 11
59.165
 21
16.8954
  0
LINE
  8
0
 10
59.165
 20
16.8954
 11
59.2159
 21
17.0884
  0
LINE
  8
0
 10
59.2159
 20
17.0884
 11
59.2798
 21
17.1874
  0
LINE
  8
0
 10
59.2798
 20
17.1874
 11
59.372
 21
17.2451
  0
LINE
  8
0
 10
59.372
 20
17.2451
 11
59.5006
 21
17.2648
  0
LINE
  8
0
 10
59.5006
 20
17.2648
 11
59.7289
 21
17.1891
  0
LINE
  8
0
 10
59.7289
 20
17.1891
 11
59.8046
 21
16.9633
  0
LINE
  8
0
 10
59.8046
 20
16.9633
 11
59.7805
 21
16.8406
  0
LINE
  8
0
 10
59.7805
 20
16.8406
 11
59.7027
 21
16.706
  0
LINE
  8
0
 10
59.7027
 20
16.706
 11
59.5534
 21
16.544
  0
LINE
  8
0
 10
59.5534
 20
16.544
 11
59.3164
 21
16.3379
  0
LINE
  8
0
 10
59.3164
 20
16.3379
 11
59.0474
 21
16.104
  0
LINE
  8
0
 10
59.0474
 20
16.104
 11
58.8263
 21
15.8773
  0
LINE
  8
0
 10
58.8263
 20
15.8773
 11
58.6516
 21
15.6509
  0
LINE
  8
0
 10
58.6516
 20
15.6509
 11
58.517
 21
15.4094
  0
LINE
  8
0
 10
58.517
 20
15.4094
 11
58.517
 21
14.9761
  0
LINE
  8
0
 10
58.517
 20
14.9761
 11
60.4891
 21
14.9761
  0
LINE
  8
0
 10
60.4891
 20
14.9761
 11
60.4891
 21
15.5148
  0
LINE
  8
0
 10
39.3543
 20
14.9917
 11
39.6743
 21
15.1569
  0
LINE
  8
0
 10
39.6743
 20
15.1569
 11
39.8747
 21
15.4254
  0
LINE
  8
0
 10
39.8747
 20
15.4254
 11
39.9406
 21
15.7791
  0
LINE
  8
0
 10
39.9406
 20
15.7791
 11
39.9011
 21
16.0398
  0
LINE
  8
0
 10
39.9011
 20
16.0398
 11
39.7814
 21
16.2508
  0
LINE
  8
0
 10
39.7814
 20
16.2508
 11
39.5917
 21
16.4003
  0
LINE
  8
0
 10
39.5917
 20
16.4003
 11
39.4794
 21
16.4363
  0
LINE
  8
0
 10
39.4794
 20
16.4363
 11
39.5629
 21
16.4672
  0
LINE
  8
0
 10
39.5629
 20
16.4672
 11
39.731
 21
16.6138
  0
LINE
  8
0
 10
39.731
 20
16.6138
 11
39.8384
 21
16.8076
  0
LINE
  8
0
 10
39.8384
 20
16.8076
 11
39.8742
 21
17.0301
  0
LINE
  8
0
 10
39.8742
 20
17.0301
 11
39.8121
 21
17.3531
  0
LINE
  8
0
 10
39.8121
 20
17.3531
 11
39.6232
 21
17.596
  0
LINE
  8
0
 10
39.6232
 20
17.596
 11
39.3221
 21
17.7437
  0
LINE
  8
0
 10
39.3221
 20
17.7437
 11
38.9233
 21
17.7917
  0
LINE
  8
0
 10
38.9233
 20
17.7917
 11
38.5314
 21
17.7424
  0
LINE
  8
0
 10
38.5314
 20
17.7424
 11
38.2329
 21
17.591
  0
LINE
  8
0
 10
38.2329
 20
17.591
 11
38.0443
 21
17.3483
  0
LINE
  8
0
 10
38.0443
 20
17.3483
 11
37.9821
 21
17.034
  0
LINE
  8
0
 10
37.9821
 20
17.034
 11
38.0182
 21
16.8109
  0
LINE
  8
0
 10
38.0182
 20
16.8109
 11
38.1262
 21
16.616
  0
LINE
  8
0
 10
38.1262
 20
16.616
 11
38.293
 21
16.4672
  0
LINE
  8
0
 10
38.293
 20
16.4672
 11
38.3801
 21
16.4328
  0
LINE
  8
0
 10
38.3801
 20
16.4328
 11
38.267
 21
16.3947
  0
LINE
  8
0
 10
38.267
 20
16.3947
 11
38.0794
 21
16.2408
  0
LINE
  8
0
 10
38.0794
 20
16.2408
 11
37.9593
 21
16.029
  0
LINE
  8
0
 10
37.9593
 20
16.029
 11
37.9195
 21
15.7753
  0
LINE
  8
0
 10
37.9195
 20
15.7753
 11
37.9862
 21
15.423
  0
LINE
  8
0
 10
37.9862
 20
15.423
 11
38.1889
 21
15.1558
  0
LINE
  8
0
 10
38.1889
 20
15.1558
 11
38.5099
 21
14.9914
  0
LINE
  8
0
 10
38.5099
 20
14.9914
 11
38.931
 21
14.9378
  0
LINE
  8
0
 10
38.931
 20
14.9378
 11
39.3543
 21
14.9917
  0
LINE
  8
0
 10
38.7058
 20
16.7516
 11
38.6302
 21
17.0005
  0
LINE
  8
0
 10
38.6302
 20
17.0005
 11
38.7045
 21
17.2369
  0
LINE
  8
0
 10
38.7045
 20
17.2369
 11
38.9285
 21
17.316
  0
LINE
  8
0
 10
38.9285
 20
17.316
 11
39.0606
 21
17.2971
  0
LINE
  8
0
 10
39.0606
 20
17.2971
 11
39.1505
 21
17.2428
  0
LINE
  8
0
 10
39.1505
 20
17.2428
 11
39.2046
 21
17.1489
  0
LINE
  8
0
 10
39.2046
 20
17.1489
 11
39.2243
 21
17.0006
  0
LINE
  8
0
 10
39.2243
 20
17.0006
 11
39.2047
 21
16.8403
  0
LINE
  8
0
 10
39.2047
 20
16.8403
 11
39.1508
 21
16.7421
  0
LINE
  8
0
 10
39.1508
 20
16.7421
 11
39.0623
 21
16.6876
  0
LINE
  8
0
 10
39.0623
 20
16.6876
 11
38.9325
 21
16.6686
  0
LINE
  8
0
 10
38.9325
 20
16.6686
 11
38.7058
 21
16.7516
  0
LINE
  8
0
 10
38.7688
 20
15.4391
 11
38.6591
 21
15.5078
  0
LINE
  8
0
 10
38.6591
 20
15.5078
 11
38.593
 21
15.6281
  0
LINE
  8
0
 10
38.593
 20
15.6281
 11
38.5695
 21
15.8156
  0
LINE
  8
0
 10
38.5695
 20
15.8156
 11
38.593
 21
15.9822
  0
LINE
  8
0
 10
38.593
 20
15.9822
 11
38.6598
 21
16.0978
  0
LINE
  8
0
 10
38.6598
 20
16.0978
 11
38.767
 21
16.168
  0
LINE
  8
0
 10
38.767
 20
16.168
 11
38.9154
 21
16.1919
  0
LINE
  8
0
 10
38.9154
 20
16.1919
 11
39.1933
 21
16.0988
  0
LINE
  8
0
 10
39.1933
 20
16.0988
 11
39.2864
 21
15.8184
  0
LINE
  8
0
 10
39.2864
 20
15.8184
 11
39.2643
 21
15.6291
  0
LINE
  8
0
 10
39.2643
 20
15.6291
 11
39.2012
 21
15.5071
  0
LINE
  8
0
 10
39.2012
 20
15.5071
 11
39.0963
 21
15.439
  0
LINE
  8
0
 10
39.0963
 20
15.439
 11
38.9348
 21
15.4147
  0
LINE
  8
0
 10
38.9348
 20
15.4147
 11
38.7688
 21
15.4391
  0
LINE
  8
0
 10
96.047
 20
15.5211
 11
96.404
 21
15.5211
  0
LINE
  8
0
 10
96.404
 20
15.5211
 11
96.404
 21
16.0179
  0
LINE
  8
0
 10
96.404
 20
16.0179
 11
96.047
 21
16.0179
  0
LINE
  8
0
 10
96.047
 20
16.0179
 11
96.047
 21
17.7515
  0
LINE
  8
0
 10
96.047
 20
17.7515
 11
95.3737
 21
17.7515
  0
LINE
  8
0
 10
95.3737
 20
17.7515
 11
94.221
 21
15.9866
  0
LINE
  8
0
 10
94.221
 20
15.9866
 11
94.221
 21
15.5211
  0
LINE
  8
0
 10
94.221
 20
15.5211
 11
95.4381
 21
15.5211
  0
LINE
  8
0
 10
95.4381
 20
15.5211
 11
95.4381
 21
14.9761
  0
LINE
  8
0
 10
95.4381
 20
14.9761
 11
96.047
 21
14.9761
  0
LINE
  8
0
 10
96.047
 20
14.9761
 11
96.047
 21
15.5211
  0
LINE
  8
0
 10
94.7986
 20
16.0179
 11
95.3689
 21
16.8847
  0
LINE
  8
0
 10
95.3689
 20
16.8847
 11
95.442
 21
17.0036
  0
LINE
  8
0
 10
95.442
 20
17.0036
 11
95.4398
 21
16.9515
  0
LINE
  8
0
 10
95.4398
 20
16.9515
 11
95.4381
 21
16.8436
  0
LINE
  8
0
 10
95.4381
 20
16.8436
 11
95.4381
 21
16.0179
  0
LINE
  8
0
 10
95.4381
 20
16.0179
 11
94.7986
 21
16.0179
  0
LINE
  8
0
 10
50.3328
 20
16.123
 11
51.3986
 21
16.123
  0
LINE
  8
0
 10
51.3986
 20
16.123
 11
51.3986
 21
14.9761
  0
LINE
  8
0
 10
51.3986
 20
14.9761
 11
52.0588
 21
14.9761
  0
LINE
  8
0
 10
52.0588
 20
14.9761
 11
52.0588
 21
17.7515
  0
LINE
  8
0
 10
52.0588
 20
17.7515
 11
51.3986
 21
17.7515
  0
LINE
  8
0
 10
51.3986
 20
17.7515
 11
51.3986
 21
16.6863
  0
LINE
  8
0
 10
51.3986
 20
16.6863
 11
50.3328
 21
16.6863
  0
LINE
  8
0
 10
50.3328
 20
16.6863
 11
50.3328
 21
17.7515
  0
LINE
  8
0
 10
50.3328
 20
17.7515
 11
49.6727
 21
17.7515
  0
LINE
  8
0
 10
49.6727
 20
17.7515
 11
49.6727
 21
14.9761
  0
LINE
  8
0
 10
49.6727
 20
14.9761
 11
50.3328
 21
14.9761
  0
LINE
  8
0
 10
50.3328
 20
14.9761
 11
50.3328
 21
16.123
  0
LINE
  8
0
 10
63.7038
 20
15.473
 11
63.0906
 21
15.473
  0
LINE
  8
0
 10
63.0906
 20
15.473
 11
63.0906
 21
17.7515
  0
LINE
  8
0
 10
63.0906
 20
17.7515
 11
62.5207
 21
17.7515
  0
LINE
  8
0
 10
62.5207
 20
17.7515
 11
61.8152
 21
17.2938
  0
LINE
  8
0
 10
61.8152
 20
17.2938
 11
61.8152
 21
16.7569
  0
LINE
  8
0
 10
61.8152
 20
16.7569
 11
62.457
 21
17.1575
  0
LINE
  8
0
 10
62.457
 20
17.1575
 11
62.457
 21
15.473
  0
LINE
  8
0
 10
62.457
 20
15.473
 11
61.7943
 21
15.473
  0
LINE
  8
0
 10
61.7943
 20
15.473
 11
61.7943
 21
14.9761
  0
LINE
  8
0
 10
61.7943
 20
14.9761
 11
63.7038
 21
14.9761
  0
LINE
  8
0
 10
63.7038
 20
14.9761
 11
63.7038
 21
15.473
  0
LINE
  8
0
 10
100.984
 20
15.0031
 11
101.316
 21
15.2026
  0
LINE
  8
0
 10
101.316
 20
15.2026
 11
101.527
 21
15.5157
  0
LINE
  8
0
 10
101.527
 20
15.5157
 11
101.597
 21
15.9162
  0
LINE
  8
0
 10
101.597
 20
15.9162
 11
101.537
 21
16.2997
  0
LINE
  8
0
 10
101.537
 20
16.2997
 11
101.354
 21
16.5977
  0
LINE
  8
0
 10
101.354
 20
16.5977
 11
101.069
 21
16.7877
  0
LINE
  8
0
 10
101.069
 20
16.7877
 11
100.707
 21
16.8503
  0
LINE
  8
0
 10
100.707
 20
16.8503
 11
100.423
 21
16.8047
  0
LINE
  8
0
 10
100.423
 20
16.8047
 11
100.279
 21
16.7196
  0
LINE
  8
0
 10
100.279
 20
16.7196
 11
100.313
 21
17.2546
  0
LINE
  8
0
 10
100.313
 20
17.2546
 11
101.44
 21
17.2546
  0
LINE
  8
0
 10
101.44
 20
17.2546
 11
101.44
 21
17.7515
  0
LINE
  8
0
 10
101.44
 20
17.7515
 11
99.735
 21
17.7515
  0
LINE
  8
0
 10
99.735
 20
17.7515
 11
99.6358
 21
16.1458
  0
LINE
  8
0
 10
99.6358
 20
16.1458
 11
100.227
 21
16.1458
  0
LINE
  8
0
 10
100.227
 20
16.1458
 11
100.392
 21
16.2789
  0
LINE
  8
0
 10
100.392
 20
16.2789
 11
100.573
 21
16.3176
  0
LINE
  8
0
 10
100.573
 20
16.3176
 11
100.731
 21
16.2896
  0
LINE
  8
0
 10
100.731
 20
16.2896
 11
100.847
 21
16.2078
  0
LINE
  8
0
 10
100.847
 20
16.2078
 11
100.921
 21
16.0783
  0
LINE
  8
0
 10
100.921
 20
16.0783
 11
100.947
 21
15.905
  0
LINE
  8
0
 10
100.947
 20
15.905
 11
100.919
 21
15.7105
  0
LINE
  8
0
 10
100.919
 20
15.7105
 11
100.841
 21
15.5735
  0
LINE
  8
0
 10
100.841
 20
15.5735
 11
100.72
 21
15.4907
  0
LINE
  8
0
 10
100.72
 20
15.4907
 11
100.559
 21
15.4622
  0
LINE
  8
0
 10
100.559
 20
15.4622
 11
100.427
 21
15.4796
  0
LINE
  8
0
 10
100.427
 20
15.4796
 11
100.324
 21
15.5301
  0
LINE
  8
0
 10
100.324
 20
15.5301
 11
100.246
 21
15.6171
  0
LINE
  8
0
 10
100.246
 20
15.6171
 11
100.178
 21
15.791
  0
LINE
  8
0
 10
100.178
 20
15.791
 11
99.5431
 21
15.7391
  0
LINE
  8
0
 10
99.5431
 20
15.7391
 11
99.6703
 21
15.3658
  0
LINE
  8
0
 10
99.6703
 20
15.3658
 11
99.8794
 21
15.1288
  0
LINE
  8
0
 10
99.8794
 20
15.1288
 11
100.178
 21
14.9849
  0
LINE
  8
0
 10
100.178
 20
14.9849
 11
100.556
 21
14.9377
  0
LINE
  8
0
 10
100.556
 20
14.9377
 11
100.984
 21
15.0031
  0
LINE
  8
0
 10
43.9059
 20
15.5211
 11
44.2629
 21
15.5211
  0
LINE
  8
0
 10
44.2629
 20
15.5211
 11
44.2629
 21
16.0179
  0
LINE
  8
0
 10
44.2629
 20
16.0179
 11
43.9059
 21
16.0179
  0
LINE
  8
0
 10
43.9059
 20
16.0179
 11
43.9059
 21
17.7515
  0
LINE
  8
0
 10
43.9059
 20
17.7515
 11
43.2326
 21
17.7515
  0
LINE
  8
0
 10
43.2326
 20
17.7515
 11
42.0799
 21
15.9866
  0
LINE
  8
0
 10
42.0799
 20
15.9866
 11
42.0799
 21
15.5211
  0
LINE
  8
0
 10
42.0799
 20
15.5211
 11
43.297
 21
15.5211
  0
LINE
  8
0
 10
43.297
 20
15.5211
 11
43.297
 21
14.9761
  0
LINE
  8
0
 10
43.297
 20
14.9761
 11
43.9059
 21
14.9761
  0
LINE
  8
0
 10
43.9059
 20
14.9761
 11
43.9059
 21
15.5211
  0
LINE
  8
0
 10
42.6575
 20
16.0179
 11
43.2278
 21
16.8847
  0
LINE
  8
0
 10
43.2278
 20
16.8847
 11
43.3009
 21
17.0036
  0
LINE
  8
0
 10
43.3009
 20
17.0036
 11
43.2987
 21
16.9515
  0
LINE
  8
0
 10
43.2987
 20
16.9515
 11
43.297
 21
16.8436
  0
LINE
  8
0
 10
43.297
 20
16.8436
 11
43.297
 21
16.0179
  0
LINE
  8
0
 10
43.297
 20
16.0179
 11
42.6575
 21
16.0179
  0
LINE
  8
0
 10
107.691
 20
16.6483
 11
107.686
 21
16.8079
  0
LINE
  8
0
 10
107.686
 20
16.8079
 11
107.773
 21
16.504
  0
LINE
  8
0
 10
107.773
 20
16.504
 11
108.267
 21
14.9761
  0
LINE
  8
0
 10
108.267
 20
14.9761
 11
108.738
 21
14.9761
  0
LINE
  8
0
 10
108.738
 20
14.9761
 11
109.232
 21
16.5038
  0
LINE
  8
0
 10
109.232
 20
16.5038
 11
109.315
 21
16.7836
  0
LINE
  8
0
 10
109.315
 20
16.7836
 11
109.317
 21
16.7918
  0
LINE
  8
0
 10
109.317
 20
16.7918
 11
109.316
 21
16.759
  0
LINE
  8
0
 10
109.316
 20
16.759
 11
109.315
 21
16.7031
  0
LINE
  8
0
 10
109.315
 20
16.7031
 11
109.315
 21
16.6478
  0
LINE
  8
0
 10
109.315
 20
16.6478
 11
109.315
 21
14.9761
  0
LINE
  8
0
 10
109.315
 20
14.9761
 11
109.912
 21
14.9761
  0
LINE
  8
0
 10
109.912
 20
14.9761
 11
109.912
 21
17.7515
  0
LINE
  8
0
 10
109.912
 20
17.7515
 11
109.079
 21
17.7515
  0
LINE
  8
0
 10
109.079
 20
17.7515
 11
108.576
 21
16.1454
  0
LINE
  8
0
 10
108.576
 20
16.1454
 11
108.507
 21
15.8964
  0
LINE
  8
0
 10
108.507
 20
15.8964
 11
108.462
 21
16.0741
  0
LINE
  8
0
 10
108.462
 20
16.0741
 11
108.419
 21
16.2198
  0
LINE
  8
0
 10
108.419
 20
16.2198
 11
107.93
 21
17.7515
  0
LINE
  8
0
 10
107.93
 20
17.7515
 11
107.093
 21
17.7515
  0
LINE
  8
0
 10
107.093
 20
17.7515
 11
107.093
 21
14.9761
  0
LINE
  8
0
 10
107.093
 20
14.9761
 11
107.691
 21
14.9761
  0
LINE
  8
0
 10
107.691
 20
14.9761
 11
107.691
 21
16.6483
  0
LINE
  8
0
 10
110.917
 20
16.123
 11
111.983
 21
16.123
  0
LINE
  8
0
 10
111.983
 20
16.123
 11
111.983
 21
14.9761
  0
LINE
  8
0
 10
111.983
 20
14.9761
 11
112.643
 21
14.9761
  0
LINE
  8
0
 10
112.643
 20
14.9761
 11
112.643
 21
17.7515
  0
LINE
  8
0
 10
112.643
 20
17.7515
 11
111.983
 21
17.7515
  0
LINE
  8
0
 10
111.983
 20
17.7515
 11
111.983
 21
16.6863
  0
LINE
  8
0
 10
111.983
 20
16.6863
 11
110.917
 21
16.6863
  0
LINE
  8
0
 10
110.917
 20
16.6863
 11
110.917
 21
17.7515
  0
LINE
  8
0
 10
110.917
 20
17.7515
 11
110.257
 21
17.7515
  0
LINE
  8
0
 10
110.257
 20
17.7515
 11
110.257
 21
14.9761
  0
LINE
  8
0
 10
110.257
 20
14.9761
 11
110.917
 21
14.9761
  0
LINE
  8
0
 10
110.917
 20
14.9761
 11
110.917
 21
16.123
  0
LINE
  8
0
 10
73.8854
 20
17.2186
 11
74.7513
 21
17.2186
  0
LINE
  8
0
 10
74.7513
 20
17.2186
 11
74.7513
 21
17.7515
  0
LINE
  8
0
 10
74.7513
 20
17.7515
 11
72.3614
 21
17.7515
  0
LINE
  8
0
 10
72.3614
 20
17.7515
 11
72.3614
 21
17.2186
  0
LINE
  8
0
 10
72.3614
 20
17.2186
 11
73.2253
 21
17.2186
  0
LINE
  8
0
 10
73.2253
 20
17.2186
 11
73.2253
 21
14.9761
  0
LINE
  8
0
 10
73.2253
 20
14.9761
 11
73.8854
 21
14.9761
  0
LINE
  8
0
 10
73.8854
 20
14.9761
 11
73.8854
 21
17.2186
  0
LINE
  8
0
 10
34.0414
 20
15.473
 11
33.4281
 21
15.473
  0
LINE
  8
0
 10
33.4281
 20
15.473
 11
33.4281
 21
17.7515
  0
LINE
  8
0
 10
33.4281
 20
17.7515
 11
32.8583
 21
17.7515
  0
LINE
  8
0
 10
32.8583
 20
17.7515
 11
32.1528
 21
17.2938
  0
LINE
  8
0
 10
32.1528
 20
17.2938
 11
32.1528
 21
16.7569
  0
LINE
  8
0
 10
32.1528
 20
16.7569
 11
32.7946
 21
17.1575
  0
LINE
  8
0
 10
32.7946
 20
17.1575
 11
32.7946
 21
15.473
  0
LINE
  8
0
 10
32.7946
 20
15.473
 11
32.1319
 21
15.473
  0
LINE
  8
0
 10
32.1319
 20
15.473
 11
32.1319
 21
14.9761
  0
LINE
  8
0
 10
32.1319
 20
14.9761
 11
34.0414
 21
14.9761
  0
LINE
  8
0
 10
34.0414
 20
14.9761
 11
34.0414
 21
15.473
  0
LINE
  8
0
 10
102.783
 20
15.3311
 11
102.834
 21
15.6195
  0
LINE
  8
0
 10
102.834
 20
15.6195
 11
102.915
 21
15.8967
  0
LINE
  8
0
 10
102.915
 20
15.8967
 11
103.02
 21
16.1672
  0
LINE
  8
0
 10
103.02
 20
16.1672
 11
103.149
 21
16.4342
  0
LINE
  8
0
 10
103.149
 20
16.4342
 11
103.298
 21
16.6999
  0
LINE
  8
0
 10
103.298
 20
16.6999
 11
103.463
 21
16.9715
  0
LINE
  8
0
 10
103.463
 20
16.9715
 11
103.645
 21
17.2637
  0
LINE
  8
0
 10
103.645
 20
17.2637
 11
103.645
 21
17.7515
  0
LINE
  8
0
 10
103.645
 20
17.7515
 11
101.721
 21
17.7515
  0
LINE
  8
0
 10
101.721
 20
17.7515
 11
101.721
 21
17.2128
  0
LINE
  8
0
 10
101.721
 20
17.2128
 11
103.007
 21
17.2128
  0
LINE
  8
0
 10
103.007
 20
17.2128
 11
102.69
 21
16.7355
  0
LINE
  8
0
 10
102.69
 20
16.7355
 11
102.455
 21
16.3317
  0
LINE
  8
0
 10
102.455
 20
16.3317
 11
102.308
 21
16.0062
  0
LINE
  8
0
 10
102.308
 20
16.0062
 11
102.199
 21
15.6858
  0
LINE
  8
0
 10
102.199
 20
15.6858
 11
102.132
 21
15.3616
  0
LINE
  8
0
 10
102.132
 20
15.3616
 11
102.107
 21
14.9761
  0
LINE
  8
0
 10
102.107
 20
14.9761
 11
102.764
 21
14.9761
  0
LINE
  8
0
 10
102.764
 20
14.9761
 11
102.783
 21
15.3311
  0
LINE
  8
0
 10
104.896
 20
15.3311
 11
104.946
 21
15.6195
  0
LINE
  8
0
 10
104.946
 20
15.6195
 11
105.027
 21
15.8967
  0
LINE
  8
0
 10
105.027
 20
15.8967
 11
105.133
 21
16.1672
  0
LINE
  8
0
 10
105.133
 20
16.1672
 11
105.261
 21
16.4342
  0
LINE
  8
0
 10
105.261
 20
16.4342
 11
105.41
 21
16.6999
  0
LINE
  8
0
 10
105.41
 20
16.6999
 11
105.575
 21
16.971
  0
LINE
  8
0
 10
105.575
 20
16.971
 11
105.758
 21
17.2637
  0
LINE
  8
0
 10
105.758
 20
17.2637
 11
105.758
 21
17.7515
  0
LINE
  8
0
 10
105.758
 20
17.7515
 11
103.833
 21
17.7515
  0
LINE
  8
0
 10
103.833
 20
17.7515
 11
103.833
 21
17.2128
  0
LINE
  8
0
 10
103.833
 20
17.2128
 11
105.119
 21
17.2128
  0
LINE
  8
0
 10
105.119
 20
17.2128
 11
104.802
 21
16.7355
  0
LINE
  8
0
 10
104.802
 20
16.7355
 11
104.567
 21
16.3317
  0
LINE
  8
0
 10
104.567
 20
16.3317
 11
104.42
 21
16.0062
  0
LINE
  8
0
 10
104.42
 20
16.0062
 11
104.311
 21
15.6858
  0
LINE
  8
0
 10
104.311
 20
15.6858
 11
104.244
 21
15.3616
  0
LINE
  8
0
 10
104.244
 20
15.3616
 11
104.219
 21
14.9761
  0
LINE
  8
0
 10
104.219
 20
14.9761
 11
104.876
 21
14.9761
  0
LINE
  8
0
 10
104.876
 20
14.9761
 11
104.896
 21
15.3311
  0
LINE
  8
0
 10
34.9194
 20
16.123
 11
35.9852
 21
16.123
  0
LINE
  8
0
 10
35.9852
 20
16.123
 11
35.9852
 21
14.9761
  0
LINE
  8
0
 10
35.9852
 20
14.9761
 11
36.6453
 21
14.9761
  0
LINE
  8
0
 10
36.6453
 20
14.9761
 11
36.6453
 21
17.7515
  0
LINE
  8
0
 10
36.6453
 20
17.7515
 11
35.9852
 21
17.7515
  0
LINE
  8
0
 10
35.9852
 20
17.7515
 11
35.9852
 21
16.6863
  0
LINE
  8
0
 10
35.9852
 20
16.6863
 11
34.9194
 21
16.6863
  0
LINE
  8
0
 10
34.9194
 20
16.6863
 11
34.9194
 21
17.7515
  0
LINE
  8
0
 10
34.9194
 20
17.7515
 11
34.2592
 21
17.7515
  0
LINE
  8
0
 10
34.2592
 20
17.7515
 11
34.2592
 21
14.9761
  0
LINE
  8
0
 10
34.2592
 20
14.9761
 11
34.9194
 21
14.9761
  0
LINE
  8
0
 10
34.9194
 20
14.9761
 11
34.9194
 21
16.123
  0
LINE
  8
0
 10
78.1521
 20
14.2098
 11
78.4762
 21
14.3882
  0
LINE
  8
0
 10
78.4762
 20
14.3882
 11
78.6756
 21
14.685
  0
LINE
  8
0
 10
78.6756
 20
14.685
 11
78.7402
 21
15.0848
  0
LINE
  8
0
 10
78.7402
 20
15.0848
 11
78.7402
 21
16.6059
  0
LINE
  8
0
 10
78.7402
 20
16.6059
 11
78.743
 21
16.8586
  0
LINE
  8
0
 10
78.743
 20
16.8586
 11
78.7536
 21
17.1306
  0
LINE
  8
0
 10
78.7536
 20
17.1306
 11
78.1542
 21
17.1306
  0
LINE
  8
0
 10
78.1542
 20
17.1306
 11
78.1376
 21
17.0314
  0
LINE
  8
0
 10
78.1376
 20
17.0314
 11
78.1286
 21
16.9344
  0
LINE
  8
0
 10
78.1286
 20
16.9344
 11
78.1245
 21
16.8677
  0
LINE
  8
0
 10
78.1245
 20
16.8677
 11
77.9461
 21
17.0727
  0
LINE
  8
0
 10
77.9461
 20
17.0727
 11
77.5406
 21
17.1716
  0
LINE
  8
0
 10
77.5406
 20
17.1716
 11
77.1762
 21
17.0986
  0
LINE
  8
0
 10
77.1762
 20
17.0986
 11
76.9084
 21
16.8783
  0
LINE
  8
0
 10
76.9084
 20
16.8783
 11
76.7479
 21
16.5298
  0
LINE
  8
0
 10
76.7479
 20
16.5298
 11
76.6955
 21
16.0705
  0
LINE
  8
0
 10
76.6955
 20
16.0705
 11
76.7464
 21
15.6137
  0
LINE
  8
0
 10
76.7464
 20
15.6137
 11
76.9024
 21
15.2687
  0
LINE
  8
0
 10
76.9024
 20
15.2687
 11
77.1584
 21
15.0511
  0
LINE
  8
0
 10
77.1584
 20
15.0511
 11
77.5002
 21
14.9787
  0
LINE
  8
0
 10
77.5002
 20
14.9787
 11
77.9337
 21
15.0793
  0
LINE
  8
0
 10
77.9337
 20
15.0793
 11
78.1118
 21
15.2784
  0
LINE
  8
0
 10
78.1118
 20
15.2784
 11
78.1105
 21
15.2051
  0
LINE
  8
0
 10
78.1105
 20
15.2051
 11
78.1105
 21
15.0991
  0
LINE
  8
0
 10
78.1105
 20
15.0991
 11
78.086
 21
14.8733
  0
LINE
  8
0
 10
78.086
 20
14.8733
 11
78.0175
 21
14.722
  0
LINE
  8
0
 10
78.0175
 20
14.722
 11
77.9046
 21
14.6346
  0
LINE
  8
0
 10
77.9046
 20
14.6346
 11
77.732
 21
14.6039
  0
LINE
  8
0
 10
77.732
 20
14.6039
 11
77.6103
 21
14.6195
  0
LINE
  8
0
 10
77.6103
 20
14.6195
 11
77.5176
 21
14.6645
  0
LINE
  8
0
 10
77.5176
 20
14.6645
 11
77.4526
 21
14.7345
  0
LINE
  8
0
 10
77.4526
 20
14.7345
 11
77.3968
 21
14.8714
  0
LINE
  8
0
 10
77.3968
 20
14.8714
 11
76.7599
 21
14.7966
  0
LINE
  8
0
 10
76.7599
 20
14.7966
 11
76.8863
 21
14.4904
  0
LINE
  8
0
 10
76.8863
 20
14.4904
 11
77.0858
 21
14.3026
  0
LINE
  8
0
 10
77.0858
 20
14.3026
 11
77.3666
 21
14.1889
  0
LINE
  8
0
 10
77.3666
 20
14.1889
 11
77.7187
 21
14.1517
  0
LINE
  8
0
 10
77.7187
 20
14.1517
 11
78.1521
 21
14.2098
  0
LINE
  8
0
 10
77.4521
 20
15.601
 11
77.3533
 21
16.0705
  0
LINE
  8
0
 10
77.3533
 20
16.0705
 11
77.4532
 21
16.55
  0
LINE
  8
0
 10
77.4532
 20
16.55
 11
77.7362
 21
16.7009
  0
LINE
  8
0
 10
77.7362
 20
16.7009
 11
77.8893
 21
16.6642
  0
LINE
  8
0
 10
77.8893
 20
16.6642
 11
78.0087
 21
16.548
  0
LINE
  8
0
 10
78.0087
 20
16.548
 11
78.0869
 21
16.352
  0
LINE
  8
0
 10
78.0869
 20
16.352
 11
78.114
 21
16.0817
  0
LINE
  8
0
 10
78.114
 20
16.0817
 11
78.0869
 21
15.8043
  0
LINE
  8
0
 10
78.0869
 20
15.8043
 11
78.0087
 21
15.6061
  0
LINE
  8
0
 10
78.0087
 20
15.6061
 11
77.8885
 21
15.4901
  0
LINE
  8
0
 10
77.8885
 20
15.4901
 11
77.7324
 21
15.4532
  0
LINE
  8
0
 10
77.7324
 20
15.4532
 11
77.4521
 21
15.601
  0
LINE
  8
0
 10
69.846
 20
16.1248
 11
69.8703
 21
16.353
  0
LINE
  8
0
 10
69.8703
 20
16.353
 11
69.9404
 21
16.5272
  0
LINE
  8
0
 10
69.9404
 20
16.5272
 11
70.041
 21
16.6342
  0
LINE
  8
0
 10
70.041
 20
16.6342
 11
70.1537
 21
16.6659
  0
LINE
  8
0
 10
70.1537
 20
16.6659
 11
70.3493
 21
16.5527
  0
LINE
  8
0
 10
70.3493
 20
16.5527
 11
70.4219
 21
16.1739
  0
LINE
  8
0
 10
70.4219
 20
16.1739
 11
70.4219
 21
14.9761
  0
LINE
  8
0
 10
70.4219
 20
14.9761
 11
71.0517
 21
14.9761
  0
LINE
  8
0
 10
71.0517
 20
14.9761
 11
71.0517
 21
16.1488
  0
LINE
  8
0
 10
71.0517
 20
16.1488
 11
71.0823
 21
16.3757
  0
LINE
  8
0
 10
71.0823
 20
16.3757
 11
71.153
 21
16.5403
  0
LINE
  8
0
 10
71.153
 20
16.5403
 11
71.2503
 21
16.6372
  0
LINE
  8
0
 10
71.2503
 20
16.6372
 11
71.359
 21
16.6662
  0
LINE
  8
0
 10
71.359
 20
16.6662
 11
71.555
 21
16.5527
  0
LINE
  8
0
 10
71.555
 20
16.5527
 11
71.6276
 21
16.1739
  0
LINE
  8
0
 10
71.6276
 20
16.1739
 11
71.6276
 21
14.9761
  0
LINE
  8
0
 10
71.6276
 20
14.9761
 11
72.2574
 21
14.9761
  0
LINE
  8
0
 10
72.2574
 20
14.9761
 11
72.2574
 21
16.3335
  0
LINE
  8
0
 10
72.2574
 20
16.3335
 11
72.2167
 21
16.6818
  0
LINE
  8
0
 10
72.2167
 20
16.6818
 11
72.0899
 21
16.9483
  0
LINE
  8
0
 10
72.0899
 20
16.9483
 11
71.878
 21
17.1162
  0
LINE
  8
0
 10
71.878
 20
17.1162
 11
71.5938
 21
17.1711
  0
LINE
  8
0
 10
71.5938
 20
17.1711
 11
71.372
 21
17.1429
  0
LINE
  8
0
 10
71.372
 20
17.1429
 11
71.1906
 21
17.0574
  0
LINE
  8
0
 10
71.1906
 20
17.0574
 11
71.0439
 21
16.9081
  0
LINE
  8
0
 10
71.0439
 20
16.9081
 11
70.9632
 21
16.7637
  0
LINE
  8
0
 10
70.9632
 20
16.7637
 11
70.7982
 21
17.0507
  0
LINE
  8
0
 10
70.7982
 20
17.0507
 11
70.3903
 21
17.1714
  0
LINE
  8
0
 10
70.3903
 20
17.1714
 11
70.181
 21
17.1422
  0
LINE
  8
0
 10
70.181
 20
17.1422
 11
70.0044
 21
17.0551
  0
LINE
  8
0
 10
70.0044
 20
17.0551
 11
69.8586
 21
16.9055
  0
LINE
  8
0
 10
69.8586
 20
16.9055
 11
69.8238
 21
16.8417
  0
LINE
  8
0
 10
69.8238
 20
16.8417
 11
69.8212
 21
16.8909
  0
LINE
  8
0
 10
69.8212
 20
16.8909
 11
69.8125
 21
17.0185
  0
LINE
  8
0
 10
69.8125
 20
17.0185
 11
69.8013
 21
17.1306
  0
LINE
  8
0
 10
69.8013
 20
17.1306
 11
69.1941
 21
17.1306
  0
LINE
  8
0
 10
69.1941
 20
17.1306
 11
69.2028
 21
16.9885
  0
LINE
  8
0
 10
69.2028
 20
16.9885
 11
69.2077
 21
16.8891
  0
LINE
  8
0
 10
69.2077
 20
16.8891
 11
69.2112
 21
16.7708
  0
LINE
  8
0
 10
69.2112
 20
16.7708
 11
69.2124
 21
16.6207
  0
LINE
  8
0
 10
69.2124
 20
16.6207
 11
69.2124
 21
14.9761
  0
LINE
  8
0
 10
69.2124
 20
14.9761
 11
69.846
 21
14.9761
  0
LINE
  8
0
 10
69.846
 20
14.9761
 11
69.846
 21
16.1248
  0
LINE
  8
0
 10
81.8734
 20
16.1248
 11
81.8978
 21
16.353
  0
LINE
  8
0
 10
81.8978
 20
16.353
 11
81.9678
 21
16.5272
  0
LINE
  8
0
 10
81.9678
 20
16.5272
 11
82.0684
 21
16.6342
  0
LINE
  8
0
 10
82.0684
 20
16.6342
 11
82.1812
 21
16.6659
  0
LINE
  8
0
 10
82.1812
 20
16.6659
 11
82.3767
 21
16.5527
  0
LINE
  8
0
 10
82.3767
 20
16.5527
 11
82.4493
 21
16.1739
  0
LINE
  8
0
 10
82.4493
 20
16.1739
 11
82.4493
 21
14.9761
  0
LINE
  8
0
 10
82.4493
 20
14.9761
 11
83.0791
 21
14.9761
  0
LINE
  8
0
 10
83.0791
 20
14.9761
 11
83.0791
 21
16.1488
  0
LINE
  8
0
 10
83.0791
 20
16.1488
 11
83.1098
 21
16.3757
  0
LINE
  8
0
 10
83.1098
 20
16.3757
 11
83.1804
 21
16.5403
  0
LINE
  8
0
 10
83.1804
 20
16.5403
 11
83.2778
 21
16.6372
  0
LINE
  8
0
 10
83.2778
 20
16.6372
 11
83.3865
 21
16.6662
  0
LINE
  8
0
 10
83.3865
 20
16.6662
 11
83.5824
 21
16.5527
  0
LINE
  8
0
 10
83.5824
 20
16.5527
 11
83.655
 21
16.1739
  0
LINE
  8
0
 10
83.655
 20
16.1739
 11
83.655
 21
14.9761
  0
LINE
  8
0
 10
83.655
 20
14.9761
 11
84.2848
 21
14.9761
  0
LINE
  8
0
 10
84.2848
 20
14.9761
 11
84.2848
 21
16.3335
  0
LINE
  8
0
 10
84.2848
 20
16.3335
 11
84.2441
 21
16.6818
  0
LINE
  8
0
 10
84.2441
 20
16.6818
 11
84.1174
 21
16.9483
  0
LINE
  8
0
 10
84.1174
 20
16.9483
 11
83.9055
 21
17.1162
  0
LINE
  8
0
 10
83.9055
 20
17.1162
 11
83.6212
 21
17.1711
  0
LINE
  8
0
 10
83.6212
 20
17.1711
 11
83.3994
 21
17.1429
  0
LINE
  8
0
 10
83.3994
 20
17.1429
 11
83.218
 21
17.0574
  0
LINE
  8
0
 10
83.218
 20
17.0574
 11
83.0713
 21
16.9081
  0
LINE
  8
0
 10
83.0713
 20
16.9081
 11
82.9906
 21
16.7637
  0
LINE
  8
0
 10
82.9906
 20
16.7637
 11
82.8256
 21
17.0507
  0
LINE
  8
0
 10
82.8256
 20
17.0507
 11
82.4177
 21
17.1714
  0
LINE
  8
0
 10
82.4177
 20
17.1714
 11
82.2084
 21
17.1422
  0
LINE
  8
0
 10
82.2084
 20
17.1422
 11
82.0319
 21
17.0551
  0
LINE
  8
0
 10
82.0319
 20
17.0551
 11
81.886
 21
16.9055
  0
LINE
  8
0
 10
81.886
 20
16.9055
 11
81.8513
 21
16.8417
  0
LINE
  8
0
 10
81.8513
 20
16.8417
 11
81.8486
 21
16.8909
  0
LINE
  8
0
 10
81.8486
 20
16.8909
 11
81.84
 21
17.0185
  0
LINE
  8
0
 10
81.84
 20
17.0185
 11
81.8287
 21
17.1306
  0
LINE
  8
0
 10
81.8287
 20
17.1306
 11
81.2215
 21
17.1306
  0
LINE
  8
0
 10
81.2215
 20
17.1306
 11
81.2302
 21
16.9885
  0
LINE
  8
0
 10
81.2302
 20
16.9885
 11
81.2351
 21
16.8891
  0
LINE
  8
0
 10
81.2351
 20
16.8891
 11
81.2386
 21
16.7708
  0
LINE
  8
0
 10
81.2386
 20
16.7708
 11
81.2398
 21
16.6207
  0
LINE
  8
0
 10
81.2398
 20
16.6207
 11
81.2398
 21
14.9761
  0
LINE
  8
0
 10
81.2398
 20
14.9761
 11
81.8734
 21
14.9761
  0
LINE
  8
0
 10
81.8734
 20
14.9761
 11
81.8734
 21
16.1248
  0
LINE
  8
0
 10
85.2502
 20
16.1248
 11
85.2746
 21
16.353
  0
LINE
  8
0
 10
85.2746
 20
16.353
 11
85.3447
 21
16.5272
  0
LINE
  8
0
 10
85.3447
 20
16.5272
 11
85.4452
 21
16.6342
  0
LINE
  8
0
 10
85.4452
 20
16.6342
 11
85.558
 21
16.6659
  0
LINE
  8
0
 10
85.558
 20
16.6659
 11
85.7535
 21
16.5527
  0
LINE
  8
0
 10
85.7535
 20
16.5527
 11
85.8262
 21
16.1739
  0
LINE
  8
0
 10
85.8262
 20
16.1739
 11
85.8262
 21
14.9761
  0
LINE
  8
0
 10
85.8262
 20
14.9761
 11
86.4559
 21
14.9761
  0
LINE
  8
0
 10
86.4559
 20
14.9761
 11
86.4559
 21
16.1488
  0
LINE
  8
0
 10
86.4559
 20
16.1488
 11
86.4866
 21
16.3757
  0
LINE
  8
0
 10
86.4866
 20
16.3757
 11
86.5572
 21
16.5403
  0
LINE
  8
0
 10
86.5572
 20
16.5403
 11
86.6546
 21
16.6372
  0
LINE
  8
0
 10
86.6546
 20
16.6372
 11
86.7633
 21
16.6662
  0
LINE
  8
0
 10
86.7633
 20
16.6662
 11
86.9592
 21
16.5527
  0
LINE
  8
0
 10
86.9592
 20
16.5527
 11
87.0319
 21
16.1739
  0
LINE
  8
0
 10
87.0319
 20
16.1739
 11
87.0319
 21
14.9761
  0
LINE
  8
0
 10
87.0319
 20
14.9761
 11
87.6616
 21
14.9761
  0
LINE
  8
0
 10
87.6616
 20
14.9761
 11
87.6616
 21
16.3335
  0
LINE
  8
0
 10
87.6616
 20
16.3335
 11
87.6209
 21
16.6818
  0
LINE
  8
0
 10
87.6209
 20
16.6818
 11
87.4942
 21
16.9483
  0
LINE
  8
0
 10
87.4942
 20
16.9483
 11
87.2823
 21
17.1162
  0
LINE
  8
0
 10
87.2823
 20
17.1162
 11
86.998
 21
17.1711
  0
LINE
  8
0
 10
86.998
 20
17.1711
 11
86.7762
 21
17.1429
  0
LINE
  8
0
 10
86.7762
 20
17.1429
 11
86.5948
 21
17.0574
  0
LINE
  8
0
 10
86.5948
 20
17.0574
 11
86.4481
 21
16.9081
  0
LINE
  8
0
 10
86.4481
 20
16.9081
 11
86.3674
 21
16.7637
  0
LINE
  8
0
 10
86.3674
 20
16.7637
 11
86.2024
 21
17.0507
  0
LINE
  8
0
 10
86.2024
 20
17.0507
 11
85.7945
 21
17.1714
  0
LINE
  8
0
 10
85.7945
 20
17.1714
 11
85.5852
 21
17.1422
  0
LINE
  8
0
 10
85.5852
 20
17.1422
 11
85.4087
 21
17.0551
  0
LINE
  8
0
 10
85.4087
 20
17.0551
 11
85.2628
 21
16.9055
  0
LINE
  8
0
 10
85.2628
 20
16.9055
 11
85.2281
 21
16.8417
  0
LINE
  8
0
 10
85.2281
 20
16.8417
 11
85.2254
 21
16.8909
  0
LINE
  8
0
 10
85.2254
 20
16.8909
 11
85.2168
 21
17.0185
  0
LINE
  8
0
 10
85.2168
 20
17.0185
 11
85.2055
 21
17.1306
  0
LINE
  8
0
 10
85.2055
 20
17.1306
 11
84.5983
 21
17.1306
  0
LINE
  8
0
 10
84.5983
 20
17.1306
 11
84.607
 21
16.9885
  0
LINE
  8
0
 10
84.607
 20
16.9885
 11
84.6119
 21
16.8891
  0
LINE
  8
0
 10
84.6119
 20
16.8891
 11
84.6154
 21
16.7708
  0
LINE
  8
0
 10
84.6154
 20
16.7708
 11
84.6166
 21
16.6207
  0
LINE
  8
0
 10
84.6166
 20
16.6207
 11
84.6166
 21
14.9761
  0
LINE
  8
0
 10
84.6166
 20
14.9761
 11
85.2502
 21
14.9761
  0
LINE
  8
0
 10
85.2502
 20
14.9761
 11
85.2502
 21
16.1248
  0
LINE
  8
0
 10
80.074
 20
15.0445
 11
80.3097
 21
15.2989
  0
LINE
  8
0
 10
80.3097
 20
15.2989
 11
80.3311
 21
15.2047
  0
LINE
  8
0
 10
80.3311
 20
15.2047
 11
80.4186
 21
15.0654
  0
LINE
  8
0
 10
80.4186
 20
15.0654
 11
80.5597
 21
14.9799
  0
LINE
  8
0
 10
80.5597
 20
14.9799
 11
80.7487
 21
14.9533
  0
LINE
  8
0
 10
80.7487
 20
14.9533
 11
80.8072
 21
14.9543
  0
LINE
  8
0
 10
80.8072
 20
14.9543
 11
80.8556
 21
14.9573
  0
LINE
  8
0
 10
80.8556
 20
14.9573
 11
80.8989
 21
14.9617
  0
LINE
  8
0
 10
80.8989
 20
14.9617
 11
80.9398
 21
14.9672
  0
LINE
  8
0
 10
80.9398
 20
14.9672
 11
80.9799
 21
14.9742
  0
LINE
  8
0
 10
80.9799
 20
14.9742
 11
81.0196
 21
14.9832
  0
LINE
  8
0
 10
81.0196
 20
14.9832
 11
81.0602
 21
14.9932
  0
LINE
  8
0
 10
81.0602
 20
14.9932
 11
81.1436
 21
15.0134
  0
LINE
  8
0
 10
81.1436
 20
15.0134
 11
81.1436
 21
15.3992
  0
LINE
  8
0
 10
81.1436
 20
15.3992
 11
81.0308
 21
15.3826
  0
LINE
  8
0
 10
81.0308
 20
15.3826
 11
80.9798
 21
15.3802
  0
LINE
  8
0
 10
80.9798
 20
15.3802
 11
80.9218
 21
15.3923
  0
LINE
  8
0
 10
80.9218
 20
15.3923
 11
80.8895
 21
15.4229
  0
LINE
  8
0
 10
80.8895
 20
15.4229
 11
80.8661
 21
15.4971
  0
LINE
  8
0
 10
80.8661
 20
15.4971
 11
80.8568
 21
15.6355
  0
LINE
  8
0
 10
80.8568
 20
15.6355
 11
80.8568
 21
16.386
  0
LINE
  8
0
 10
80.8568
 20
16.386
 11
80.8016
 21
16.7137
  0
LINE
  8
0
 10
80.8016
 20
16.7137
 11
80.6308
 21
16.9646
  0
LINE
  8
0
 10
80.6308
 20
16.9646
 11
80.357
 21
17.1188
  0
LINE
  8
0
 10
80.357
 20
17.1188
 11
79.9967
 21
17.1689
  0
LINE
  8
0
 10
79.9967
 20
17.1689
 11
79.6381
 21
17.1287
  0
LINE
  8
0
 10
79.6381
 20
17.1287
 11
79.3581
 21
17.0054
  0
LINE
  8
0
 10
79.3581
 20
17.0054
 11
79.1638
 21
16.7994
  0
LINE
  8
0
 10
79.1638
 20
16.7994
 11
79.0434
 21
16.4623
  0
LINE
  8
0
 10
79.0434
 20
16.4623
 11
79.709
 21
16.4305
  0
LINE
  8
0
 10
79.709
 20
16.4305
 11
79.7466
 21
16.5968
  0
LINE
  8
0
 10
79.7466
 20
16.5968
 11
79.7915
 21
16.6683
  0
LINE
  8
0
 10
79.7915
 20
16.6683
 11
79.8611
 21
16.7078
  0
LINE
  8
0
 10
79.8611
 20
16.7078
 11
79.9722
 21
16.7224
  0
LINE
  8
0
 10
79.9722
 20
16.7224
 11
80.0893
 21
16.7015
  0
LINE
  8
0
 10
80.0893
 20
16.7015
 11
80.162
 21
16.6439
  0
LINE
  8
0
 10
80.162
 20
16.6439
 11
80.2068
 21
16.5389
  0
LINE
  8
0
 10
80.2068
 20
16.5389
 11
80.2233
 21
16.3737
  0
LINE
  8
0
 10
80.2233
 20
16.3737
 11
80.2233
 21
16.3208
  0
LINE
  8
0
 10
80.2233
 20
16.3208
 11
79.8273
 21
16.3141
  0
LINE
  8
0
 10
79.8273
 20
16.3141
 11
79.468
 21
16.268
  0
LINE
  8
0
 10
79.468
 20
16.268
 11
79.1953
 21
16.1328
  0
LINE
  8
0
 10
79.1953
 20
16.1328
 11
79.0251
 21
15.909
  0
LINE
  8
0
 10
79.0251
 20
15.909
 11
78.9694
 21
15.6078
  0
LINE
  8
0
 10
78.9694
 20
15.6078
 11
79.0142
 21
15.3276
  0
LINE
  8
0
 10
79.0142
 20
15.3276
 11
79.1514
 21
15.1138
  0
LINE
  8
0
 10
79.1514
 20
15.1138
 11
79.3696
 21
14.9808
  0
LINE
  8
0
 10
79.3696
 20
14.9808
 11
79.6549
 21
14.9372
  0
LINE
  8
0
 10
79.6549
 20
14.9372
 11
80.074
 21
15.0445
  0
LINE
  8
0
 10
79.7417
 20
15.4255
 11
79.6817
 21
15.4663
  0
LINE
  8
0
 10
79.6817
 20
15.4663
 11
79.6416
 21
15.5376
  0
LINE
  8
0
 10
79.6416
 20
15.5376
 11
79.6268
 21
15.6497
  0
LINE
  8
0
 10
79.6268
 20
15.6497
 11
79.6358
 21
15.7398
  0
LINE
  8
0
 10
79.6358
 20
15.7398
 11
79.6609
 21
15.8055
  0
LINE
  8
0
 10
79.6609
 20
15.8055
 11
79.7004
 21
15.8524
  0
LINE
  8
0
 10
79.7004
 20
15.8524
 11
79.7556
 21
15.8862
  0
LINE
  8
0
 10
79.7556
 20
15.8862
 11
79.8493
 21
15.9102
  0
LINE
  8
0
 10
79.8493
 20
15.9102
 11
80.0025
 21
15.9236
  0
LINE
  8
0
 10
80.0025
 20
15.9236
 11
80.2233
 21
15.9267
  0
LINE
  8
0
 10
80.2233
 20
15.9267
 11
80.2233
 21
15.8757
  0
LINE
  8
0
 10
80.2233
 20
15.8757
 11
80.2095
 21
15.753
  0
LINE
  8
0
 10
80.2095
 20
15.753
 11
80.1693
 21
15.64
  0
LINE
  8
0
 10
80.1693
 20
15.64
 11
80.1062
 21
15.5431
  0
LINE
  8
0
 10
80.1062
 20
15.5431
 11
80.0244
 21
15.4709
  0
LINE
  8
0
 10
80.0244
 20
15.4709
 11
79.9286
 21
15.4258
  0
LINE
  8
0
 10
79.9286
 20
15.4258
 11
79.8241
 21
15.4109
  0
LINE
  8
0
 10
79.8241
 20
15.4109
 11
79.7417
 21
15.4255
  0
LINE
  8
0
 10
88.9398
 20
15.0445
 11
89.1755
 21
15.2989
  0
LINE
  8
0
 10
89.1755
 20
15.2989
 11
89.1968
 21
15.2047
  0
LINE
  8
0
 10
89.1968
 20
15.2047
 11
89.2843
 21
15.0654
  0
LINE
  8
0
 10
89.2843
 20
15.0654
 11
89.4255
 21
14.9799
  0
LINE
  8
0
 10
89.4255
 20
14.9799
 11
89.6145
 21
14.9533
  0
LINE
  8
0
 10
89.6145
 20
14.9533
 11
89.6729
 21
14.9543
  0
LINE
  8
0
 10
89.6729
 20
14.9543
 11
89.7213
 21
14.9573
  0
LINE
  8
0
 10
89.7213
 20
14.9573
 11
89.7646
 21
14.9617
  0
LINE
  8
0
 10
89.7646
 20
14.9617
 11
89.8055
 21
14.9672
  0
LINE
  8
0
 10
89.8055
 20
14.9672
 11
89.8457
 21
14.9742
  0
LINE
  8
0
 10
89.8457
 20
14.9742
 11
89.8853
 21
14.9832
  0
LINE
  8
0
 10
89.8853
 20
14.9832
 11
89.926
 21
14.9932
  0
LINE
  8
0
 10
89.926
 20
14.9932
 11
90.0093
 21
15.0134
  0
LINE
  8
0
 10
90.0093
 20
15.0134
 11
90.0093
 21
15.3992
  0
LINE
  8
0
 10
90.0093
 20
15.3992
 11
89.8965
 21
15.3826
  0
LINE
  8
0
 10
89.8965
 20
15.3826
 11
89.8456
 21
15.3802
  0
LINE
  8
0
 10
89.8456
 20
15.3802
 11
89.7876
 21
15.3923
  0
LINE
  8
0
 10
89.7876
 20
15.3923
 11
89.7553
 21
15.4229
  0
LINE
  8
0
 10
89.7553
 20
15.4229
 11
89.7318
 21
15.4971
  0
LINE
  8
0
 10
89.7318
 20
15.4971
 11
89.7226
 21
15.6355
  0
LINE
  8
0
 10
89.7226
 20
15.6355
 11
89.7226
 21
16.386
  0
LINE
  8
0
 10
89.7226
 20
16.386
 11
89.6674
 21
16.7137
  0
LINE
  8
0
 10
89.6674
 20
16.7137
 11
89.4966
 21
16.9646
  0
LINE
  8
0
 10
89.4966
 20
16.9646
 11
89.2227
 21
17.1188
  0
LINE
  8
0
 10
89.2227
 20
17.1188
 11
88.8625
 21
17.1689
  0
LINE
  8
0
 10
88.8625
 20
17.1689
 11
88.5038
 21
17.1287
  0
LINE
  8
0
 10
88.5038
 20
17.1287
 11
88.2238
 21
17.0054
  0
LINE
  8
0
 10
88.2238
 20
17.0054
 11
88.0296
 21
16.7994
  0
LINE
  8
0
 10
88.0296
 20
16.7994
 11
87.9091
 21
16.4623
  0
LINE
  8
0
 10
87.9091
 20
16.4623
 11
88.5748
 21
16.4305
  0
LINE
  8
0
 10
88.5748
 20
16.4305
 11
88.6123
 21
16.5968
  0
LINE
  8
0
 10
88.6123
 20
16.5968
 11
88.6573
 21
16.6683
  0
LINE
  8
0
 10
88.6573
 20
16.6683
 11
88.7268
 21
16.7078
  0
LINE
  8
0
 10
88.7268
 20
16.7078
 11
88.8379
 21
16.7224
  0
LINE
  8
0
 10
88.8379
 20
16.7224
 11
88.955
 21
16.7015
  0
LINE
  8
0
 10
88.955
 20
16.7015
 11
89.0278
 21
16.6439
  0
LINE
  8
0
 10
89.0278
 20
16.6439
 11
89.0725
 21
16.5389
  0
LINE
  8
0
 10
89.0725
 20
16.5389
 11
89.089
 21
16.3737
  0
LINE
  8
0
 10
89.089
 20
16.3737
 11
89.089
 21
16.3208
  0
LINE
  8
0
 10
89.089
 20
16.3208
 11
88.693
 21
16.3141
  0
LINE
  8
0
 10
88.693
 20
16.3141
 11
88.3338
 21
16.268
  0
LINE
  8
0
 10
88.3338
 20
16.268
 11
88.0611
 21
16.1328
  0
LINE
  8
0
 10
88.0611
 20
16.1328
 11
87.8909
 21
15.909
  0
LINE
  8
0
 10
87.8909
 20
15.909
 11
87.8351
 21
15.6078
  0
LINE
  8
0
 10
87.8351
 20
15.6078
 11
87.8799
 21
15.3276
  0
LINE
  8
0
 10
87.8799
 20
15.3276
 11
88.0171
 21
15.1138
  0
LINE
  8
0
 10
88.0171
 20
15.1138
 11
88.2354
 21
14.9808
  0
LINE
  8
0
 10
88.2354
 20
14.9808
 11
88.5207
 21
14.9372
  0
LINE
  8
0
 10
88.5207
 20
14.9372
 11
88.9398
 21
15.0445
  0
LINE
  8
0
 10
88.6074
 20
15.4255
 11
88.5474
 21
15.4663
  0
LINE
  8
0
 10
88.5474
 20
15.4663
 11
88.5074
 21
15.5376
  0
LINE
  8
0
 10
88.5074
 20
15.5376
 11
88.4926
 21
15.6498
  0
LINE
  8
0
 10
88.4926
 20
15.6498
 11
88.5015
 21
15.7398
  0
LINE
  8
0
 10
88.5015
 20
15.7398
 11
88.5267
 21
15.8055
  0
LINE
  8
0
 10
88.5267
 20
15.8055
 11
88.5661
 21
15.8524
  0
LINE
  8
0
 10
88.5661
 20
15.8524
 11
88.6214
 21
15.8862
  0
LINE
  8
0
 10
88.6214
 20
15.8862
 11
88.7151
 21
15.9102
  0
LINE
  8
0
 10
88.7151
 20
15.9102
 11
88.8683
 21
15.9236
  0
LINE
  8
0
 10
88.8683
 20
15.9236
 11
89.089
 21
15.9267
  0
LINE
  8
0
 10
89.089
 20
15.9267
 11
89.089
 21
15.8757
  0
LINE
  8
0
 10
89.089
 20
15.8757
 11
89.0753
 21
15.753
  0
LINE
  8
0
 10
89.0753
 20
15.753
 11
89.0351
 21
15.6399
  0
LINE
  8
0
 10
89.0351
 20
15.6399
 11
88.972
 21
15.5431
  0
LINE
  8
0
 10
88.972
 20
15.5431
 11
88.8901
 21
15.4709
  0
LINE
  8
0
 10
88.8901
 20
15.4709
 11
88.7944
 21
15.4258
  0
LINE
  8
0
 10
88.7944
 20
15.4258
 11
88.6899
 21
15.4109
  0
LINE
  8
0
 10
88.6899
 20
15.4109
 11
88.6074
 21
15.4255
  0
LINE
  8
0
 10
114.643
 20
15.4654
 11
113.639
 21
15.4654
  0
LINE
  8
0
 10
113.639
 20
15.4654
 11
114.55
 21
16.6823
  0
LINE
  8
0
 10
114.55
 20
16.6823
 11
114.55
 21
17.1306
  0
LINE
  8
0
 10
114.55
 20
17.1306
 11
112.973
 21
17.1306
  0
LINE
  8
0
 10
112.973
 20
17.1306
 11
112.973
 21
16.6451
  0
LINE
  8
0
 10
112.973
 20
16.6451
 11
113.811
 21
16.6451
  0
LINE
  8
0
 10
113.811
 20
16.6451
 11
112.895
 21
15.4206
  0
LINE
  8
0
 10
112.895
 20
15.4206
 11
112.895
 21
14.9761
  0
LINE
  8
0
 10
112.895
 20
14.9761
 11
114.643
 21
14.9761
  0
LINE
  8
0
 10
114.643
 20
14.9761
 11
114.643
 21
15.4654
  0
LINE
  8
0
 10
54.059
 20
15.4654
 11
53.055
 21
15.4654
  0
LINE
  8
0
 10
53.055
 20
15.4654
 11
53.9659
 21
16.6823
  0
LINE
  8
0
 10
53.9659
 20
16.6823
 11
53.9659
 21
17.1306
  0
LINE
  8
0
 10
53.9659
 20
17.1306
 11
52.3887
 21
17.1306
  0
LINE
  8
0
 10
52.3887
 20
17.1306
 11
52.3887
 21
16.6451
  0
LINE
  8
0
 10
52.3887
 20
16.6451
 11
53.2274
 21
16.6451
  0
LINE
  8
0
 10
53.2274
 20
16.6451
 11
52.3109
 21
15.4206
  0
LINE
  8
0
 10
52.3109
 20
15.4206
 11
52.3109
 21
14.9761
  0
LINE
  8
0
 10
52.3109
 20
14.9761
 11
54.059
 21
14.9761
  0
LINE
  8
0
 10
54.059
 20
14.9761
 11
54.059
 21
15.4654
  0
LINE
  8
0
 10
93.1006
 20
17.0983
 11
91.0506
 21
17.0983
  0
LINE
  8
0
 10
91.0506
 20
17.0983
 11
91.0506
 21
16.5749
  0
LINE
  8
0
 10
91.0506
 20
16.5749
 11
93.1006
 21
16.5749
  0
LINE
  8
0
 10
93.1006
 20
16.5749
 11
93.1006
 21
17.0983
  0
LINE
  8
0
 10
57.3206
 20
17.0983
 11
55.2706
 21
17.0983
  0
LINE
  8
0
 10
55.2706
 20
17.0983
 11
55.2706
 21
16.5749
  0
LINE
  8
0
 10
55.2706
 20
16.5749
 11
57.3206
 21
16.5749
  0
LINE
  8
0
 10
57.3206
 20
16.5749
 11
57.3206
 21
17.0983
  0
LINE
  8
0
 10
75.2413
 20
17.0394
 11
74.5944
 21
17.0394
  0
LINE
  8
0
 10
74.5944
 20
17.0394
 11
74.5944
 21
16.404
  0
LINE
  8
0
 10
74.5944
 20
16.404
 11
75.2413
 21
16.404
  0
LINE
  8
0
 10
75.2413
 20
16.404
 11
75.2413
 21
17.0394
  0
LINE
  8
0
 10
57.3206
 20
16.0483
 11
55.2706
 21
16.0483
  0
LINE
  8
0
 10
55.2706
 20
16.0483
 11
55.2706
 21
15.5287
  0
LINE
  8
0
 10
55.2706
 20
15.5287
 11
57.3206
 21
15.5287
  0
LINE
  8
0
 10
57.3206
 20
15.5287
 11
57.3206
 21
16.0483
  0
LINE
  8
0
 10
93.1006
 20
16.0483
 11
91.0506
 21
16.0483
  0
LINE
  8
0
 10
91.0506
 20
16.0483
 11
91.0506
 21
15.5287
  0
LINE
  8
0
 10
91.0506
 20
15.5287
 11
93.1006
 21
15.5287
  0
LINE
  8
0
 10
93.1006
 20
15.5287
 11
93.1006
 21
16.0483
  0
LINE
  8
0
 10
99.2991
 20
15.6553
 11
98.6503
 21
15.6553
  0
LINE
  8
0
 10
98.6503
 20
15.6553
 11
98.6503
 21
14.9761
  0
LINE
  8
0
 10
98.6503
 20
14.9761
 11
99.2991
 21
14.9761
  0
LINE
  8
0
 10
99.2991
 20
14.9761
 11
99.2991
 21
15.6553
  0
LINE
  8
0
 10
61.4069
 20
15.6553
 11
60.7582
 21
15.6553
  0
LINE
  8
0
 10
60.7582
 20
15.6553
 11
60.7582
 21
14.9761
  0
LINE
  8
0
 10
60.7582
 20
14.9761
 11
61.4069
 21
14.9761
  0
LINE
  8
0
 10
61.4069
 20
14.9761
 11
61.4069
 21
15.6553
  0
LINE
  8
0
 10
75.1247
 20
14.5586
 11
75.1911
 21
14.7353
  0
LINE
  8
0
 10
75.1911
 20
14.7353
 11
75.2289
 21
14.9307
  0
LINE
  8
0
 10
75.2289
 20
14.9307
 11
75.2413
 21
15.1501
  0
LINE
  8
0
 10
75.2413
 20
15.1501
 11
75.2413
 21
15.6097
  0
LINE
  8
0
 10
75.2413
 20
15.6097
 11
74.5944
 21
15.6097
  0
LINE
  8
0
 10
74.5944
 20
15.6097
 11
74.5944
 21
14.9761
  0
LINE
  8
0
 10
74.5944
 20
14.9761
 11
74.8332
 21
14.9761
  0
LINE
  8
0
 10
74.8332
 20
14.9761
 11
74.8239
 21
14.8966
  0
LINE
  8
0
 10
74.8239
 20
14.8966
 11
74.7775
 21
14.7539
  0
LINE
  8
0
 10
74.7775
 20
14.7539
 11
74.7013
 21
14.6045
  0
LINE
  8
0
 10
74.7013
 20
14.6045
 11
74.5411
 21
14.3742
  0
LINE
  8
0
 10
74.5411
 20
14.3742
 11
75.0146
 21
14.3742
  0
LINE
  8
0
 10
75.0146
 20
14.3742
 11
75.1247
 21
14.5586
  0
LINE
  8
0
 10
46.7813
 20
9.56697
 11
47.1279
 21
9.56697
  0
LINE
  8
0
 10
47.1279
 20
9.56697
 11
47.1279
 21
9.9762
  0
LINE
  8
0
 10
47.1279
 20
9.9762
 11
46.7813
 21
9.9762
  0
LINE
  8
0
 10
46.7813
 20
9.9762
 11
46.7813
 21
10.0616
  0
LINE
  8
0
 10
46.7813
 20
10.0616
 11
46.7917
 21
10.1482
  0
LINE
  8
0
 10
46.7917
 20
10.1482
 11
46.8157
 21
10.1908
  0
LINE
  8
0
 10
46.8157
 20
10.1908
 11
46.8597
 21
10.2143
  0
LINE
  8
0
 10
46.8597
 20
10.2143
 11
46.946
 21
10.2243
  0
LINE
  8
0
 10
46.946
 20
10.2243
 11
47.0058
 21
10.2211
  0
LINE
  8
0
 10
47.0058
 20
10.2211
 11
47.1279
 21
10.2009
  0
LINE
  8
0
 10
47.1279
 20
10.2009
 11
47.1279
 21
10.5984
  0
LINE
  8
0
 10
47.1279
 20
10.5984
 11
46.9293
 21
10.6238
  0
LINE
  8
0
 10
46.9293
 20
10.6238
 11
46.7862
 21
10.6306
  0
LINE
  8
0
 10
46.7862
 20
10.6306
 11
46.5468
 21
10.6
  0
LINE
  8
0
 10
46.5468
 20
10.6
 11
46.3675
 21
10.5028
  0
LINE
  8
0
 10
46.3675
 20
10.5028
 11
46.2595
 21
10.3366
  0
LINE
  8
0
 10
46.2595
 20
10.3366
 11
46.2256
 21
10.1139
  0
LINE
  8
0
 10
46.2256
 20
10.1139
 11
46.2256
 21
9.9762
  0
LINE
  8
0
 10
46.2256
 20
9.9762
 11
45.9684
 21
9.9762
  0
LINE
  8
0
 10
45.9684
 20
9.9762
 11
45.9684
 21
9.56697
  0
LINE
  8
0
 10
45.9684
 20
9.56697
 11
46.2256
 21
9.56697
  0
LINE
  8
0
 10
46.2256
 20
9.56697
 11
46.2256
 21
8.11525
  0
LINE
  8
0
 10
46.2256
 20
8.11525
 11
46.7813
 21
8.11525
  0
LINE
  8
0
 10
46.7813
 20
8.11525
 11
46.7813
 21
9.56697
  0
LINE
  8
0
 10
98.4982
 20
8.16727
 11
98.6483
 21
8.33443
  0
LINE
  8
0
 10
98.6483
 20
8.33443
 11
98.6521
 21
8.28368
  0
LINE
  8
0
 10
98.6521
 20
8.28368
 11
98.6607
 21
8.20149
  0
LINE
  8
0
 10
98.6607
 20
8.20149
 11
98.675
 21
8.11525
  0
LINE
  8
0
 10
98.675
 20
8.11525
 11
99.2125
 21
8.11525
  0
LINE
  8
0
 10
99.2125
 20
8.11525
 11
99.2003
 21
8.37367
  0
LINE
  8
0
 10
99.2003
 20
8.37367
 11
99.1971
 21
8.54935
  0
LINE
  8
0
 10
99.1971
 20
8.54935
 11
99.1971
 21
10.6305
  0
LINE
  8
0
 10
99.1971
 20
10.6305
 11
98.6397
 21
10.6305
  0
LINE
  8
0
 10
98.6397
 20
10.6305
 11
98.6397
 21
9.93732
  0
LINE
  8
0
 10
98.6397
 20
9.93732
 11
98.6411
 21
9.8131
  0
LINE
  8
0
 10
98.6411
 20
9.8131
 11
98.6383
 21
9.81734
  0
LINE
  8
0
 10
98.6383
 20
9.81734
 11
98.5061
 21
9.92432
  0
LINE
  8
0
 10
98.5061
 20
9.92432
 11
98.344
 21
9.98816
  0
LINE
  8
0
 10
98.344
 20
9.98816
 11
98.1552
 21
10.0093
  0
LINE
  8
0
 10
98.1552
 20
10.0093
 11
97.848
 21
9.94553
  0
LINE
  8
0
 10
97.848
 20
9.94553
 11
97.6163
 21
9.75139
  0
LINE
  8
0
 10
97.6163
 20
9.75139
 11
97.4759
 21
9.44565
  0
LINE
  8
0
 10
97.4759
 20
9.44565
 11
97.4302
 21
9.0442
  0
LINE
  8
0
 10
97.4302
 20
9.0442
 11
97.4735
 21
8.64761
  0
LINE
  8
0
 10
97.4735
 20
8.64761
 11
97.6067
 21
8.34268
  0
LINE
  8
0
 10
97.6067
 20
8.34268
 11
97.8273
 21
8.14668
  0
LINE
  8
0
 10
97.8273
 20
8.14668
 11
98.1236
 21
8.08148
  0
LINE
  8
0
 10
98.1236
 20
8.08148
 11
98.4982
 21
8.16727
  0
LINE
  8
0
 10
98.0917
 20
8.62741
 11
98.0078
 21
9.04698
  0
LINE
  8
0
 10
98.0078
 20
9.04698
 11
98.029
 21
9.30014
  0
LINE
  8
0
 10
98.029
 20
9.30014
 11
98.0901
 21
9.47142
  0
LINE
  8
0
 10
98.0901
 20
9.47142
 11
98.185
 21
9.56516
  0
LINE
  8
0
 10
98.185
 20
9.56516
 11
98.3202
 21
9.59654
  0
LINE
  8
0
 10
98.3202
 20
9.59654
 11
98.4582
 21
9.56398
  0
LINE
  8
0
 10
98.4582
 20
9.56398
 11
98.5582
 21
9.466
  0
LINE
  8
0
 10
98.5582
 20
9.466
 11
98.6233
 21
9.29605
  0
LINE
  8
0
 10
98.6233
 20
9.29605
 11
98.646
 21
9.05554
  0
LINE
  8
0
 10
98.646
 20
9.05554
 11
98.6223
 21
8.80774
  0
LINE
  8
0
 10
98.6223
 20
8.80774
 11
98.5541
 21
8.63181
  0
LINE
  8
0
 10
98.5541
 20
8.63181
 11
98.4519
 21
8.53008
  0
LINE
  8
0
 10
98.4519
 20
8.53008
 11
98.3241
 21
8.49844
  0
LINE
  8
0
 10
98.3241
 20
8.49844
 11
98.0917
 21
8.62741
  0
LINE
  8
0
 10
42.7927
 20
8.14682
 11
43.0235
 21
8.3436
  0
LINE
  8
0
 10
43.0235
 20
8.3436
 11
43.1626
 21
8.65128
  0
LINE
  8
0
 10
43.1626
 20
8.65128
 11
43.2079
 21
9.05212
  0
LINE
  8
0
 10
43.2079
 20
9.05212
 11
43.1647
 21
9.44914
  0
LINE
  8
0
 10
43.1647
 20
9.44914
 11
43.032
 21
9.75221
  0
LINE
  8
0
 10
43.032
 20
9.75221
 11
42.8107
 21
9.94571
  0
LINE
  8
0
 10
42.8107
 20
9.94571
 11
42.5107
 21
10.01
  0
LINE
  8
0
 10
42.5107
 20
10.01
 11
42.1389
 21
9.91885
  0
LINE
  8
0
 10
42.1389
 20
9.91885
 11
41.9948
 21
9.75105
  0
LINE
  8
0
 10
41.9948
 20
9.75105
 11
41.9983
 21
9.9061
  0
LINE
  8
0
 10
41.9983
 20
9.9061
 11
41.9983
 21
10.6305
  0
LINE
  8
0
 10
41.9983
 20
10.6305
 11
41.441
 21
10.6305
  0
LINE
  8
0
 10
41.441
 20
10.6305
 11
41.441
 21
8.56726
  0
LINE
  8
0
 10
41.441
 20
8.56726
 11
41.4378
 21
8.34343
  0
LINE
  8
0
 10
41.4378
 20
8.34343
 11
41.4251
 21
8.11525
  0
LINE
  8
0
 10
41.4251
 20
8.11525
 11
41.9643
 21
8.11525
  0
LINE
  8
0
 10
41.9643
 20
8.11525
 11
41.9798
 21
8.20422
  0
LINE
  8
0
 10
41.9798
 20
8.20422
 11
41.9876
 21
8.28835
  0
LINE
  8
0
 10
41.9876
 20
8.28835
 11
41.9881
 21
8.29726
  0
LINE
  8
0
 10
41.9881
 20
8.29726
 11
41.9998
 21
8.27951
  0
LINE
  8
0
 10
41.9998
 20
8.27951
 11
42.1324
 21
8.17065
  0
LINE
  8
0
 10
42.1324
 20
8.17065
 11
42.295
 21
8.10419
  0
LINE
  8
0
 10
42.295
 20
8.10419
 11
42.4844
 21
8.08211
  0
LINE
  8
0
 10
42.4844
 20
8.08211
 11
42.7927
 21
8.14682
  0
LINE
  8
0
 10
42.1801
 20
8.52962
 11
42.0799
 21
8.62929
  0
LINE
  8
0
 10
42.0799
 20
8.62929
 11
42.0147
 21
8.80013
  0
LINE
  8
0
 10
42.0147
 20
8.80013
 11
41.992
 21
9.0376
  0
LINE
  8
0
 10
41.992
 20
9.0376
 11
42.0152
 21
9.28473
  0
LINE
  8
0
 10
42.0152
 20
9.28473
 11
42.0814
 21
9.45787
  0
LINE
  8
0
 10
42.0814
 20
9.45787
 11
42.1827
 21
9.5571
  0
LINE
  8
0
 10
42.1827
 20
9.5571
 11
42.3213
 21
9.59006
  0
LINE
  8
0
 10
42.3213
 20
9.59006
 11
42.4562
 21
9.55951
  0
LINE
  8
0
 10
42.4562
 20
9.55951
 11
42.5497
 21
9.46872
  0
LINE
  8
0
 10
42.5497
 20
9.46872
 11
42.6095
 21
9.30228
  0
LINE
  8
0
 10
42.6095
 20
9.30228
 11
42.6303
 21
9.05511
  0
LINE
  8
0
 10
42.6303
 20
9.05511
 11
42.5454
 21
8.62938
  0
LINE
  8
0
 10
42.5454
 20
8.62938
 11
42.3105
 21
8.49837
  0
LINE
  8
0
 10
42.3105
 20
8.49837
 11
42.1801
 21
8.52962
  0
LINE
  8
0
 10
51.8191
 20
8.16727
 11
51.9692
 21
8.33444
  0
LINE
  8
0
 10
51.9692
 20
8.33444
 11
51.973
 21
8.28368
  0
LINE
  8
0
 10
51.973
 20
8.28368
 11
51.9816
 21
8.20148
  0
LINE
  8
0
 10
51.9816
 20
8.20148
 11
51.9959
 21
8.11525
  0
LINE
  8
0
 10
51.9959
 20
8.11525
 11
52.5334
 21
8.11525
  0
LINE
  8
0
 10
52.5334
 20
8.11525
 11
52.5212
 21
8.37367
  0
LINE
  8
0
 10
52.5212
 20
8.37367
 11
52.5179
 21
8.54935
  0
LINE
  8
0
 10
52.5179
 20
8.54935
 11
52.5179
 21
10.6305
  0
LINE
  8
0
 10
52.5179
 20
10.6305
 11
51.9606
 21
10.6305
  0
LINE
  8
0
 10
51.9606
 20
10.6305
 11
51.9606
 21
9.93732
  0
LINE
  8
0
 10
51.9606
 20
9.93732
 11
51.962
 21
9.81311
  0
LINE
  8
0
 10
51.962
 20
9.81311
 11
51.9592
 21
9.81734
  0
LINE
  8
0
 10
51.9592
 20
9.81734
 11
51.8269
 21
9.92432
  0
LINE
  8
0
 10
51.8269
 20
9.92432
 11
51.6649
 21
9.98816
  0
LINE
  8
0
 10
51.6649
 20
9.98816
 11
51.476
 21
10.0093
  0
LINE
  8
0
 10
51.476
 20
10.0093
 11
51.1689
 21
9.94553
  0
LINE
  8
0
 10
51.1689
 20
9.94553
 11
50.9372
 21
9.75139
  0
LINE
  8
0
 10
50.9372
 20
9.75139
 11
50.7968
 21
9.44565
  0
LINE
  8
0
 10
50.7968
 20
9.44565
 11
50.7511
 21
9.0442
  0
LINE
  8
0
 10
50.7511
 20
9.0442
 11
50.7944
 21
8.64761
  0
LINE
  8
0
 10
50.7944
 20
8.64761
 11
50.9276
 21
8.34268
  0
LINE
  8
0
 10
50.9276
 20
8.34268
 11
51.1482
 21
8.14668
  0
LINE
  8
0
 10
51.1482
 20
8.14668
 11
51.4444
 21
8.08148
  0
LINE
  8
0
 10
51.4444
 20
8.08148
 11
51.8191
 21
8.16727
  0
LINE
  8
0
 10
51.4126
 20
8.62741
 11
51.3286
 21
9.04698
  0
LINE
  8
0
 10
51.3286
 20
9.04698
 11
51.3499
 21
9.30014
  0
LINE
  8
0
 10
51.3499
 20
9.30014
 11
51.411
 21
9.47141
  0
LINE
  8
0
 10
51.411
 20
9.47141
 11
51.5059
 21
9.56516
  0
LINE
  8
0
 10
51.5059
 20
9.56516
 11
51.6411
 21
9.59654
  0
LINE
  8
0
 10
51.6411
 20
9.59654
 11
51.7791
 21
9.56398
  0
LINE
  8
0
 10
51.7791
 20
9.56398
 11
51.8791
 21
9.466
  0
LINE
  8
0
 10
51.8791
 20
9.466
 11
51.9442
 21
9.29605
  0
LINE
  8
0
 10
51.9442
 20
9.29605
 11
51.9669
 21
9.05554
  0
LINE
  8
0
 10
51.9669
 20
9.05554
 11
51.9432
 21
8.80774
  0
LINE
  8
0
 10
51.9432
 20
8.80774
 11
51.875
 21
8.63181
  0
LINE
  8
0
 10
51.875
 20
8.63181
 11
51.7728
 21
8.53008
  0
LINE
  8
0
 10
51.7728
 20
8.53008
 11
51.645
 21
8.49844
  0
LINE
  8
0
 10
51.645
 20
8.49844
 11
51.4126
 21
8.62741
  0
LINE
  8
0
 10
67.9171
 20
8.16727
 11
68.0673
 21
8.33444
  0
LINE
  8
0
 10
68.0673
 20
8.33444
 11
68.071
 21
8.28368
  0
LINE
  8
0
 10
68.071
 20
8.28368
 11
68.0796
 21
8.20148
  0
LINE
  8
0
 10
68.0796
 20
8.20148
 11
68.0939
 21
8.11525
  0
LINE
  8
0
 10
68.0939
 20
8.11525
 11
68.6314
 21
8.11525
  0
LINE
  8
0
 10
68.6314
 20
8.11525
 11
68.6192
 21
8.37367
  0
LINE
  8
0
 10
68.6192
 20
8.37367
 11
68.616
 21
8.54935
  0
LINE
  8
0
 10
68.616
 20
8.54935
 11
68.616
 21
10.6305
  0
LINE
  8
0
 10
68.616
 20
10.6305
 11
68.0586
 21
10.6305
  0
LINE
  8
0
 10
68.0586
 20
10.6305
 11
68.0586
 21
9.93732
  0
LINE
  8
0
 10
68.0586
 20
9.93732
 11
68.06
 21
9.81311
  0
LINE
  8
0
 10
68.06
 20
9.81311
 11
68.0573
 21
9.81734
  0
LINE
  8
0
 10
68.0573
 20
9.81734
 11
67.925
 21
9.92432
  0
LINE
  8
0
 10
67.925
 20
9.92432
 11
67.7629
 21
9.98816
  0
LINE
  8
0
 10
67.7629
 20
9.98816
 11
67.5741
 21
10.0093
  0
LINE
  8
0
 10
67.5741
 20
10.0093
 11
67.2669
 21
9.94553
  0
LINE
  8
0
 10
67.2669
 20
9.94553
 11
67.0352
 21
9.75139
  0
LINE
  8
0
 10
67.0352
 20
9.75139
 11
66.8948
 21
9.44565
  0
LINE
  8
0
 10
66.8948
 20
9.44565
 11
66.8491
 21
9.0442
  0
LINE
  8
0
 10
66.8491
 20
9.0442
 11
66.8924
 21
8.64761
  0
LINE
  8
0
 10
66.8924
 20
8.64761
 11
67.0256
 21
8.34268
  0
LINE
  8
0
 10
67.0256
 20
8.34268
 11
67.2462
 21
8.14668
  0
LINE
  8
0
 10
67.2462
 20
8.14668
 11
67.5425
 21
8.08148
  0
LINE
  8
0
 10
67.5425
 20
8.08148
 11
67.9171
 21
8.16727
  0
LINE
  8
0
 10
67.5107
 20
8.62741
 11
67.4267
 21
9.04698
  0
LINE
  8
0
 10
67.4267
 20
9.04698
 11
67.4479
 21
9.30014
  0
LINE
  8
0
 10
67.4479
 20
9.30014
 11
67.509
 21
9.47141
  0
LINE
  8
0
 10
67.509
 20
9.47141
 11
67.604
 21
9.56516
  0
LINE
  8
0
 10
67.604
 20
9.56516
 11
67.7391
 21
9.59654
  0
LINE
  8
0
 10
67.7391
 20
9.59654
 11
67.8771
 21
9.56398
  0
LINE
  8
0
 10
67.8771
 20
9.56398
 11
67.9772
 21
9.466
  0
LINE
  8
0
 10
67.9772
 20
9.466
 11
68.0422
 21
9.29605
  0
LINE
  8
0
 10
68.0422
 20
9.29605
 11
68.0649
 21
9.05554
  0
LINE
  8
0
 10
68.0649
 20
9.05554
 11
68.0412
 21
8.80774
  0
LINE
  8
0
 10
68.0412
 20
8.80774
 11
67.9731
 21
8.63181
  0
LINE
  8
0
 10
67.9731
 20
8.63181
 11
67.8708
 21
8.53008
  0
LINE
  8
0
 10
67.8708
 20
8.53008
 11
67.743
 21
8.49844
  0
LINE
  8
0
 10
67.743
 20
8.49844
 11
67.5107
 21
8.62741
  0
LINE
  8
0
 10
59.0008
 20
10.6305
 11
58.4434
 21
10.6305
  0
LINE
  8
0
 10
58.4434
 20
10.6305
 11
58.4434
 21
8.11525
  0
LINE
  8
0
 10
58.4434
 20
8.11525
 11
59.0008
 21
8.11525
  0
LINE
  8
0
 10
59.0008
 20
8.11525
 11
59.0008
 21
10.6305
  0
LINE
  8
0
 10
121.404
 20
7.82106
 11
121.556
 21
8.19598
  0
LINE
  8
0
 10
121.556
 20
8.19598
 11
121.642
 21
8.59157
  0
LINE
  8
0
 10
121.642
 20
8.59157
 11
121.671
 21
9.02945
  0
LINE
  8
0
 10
121.671
 20
9.02945
 11
121.642
 21
9.46492
  0
LINE
  8
0
 10
121.642
 20
9.46492
 11
121.556
 21
9.85968
  0
LINE
  8
0
 10
121.556
 20
9.85968
 11
121.404
 21
10.2342
  0
LINE
  8
0
 10
121.404
 20
10.2342
 11
121.166
 21
10.6305
  0
LINE
  8
0
 10
121.166
 20
10.6305
 11
120.592
 21
10.6305
  0
LINE
  8
0
 10
120.592
 20
10.6305
 11
120.856
 21
10.1899
  0
LINE
  8
0
 10
120.856
 20
10.1899
 11
121.005
 21
9.82883
  0
LINE
  8
0
 10
121.005
 20
9.82883
 11
121.091
 21
9.44836
  0
LINE
  8
0
 10
121.091
 20
9.44836
 11
121.12
 21
9.02777
  0
LINE
  8
0
 10
121.12
 20
9.02777
 11
121.092
 21
8.60971
  0
LINE
  8
0
 10
121.092
 20
8.60971
 11
121.008
 21
8.23318
  0
LINE
  8
0
 10
121.008
 20
8.23318
 11
120.859
 21
7.87251
  0
LINE
  8
0
 10
120.859
 20
7.87251
 11
120.592
 21
7.42357
  0
LINE
  8
0
 10
120.592
 20
7.42357
 11
121.166
 21
7.42357
  0
LINE
  8
0
 10
121.166
 20
7.42357
 11
121.404
 21
7.82106
  0
LINE
  8
0
 10
70.758
 20
10.6305
 11
70.2006
 21
10.6305
  0
LINE
  8
0
 10
70.2006
 20
10.6305
 11
70.2006
 21
10.1936
  0
LINE
  8
0
 10
70.2006
 20
10.1936
 11
70.758
 21
10.1936
  0
LINE
  8
0
 10
70.758
 20
10.1936
 11
70.758
 21
10.6305
  0
LINE
  8
0
 10
50.5003
 20
10.6305
 11
49.943
 21
10.6305
  0
LINE
  8
0
 10
49.943
 20
10.6305
 11
49.943
 21
8.11525
  0
LINE
  8
0
 10
49.943
 20
8.11525
 11
50.5003
 21
8.11525
  0
LINE
  8
0
 10
50.5003
 20
8.11525
 11
50.5003
 21
10.6305
  0
LINE
  8
0
 10
47.7855
 20
10.6305
 11
47.2282
 21
10.6305
  0
LINE
  8
0
 10
47.2282
 20
10.6305
 11
47.2282
 21
10.1936
  0
LINE
  8
0
 10
47.2282
 20
10.1936
 11
47.7855
 21
10.1936
  0
LINE
  8
0
 10
47.7855
 20
10.1936
 11
47.7855
 21
10.6305
  0
LINE
  8
0
 10
89.2503
 20
10.6305
 11
88.7614
 21
10.6305
  0
LINE
  8
0
 10
88.7614
 20
10.6305
 11
88.2687
 21
8.04854
  0
LINE
  8
0
 10
88.2687
 20
8.04854
 11
88.7661
 21
8.04854
  0
LINE
  8
0
 10
88.7661
 20
8.04854
 11
89.2503
 21
10.6305
  0
LINE
  8
0
 10
101.165
 20
7.87172
 11
101.017
 21
8.2332
  0
LINE
  8
0
 10
101.017
 20
8.2332
 11
100.932
 21
8.61052
  0
LINE
  8
0
 10
100.932
 20
8.61052
 11
100.904
 21
9.02782
  0
LINE
  8
0
 10
100.904
 20
9.02782
 11
100.932
 21
9.44695
  0
LINE
  8
0
 10
100.932
 20
9.44695
 11
101.018
 21
9.82645
  0
LINE
  8
0
 10
101.018
 20
9.82645
 11
101.166
 21
10.1878
  0
LINE
  8
0
 10
101.166
 20
10.1878
 11
101.432
 21
10.6305
  0
LINE
  8
0
 10
101.432
 20
10.6305
 11
100.858
 21
10.6305
  0
LINE
  8
0
 10
100.858
 20
10.6305
 11
100.621
 21
10.237
  0
LINE
  8
0
 10
100.621
 20
10.237
 11
100.469
 21
9.86383
  0
LINE
  8
0
 10
100.469
 20
9.86383
 11
100.381
 21
9.4684
  0
LINE
  8
0
 10
100.381
 20
9.4684
 11
100.352
 21
9.02943
  0
LINE
  8
0
 10
100.352
 20
9.02943
 11
100.381
 21
8.58908
  0
LINE
  8
0
 10
100.381
 20
8.58908
 11
100.469
 21
8.19266
  0
LINE
  8
0
 10
100.469
 20
8.19266
 11
100.621
 21
7.81856
  0
LINE
  8
0
 10
100.621
 20
7.81856
 11
100.858
 21
7.42357
  0
LINE
  8
0
 10
100.858
 20
7.42357
 11
101.431
 21
7.42357
  0
LINE
  8
0
 10
101.431
 20
7.42357
 11
101.165
 21
7.87172
  0
LINE
  8
0
 10
29.7868
 20
8.12834
 11
30.1125
 21
8.26961
  0
LINE
  8
0
 10
30.1125
 20
8.26961
 11
30.3158
 21
8.50595
  0
LINE
  8
0
 10
30.3158
 20
8.50595
 11
30.3824
 21
8.82285
  0
LINE
  8
0
 10
30.3824
 20
8.82285
 11
30.3704
 21
8.96971
  0
LINE
  8
0
 10
30.3704
 20
8.96971
 11
30.3347
 21
9.09763
  0
LINE
  8
0
 10
30.3347
 20
9.09763
 11
30.276
 21
9.2093
  0
LINE
  8
0
 10
30.276
 20
9.2093
 11
30.1956
 21
9.30438
  0
LINE
  8
0
 10
30.1956
 20
9.30438
 11
30.0898
 21
9.38452
  0
LINE
  8
0
 10
30.0898
 20
9.38452
 11
29.9548
 21
9.45255
  0
LINE
  8
0
 10
29.9548
 20
9.45255
 11
29.7598
 21
9.51642
  0
LINE
  8
0
 10
29.7598
 20
9.51642
 11
29.4744
 21
9.58424
  0
LINE
  8
0
 10
29.4744
 20
9.58424
 11
29.2449
 21
9.6389
  0
LINE
  8
0
 10
29.2449
 20
9.6389
 11
29.1134
 21
9.68175
  0
LINE
  8
0
 10
29.1134
 20
9.68175
 11
29.0428
 21
9.72075
  0
LINE
  8
0
 10
29.0428
 20
9.72075
 11
28.996
 21
9.76361
  0
LINE
  8
0
 10
28.996
 20
9.76361
 11
28.9694
 21
9.8134
  0
LINE
  8
0
 10
28.9694
 20
9.8134
 11
28.9613
 21
9.86992
  0
LINE
  8
0
 10
28.9613
 20
9.86992
 11
29.0517
 21
10.0399
  0
LINE
  8
0
 10
29.0517
 20
10.0399
 11
29.3484
 21
10.1019
  0
LINE
  8
0
 10
29.3484
 20
10.1019
 11
29.5144
 21
10.0847
  0
LINE
  8
0
 10
29.5144
 20
10.0847
 11
29.6319
 21
10.0354
  0
LINE
  8
0
 10
29.6319
 20
10.0354
 11
29.7095
 21
9.95622
  0
LINE
  8
0
 10
29.7095
 20
9.95622
 11
29.775
 21
9.79985
  0
LINE
  8
0
 10
29.775
 20
9.79985
 11
30.3407
 21
9.877
  0
LINE
  8
0
 10
30.3407
 20
9.877
 11
30.2148
 21
10.2098
  0
LINE
  8
0
 10
30.2148
 20
10.2098
 11
30.0236
 21
10.4021
  0
LINE
  8
0
 10
30.0236
 20
10.4021
 11
29.7399
 21
10.5084
  0
LINE
  8
0
 10
29.7399
 20
10.5084
 11
29.355
 21
10.5428
  0
LINE
  8
0
 10
29.355
 20
10.5428
 11
28.9498
 21
10.5002
  0
LINE
  8
0
 10
28.9498
 20
10.5002
 11
28.6457
 21
10.3688
  0
LINE
  8
0
 10
28.6457
 20
10.3688
 11
28.4546
 21
10.1488
  0
LINE
  8
0
 10
28.4546
 20
10.1488
 11
28.3921
 21
9.85489
  0
LINE
  8
0
 10
28.3921
 20
9.85489
 11
28.4008
 21
9.7287
  0
LINE
  8
0
 10
28.4008
 20
9.7287
 11
28.4265
 21
9.61916
  0
LINE
  8
0
 10
28.4265
 20
9.61916
 11
28.4681
 21
9.52264
  0
LINE
  8
0
 10
28.4681
 20
9.52264
 11
28.5238
 21
9.43896
  0
LINE
  8
0
 10
28.5238
 20
9.43896
 11
28.593
 21
9.36769
  0
LINE
  8
0
 10
28.593
 20
9.36769
 11
28.6745
 21
9.30843
  0
LINE
  8
0
 10
28.6745
 20
9.30843
 11
28.766
 21
9.25926
  0
LINE
  8
0
 10
28.766
 20
9.25926
 11
28.8666
 21
9.2175
  0
LINE
  8
0
 10
28.8666
 20
9.2175
 11
29.0101
 21
9.17389
  0
LINE
  8
0
 10
29.0101
 20
9.17389
 11
29.23
 21
9.11914
  0
LINE
  8
0
 10
29.23
 20
9.11914
 11
29.4784
 21
9.06364
  0
LINE
  8
0
 10
29.4784
 20
9.06364
 11
29.6255
 21
9.01871
  0
LINE
  8
0
 10
29.6255
 20
9.01871
 11
29.7097
 21
8.97568
  0
LINE
  8
0
 10
29.7097
 20
8.97568
 11
29.7686
 21
8.92648
  0
LINE
  8
0
 10
29.7686
 20
8.92648
 11
29.8026
 21
8.86998
  0
LINE
  8
0
 10
29.8026
 20
8.86998
 11
29.8128
 21
8.80731
  0
LINE
  8
0
 10
29.8128
 20
8.80731
 11
29.7064
 21
8.61325
  0
LINE
  8
0
 10
29.7064
 20
8.61325
 11
29.3593
 21
8.54285
  0
LINE
  8
0
 10
29.3593
 20
8.54285
 11
29.1573
 21
8.56206
  0
LINE
  8
0
 10
29.1573
 20
8.56206
 11
29.0097
 21
8.61781
  0
LINE
  8
0
 10
29.0097
 20
8.61781
 11
28.91
 21
8.71129
  0
LINE
  8
0
 10
28.91
 20
8.71129
 11
28.8289
 21
8.89467
  0
LINE
  8
0
 10
28.8289
 20
8.89467
 11
28.2644
 21
8.80157
  0
LINE
  8
0
 10
28.2644
 20
8.80157
 11
28.4093
 21
8.4565
  0
LINE
  8
0
 10
28.4093
 20
8.4565
 11
28.6298
 21
8.246
  0
LINE
  8
0
 10
28.6298
 20
8.246
 11
28.9436
 21
8.1227
  0
LINE
  8
0
 10
28.9436
 20
8.1227
 11
29.3491
 21
8.08246
  0
LINE
  8
0
 10
29.3491
 20
8.08246
 11
29.7868
 21
8.12834
  0
LINE
  8
0
 10
77.9317
 20
8.58234
 11
78.2377
 21
8.58234
  0
LINE
  8
0
 10
78.2377
 20
8.58234
 11
78.2377
 21
9.02251
  0
LINE
  8
0
 10
78.2377
 20
9.02251
 11
77.9317
 21
9.02251
  0
LINE
  8
0
 10
77.9317
 20
9.02251
 11
77.9317
 21
10.5084
  0
LINE
  8
0
 10
77.9317
 20
10.5084
 11
77.3436
 21
10.5084
  0
LINE
  8
0
 10
77.3436
 20
10.5084
 11
76.3523
 21
8.99065
  0
LINE
  8
0
 10
76.3523
 20
8.99065
 11
76.3523
 21
8.58234
  0
LINE
  8
0
 10
76.3523
 20
8.58234
 11
77.3955
 21
8.58234
  0
LINE
  8
0
 10
77.3955
 20
8.58234
 11
77.3955
 21
8.11525
  0
LINE
  8
0
 10
77.3955
 20
8.11525
 11
77.9317
 21
8.11525
  0
LINE
  8
0
 10
77.9317
 20
8.11525
 11
77.9317
 21
8.58234
  0
LINE
  8
0
 10
76.8678
 20
9.02251
 11
77.3494
 21
9.75452
  0
LINE
  8
0
 10
77.3494
 20
9.75452
 11
77.3977
 21
9.83311
  0
LINE
  8
0
 10
77.3977
 20
9.83311
 11
77.397
 21
9.81577
  0
LINE
  8
0
 10
77.397
 20
9.81577
 11
77.3955
 21
9.72316
  0
LINE
  8
0
 10
77.3955
 20
9.72316
 11
77.3955
 21
9.02251
  0
LINE
  8
0
 10
77.3955
 20
9.02251
 11
76.8678
 21
9.02251
  0
LINE
  8
0
 10
31.1633
 20
10.5084
 11
30.5831
 21
10.5084
  0
LINE
  8
0
 10
30.5831
 20
10.5084
 11
30.5831
 21
8.11525
  0
LINE
  8
0
 10
30.5831
 20
8.11525
 11
31.1633
 21
8.11525
  0
LINE
  8
0
 10
31.1633
 20
8.11525
 11
31.1633
 21
10.5084
  0
LINE
  8
0
 10
32.014
 20
9.55579
 11
32.0118
 21
9.63629
  0
LINE
  8
0
 10
32.0118
 20
9.63629
 11
32.0707
 21
9.42992
  0
LINE
  8
0
 10
32.0707
 20
9.42992
 11
32.4956
 21
8.11525
  0
LINE
  8
0
 10
32.4956
 20
8.11525
 11
32.9101
 21
8.11525
  0
LINE
  8
0
 10
32.9101
 20
8.11525
 11
33.3349
 21
9.42972
  0
LINE
  8
0
 10
33.3349
 20
9.42972
 11
33.3922
 21
9.62418
  0
LINE
  8
0
 10
33.3922
 20
9.62418
 11
33.3919
 21
9.60275
  0
LINE
  8
0
 10
33.3919
 20
9.60275
 11
33.3917
 21
9.55524
  0
LINE
  8
0
 10
33.3917
 20
9.55524
 11
33.3917
 21
8.11525
  0
LINE
  8
0
 10
33.3917
 20
8.11525
 11
33.9182
 21
8.11525
  0
LINE
  8
0
 10
33.9182
 20
8.11525
 11
33.9182
 21
10.5084
  0
LINE
  8
0
 10
33.9182
 20
10.5084
 11
33.1918
 21
10.5084
  0
LINE
  8
0
 10
33.1918
 20
10.5084
 11
32.759
 21
9.12665
  0
LINE
  8
0
 10
32.759
 20
9.12665
 11
32.7067
 21
8.93892
  0
LINE
  8
0
 10
32.7067
 20
8.93892
 11
32.6746
 21
9.06534
  0
LINE
  8
0
 10
32.6746
 20
9.06534
 11
32.6384
 21
9.19051
  0
LINE
  8
0
 10
32.6384
 20
9.19051
 11
32.2169
 21
10.5084
  0
LINE
  8
0
 10
32.2169
 20
10.5084
 11
31.4875
 21
10.5084
  0
LINE
  8
0
 10
31.4875
 20
10.5084
 11
31.4875
 21
8.11525
  0
LINE
  8
0
 10
31.4875
 20
8.11525
 11
32.014
 21
8.11525
  0
LINE
  8
0
 10
32.014
 20
8.11525
 11
32.014
 21
9.55579
  0
LINE
  8
0
 10
109.636
 20
8.10017
 11
109.859
 21
8.15146
  0
LINE
  8
0
 10
109.859
 20
8.15146
 11
109.859
 21
8.53513
  0
LINE
  8
0
 10
109.859
 20
8.53513
 11
109.714
 21
8.50696
  0
LINE
  8
0
 10
109.714
 20
8.50696
 11
109.659
 21
8.50206
  0
LINE
  8
0
 10
109.659
 20
8.50206
 11
109.587
 21
8.51424
  0
LINE
  8
0
 10
109.587
 20
8.51424
 11
109.545
 21
8.54547
  0
LINE
  8
0
 10
109.545
 20
8.54547
 11
109.517
 21
8.60439
  0
LINE
  8
0
 10
109.517
 20
8.60439
 11
109.506
 21
8.70497
  0
LINE
  8
0
 10
109.506
 20
8.70497
 11
109.506
 21
9.56697
  0
LINE
  8
0
 10
109.506
 20
9.56697
 11
109.84
 21
9.56697
  0
LINE
  8
0
 10
109.84
 20
9.56697
 11
109.84
 21
9.9762
  0
LINE
  8
0
 10
109.84
 20
9.9762
 11
109.506
 21
9.9762
  0
LINE
  8
0
 10
109.506
 20
9.9762
 11
109.506
 21
10.3896
  0
LINE
  8
0
 10
109.506
 20
10.3896
 11
109.134
 21
10.3896
  0
LINE
  8
0
 10
109.134
 20
10.3896
 11
108.991
 21
9.9762
  0
LINE
  8
0
 10
108.991
 20
9.9762
 11
108.731
 21
9.9762
  0
LINE
  8
0
 10
108.731
 20
9.9762
 11
108.731
 21
9.56697
  0
LINE
  8
0
 10
108.731
 20
9.56697
 11
108.954
 21
9.56697
  0
LINE
  8
0
 10
108.954
 20
9.56697
 11
108.954
 21
8.57515
  0
LINE
  8
0
 10
108.954
 20
8.57515
 11
108.983
 21
8.3671
  0
LINE
  8
0
 10
108.983
 20
8.3671
 11
109.076
 21
8.20982
  0
LINE
  8
0
 10
109.076
 20
8.20982
 11
109.227
 21
8.11555
  0
LINE
  8
0
 10
109.227
 20
8.11555
 11
109.422
 21
8.08569
  0
LINE
  8
0
 10
109.422
 20
8.08569
 11
109.636
 21
8.10017
  0
LINE
  8
0
 10
60.0606
 20
8.10017
 11
60.2844
 21
8.15146
  0
LINE
  8
0
 10
60.2844
 20
8.15146
 11
60.2844
 21
8.53513
  0
LINE
  8
0
 10
60.2844
 20
8.53513
 11
60.1394
 21
8.50696
  0
LINE
  8
0
 10
60.1394
 20
8.50696
 11
60.0835
 21
8.50206
  0
LINE
  8
0
 10
60.0835
 20
8.50206
 11
60.0124
 21
8.51424
  0
LINE
  8
0
 10
60.0124
 20
8.51424
 11
59.9699
 21
8.54547
  0
LINE
  8
0
 10
59.9699
 20
8.54547
 11
59.9422
 21
8.6044
  0
LINE
  8
0
 10
59.9422
 20
8.6044
 11
59.9312
 21
8.70497
  0
LINE
  8
0
 10
59.9312
 20
8.70497
 11
59.9312
 21
9.56697
  0
LINE
  8
0
 10
59.9312
 20
9.56697
 11
60.2648
 21
9.56697
  0
LINE
  8
0
 10
60.2648
 20
9.56697
 11
60.2648
 21
9.9762
  0
LINE
  8
0
 10
60.2648
 20
9.9762
 11
59.9312
 21
9.9762
  0
LINE
  8
0
 10
59.9312
 20
9.9762
 11
59.9312
 21
10.3896
  0
LINE
  8
0
 10
59.9312
 20
10.3896
 11
59.5592
 21
10.3896
  0
LINE
  8
0
 10
59.5592
 20
10.3896
 11
59.416
 21
9.9762
  0
LINE
  8
0
 10
59.416
 20
9.9762
 11
59.1558
 21
9.9762
  0
LINE
  8
0
 10
59.1558
 20
9.9762
 11
59.1558
 21
9.56697
  0
LINE
  8
0
 10
59.1558
 20
9.56697
 11
59.3788
 21
9.56697
  0
LINE
  8
0
 10
59.3788
 20
9.56697
 11
59.3788
 21
8.57515
  0
LINE
  8
0
 10
59.3788
 20
8.57515
 11
59.4079
 21
8.3671
  0
LINE
  8
0
 10
59.4079
 20
8.3671
 11
59.501
 21
8.20982
  0
LINE
  8
0
 10
59.501
 20
8.20982
 11
59.6523
 21
8.11555
  0
LINE
  8
0
 10
59.6523
 20
8.11555
 11
59.8465
 21
8.08569
  0
LINE
  8
0
 10
59.8465
 20
8.08569
 11
60.0606
 21
8.10017
  0
LINE
  8
0
 10
103.871
 20
8.14929
 11
103.869
 21
8.28284
  0
LINE
  8
0
 10
103.869
 20
8.28284
 11
103.873
 21
8.27744
  0
LINE
  8
0
 10
103.873
 20
8.27744
 11
104.006
 21
8.16969
  0
LINE
  8
0
 10
104.006
 20
8.16969
 11
104.169
 21
8.10396
  0
LINE
  8
0
 10
104.169
 20
8.10396
 11
104.357
 21
8.08212
  0
LINE
  8
0
 10
104.357
 20
8.08212
 11
104.663
 21
8.14638
  0
LINE
  8
0
 10
104.663
 20
8.14638
 11
104.895
 21
8.34181
  0
LINE
  8
0
 10
104.895
 20
8.34181
 11
105.035
 21
8.64955
  0
LINE
  8
0
 10
105.035
 20
8.64955
 11
105.081
 21
9.05377
  0
LINE
  8
0
 10
105.081
 20
9.05377
 11
105.037
 21
9.45334
  0
LINE
  8
0
 10
105.037
 20
9.45334
 11
104.902
 21
9.75722
  0
LINE
  8
0
 10
104.902
 20
9.75722
 11
104.68
 21
9.95058
  0
LINE
  8
0
 10
104.68
 20
9.95058
 11
104.384
 21
10.0149
  0
LINE
  8
0
 10
104.384
 20
10.0149
 11
104.012
 21
9.92775
  0
LINE
  8
0
 10
104.012
 20
9.92775
 11
103.861
 21
9.75958
  0
LINE
  8
0
 10
103.861
 20
9.75958
 11
103.859
 21
9.81406
  0
LINE
  8
0
 10
103.859
 20
9.81406
 11
103.852
 21
9.88911
  0
LINE
  8
0
 10
103.852
 20
9.88911
 11
103.837
 21
9.9762
  0
LINE
  8
0
 10
103.837
 20
9.9762
 11
103.298
 21
9.9762
  0
LINE
  8
0
 10
103.298
 20
9.9762
 11
103.311
 21
9.74486
  0
LINE
  8
0
 10
103.311
 20
9.74486
 11
103.314
 21
9.52095
  0
LINE
  8
0
 10
103.314
 20
9.52095
 11
103.314
 21
7.42357
  0
LINE
  8
0
 10
103.314
 20
7.42357
 11
103.871
 21
7.42357
  0
LINE
  8
0
 10
103.871
 20
7.42357
 11
103.871
 21
8.14929
  0
LINE
  8
0
 10
104.054
 20
8.5293
 11
103.954
 21
8.62859
  0
LINE
  8
0
 10
103.954
 20
8.62859
 11
103.888
 21
8.79999
  0
LINE
  8
0
 10
103.888
 20
8.79999
 11
103.865
 21
9.04088
  0
LINE
  8
0
 10
103.865
 20
9.04088
 11
103.888
 21
9.28409
  0
LINE
  8
0
 10
103.888
 20
9.28409
 11
103.954
 21
9.45912
  0
LINE
  8
0
 10
103.954
 20
9.45912
 11
104.055
 21
9.56123
  0
LINE
  8
0
 10
104.055
 20
9.56123
 11
104.184
 21
9.59305
  0
LINE
  8
0
 10
104.184
 20
9.59305
 11
104.418
 21
9.46536
  0
LINE
  8
0
 10
104.418
 20
9.46536
 11
104.502
 21
9.05376
  0
LINE
  8
0
 10
104.502
 20
9.05376
 11
104.417
 21
8.62988
  0
LINE
  8
0
 10
104.417
 20
8.62988
 11
104.18
 21
8.49841
  0
LINE
  8
0
 10
104.18
 20
8.49841
 11
104.054
 21
8.5293
  0
LINE
  8
0
 10
117.618
 20
8.14929
 11
117.617
 21
8.28281
  0
LINE
  8
0
 10
117.617
 20
8.28281
 11
117.62
 21
8.27744
  0
LINE
  8
0
 10
117.62
 20
8.27744
 11
117.753
 21
8.16969
  0
LINE
  8
0
 10
117.753
 20
8.16969
 11
117.916
 21
8.10396
  0
LINE
  8
0
 10
117.916
 20
8.10396
 11
118.104
 21
8.08212
  0
LINE
  8
0
 10
118.104
 20
8.08212
 11
118.411
 21
8.14638
  0
LINE
  8
0
 10
118.411
 20
8.14638
 11
118.642
 21
8.34181
  0
LINE
  8
0
 10
118.642
 20
8.34181
 11
118.782
 21
8.64955
  0
LINE
  8
0
 10
118.782
 20
8.64955
 11
118.828
 21
9.05377
  0
LINE
  8
0
 10
118.828
 20
9.05377
 11
118.784
 21
9.45334
  0
LINE
  8
0
 10
118.784
 20
9.45334
 11
118.649
 21
9.75722
  0
LINE
  8
0
 10
118.649
 20
9.75722
 11
118.428
 21
9.95058
  0
LINE
  8
0
 10
118.428
 20
9.95058
 11
118.131
 21
10.0149
  0
LINE
  8
0
 10
118.131
 20
10.0149
 11
117.76
 21
9.92775
  0
LINE
  8
0
 10
117.76
 20
9.92775
 11
117.609
 21
9.75957
  0
LINE
  8
0
 10
117.609
 20
9.75957
 11
117.606
 21
9.81406
  0
LINE
  8
0
 10
117.606
 20
9.81406
 11
117.599
 21
9.88911
  0
LINE
  8
0
 10
117.599
 20
9.88911
 11
117.584
 21
9.9762
  0
LINE
  8
0
 10
117.584
 20
9.9762
 11
117.045
 21
9.9762
  0
LINE
  8
0
 10
117.045
 20
9.9762
 11
117.058
 21
9.74486
  0
LINE
  8
0
 10
117.058
 20
9.74486
 11
117.061
 21
9.52095
  0
LINE
  8
0
 10
117.061
 20
9.52095
 11
117.061
 21
7.42357
  0
LINE
  8
0
 10
117.061
 20
7.42357
 11
117.618
 21
7.42357
  0
LINE
  8
0
 10
117.618
 20
7.42357
 11
117.618
 21
8.14929
  0
LINE
  8
0
 10
117.801
 20
8.5293
 11
117.701
 21
8.62859
  0
LINE
  8
0
 10
117.701
 20
8.62859
 11
117.635
 21
8.79999
  0
LINE
  8
0
 10
117.635
 20
8.79999
 11
117.612
 21
9.04088
  0
LINE
  8
0
 10
117.612
 20
9.04088
 11
117.635
 21
9.28409
  0
LINE
  8
0
 10
117.635
 20
9.28409
 11
117.702
 21
9.45912
  0
LINE
  8
0
 10
117.702
 20
9.45912
 11
117.802
 21
9.56123
  0
LINE
  8
0
 10
117.802
 20
9.56123
 11
117.931
 21
9.59305
  0
LINE
  8
0
 10
117.931
 20
9.59305
 11
118.166
 21
9.46536
  0
LINE
  8
0
 10
118.166
 20
9.46536
 11
118.25
 21
9.05376
  0
LINE
  8
0
 10
118.25
 20
9.05376
 11
118.165
 21
8.62988
  0
LINE
  8
0
 10
118.165
 20
8.62988
 11
117.927
 21
8.49841
  0
LINE
  8
0
 10
117.927
 20
8.49841
 11
117.801
 21
8.5293
  0
LINE
  8
0
 10
36.7547
 20
8.14929
 11
36.7531
 21
8.28282
  0
LINE
  8
0
 10
36.7531
 20
8.28282
 11
36.7567
 21
8.27744
  0
LINE
  8
0
 10
36.7567
 20
8.27744
 11
36.8898
 21
8.16969
  0
LINE
  8
0
 10
36.8898
 20
8.16969
 11
37.0525
 21
8.10396
  0
LINE
  8
0
 10
37.0525
 20
8.10396
 11
37.2408
 21
8.08212
  0
LINE
  8
0
 10
37.2408
 20
8.08212
 11
37.547
 21
8.14638
  0
LINE
  8
0
 10
37.547
 20
8.14638
 11
37.7782
 21
8.34181
  0
LINE
  8
0
 10
37.7782
 20
8.34181
 11
37.9186
 21
8.64955
  0
LINE
  8
0
 10
37.9186
 20
8.64955
 11
37.9642
 21
9.05377
  0
LINE
  8
0
 10
37.9642
 20
9.05377
 11
37.9205
 21
9.45334
  0
LINE
  8
0
 10
37.9205
 20
9.45334
 11
37.7859
 21
9.75722
  0
LINE
  8
0
 10
37.7859
 20
9.75722
 11
37.564
 21
9.95058
  0
LINE
  8
0
 10
37.564
 20
9.95058
 11
37.2674
 21
10.0149
  0
LINE
  8
0
 10
37.2674
 20
10.0149
 11
36.8961
 21
9.92775
  0
LINE
  8
0
 10
36.8961
 20
9.92775
 11
36.7451
 21
9.75957
  0
LINE
  8
0
 10
36.7451
 20
9.75957
 11
36.7424
 21
9.81406
  0
LINE
  8
0
 10
36.7424
 20
9.81406
 11
36.7358
 21
9.88911
  0
LINE
  8
0
 10
36.7358
 20
9.88911
 11
36.7208
 21
9.9762
  0
LINE
  8
0
 10
36.7208
 20
9.9762
 11
36.1816
 21
9.9762
  0
LINE
  8
0
 10
36.1816
 20
9.9762
 11
36.1941
 21
9.74486
  0
LINE
  8
0
 10
36.1941
 20
9.74486
 11
36.1974
 21
9.52095
  0
LINE
  8
0
 10
36.1974
 20
9.52095
 11
36.1974
 21
7.42357
  0
LINE
  8
0
 10
36.1974
 20
7.42357
 11
36.7547
 21
7.42357
  0
LINE
  8
0
 10
36.7547
 20
7.42357
 11
36.7547
 21
8.14929
  0
LINE
  8
0
 10
36.9378
 20
8.5293
 11
36.8378
 21
8.62859
  0
LINE
  8
0
 10
36.8378
 20
8.62859
 11
36.7715
 21
8.79999
  0
LINE
  8
0
 10
36.7715
 20
8.79999
 11
36.7484
 21
9.04088
  0
LINE
  8
0
 10
36.7484
 20
9.04088
 11
36.7715
 21
9.28409
  0
LINE
  8
0
 10
36.7715
 20
9.28409
 11
36.838
 21
9.45912
  0
LINE
  8
0
 10
36.838
 20
9.45912
 11
36.9389
 21
9.56123
  0
LINE
  8
0
 10
36.9389
 20
9.56123
 11
37.0673
 21
9.59305
  0
LINE
  8
0
 10
37.0673
 20
9.59305
 11
37.302
 21
9.46536
  0
LINE
  8
0
 10
37.302
 20
9.46536
 11
37.386
 21
9.05376
  0
LINE
  8
0
 10
37.386
 20
9.05376
 11
37.301
 21
8.62988
  0
LINE
  8
0
 10
37.301
 20
8.62988
 11
37.0638
 21
8.49841
  0
LINE
  8
0
 10
37.0638
 20
8.49841
 11
36.9378
 21
8.5293
  0
LINE
  8
0
 10
63.4038
 20
7.45862
 11
63.6843
 21
7.61301
  0
LINE
  8
0
 10
63.6843
 20
7.61301
 11
63.8571
 21
7.87021
  0
LINE
  8
0
 10
63.8571
 20
7.87021
 11
63.9128
 21
8.21495
  0
LINE
  8
0
 10
63.9128
 20
8.21495
 11
63.9128
 21
9.51932
  0
LINE
  8
0
 10
63.9128
 20
9.51932
 11
63.9152
 21
9.73578
  0
LINE
  8
0
 10
63.9152
 20
9.73578
 11
63.9245
 21
9.9762
  0
LINE
  8
0
 10
63.9245
 20
9.9762
 11
63.3972
 21
9.9762
  0
LINE
  8
0
 10
63.3972
 20
9.9762
 11
63.382
 21
9.88504
  0
LINE
  8
0
 10
63.382
 20
9.88504
 11
63.3743
 21
9.8015
  0
LINE
  8
0
 10
63.3743
 20
9.8015
 11
63.3718
 21
9.7616
  0
LINE
  8
0
 10
63.3718
 20
9.7616
 11
63.2289
 21
9.92583
  0
LINE
  8
0
 10
63.2289
 20
9.92583
 11
62.8776
 21
10.0116
  0
LINE
  8
0
 10
62.8776
 20
10.0116
 11
62.5618
 21
9.94835
  0
LINE
  8
0
 10
62.5618
 20
9.94835
 11
62.3297
 21
9.75734
  0
LINE
  8
0
 10
62.3297
 20
9.75734
 11
62.191
 21
9.45604
  0
LINE
  8
0
 10
62.191
 20
9.45604
 11
62.1459
 21
9.06042
  0
LINE
  8
0
 10
62.1459
 20
9.06042
 11
62.1897
 21
8.66696
  0
LINE
  8
0
 10
62.1897
 20
8.66696
 11
62.3245
 21
8.36879
  0
LINE
  8
0
 10
62.3245
 20
8.36879
 11
62.5466
 21
8.18001
  0
LINE
  8
0
 10
62.5466
 20
8.18001
 11
62.8428
 21
8.11731
  0
LINE
  8
0
 10
62.8428
 20
8.11731
 11
63.2181
 21
8.20435
  0
LINE
  8
0
 10
63.2181
 20
8.20435
 11
63.3595
 21
8.36238
  0
LINE
  8
0
 10
63.3595
 20
8.36238
 11
63.3587
 21
8.3187
  0
LINE
  8
0
 10
63.3587
 20
8.3187
 11
63.3587
 21
8.2282
  0
LINE
  8
0
 10
63.3587
 20
8.2282
 11
63.3379
 21
8.03616
  0
LINE
  8
0
 10
63.3379
 20
8.03616
 11
63.2804
 21
7.90915
  0
LINE
  8
0
 10
63.2804
 20
7.90915
 11
63.1864
 21
7.8364
  0
LINE
  8
0
 10
63.1864
 20
7.8364
 11
63.0412
 21
7.81058
  0
LINE
  8
0
 10
63.0412
 20
7.81058
 11
62.9392
 21
7.82362
  0
LINE
  8
0
 10
62.9392
 20
7.82362
 11
62.862
 21
7.86111
  0
LINE
  8
0
 10
62.862
 20
7.86111
 11
62.8081
 21
7.91917
  0
LINE
  8
0
 10
62.8081
 20
7.91917
 11
62.7587
 21
8.04033
  0
LINE
  8
0
 10
62.7587
 20
8.04033
 11
62.198
 21
7.97449
  0
LINE
  8
0
 10
62.198
 20
7.97449
 11
62.3105
 21
7.70187
  0
LINE
  8
0
 10
62.3105
 20
7.70187
 11
62.4837
 21
7.53896
  0
LINE
  8
0
 10
62.4837
 20
7.53896
 11
62.7265
 21
7.44066
  0
LINE
  8
0
 10
62.7265
 20
7.44066
 11
63.0302
 21
7.40855
  0
LINE
  8
0
 10
63.0302
 20
7.40855
 11
63.4038
 21
7.45862
  0
LINE
  8
0
 10
62.8079
 20
8.66277
 11
62.7241
 21
9.06039
  0
LINE
  8
0
 10
62.7241
 20
9.06039
 11
62.8088
 21
9.46669
  0
LINE
  8
0
 10
62.8088
 20
9.46669
 11
63.046
 21
9.59322
  0
LINE
  8
0
 10
63.046
 20
9.59322
 11
63.1727
 21
9.56281
  0
LINE
  8
0
 10
63.1727
 20
9.56281
 11
63.2726
 21
9.46568
  0
LINE
  8
0
 10
63.2726
 20
9.46568
 11
63.3387
 21
9.30003
  0
LINE
  8
0
 10
63.3387
 20
9.30003
 11
63.3617
 21
9.07002
  0
LINE
  8
0
 10
63.3617
 20
9.07002
 11
63.3387
 21
8.83398
  0
LINE
  8
0
 10
63.3387
 20
8.83398
 11
63.2726
 21
8.66646
  0
LINE
  8
0
 10
63.2726
 20
8.66646
 11
63.1721
 21
8.56941
  0
LINE
  8
0
 10
63.1721
 20
8.56941
 11
63.0427
 21
8.53885
  0
LINE
  8
0
 10
63.0427
 20
8.53885
 11
62.8079
 21
8.66277
  0
LINE
  8
0
 10
113.819
 20
9.1066
 11
113.84
 21
9.30083
  0
LINE
  8
0
 10
113.84
 20
9.30083
 11
113.899
 21
9.44797
  0
LINE
  8
0
 10
113.899
 20
9.44797
 11
113.983
 21
9.53722
  0
LINE
  8
0
 10
113.983
 20
9.53722
 11
114.075
 21
9.56311
  0
LINE
  8
0
 10
114.075
 20
9.56311
 11
114.237
 21
9.46921
  0
LINE
  8
0
 10
114.237
 20
9.46921
 11
114.299
 21
9.14842
  0
LINE
  8
0
 10
114.299
 20
9.14842
 11
114.299
 21
8.11525
  0
LINE
  8
0
 10
114.299
 20
8.11525
 11
114.853
 21
8.11525
  0
LINE
  8
0
 10
114.853
 20
8.11525
 11
114.853
 21
9.12704
  0
LINE
  8
0
 10
114.853
 20
9.12704
 11
114.879
 21
9.32011
  0
LINE
  8
0
 10
114.879
 20
9.32011
 11
114.939
 21
9.45898
  0
LINE
  8
0
 10
114.939
 20
9.45898
 11
115.02
 21
9.53976
  0
LINE
  8
0
 10
115.02
 20
9.53976
 11
115.108
 21
9.56334
  0
LINE
  8
0
 10
115.108
 20
9.56334
 11
115.271
 21
9.46919
  0
LINE
  8
0
 10
115.271
 20
9.46919
 11
115.332
 21
9.14842
  0
LINE
  8
0
 10
115.332
 20
9.14842
 11
115.332
 21
8.11525
  0
LINE
  8
0
 10
115.332
 20
8.11525
 11
115.886
 21
8.11525
  0
LINE
  8
0
 10
115.886
 20
8.11525
 11
115.886
 21
9.28624
  0
LINE
  8
0
 10
115.886
 20
9.28624
 11
115.851
 21
9.58643
  0
LINE
  8
0
 10
115.851
 20
9.58643
 11
115.741
 21
9.81738
  0
LINE
  8
0
 10
115.741
 20
9.81738
 11
115.557
 21
9.96341
  0
LINE
  8
0
 10
115.557
 20
9.96341
 11
115.311
 21
10.011
  0
LINE
  8
0
 10
115.311
 20
10.011
 11
115.118
 21
9.98659
  0
LINE
  8
0
 10
115.118
 20
9.98659
 11
114.961
 21
9.91226
  0
LINE
  8
0
 10
114.961
 20
9.91226
 11
114.833
 21
9.78271
  0
LINE
  8
0
 10
114.833
 20
9.78271
 11
114.77
 21
9.66905
  0
LINE
  8
0
 10
114.77
 20
9.66905
 11
114.633
 21
9.90662
  0
LINE
  8
0
 10
114.633
 20
9.90662
 11
114.279
 21
10.0114
  0
LINE
  8
0
 10
114.279
 20
10.0114
 11
114.097
 21
9.98598
  0
LINE
  8
0
 10
114.097
 20
9.98598
 11
113.944
 21
9.91026
  0
LINE
  8
0
 10
113.944
 20
9.91026
 11
113.817
 21
9.78038
  0
LINE
  8
0
 10
113.817
 20
9.78038
 11
113.799
 21
9.74696
  0
LINE
  8
0
 10
113.799
 20
9.74696
 11
113.798
 21
9.76404
  0
LINE
  8
0
 10
113.798
 20
9.76404
 11
113.791
 21
9.87363
  0
LINE
  8
0
 10
113.791
 20
9.87363
 11
113.78
 21
9.9762
  0
LINE
  8
0
 10
113.78
 20
9.9762
 11
113.246
 21
9.9762
  0
LINE
  8
0
 10
113.246
 20
9.9762
 11
113.254
 21
9.84685
  0
LINE
  8
0
 10
113.254
 20
9.84685
 11
113.258
 21
9.76175
  0
LINE
  8
0
 10
113.258
 20
9.76175
 11
113.261
 21
9.66064
  0
LINE
  8
0
 10
113.261
 20
9.66064
 11
113.262
 21
9.53195
  0
LINE
  8
0
 10
113.262
 20
9.53195
 11
113.262
 21
8.11525
  0
LINE
  8
0
 10
113.262
 20
8.11525
 11
113.819
 21
8.11525
  0
LINE
  8
0
 10
113.819
 20
8.11525
 11
113.819
 21
9.1066
  0
LINE
  8
0
 10
85.2379
 20
9.10614
 11
85.2619
 21
9.29796
  0
LINE
  8
0
 10
85.2619
 20
9.29796
 11
85.3306
 21
9.44426
  0
LINE
  8
0
 10
85.3306
 20
9.44426
 11
85.4314
 21
9.53571
  0
LINE
  8
0
 10
85.4314
 20
9.53571
 11
85.5514
 21
9.56418
  0
LINE
  8
0
 10
85.5514
 20
9.56418
 11
85.7494
 21
9.46671
  0
LINE
  8
0
 10
85.7494
 20
9.46671
 11
85.8214
 21
9.14761
  0
LINE
  8
0
 10
85.8214
 20
9.14761
 11
85.8214
 21
8.11525
  0
LINE
  8
0
 10
85.8214
 20
8.11525
 11
86.3771
 21
8.11525
  0
LINE
  8
0
 10
86.3771
 20
8.11525
 11
86.3771
 21
9.28651
  0
LINE
  8
0
 10
86.3771
 20
9.28651
 11
86.3381
 21
9.59082
  0
LINE
  8
0
 10
86.3381
 20
9.59082
 11
86.216
 21
9.82175
  0
LINE
  8
0
 10
86.216
 20
9.82175
 11
86.0148
 21
9.96455
  0
LINE
  8
0
 10
86.0148
 20
9.96455
 11
85.7489
 21
10.0109
  0
LINE
  8
0
 10
85.7489
 20
10.0109
 11
85.5539
 21
9.98625
  0
LINE
  8
0
 10
85.5539
 20
9.98625
 11
85.3862
 21
9.91151
  0
LINE
  8
0
 10
85.3862
 20
9.91151
 11
85.2467
 21
9.78224
  0
LINE
  8
0
 10
85.2467
 20
9.78224
 11
85.2182
 21
9.73474
  0
LINE
  8
0
 10
85.2182
 20
9.73474
 11
85.2166
 21
9.76404
  0
LINE
  8
0
 10
85.2166
 20
9.76404
 11
85.2092
 21
9.87363
  0
LINE
  8
0
 10
85.2092
 20
9.87363
 11
85.1989
 21
9.9762
  0
LINE
  8
0
 10
85.1989
 20
9.9762
 11
84.6644
 21
9.9762
  0
LINE
  8
0
 10
84.6644
 20
9.9762
 11
84.6723
 21
9.84685
  0
LINE
  8
0
 10
84.6723
 20
9.84685
 11
84.6765
 21
9.76175
  0
LINE
  8
0
 10
84.6765
 20
9.76175
 11
84.6795
 21
9.66064
  0
LINE
  8
0
 10
84.6795
 20
9.66064
 11
84.6805
 21
9.53195
  0
LINE
  8
0
 10
84.6805
 20
9.53195
 11
84.6805
 21
8.11525
  0
LINE
  8
0
 10
84.6805
 20
8.11525
 11
85.2379
 21
8.11525
  0
LINE
  8
0
 10
85.2379
 20
8.11525
 11
85.2379
 21
9.10614
  0
LINE
  8
0
 10
87.758
 20
8.12027
 11
88.024
 21
8.23686
  0
LINE
  8
0
 10
88.024
 20
8.23686
 11
88.1968
 21
8.4276
  0
LINE
  8
0
 10
88.1968
 20
8.4276
 11
88.2538
 21
8.67648
  0
LINE
  8
0
 10
88.2538
 20
8.67648
 11
88.2378
 21
8.82922
  0
LINE
  8
0
 10
88.2378
 20
8.82922
 11
88.1894
 21
8.95256
  0
LINE
  8
0
 10
88.1894
 20
8.95256
 11
88.114
 21
9.05092
  0
LINE
  8
0
 10
88.114
 20
9.05092
 11
88.0183
 21
9.12856
  0
LINE
  8
0
 10
88.0183
 20
9.12856
 11
87.8976
 21
9.19017
  0
LINE
  8
0
 10
87.8976
 20
9.19017
 11
87.748
 21
9.24095
  0
LINE
  8
0
 10
87.748
 20
9.24095
 11
87.5734
 21
9.2858
  0
LINE
  8
0
 10
87.5734
 20
9.2858
 11
87.3784
 21
9.3287
  0
LINE
  8
0
 10
87.3784
 20
9.3287
 11
87.2574
 21
9.36035
  0
LINE
  8
0
 10
87.2574
 20
9.36035
 11
87.1867
 21
9.39478
  0
LINE
  8
0
 10
87.1867
 20
9.39478
 11
87.1548
 21
9.43053
  0
LINE
  8
0
 10
87.1548
 20
9.43053
 11
87.1446
 21
9.47501
  0
LINE
  8
0
 10
87.1446
 20
9.47501
 11
87.1586
 21
9.5323
  0
LINE
  8
0
 10
87.1586
 20
9.5323
 11
87.2
 21
9.56999
  0
LINE
  8
0
 10
87.2
 20
9.56999
 11
87.2856
 21
9.59619
  0
LINE
  8
0
 10
87.2856
 20
9.59619
 11
87.4183
 21
9.60585
  0
LINE
  8
0
 10
87.4183
 20
9.60585
 11
87.5506
 21
9.59369
  0
LINE
  8
0
 10
87.5506
 20
9.59369
 11
87.6323
 21
9.56087
  0
LINE
  8
0
 10
87.6323
 20
9.56087
 11
87.68
 21
9.50998
  0
LINE
  8
0
 10
87.68
 20
9.50998
 11
87.7235
 21
9.38904
  0
LINE
  8
0
 10
87.7235
 20
9.38904
 11
88.234
 21
9.44235
  0
LINE
  8
0
 10
88.234
 20
9.44235
 11
88.1216
 21
9.71768
  0
LINE
  8
0
 10
88.1216
 20
9.71768
 11
87.9519
 21
9.88091
  0
LINE
  8
0
 10
87.9519
 20
9.88091
 11
87.7146
 21
9.97881
  0
LINE
  8
0
 10
87.7146
 20
9.97881
 11
87.4187
 21
10.0107
  0
LINE
  8
0
 10
87.4187
 20
10.0107
 11
87.0895
 21
9.974
  0
LINE
  8
0
 10
87.0895
 20
9.974
 11
86.8373
 21
9.86066
  0
LINE
  8
0
 10
86.8373
 20
9.86066
 11
86.6758
 21
9.67401
  0
LINE
  8
0
 10
86.6758
 20
9.67401
 11
86.6227
 21
9.4288
  0
LINE
  8
0
 10
86.6227
 20
9.4288
 11
86.6424
 21
9.2718
  0
LINE
  8
0
 10
86.6424
 20
9.2718
 11
86.7019
 21
9.14072
  0
LINE
  8
0
 10
86.7019
 20
9.14072
 11
86.7986
 21
9.03477
  0
LINE
  8
0
 10
86.7986
 20
9.03477
 11
86.9282
 21
8.95239
  0
LINE
  8
0
 10
86.9282
 20
8.95239
 11
87.1344
 21
8.88103
  0
LINE
  8
0
 10
87.1344
 20
8.88103
 11
87.4604
 21
8.80679
  0
LINE
  8
0
 10
87.4604
 20
8.80679
 11
87.5998
 21
8.77013
  0
LINE
  8
0
 10
87.5998
 20
8.77013
 11
87.6821
 21
8.73065
  0
LINE
  8
0
 10
87.6821
 20
8.73065
 11
87.7199
 21
8.68909
  0
LINE
  8
0
 10
87.7199
 20
8.68909
 11
87.7319
 21
8.63748
  0
LINE
  8
0
 10
87.7319
 20
8.63748
 11
87.7163
 21
8.57301
  0
LINE
  8
0
 10
87.7163
 20
8.57301
 11
87.6693
 21
8.52835
  0
LINE
  8
0
 10
87.6693
 20
8.52835
 11
87.5719
 21
8.49706
  0
LINE
  8
0
 10
87.5719
 20
8.49706
 11
87.4155
 21
8.48557
  0
LINE
  8
0
 10
87.4155
 20
8.48557
 11
87.2484
 21
8.49783
  0
LINE
  8
0
 10
87.2484
 20
8.49783
 11
87.1503
 21
8.53116
  0
LINE
  8
0
 10
87.1503
 20
8.53116
 11
87.0939
 21
8.58672
  0
LINE
  8
0
 10
87.0939
 20
8.58672
 11
87.0359
 21
8.72002
  0
LINE
  8
0
 10
87.0359
 20
8.72002
 11
86.5304
 21
8.6443
  0
LINE
  8
0
 10
86.5304
 20
8.6443
 11
86.6579
 21
8.36411
  0
LINE
  8
0
 10
86.6579
 20
8.36411
 11
86.8333
 21
8.20387
  0
LINE
  8
0
 10
86.8333
 20
8.20387
 11
87.0841
 21
8.11218
  0
LINE
  8
0
 10
87.0841
 20
8.11218
 11
87.416
 21
8.08247
  0
LINE
  8
0
 10
87.416
 20
8.08247
 11
87.758
 21
8.12027
  0
LINE
  8
0
 10
80.3384
 20
8.12027
 11
80.6044
 21
8.23686
  0
LINE
  8
0
 10
80.6044
 20
8.23686
 11
80.7772
 21
8.4276
  0
LINE
  8
0
 10
80.7772
 20
8.4276
 11
80.8343
 21
8.67648
  0
LINE
  8
0
 10
80.8343
 20
8.67648
 11
80.8183
 21
8.82922
  0
LINE
  8
0
 10
80.8183
 20
8.82922
 11
80.7699
 21
8.95256
  0
LINE
  8
0
 10
80.7699
 20
8.95256
 11
80.6944
 21
9.05092
  0
LINE
  8
0
 10
80.6944
 20
9.05092
 11
80.5987
 21
9.12856
  0
LINE
  8
0
 10
80.5987
 20
9.12856
 11
80.4781
 21
9.19017
  0
LINE
  8
0
 10
80.4781
 20
9.19017
 11
80.3284
 21
9.24095
  0
LINE
  8
0
 10
80.3284
 20
9.24095
 11
80.1538
 21
9.2858
  0
LINE
  8
0
 10
80.1538
 20
9.2858
 11
79.9589
 21
9.3287
  0
LINE
  8
0
 10
79.9589
 20
9.3287
 11
79.8379
 21
9.36037
  0
LINE
  8
0
 10
79.8379
 20
9.36037
 11
79.7671
 21
9.39478
  0
LINE
  8
0
 10
79.7671
 20
9.39478
 11
79.7352
 21
9.43053
  0
LINE
  8
0
 10
79.7352
 20
9.43053
 11
79.7251
 21
9.47501
  0
LINE
  8
0
 10
79.7251
 20
9.47501
 11
79.739
 21
9.5323
  0
LINE
  8
0
 10
79.739
 20
9.5323
 11
79.7804
 21
9.56999
  0
LINE
  8
0
 10
79.7804
 20
9.56999
 11
79.8661
 21
9.59619
  0
LINE
  8
0
 10
79.8661
 20
9.59619
 11
79.9987
 21
9.60585
  0
LINE
  8
0
 10
79.9987
 20
9.60585
 11
80.131
 21
9.59369
  0
LINE
  8
0
 10
80.131
 20
9.59369
 11
80.2128
 21
9.56087
  0
LINE
  8
0
 10
80.2128
 20
9.56087
 11
80.2604
 21
9.50998
  0
LINE
  8
0
 10
80.2604
 20
9.50998
 11
80.304
 21
9.38904
  0
LINE
  8
0
 10
80.304
 20
9.38904
 11
80.8145
 21
9.44235
  0
LINE
  8
0
 10
80.8145
 20
9.44235
 11
80.7021
 21
9.71768
  0
LINE
  8
0
 10
80.7021
 20
9.71768
 11
80.5324
 21
9.88091
  0
LINE
  8
0
 10
80.5324
 20
9.88091
 11
80.2951
 21
9.97881
  0
LINE
  8
0
 10
80.2951
 20
9.97881
 11
79.9991
 21
10.0107
  0
LINE
  8
0
 10
79.9991
 20
10.0107
 11
79.67
 21
9.974
  0
LINE
  8
0
 10
79.67
 20
9.974
 11
79.4177
 21
9.86066
  0
LINE
  8
0
 10
79.4177
 20
9.86066
 11
79.2563
 21
9.67401
  0
LINE
  8
0
 10
79.2563
 20
9.67401
 11
79.2031
 21
9.4288
  0
LINE
  8
0
 10
79.2031
 20
9.4288
 11
79.2229
 21
9.2718
  0
LINE
  8
0
 10
79.2229
 20
9.2718
 11
79.2823
 21
9.14072
  0
LINE
  8
0
 10
79.2823
 20
9.14072
 11
79.379
 21
9.03477
  0
LINE
  8
0
 10
79.379
 20
9.03477
 11
79.5086
 21
8.95239
  0
LINE
  8
0
 10
79.5086
 20
8.95239
 11
79.7149
 21
8.88103
  0
LINE
  8
0
 10
79.7149
 20
8.88103
 11
80.0409
 21
8.80679
  0
LINE
  8
0
 10
80.0409
 20
8.80679
 11
80.1803
 21
8.77013
  0
LINE
  8
0
 10
80.1803
 20
8.77013
 11
80.2625
 21
8.73065
  0
LINE
  8
0
 10
80.2625
 20
8.73065
 11
80.3004
 21
8.68909
  0
LINE
  8
0
 10
80.3004
 20
8.68909
 11
80.3124
 21
8.63748
  0
LINE
  8
0
 10
80.3124
 20
8.63748
 11
80.2967
 21
8.57301
  0
LINE
  8
0
 10
80.2967
 20
8.57301
 11
80.2497
 21
8.52835
  0
LINE
  8
0
 10
80.2497
 20
8.52835
 11
80.1523
 21
8.49706
  0
LINE
  8
0
 10
80.1523
 20
8.49706
 11
79.996
 21
8.48557
  0
LINE
  8
0
 10
79.996
 20
8.48557
 11
79.8288
 21
8.49783
  0
LINE
  8
0
 10
79.8288
 20
8.49783
 11
79.7307
 21
8.53116
  0
LINE
  8
0
 10
79.7307
 20
8.53116
 11
79.6744
 21
8.58672
  0
LINE
  8
0
 10
79.6744
 20
8.58672
 11
79.6164
 21
8.72002
  0
LINE
  8
0
 10
79.6164
 20
8.72002
 11
79.1109
 21
8.6443
  0
LINE
  8
0
 10
79.1109
 20
8.6443
 11
79.2384
 21
8.36411
  0
LINE
  8
0
 10
79.2384
 20
8.36411
 11
79.4137
 21
8.20387
  0
LINE
  8
0
 10
79.4137
 20
8.20387
 11
79.6646
 21
8.11218
  0
LINE
  8
0
 10
79.6646
 20
8.11218
 11
79.9965
 21
8.08247
  0
LINE
  8
0
 10
79.9965
 20
8.08247
 11
80.3384
 21
8.12027
  0
LINE
  8
0
 10
102.592
 20
8.12027
 11
102.858
 21
8.23686
  0
LINE
  8
0
 10
102.858
 20
8.23686
 11
103.031
 21
8.4276
  0
LINE
  8
0
 10
103.031
 20
8.4276
 11
103.088
 21
8.67648
  0
LINE
  8
0
 10
103.088
 20
8.67648
 11
103.072
 21
8.82922
  0
LINE
  8
0
 10
103.072
 20
8.82922
 11
103.024
 21
8.95256
  0
LINE
  8
0
 10
103.024
 20
8.95256
 11
102.948
 21
9.05092
  0
LINE
  8
0
 10
102.948
 20
9.05092
 11
102.853
 21
9.12856
  0
LINE
  8
0
 10
102.853
 20
9.12856
 11
102.732
 21
9.19017
  0
LINE
  8
0
 10
102.732
 20
9.19017
 11
102.582
 21
9.24095
  0
LINE
  8
0
 10
102.582
 20
9.24095
 11
102.408
 21
9.2858
  0
LINE
  8
0
 10
102.408
 20
9.2858
 11
102.213
 21
9.3287
  0
LINE
  8
0
 10
102.213
 20
9.3287
 11
102.092
 21
9.36037
  0
LINE
  8
0
 10
102.092
 20
9.36037
 11
102.021
 21
9.39478
  0
LINE
  8
0
 10
102.021
 20
9.39478
 11
101.989
 21
9.43053
  0
LINE
  8
0
 10
101.989
 20
9.43053
 11
101.979
 21
9.47501
  0
LINE
  8
0
 10
101.979
 20
9.47501
 11
101.993
 21
9.5323
  0
LINE
  8
0
 10
101.993
 20
9.5323
 11
102.034
 21
9.56999
  0
LINE
  8
0
 10
102.034
 20
9.56999
 11
102.12
 21
9.59619
  0
LINE
  8
0
 10
102.12
 20
9.59619
 11
102.253
 21
9.60585
  0
LINE
  8
0
 10
102.253
 20
9.60585
 11
102.385
 21
9.59369
  0
LINE
  8
0
 10
102.385
 20
9.59369
 11
102.467
 21
9.56087
  0
LINE
  8
0
 10
102.467
 20
9.56087
 11
102.514
 21
9.50998
  0
LINE
  8
0
 10
102.514
 20
9.50998
 11
102.558
 21
9.38904
  0
LINE
  8
0
 10
102.558
 20
9.38904
 11
103.068
 21
9.44235
  0
LINE
  8
0
 10
103.068
 20
9.44235
 11
102.956
 21
9.71768
  0
LINE
  8
0
 10
102.956
 20
9.71768
 11
102.786
 21
9.88091
  0
LINE
  8
0
 10
102.786
 20
9.88091
 11
102.549
 21
9.97881
  0
LINE
  8
0
 10
102.549
 20
9.97881
 11
102.253
 21
10.0107
  0
LINE
  8
0
 10
102.253
 20
10.0107
 11
101.924
 21
9.974
  0
LINE
  8
0
 10
101.924
 20
9.974
 11
101.672
 21
9.86066
  0
LINE
  8
0
 10
101.672
 20
9.86066
 11
101.51
 21
9.67401
  0
LINE
  8
0
 10
101.51
 20
9.67401
 11
101.457
 21
9.4288
  0
LINE
  8
0
 10
101.457
 20
9.4288
 11
101.477
 21
9.2718
  0
LINE
  8
0
 10
101.477
 20
9.2718
 11
101.536
 21
9.14072
  0
LINE
  8
0
 10
101.536
 20
9.14072
 11
101.633
 21
9.03477
  0
LINE
  8
0
 10
101.633
 20
9.03477
 11
101.763
 21
8.95239
  0
LINE
  8
0
 10
101.763
 20
8.95239
 11
101.969
 21
8.88103
  0
LINE
  8
0
 10
101.969
 20
8.88103
 11
102.295
 21
8.80679
  0
LINE
  8
0
 10
102.295
 20
8.80679
 11
102.434
 21
8.77013
  0
LINE
  8
0
 10
102.434
 20
8.77013
 11
102.516
 21
8.73065
  0
LINE
  8
0
 10
102.516
 20
8.73065
 11
102.554
 21
8.68909
  0
LINE
  8
0
 10
102.554
 20
8.68909
 11
102.566
 21
8.63748
  0
LINE
  8
0
 10
102.566
 20
8.63748
 11
102.551
 21
8.57301
  0
LINE
  8
0
 10
102.551
 20
8.57301
 11
102.504
 21
8.52835
  0
LINE
  8
0
 10
102.504
 20
8.52835
 11
102.406
 21
8.49706
  0
LINE
  8
0
 10
102.406
 20
8.49706
 11
102.25
 21
8.48557
  0
LINE
  8
0
 10
102.25
 20
8.48557
 11
102.083
 21
8.49783
  0
LINE
  8
0
 10
102.083
 20
8.49783
 11
101.985
 21
8.53116
  0
LINE
  8
0
 10
101.985
 20
8.53116
 11
101.928
 21
8.58672
  0
LINE
  8
0
 10
101.928
 20
8.58672
 11
101.87
 21
8.72002
  0
LINE
  8
0
 10
101.87
 20
8.72002
 11
101.365
 21
8.6443
  0
LINE
  8
0
 10
101.365
 20
8.6443
 11
101.492
 21
8.36411
  0
LINE
  8
0
 10
101.492
 20
8.36411
 11
101.668
 21
8.20387
  0
LINE
  8
0
 10
101.668
 20
8.20387
 11
101.919
 21
8.11218
  0
LINE
  8
0
 10
101.919
 20
8.11218
 11
102.25
 21
8.08247
  0
LINE
  8
0
 10
102.25
 20
8.08247
 11
102.592
 21
8.12027
  0
LINE
  8
0
 10
69.4912
 20
9.0269
 11
69.514
 21
9.25552
  0
LINE
  8
0
 10
69.514
 20
9.25552
 11
69.5783
 21
9.41008
  0
LINE
  8
0
 10
69.5783
 20
9.41008
 11
69.6744
 21
9.49748
  0
LINE
  8
0
 10
69.6744
 20
9.49748
 11
69.8065
 21
9.52754
  0
LINE
  8
0
 10
69.8065
 20
9.52754
 11
69.8876
 21
9.52211
  0
LINE
  8
0
 10
69.8876
 20
9.52211
 11
70.0478
 21
9.49394
  0
LINE
  8
0
 10
70.0478
 20
9.49394
 11
70.0478
 21
9.97337
  0
LINE
  8
0
 10
70.0478
 20
9.97337
 11
69.9446
 21
10.0037
  0
LINE
  8
0
 10
69.9446
 20
10.0037
 11
69.8558
 21
10.0105
  0
LINE
  8
0
 10
69.8558
 20
10.0105
 11
69.7472
 21
10.0005
  0
LINE
  8
0
 10
69.7472
 20
10.0005
 11
69.6544
 21
9.96881
  0
LINE
  8
0
 10
69.6544
 20
9.96881
 11
69.5767
 21
9.91483
  0
LINE
  8
0
 10
69.5767
 20
9.91483
 11
69.5121
 21
9.84001
  0
LINE
  8
0
 10
69.5121
 20
9.84001
 11
69.4693
 21
9.76088
  0
LINE
  8
0
 10
69.4693
 20
9.76088
 11
69.4625
 21
9.87094
  0
LINE
  8
0
 10
69.4625
 20
9.87094
 11
69.4524
 21
9.9762
  0
LINE
  8
0
 10
69.4524
 20
9.9762
 11
68.9178
 21
9.9762
  0
LINE
  8
0
 10
68.9178
 20
9.9762
 11
68.9256
 21
9.84294
  0
LINE
  8
0
 10
68.9256
 20
9.84294
 11
68.9298
 21
9.7531
  0
LINE
  8
0
 10
68.9298
 20
9.7531
 11
68.9328
 21
9.64462
  0
LINE
  8
0
 10
68.9328
 20
9.64462
 11
68.9338
 21
9.51244
  0
LINE
  8
0
 10
68.9338
 20
9.51244
 11
68.9338
 21
8.11525
  0
LINE
  8
0
 10
68.9338
 20
8.11525
 11
69.4912
 21
8.11525
  0
LINE
  8
0
 10
69.4912
 20
8.11525
 11
69.4912
 21
9.0269
  0
LINE
  8
0
 10
38.7431
 20
9.0269
 11
38.7659
 21
9.25552
  0
LINE
  8
0
 10
38.7659
 20
9.25552
 11
38.8302
 21
9.41008
  0
LINE
  8
0
 10
38.8302
 20
9.41008
 11
38.9264
 21
9.49748
  0
LINE
  8
0
 10
38.9264
 20
9.49748
 11
39.0584
 21
9.52754
  0
LINE
  8
0
 10
39.0584
 20
9.52754
 11
39.1395
 21
9.52211
  0
LINE
  8
0
 10
39.1395
 20
9.52211
 11
39.2997
 21
9.49394
  0
LINE
  8
0
 10
39.2997
 20
9.49394
 11
39.2997
 21
9.97337
  0
LINE
  8
0
 10
39.2997
 20
9.97337
 11
39.1965
 21
10.0037
  0
LINE
  8
0
 10
39.1965
 20
10.0037
 11
39.1077
 21
10.0105
  0
LINE
  8
0
 10
39.1077
 20
10.0105
 11
38.9991
 21
10.0005
  0
LINE
  8
0
 10
38.9991
 20
10.0005
 11
38.9063
 21
9.96881
  0
LINE
  8
0
 10
38.9063
 20
9.96881
 11
38.8286
 21
9.91483
  0
LINE
  8
0
 10
38.8286
 20
9.91483
 11
38.764
 21
9.84001
  0
LINE
  8
0
 10
38.764
 20
9.84001
 11
38.7213
 21
9.76089
  0
LINE
  8
0
 10
38.7213
 20
9.76089
 11
38.7145
 21
9.87094
  0
LINE
  8
0
 10
38.7145
 20
9.87094
 11
38.7043
 21
9.9762
  0
LINE
  8
0
 10
38.7043
 20
9.9762
 11
38.1698
 21
9.9762
  0
LINE
  8
0
 10
38.1698
 20
9.9762
 11
38.1775
 21
9.84294
  0
LINE
  8
0
 10
38.1775
 20
9.84294
 11
38.1817
 21
9.75217
  0
LINE
  8
0
 10
38.1817
 20
9.75217
 11
38.1848
 21
9.64528
  0
LINE
  8
0
 10
38.1848
 20
9.64528
 11
38.1858
 21
9.51244
  0
LINE
  8
0
 10
38.1858
 20
9.51244
 11
38.1858
 21
8.11525
  0
LINE
  8
0
 10
38.1858
 20
8.11525
 11
38.7431
 21
8.11525
  0
LINE
  8
0
 10
38.7431
 20
8.11525
 11
38.7431
 21
9.0269
  0
LINE
  8
0
 10
89.9411
 20
9.0269
 11
89.9639
 21
9.25552
  0
LINE
  8
0
 10
89.9639
 20
9.25552
 11
90.0282
 21
9.41008
  0
LINE
  8
0
 10
90.0282
 20
9.41008
 11
90.1243
 21
9.49748
  0
LINE
  8
0
 10
90.1243
 20
9.49748
 11
90.2564
 21
9.52754
  0
LINE
  8
0
 10
90.2564
 20
9.52754
 11
90.3375
 21
9.52211
  0
LINE
  8
0
 10
90.3375
 20
9.52211
 11
90.4977
 21
9.49394
  0
LINE
  8
0
 10
90.4977
 20
9.49394
 11
90.4977
 21
9.97337
  0
LINE
  8
0
 10
90.4977
 20
9.97337
 11
90.3945
 21
10.0037
  0
LINE
  8
0
 10
90.3945
 20
10.0037
 11
90.3057
 21
10.0105
  0
LINE
  8
0
 10
90.3057
 20
10.0105
 11
90.1971
 21
10.0005
  0
LINE
  8
0
 10
90.1971
 20
10.0005
 11
90.1043
 21
9.96881
  0
LINE
  8
0
 10
90.1043
 20
9.96881
 11
90.0266
 21
9.91483
  0
LINE
  8
0
 10
90.0266
 20
9.91483
 11
89.962
 21
9.84001
  0
LINE
  8
0
 10
89.962
 20
9.84001
 11
89.9192
 21
9.76091
  0
LINE
  8
0
 10
89.9192
 20
9.76091
 11
89.9124
 21
9.87094
  0
LINE
  8
0
 10
89.9124
 20
9.87094
 11
89.9023
 21
9.9762
  0
LINE
  8
0
 10
89.9023
 20
9.9762
 11
89.3677
 21
9.9762
  0
LINE
  8
0
 10
89.3677
 20
9.9762
 11
89.3755
 21
9.84294
  0
LINE
  8
0
 10
89.3755
 20
9.84294
 11
89.3797
 21
9.7531
  0
LINE
  8
0
 10
89.3797
 20
9.7531
 11
89.3827
 21
9.64462
  0
LINE
  8
0
 10
89.3827
 20
9.64462
 11
89.3837
 21
9.51244
  0
LINE
  8
0
 10
89.3837
 20
9.51244
 11
89.3837
 21
8.11525
  0
LINE
  8
0
 10
89.3837
 20
8.11525
 11
89.9411
 21
8.11525
  0
LINE
  8
0
 10
89.9411
 20
8.11525
 11
89.9411
 21
9.0269
  0
LINE
  8
0
 10
110.564
 20
9.0269
 11
110.587
 21
9.25552
  0
LINE
  8
0
 10
110.587
 20
9.25552
 11
110.651
 21
9.41008
  0
LINE
  8
0
 10
110.651
 20
9.41008
 11
110.747
 21
9.49748
  0
LINE
  8
0
 10
110.747
 20
9.49748
 11
110.88
 21
9.52754
  0
LINE
  8
0
 10
110.88
 20
9.52754
 11
110.961
 21
9.52211
  0
LINE
  8
0
 10
110.961
 20
9.52211
 11
111.121
 21
9.49394
  0
LINE
  8
0
 10
111.121
 20
9.49394
 11
111.121
 21
9.97337
  0
LINE
  8
0
 10
111.121
 20
9.97337
 11
111.018
 21
10.0037
  0
LINE
  8
0
 10
111.018
 20
10.0037
 11
110.929
 21
10.0105
  0
LINE
  8
0
 10
110.929
 20
10.0105
 11
110.82
 21
10.0005
  0
LINE
  8
0
 10
110.82
 20
10.0005
 11
110.727
 21
9.96881
  0
LINE
  8
0
 10
110.727
 20
9.96881
 11
110.65
 21
9.91483
  0
LINE
  8
0
 10
110.65
 20
9.91483
 11
110.585
 21
9.84001
  0
LINE
  8
0
 10
110.585
 20
9.84001
 11
110.542
 21
9.76091
  0
LINE
  8
0
 10
110.542
 20
9.76091
 11
110.536
 21
9.87094
  0
LINE
  8
0
 10
110.536
 20
9.87094
 11
110.525
 21
9.9762
  0
LINE
  8
0
 10
110.525
 20
9.9762
 11
109.991
 21
9.9762
  0
LINE
  8
0
 10
109.991
 20
9.9762
 11
109.999
 21
9.84294
  0
LINE
  8
0
 10
109.999
 20
9.84294
 11
110.003
 21
9.75217
  0
LINE
  8
0
 10
110.003
 20
9.75217
 11
110.006
 21
9.64528
  0
LINE
  8
0
 10
110.006
 20
9.64528
 11
110.007
 21
9.51244
  0
LINE
  8
0
 10
110.007
 20
9.51244
 11
110.007
 21
8.11525
  0
LINE
  8
0
 10
110.007
 20
8.11525
 11
110.564
 21
8.11525
  0
LINE
  8
0
 10
110.564
 20
8.11525
 11
110.564
 21
9.0269
  0
LINE
  8
0
 10
96.8171
 20
9.0269
 11
96.8399
 21
9.25552
  0
LINE
  8
0
 10
96.8399
 20
9.25552
 11
96.9041
 21
9.41008
  0
LINE
  8
0
 10
96.9041
 20
9.41008
 11
97.0003
 21
9.49748
  0
LINE
  8
0
 10
97.0003
 20
9.49748
 11
97.1323
 21
9.52754
  0
LINE
  8
0
 10
97.1323
 20
9.52754
 11
97.2135
 21
9.52211
  0
LINE
  8
0
 10
97.2135
 20
9.52211
 11
97.3736
 21
9.49394
  0
LINE
  8
0
 10
97.3736
 20
9.49394
 11
97.3736
 21
9.97337
  0
LINE
  8
0
 10
97.3736
 20
9.97337
 11
97.2705
 21
10.0037
  0
LINE
  8
0
 10
97.2705
 20
10.0037
 11
97.1817
 21
10.0105
  0
LINE
  8
0
 10
97.1817
 20
10.0105
 11
97.0731
 21
10.0005
  0
LINE
  8
0
 10
97.0731
 20
10.0005
 11
96.9802
 21
9.96881
  0
LINE
  8
0
 10
96.9802
 20
9.96881
 11
96.9026
 21
9.91483
  0
LINE
  8
0
 10
96.9026
 20
9.91483
 11
96.838
 21
9.84001
  0
LINE
  8
0
 10
96.838
 20
9.84001
 11
96.7952
 21
9.76091
  0
LINE
  8
0
 10
96.7952
 20
9.76091
 11
96.7884
 21
9.87094
  0
LINE
  8
0
 10
96.7884
 20
9.87094
 11
96.7783
 21
9.9762
  0
LINE
  8
0
 10
96.7783
 20
9.9762
 11
96.2437
 21
9.9762
  0
LINE
  8
0
 10
96.2437
 20
9.9762
 11
96.2515
 21
9.84294
  0
LINE
  8
0
 10
96.2515
 20
9.84294
 11
96.2556
 21
9.7531
  0
LINE
  8
0
 10
96.2556
 20
9.7531
 11
96.2587
 21
9.64462
  0
LINE
  8
0
 10
96.2587
 20
9.64462
 11
96.2597
 21
9.51244
  0
LINE
  8
0
 10
96.2597
 20
9.51244
 11
96.2597
 21
8.11525
  0
LINE
  8
0
 10
96.2597
 20
8.11525
 11
96.8171
 21
8.11525
  0
LINE
  8
0
 10
96.8171
 20
8.11525
 11
96.8171
 21
9.0269
  0
LINE
  8
0
 10
74.1915
 20
8.20798
 11
74.5432
 21
8.653
  0
LINE
  8
0
 10
74.5432
 20
8.653
 11
73.9904
 21
8.70096
  0
LINE
  8
0
 10
73.9904
 20
8.70096
 11
73.8762
 21
8.53473
  0
LINE
  8
0
 10
73.8762
 20
8.53473
 11
73.7079
 21
8.49007
  0
LINE
  8
0
 10
73.7079
 20
8.49007
 11
73.5763
 21
8.51776
  0
LINE
  8
0
 10
73.5763
 20
8.51776
 11
73.4794
 21
8.6003
  0
LINE
  8
0
 10
73.4794
 20
8.6003
 11
73.4157
 21
8.74521
  0
LINE
  8
0
 10
73.4157
 20
8.74521
 11
73.3986
 21
8.90785
  0
LINE
  8
0
 10
73.3986
 20
8.90785
 11
74.5225
 21
8.90785
  0
LINE
  8
0
 10
74.5225
 20
8.90785
 11
74.5225
 21
8.9738
  0
LINE
  8
0
 10
74.5225
 20
8.9738
 11
74.4711
 21
9.41167
  0
LINE
  8
0
 10
74.4711
 20
9.41167
 11
74.3122
 21
9.73972
  0
LINE
  8
0
 10
74.3122
 20
9.73972
 11
74.0484
 21
9.94279
  0
LINE
  8
0
 10
74.0484
 20
9.94279
 11
73.6934
 21
10.0095
  0
LINE
  8
0
 10
73.6934
 20
10.0095
 11
73.3221
 21
9.94769
  0
LINE
  8
0
 10
73.3221
 20
9.94769
 11
73.0417
 21
9.75934
  0
LINE
  8
0
 10
73.0417
 20
9.75934
 11
72.8688
 21
9.45601
  0
LINE
  8
0
 10
72.8688
 20
9.45601
 11
72.8124
 21
9.05402
  0
LINE
  8
0
 10
72.8124
 20
9.05402
 11
72.8679
 21
8.64101
  0
LINE
  8
0
 10
72.8679
 20
8.64101
 11
73.0381
 21
8.33325
  0
LINE
  8
0
 10
73.0381
 20
8.33325
 11
73.3162
 21
8.14401
  0
LINE
  8
0
 10
73.3162
 20
8.14401
 11
73.6884
 21
8.08168
  0
LINE
  8
0
 10
73.6884
 20
8.08168
 11
74.1915
 21
8.20798
  0
LINE
  8
0
 10
73.4038
 20
9.29428
 11
73.4201
 21
9.40874
  0
LINE
  8
0
 10
73.4201
 20
9.40874
 11
73.4781
 21
9.52623
  0
LINE
  8
0
 10
73.4781
 20
9.52623
 11
73.5654
 21
9.59592
  0
LINE
  8
0
 10
73.5654
 20
9.59592
 11
73.6864
 21
9.61972
  0
LINE
  8
0
 10
73.6864
 20
9.61972
 11
73.8013
 21
9.59721
  0
LINE
  8
0
 10
73.8013
 20
9.59721
 11
73.8882
 21
9.53098
  0
LINE
  8
0
 10
73.8882
 20
9.53098
 11
73.9497
 21
9.41451
  0
LINE
  8
0
 10
73.9497
 20
9.41451
 11
73.9705
 21
9.29428
  0
LINE
  8
0
 10
73.9705
 20
9.29428
 11
73.4038
 21
9.29428
  0
LINE
  8
0
 10
49.4087
 20
8.20798
 11
49.7604
 21
8.653
  0
LINE
  8
0
 10
49.7604
 20
8.653
 11
49.2076
 21
8.70096
  0
LINE
  8
0
 10
49.2076
 20
8.70096
 11
49.0934
 21
8.53473
  0
LINE
  8
0
 10
49.0934
 20
8.53473
 11
48.9251
 21
8.49007
  0
LINE
  8
0
 10
48.9251
 20
8.49007
 11
48.7935
 21
8.51775
  0
LINE
  8
0
 10
48.7935
 20
8.51775
 11
48.6965
 21
8.60033
  0
LINE
  8
0
 10
48.6965
 20
8.60033
 11
48.6329
 21
8.74521
  0
LINE
  8
0
 10
48.6329
 20
8.74521
 11
48.6158
 21
8.90785
  0
LINE
  8
0
 10
48.6158
 20
8.90785
 11
49.7397
 21
8.90785
  0
LINE
  8
0
 10
49.7397
 20
8.90785
 11
49.7397
 21
8.9738
  0
LINE
  8
0
 10
49.7397
 20
8.9738
 11
49.6883
 21
9.41167
  0
LINE
  8
0
 10
49.6883
 20
9.41167
 11
49.5294
 21
9.73972
  0
LINE
  8
0
 10
49.5294
 20
9.73972
 11
49.2656
 21
9.94279
  0
LINE
  8
0
 10
49.2656
 20
9.94279
 11
48.9106
 21
10.0095
  0
LINE
  8
0
 10
48.9106
 20
10.0095
 11
48.5393
 21
9.94769
  0
LINE
  8
0
 10
48.5393
 20
9.94769
 11
48.2589
 21
9.75934
  0
LINE
  8
0
 10
48.2589
 20
9.75934
 11
48.086
 21
9.45601
  0
LINE
  8
0
 10
48.086
 20
9.45601
 11
48.0296
 21
9.05402
  0
LINE
  8
0
 10
48.0296
 20
9.05402
 11
48.0851
 21
8.64101
  0
LINE
  8
0
 10
48.0851
 20
8.64101
 11
48.2553
 21
8.33325
  0
LINE
  8
0
 10
48.2553
 20
8.33325
 11
48.5334
 21
8.14401
  0
LINE
  8
0
 10
48.5334
 20
8.14401
 11
48.9056
 21
8.08168
  0
LINE
  8
0
 10
48.9056
 20
8.08168
 11
49.4087
 21
8.20798
  0
LINE
  8
0
 10
48.621
 20
9.29428
 11
48.6372
 21
9.40874
  0
LINE
  8
0
 10
48.6372
 20
9.40874
 11
48.6953
 21
9.52623
  0
LINE
  8
0
 10
48.6953
 20
9.52623
 11
48.7826
 21
9.59592
  0
LINE
  8
0
 10
48.7826
 20
9.59592
 11
48.9036
 21
9.61972
  0
LINE
  8
0
 10
48.9036
 20
9.61972
 11
49.0184
 21
9.59721
  0
LINE
  8
0
 10
49.0184
 20
9.59721
 11
49.1054
 21
9.53096
  0
LINE
  8
0
 10
49.1054
 20
9.53096
 11
49.1669
 21
9.41454
  0
LINE
  8
0
 10
49.1669
 20
9.41454
 11
49.1877
 21
9.29428
  0
LINE
  8
0
 10
49.1877
 20
9.29428
 11
48.621
 21
9.29428
  0
LINE
  8
0
 10
91.9266
 20
8.20798
 11
92.2783
 21
8.653
  0
LINE
  8
0
 10
92.2783
 20
8.653
 11
91.7256
 21
8.70096
  0
LINE
  8
0
 10
91.7256
 20
8.70096
 11
91.6113
 21
8.53473
  0
LINE
  8
0
 10
91.6113
 20
8.53473
 11
91.443
 21
8.49007
  0
LINE
  8
0
 10
91.443
 20
8.49007
 11
91.3114
 21
8.51776
  0
LINE
  8
0
 10
91.3114
 20
8.51776
 11
91.2145
 21
8.6003
  0
LINE
  8
0
 10
91.2145
 20
8.6003
 11
91.1508
 21
8.74521
  0
LINE
  8
0
 10
91.1508
 20
8.74521
 11
91.1337
 21
8.90785
  0
LINE
  8
0
 10
91.1337
 20
8.90785
 11
92.2576
 21
8.90785
  0
LINE
  8
0
 10
92.2576
 20
8.90785
 11
92.2576
 21
8.9738
  0
LINE
  8
0
 10
92.2576
 20
8.9738
 11
92.2062
 21
9.41167
  0
LINE
  8
0
 10
92.2062
 20
9.41167
 11
92.0473
 21
9.73972
  0
LINE
  8
0
 10
92.0473
 20
9.73972
 11
91.7835
 21
9.94279
  0
LINE
  8
0
 10
91.7835
 20
9.94279
 11
91.4286
 21
10.0095
  0
LINE
  8
0
 10
91.4286
 20
10.0095
 11
91.0572
 21
9.94769
  0
LINE
  8
0
 10
91.0572
 20
9.94769
 11
90.7768
 21
9.75934
  0
LINE
  8
0
 10
90.7768
 20
9.75934
 11
90.6039
 21
9.45601
  0
LINE
  8
0
 10
90.6039
 20
9.45601
 11
90.5475
 21
9.05402
  0
LINE
  8
0
 10
90.5475
 20
9.05402
 11
90.603
 21
8.64101
  0
LINE
  8
0
 10
90.603
 20
8.64101
 11
90.7732
 21
8.33325
  0
LINE
  8
0
 10
90.7732
 20
8.33325
 11
91.0513
 21
8.14401
  0
LINE
  8
0
 10
91.0513
 20
8.14401
 11
91.4236
 21
8.08168
  0
LINE
  8
0
 10
91.4236
 20
8.08168
 11
91.9266
 21
8.20798
  0
LINE
  8
0
 10
91.1389
 20
9.29428
 11
91.1552
 21
9.40874
  0
LINE
  8
0
 10
91.1552
 20
9.40874
 11
91.2132
 21
9.52623
  0
LINE
  8
0
 10
91.2132
 20
9.52623
 11
91.3006
 21
9.59592
  0
LINE
  8
0
 10
91.3006
 20
9.59592
 11
91.4215
 21
9.61972
  0
LINE
  8
0
 10
91.4215
 20
9.61972
 11
91.5364
 21
9.59721
  0
LINE
  8
0
 10
91.5364
 20
9.59721
 11
91.6234
 21
9.53096
  0
LINE
  8
0
 10
91.6234
 20
9.53096
 11
91.6848
 21
9.41454
  0
LINE
  8
0
 10
91.6848
 20
9.41454
 11
91.7056
 21
9.29428
  0
LINE
  8
0
 10
91.7056
 20
9.29428
 11
91.1389
 21
9.29428
  0
LINE
  8
0
 10
106.578
 20
8.20798
 11
106.93
 21
8.653
  0
LINE
  8
0
 10
106.93
 20
8.653
 11
106.377
 21
8.70096
  0
LINE
  8
0
 10
106.377
 20
8.70096
 11
106.263
 21
8.53473
  0
LINE
  8
0
 10
106.263
 20
8.53473
 11
106.095
 21
8.49007
  0
LINE
  8
0
 10
106.095
 20
8.49007
 11
105.963
 21
8.51776
  0
LINE
  8
0
 10
105.963
 20
8.51776
 11
105.866
 21
8.6003
  0
LINE
  8
0
 10
105.866
 20
8.6003
 11
105.802
 21
8.74521
  0
LINE
  8
0
 10
105.802
 20
8.74521
 11
105.785
 21
8.90785
  0
LINE
  8
0
 10
105.785
 20
8.90785
 11
106.909
 21
8.90785
  0
LINE
  8
0
 10
106.909
 20
8.90785
 11
106.909
 21
8.9738
  0
LINE
  8
0
 10
106.909
 20
8.9738
 11
106.858
 21
9.41167
  0
LINE
  8
0
 10
106.858
 20
9.41167
 11
106.699
 21
9.73972
  0
LINE
  8
0
 10
106.699
 20
9.73972
 11
106.435
 21
9.94279
  0
LINE
  8
0
 10
106.435
 20
9.94279
 11
106.08
 21
10.0095
  0
LINE
  8
0
 10
106.08
 20
10.0095
 11
105.709
 21
9.94769
  0
LINE
  8
0
 10
105.709
 20
9.94769
 11
105.428
 21
9.75934
  0
LINE
  8
0
 10
105.428
 20
9.75934
 11
105.256
 21
9.45601
  0
LINE
  8
0
 10
105.256
 20
9.45601
 11
105.199
 21
9.05402
  0
LINE
  8
0
 10
105.199
 20
9.05402
 11
105.255
 21
8.64101
  0
LINE
  8
0
 10
105.255
 20
8.64101
 11
105.425
 21
8.33325
  0
LINE
  8
0
 10
105.425
 20
8.33325
 11
105.703
 21
8.14401
  0
LINE
  8
0
 10
105.703
 20
8.14401
 11
106.075
 21
8.08168
  0
LINE
  8
0
 10
106.075
 20
8.08168
 11
106.578
 21
8.20798
  0
LINE
  8
0
 10
105.791
 20
9.29428
 11
105.807
 21
9.40874
  0
LINE
  8
0
 10
105.807
 20
9.40874
 11
105.865
 21
9.52623
  0
LINE
  8
0
 10
105.865
 20
9.52623
 11
105.952
 21
9.59592
  0
LINE
  8
0
 10
105.952
 20
9.59592
 11
106.073
 21
9.61972
  0
LINE
  8
0
 10
106.073
 20
9.61972
 11
106.188
 21
9.59721
  0
LINE
  8
0
 10
106.188
 20
9.59721
 11
106.275
 21
9.53098
  0
LINE
  8
0
 10
106.275
 20
9.53098
 11
106.336
 21
9.41451
  0
LINE
  8
0
 10
106.336
 20
9.41451
 11
106.357
 21
9.29428
  0
LINE
  8
0
 10
106.357
 20
9.29428
 11
105.791
 21
9.29428
  0
LINE
  8
0
 10
44.7055
 20
8.20798
 11
45.0572
 21
8.653
  0
LINE
  8
0
 10
45.0572
 20
8.653
 11
44.5044
 21
8.70096
  0
LINE
  8
0
 10
44.5044
 20
8.70096
 11
44.3902
 21
8.53474
  0
LINE
  8
0
 10
44.3902
 20
8.53474
 11
44.2219
 21
8.49007
  0
LINE
  8
0
 10
44.2219
 20
8.49007
 11
44.0903
 21
8.51775
  0
LINE
  8
0
 10
44.0903
 20
8.51775
 11
43.9933
 21
8.60033
  0
LINE
  8
0
 10
43.9933
 20
8.60033
 11
43.9297
 21
8.74521
  0
LINE
  8
0
 10
43.9297
 20
8.74521
 11
43.9126
 21
8.90785
  0
LINE
  8
0
 10
43.9126
 20
8.90785
 11
45.0365
 21
8.90785
  0
LINE
  8
0
 10
45.0365
 20
8.90785
 11
45.0365
 21
8.9738
  0
LINE
  8
0
 10
45.0365
 20
8.9738
 11
44.9851
 21
9.41167
  0
LINE
  8
0
 10
44.9851
 20
9.41167
 11
44.8262
 21
9.73972
  0
LINE
  8
0
 10
44.8262
 20
9.73972
 11
44.5624
 21
9.94279
  0
LINE
  8
0
 10
44.5624
 20
9.94279
 11
44.2074
 21
10.0095
  0
LINE
  8
0
 10
44.2074
 20
10.0095
 11
43.8361
 21
9.94769
  0
LINE
  8
0
 10
43.8361
 20
9.94769
 11
43.5557
 21
9.75934
  0
LINE
  8
0
 10
43.5557
 20
9.75934
 11
43.3828
 21
9.45601
  0
LINE
  8
0
 10
43.3828
 20
9.45601
 11
43.3264
 21
9.05402
  0
LINE
  8
0
 10
43.3264
 20
9.05402
 11
43.3819
 21
8.64101
  0
LINE
  8
0
 10
43.3819
 20
8.64101
 11
43.5521
 21
8.33325
  0
LINE
  8
0
 10
43.5521
 20
8.33325
 11
43.8302
 21
8.14401
  0
LINE
  8
0
 10
43.8302
 20
8.14401
 11
44.2024
 21
8.08168
  0
LINE
  8
0
 10
44.2024
 20
8.08168
 11
44.7055
 21
8.20798
  0
LINE
  8
0
 10
43.9178
 20
9.29428
 11
43.934
 21
9.40874
  0
LINE
  8
0
 10
43.934
 20
9.40874
 11
43.9921
 21
9.52623
  0
LINE
  8
0
 10
43.9921
 20
9.52623
 11
44.0794
 21
9.59592
  0
LINE
  8
0
 10
44.0794
 20
9.59592
 11
44.2004
 21
9.61972
  0
LINE
  8
0
 10
44.2004
 20
9.61972
 11
44.3152
 21
9.59721
  0
LINE
  8
0
 10
44.3152
 20
9.59721
 11
44.4022
 21
9.53096
  0
LINE
  8
0
 10
44.4022
 20
9.53096
 11
44.4637
 21
9.41454
  0
LINE
  8
0
 10
44.4637
 20
9.41454
 11
44.4844
 21
9.29428
  0
LINE
  8
0
 10
44.4844
 20
9.29428
 11
43.9178
 21
9.29428
  0
LINE
  8
0
 10
65.5067
 20
8.20798
 11
65.8584
 21
8.653
  0
LINE
  8
0
 10
65.8584
 20
8.653
 11
65.3057
 21
8.70096
  0
LINE
  8
0
 10
65.3057
 20
8.70096
 11
65.1914
 21
8.53473
  0
LINE
  8
0
 10
65.1914
 20
8.53473
 11
65.0231
 21
8.49007
  0
LINE
  8
0
 10
65.0231
 20
8.49007
 11
64.8915
 21
8.51776
  0
LINE
  8
0
 10
64.8915
 20
8.51776
 11
64.7946
 21
8.6003
  0
LINE
  8
0
 10
64.7946
 20
8.6003
 11
64.7309
 21
8.74521
  0
LINE
  8
0
 10
64.7309
 20
8.74521
 11
64.7138
 21
8.90785
  0
LINE
  8
0
 10
64.7138
 20
8.90785
 11
65.8377
 21
8.90785
  0
LINE
  8
0
 10
65.8377
 20
8.90785
 11
65.8377
 21
8.9738
  0
LINE
  8
0
 10
65.8377
 20
8.9738
 11
65.7863
 21
9.41167
  0
LINE
  8
0
 10
65.7863
 20
9.41167
 11
65.6274
 21
9.73972
  0
LINE
  8
0
 10
65.6274
 20
9.73972
 11
65.3636
 21
9.94279
  0
LINE
  8
0
 10
65.3636
 20
9.94279
 11
65.0087
 21
10.0095
  0
LINE
  8
0
 10
65.0087
 20
10.0095
 11
64.6373
 21
9.94769
  0
LINE
  8
0
 10
64.6373
 20
9.94769
 11
64.3569
 21
9.75934
  0
LINE
  8
0
 10
64.3569
 20
9.75934
 11
64.184
 21
9.45601
  0
LINE
  8
0
 10
64.184
 20
9.45601
 11
64.1276
 21
9.05402
  0
LINE
  8
0
 10
64.1276
 20
9.05402
 11
64.1831
 21
8.64101
  0
LINE
  8
0
 10
64.1831
 20
8.64101
 11
64.3533
 21
8.33325
  0
LINE
  8
0
 10
64.3533
 20
8.33325
 11
64.6314
 21
8.14401
  0
LINE
  8
0
 10
64.6314
 20
8.14401
 11
65.0037
 21
8.08168
  0
LINE
  8
0
 10
65.0037
 20
8.08168
 11
65.5067
 21
8.20798
  0
LINE
  8
0
 10
64.719
 20
9.29428
 11
64.7353
 21
9.40874
  0
LINE
  8
0
 10
64.7353
 20
9.40874
 11
64.7933
 21
9.52623
  0
LINE
  8
0
 10
64.7933
 20
9.52623
 11
64.8806
 21
9.59592
  0
LINE
  8
0
 10
64.8806
 20
9.59592
 11
65.0016
 21
9.61972
  0
LINE
  8
0
 10
65.0016
 20
9.61972
 11
65.1165
 21
9.59721
  0
LINE
  8
0
 10
65.1165
 20
9.59721
 11
65.2034
 21
9.53096
  0
LINE
  8
0
 10
65.2034
 20
9.53096
 11
65.2649
 21
9.41454
  0
LINE
  8
0
 10
65.2649
 20
9.41454
 11
65.2857
 21
9.29428
  0
LINE
  8
0
 10
65.2857
 20
9.29428
 11
64.719
 21
9.29428
  0
LINE
  8
0
 10
57.6756
 20
8.14586
 11
57.9771
 21
8.34015
  0
LINE
  8
0
 10
57.9771
 20
8.34015
 11
58.1665
 21
8.64787
  0
LINE
  8
0
 10
58.1665
 20
8.64787
 11
58.2286
 21
9.04709
  0
LINE
  8
0
 10
58.2286
 20
9.04709
 11
58.1694
 21
9.45395
  0
LINE
  8
0
 10
58.1694
 20
9.45395
 11
57.9879
 21
9.75937
  0
LINE
  8
0
 10
57.9879
 20
9.75937
 11
57.6909
 21
9.94777
  0
LINE
  8
0
 10
57.6909
 20
9.94777
 11
57.2925
 21
10.0094
  0
LINE
  8
0
 10
57.2925
 20
10.0094
 11
56.8996
 21
9.94557
  0
LINE
  8
0
 10
56.8996
 20
9.94557
 11
56.6001
 21
9.75116
  0
LINE
  8
0
 10
56.6001
 20
9.75116
 11
56.4132
 21
9.44423
  0
LINE
  8
0
 10
56.4132
 20
9.44423
 11
56.3519
 21
9.04735
  0
LINE
  8
0
 10
56.3519
 20
9.04735
 11
56.4131
 21
8.64909
  0
LINE
  8
0
 10
56.4131
 20
8.64909
 11
56.5999
 21
8.34126
  0
LINE
  8
0
 10
56.5999
 20
8.34126
 11
56.8969
 21
8.14615
  0
LINE
  8
0
 10
56.8969
 20
8.14615
 11
57.2829
 21
8.08205
  0
LINE
  8
0
 10
57.2829
 20
8.08205
 11
57.6756
 21
8.14586
  0
LINE
  8
0
 10
57.1328
 20
8.52943
 11
57.0265
 21
8.62804
  0
LINE
  8
0
 10
57.0265
 20
8.62804
 11
56.9571
 21
8.80003
  0
LINE
  8
0
 10
56.9571
 20
8.80003
 11
56.9332
 21
9.04401
  0
LINE
  8
0
 10
56.9332
 20
9.04401
 11
57.03
 21
9.46057
  0
LINE
  8
0
 10
57.03
 20
9.46057
 11
57.3056
 21
9.59229
  0
LINE
  8
0
 10
57.3056
 20
9.59229
 11
57.4488
 21
9.56284
  0
LINE
  8
0
 10
57.4488
 20
9.56284
 11
57.5555
 21
9.47266
  0
LINE
  8
0
 10
57.5555
 20
9.47266
 11
57.6249
 21
9.30608
  0
LINE
  8
0
 10
57.6249
 20
9.30608
 11
57.6491
 21
9.05075
  0
LINE
  8
0
 10
57.6491
 20
9.05075
 11
57.551
 21
8.63054
  0
LINE
  8
0
 10
57.551
 20
8.63054
 11
57.2722
 21
8.49779
  0
LINE
  8
0
 10
57.2722
 20
8.49779
 11
57.1328
 21
8.52943
  0
LINE
  8
0
 10
40.6732
 20
8.14586
 11
40.9746
 21
8.34015
  0
LINE
  8
0
 10
40.9746
 20
8.34015
 11
41.1641
 21
8.64787
  0
LINE
  8
0
 10
41.1641
 20
8.64787
 11
41.2262
 21
9.04709
  0
LINE
  8
0
 10
41.2262
 20
9.04709
 11
41.1669
 21
9.45395
  0
LINE
  8
0
 10
41.1669
 20
9.45395
 11
40.9855
 21
9.75937
  0
LINE
  8
0
 10
40.9855
 20
9.75937
 11
40.6885
 21
9.94777
  0
LINE
  8
0
 10
40.6885
 20
9.94777
 11
40.2901
 21
10.0094
  0
LINE
  8
0
 10
40.2901
 20
10.0094
 11
39.8972
 21
9.94557
  0
LINE
  8
0
 10
39.8972
 20
9.94557
 11
39.5976
 21
9.75116
  0
LINE
  8
0
 10
39.5976
 20
9.75116
 11
39.4107
 21
9.44423
  0
LINE
  8
0
 10
39.4107
 20
9.44423
 11
39.3494
 21
9.04735
  0
LINE
  8
0
 10
39.3494
 20
9.04735
 11
39.4107
 21
8.64909
  0
LINE
  8
0
 10
39.4107
 20
8.64909
 11
39.5975
 21
8.34126
  0
LINE
  8
0
 10
39.5975
 20
8.34126
 11
39.8945
 21
8.14615
  0
LINE
  8
0
 10
39.8945
 20
8.14615
 11
40.2804
 21
8.08205
  0
LINE
  8
0
 10
40.2804
 20
8.08205
 11
40.6732
 21
8.14586
  0
LINE
  8
0
 10
40.1303
 20
8.52943
 11
40.0241
 21
8.62804
  0
LINE
  8
0
 10
40.0241
 20
8.62804
 11
39.9547
 21
8.80003
  0
LINE
  8
0
 10
39.9547
 20
8.80003
 11
39.9307
 21
9.04401
  0
LINE
  8
0
 10
39.9307
 20
9.04401
 11
40.0276
 21
9.46059
  0
LINE
  8
0
 10
40.0276
 20
9.46059
 11
40.3032
 21
9.59229
  0
LINE
  8
0
 10
40.3032
 20
9.59229
 11
40.4464
 21
9.56284
  0
LINE
  8
0
 10
40.4464
 20
9.56284
 11
40.5531
 21
9.47266
  0
LINE
  8
0
 10
40.5531
 20
9.47266
 11
40.6225
 21
9.30608
  0
LINE
  8
0
 10
40.6225
 20
9.30608
 11
40.6466
 21
9.05077
  0
LINE
  8
0
 10
40.6466
 20
9.05077
 11
40.5486
 21
8.63054
  0
LINE
  8
0
 10
40.5486
 20
8.63054
 11
40.2698
 21
8.49779
  0
LINE
  8
0
 10
40.2698
 20
8.49779
 11
40.1303
 21
8.52943
  0
LINE
  8
0
 10
95.4919
 20
8.14586
 11
95.7934
 21
8.34015
  0
LINE
  8
0
 10
95.7934
 20
8.34015
 11
95.9828
 21
8.64787
  0
LINE
  8
0
 10
95.9828
 20
8.64787
 11
96.0449
 21
9.04709
  0
LINE
  8
0
 10
96.0449
 20
9.04709
 11
95.9857
 21
9.45395
  0
LINE
  8
0
 10
95.9857
 20
9.45395
 11
95.8042
 21
9.75937
  0
LINE
  8
0
 10
95.8042
 20
9.75937
 11
95.5072
 21
9.94777
  0
LINE
  8
0
 10
95.5072
 20
9.94777
 11
95.1088
 21
10.0094
  0
LINE
  8
0
 10
95.1088
 20
10.0094
 11
94.7159
 21
9.94557
  0
LINE
  8
0
 10
94.7159
 20
9.94557
 11
94.4164
 21
9.75116
  0
LINE
  8
0
 10
94.4164
 20
9.75116
 11
94.2295
 21
9.44423
  0
LINE
  8
0
 10
94.2295
 20
9.44423
 11
94.1682
 21
9.04735
  0
LINE
  8
0
 10
94.1682
 20
9.04735
 11
94.2294
 21
8.64909
  0
LINE
  8
0
 10
94.2294
 20
8.64909
 11
94.4162
 21
8.34126
  0
LINE
  8
0
 10
94.4162
 20
8.34126
 11
94.7132
 21
8.14615
  0
LINE
  8
0
 10
94.7132
 20
8.14615
 11
95.0992
 21
8.08205
  0
LINE
  8
0
 10
95.0992
 20
8.08205
 11
95.4919
 21
8.14586
  0
LINE
  8
0
 10
94.9491
 20
8.52943
 11
94.8428
 21
8.62804
  0
LINE
  8
0
 10
94.8428
 20
8.62804
 11
94.7734
 21
8.80003
  0
LINE
  8
0
 10
94.7734
 20
8.80003
 11
94.7495
 21
9.04401
  0
LINE
  8
0
 10
94.7495
 20
9.04401
 11
94.8463
 21
9.46059
  0
LINE
  8
0
 10
94.8463
 20
9.46059
 11
95.1219
 21
9.59229
  0
LINE
  8
0
 10
95.1219
 20
9.59229
 11
95.2651
 21
9.56284
  0
LINE
  8
0
 10
95.2651
 20
9.56284
 11
95.3718
 21
9.47266
  0
LINE
  8
0
 10
95.3718
 20
9.47266
 11
95.4412
 21
9.30608
  0
LINE
  8
0
 10
95.4412
 20
9.30608
 11
95.4654
 21
9.05077
  0
LINE
  8
0
 10
95.4654
 20
9.05077
 11
95.3673
 21
8.63054
  0
LINE
  8
0
 10
95.3673
 20
8.63054
 11
95.0885
 21
8.49779
  0
LINE
  8
0
 10
95.0885
 20
8.49779
 11
94.9491
 21
8.52943
  0
LINE
  8
0
 10
108.109
 20
8.10277
 11
108.301
 21
8.16418
  0
LINE
  8
0
 10
108.301
 20
8.16418
 11
108.466
 21
8.26396
  0
LINE
  8
0
 10
108.466
 20
8.26396
 11
108.597
 21
8.39879
  0
LINE
  8
0
 10
108.597
 20
8.39879
 11
108.688
 21
8.56143
  0
LINE
  8
0
 10
108.688
 20
8.56143
 11
108.75
 21
8.79828
  0
LINE
  8
0
 10
108.75
 20
8.79828
 11
108.189
 21
8.82411
  0
LINE
  8
0
 10
108.189
 20
8.82411
 11
108.143
 21
8.65106
  0
LINE
  8
0
 10
108.143
 20
8.65106
 11
108.083
 21
8.56435
  0
LINE
  8
0
 10
108.083
 20
8.56435
 11
108.001
 21
8.51334
  0
LINE
  8
0
 10
108.001
 20
8.51334
 11
107.909
 21
8.49748
  0
LINE
  8
0
 10
107.909
 20
8.49748
 11
107.675
 21
8.62961
  0
LINE
  8
0
 10
107.675
 20
8.62961
 11
107.591
 21
9.05379
  0
LINE
  8
0
 10
107.591
 20
9.05379
 11
107.673
 21
9.46452
  0
LINE
  8
0
 10
107.673
 20
9.46452
 11
107.903
 21
9.59256
  0
LINE
  8
0
 10
107.903
 20
9.59256
 11
108.002
 21
9.57677
  0
LINE
  8
0
 10
108.002
 20
9.57677
 11
108.079
 21
9.52757
  0
LINE
  8
0
 10
108.079
 20
9.52757
 11
108.132
 21
9.44858
  0
LINE
  8
0
 10
108.132
 20
9.44858
 11
108.175
 21
9.29654
  0
LINE
  8
0
 10
108.175
 20
9.29654
 11
108.743
 21
9.32463
  0
LINE
  8
0
 10
108.743
 20
9.32463
 11
108.627
 21
9.6427
  0
LINE
  8
0
 10
108.627
 20
9.6427
 11
108.448
 21
9.84279
  0
LINE
  8
0
 10
108.448
 20
9.84279
 11
108.202
 21
9.96806
  0
LINE
  8
0
 10
108.202
 20
9.96806
 11
107.902
 21
10.0093
  0
LINE
  8
0
 10
107.902
 20
10.0093
 11
107.526
 21
9.94534
  0
LINE
  8
0
 10
107.526
 20
9.94534
 11
107.242
 21
9.75009
  0
LINE
  8
0
 10
107.242
 20
9.75009
 11
107.067
 21
9.44028
  0
LINE
  8
0
 10
107.067
 20
9.44028
 11
107.009
 21
9.03592
  0
LINE
  8
0
 10
107.009
 20
9.03592
 11
107.066
 21
8.63998
  0
LINE
  8
0
 10
107.066
 20
8.63998
 11
107.24
 21
8.33623
  0
LINE
  8
0
 10
107.24
 20
8.33623
 11
107.523
 21
8.14482
  0
LINE
  8
0
 10
107.523
 20
8.14482
 11
107.895
 21
8.08232
  0
LINE
  8
0
 10
107.895
 20
8.08232
 11
108.109
 21
8.10277
  0
LINE
  8
0
 10
93.4576
 20
8.10277
 11
93.6498
 21
8.16418
  0
LINE
  8
0
 10
93.6498
 20
8.16418
 11
93.8148
 21
8.26396
  0
LINE
  8
0
 10
93.8148
 20
8.26396
 11
93.9453
 21
8.39879
  0
LINE
  8
0
 10
93.9453
 20
8.39879
 11
94.0365
 21
8.56143
  0
LINE
  8
0
 10
94.0365
 20
8.56143
 11
94.0982
 21
8.79828
  0
LINE
  8
0
 10
94.0982
 20
8.79828
 11
93.5373
 21
8.82411
  0
LINE
  8
0
 10
93.5373
 20
8.82411
 11
93.4914
 21
8.65106
  0
LINE
  8
0
 10
93.4914
 20
8.65106
 11
93.4311
 21
8.56435
  0
LINE
  8
0
 10
93.4311
 20
8.56435
 11
93.3496
 21
8.51334
  0
LINE
  8
0
 10
93.3496
 20
8.51334
 11
93.2572
 21
8.49748
  0
LINE
  8
0
 10
93.2572
 20
8.49748
 11
93.023
 21
8.62961
  0
LINE
  8
0
 10
93.023
 20
8.62961
 11
92.9395
 21
9.05379
  0
LINE
  8
0
 10
92.9395
 20
9.05379
 11
93.0213
 21
9.46452
  0
LINE
  8
0
 10
93.0213
 20
9.46452
 11
93.2509
 21
9.59256
  0
LINE
  8
0
 10
93.2509
 20
9.59256
 11
93.3504
 21
9.57678
  0
LINE
  8
0
 10
93.3504
 20
9.57678
 11
93.4274
 21
9.52754
  0
LINE
  8
0
 10
93.4274
 20
9.52754
 11
93.4805
 21
9.44862
  0
LINE
  8
0
 10
93.4805
 20
9.44862
 11
93.5233
 21
9.29654
  0
LINE
  8
0
 10
93.5233
 20
9.29654
 11
94.0916
 21
9.32463
  0
LINE
  8
0
 10
94.0916
 20
9.32463
 11
93.975
 21
9.6427
  0
LINE
  8
0
 10
93.975
 20
9.6427
 11
93.7968
 21
9.84279
  0
LINE
  8
0
 10
93.7968
 20
9.84279
 11
93.5506
 21
9.96806
  0
LINE
  8
0
 10
93.5506
 20
9.96806
 11
93.2506
 21
10.0093
  0
LINE
  8
0
 10
93.2506
 20
10.0093
 11
92.8745
 21
9.94534
  0
LINE
  8
0
 10
92.8745
 20
9.94534
 11
92.5902
 21
9.75009
  0
LINE
  8
0
 10
92.5902
 20
9.75009
 11
92.4151
 21
9.44028
  0
LINE
  8
0
 10
92.4151
 20
9.44028
 11
92.3579
 21
9.03592
  0
LINE
  8
0
 10
92.3579
 20
9.03592
 11
92.4148
 21
8.63998
  0
LINE
  8
0
 10
92.4148
 20
8.63998
 11
92.5889
 21
8.33623
  0
LINE
  8
0
 10
92.5889
 20
8.33623
 11
92.8711
 21
8.14482
  0
LINE
  8
0
 10
92.8711
 20
8.14482
 11
93.2431
 21
8.08232
  0
LINE
  8
0
 10
93.2431
 20
8.08232
 11
93.4576
 21
8.10277
  0
LINE
  8
0
 10
82.0565
 20
8.10277
 11
82.2487
 21
8.16418
  0
LINE
  8
0
 10
82.2487
 20
8.16418
 11
82.4137
 21
8.26396
  0
LINE
  8
0
 10
82.4137
 20
8.26396
 11
82.5442
 21
8.39879
  0
LINE
  8
0
 10
82.5442
 20
8.39879
 11
82.6353
 21
8.56143
  0
LINE
  8
0
 10
82.6353
 20
8.56143
 11
82.6971
 21
8.79828
  0
LINE
  8
0
 10
82.6971
 20
8.79828
 11
82.1362
 21
8.82411
  0
LINE
  8
0
 10
82.1362
 20
8.82411
 11
82.0903
 21
8.65106
  0
LINE
  8
0
 10
82.0903
 20
8.65106
 11
82.0299
 21
8.56435
  0
LINE
  8
0
 10
82.0299
 20
8.56435
 11
81.9484
 21
8.51334
  0
LINE
  8
0
 10
81.9484
 20
8.51334
 11
81.8561
 21
8.49748
  0
LINE
  8
0
 10
81.8561
 20
8.49748
 11
81.6219
 21
8.62961
  0
LINE
  8
0
 10
81.6219
 20
8.62961
 11
81.5383
 21
9.05379
  0
LINE
  8
0
 10
81.5383
 20
9.05379
 11
81.6202
 21
9.46452
  0
LINE
  8
0
 10
81.6202
 20
9.46452
 11
81.8498
 21
9.59256
  0
LINE
  8
0
 10
81.8498
 20
9.59256
 11
81.9493
 21
9.57677
  0
LINE
  8
0
 10
81.9493
 20
9.57677
 11
82.0262
 21
9.52757
  0
LINE
  8
0
 10
82.0262
 20
9.52757
 11
82.0794
 21
9.44858
  0
LINE
  8
0
 10
82.0794
 20
9.44858
 11
82.1222
 21
9.29654
  0
LINE
  8
0
 10
82.1222
 20
9.29654
 11
82.6904
 21
9.32463
  0
LINE
  8
0
 10
82.6904
 20
9.32463
 11
82.5738
 21
9.6427
  0
LINE
  8
0
 10
82.5738
 20
9.6427
 11
82.3956
 21
9.84279
  0
LINE
  8
0
 10
82.3956
 20
9.84279
 11
82.1494
 21
9.96806
  0
LINE
  8
0
 10
82.1494
 20
9.96806
 11
81.8495
 21
10.0093
  0
LINE
  8
0
 10
81.8495
 20
10.0093
 11
81.4734
 21
9.94534
  0
LINE
  8
0
 10
81.4734
 20
9.94534
 11
81.1891
 21
9.75009
  0
LINE
  8
0
 10
81.1891
 20
9.75009
 11
81.014
 21
9.44028
  0
LINE
  8
0
 10
81.014
 20
9.44028
 11
80.9567
 21
9.03592
  0
LINE
  8
0
 10
80.9567
 20
9.03592
 11
81.0136
 21
8.63998
  0
LINE
  8
0
 10
81.0136
 20
8.63998
 11
81.1877
 21
8.33623
  0
LINE
  8
0
 10
81.1877
 20
8.33623
 11
81.4699
 21
8.14482
  0
LINE
  8
0
 10
81.4699
 20
8.14482
 11
81.842
 21
8.08232
  0
LINE
  8
0
 10
81.842
 20
8.08232
 11
82.0565
 21
8.10277
  0
LINE
  8
0
 10
83.6922
 20
8.17459
 11
83.8865
 21
8.38426
  0
LINE
  8
0
 10
83.8865
 20
8.38426
 11
83.9021
 21
8.31555
  0
LINE
  8
0
 10
83.9021
 20
8.31555
 11
83.9786
 21
8.19373
  0
LINE
  8
0
 10
83.9786
 20
8.19373
 11
84.1023
 21
8.11879
  0
LINE
  8
0
 10
84.1023
 20
8.11879
 11
84.2663
 21
8.09566
  0
LINE
  8
0
 10
84.2663
 20
8.09566
 11
84.3171
 21
8.09656
  0
LINE
  8
0
 10
84.3171
 20
8.09656
 11
84.3589
 21
8.09915
  0
LINE
  8
0
 10
84.3589
 20
8.09915
 11
84.3963
 21
8.10297
  0
LINE
  8
0
 10
84.3963
 20
8.10297
 11
84.4316
 21
8.1077
  0
LINE
  8
0
 10
84.4316
 20
8.1077
 11
84.4663
 21
8.11377
  0
LINE
  8
0
 10
84.4663
 20
8.11377
 11
84.5005
 21
8.12148
  0
LINE
  8
0
 10
84.5005
 20
8.12148
 11
84.5354
 21
8.13008
  0
LINE
  8
0
 10
84.5354
 20
8.13008
 11
84.6123
 21
8.1487
  0
LINE
  8
0
 10
84.6123
 20
8.1487
 11
84.6123
 21
8.49335
  0
LINE
  8
0
 10
84.6123
 20
8.49335
 11
84.5078
 21
8.47792
  0
LINE
  8
0
 10
84.5078
 20
8.47792
 11
84.4654
 21
8.47591
  0
LINE
  8
0
 10
84.4654
 20
8.47591
 11
84.4185
 21
8.48573
  0
LINE
  8
0
 10
84.4185
 20
8.48573
 11
84.3937
 21
8.50925
  0
LINE
  8
0
 10
84.3937
 20
8.50925
 11
84.3744
 21
8.57022
  0
LINE
  8
0
 10
84.3744
 20
8.57022
 11
84.3665
 21
8.68777
  0
LINE
  8
0
 10
84.3665
 20
8.68777
 11
84.3665
 21
9.33145
  0
LINE
  8
0
 10
84.3665
 20
9.33145
 11
84.3189
 21
9.6145
  0
LINE
  8
0
 10
84.3189
 20
9.6145
 11
84.1706
 21
9.83218
  0
LINE
  8
0
 10
84.1706
 20
9.83218
 11
83.9333
 21
9.96587
  0
LINE
  8
0
 10
83.9333
 20
9.96587
 11
83.6223
 21
10.0091
  0
LINE
  8
0
 10
83.6223
 20
10.0091
 11
83.3129
 21
9.97443
  0
LINE
  8
0
 10
83.3129
 20
9.97443
 11
83.0706
 21
9.86777
  0
LINE
  8
0
 10
83.0706
 20
9.86777
 11
82.902
 21
9.68903
  0
LINE
  8
0
 10
82.902
 20
9.68903
 11
82.795
 21
9.3896
  0
LINE
  8
0
 10
82.795
 20
9.3896
 11
83.3812
 21
9.36159
  0
LINE
  8
0
 10
83.3812
 20
9.36159
 11
83.4144
 21
9.50874
  0
LINE
  8
0
 10
83.4144
 20
9.50874
 11
83.4514
 21
9.56752
  0
LINE
  8
0
 10
83.4514
 20
9.56752
 11
83.5082
 21
9.59979
  0
LINE
  8
0
 10
83.5082
 20
9.59979
 11
83.6009
 21
9.61197
  0
LINE
  8
0
 10
83.6009
 20
9.61197
 11
83.6985
 21
9.59459
  0
LINE
  8
0
 10
83.6985
 20
9.59459
 11
83.758
 21
9.54744
  0
LINE
  8
0
 10
83.758
 20
9.54744
 11
83.7952
 21
9.46013
  0
LINE
  8
0
 10
83.7952
 20
9.46013
 11
83.8092
 21
9.32001
  0
LINE
  8
0
 10
83.8092
 20
9.32001
 11
83.8092
 21
9.28203
  0
LINE
  8
0
 10
83.8092
 20
9.28203
 11
83.4764
 21
9.27632
  0
LINE
  8
0
 10
83.4764
 20
9.27632
 11
83.1669
 21
9.23665
  0
LINE
  8
0
 10
83.1669
 20
9.23665
 11
82.9306
 21
9.11948
  0
LINE
  8
0
 10
82.9306
 20
9.11948
 11
82.7826
 21
8.92494
  0
LINE
  8
0
 10
82.7826
 20
8.92494
 11
82.7343
 21
8.66391
  0
LINE
  8
0
 10
82.7343
 20
8.66391
 11
82.7731
 21
8.4211
  0
LINE
  8
0
 10
82.7731
 20
8.4211
 11
82.8924
 21
8.23517
  0
LINE
  8
0
 10
82.8924
 20
8.23517
 11
83.0821
 21
8.11958
  0
LINE
  8
0
 10
83.0821
 20
8.11958
 11
83.3295
 21
8.08176
  0
LINE
  8
0
 10
83.3295
 20
8.08176
 11
83.6922
 21
8.17459
  0
LINE
  8
0
 10
83.4063
 20
8.51433
 11
83.3575
 21
8.54745
  0
LINE
  8
0
 10
83.3575
 20
8.54745
 11
83.3247
 21
8.60591
  0
LINE
  8
0
 10
83.3247
 20
8.60591
 11
83.3123
 21
8.69992
  0
LINE
  8
0
 10
83.3123
 20
8.69992
 11
83.3198
 21
8.77531
  0
LINE
  8
0
 10
83.3198
 20
8.77531
 11
83.3406
 21
8.82954
  0
LINE
  8
0
 10
83.3406
 20
8.82954
 11
83.3729
 21
8.86798
  0
LINE
  8
0
 10
83.3729
 20
8.86798
 11
83.4183
 21
8.8958
  0
LINE
  8
0
 10
83.4183
 20
8.8958
 11
83.497
 21
8.91591
  0
LINE
  8
0
 10
83.497
 20
8.91591
 11
83.6275
 21
8.92741
  0
LINE
  8
0
 10
83.6275
 20
8.92741
 11
83.8092
 21
8.92995
  0
LINE
  8
0
 10
83.8092
 20
8.92995
 11
83.8092
 21
8.89383
  0
LINE
  8
0
 10
83.8092
 20
8.89383
 11
83.7976
 21
8.78993
  0
LINE
  8
0
 10
83.7976
 20
8.78993
 11
83.7637
 21
8.69458
  0
LINE
  8
0
 10
83.7637
 20
8.69458
 11
83.7106
 21
8.61307
  0
LINE
  8
0
 10
83.7106
 20
8.61307
 11
83.6419
 21
8.55249
  0
LINE
  8
0
 10
83.6419
 20
8.55249
 11
83.5617
 21
8.51479
  0
LINE
  8
0
 10
83.5617
 20
8.51479
 11
83.4743
 21
8.50232
  0
LINE
  8
0
 10
83.4743
 20
8.50232
 11
83.4063
 21
8.51433
  0
LINE
  8
0
 10
61.2539
 20
8.17459
 11
61.4482
 21
8.38426
  0
LINE
  8
0
 10
61.4482
 20
8.38426
 11
61.4637
 21
8.31555
  0
LINE
  8
0
 10
61.4637
 20
8.31555
 11
61.5403
 21
8.19373
  0
LINE
  8
0
 10
61.5403
 20
8.19373
 11
61.664
 21
8.11879
  0
LINE
  8
0
 10
61.664
 20
8.11879
 11
61.828
 21
8.09566
  0
LINE
  8
0
 10
61.828
 20
8.09566
 11
61.8788
 21
8.09656
  0
LINE
  8
0
 10
61.8788
 20
8.09656
 11
61.9206
 21
8.09915
  0
LINE
  8
0
 10
61.9206
 20
8.09915
 11
61.9579
 21
8.10297
  0
LINE
  8
0
 10
61.9579
 20
8.10297
 11
61.9933
 21
8.1077
  0
LINE
  8
0
 10
61.9933
 20
8.1077
 11
62.028
 21
8.11377
  0
LINE
  8
0
 10
62.028
 20
8.11377
 11
62.0622
 21
8.12148
  0
LINE
  8
0
 10
62.0622
 20
8.12148
 11
62.0971
 21
8.13008
  0
LINE
  8
0
 10
62.0971
 20
8.13008
 11
62.174
 21
8.1487
  0
LINE
  8
0
 10
62.174
 20
8.1487
 11
62.174
 21
8.49335
  0
LINE
  8
0
 10
62.174
 20
8.49335
 11
62.0695
 21
8.47792
  0
LINE
  8
0
 10
62.0695
 20
8.47792
 11
62.0271
 21
8.47591
  0
LINE
  8
0
 10
62.0271
 20
8.47591
 11
61.9802
 21
8.48573
  0
LINE
  8
0
 10
61.9802
 20
8.48573
 11
61.9554
 21
8.50922
  0
LINE
  8
0
 10
61.9554
 20
8.50922
 11
61.9361
 21
8.57027
  0
LINE
  8
0
 10
61.9361
 20
8.57027
 11
61.9282
 21
8.68777
  0
LINE
  8
0
 10
61.9282
 20
8.68777
 11
61.9282
 21
9.33145
  0
LINE
  8
0
 10
61.9282
 20
9.33145
 11
61.8805
 21
9.6145
  0
LINE
  8
0
 10
61.8805
 20
9.6145
 11
61.7323
 21
9.83218
  0
LINE
  8
0
 10
61.7323
 20
9.83218
 11
61.4949
 21
9.96587
  0
LINE
  8
0
 10
61.4949
 20
9.96587
 11
61.1839
 21
10.0091
  0
LINE
  8
0
 10
61.1839
 20
10.0091
 11
60.8745
 21
9.97443
  0
LINE
  8
0
 10
60.8745
 20
9.97443
 11
60.6322
 21
9.86777
  0
LINE
  8
0
 10
60.6322
 20
9.86777
 11
60.4637
 21
9.68903
  0
LINE
  8
0
 10
60.4637
 20
9.68903
 11
60.3567
 21
9.3896
  0
LINE
  8
0
 10
60.3567
 20
9.3896
 11
60.9429
 21
9.36159
  0
LINE
  8
0
 10
60.9429
 20
9.36159
 11
60.9761
 21
9.50874
  0
LINE
  8
0
 10
60.9761
 20
9.50874
 11
61.013
 21
9.56752
  0
LINE
  8
0
 10
61.013
 20
9.56752
 11
61.0699
 21
9.59979
  0
LINE
  8
0
 10
61.0699
 20
9.59979
 11
61.1626
 21
9.61197
  0
LINE
  8
0
 10
61.1626
 20
9.61197
 11
61.2602
 21
9.59459
  0
LINE
  8
0
 10
61.2602
 20
9.59459
 11
61.3197
 21
9.54742
  0
LINE
  8
0
 10
61.3197
 20
9.54742
 11
61.3569
 21
9.46019
  0
LINE
  8
0
 10
61.3569
 20
9.46019
 11
61.3709
 21
9.31987
  0
LINE
  8
0
 10
61.3709
 20
9.31987
 11
61.3709
 21
9.28203
  0
LINE
  8
0
 10
61.3709
 20
9.28203
 11
61.0381
 21
9.27632
  0
LINE
  8
0
 10
61.0381
 20
9.27632
 11
60.7286
 21
9.23665
  0
LINE
  8
0
 10
60.7286
 20
9.23665
 11
60.4923
 21
9.11948
  0
LINE
  8
0
 10
60.4923
 20
9.11948
 11
60.3443
 21
8.92494
  0
LINE
  8
0
 10
60.3443
 20
8.92494
 11
60.296
 21
8.66391
  0
LINE
  8
0
 10
60.296
 20
8.66391
 11
60.3348
 21
8.4211
  0
LINE
  8
0
 10
60.3348
 20
8.4211
 11
60.4541
 21
8.23517
  0
LINE
  8
0
 10
60.4541
 20
8.23517
 11
60.6438
 21
8.11958
  0
LINE
  8
0
 10
60.6438
 20
8.11958
 11
60.8912
 21
8.08176
  0
LINE
  8
0
 10
60.8912
 20
8.08176
 11
61.2539
 21
8.17459
  0
LINE
  8
0
 10
60.968
 20
8.51433
 11
60.9192
 21
8.54747
  0
LINE
  8
0
 10
60.9192
 20
8.54747
 11
60.8864
 21
8.60591
  0
LINE
  8
0
 10
60.8864
 20
8.60591
 11
60.8739
 21
8.69992
  0
LINE
  8
0
 10
60.8739
 20
8.69992
 11
60.8815
 21
8.77531
  0
LINE
  8
0
 10
60.8815
 20
8.77531
 11
60.9023
 21
8.82954
  0
LINE
  8
0
 10
60.9023
 20
8.82954
 11
60.9346
 21
8.86798
  0
LINE
  8
0
 10
60.9346
 20
8.86798
 11
60.98
 21
8.8958
  0
LINE
  8
0
 10
60.98
 20
8.8958
 11
61.0587
 21
8.91591
  0
LINE
  8
0
 10
61.0587
 20
8.91591
 11
61.1892
 21
8.92741
  0
LINE
  8
0
 10
61.1892
 20
8.92741
 11
61.3709
 21
8.92995
  0
LINE
  8
0
 10
61.3709
 20
8.92995
 11
61.3709
 21
8.89383
  0
LINE
  8
0
 10
61.3709
 20
8.89383
 11
61.3593
 21
8.78993
  0
LINE
  8
0
 10
61.3593
 20
8.78993
 11
61.3253
 21
8.6946
  0
LINE
  8
0
 10
61.3253
 20
8.6946
 11
61.2723
 21
8.6131
  0
LINE
  8
0
 10
61.2723
 20
8.6131
 11
61.2035
 21
8.55247
  0
LINE
  8
0
 10
61.2035
 20
8.55247
 11
61.1234
 21
8.51477
  0
LINE
  8
0
 10
61.1234
 20
8.51477
 11
61.036
 21
8.50232
  0
LINE
  8
0
 10
61.036
 20
8.50232
 11
60.968
 21
8.51433
  0
LINE
  8
0
 10
56.3727
 20
9.9762
 11
55.7862
 21
9.9762
  0
LINE
  8
0
 10
55.7862
 20
9.9762
 11
55.5194
 21
9.15749
  0
LINE
  8
0
 10
55.5194
 20
9.15749
 11
55.4003
 21
8.78369
  0
LINE
  8
0
 10
55.4003
 20
8.78369
 11
55.3814
 21
8.7193
  0
LINE
  8
0
 10
55.3814
 20
8.7193
 11
55.3551
 21
8.81287
  0
LINE
  8
0
 10
55.3551
 20
8.81287
 11
55.3138
 21
8.95598
  0
LINE
  8
0
 10
55.3138
 20
8.95598
 11
54.995
 21
9.9762
  0
LINE
  8
0
 10
54.995
 20
9.9762
 11
54.4039
 21
9.9762
  0
LINE
  8
0
 10
54.4039
 20
9.9762
 11
55.0695
 21
8.11525
  0
LINE
  8
0
 10
55.0695
 20
8.11525
 11
55.6864
 21
8.11525
  0
LINE
  8
0
 10
55.6864
 20
8.11525
 11
56.3727
 21
9.9762
  0
LINE
  8
0
 10
119.56
 20
7.45807
 11
119.748
 21
7.56493
  0
LINE
  8
0
 10
119.748
 20
7.56493
 11
119.906
 21
7.75883
  0
LINE
  8
0
 10
119.906
 20
7.75883
 11
120.052
 21
8.05251
  0
LINE
  8
0
 10
120.052
 20
8.05251
 11
120.775
 21
9.9762
  0
LINE
  8
0
 10
120.775
 20
9.9762
 11
120.187
 21
9.9762
  0
LINE
  8
0
 10
120.187
 20
9.9762
 11
119.916
 21
9.10869
  0
LINE
  8
0
 10
119.916
 20
9.10869
 11
119.815
 21
8.74634
  0
LINE
  8
0
 10
119.815
 20
8.74634
 11
119.774
 21
8.89111
  0
LINE
  8
0
 10
119.774
 20
8.89111
 11
119.7
 21
9.11678
  0
LINE
  8
0
 10
119.7
 20
9.11678
 11
119.412
 21
9.9762
  0
LINE
  8
0
 10
119.412
 20
9.9762
 11
118.819
 21
9.9762
  0
LINE
  8
0
 10
118.819
 20
9.9762
 11
119.535
 21
8.1835
  0
LINE
  8
0
 10
119.535
 20
8.1835
 11
119.484
 21
8.05896
  0
LINE
  8
0
 10
119.484
 20
8.05896
 11
119.434
 21
7.96986
  0
LINE
  8
0
 10
119.434
 20
7.96986
 11
119.387
 21
7.91714
  0
LINE
  8
0
 10
119.387
 20
7.91714
 11
119.337
 21
7.88359
  0
LINE
  8
0
 10
119.337
 20
7.88359
 11
119.276
 21
7.86429
  0
LINE
  8
0
 10
119.276
 20
7.86429
 11
119.196
 21
7.8573
  0
LINE
  8
0
 10
119.196
 20
7.8573
 11
119.126
 21
7.86034
  0
LINE
  8
0
 10
119.126
 20
7.86034
 11
118.989
 21
7.87651
  0
LINE
  8
0
 10
118.989
 20
7.87651
 11
118.989
 21
7.45029
  0
LINE
  8
0
 10
118.989
 20
7.45029
 11
119.169
 21
7.42897
  0
LINE
  8
0
 10
119.169
 20
7.42897
 11
119.33
 21
7.42345
  0
LINE
  8
0
 10
119.33
 20
7.42345
 11
119.56
 21
7.45807
  0
LINE
  8
0
 10
70.758
 20
9.9762
 11
70.2006
 21
9.9762
  0
LINE
  8
0
 10
70.2006
 20
9.9762
 11
70.2006
 21
8.11525
  0
LINE
  8
0
 10
70.2006
 20
8.11525
 11
70.758
 21
8.11525
  0
LINE
  8
0
 10
70.758
 20
8.11525
 11
70.758
 21
9.9762
  0
LINE
  8
0
 10
72.8331
 20
9.9762
 11
72.2466
 21
9.9762
  0
LINE
  8
0
 10
72.2466
 20
9.9762
 11
71.9798
 21
9.15749
  0
LINE
  8
0
 10
71.9798
 20
9.15749
 11
71.8607
 21
8.78369
  0
LINE
  8
0
 10
71.8607
 20
8.78369
 11
71.8418
 21
8.71931
  0
LINE
  8
0
 10
71.8418
 20
8.71931
 11
71.8155
 21
8.81287
  0
LINE
  8
0
 10
71.8155
 20
8.81287
 11
71.7742
 21
8.95598
  0
LINE
  8
0
 10
71.7742
 20
8.95598
 11
71.4555
 21
9.9762
  0
LINE
  8
0
 10
71.4555
 20
9.9762
 11
70.8643
 21
9.9762
  0
LINE
  8
0
 10
70.8643
 20
9.9762
 11
71.53
 21
8.11525
  0
LINE
  8
0
 10
71.53
 20
8.11525
 11
72.1469
 21
8.11525
  0
LINE
  8
0
 10
72.1469
 20
8.11525
 11
72.8331
 21
9.9762
  0
LINE
  8
0
 10
112.071
 20
8.10681
 11
112.239
 21
8.18149
  0
LINE
  8
0
 10
112.239
 20
8.18149
 11
112.379
 21
8.31039
  0
LINE
  8
0
 10
112.379
 20
8.31039
 11
112.407
 21
8.35738
  0
LINE
  8
0
 10
112.407
 20
8.35738
 11
112.425
 21
8.11525
  0
LINE
  8
0
 10
112.425
 20
8.11525
 11
112.96
 21
8.11525
  0
LINE
  8
0
 10
112.96
 20
8.11525
 11
112.947
 21
8.35019
  0
LINE
  8
0
 10
112.947
 20
8.35019
 11
112.944
 21
8.55913
  0
LINE
  8
0
 10
112.944
 20
8.55913
 11
112.944
 21
9.9762
  0
LINE
  8
0
 10
112.944
 20
9.9762
 11
112.387
 21
9.9762
  0
LINE
  8
0
 10
112.387
 20
9.9762
 11
112.387
 21
8.98534
  0
LINE
  8
0
 10
112.387
 20
8.98534
 11
112.363
 21
8.7935
  0
LINE
  8
0
 10
112.363
 20
8.7935
 11
112.294
 21
8.64719
  0
LINE
  8
0
 10
112.294
 20
8.64719
 11
112.193
 21
8.55574
  0
LINE
  8
0
 10
112.193
 20
8.55574
 11
112.074
 21
8.52728
  0
LINE
  8
0
 10
112.074
 20
8.52728
 11
111.877
 21
8.62468
  0
LINE
  8
0
 10
111.877
 20
8.62468
 11
111.805
 21
8.94385
  0
LINE
  8
0
 10
111.805
 20
8.94385
 11
111.805
 21
9.9762
  0
LINE
  8
0
 10
111.805
 20
9.9762
 11
111.248
 21
9.9762
  0
LINE
  8
0
 10
111.248
 20
9.9762
 11
111.248
 21
8.80493
  0
LINE
  8
0
 10
111.248
 20
8.80493
 11
111.287
 21
8.50081
  0
LINE
  8
0
 10
111.287
 20
8.50081
 11
111.409
 21
8.27045
  0
LINE
  8
0
 10
111.409
 20
8.27045
 11
111.61
 21
8.12831
  0
LINE
  8
0
 10
111.61
 20
8.12831
 11
111.876
 21
8.08218
  0
LINE
  8
0
 10
111.876
 20
8.08218
 11
112.071
 21
8.10681
  0
LINE
  8
0
 10
47.7855
 20
9.9762
 11
47.2282
 21
9.9762
  0
LINE
  8
0
 10
47.2282
 20
9.9762
 11
47.2282
 21
8.11525
  0
LINE
  8
0
 10
47.2282
 20
8.11525
 11
47.7855
 21
8.11525
  0
LINE
  8
0
 10
47.7855
 20
8.11525
 11
47.7855
 21
9.9762
  0
LINE
  8
0
 10
34.8656
 20
9.89807
 11
34.2968
 21
9.89807
  0
LINE
  8
0
 10
34.2968
 20
9.89807
 11
34.2968
 21
9.33913
  0
LINE
  8
0
 10
34.2968
 20
9.33913
 11
34.8656
 21
9.33913
  0
LINE
  8
0
 10
34.8656
 20
9.33913
 11
34.8656
 21
9.89807
  0
LINE
  8
0
 10
75.1955
 20
7.76141
 11
75.2529
 21
7.91402
  0
LINE
  8
0
 10
75.2529
 20
7.91402
 11
75.2855
 21
8.0826
  0
LINE
  8
0
 10
75.2855
 20
8.0826
 11
75.2961
 21
8.27127
  0
LINE
  8
0
 10
75.2961
 20
8.27127
 11
75.2961
 21
8.71165
  0
LINE
  8
0
 10
75.2961
 20
8.71165
 11
74.7258
 21
8.71165
  0
LINE
  8
0
 10
74.7258
 20
8.71165
 11
74.7258
 21
8.11525
  0
LINE
  8
0
 10
74.7258
 20
8.11525
 11
74.9295
 21
8.11525
  0
LINE
  8
0
 10
74.9295
 20
8.11525
 11
74.9217
 21
8.04893
  0
LINE
  8
0
 10
74.9217
 20
8.04893
 11
74.8794
 21
7.92287
  0
LINE
  8
0
 10
74.8794
 20
7.92287
 11
74.8137
 21
7.79683
  0
LINE
  8
0
 10
74.8137
 20
7.79683
 11
74.6718
 21
7.59932
  0
LINE
  8
0
 10
74.6718
 20
7.59932
 11
75.0987
 21
7.59932
  0
LINE
  8
0
 10
75.0987
 20
7.59932
 11
75.1955
 21
7.76141
  0
LINE
  8
0
 10
53.3056
 20
7.76141
 11
53.363
 21
7.91402
  0
LINE
  8
0
 10
53.363
 20
7.91402
 11
53.3955
 21
8.0826
  0
LINE
  8
0
 10
53.3955
 20
8.0826
 11
53.4062
 21
8.27127
  0
LINE
  8
0
 10
53.4062
 20
8.27127
 11
53.4062
 21
8.71165
  0
LINE
  8
0
 10
53.4062
 20
8.71165
 11
52.8358
 21
8.71165
  0
LINE
  8
0
 10
52.8358
 20
8.71165
 11
52.8358
 21
8.11525
  0
LINE
  8
0
 10
52.8358
 20
8.11525
 11
53.0395
 21
8.11525
  0
LINE
  8
0
 10
53.0395
 20
8.11525
 11
53.0317
 21
8.04893
  0
LINE
  8
0
 10
53.0317
 20
8.04893
 11
52.9894
 21
7.92287
  0
LINE
  8
0
 10
52.9894
 20
7.92287
 11
52.9237
 21
7.79683
  0
LINE
  8
0
 10
52.9237
 20
7.79683
 11
52.7818
 21
7.59932
  0
LINE
  8
0
 10
52.7818
 20
7.59932
 11
53.2088
 21
7.59932
  0
LINE
  8
0
 10
53.2088
 20
7.59932
 11
53.3056
 21
7.76141
  0
LINE
  8
0
 10
116.72
 20
8.71165
 11
116.15
 21
8.71165
  0
LINE
  8
0
 10
116.15
 20
8.71165
 11
116.15
 21
8.11525
  0
LINE
  8
0
 10
116.15
 20
8.11525
 11
116.72
 21
8.11525
  0
LINE
  8
0
 10
116.72
 20
8.11525
 11
116.72
 21
8.71165
  0
LINE
  8
0
 10
34.8656
 20
8.67258
 11
34.2968
 21
8.67258
  0
LINE
  8
0
 10
34.2968
 20
8.67258
 11
34.2968
 21
8.11525
  0
LINE
  8
0
 10
34.2968
 20
8.11525
 11
34.8656
 21
8.11525
  0
LINE
  8
0
 10
34.8656
 20
8.11525
 11
34.8656
 21
8.67258
  0
ENDSEC
  0
SECTION
  2
OBJECTS
  0
DICTIONARY
  0
ENDSEC
  0
EOF
