  0
SECTION
  2
BLOCKS
  0
ENDSEC
  0
SECTION
  2
ENTITIES
  0
LINE
  8
0
 10
113.549
 20
-34.168
 11
113.662
 21
-34.1559
  0
LINE
  8
0
 10
113.662
 20
-34.1559
 11
113.768
 21
-34.1357
  0
LINE
  8
0
 10
113.768
 20
-34.1357
 11
113.866
 21
-34.1071
  0
LINE
  8
0
 10
113.866
 20
-34.1071
 11
113.956
 21
-34.07
  0
LINE
  8
0
 10
113.956
 20
-34.07
 11
114.039
 21
-34.0244
  0
LINE
  8
0
 10
114.039
 20
-34.0244
 11
114.113
 21
-33.9701
  0
LINE
  8
0
 10
114.113
 20
-33.9701
 11
114.179
 21
-33.9079
  0
LINE
  8
0
 10
114.179
 20
-33.9079
 11
114.235
 21
-33.8384
  0
LINE
  8
0
 10
114.235
 20
-33.8384
 11
114.28
 21
-33.7619
  0
LINE
  8
0
 10
114.28
 20
-33.7619
 11
114.316
 21
-33.6787
  0
LINE
  8
0
 10
114.316
 20
-33.6787
 11
114.341
 21
-33.5892
  0
LINE
  8
0
 10
114.341
 20
-33.5892
 11
114.355
 21
-33.4936
  0
LINE
  8
0
 10
114.355
 20
-33.4936
 11
114.36
 21
-33.3921
  0
LINE
  8
0
 10
114.36
 20
-33.3921
 11
114.357
 21
-33.3204
  0
LINE
  8
0
 10
114.357
 20
-33.3204
 11
114.347
 21
-33.2519
  0
LINE
  8
0
 10
114.347
 20
-33.2519
 11
114.33
 21
-33.1867
  0
LINE
  8
0
 10
114.33
 20
-33.1867
 11
114.305
 21
-33.1249
  0
LINE
  8
0
 10
114.305
 20
-33.1249
 11
114.274
 21
-33.0668
  0
LINE
  8
0
 10
114.274
 20
-33.0668
 11
114.236
 21
-33.0127
  0
LINE
  8
0
 10
114.236
 20
-33.0127
 11
114.191
 21
-32.9626
  0
LINE
  8
0
 10
114.191
 20
-32.9626
 11
114.14
 21
-32.9171
  0
LINE
  8
0
 10
114.14
 20
-32.9171
 11
114.084
 21
-32.8773
  0
LINE
  8
0
 10
114.084
 20
-32.8773
 11
114.022
 21
-32.8429
  0
LINE
  8
0
 10
114.022
 20
-32.8429
 11
113.954
 21
-32.8142
  0
LINE
  8
0
 10
113.954
 20
-32.8142
 11
113.907
 21
-32.7991
  0
LINE
  8
0
 10
113.907
 20
-32.7991
 11
113.935
 21
-32.788
  0
LINE
  8
0
 10
113.935
 20
-32.788
 11
113.996
 21
-32.7574
  0
LINE
  8
0
 10
113.996
 20
-32.7574
 11
114.051
 21
-32.7222
  0
LINE
  8
0
 10
114.051
 20
-32.7222
 11
114.102
 21
-32.6823
  0
LINE
  8
0
 10
114.102
 20
-32.6823
 11
114.147
 21
-32.6377
  0
LINE
  8
0
 10
114.147
 20
-32.6377
 11
114.187
 21
-32.5888
  0
LINE
  8
0
 10
114.187
 20
-32.5888
 11
114.221
 21
-32.5361
  0
LINE
  8
0
 10
114.221
 20
-32.5361
 11
114.248
 21
-32.4797
  0
LINE
  8
0
 10
114.248
 20
-32.4797
 11
114.27
 21
-32.4199
  0
LINE
  8
0
 10
114.27
 20
-32.4199
 11
114.285
 21
-32.3568
  0
LINE
  8
0
 10
114.285
 20
-32.3568
 11
114.294
 21
-32.2906
  0
LINE
  8
0
 10
114.294
 20
-32.2906
 11
114.297
 21
-32.2211
  0
LINE
  8
0
 10
114.297
 20
-32.2211
 11
114.292
 21
-32.13
  0
LINE
  8
0
 10
114.292
 20
-32.13
 11
114.278
 21
-32.0437
  0
LINE
  8
0
 10
114.278
 20
-32.0437
 11
114.253
 21
-31.9626
  0
LINE
  8
0
 10
114.253
 20
-31.9626
 11
114.219
 21
-31.887
  0
LINE
  8
0
 10
114.219
 20
-31.887
 11
114.175
 21
-31.8173
  0
LINE
  8
0
 10
114.175
 20
-31.8173
 11
114.122
 21
-31.7537
  0
LINE
  8
0
 10
114.122
 20
-31.7537
 11
114.059
 21
-31.6965
  0
LINE
  8
0
 10
114.059
 20
-31.6965
 11
113.987
 21
-31.6465
  0
LINE
  8
0
 10
113.987
 20
-31.6465
 11
113.909
 21
-31.6043
  0
LINE
  8
0
 10
113.909
 20
-31.6043
 11
113.824
 21
-31.5701
  0
LINE
  8
0
 10
113.824
 20
-31.5701
 11
113.733
 21
-31.5437
  0
LINE
  8
0
 10
113.733
 20
-31.5437
 11
113.634
 21
-31.525
  0
LINE
  8
0
 10
113.634
 20
-31.525
 11
113.53
 21
-31.5138
  0
LINE
  8
0
 10
113.53
 20
-31.5138
 11
113.418
 21
-31.5101
  0
LINE
  8
0
 10
113.418
 20
-31.5101
 11
113.312
 21
-31.514
  0
LINE
  8
0
 10
113.312
 20
-31.514
 11
113.212
 21
-31.5256
  0
LINE
  8
0
 10
113.212
 20
-31.5256
 11
113.117
 21
-31.545
  0
LINE
  8
0
 10
113.117
 20
-31.545
 11
113.027
 21
-31.5724
  0
LINE
  8
0
 10
113.027
 20
-31.5724
 11
112.943
 21
-31.6078
  0
LINE
  8
0
 10
112.943
 20
-31.6078
 11
112.865
 21
-31.6512
  0
LINE
  8
0
 10
112.865
 20
-31.6512
 11
112.793
 21
-31.7026
  0
LINE
  8
0
 10
112.793
 20
-31.7026
 11
112.727
 21
-31.7612
  0
LINE
  8
0
 10
112.727
 20
-31.7612
 11
112.67
 21
-31.826
  0
LINE
  8
0
 10
112.67
 20
-31.826
 11
112.621
 21
-31.897
  0
LINE
  8
0
 10
112.621
 20
-31.897
 11
112.58
 21
-31.9739
  0
LINE
  8
0
 10
112.58
 20
-31.9739
 11
112.548
 21
-32.0565
  0
LINE
  8
0
 10
112.548
 20
-32.0565
 11
112.524
 21
-32.1447
  0
LINE
  8
0
 10
112.524
 20
-32.1447
 11
112.499
 21
-32.2902
  0
LINE
  8
0
 10
112.499
 20
-32.2902
 11
113.097
 21
-32.3328
  0
LINE
  8
0
 10
113.097
 20
-32.3328
 11
113.108
 21
-32.2455
  0
LINE
  8
0
 10
113.108
 20
-32.2455
 11
113.116
 21
-32.2099
  0
LINE
  8
0
 10
113.116
 20
-32.2099
 11
113.127
 21
-32.1777
  0
LINE
  8
0
 10
113.127
 20
-32.1777
 11
113.14
 21
-32.1484
  0
LINE
  8
0
 10
113.14
 20
-32.1484
 11
113.156
 21
-32.1221
  0
LINE
  8
0
 10
113.156
 20
-32.1221
 11
113.174
 21
-32.0983
  0
LINE
  8
0
 10
113.174
 20
-32.0983
 11
113.195
 21
-32.077
  0
LINE
  8
0
 10
113.195
 20
-32.077
 11
113.219
 21
-32.0582
  0
LINE
  8
0
 10
113.219
 20
-32.0582
 11
113.244
 21
-32.0423
  0
LINE
  8
0
 10
113.244
 20
-32.0423
 11
113.272
 21
-32.0291
  0
LINE
  8
0
 10
113.272
 20
-32.0291
 11
113.302
 21
-32.0188
  0
LINE
  8
0
 10
113.302
 20
-32.0188
 11
113.335
 21
-32.0113
  0
LINE
  8
0
 10
113.335
 20
-32.0113
 11
113.371
 21
-32.0067
  0
LINE
  8
0
 10
113.371
 20
-32.0067
 11
113.409
 21
-32.0051
  0
LINE
  8
0
 10
113.409
 20
-32.0051
 11
113.45
 21
-32.0068
  0
LINE
  8
0
 10
113.45
 20
-32.0068
 11
113.488
 21
-32.0115
  0
LINE
  8
0
 10
113.488
 20
-32.0115
 11
113.522
 21
-32.0193
  0
LINE
  8
0
 10
113.522
 20
-32.0193
 11
113.552
 21
-32.0298
  0
LINE
  8
0
 10
113.552
 20
-32.0298
 11
113.579
 21
-32.043
  0
LINE
  8
0
 10
113.579
 20
-32.043
 11
113.602
 21
-32.0588
  0
LINE
  8
0
 10
113.602
 20
-32.0588
 11
113.623
 21
-32.0775
  0
LINE
  8
0
 10
113.623
 20
-32.0775
 11
113.642
 21
-32.0989
  0
LINE
  8
0
 10
113.642
 20
-32.0989
 11
113.657
 21
-32.1227
  0
LINE
  8
0
 10
113.657
 20
-32.1227
 11
113.67
 21
-32.1489
  0
LINE
  8
0
 10
113.67
 20
-32.1489
 11
113.681
 21
-32.1778
  0
LINE
  8
0
 10
113.681
 20
-32.1778
 11
113.688
 21
-32.2098
  0
LINE
  8
0
 10
113.688
 20
-32.2098
 11
113.693
 21
-32.2449
  0
LINE
  8
0
 10
113.693
 20
-32.2449
 11
113.694
 21
-32.2828
  0
LINE
  8
0
 10
113.694
 20
-32.2828
 11
113.692
 21
-32.3227
  0
LINE
  8
0
 10
113.692
 20
-32.3227
 11
113.687
 21
-32.3588
  0
LINE
  8
0
 10
113.687
 20
-32.3588
 11
113.677
 21
-32.3916
  0
LINE
  8
0
 10
113.677
 20
-32.3916
 11
113.665
 21
-32.421
  0
LINE
  8
0
 10
113.665
 20
-32.421
 11
113.649
 21
-32.4476
  0
LINE
  8
0
 10
113.649
 20
-32.4476
 11
113.629
 21
-32.4717
  0
LINE
  8
0
 10
113.629
 20
-32.4717
 11
113.605
 21
-32.4937
  0
LINE
  8
0
 10
113.605
 20
-32.4937
 11
113.578
 21
-32.5129
  0
LINE
  8
0
 10
113.578
 20
-32.5129
 11
113.546
 21
-32.5297
  0
LINE
  8
0
 10
113.546
 20
-32.5297
 11
113.51
 21
-32.5437
  0
LINE
  8
0
 10
113.51
 20
-32.5437
 11
113.468
 21
-32.555
  0
LINE
  8
0
 10
113.468
 20
-32.555
 11
113.422
 21
-32.5631
  0
LINE
  8
0
 10
113.422
 20
-32.5631
 11
113.371
 21
-32.5681
  0
LINE
  8
0
 10
113.371
 20
-32.5681
 11
113.315
 21
-32.5698
  0
LINE
  8
0
 10
113.315
 20
-32.5698
 11
113.104
 21
-32.5698
  0
LINE
  8
0
 10
113.104
 20
-32.5698
 11
113.104
 21
-33.07
  0
LINE
  8
0
 10
113.104
 20
-33.07
 11
113.326
 21
-33.07
  0
LINE
  8
0
 10
113.326
 20
-33.07
 11
113.389
 21
-33.0718
  0
LINE
  8
0
 10
113.389
 20
-33.0718
 11
113.446
 21
-33.0769
  0
LINE
  8
0
 10
113.446
 20
-33.0769
 11
113.498
 21
-33.0853
  0
LINE
  8
0
 10
113.498
 20
-33.0853
 11
113.544
 21
-33.0968
  0
LINE
  8
0
 10
113.544
 20
-33.0968
 11
113.585
 21
-33.1113
  0
LINE
  8
0
 10
113.585
 20
-33.1113
 11
113.622
 21
-33.1286
  0
LINE
  8
0
 10
113.622
 20
-33.1286
 11
113.653
 21
-33.1486
  0
LINE
  8
0
 10
113.653
 20
-33.1486
 11
113.68
 21
-33.171
  0
LINE
  8
0
 10
113.68
 20
-33.171
 11
113.702
 21
-33.1956
  0
LINE
  8
0
 10
113.702
 20
-33.1956
 11
113.72
 21
-33.2227
  0
LINE
  8
0
 10
113.72
 20
-33.2227
 11
113.734
 21
-33.2524
  0
LINE
  8
0
 10
113.734
 20
-33.2524
 11
113.744
 21
-33.2854
  0
LINE
  8
0
 10
113.744
 20
-33.2854
 11
113.75
 21
-33.3219
  0
LINE
  8
0
 10
113.75
 20
-33.3219
 11
113.752
 21
-33.3624
  0
LINE
  8
0
 10
113.752
 20
-33.3624
 11
113.751
 21
-33.4078
  0
LINE
  8
0
 10
113.751
 20
-33.4078
 11
113.745
 21
-33.4491
  0
LINE
  8
0
 10
113.745
 20
-33.4491
 11
113.736
 21
-33.4861
  0
LINE
  8
0
 10
113.736
 20
-33.4861
 11
113.724
 21
-33.5189
  0
LINE
  8
0
 10
113.724
 20
-33.5189
 11
113.709
 21
-33.5475
  0
LINE
  8
0
 10
113.709
 20
-33.5475
 11
113.691
 21
-33.5726
  0
LINE
  8
0
 10
113.691
 20
-33.5726
 11
113.67
 21
-33.5947
  0
LINE
  8
0
 10
113.67
 20
-33.5947
 11
113.646
 21
-33.6139
  0
LINE
  8
0
 10
113.646
 20
-33.6139
 11
113.618
 21
-33.6306
  0
LINE
  8
0
 10
113.618
 20
-33.6306
 11
113.587
 21
-33.6444
  0
LINE
  8
0
 10
113.587
 20
-33.6444
 11
113.552
 21
-33.6553
  0
LINE
  8
0
 10
113.552
 20
-33.6553
 11
113.514
 21
-33.6634
  0
LINE
  8
0
 10
113.514
 20
-33.6634
 11
113.472
 21
-33.6683
  0
LINE
  8
0
 10
113.472
 20
-33.6683
 11
113.428
 21
-33.6699
  0
LINE
  8
0
 10
113.428
 20
-33.6699
 11
113.339
 21
-33.6632
  0
LINE
  8
0
 10
113.339
 20
-33.6632
 11
113.265
 21
-33.6438
  0
LINE
  8
0
 10
113.265
 20
-33.6438
 11
113.204
 21
-33.6126
  0
LINE
  8
0
 10
113.204
 20
-33.6126
 11
113.156
 21
-33.5696
  0
LINE
  8
0
 10
113.156
 20
-33.5696
 11
113.117
 21
-33.5134
  0
LINE
  8
0
 10
113.117
 20
-33.5134
 11
113.088
 21
-33.4424
  0
LINE
  8
0
 10
113.088
 20
-33.4424
 11
113.06
 21
-33.3084
  0
LINE
  8
0
 10
113.06
 20
-33.3084
 11
112.457
 21
-33.361
  0
LINE
  8
0
 10
112.457
 20
-33.361
 11
112.482
 21
-33.5125
  0
LINE
  8
0
 10
112.482
 20
-33.5125
 11
112.507
 21
-33.6067
  0
LINE
  8
0
 10
112.507
 20
-33.6067
 11
112.54
 21
-33.6945
  0
LINE
  8
0
 10
112.54
 20
-33.6945
 11
112.583
 21
-33.7757
  0
LINE
  8
0
 10
112.583
 20
-33.7757
 11
112.634
 21
-33.85
  0
LINE
  8
0
 10
112.634
 20
-33.85
 11
112.693
 21
-33.9173
  0
LINE
  8
0
 10
112.693
 20
-33.9173
 11
112.761
 21
-33.9772
  0
LINE
  8
0
 10
112.761
 20
-33.9772
 11
112.837
 21
-34.0294
  0
LINE
  8
0
 10
112.837
 20
-34.0294
 11
112.92
 21
-34.0734
  0
LINE
  8
0
 10
112.92
 20
-34.0734
 11
113.009
 21
-34.1092
  0
LINE
  8
0
 10
113.009
 20
-34.1092
 11
113.104
 21
-34.1368
  0
LINE
  8
0
 10
113.104
 20
-34.1368
 11
113.206
 21
-34.1564
  0
LINE
  8
0
 10
113.206
 20
-34.1564
 11
113.314
 21
-34.1681
  0
LINE
  8
0
 10
113.314
 20
-34.1681
 11
113.429
 21
-34.172
  0
LINE
  8
0
 10
113.429
 20
-34.172
 11
113.549
 21
-34.168
  0
LINE
  8
0
 10
166.019
 20
-34.1651
 11
166.157
 21
-34.153
  0
LINE
  8
0
 10
166.157
 20
-34.153
 11
166.284
 21
-34.1327
  0
LINE
  8
0
 10
166.284
 20
-34.1327
 11
166.402
 21
-34.1041
  0
LINE
  8
0
 10
166.402
 20
-34.1041
 11
166.51
 21
-34.067
  0
LINE
  8
0
 10
166.51
 20
-34.067
 11
166.607
 21
-34.0213
  0
LINE
  8
0
 10
166.607
 20
-34.0213
 11
166.695
 21
-33.9668
  0
LINE
  8
0
 10
166.695
 20
-33.9668
 11
166.772
 21
-33.9039
  0
LINE
  8
0
 10
166.772
 20
-33.9039
 11
166.838
 21
-33.833
  0
LINE
  8
0
 10
166.838
 20
-33.833
 11
166.892
 21
-33.7542
  0
LINE
  8
0
 10
166.892
 20
-33.7542
 11
166.934
 21
-33.6679
  0
LINE
  8
0
 10
166.934
 20
-33.6679
 11
166.963
 21
-33.5745
  0
LINE
  8
0
 10
166.963
 20
-33.5745
 11
166.981
 21
-33.4745
  0
LINE
  8
0
 10
166.981
 20
-33.4745
 11
166.987
 21
-33.3689
  0
LINE
  8
0
 10
166.987
 20
-33.3689
 11
166.986
 21
-33.3222
  0
LINE
  8
0
 10
166.986
 20
-33.3222
 11
166.983
 21
-33.2776
  0
LINE
  8
0
 10
166.983
 20
-33.2776
 11
166.977
 21
-33.2344
  0
LINE
  8
0
 10
166.977
 20
-33.2344
 11
166.97
 21
-33.1926
  0
LINE
  8
0
 10
166.97
 20
-33.1926
 11
166.961
 21
-33.1521
  0
LINE
  8
0
 10
166.961
 20
-33.1521
 11
166.949
 21
-33.113
  0
LINE
  8
0
 10
166.949
 20
-33.113
 11
166.936
 21
-33.0754
  0
LINE
  8
0
 10
166.936
 20
-33.0754
 11
166.92
 21
-33.0393
  0
LINE
  8
0
 10
166.92
 20
-33.0393
 11
166.902
 21
-33.0047
  0
LINE
  8
0
 10
166.902
 20
-33.0047
 11
166.883
 21
-32.9714
  0
LINE
  8
0
 10
166.883
 20
-32.9714
 11
166.862
 21
-32.9396
  0
LINE
  8
0
 10
166.862
 20
-32.9396
 11
166.838
 21
-32.9093
  0
LINE
  8
0
 10
166.838
 20
-32.9093
 11
166.813
 21
-32.8804
  0
LINE
  8
0
 10
166.813
 20
-32.8804
 11
166.786
 21
-32.853
  0
LINE
  8
0
 10
166.786
 20
-32.853
 11
166.757
 21
-32.8269
  0
LINE
  8
0
 10
166.757
 20
-32.8269
 11
166.725
 21
-32.8019
  0
LINE
  8
0
 10
166.725
 20
-32.8019
 11
166.69
 21
-32.778
  0
LINE
  8
0
 10
166.69
 20
-32.778
 11
166.653
 21
-32.7553
  0
LINE
  8
0
 10
166.653
 20
-32.7553
 11
166.613
 21
-32.7336
  0
LINE
  8
0
 10
166.613
 20
-32.7336
 11
166.571
 21
-32.713
  0
LINE
  8
0
 10
166.571
 20
-32.713
 11
166.526
 21
-32.6933
  0
LINE
  8
0
 10
166.526
 20
-32.6933
 11
166.476
 21
-32.6738
  0
LINE
  8
0
 10
166.476
 20
-32.6738
 11
166.418
 21
-32.6541
  0
LINE
  8
0
 10
166.418
 20
-32.6541
 11
166.352
 21
-32.6342
  0
LINE
  8
0
 10
166.352
 20
-32.6342
 11
166.277
 21
-32.6138
  0
LINE
  8
0
 10
166.277
 20
-32.6138
 11
166.195
 21
-32.5931
  0
LINE
  8
0
 10
166.195
 20
-32.5931
 11
166.104
 21
-32.572
  0
LINE
  8
0
 10
166.104
 20
-32.572
 11
166.006
 21
-32.5505
  0
LINE
  8
0
 10
166.006
 20
-32.5505
 11
165.924
 21
-32.5324
  0
LINE
  8
0
 10
165.924
 20
-32.5324
 11
165.852
 21
-32.5154
  0
LINE
  8
0
 10
165.852
 20
-32.5154
 11
165.787
 21
-32.4991
  0
LINE
  8
0
 10
165.787
 20
-32.4991
 11
165.731
 21
-32.4839
  0
LINE
  8
0
 10
165.731
 20
-32.4839
 11
165.683
 21
-32.4696
  0
LINE
  8
0
 10
165.683
 20
-32.4696
 11
165.645
 21
-32.4567
  0
LINE
  8
0
 10
165.645
 20
-32.4567
 11
165.615
 21
-32.445
  0
LINE
  8
0
 10
165.615
 20
-32.445
 11
165.59
 21
-32.4335
  0
LINE
  8
0
 10
165.59
 20
-32.4335
 11
165.567
 21
-32.4213
  0
LINE
  8
0
 10
165.567
 20
-32.4213
 11
165.547
 21
-32.4086
  0
LINE
  8
0
 10
165.547
 20
-32.4086
 11
165.528
 21
-32.3957
  0
LINE
  8
0
 10
165.528
 20
-32.3957
 11
165.512
 21
-32.3823
  0
LINE
  8
0
 10
165.512
 20
-32.3823
 11
165.497
 21
-32.3685
  0
LINE
  8
0
 10
165.497
 20
-32.3685
 11
165.485
 21
-32.3545
  0
LINE
  8
0
 10
165.485
 20
-32.3545
 11
165.475
 21
-32.3405
  0
LINE
  8
0
 10
165.475
 20
-32.3405
 11
165.466
 21
-32.3255
  0
LINE
  8
0
 10
165.466
 20
-32.3255
 11
165.459
 21
-32.3092
  0
LINE
  8
0
 10
165.459
 20
-32.3092
 11
165.453
 21
-32.2911
  0
LINE
  8
0
 10
165.453
 20
-32.2911
 11
165.449
 21
-32.2716
  0
LINE
  8
0
 10
165.449
 20
-32.2716
 11
165.447
 21
-32.2503
  0
LINE
  8
0
 10
165.447
 20
-32.2503
 11
165.446
 21
-32.2294
  0
LINE
  8
0
 10
165.446
 20
-32.2294
 11
165.454
 21
-32.162
  0
LINE
  8
0
 10
165.454
 20
-32.162
 11
165.477
 21
-32.1094
  0
LINE
  8
0
 10
165.477
 20
-32.1094
 11
165.515
 21
-32.0663
  0
LINE
  8
0
 10
165.515
 20
-32.0663
 11
165.572
 21
-32.0309
  0
LINE
  8
0
 10
165.572
 20
-32.0309
 11
165.649
 21
-32.0039
  0
LINE
  8
0
 10
165.649
 20
-32.0039
 11
165.748
 21
-31.9869
  0
LINE
  8
0
 10
165.748
 20
-31.9869
 11
165.869
 21
-31.9811
  0
LINE
  8
0
 10
165.869
 20
-31.9811
 11
165.927
 21
-31.9827
  0
LINE
  8
0
 10
165.927
 20
-31.9827
 11
165.981
 21
-31.9874
  0
LINE
  8
0
 10
165.981
 20
-31.9874
 11
166.03
 21
-31.9951
  0
LINE
  8
0
 10
166.03
 20
-31.9951
 11
166.075
 21
-32.0057
  0
LINE
  8
0
 10
166.075
 20
-32.0057
 11
166.115
 21
-32.0191
  0
LINE
  8
0
 10
166.115
 20
-32.0191
 11
166.15
 21
-32.0351
  0
LINE
  8
0
 10
166.15
 20
-32.0351
 11
166.181
 21
-32.0537
  0
LINE
  8
0
 10
166.181
 20
-32.0537
 11
166.209
 21
-32.075
  0
LINE
  8
0
 10
166.209
 20
-32.075
 11
166.234
 21
-32.0991
  0
LINE
  8
0
 10
166.234
 20
-32.0991
 11
166.256
 21
-32.126
  0
LINE
  8
0
 10
166.256
 20
-32.126
 11
166.276
 21
-32.1559
  0
LINE
  8
0
 10
166.276
 20
-32.1559
 11
166.293
 21
-32.189
  0
LINE
  8
0
 10
166.293
 20
-32.189
 11
166.307
 21
-32.2257
  0
LINE
  8
0
 10
166.307
 20
-32.2257
 11
166.331
 21
-32.3092
  0
LINE
  8
0
 10
166.331
 20
-32.3092
 11
166.933
 21
-32.227
  0
LINE
  8
0
 10
166.933
 20
-32.227
 11
166.897
 21
-32.0794
  0
LINE
  8
0
 10
166.897
 20
-32.0794
 11
166.866
 21
-31.991
  0
LINE
  8
0
 10
166.866
 20
-31.991
 11
166.828
 21
-31.91
  0
LINE
  8
0
 10
166.828
 20
-31.91
 11
166.782
 21
-31.8366
  0
LINE
  8
0
 10
166.782
 20
-31.8366
 11
166.728
 21
-31.771
  0
LINE
  8
0
 10
166.728
 20
-31.771
 11
166.667
 21
-31.7137
  0
LINE
  8
0
 10
166.667
 20
-31.7137
 11
166.599
 21
-31.6647
  0
LINE
  8
0
 10
166.599
 20
-31.6647
 11
166.523
 21
-31.6235
  0
LINE
  8
0
 10
166.523
 20
-31.6235
 11
166.438
 21
-31.5891
  0
LINE
  8
0
 10
166.438
 20
-31.5891
 11
166.344
 21
-31.5613
  0
LINE
  8
0
 10
166.344
 20
-31.5613
 11
166.241
 21
-31.5399
  0
LINE
  8
0
 10
166.241
 20
-31.5399
 11
166.129
 21
-31.5247
  0
LINE
  8
0
 10
166.129
 20
-31.5247
 11
166.009
 21
-31.5156
  0
LINE
  8
0
 10
166.009
 20
-31.5156
 11
165.879
 21
-31.5126
  0
LINE
  8
0
 10
165.879
 20
-31.5126
 11
165.743
 21
-31.5163
  0
LINE
  8
0
 10
165.743
 20
-31.5163
 11
165.615
 21
-31.5276
  0
LINE
  8
0
 10
165.615
 20
-31.5276
 11
165.497
 21
-31.5464
  0
LINE
  8
0
 10
165.497
 20
-31.5464
 11
165.388
 21
-31.573
  0
LINE
  8
0
 10
165.388
 20
-31.573
 11
165.287
 21
-31.6075
  0
LINE
  8
0
 10
165.287
 20
-31.6075
 11
165.196
 21
-31.65
  0
LINE
  8
0
 10
165.196
 20
-31.65
 11
165.114
 21
-31.7007
  0
LINE
  8
0
 10
165.114
 20
-31.7007
 11
165.042
 21
-31.7592
  0
LINE
  8
0
 10
165.042
 20
-31.7592
 11
164.98
 21
-31.8253
  0
LINE
  8
0
 10
164.98
 20
-31.8253
 11
164.929
 21
-31.8986
  0
LINE
  8
0
 10
164.929
 20
-31.8986
 11
164.89
 21
-31.9788
  0
LINE
  8
0
 10
164.89
 20
-31.9788
 11
164.862
 21
-32.0656
  0
LINE
  8
0
 10
164.862
 20
-32.0656
 11
164.845
 21
-32.1585
  0
LINE
  8
0
 10
164.845
 20
-32.1585
 11
164.84
 21
-32.2564
  0
LINE
  8
0
 10
164.84
 20
-32.2564
 11
164.841
 21
-32.2964
  0
LINE
  8
0
 10
164.841
 20
-32.2964
 11
164.843
 21
-32.3344
  0
LINE
  8
0
 10
164.843
 20
-32.3344
 11
164.846
 21
-32.3713
  0
LINE
  8
0
 10
164.846
 20
-32.3713
 11
164.852
 21
-32.407
  0
LINE
  8
0
 10
164.852
 20
-32.407
 11
164.858
 21
-32.4417
  0
LINE
  8
0
 10
164.858
 20
-32.4417
 11
164.867
 21
-32.4753
  0
LINE
  8
0
 10
164.867
 20
-32.4753
 11
164.877
 21
-32.5076
  0
LINE
  8
0
 10
164.877
 20
-32.5076
 11
164.888
 21
-32.5386
  0
LINE
  8
0
 10
164.888
 20
-32.5386
 11
164.9
 21
-32.5684
  0
LINE
  8
0
 10
164.9
 20
-32.5684
 11
164.914
 21
-32.5972
  0
LINE
  8
0
 10
164.914
 20
-32.5972
 11
164.929
 21
-32.6249
  0
LINE
  8
0
 10
164.929
 20
-32.6249
 11
164.945
 21
-32.6515
  0
LINE
  8
0
 10
164.945
 20
-32.6515
 11
164.963
 21
-32.677
  0
LINE
  8
0
 10
164.963
 20
-32.677
 11
164.981
 21
-32.7014
  0
LINE
  8
0
 10
164.981
 20
-32.7014
 11
165.001
 21
-32.7245
  0
LINE
  8
0
 10
165.001
 20
-32.7245
 11
165.022
 21
-32.7467
  0
LINE
  8
0
 10
165.022
 20
-32.7467
 11
165.044
 21
-32.7678
  0
LINE
  8
0
 10
165.044
 20
-32.7678
 11
165.068
 21
-32.7879
  0
LINE
  8
0
 10
165.068
 20
-32.7879
 11
165.092
 21
-32.807
  0
LINE
  8
0
 10
165.092
 20
-32.807
 11
165.117
 21
-32.8251
  0
LINE
  8
0
 10
165.117
 20
-32.8251
 11
165.144
 21
-32.8421
  0
LINE
  8
0
 10
165.144
 20
-32.8421
 11
165.171
 21
-32.858
  0
LINE
  8
0
 10
165.171
 20
-32.858
 11
165.199
 21
-32.8732
  0
LINE
  8
0
 10
165.199
 20
-32.8732
 11
165.228
 21
-32.8878
  0
LINE
  8
0
 10
165.228
 20
-32.8878
 11
165.257
 21
-32.9018
  0
LINE
  8
0
 10
165.257
 20
-32.9018
 11
165.287
 21
-32.9151
  0
LINE
  8
0
 10
165.287
 20
-32.9151
 11
165.319
 21
-32.9278
  0
LINE
  8
0
 10
165.319
 20
-32.9278
 11
165.351
 21
-32.9399
  0
LINE
  8
0
 10
165.351
 20
-32.9399
 11
165.387
 21
-32.9523
  0
LINE
  8
0
 10
165.387
 20
-32.9523
 11
165.43
 21
-32.9655
  0
LINE
  8
0
 10
165.43
 20
-32.9655
 11
165.479
 21
-32.9797
  0
LINE
  8
0
 10
165.479
 20
-32.9797
 11
165.535
 21
-32.9949
  0
LINE
  8
0
 10
165.535
 20
-32.9949
 11
165.598
 21
-33.0111
  0
LINE
  8
0
 10
165.598
 20
-33.0111
 11
165.668
 21
-33.0282
  0
LINE
  8
0
 10
165.668
 20
-33.0282
 11
165.745
 21
-33.0466
  0
LINE
  8
0
 10
165.745
 20
-33.0466
 11
165.833
 21
-33.0649
  0
LINE
  8
0
 10
165.833
 20
-33.0649
 11
165.911
 21
-33.0822
  0
LINE
  8
0
 10
165.911
 20
-33.0822
 11
165.982
 21
-33.0987
  0
LINE
  8
0
 10
165.982
 20
-33.0987
 11
166.043
 21
-33.1144
  0
LINE
  8
0
 10
166.043
 20
-33.1144
 11
166.095
 21
-33.129
  0
LINE
  8
0
 10
166.095
 20
-33.129
 11
166.139
 21
-33.1427
  0
LINE
  8
0
 10
166.139
 20
-33.1427
 11
166.173
 21
-33.1553
  0
LINE
  8
0
 10
166.173
 20
-33.1553
 11
166.202
 21
-33.1678
  0
LINE
  8
0
 10
166.202
 20
-33.1678
 11
166.229
 21
-33.1812
  0
LINE
  8
0
 10
166.229
 20
-33.1812
 11
166.254
 21
-33.1951
  0
LINE
  8
0
 10
166.254
 20
-33.1951
 11
166.276
 21
-33.2097
  0
LINE
  8
0
 10
166.276
 20
-33.2097
 11
166.297
 21
-33.225
  0
LINE
  8
0
 10
166.297
 20
-33.225
 11
166.315
 21
-33.2408
  0
LINE
  8
0
 10
166.315
 20
-33.2408
 11
166.331
 21
-33.2569
  0
LINE
  8
0
 10
166.331
 20
-33.2569
 11
166.344
 21
-33.2733
  0
LINE
  8
0
 10
166.344
 20
-33.2733
 11
166.355
 21
-33.2903
  0
LINE
  8
0
 10
166.355
 20
-33.2903
 11
166.364
 21
-33.3088
  0
LINE
  8
0
 10
166.364
 20
-33.3088
 11
166.371
 21
-33.3284
  0
LINE
  8
0
 10
166.371
 20
-33.3284
 11
166.376
 21
-33.3499
  0
LINE
  8
0
 10
166.376
 20
-33.3499
 11
166.38
 21
-33.3729
  0
LINE
  8
0
 10
166.38
 20
-33.3729
 11
166.381
 21
-33.396
  0
LINE
  8
0
 10
166.381
 20
-33.396
 11
166.371
 21
-33.4723
  0
LINE
  8
0
 10
166.371
 20
-33.4723
 11
166.344
 21
-33.5326
  0
LINE
  8
0
 10
166.344
 20
-33.5326
 11
166.299
 21
-33.5822
  0
LINE
  8
0
 10
166.299
 20
-33.5822
 11
166.232
 21
-33.623
  0
LINE
  8
0
 10
166.232
 20
-33.623
 11
166.141
 21
-33.6537
  0
LINE
  8
0
 10
166.141
 20
-33.6537
 11
166.025
 21
-33.6729
  0
LINE
  8
0
 10
166.025
 20
-33.6729
 11
165.885
 21
-33.6794
  0
LINE
  8
0
 10
165.885
 20
-33.6794
 11
165.816
 21
-33.6777
  0
LINE
  8
0
 10
165.816
 20
-33.6777
 11
165.751
 21
-33.6725
  0
LINE
  8
0
 10
165.751
 20
-33.6725
 11
165.691
 21
-33.6639
  0
LINE
  8
0
 10
165.691
 20
-33.6639
 11
165.636
 21
-33.652
  0
LINE
  8
0
 10
165.636
 20
-33.652
 11
165.586
 21
-33.6369
  0
LINE
  8
0
 10
165.586
 20
-33.6369
 11
165.541
 21
-33.6187
  0
LINE
  8
0
 10
165.541
 20
-33.6187
 11
165.501
 21
-33.5976
  0
LINE
  8
0
 10
165.501
 20
-33.5976
 11
165.466
 21
-33.5733
  0
LINE
  8
0
 10
165.466
 20
-33.5733
 11
165.434
 21
-33.5452
  0
LINE
  8
0
 10
165.434
 20
-33.5452
 11
165.405
 21
-33.5132
  0
LINE
  8
0
 10
165.405
 20
-33.5132
 11
165.38
 21
-33.477
  0
LINE
  8
0
 10
165.38
 20
-33.477
 11
165.358
 21
-33.4365
  0
LINE
  8
0
 10
165.358
 20
-33.4365
 11
165.34
 21
-33.3912
  0
LINE
  8
0
 10
165.34
 20
-33.3912
 11
165.311
 21
-33.2975
  0
LINE
  8
0
 10
165.311
 20
-33.2975
 11
164.71
 21
-33.3965
  0
LINE
  8
0
 10
164.71
 20
-33.3965
 11
164.752
 21
-33.5472
  0
LINE
  8
0
 10
164.752
 20
-33.5472
 11
164.788
 21
-33.6397
  0
LINE
  8
0
 10
164.788
 20
-33.6397
 11
164.833
 21
-33.7251
  0
LINE
  8
0
 10
164.833
 20
-33.7251
 11
164.886
 21
-33.8033
  0
LINE
  8
0
 10
164.886
 20
-33.8033
 11
164.948
 21
-33.8741
  0
LINE
  8
0
 10
164.948
 20
-33.8741
 11
165.018
 21
-33.9371
  0
LINE
  8
0
 10
165.018
 20
-33.9371
 11
165.096
 21
-33.9923
  0
LINE
  8
0
 10
165.096
 20
-33.9923
 11
165.182
 21
-34.0398
  0
LINE
  8
0
 10
165.182
 20
-34.0398
 11
165.277
 21
-34.0797
  0
LINE
  8
0
 10
165.277
 20
-34.0797
 11
165.38
 21
-34.1122
  0
LINE
  8
0
 10
165.38
 20
-34.1122
 11
165.491
 21
-34.1372
  0
LINE
  8
0
 10
165.491
 20
-34.1372
 11
165.61
 21
-34.155
  0
LINE
  8
0
 10
165.61
 20
-34.155
 11
165.737
 21
-34.1656
  0
LINE
  8
0
 10
165.737
 20
-34.1656
 11
165.872
 21
-34.1691
  0
LINE
  8
0
 10
165.872
 20
-34.1691
 11
166.019
 21
-34.1651
  0
LINE
  8
0
 10
96.3462
 20
-33.6444
 11
95.2255
 21
-33.6444
  0
LINE
  8
0
 10
95.2255
 20
-33.6444
 11
95.2366
 21
-33.6265
  0
LINE
  8
0
 10
95.2366
 20
-33.6265
 11
95.2568
 21
-33.5977
  0
LINE
  8
0
 10
95.2568
 20
-33.5977
 11
95.2785
 21
-33.57
  0
LINE
  8
0
 10
95.2785
 20
-33.57
 11
95.3029
 21
-33.5421
  0
LINE
  8
0
 10
95.3029
 20
-33.5421
 11
95.3295
 21
-33.5145
  0
LINE
  8
0
 10
95.3295
 20
-33.5145
 11
95.3581
 21
-33.4866
  0
LINE
  8
0
 10
95.3581
 20
-33.4866
 11
95.3878
 21
-33.4585
  0
LINE
  8
0
 10
95.3878
 20
-33.4585
 11
95.418
 21
-33.431
  0
LINE
  8
0
 10
95.418
 20
-33.431
 11
95.45
 21
-33.4026
  0
LINE
  8
0
 10
95.45
 20
-33.4026
 11
95.4825
 21
-33.3746
  0
LINE
  8
0
 10
95.4825
 20
-33.3746
 11
95.5154
 21
-33.3472
  0
LINE
  8
0
 10
95.5154
 20
-33.3472
 11
95.5499
 21
-33.3192
  0
LINE
  8
0
 10
95.5499
 20
-33.3192
 11
95.621
 21
-33.2624
  0
LINE
  8
0
 10
95.621
 20
-33.2624
 11
95.6934
 21
-33.2047
  0
LINE
  8
0
 10
95.6934
 20
-33.2047
 11
95.7671
 21
-33.1462
  0
LINE
  8
0
 10
95.7671
 20
-33.1462
 11
95.8047
 21
-33.1164
  0
LINE
  8
0
 10
95.8047
 20
-33.1164
 11
95.8424
 21
-33.0858
  0
LINE
  8
0
 10
95.8424
 20
-33.0858
 11
95.8794
 21
-33.0544
  0
LINE
  8
0
 10
95.8794
 20
-33.0544
 11
95.9154
 21
-33.0224
  0
LINE
  8
0
 10
95.9154
 20
-33.0224
 11
95.9504
 21
-32.9897
  0
LINE
  8
0
 10
95.9504
 20
-32.9897
 11
95.9844
 21
-32.9564
  0
LINE
  8
0
 10
95.9844
 20
-32.9564
 11
96.0174
 21
-32.9225
  0
LINE
  8
0
 10
96.0174
 20
-32.9225
 11
96.0496
 21
-32.8878
  0
LINE
  8
0
 10
96.0496
 20
-32.8878
 11
96.0807
 21
-32.8519
  0
LINE
  8
0
 10
96.0807
 20
-32.8519
 11
96.1103
 21
-32.815
  0
LINE
  8
0
 10
96.1103
 20
-32.815
 11
96.1382
 21
-32.7772
  0
LINE
  8
0
 10
96.1382
 20
-32.7772
 11
96.1646
 21
-32.7383
  0
LINE
  8
0
 10
96.1646
 20
-32.7383
 11
96.1892
 21
-32.6986
  0
LINE
  8
0
 10
96.1892
 20
-32.6986
 11
96.2122
 21
-32.6579
  0
LINE
  8
0
 10
96.2122
 20
-32.6579
 11
96.2338
 21
-32.6159
  0
LINE
  8
0
 10
96.2338
 20
-32.6159
 11
96.2533
 21
-32.572
  0
LINE
  8
0
 10
96.2533
 20
-32.572
 11
96.2699
 21
-32.5265
  0
LINE
  8
0
 10
96.2699
 20
-32.5265
 11
96.2835
 21
-32.4795
  0
LINE
  8
0
 10
96.2835
 20
-32.4795
 11
96.294
 21
-32.4312
  0
LINE
  8
0
 10
96.294
 20
-32.4312
 11
96.3015
 21
-32.3816
  0
LINE
  8
0
 10
96.3015
 20
-32.3816
 11
96.306
 21
-32.3308
  0
LINE
  8
0
 10
96.306
 20
-32.3308
 11
96.3075
 21
-32.2782
  0
LINE
  8
0
 10
96.3075
 20
-32.2782
 11
96.3029
 21
-32.182
  0
LINE
  8
0
 10
96.3029
 20
-32.182
 11
96.2889
 21
-32.0909
  0
LINE
  8
0
 10
96.2889
 20
-32.0909
 11
96.2653
 21
-32.0054
  0
LINE
  8
0
 10
96.2653
 20
-32.0054
 11
96.232
 21
-31.9259
  0
LINE
  8
0
 10
96.232
 20
-31.9259
 11
96.1891
 21
-31.8525
  0
LINE
  8
0
 10
96.1891
 20
-31.8525
 11
96.1367
 21
-31.7858
  0
LINE
  8
0
 10
96.1367
 20
-31.7858
 11
96.0748
 21
-31.7257
  0
LINE
  8
0
 10
96.0748
 20
-31.7257
 11
96.0044
 21
-31.6732
  0
LINE
  8
0
 10
96.0044
 20
-31.6732
 11
95.9262
 21
-31.6291
  0
LINE
  8
0
 10
95.9262
 20
-31.6291
 11
95.8405
 21
-31.5932
  0
LINE
  8
0
 10
95.8405
 20
-31.5932
 11
95.7474
 21
-31.5656
  0
LINE
  8
0
 10
95.7474
 20
-31.5656
 11
95.6472
 21
-31.546
  0
LINE
  8
0
 10
95.6472
 20
-31.546
 11
95.5398
 21
-31.5343
  0
LINE
  8
0
 10
95.5398
 20
-31.5343
 11
95.4252
 21
-31.5304
  0
LINE
  8
0
 10
95.4252
 20
-31.5304
 11
95.3184
 21
-31.5343
  0
LINE
  8
0
 10
95.3184
 20
-31.5343
 11
95.2175
 21
-31.5459
  0
LINE
  8
0
 10
95.2175
 20
-31.5459
 11
95.1226
 21
-31.5653
  0
LINE
  8
0
 10
95.1226
 20
-31.5653
 11
95.0337
 21
-31.5928
  0
LINE
  8
0
 10
95.0337
 20
-31.5928
 11
94.951
 21
-31.6283
  0
LINE
  8
0
 10
94.951
 20
-31.6283
 11
94.8747
 21
-31.672
  0
LINE
  8
0
 10
94.8747
 20
-31.672
 11
94.805
 21
-31.7237
  0
LINE
  8
0
 10
94.805
 20
-31.7237
 11
94.7424
 21
-31.7832
  0
LINE
  8
0
 10
94.7424
 20
-31.7832
 11
94.6875
 21
-31.8497
  0
LINE
  8
0
 10
94.6875
 20
-31.8497
 11
94.6404
 21
-31.9233
  0
LINE
  8
0
 10
94.6404
 20
-31.9233
 11
94.601
 21
-32.0036
  0
LINE
  8
0
 10
94.601
 20
-32.0036
 11
94.5695
 21
-32.0904
  0
LINE
  8
0
 10
94.5695
 20
-32.0904
 11
94.5456
 21
-32.1836
  0
LINE
  8
0
 10
94.5456
 20
-32.1836
 11
94.5206
 21
-32.336
  0
LINE
  8
0
 10
94.5206
 20
-32.336
 11
95.1195
 21
-32.3699
  0
LINE
  8
0
 10
95.1195
 20
-32.3699
 11
95.1351
 21
-32.2806
  0
LINE
  8
0
 10
95.1351
 20
-32.2806
 11
95.1449
 21
-32.2405
  0
LINE
  8
0
 10
95.1449
 20
-32.2405
 11
95.1568
 21
-32.2041
  0
LINE
  8
0
 10
95.1568
 20
-32.2041
 11
95.1705
 21
-32.1717
  0
LINE
  8
0
 10
95.1705
 20
-32.1717
 11
95.1861
 21
-32.1428
  0
LINE
  8
0
 10
95.1861
 20
-32.1428
 11
95.2032
 21
-32.1178
  0
LINE
  8
0
 10
95.2032
 20
-32.1178
 11
95.222
 21
-32.0961
  0
LINE
  8
0
 10
95.222
 20
-32.0961
 11
95.2425
 21
-32.0778
  0
LINE
  8
0
 10
95.2425
 20
-32.0778
 11
95.2656
 21
-32.0623
  0
LINE
  8
0
 10
95.2656
 20
-32.0623
 11
95.2914
 21
-32.0495
  0
LINE
  8
0
 10
95.2914
 20
-32.0495
 11
95.3205
 21
-32.0392
  0
LINE
  8
0
 10
95.3205
 20
-32.0392
 11
95.353
 21
-32.0317
  0
LINE
  8
0
 10
95.353
 20
-32.0317
 11
95.3892
 21
-32.027
  0
LINE
  8
0
 10
95.3892
 20
-32.027
 11
95.4279
 21
-32.0255
  0
LINE
  8
0
 10
95.4279
 20
-32.0255
 11
95.5068
 21
-32.0315
  0
LINE
  8
0
 10
95.5068
 20
-32.0315
 11
95.5696
 21
-32.0486
  0
LINE
  8
0
 10
95.5696
 20
-32.0486
 11
95.6181
 21
-32.0754
  0
LINE
  8
0
 10
95.6181
 20
-32.0754
 11
95.6548
 21
-32.1118
  0
LINE
  8
0
 10
95.6548
 20
-32.1118
 11
95.6817
 21
-32.16
  0
LINE
  8
0
 10
95.6817
 20
-32.16
 11
95.6988
 21
-32.2224
  0
LINE
  8
0
 10
95.6988
 20
-32.2224
 11
95.7048
 21
-32.3003
  0
LINE
  8
0
 10
95.7048
 20
-32.3003
 11
95.703
 21
-32.3322
  0
LINE
  8
0
 10
95.703
 20
-32.3322
 11
95.6975
 21
-32.3649
  0
LINE
  8
0
 10
95.6975
 20
-32.3649
 11
95.6882
 21
-32.3983
  0
LINE
  8
0
 10
95.6882
 20
-32.3983
 11
95.6749
 21
-32.4325
  0
LINE
  8
0
 10
95.6749
 20
-32.4325
 11
95.6575
 21
-32.4674
  0
LINE
  8
0
 10
95.6575
 20
-32.4674
 11
95.636
 21
-32.503
  0
LINE
  8
0
 10
95.636
 20
-32.503
 11
95.6103
 21
-32.5392
  0
LINE
  8
0
 10
95.6103
 20
-32.5392
 11
95.5787
 21
-32.5781
  0
LINE
  8
0
 10
95.5787
 20
-32.5781
 11
95.5411
 21
-32.6198
  0
LINE
  8
0
 10
95.5411
 20
-32.6198
 11
95.4963
 21
-32.6655
  0
LINE
  8
0
 10
95.4963
 20
-32.6655
 11
95.4451
 21
-32.7143
  0
LINE
  8
0
 10
95.4451
 20
-32.7143
 11
95.3875
 21
-32.7663
  0
LINE
  8
0
 10
95.3875
 20
-32.7663
 11
95.3233
 21
-32.8215
  0
LINE
  8
0
 10
95.3233
 20
-32.8215
 11
95.2523
 21
-32.8801
  0
LINE
  8
0
 10
95.2523
 20
-32.8801
 11
95.1763
 21
-32.9431
  0
LINE
  8
0
 10
95.1763
 20
-32.9431
 11
95.1036
 21
-33.0056
  0
LINE
  8
0
 10
95.1036
 20
-33.0056
 11
95.0346
 21
-33.0675
  0
LINE
  8
0
 10
95.0346
 20
-33.0675
 11
94.9694
 21
-33.1288
  0
LINE
  8
0
 10
94.9694
 20
-33.1288
 11
94.908
 21
-33.1894
  0
LINE
  8
0
 10
94.908
 20
-33.1894
 11
94.8502
 21
-33.2494
  0
LINE
  8
0
 10
94.8502
 20
-33.2494
 11
94.7962
 21
-33.3088
  0
LINE
  8
0
 10
94.7962
 20
-33.3088
 11
94.7455
 21
-33.3683
  0
LINE
  8
0
 10
94.7455
 20
-33.3683
 11
94.6982
 21
-33.4284
  0
LINE
  8
0
 10
94.6982
 20
-33.4284
 11
94.6543
 21
-33.4891
  0
LINE
  8
0
 10
94.6543
 20
-33.4891
 11
94.6137
 21
-33.5503
  0
LINE
  8
0
 10
94.6137
 20
-33.5503
 11
94.5765
 21
-33.6121
  0
LINE
  8
0
 10
94.5765
 20
-33.6121
 11
94.5427
 21
-33.6744
  0
LINE
  8
0
 10
94.5427
 20
-33.6744
 11
94.5078
 21
-33.7465
  0
LINE
  8
0
 10
94.5078
 20
-33.7465
 11
94.5078
 21
-34.1517
  0
LINE
  8
0
 10
94.5078
 20
-34.1517
 11
96.3462
 21
-34.1517
  0
LINE
  8
0
 10
96.3462
 20
-34.1517
 11
96.3462
 21
-33.6444
  0
LINE
  8
0
 10
147.899
 20
-34.145
 11
148.04
 21
-34.1286
  0
LINE
  8
0
 10
148.04
 20
-34.1286
 11
148.171
 21
-34.1011
  0
LINE
  8
0
 10
148.171
 20
-34.1011
 11
148.293
 21
-34.0623
  0
LINE
  8
0
 10
148.293
 20
-34.0623
 11
148.406
 21
-34.0122
  0
LINE
  8
0
 10
148.406
 20
-34.0122
 11
148.509
 21
-33.9507
  0
LINE
  8
0
 10
148.509
 20
-33.9507
 11
148.603
 21
-33.8778
  0
LINE
  8
0
 10
148.603
 20
-33.8778
 11
148.685
 21
-33.7944
  0
LINE
  8
0
 10
148.685
 20
-33.7944
 11
148.754
 21
-33.7018
  0
LINE
  8
0
 10
148.754
 20
-33.7018
 11
148.811
 21
-33.6
  0
LINE
  8
0
 10
148.811
 20
-33.6
 11
148.855
 21
-33.4895
  0
LINE
  8
0
 10
148.855
 20
-33.4895
 11
148.886
 21
-33.3705
  0
LINE
  8
0
 10
148.886
 20
-33.3705
 11
148.905
 21
-33.2433
  0
LINE
  8
0
 10
148.905
 20
-33.2433
 11
148.911
 21
-33.1089
  0
LINE
  8
0
 10
148.911
 20
-33.1089
 11
148.911
 21
-31.5309
  0
LINE
  8
0
 10
148.911
 20
-31.5309
 11
148.291
 21
-31.5309
  0
LINE
  8
0
 10
148.291
 20
-31.5309
 11
148.291
 21
-33.075
  0
LINE
  8
0
 10
148.291
 20
-33.075
 11
148.288
 21
-33.1545
  0
LINE
  8
0
 10
148.288
 20
-33.1545
 11
148.279
 21
-33.2269
  0
LINE
  8
0
 10
148.279
 20
-33.2269
 11
148.265
 21
-33.2929
  0
LINE
  8
0
 10
148.265
 20
-33.2929
 11
148.246
 21
-33.3531
  0
LINE
  8
0
 10
148.246
 20
-33.3531
 11
148.22
 21
-33.4074
  0
LINE
  8
0
 10
148.22
 20
-33.4074
 11
148.19
 21
-33.456
  0
LINE
  8
0
 10
148.19
 20
-33.456
 11
148.155
 21
-33.4993
  0
LINE
  8
0
 10
148.155
 20
-33.4993
 11
148.114
 21
-33.537
  0
LINE
  8
0
 10
148.114
 20
-33.537
 11
148.069
 21
-33.569
  0
LINE
  8
0
 10
148.069
 20
-33.569
 11
148.019
 21
-33.5953
  0
LINE
  8
0
 10
148.019
 20
-33.5953
 11
147.963
 21
-33.616
  0
LINE
  8
0
 10
147.963
 20
-33.616
 11
147.902
 21
-33.631
  0
LINE
  8
0
 10
147.902
 20
-33.631
 11
147.835
 21
-33.64
  0
LINE
  8
0
 10
147.835
 20
-33.64
 11
147.763
 21
-33.6431
  0
LINE
  8
0
 10
147.763
 20
-33.6431
 11
147.692
 21
-33.6402
  0
LINE
  8
0
 10
147.692
 20
-33.6402
 11
147.628
 21
-33.6315
  0
LINE
  8
0
 10
147.628
 20
-33.6315
 11
147.569
 21
-33.6172
  0
LINE
  8
0
 10
147.569
 20
-33.6172
 11
147.516
 21
-33.5976
  0
LINE
  8
0
 10
147.516
 20
-33.5976
 11
147.468
 21
-33.5727
  0
LINE
  8
0
 10
147.468
 20
-33.5727
 11
147.426
 21
-33.5424
  0
LINE
  8
0
 10
147.426
 20
-33.5424
 11
147.388
 21
-33.5068
  0
LINE
  8
0
 10
147.388
 20
-33.5068
 11
147.355
 21
-33.4655
  0
LINE
  8
0
 10
147.355
 20
-33.4655
 11
147.327
 21
-33.4189
  0
LINE
  8
0
 10
147.327
 20
-33.4189
 11
147.304
 21
-33.3662
  0
LINE
  8
0
 10
147.304
 20
-33.3662
 11
147.285
 21
-33.3075
  0
LINE
  8
0
 10
147.285
 20
-33.3075
 11
147.272
 21
-33.2424
  0
LINE
  8
0
 10
147.272
 20
-33.2424
 11
147.264
 21
-33.1712
  0
LINE
  8
0
 10
147.264
 20
-33.1712
 11
147.261
 21
-33.0928
  0
LINE
  8
0
 10
147.261
 20
-33.0928
 11
147.261
 21
-31.5309
  0
LINE
  8
0
 10
147.261
 20
-31.5309
 11
146.641
 21
-31.5309
  0
LINE
  8
0
 10
146.641
 20
-31.5309
 11
146.641
 21
-33.1353
  0
LINE
  8
0
 10
146.641
 20
-33.1353
 11
146.647
 21
-33.2674
  0
LINE
  8
0
 10
146.647
 20
-33.2674
 11
146.664
 21
-33.3922
  0
LINE
  8
0
 10
146.664
 20
-33.3922
 11
146.693
 21
-33.5087
  0
LINE
  8
0
 10
146.693
 20
-33.5087
 11
146.734
 21
-33.6167
  0
LINE
  8
0
 10
146.734
 20
-33.6167
 11
146.787
 21
-33.716
  0
LINE
  8
0
 10
146.787
 20
-33.716
 11
146.852
 21
-33.8062
  0
LINE
  8
0
 10
146.852
 20
-33.8062
 11
146.929
 21
-33.887
  0
LINE
  8
0
 10
146.929
 20
-33.887
 11
147.017
 21
-33.9576
  0
LINE
  8
0
 10
147.017
 20
-33.9576
 11
147.115
 21
-34.017
  0
LINE
  8
0
 10
147.115
 20
-34.017
 11
147.223
 21
-34.0655
  0
LINE
  8
0
 10
147.223
 20
-34.0655
 11
147.34
 21
-34.1029
  0
LINE
  8
0
 10
147.34
 20
-34.1029
 11
147.467
 21
-34.1294
  0
LINE
  8
0
 10
147.467
 20
-34.1294
 11
147.603
 21
-34.1452
  0
LINE
  8
0
 10
147.603
 20
-34.1452
 11
147.749
 21
-34.1505
  0
LINE
  8
0
 10
147.749
 20
-34.1505
 11
147.899
 21
-34.145
  0
LINE
  8
0
 10
144.793
 20
-33.4804
 11
145.669
 21
-33.4804
  0
LINE
  8
0
 10
145.669
 20
-33.4804
 11
145.889
 21
-34.1152
  0
LINE
  8
0
 10
145.889
 20
-34.1152
 11
146.511
 21
-34.1152
  0
LINE
  8
0
 10
146.511
 20
-34.1152
 11
145.572
 21
-31.5309
  0
LINE
  8
0
 10
145.572
 20
-31.5309
 11
144.888
 21
-31.5309
  0
LINE
  8
0
 10
144.888
 20
-31.5309
 11
143.946
 21
-34.1152
  0
LINE
  8
0
 10
143.946
 20
-34.1152
 11
144.573
 21
-34.1152
  0
LINE
  8
0
 10
144.573
 20
-34.1152
 11
144.793
 21
-33.4804
  0
LINE
  8
0
 10
144.944
 20
-32.989
 11
144.996
 21
-32.8384
  0
LINE
  8
0
 10
144.996
 20
-32.8384
 11
145.06
 21
-32.6514
  0
LINE
  8
0
 10
145.06
 20
-32.6514
 11
145.114
 21
-32.4941
  0
LINE
  8
0
 10
145.114
 20
-32.4941
 11
145.157
 21
-32.3665
  0
LINE
  8
0
 10
145.157
 20
-32.3665
 11
145.19
 21
-32.2687
  0
LINE
  8
0
 10
145.19
 20
-32.2687
 11
145.213
 21
-32.2005
  0
LINE
  8
0
 10
145.213
 20
-32.2005
 11
145.225
 21
-32.1618
  0
LINE
  8
0
 10
145.225
 20
-32.1618
 11
145.232
 21
-32.1392
  0
LINE
  8
0
 10
145.232
 20
-32.1392
 11
145.296
 21
-32.3406
  0
LINE
  8
0
 10
145.296
 20
-32.3406
 11
145.518
 21
-32.989
  0
LINE
  8
0
 10
145.518
 20
-32.989
 11
144.944
 21
-32.989
  0
LINE
  8
0
 10
150.227
 20
-33.1697
 11
150.823
 21
-34.1152
  0
LINE
  8
0
 10
150.823
 20
-34.1152
 11
151.488
 21
-34.1152
  0
LINE
  8
0
 10
151.488
 20
-34.1152
 11
150.63
 21
-32.7589
  0
LINE
  8
0
 10
150.63
 20
-32.7589
 11
151.416
 21
-31.5309
  0
LINE
  8
0
 10
151.416
 20
-31.5309
 11
150.751
 21
-31.5309
  0
LINE
  8
0
 10
150.751
 20
-31.5309
 11
150.227
 21
-32.365
  0
LINE
  8
0
 10
150.227
 20
-32.365
 11
149.702
 21
-31.5309
  0
LINE
  8
0
 10
149.702
 20
-31.5309
 11
149.031
 21
-31.5309
  0
LINE
  8
0
 10
149.031
 20
-31.5309
 11
149.853
 21
-32.7589
  0
LINE
  8
0
 10
149.853
 20
-32.7589
 11
148.96
 21
-34.1152
  0
LINE
  8
0
 10
148.96
 20
-34.1152
 11
149.63
 21
-34.1152
  0
LINE
  8
0
 10
149.63
 20
-34.1152
 11
150.227
 21
-33.1697
  0
LINE
  8
0
 10
109.772
 20
-33.4967
 11
110.648
 21
-33.4967
  0
LINE
  8
0
 10
110.648
 20
-33.4967
 11
110.868
 21
-34.1314
  0
LINE
  8
0
 10
110.868
 20
-34.1314
 11
111.49
 21
-34.1314
  0
LINE
  8
0
 10
111.49
 20
-34.1314
 11
110.551
 21
-31.5472
  0
LINE
  8
0
 10
110.551
 20
-31.5472
 11
109.867
 21
-31.5472
  0
LINE
  8
0
 10
109.867
 20
-31.5472
 11
108.925
 21
-34.1314
  0
LINE
  8
0
 10
108.925
 20
-34.1314
 11
109.552
 21
-34.1314
  0
LINE
  8
0
 10
109.552
 20
-34.1314
 11
109.772
 21
-33.4967
  0
LINE
  8
0
 10
109.923
 20
-33.0053
 11
109.975
 21
-32.8547
  0
LINE
  8
0
 10
109.975
 20
-32.8547
 11
110.039
 21
-32.6676
  0
LINE
  8
0
 10
110.039
 20
-32.6676
 11
110.092
 21
-32.5103
  0
LINE
  8
0
 10
110.092
 20
-32.5103
 11
110.136
 21
-32.3828
  0
LINE
  8
0
 10
110.136
 20
-32.3828
 11
110.169
 21
-32.285
  0
LINE
  8
0
 10
110.169
 20
-32.285
 11
110.191
 21
-32.2168
  0
LINE
  8
0
 10
110.191
 20
-32.2168
 11
110.204
 21
-32.1781
  0
LINE
  8
0
 10
110.204
 20
-32.1781
 11
110.211
 21
-32.1555
  0
LINE
  8
0
 10
110.211
 20
-32.1555
 11
110.274
 21
-32.3569
  0
LINE
  8
0
 10
110.274
 20
-32.3569
 11
110.497
 21
-33.0053
  0
LINE
  8
0
 10
110.497
 20
-33.0053
 11
109.923
 21
-33.0053
  0
LINE
  8
0
 10
112.264
 20
-31.5472
 11
111.644
 21
-31.5472
  0
LINE
  8
0
 10
111.644
 20
-31.5472
 11
111.644
 21
-34.1314
  0
LINE
  8
0
 10
111.644
 20
-34.1314
 11
112.264
 21
-34.1314
  0
LINE
  8
0
 10
112.264
 20
-34.1314
 11
112.264
 21
-31.5472
  0
LINE
  8
0
 10
78.3903
 20
-33.6646
 11
77.8208
 21
-33.6646
  0
LINE
  8
0
 10
77.8208
 20
-33.6646
 11
77.8208
 21
-31.5488
  0
LINE
  8
0
 10
77.8208
 20
-31.5488
 11
77.287
 21
-31.5488
  0
LINE
  8
0
 10
77.287
 20
-31.5488
 11
76.6294
 21
-31.9754
  0
LINE
  8
0
 10
76.6294
 20
-31.9754
 11
76.6294
 21
-32.4824
  0
LINE
  8
0
 10
76.6294
 20
-32.4824
 11
77.2254
 21
-32.1104
  0
LINE
  8
0
 10
77.2254
 20
-32.1104
 11
77.2254
 21
-33.6646
  0
LINE
  8
0
 10
77.2254
 20
-33.6646
 11
76.61
 21
-33.6646
  0
LINE
  8
0
 10
76.61
 20
-33.6646
 11
76.61
 21
-34.1331
  0
LINE
  8
0
 10
76.61
 20
-34.1331
 11
78.3903
 21
-34.1331
  0
LINE
  8
0
 10
78.3903
 20
-34.1331
 11
78.3903
 21
-33.6646
  0
LINE
  8
0
 10
76.2645
 20
-31.5488
 11
75.6444
 21
-31.5488
  0
LINE
  8
0
 10
75.6444
 20
-31.5488
 11
75.6444
 21
-34.1331
  0
LINE
  8
0
 10
75.6444
 20
-34.1331
 11
76.2645
 21
-34.1331
  0
LINE
  8
0
 10
76.2645
 20
-34.1331
 11
76.2645
 21
-31.5488
  0
LINE
  8
0
 10
127.772
 20
-33.4983
 11
128.648
 21
-33.4983
  0
LINE
  8
0
 10
128.648
 20
-33.4983
 11
128.868
 21
-34.1331
  0
LINE
  8
0
 10
128.868
 20
-34.1331
 11
129.49
 21
-34.1331
  0
LINE
  8
0
 10
129.49
 20
-34.1331
 11
128.551
 21
-31.5488
  0
LINE
  8
0
 10
128.551
 20
-31.5488
 11
127.867
 21
-31.5488
  0
LINE
  8
0
 10
127.867
 20
-31.5488
 11
126.925
 21
-34.1331
  0
LINE
  8
0
 10
126.925
 20
-34.1331
 11
127.552
 21
-34.1331
  0
LINE
  8
0
 10
127.552
 20
-34.1331
 11
127.772
 21
-33.4983
  0
LINE
  8
0
 10
127.923
 20
-33.0069
 11
127.975
 21
-32.8563
  0
LINE
  8
0
 10
127.975
 20
-32.8563
 11
128.039
 21
-32.6692
  0
LINE
  8
0
 10
128.039
 20
-32.6692
 11
128.092
 21
-32.5119
  0
LINE
  8
0
 10
128.092
 20
-32.5119
 11
128.136
 21
-32.3844
  0
LINE
  8
0
 10
128.136
 20
-32.3844
 11
128.169
 21
-32.2866
  0
LINE
  8
0
 10
128.169
 20
-32.2866
 11
128.191
 21
-32.2184
  0
LINE
  8
0
 10
128.191
 20
-32.2184
 11
128.204
 21
-32.1797
  0
LINE
  8
0
 10
128.204
 20
-32.1797
 11
128.211
 21
-32.1571
  0
LINE
  8
0
 10
128.211
 20
-32.1571
 11
128.274
 21
-32.3585
  0
LINE
  8
0
 10
128.274
 20
-32.3585
 11
128.497
 21
-33.0069
  0
LINE
  8
0
 10
128.497
 20
-33.0069
 11
127.923
 21
-33.0069
  0
LINE
  8
0
 10
73.7721
 20
-33.4983
 11
74.6478
 21
-33.4983
  0
LINE
  8
0
 10
74.6478
 20
-33.4983
 11
74.8682
 21
-34.1331
  0
LINE
  8
0
 10
74.8682
 20
-34.1331
 11
75.49
 21
-34.1331
  0
LINE
  8
0
 10
75.49
 20
-34.1331
 11
74.5509
 21
-31.5488
  0
LINE
  8
0
 10
74.5509
 20
-31.5488
 11
73.8673
 21
-31.5488
  0
LINE
  8
0
 10
73.8673
 20
-31.5488
 11
72.9246
 21
-34.1331
  0
LINE
  8
0
 10
72.9246
 20
-34.1331
 11
73.5517
 21
-34.1331
  0
LINE
  8
0
 10
73.5517
 20
-34.1331
 11
73.7721
 21
-33.4983
  0
LINE
  8
0
 10
73.923
 20
-33.0069
 11
73.9746
 21
-32.8563
  0
LINE
  8
0
 10
73.9746
 20
-32.8563
 11
74.0387
 21
-32.6692
  0
LINE
  8
0
 10
74.0387
 20
-32.6692
 11
74.0924
 21
-32.5119
  0
LINE
  8
0
 10
74.0924
 20
-32.5119
 11
74.1358
 21
-32.3844
  0
LINE
  8
0
 10
74.1358
 20
-32.3844
 11
74.1688
 21
-32.2866
  0
LINE
  8
0
 10
74.1688
 20
-32.2866
 11
74.1915
 21
-32.2184
  0
LINE
  8
0
 10
74.1915
 20
-32.2184
 11
74.2039
 21
-32.1797
  0
LINE
  8
0
 10
74.2039
 20
-32.1797
 11
74.2108
 21
-32.1571
  0
LINE
  8
0
 10
74.2108
 20
-32.1571
 11
74.2744
 21
-32.3585
  0
LINE
  8
0
 10
74.2744
 20
-32.3585
 11
74.497
 21
-33.0069
  0
LINE
  8
0
 10
74.497
 20
-33.0069
 11
73.923
 21
-33.0069
  0
LINE
  8
0
 10
130.264
 20
-31.5488
 11
129.644
 21
-31.5488
  0
LINE
  8
0
 10
129.644
 20
-31.5488
 11
129.644
 21
-34.1331
  0
LINE
  8
0
 10
129.644
 20
-34.1331
 11
130.264
 21
-34.1331
  0
LINE
  8
0
 10
130.264
 20
-34.1331
 11
130.264
 21
-31.5488
  0
LINE
  8
0
 10
132.14
 20
-33.627
 11
132.471
 21
-33.627
  0
LINE
  8
0
 10
132.471
 20
-33.627
 11
132.471
 21
-33.1585
  0
LINE
  8
0
 10
132.471
 20
-33.1585
 11
132.14
 21
-33.1585
  0
LINE
  8
0
 10
132.14
 20
-33.1585
 11
132.14
 21
-31.5488
  0
LINE
  8
0
 10
132.14
 20
-31.5488
 11
131.509
 21
-31.5488
  0
LINE
  8
0
 10
131.509
 20
-31.5488
 11
130.437
 21
-33.1901
  0
LINE
  8
0
 10
130.437
 20
-33.1901
 11
130.437
 21
-33.627
  0
LINE
  8
0
 10
130.437
 20
-33.627
 11
131.567
 21
-33.627
  0
LINE
  8
0
 10
131.567
 20
-33.627
 11
131.567
 21
-34.1331
  0
LINE
  8
0
 10
131.567
 20
-34.1331
 11
132.14
 21
-34.1331
  0
LINE
  8
0
 10
132.14
 20
-34.1331
 11
132.14
 21
-33.627
  0
LINE
  8
0
 10
130.984
 20
-33.1585
 11
131.51
 21
-32.3594
  0
LINE
  8
0
 10
131.51
 20
-32.3594
 11
131.543
 21
-32.3072
  0
LINE
  8
0
 10
131.543
 20
-32.3072
 11
131.57
 21
-32.2629
  0
LINE
  8
0
 10
131.57
 20
-32.2629
 11
131.569
 21
-32.2801
  0
LINE
  8
0
 10
131.569
 20
-32.2801
 11
131.569
 21
-32.3099
  0
LINE
  8
0
 10
131.569
 20
-32.3099
 11
131.568
 21
-32.3392
  0
LINE
  8
0
 10
131.568
 20
-32.3392
 11
131.568
 21
-32.3678
  0
LINE
  8
0
 10
131.568
 20
-32.3678
 11
131.567
 21
-32.3956
  0
LINE
  8
0
 10
131.567
 20
-32.3956
 11
131.567
 21
-33.1585
  0
LINE
  8
0
 10
131.567
 20
-33.1585
 11
130.984
 21
-33.1585
  0
LINE
  8
0
 10
168.434
 20
-32.0516
 11
169.238
 21
-32.0516
  0
LINE
  8
0
 10
169.238
 20
-32.0516
 11
169.238
 21
-31.5496
  0
LINE
  8
0
 10
169.238
 20
-31.5496
 11
167.012
 21
-31.5496
  0
LINE
  8
0
 10
167.012
 20
-31.5496
 11
167.012
 21
-32.0516
  0
LINE
  8
0
 10
167.012
 20
-32.0516
 11
167.814
 21
-32.0516
  0
LINE
  8
0
 10
167.814
 20
-32.0516
 11
167.814
 21
-34.1339
  0
LINE
  8
0
 10
167.814
 20
-34.1339
 11
168.434
 21
-34.1339
  0
LINE
  8
0
 10
168.434
 20
-34.1339
 11
168.434
 21
-32.0516
  0
LINE
  8
0
 10
171.133
 20
-33.6654
 11
170.564
 21
-33.6654
  0
LINE
  8
0
 10
170.564
 20
-33.6654
 11
170.564
 21
-31.5496
  0
LINE
  8
0
 10
170.564
 20
-31.5496
 11
170.03
 21
-31.5496
  0
LINE
  8
0
 10
170.03
 20
-31.5496
 11
169.372
 21
-31.9762
  0
LINE
  8
0
 10
169.372
 20
-31.9762
 11
169.372
 21
-32.4832
  0
LINE
  8
0
 10
169.372
 20
-32.4832
 11
169.968
 21
-32.1112
  0
LINE
  8
0
 10
169.968
 20
-32.1112
 11
169.968
 21
-33.6654
  0
LINE
  8
0
 10
169.968
 20
-33.6654
 11
169.353
 21
-33.6654
  0
LINE
  8
0
 10
169.353
 20
-33.6654
 11
169.353
 21
-34.1339
  0
LINE
  8
0
 10
169.353
 20
-34.1339
 11
171.133
 21
-34.1339
  0
LINE
  8
0
 10
171.133
 20
-34.1339
 11
171.133
 21
-33.6654
  0
LINE
  8
0
 10
162.989
 20
-33.4991
 11
163.864
 21
-33.4991
  0
LINE
  8
0
 10
163.864
 20
-33.4991
 11
164.085
 21
-34.1339
  0
LINE
  8
0
 10
164.085
 20
-34.1339
 11
164.706
 21
-34.1339
  0
LINE
  8
0
 10
164.706
 20
-34.1339
 11
163.767
 21
-31.5496
  0
LINE
  8
0
 10
163.767
 20
-31.5496
 11
163.084
 21
-31.5496
  0
LINE
  8
0
 10
163.084
 20
-31.5496
 11
162.141
 21
-34.1339
  0
LINE
  8
0
 10
162.141
 20
-34.1339
 11
162.768
 21
-34.1339
  0
LINE
  8
0
 10
162.768
 20
-34.1339
 11
162.989
 21
-33.4991
  0
LINE
  8
0
 10
163.139
 20
-33.0077
 11
163.191
 21
-32.8571
  0
LINE
  8
0
 10
163.191
 20
-32.8571
 11
163.255
 21
-32.67
  0
LINE
  8
0
 10
163.255
 20
-32.67
 11
163.309
 21
-32.5128
  0
LINE
  8
0
 10
163.309
 20
-32.5128
 11
163.352
 21
-32.3852
  0
LINE
  8
0
 10
163.352
 20
-32.3852
 11
163.385
 21
-32.2874
  0
LINE
  8
0
 10
163.385
 20
-32.2874
 11
163.408
 21
-32.2192
  0
LINE
  8
0
 10
163.408
 20
-32.2192
 11
163.42
 21
-32.1805
  0
LINE
  8
0
 10
163.42
 20
-32.1805
 11
163.427
 21
-32.1579
  0
LINE
  8
0
 10
163.427
 20
-32.1579
 11
163.491
 21
-32.3593
  0
LINE
  8
0
 10
163.491
 20
-32.3593
 11
163.714
 21
-33.0077
  0
LINE
  8
0
 10
163.714
 20
-33.0077
 11
163.139
 21
-33.0077
  0
LINE
  8
0
 10
160.975
 20
-33.2223
 11
162.246
 21
-33.2223
  0
LINE
  8
0
 10
162.246
 20
-33.2223
 11
162.246
 21
-32.7204
  0
LINE
  8
0
 10
162.246
 20
-32.7204
 11
160.975
 21
-32.7204
  0
LINE
  8
0
 10
160.975
 20
-32.7204
 11
160.975
 21
-32.0516
  0
LINE
  8
0
 10
160.975
 20
-32.0516
 11
162.287
 21
-32.0516
  0
LINE
  8
0
 10
162.287
 20
-32.0516
 11
162.287
 21
-31.5496
  0
LINE
  8
0
 10
162.287
 20
-31.5496
 11
160.355
 21
-31.5496
  0
LINE
  8
0
 10
160.355
 20
-31.5496
 11
160.355
 21
-34.1339
  0
LINE
  8
0
 10
160.355
 20
-34.1339
 11
160.975
 21
-34.1339
  0
LINE
  8
0
 10
160.975
 20
-34.1339
 11
160.975
 21
-33.2223
  0
LINE
  8
0
 10
91.7721
 20
-33.517
 11
92.6478
 21
-33.517
  0
LINE
  8
0
 10
92.6478
 20
-33.517
 11
92.8682
 21
-34.1517
  0
LINE
  8
0
 10
92.8682
 20
-34.1517
 11
93.49
 21
-34.1517
  0
LINE
  8
0
 10
93.49
 20
-34.1517
 11
92.5509
 21
-31.5675
  0
LINE
  8
0
 10
92.5509
 20
-31.5675
 11
91.8673
 21
-31.5675
  0
LINE
  8
0
 10
91.8673
 20
-31.5675
 11
90.9246
 21
-34.1517
  0
LINE
  8
0
 10
90.9246
 20
-34.1517
 11
91.5517
 21
-34.1517
  0
LINE
  8
0
 10
91.5517
 20
-34.1517
 11
91.7721
 21
-33.517
  0
LINE
  8
0
 10
91.923
 20
-33.0256
 11
91.9746
 21
-32.875
  0
LINE
  8
0
 10
91.9746
 20
-32.875
 11
92.0387
 21
-32.6879
  0
LINE
  8
0
 10
92.0387
 20
-32.6879
 11
92.0924
 21
-32.5306
  0
LINE
  8
0
 10
92.0924
 20
-32.5306
 11
92.1358
 21
-32.4031
  0
LINE
  8
0
 10
92.1358
 20
-32.4031
 11
92.1688
 21
-32.3053
  0
LINE
  8
0
 10
92.1688
 20
-32.3053
 11
92.1915
 21
-32.2371
  0
LINE
  8
0
 10
92.1915
 20
-32.2371
 11
92.2039
 21
-32.1984
  0
LINE
  8
0
 10
92.2039
 20
-32.1984
 11
92.2108
 21
-32.1758
  0
LINE
  8
0
 10
92.2108
 20
-32.1758
 11
92.2744
 21
-32.3772
  0
LINE
  8
0
 10
92.2744
 20
-32.3772
 11
92.497
 21
-33.0256
  0
LINE
  8
0
 10
92.497
 20
-33.0256
 11
91.923
 21
-33.0256
  0
LINE
  8
0
 10
94.2645
 20
-31.5675
 11
93.6444
 21
-31.5675
  0
LINE
  8
0
 10
93.6444
 20
-31.5675
 11
93.6444
 21
-34.1517
  0
LINE
  8
0
 10
93.6444
 20
-34.1517
 11
94.2645
 21
-34.1517
  0
LINE
  8
0
 10
94.2645
 20
-34.1517
 11
94.2645
 21
-31.5675
  0
LINE
  8
0
 10
43.0807
 20
-47.0626
 11
43.2503
 21
-47.0469
  0
LINE
  8
0
 10
43.2503
 20
-47.0469
 11
43.4138
 21
-47.0206
  0
LINE
  8
0
 10
43.4138
 20
-47.0206
 11
43.5711
 21
-46.9838
  0
LINE
  8
0
 10
43.5711
 20
-46.9838
 11
43.7222
 21
-46.9364
  0
LINE
  8
0
 10
43.7222
 20
-46.9364
 11
43.8671
 21
-46.8783
  0
LINE
  8
0
 10
43.8671
 20
-46.8783
 11
44.0057
 21
-46.8097
  0
LINE
  8
0
 10
44.0057
 20
-46.8097
 11
44.1367
 21
-46.731
  0
LINE
  8
0
 10
44.1367
 20
-46.731
 11
44.2589
 21
-46.6428
  0
LINE
  8
0
 10
44.2589
 20
-46.6428
 11
44.3722
 21
-46.5451
  0
LINE
  8
0
 10
44.3722
 20
-46.5451
 11
44.4765
 21
-46.438
  0
LINE
  8
0
 10
44.4765
 20
-46.438
 11
44.5718
 21
-46.3217
  0
LINE
  8
0
 10
44.5718
 20
-46.3217
 11
44.6581
 21
-46.196
  0
LINE
  8
0
 10
44.6581
 20
-46.196
 11
44.7352
 21
-46.0612
  0
LINE
  8
0
 10
44.7352
 20
-46.0612
 11
44.8026
 21
-45.9188
  0
LINE
  8
0
 10
44.8026
 20
-45.9188
 11
44.8595
 21
-45.7701
  0
LINE
  8
0
 10
44.8595
 20
-45.7701
 11
44.9061
 21
-45.6154
  0
LINE
  8
0
 10
44.9061
 20
-45.6154
 11
44.9423
 21
-45.4545
  0
LINE
  8
0
 10
44.9423
 20
-45.4545
 11
44.968
 21
-45.2876
  0
LINE
  8
0
 10
44.968
 20
-45.2876
 11
44.9835
 21
-45.1147
  0
LINE
  8
0
 10
44.9835
 20
-45.1147
 11
44.9886
 21
-44.9355
  0
LINE
  8
0
 10
44.9886
 20
-44.9355
 11
44.9775
 21
-44.6672
  0
LINE
  8
0
 10
44.9775
 20
-44.6672
 11
44.944
 21
-44.4148
  0
LINE
  8
0
 10
44.944
 20
-44.4148
 11
44.888
 21
-44.1786
  0
LINE
  8
0
 10
44.888
 20
-44.1786
 11
44.8094
 21
-43.9588
  0
LINE
  8
0
 10
44.8094
 20
-43.9588
 11
44.7081
 21
-43.7555
  0
LINE
  8
0
 10
44.7081
 20
-43.7555
 11
44.584
 21
-43.5691
  0
LINE
  8
0
 10
44.584
 20
-43.5691
 11
44.4375
 21
-43.3998
  0
LINE
  8
0
 10
44.4375
 20
-43.3998
 11
44.2708
 21
-43.2504
  0
LINE
  8
0
 10
44.2708
 20
-43.2504
 11
44.0865
 21
-43.124
  0
LINE
  8
0
 10
44.0865
 20
-43.124
 11
43.885
 21
-43.0207
  0
LINE
  8
0
 10
43.885
 20
-43.0207
 11
43.6665
 21
-42.9406
  0
LINE
  8
0
 10
43.6665
 20
-42.9406
 11
43.4312
 21
-42.8835
  0
LINE
  8
0
 10
43.4312
 20
-42.8835
 11
43.1793
 21
-42.8494
  0
LINE
  8
0
 10
43.1793
 20
-42.8494
 11
42.9108
 21
-42.838
  0
LINE
  8
0
 10
42.9108
 20
-42.838
 11
42.6423
 21
-42.8492
  0
LINE
  8
0
 10
42.6423
 20
-42.8492
 11
42.3906
 21
-42.883
  0
LINE
  8
0
 10
42.3906
 20
-42.883
 11
42.1554
 21
-42.9395
  0
LINE
  8
0
 10
42.1554
 20
-42.9395
 11
41.9371
 21
-43.0188
  0
LINE
  8
0
 10
41.9371
 20
-43.0188
 11
41.7359
 21
-43.121
  0
LINE
  8
0
 10
41.7359
 20
-43.121
 11
41.5519
 21
-43.2461
  0
LINE
  8
0
 10
41.5519
 20
-43.2461
 11
41.3856
 21
-43.394
  0
LINE
  8
0
 10
41.3856
 20
-43.394
 11
41.2393
 21
-43.5621
  0
LINE
  8
0
 10
41.2393
 20
-43.5621
 11
41.1156
 21
-43.748
  0
LINE
  8
0
 10
41.1156
 20
-43.748
 11
41.0145
 21
-43.9514
  0
LINE
  8
0
 10
41.0145
 20
-43.9514
 11
40.9361
 21
-44.1721
  0
LINE
  8
0
 10
40.9361
 20
-44.1721
 11
40.8802
 21
-44.4098
  0
LINE
  8
0
 10
40.8802
 20
-44.4098
 11
40.8468
 21
-44.6644
  0
LINE
  8
0
 10
40.8468
 20
-44.6644
 11
40.8357
 21
-44.9359
  0
LINE
  8
0
 10
40.8357
 20
-44.9359
 11
40.8468
 21
-45.2084
  0
LINE
  8
0
 10
40.8468
 20
-45.2084
 11
40.8803
 21
-45.4646
  0
LINE
  8
0
 10
40.8803
 20
-45.4646
 11
40.9363
 21
-45.7043
  0
LINE
  8
0
 10
40.9363
 20
-45.7043
 11
41.0149
 21
-45.9276
  0
LINE
  8
0
 10
41.0149
 20
-45.9276
 11
41.1161
 21
-46.134
  0
LINE
  8
0
 10
41.1161
 20
-46.134
 11
41.2401
 21
-46.3235
  0
LINE
  8
0
 10
41.2401
 20
-46.3235
 11
41.3866
 21
-46.4958
  0
LINE
  8
0
 10
41.3866
 20
-46.4958
 11
41.553
 21
-46.6478
  0
LINE
  8
0
 10
41.553
 20
-46.6478
 11
41.7367
 21
-46.7765
  0
LINE
  8
0
 10
41.7367
 20
-46.7765
 11
41.9374
 21
-46.8817
  0
LINE
  8
0
 10
41.9374
 20
-46.8817
 11
42.1548
 21
-46.9634
  0
LINE
  8
0
 10
42.1548
 20
-46.9634
 11
42.3886
 21
-47.0215
  0
LINE
  8
0
 10
42.3886
 20
-47.0215
 11
42.6387
 21
-47.0563
  0
LINE
  8
0
 10
42.6387
 20
-47.0563
 11
42.9047
 21
-47.0679
  0
LINE
  8
0
 10
42.9047
 20
-47.0679
 11
43.0807
 21
-47.0626
  0
LINE
  8
0
 10
42.7597
 20
-46.2995
 11
42.6241
 21
-46.2772
  0
LINE
  8
0
 10
42.6241
 20
-46.2772
 11
42.4981
 21
-46.2402
  0
LINE
  8
0
 10
42.4981
 20
-46.2402
 11
42.3816
 21
-46.1886
  0
LINE
  8
0
 10
42.3816
 20
-46.1886
 11
42.274
 21
-46.1223
  0
LINE
  8
0
 10
42.274
 20
-46.1223
 11
42.1752
 21
-46.0411
  0
LINE
  8
0
 10
42.1752
 20
-46.0411
 11
42.085
 21
-45.945
  0
LINE
  8
0
 10
42.085
 20
-45.945
 11
42.005
 21
-45.8353
  0
LINE
  8
0
 10
42.005
 20
-45.8353
 11
41.9372
 21
-45.7147
  0
LINE
  8
0
 10
41.9372
 20
-45.7147
 11
41.8815
 21
-45.5824
  0
LINE
  8
0
 10
41.8815
 20
-45.5824
 11
41.838
 21
-45.4385
  0
LINE
  8
0
 10
41.838
 20
-45.4385
 11
41.8068
 21
-45.2827
  0
LINE
  8
0
 10
41.8068
 20
-45.2827
 11
41.788
 21
-45.1153
  0
LINE
  8
0
 10
41.788
 20
-45.1153
 11
41.7817
 21
-44.9359
  0
LINE
  8
0
 10
41.7817
 20
-44.9359
 11
41.7879
 21
-44.7582
  0
LINE
  8
0
 10
41.7879
 20
-44.7582
 11
41.8062
 21
-44.5928
  0
LINE
  8
0
 10
41.8062
 20
-44.5928
 11
41.8367
 21
-44.4396
  0
LINE
  8
0
 10
41.8367
 20
-44.4396
 11
41.8792
 21
-44.2986
  0
LINE
  8
0
 10
41.8792
 20
-44.2986
 11
41.9336
 21
-44.1695
  0
LINE
  8
0
 10
41.9336
 20
-44.1695
 11
41.9996
 21
-44.0526
  0
LINE
  8
0
 10
41.9996
 20
-44.0526
 11
42.0776
 21
-43.9471
  0
LINE
  8
0
 10
42.0776
 20
-43.9471
 11
42.1661
 21
-43.8548
  0
LINE
  8
0
 10
42.1661
 20
-43.8548
 11
42.2643
 21
-43.7769
  0
LINE
  8
0
 10
42.2643
 20
-43.7769
 11
42.3725
 21
-43.7131
  0
LINE
  8
0
 10
42.3725
 20
-43.7131
 11
42.4909
 21
-43.6634
  0
LINE
  8
0
 10
42.4909
 20
-43.6634
 11
42.6199
 21
-43.6277
  0
LINE
  8
0
 10
42.6199
 20
-43.6277
 11
42.76
 21
-43.6061
  0
LINE
  8
0
 10
42.76
 20
-43.6061
 11
42.9107
 21
-43.5989
  0
LINE
  8
0
 10
42.9107
 20
-43.5989
 11
43.0593
 21
-43.6062
  0
LINE
  8
0
 10
43.0593
 20
-43.6062
 11
43.1971
 21
-43.6279
  0
LINE
  8
0
 10
43.1971
 20
-43.6279
 11
43.3247
 21
-43.6638
  0
LINE
  8
0
 10
43.3247
 20
-43.6638
 11
43.4419
 21
-43.7139
  0
LINE
  8
0
 10
43.4419
 20
-43.7139
 11
43.5491
 21
-43.7782
  0
LINE
  8
0
 10
43.5491
 20
-43.7782
 11
43.6468
 21
-43.8566
  0
LINE
  8
0
 10
43.6468
 20
-43.8566
 11
43.7353
 21
-43.9499
  0
LINE
  8
0
 10
43.7353
 20
-43.9499
 11
43.8133
 21
-44.0559
  0
LINE
  8
0
 10
43.8133
 20
-44.0559
 11
43.8795
 21
-44.1735
  0
LINE
  8
0
 10
43.8795
 20
-44.1735
 11
43.9338
 21
-44.3022
  0
LINE
  8
0
 10
43.9338
 20
-44.3022
 11
43.9763
 21
-44.443
  0
LINE
  8
0
 10
43.9763
 20
-44.443
 11
44.0068
 21
-44.5955
  0
LINE
  8
0
 10
44.0068
 20
-44.5955
 11
44.0252
 21
-44.7596
  0
LINE
  8
0
 10
44.0252
 20
-44.7596
 11
44.0313
 21
-44.9359
  0
LINE
  8
0
 10
44.0313
 20
-44.9359
 11
44.0252
 21
-45.1206
  0
LINE
  8
0
 10
44.0252
 20
-45.1206
 11
44.0069
 21
-45.292
  0
LINE
  8
0
 10
44.0069
 20
-45.292
 11
43.9765
 21
-45.4506
  0
LINE
  8
0
 10
43.9765
 20
-45.4506
 11
43.9341
 21
-45.5959
  0
LINE
  8
0
 10
43.9341
 20
-45.5959
 11
43.8799
 21
-45.7283
  0
LINE
  8
0
 10
43.8799
 20
-45.7283
 11
43.8141
 21
-45.8479
  0
LINE
  8
0
 10
43.8141
 20
-45.8479
 11
43.7366
 21
-45.9548
  0
LINE
  8
0
 10
43.7366
 20
-45.9548
 11
43.6484
 21
-46.0482
  0
LINE
  8
0
 10
43.6484
 20
-46.0482
 11
43.5506
 21
-46.127
  0
LINE
  8
0
 10
43.5506
 20
-46.127
 11
43.4426
 21
-46.1915
  0
LINE
  8
0
 10
43.4426
 20
-46.1915
 11
43.3245
 21
-46.2418
  0
LINE
  8
0
 10
43.3245
 20
-46.2418
 11
43.1957
 21
-46.2779
  0
LINE
  8
0
 10
43.1957
 20
-46.2779
 11
43.0558
 21
-46.2997
  0
LINE
  8
0
 10
43.0558
 20
-46.2997
 11
42.905
 21
-46.307
  0
LINE
  8
0
 10
42.905
 20
-46.307
 11
42.7597
 21
-46.2995
  0
LINE
  8
0
 10
31.3852
 20
-47.062
 11
31.5599
 21
-47.0443
  0
LINE
  8
0
 10
31.5599
 20
-47.0443
 11
31.7275
 21
-47.0147
  0
LINE
  8
0
 10
31.7275
 20
-47.0147
 11
31.8878
 21
-46.9732
  0
LINE
  8
0
 10
31.8878
 20
-46.9732
 11
32.0409
 21
-46.9197
  0
LINE
  8
0
 10
32.0409
 20
-46.9197
 11
32.1866
 21
-46.8543
  0
LINE
  8
0
 10
32.1866
 20
-46.8543
 11
32.3248
 21
-46.7769
  0
LINE
  8
0
 10
32.3248
 20
-46.7769
 11
32.4549
 21
-46.6871
  0
LINE
  8
0
 10
32.4549
 20
-46.6871
 11
32.5757
 21
-46.5848
  0
LINE
  8
0
 10
32.5757
 20
-46.5848
 11
32.6871
 21
-46.47
  0
LINE
  8
0
 10
32.6871
 20
-46.47
 11
32.7891
 21
-46.3429
  0
LINE
  8
0
 10
32.7891
 20
-46.3429
 11
32.8816
 21
-46.2037
  0
LINE
  8
0
 10
32.8816
 20
-46.2037
 11
32.9646
 21
-46.0523
  0
LINE
  8
0
 10
32.9646
 20
-46.0523
 11
33.0593
 21
-45.8421
  0
LINE
  8
0
 10
33.0593
 20
-45.8421
 11
32.2341
 21
-45.5306
  0
LINE
  8
0
 10
32.2341
 20
-45.5306
 11
32.122
 21
-45.7719
  0
LINE
  8
0
 10
32.122
 20
-45.7719
 11
32.0134
 21
-45.9365
  0
LINE
  8
0
 10
32.0134
 20
-45.9365
 11
31.8876
 21
-46.0701
  0
LINE
  8
0
 10
31.8876
 20
-46.0701
 11
31.7445
 21
-46.1734
  0
LINE
  8
0
 10
31.7445
 20
-46.1734
 11
31.5833
 21
-46.2474
  0
LINE
  8
0
 10
31.5833
 20
-46.2474
 11
31.4031
 21
-46.2919
  0
LINE
  8
0
 10
31.4031
 20
-46.2919
 11
31.2025
 21
-46.307
  0
LINE
  8
0
 10
31.2025
 20
-46.307
 11
31.0502
 21
-46.2998
  0
LINE
  8
0
 10
31.0502
 20
-46.2998
 11
30.9085
 21
-46.2783
  0
LINE
  8
0
 10
30.9085
 20
-46.2783
 11
30.7782
 21
-46.2427
  0
LINE
  8
0
 10
30.7782
 20
-46.2427
 11
30.6592
 21
-46.1932
  0
LINE
  8
0
 10
30.6592
 20
-46.1932
 11
30.5511
 21
-46.1298
  0
LINE
  8
0
 10
30.5511
 20
-46.1298
 11
30.4534
 21
-46.0522
  0
LINE
  8
0
 10
30.4534
 20
-46.0522
 11
30.366
 21
-45.9604
  0
LINE
  8
0
 10
30.366
 20
-45.9604
 11
30.2893
 21
-45.8548
  0
LINE
  8
0
 10
30.2893
 20
-45.8548
 11
30.2242
 21
-45.736
  0
LINE
  8
0
 10
30.2242
 20
-45.736
 11
30.1705
 21
-45.6036
  0
LINE
  8
0
 10
30.1705
 20
-45.6036
 11
30.1285
 21
-45.4573
  0
LINE
  8
0
 10
30.1285
 20
-45.4573
 11
30.0984
 21
-45.2974
  0
LINE
  8
0
 10
30.0984
 20
-45.2974
 11
30.0802
 21
-45.1235
  0
LINE
  8
0
 10
30.0802
 20
-45.1235
 11
30.0742
 21
-44.9359
  0
LINE
  8
0
 10
30.0742
 20
-44.9359
 11
30.0801
 21
-44.7514
  0
LINE
  8
0
 10
30.0801
 20
-44.7514
 11
30.0977
 21
-44.5808
  0
LINE
  8
0
 10
30.0977
 20
-44.5808
 11
30.127
 21
-44.4241
  0
LINE
  8
0
 10
30.127
 20
-44.4241
 11
30.1678
 21
-44.2811
  0
LINE
  8
0
 10
30.1678
 20
-44.2811
 11
30.2198
 21
-44.152
  0
LINE
  8
0
 10
30.2198
 20
-44.152
 11
30.2831
 21
-44.0363
  0
LINE
  8
0
 10
30.2831
 20
-44.0363
 11
30.3573
 21
-43.9342
  0
LINE
  8
0
 10
30.3573
 20
-43.9342
 11
30.4424
 21
-43.8455
  0
LINE
  8
0
 10
30.4424
 20
-43.8455
 11
30.5379
 21
-43.7705
  0
LINE
  8
0
 10
30.5379
 20
-43.7705
 11
30.6441
 21
-43.7092
  0
LINE
  8
0
 10
30.6441
 20
-43.7092
 11
30.7614
 21
-43.6612
  0
LINE
  8
0
 10
30.7614
 20
-43.6612
 11
30.8905
 21
-43.6267
  0
LINE
  8
0
 10
30.8905
 20
-43.6267
 11
31.031
 21
-43.6059
  0
LINE
  8
0
 10
31.031
 20
-43.6059
 11
31.1835
 21
-43.5989
  0
LINE
  8
0
 10
31.1835
 20
-43.5989
 11
31.2843
 21
-43.6024
  0
LINE
  8
0
 10
31.2843
 20
-43.6024
 11
31.3813
 21
-43.6129
  0
LINE
  8
0
 10
31.3813
 20
-43.6129
 11
31.4737
 21
-43.6303
  0
LINE
  8
0
 10
31.4737
 20
-43.6303
 11
31.5624
 21
-43.6546
  0
LINE
  8
0
 10
31.5624
 20
-43.6546
 11
31.6468
 21
-43.6858
  0
LINE
  8
0
 10
31.6468
 20
-43.6858
 11
31.7273
 21
-43.7239
  0
LINE
  8
0
 10
31.7273
 20
-43.7239
 11
31.8041
 21
-43.7689
  0
LINE
  8
0
 10
31.8041
 20
-43.7689
 11
31.8751
 21
-43.8195
  0
LINE
  8
0
 10
31.8751
 20
-43.8195
 11
31.9389
 21
-43.8748
  0
LINE
  8
0
 10
31.9389
 20
-43.8748
 11
31.9956
 21
-43.9347
  0
LINE
  8
0
 10
31.9956
 20
-43.9347
 11
32.0451
 21
-43.9991
  0
LINE
  8
0
 10
32.0451
 20
-43.9991
 11
32.0877
 21
-44.0683
  0
LINE
  8
0
 10
32.0877
 20
-44.0683
 11
32.1235
 21
-44.1425
  0
LINE
  8
0
 10
32.1235
 20
-44.1425
 11
32.1689
 21
-44.2671
  0
LINE
  8
0
 10
32.1689
 20
-44.2671
 11
33.0067
 21
-44.0384
  0
LINE
  8
0
 10
33.0067
 20
-44.0384
 11
32.93
 21
-43.8333
  0
LINE
  8
0
 10
32.93
 20
-43.8333
 11
32.8605
 21
-43.6884
  0
LINE
  8
0
 10
32.8605
 20
-43.6884
 11
32.7797
 21
-43.5543
  0
LINE
  8
0
 10
32.7797
 20
-43.5543
 11
32.6875
 21
-43.4313
  0
LINE
  8
0
 10
32.6875
 20
-43.4313
 11
32.5841
 21
-43.3193
  0
LINE
  8
0
 10
32.5841
 20
-43.3193
 11
32.4695
 21
-43.2186
  0
LINE
  8
0
 10
32.4695
 20
-43.2186
 11
32.3437
 21
-43.1293
  0
LINE
  8
0
 10
32.3437
 20
-43.1293
 11
32.2071
 21
-43.0516
  0
LINE
  8
0
 10
32.2071
 20
-43.0516
 11
32.0598
 21
-42.986
  0
LINE
  8
0
 10
32.0598
 20
-42.986
 11
31.9019
 21
-42.9326
  0
LINE
  8
0
 10
31.9019
 20
-42.9326
 11
31.7336
 21
-42.8911
  0
LINE
  8
0
 10
31.7336
 20
-42.8911
 11
31.5549
 21
-42.8616
  0
LINE
  8
0
 10
31.5549
 20
-42.8616
 11
31.3657
 21
-42.8439
  0
LINE
  8
0
 10
31.3657
 20
-42.8439
 11
31.1659
 21
-42.838
  0
LINE
  8
0
 10
31.1659
 20
-42.838
 11
30.8946
 21
-42.849
  0
LINE
  8
0
 10
30.8946
 20
-42.849
 11
30.6413
 21
-42.882
  0
LINE
  8
0
 10
30.6413
 20
-42.882
 11
30.4062
 21
-42.9373
  0
LINE
  8
0
 10
30.4062
 20
-42.9373
 11
30.1894
 21
-43.015
  0
LINE
  8
0
 10
30.1894
 20
-43.015
 11
29.9913
 21
-43.1152
  0
LINE
  8
0
 10
29.9913
 20
-43.1152
 11
29.812
 21
-43.2379
  0
LINE
  8
0
 10
29.812
 20
-43.2379
 11
29.6519
 21
-43.383
  0
LINE
  8
0
 10
29.6519
 20
-43.383
 11
29.5124
 21
-43.5489
  0
LINE
  8
0
 10
29.5124
 20
-43.5489
 11
29.3945
 21
-43.7337
  0
LINE
  8
0
 10
29.3945
 20
-43.7337
 11
29.2982
 21
-43.9374
  0
LINE
  8
0
 10
29.2982
 20
-43.9374
 11
29.2236
 21
-44.1596
  0
LINE
  8
0
 10
29.2236
 20
-44.1596
 11
29.1705
 21
-44.4001
  0
LINE
  8
0
 10
29.1705
 20
-44.4001
 11
29.1387
 21
-44.6588
  0
LINE
  8
0
 10
29.1387
 20
-44.6588
 11
29.1282
 21
-44.9359
  0
LINE
  8
0
 10
29.1282
 20
-44.9359
 11
29.1391
 21
-45.2126
  0
LINE
  8
0
 10
29.1391
 20
-45.2126
 11
29.172
 21
-45.472
  0
LINE
  8
0
 10
29.172
 20
-45.472
 11
29.2271
 21
-45.7139
  0
LINE
  8
0
 10
29.2271
 20
-45.7139
 11
29.3044
 21
-45.9384
  0
LINE
  8
0
 10
29.3044
 20
-45.9384
 11
29.4041
 21
-46.1451
  0
LINE
  8
0
 10
29.4041
 20
-46.1451
 11
29.5261
 21
-46.3338
  0
LINE
  8
0
 10
29.5261
 20
-46.3338
 11
29.6705
 21
-46.5043
  0
LINE
  8
0
 10
29.6705
 20
-46.5043
 11
29.8353
 21
-46.6542
  0
LINE
  8
0
 10
29.8353
 20
-46.6542
 11
30.0186
 21
-46.7811
  0
LINE
  8
0
 10
30.0186
 20
-46.7811
 11
30.2201
 21
-46.8847
  0
LINE
  8
0
 10
30.2201
 20
-46.8847
 11
30.4395
 21
-46.965
  0
LINE
  8
0
 10
30.4395
 20
-46.965
 11
30.6766
 21
-47.0223
  0
LINE
  8
0
 10
30.6766
 20
-47.0223
 11
30.9312
 21
-47.0565
  0
LINE
  8
0
 10
30.9312
 20
-47.0565
 11
31.203
 21
-47.0679
  0
LINE
  8
0
 10
31.203
 20
-47.0679
 11
31.3852
 21
-47.062
  0
LINE
  8
0
 10
19.7188
 20
-47.0614
 11
19.9387
 21
-47.042
  0
LINE
  8
0
 10
19.9387
 20
-47.042
 11
20.1424
 21
-47.0096
  0
LINE
  8
0
 10
20.1424
 20
-47.0096
 11
20.3299
 21
-46.964
  0
LINE
  8
0
 10
20.3299
 20
-46.964
 11
20.5012
 21
-46.9051
  0
LINE
  8
0
 10
20.5012
 20
-46.9051
 11
20.6562
 21
-46.8328
  0
LINE
  8
0
 10
20.6562
 20
-46.8328
 11
20.7948
 21
-46.7467
  0
LINE
  8
0
 10
20.7948
 20
-46.7467
 11
20.916
 21
-46.6477
  0
LINE
  8
0
 10
20.916
 20
-46.6477
 11
21.019
 21
-46.5363
  0
LINE
  8
0
 10
21.019
 20
-46.5363
 11
21.1035
 21
-46.4128
  0
LINE
  8
0
 10
21.1035
 20
-46.4128
 11
21.1691
 21
-46.2774
  0
LINE
  8
0
 10
21.1691
 20
-46.2774
 11
21.2158
 21
-46.1307
  0
LINE
  8
0
 10
21.2158
 20
-46.1307
 11
21.2437
 21
-45.973
  0
LINE
  8
0
 10
21.2437
 20
-45.973
 11
21.2529
 21
-45.8053
  0
LINE
  8
0
 10
21.2529
 20
-45.8053
 11
21.2513
 21
-45.7318
  0
LINE
  8
0
 10
21.2513
 20
-45.7318
 11
21.2464
 21
-45.6614
  0
LINE
  8
0
 10
21.2464
 20
-45.6614
 11
21.2382
 21
-45.5932
  0
LINE
  8
0
 10
21.2382
 20
-45.5932
 11
21.2268
 21
-45.5272
  0
LINE
  8
0
 10
21.2268
 20
-45.5272
 11
21.212
 21
-45.4635
  0
LINE
  8
0
 10
21.212
 20
-45.4635
 11
21.1939
 21
-45.4021
  0
LINE
  8
0
 10
21.1939
 20
-45.4021
 11
21.1724
 21
-45.3432
  0
LINE
  8
0
 10
21.1724
 20
-45.3432
 11
21.1479
 21
-45.2866
  0
LINE
  8
0
 10
21.1479
 20
-45.2866
 11
21.1203
 21
-45.2323
  0
LINE
  8
0
 10
21.1203
 20
-45.2323
 11
21.0898
 21
-45.1802
  0
LINE
  8
0
 10
21.0898
 20
-45.1802
 11
21.0564
 21
-45.1304
  0
LINE
  8
0
 10
21.0564
 20
-45.1304
 11
21.0199
 21
-45.0829
  0
LINE
  8
0
 10
21.0199
 20
-45.0829
 11
20.9805
 21
-45.0378
  0
LINE
  8
0
 10
20.9805
 20
-45.0378
 11
20.9382
 21
-44.995
  0
LINE
  8
0
 10
20.9382
 20
-44.995
 11
20.8922
 21
-44.9541
  0
LINE
  8
0
 10
20.8922
 20
-44.9541
 11
20.8419
 21
-44.9148
  0
LINE
  8
0
 10
20.8419
 20
-44.9148
 11
20.7875
 21
-44.8772
  0
LINE
  8
0
 10
20.7875
 20
-44.8772
 11
20.7289
 21
-44.8413
  0
LINE
  8
0
 10
20.7289
 20
-44.8413
 11
20.6663
 21
-44.807
  0
LINE
  8
0
 10
20.6663
 20
-44.807
 11
20.5995
 21
-44.7742
  0
LINE
  8
0
 10
20.5995
 20
-44.7742
 11
20.5284
 21
-44.743
  0
LINE
  8
0
 10
20.5284
 20
-44.743
 11
20.4484
 21
-44.7121
  0
LINE
  8
0
 10
20.4484
 20
-44.7121
 11
20.3553
 21
-44.6806
  0
LINE
  8
0
 10
20.3553
 20
-44.6806
 11
20.2491
 21
-44.6486
  0
LINE
  8
0
 10
20.2491
 20
-44.6486
 11
20.1298
 21
-44.616
  0
LINE
  8
0
 10
20.1298
 20
-44.616
 11
19.9973
 21
-44.5826
  0
LINE
  8
0
 10
19.9973
 20
-44.5826
 11
19.8515
 21
-44.5486
  0
LINE
  8
0
 10
19.8515
 20
-44.5486
 11
19.6928
 21
-44.5139
  0
LINE
  8
0
 10
19.6928
 20
-44.5139
 11
19.5605
 21
-44.4846
  0
LINE
  8
0
 10
19.5605
 20
-44.4846
 11
19.4425
 21
-44.457
  0
LINE
  8
0
 10
19.4425
 20
-44.457
 11
19.3372
 21
-44.4306
  0
LINE
  8
0
 10
19.3372
 20
-44.4306
 11
19.2458
 21
-44.4058
  0
LINE
  8
0
 10
19.2458
 20
-44.4058
 11
19.1684
 21
-44.3827
  0
LINE
  8
0
 10
19.1684
 20
-44.3827
 11
19.1048
 21
-44.3613
  0
LINE
  8
0
 10
19.1048
 20
-44.3613
 11
19.0553
 21
-44.3417
  0
LINE
  8
0
 10
19.0553
 20
-44.3417
 11
19.0137
 21
-44.3223
  0
LINE
  8
0
 10
19.0137
 20
-44.3223
 11
18.9756
 21
-44.302
  0
LINE
  8
0
 10
18.9756
 20
-44.302
 11
18.9405
 21
-44.2805
  0
LINE
  8
0
 10
18.9405
 20
-44.2805
 11
18.9089
 21
-44.2582
  0
LINE
  8
0
 10
18.9089
 20
-44.2582
 11
18.8807
 21
-44.2352
  0
LINE
  8
0
 10
18.8807
 20
-44.2352
 11
18.8555
 21
-44.2112
  0
LINE
  8
0
 10
18.8555
 20
-44.2112
 11
18.8337
 21
-44.1867
  0
LINE
  8
0
 10
18.8337
 20
-44.1867
 11
18.8153
 21
-44.1614
  0
LINE
  8
0
 10
18.8153
 20
-44.1614
 11
18.7998
 21
-44.1342
  0
LINE
  8
0
 10
18.7998
 20
-44.1342
 11
18.787
 21
-44.1047
  0
LINE
  8
0
 10
18.787
 20
-44.1047
 11
18.7769
 21
-44.0728
  0
LINE
  8
0
 10
18.7769
 20
-44.0728
 11
18.7696
 21
-44.0384
  0
LINE
  8
0
 10
18.7696
 20
-44.0384
 11
18.7652
 21
-44.0014
  0
LINE
  8
0
 10
18.7652
 20
-44.0014
 11
18.7637
 21
-43.9639
  0
LINE
  8
0
 10
18.7637
 20
-43.9639
 11
18.7779
 21
-43.8482
  0
LINE
  8
0
 10
18.7779
 20
-43.8482
 11
18.8186
 21
-43.7546
  0
LINE
  8
0
 10
18.8186
 20
-43.7546
 11
18.8865
 21
-43.6781
  0
LINE
  8
0
 10
18.8865
 20
-43.6781
 11
18.9845
 21
-43.6166
  0
LINE
  8
0
 10
18.9845
 20
-43.6166
 11
19.1156
 21
-43.571
  0
LINE
  8
0
 10
19.1156
 20
-43.571
 11
19.2798
 21
-43.5429
  0
LINE
  8
0
 10
19.2798
 20
-43.5429
 11
19.4774
 21
-43.5334
  0
LINE
  8
0
 10
19.4774
 20
-43.5334
 11
19.5734
 21
-43.5359
  0
LINE
  8
0
 10
19.5734
 20
-43.5359
 11
19.6623
 21
-43.5437
  0
LINE
  8
0
 10
19.6623
 20
-43.5437
 11
19.7442
 21
-43.5565
  0
LINE
  8
0
 10
19.7442
 20
-43.5565
 11
19.8189
 21
-43.5742
  0
LINE
  8
0
 10
19.8189
 20
-43.5742
 11
19.8863
 21
-43.5968
  0
LINE
  8
0
 10
19.8863
 20
-43.5968
 11
19.9464
 21
-43.624
  0
LINE
  8
0
 10
19.9464
 20
-43.624
 11
19.9999
 21
-43.6559
  0
LINE
  8
0
 10
19.9999
 20
-43.6559
 11
20.0476
 21
-43.6924
  0
LINE
  8
0
 10
20.0476
 20
-43.6924
 11
20.0906
 21
-43.7338
  0
LINE
  8
0
 10
20.0906
 20
-43.7338
 11
20.1287
 21
-43.7799
  0
LINE
  8
0
 10
20.1287
 20
-43.7799
 11
20.162
 21
-43.8309
  0
LINE
  8
0
 10
20.162
 20
-43.8309
 11
20.1909
 21
-43.8874
  0
LINE
  8
0
 10
20.1909
 20
-43.8874
 11
20.215
 21
-43.9492
  0
LINE
  8
0
 10
20.215
 20
-43.9492
 11
20.2468
 21
-44.0599
  0
LINE
  8
0
 10
20.2468
 20
-44.0599
 11
21.1593
 21
-43.9355
  0
LINE
  8
0
 10
21.1593
 20
-43.9355
 11
21.1091
 21
-43.7316
  0
LINE
  8
0
 10
21.1091
 20
-43.7316
 11
21.0602
 21
-43.5917
  0
LINE
  8
0
 10
21.0602
 20
-43.5917
 11
20.9997
 21
-43.464
  0
LINE
  8
0
 10
20.9997
 20
-43.464
 11
20.9276
 21
-43.3486
  0
LINE
  8
0
 10
20.9276
 20
-43.3486
 11
20.8437
 21
-43.2458
  0
LINE
  8
0
 10
20.8437
 20
-43.2458
 11
20.7481
 21
-43.1559
  0
LINE
  8
0
 10
20.7481
 20
-43.1559
 11
20.6413
 21
-43.0792
  0
LINE
  8
0
 10
20.6413
 20
-43.0792
 11
20.5214
 21
-43.0144
  0
LINE
  8
0
 10
20.5214
 20
-43.0144
 11
20.3868
 21
-42.96
  0
LINE
  8
0
 10
20.3868
 20
-42.96
 11
20.2376
 21
-42.9158
  0
LINE
  8
0
 10
20.2376
 20
-42.9158
 11
20.0738
 21
-42.8817
  0
LINE
  8
0
 10
20.0738
 20
-42.8817
 11
19.8953
 21
-42.8574
  0
LINE
  8
0
 10
19.8953
 20
-42.8574
 11
19.702
 21
-42.8429
  0
LINE
  8
0
 10
19.702
 20
-42.8429
 11
19.4939
 21
-42.838
  0
LINE
  8
0
 10
19.4939
 20
-42.838
 11
19.2757
 21
-42.844
  0
LINE
  8
0
 10
19.2757
 20
-42.844
 11
19.0722
 21
-42.862
  0
LINE
  8
0
 10
19.0722
 20
-42.862
 11
18.8835
 21
-42.8921
  0
LINE
  8
0
 10
18.8835
 20
-42.8921
 11
18.7094
 21
-42.9344
  0
LINE
  8
0
 10
18.7094
 20
-42.9344
 11
18.5501
 21
-42.9891
  0
LINE
  8
0
 10
18.5501
 20
-42.9891
 11
18.4055
 21
-43.0564
  0
LINE
  8
0
 10
18.4055
 20
-43.0564
 11
18.2759
 21
-43.1363
  0
LINE
  8
0
 10
18.2759
 20
-43.1363
 11
18.1623
 21
-43.2283
  0
LINE
  8
0
 10
18.1623
 20
-43.2283
 11
18.0657
 21
-43.3317
  0
LINE
  8
0
 10
18.0657
 20
-43.3317
 11
17.9864
 21
-43.4464
  0
LINE
  8
0
 10
17.9864
 20
-43.4464
 11
17.9248
 21
-43.572
  0
LINE
  8
0
 10
17.9248
 20
-43.572
 11
17.8809
 21
-43.708
  0
LINE
  8
0
 10
17.8809
 20
-43.708
 11
17.8548
 21
-43.8542
  0
LINE
  8
0
 10
17.8548
 20
-43.8542
 11
17.8462
 21
-44.0093
  0
LINE
  8
0
 10
17.8462
 20
-44.0093
 11
17.8474
 21
-44.0722
  0
LINE
  8
0
 10
17.8474
 20
-44.0722
 11
17.8509
 21
-44.1323
  0
LINE
  8
0
 10
17.8509
 20
-44.1323
 11
17.8568
 21
-44.1906
  0
LINE
  8
0
 10
17.8568
 20
-44.1906
 11
17.865
 21
-44.2469
  0
LINE
  8
0
 10
17.865
 20
-44.2469
 11
17.8757
 21
-44.3015
  0
LINE
  8
0
 10
17.8757
 20
-44.3015
 11
17.8888
 21
-44.3542
  0
LINE
  8
0
 10
17.8888
 20
-44.3542
 11
17.9043
 21
-44.4048
  0
LINE
  8
0
 10
17.9043
 20
-44.4048
 11
17.9219
 21
-44.4535
  0
LINE
  8
0
 10
17.9219
 20
-44.4535
 11
17.9414
 21
-44.5003
  0
LINE
  8
0
 10
17.9414
 20
-44.5003
 11
17.9628
 21
-44.5454
  0
LINE
  8
0
 10
17.9628
 20
-44.5454
 11
17.9862
 21
-44.5887
  0
LINE
  8
0
 10
17.9862
 20
-44.5887
 11
18.0116
 21
-44.6304
  0
LINE
  8
0
 10
18.0116
 20
-44.6304
 11
18.0389
 21
-44.6702
  0
LINE
  8
0
 10
18.0389
 20
-44.6702
 11
18.0681
 21
-44.7082
  0
LINE
  8
0
 10
18.0681
 20
-44.7082
 11
18.0991
 21
-44.7444
  0
LINE
  8
0
 10
18.0991
 20
-44.7444
 11
18.1319
 21
-44.779
  0
LINE
  8
0
 10
18.1319
 20
-44.779
 11
18.1666
 21
-44.8121
  0
LINE
  8
0
 10
18.1666
 20
-44.8121
 11
18.203
 21
-44.8436
  0
LINE
  8
0
 10
18.203
 20
-44.8436
 11
18.2412
 21
-44.8736
  0
LINE
  8
0
 10
18.2412
 20
-44.8736
 11
18.2812
 21
-44.9019
  0
LINE
  8
0
 10
18.2812
 20
-44.9019
 11
18.3228
 21
-44.9286
  0
LINE
  8
0
 10
18.3228
 20
-44.9286
 11
18.3657
 21
-44.9539
  0
LINE
  8
0
 10
18.3657
 20
-44.9539
 11
18.4098
 21
-44.978
  0
LINE
  8
0
 10
18.4098
 20
-44.978
 11
18.4553
 21
-45.0012
  0
LINE
  8
0
 10
18.4553
 20
-45.0012
 11
18.5022
 21
-45.0234
  0
LINE
  8
0
 10
18.5022
 20
-45.0234
 11
18.5504
 21
-45.0446
  0
LINE
  8
0
 10
18.5504
 20
-45.0446
 11
18.6
 21
-45.0648
  0
LINE
  8
0
 10
18.6
 20
-45.0648
 11
18.6511
 21
-45.084
  0
LINE
  8
0
 10
18.6511
 20
-45.084
 11
18.7085
 21
-45.1037
  0
LINE
  8
0
 10
18.7085
 20
-45.1037
 11
18.7769
 21
-45.1249
  0
LINE
  8
0
 10
18.7769
 20
-45.1249
 11
18.8562
 21
-45.1476
  0
LINE
  8
0
 10
18.8562
 20
-45.1476
 11
18.9464
 21
-45.172
  0
LINE
  8
0
 10
18.9464
 20
-45.172
 11
19.0476
 21
-45.1981
  0
LINE
  8
0
 10
19.0476
 20
-45.1981
 11
19.1599
 21
-45.2257
  0
LINE
  8
0
 10
19.1599
 20
-45.2257
 11
19.2838
 21
-45.2552
  0
LINE
  8
0
 10
19.2838
 20
-45.2552
 11
19.4261
 21
-45.2847
  0
LINE
  8
0
 10
19.4261
 20
-45.2847
 11
19.5535
 21
-45.3128
  0
LINE
  8
0
 10
19.5535
 20
-45.3128
 11
19.6673
 21
-45.3395
  0
LINE
  8
0
 10
19.6673
 20
-45.3395
 11
19.7676
 21
-45.3651
  0
LINE
  8
0
 10
19.7676
 20
-45.3651
 11
19.8526
 21
-45.3889
  0
LINE
  8
0
 10
19.8526
 20
-45.3889
 11
19.9241
 21
-45.4114
  0
LINE
  8
0
 10
19.9241
 20
-45.4114
 11
19.9809
 21
-45.4323
  0
LINE
  8
0
 10
19.9809
 20
-45.4323
 11
20.0294
 21
-45.4532
  0
LINE
  8
0
 10
20.0294
 20
-45.4532
 11
20.0743
 21
-45.4754
  0
LINE
  8
0
 10
20.0743
 20
-45.4754
 11
20.116
 21
-45.499
  0
LINE
  8
0
 10
20.116
 20
-45.499
 11
20.1538
 21
-45.5236
  0
LINE
  8
0
 10
20.1538
 20
-45.5236
 11
20.1884
 21
-45.5495
  0
LINE
  8
0
 10
20.1884
 20
-45.5495
 11
20.2195
 21
-45.5765
  0
LINE
  8
0
 10
20.2195
 20
-45.5765
 11
20.2471
 21
-45.6045
  0
LINE
  8
0
 10
20.2471
 20
-45.6045
 11
20.2705
 21
-45.6332
  0
LINE
  8
0
 10
20.2705
 20
-45.6332
 11
20.2902
 21
-45.6639
  0
LINE
  8
0
 10
20.2902
 20
-45.6639
 11
20.3064
 21
-45.6968
  0
LINE
  8
0
 10
20.3064
 20
-45.6968
 11
20.3189
 21
-45.7318
  0
LINE
  8
0
 10
20.3189
 20
-45.7318
 11
20.328
 21
-45.7695
  0
LINE
  8
0
 10
20.328
 20
-45.7695
 11
20.3335
 21
-45.8097
  0
LINE
  8
0
 10
20.3335
 20
-45.8097
 11
20.3353
 21
-45.8509
  0
LINE
  8
0
 10
20.3353
 20
-45.8509
 11
20.3188
 21
-45.9814
  0
LINE
  8
0
 10
20.3188
 20
-45.9814
 11
20.2713
 21
-46.0874
  0
LINE
  8
0
 10
20.2713
 20
-46.0874
 11
20.1917
 21
-46.1746
  0
LINE
  8
0
 10
20.1917
 20
-46.1746
 11
20.0768
 21
-46.2445
  0
LINE
  8
0
 10
20.0768
 20
-46.2445
 11
19.9243
 21
-46.296
  0
LINE
  8
0
 10
19.9243
 20
-46.296
 11
19.7335
 21
-46.3277
  0
LINE
  8
0
 10
19.7335
 20
-46.3277
 11
19.5049
 21
-46.3384
  0
LINE
  8
0
 10
19.5049
 20
-46.3384
 11
19.3904
 21
-46.3355
  0
LINE
  8
0
 10
19.3904
 20
-46.3355
 11
19.2837
 21
-46.327
  0
LINE
  8
0
 10
19.2837
 20
-46.327
 11
19.1843
 21
-46.3127
  0
LINE
  8
0
 10
19.1843
 20
-46.3127
 11
19.0934
 21
-46.293
  0
LINE
  8
0
 10
19.0934
 20
-46.293
 11
19.0103
 21
-46.2679
  0
LINE
  8
0
 10
19.0103
 20
-46.2679
 11
18.9351
 21
-46.2374
  0
LINE
  8
0
 10
18.9351
 20
-46.2374
 11
18.8676
 21
-46.2017
  0
LINE
  8
0
 10
18.8676
 20
-46.2017
 11
18.8074
 21
-46.1604
  0
LINE
  8
0
 10
18.8074
 20
-46.1604
 11
18.7532
 21
-46.1126
  0
LINE
  8
0
 10
18.7532
 20
-46.1126
 11
18.7048
 21
-46.0581
  0
LINE
  8
0
 10
18.7048
 20
-46.0581
 11
18.6621
 21
-45.9968
  0
LINE
  8
0
 10
18.6621
 20
-45.9968
 11
18.6252
 21
-45.9283
  0
LINE
  8
0
 10
18.6252
 20
-45.9283
 11
18.5938
 21
-45.8524
  0
LINE
  8
0
 10
18.5938
 20
-45.8524
 11
18.555
 21
-45.7253
  0
LINE
  8
0
 10
18.555
 20
-45.7253
 11
17.6452
 21
-45.8753
  0
LINE
  8
0
 10
17.6452
 20
-45.8753
 11
17.7029
 21
-46.0843
  0
LINE
  8
0
 10
17.7029
 20
-46.0843
 11
17.7598
 21
-46.2306
  0
LINE
  8
0
 10
17.7598
 20
-46.2306
 11
17.8302
 21
-46.3656
  0
LINE
  8
0
 10
17.8302
 20
-46.3656
 11
17.9141
 21
-46.4889
  0
LINE
  8
0
 10
17.9141
 20
-46.4889
 11
18.0114
 21
-46.6003
  0
LINE
  8
0
 10
18.0114
 20
-46.6003
 11
18.122
 21
-46.6997
  0
LINE
  8
0
 10
18.122
 20
-46.6997
 11
18.2456
 21
-46.7869
  0
LINE
  8
0
 10
18.2456
 20
-46.7869
 11
18.3825
 21
-46.862
  0
LINE
  8
0
 10
18.3825
 20
-46.862
 11
18.5327
 21
-46.9253
  0
LINE
  8
0
 10
18.5327
 20
-46.9253
 11
18.6963
 21
-46.9769
  0
LINE
  8
0
 10
18.6963
 20
-46.9769
 11
18.873
 21
-47.0168
  0
LINE
  8
0
 10
18.873
 20
-47.0168
 11
19.063
 21
-47.0452
  0
LINE
  8
0
 10
19.063
 20
-47.0452
 11
19.2661
 21
-47.0622
  0
LINE
  8
0
 10
19.2661
 20
-47.0622
 11
19.4826
 21
-47.0678
  0
LINE
  8
0
 10
19.4826
 20
-47.0678
 11
19.7188
 21
-47.0614
  0
LINE
  8
0
 10
22.6202
 20
-45.5982
 11
23.5677
 21
-45.5982
  0
LINE
  8
0
 10
23.5677
 20
-45.5982
 11
23.6966
 21
-45.5947
  0
LINE
  8
0
 10
23.6966
 20
-45.5947
 11
23.8214
 21
-45.5843
  0
LINE
  8
0
 10
23.8214
 20
-45.5843
 11
23.9412
 21
-45.5668
  0
LINE
  8
0
 10
23.9412
 20
-45.5668
 11
24.0562
 21
-45.5423
  0
LINE
  8
0
 10
24.0562
 20
-45.5423
 11
24.1663
 21
-45.5107
  0
LINE
  8
0
 10
24.1663
 20
-45.5107
 11
24.2714
 21
-45.472
  0
LINE
  8
0
 10
24.2714
 20
-45.472
 11
24.3714
 21
-45.4262
  0
LINE
  8
0
 10
24.3714
 20
-45.4262
 11
24.4657
 21
-45.3739
  0
LINE
  8
0
 10
24.4657
 20
-45.3739
 11
24.5537
 21
-45.3157
  0
LINE
  8
0
 10
24.5537
 20
-45.3157
 11
24.6353
 21
-45.2514
  0
LINE
  8
0
 10
24.6353
 20
-45.2514
 11
24.7107
 21
-45.1812
  0
LINE
  8
0
 10
24.7107
 20
-45.1812
 11
24.7795
 21
-45.1051
  0
LINE
  8
0
 10
24.7795
 20
-45.1051
 11
24.8418
 21
-45.0231
  0
LINE
  8
0
 10
24.8418
 20
-45.0231
 11
24.8976
 21
-44.9353
  0
LINE
  8
0
 10
24.8976
 20
-44.9353
 11
24.9463
 21
-44.8431
  0
LINE
  8
0
 10
24.9463
 20
-44.8431
 11
24.9875
 21
-44.7473
  0
LINE
  8
0
 10
24.9875
 20
-44.7473
 11
25.0213
 21
-44.6481
  0
LINE
  8
0
 10
25.0213
 20
-44.6481
 11
25.0474
 21
-44.5455
  0
LINE
  8
0
 10
25.0474
 20
-44.5455
 11
25.0661
 21
-44.4396
  0
LINE
  8
0
 10
25.0661
 20
-44.4396
 11
25.0773
 21
-44.3305
  0
LINE
  8
0
 10
25.0773
 20
-44.3305
 11
25.081
 21
-44.2178
  0
LINE
  8
0
 10
25.081
 20
-44.2178
 11
25.0728
 21
-44.0455
  0
LINE
  8
0
 10
25.0728
 20
-44.0455
 11
25.0482
 21
-43.8835
  0
LINE
  8
0
 10
25.0482
 20
-43.8835
 11
25.0069
 21
-43.7324
  0
LINE
  8
0
 10
25.0069
 20
-43.7324
 11
24.9489
 21
-43.5923
  0
LINE
  8
0
 10
24.9489
 20
-43.5923
 11
24.8741
 21
-43.4636
  0
LINE
  8
0
 10
24.8741
 20
-43.4636
 11
24.7826
 21
-43.3466
  0
LINE
  8
0
 10
24.7826
 20
-43.3466
 11
24.6747
 21
-43.2416
  0
LINE
  8
0
 10
24.6747
 20
-43.2416
 11
24.5517
 21
-43.1497
  0
LINE
  8
0
 10
24.5517
 20
-43.1497
 11
24.415
 21
-43.0722
  0
LINE
  8
0
 10
24.415
 20
-43.0722
 11
24.2649
 21
-43.0091
  0
LINE
  8
0
 10
24.2649
 20
-43.0091
 11
24.1015
 21
-42.9602
  0
LINE
  8
0
 10
24.1015
 20
-42.9602
 11
23.9251
 21
-42.9255
  0
LINE
  8
0
 10
23.9251
 20
-42.9255
 11
23.7355
 21
-42.9047
  0
LINE
  8
0
 10
23.7355
 20
-42.9047
 11
23.5337
 21
-42.8979
  0
LINE
  8
0
 10
23.5337
 20
-42.8979
 11
21.6799
 21
-42.8979
  0
LINE
  8
0
 10
21.6799
 20
-42.8979
 11
21.6799
 21
-47.0109
  0
LINE
  8
0
 10
21.6799
 20
-47.0109
 11
22.6202
 21
-47.0109
  0
LINE
  8
0
 10
22.6202
 20
-47.0109
 11
22.6202
 21
-45.5982
  0
LINE
  8
0
 10
22.6202
 20
-44.8517
 11
22.6202
 21
-43.6501
  0
LINE
  8
0
 10
22.6202
 20
-43.6501
 11
23.4372
 21
-43.6501
  0
LINE
  8
0
 10
23.4372
 20
-43.6501
 11
23.6295
 21
-43.6626
  0
LINE
  8
0
 10
23.6295
 20
-43.6626
 11
23.7879
 21
-43.6992
  0
LINE
  8
0
 10
23.7879
 20
-43.6992
 11
23.9142
 21
-43.7587
  0
LINE
  8
0
 10
23.9142
 20
-43.7587
 11
24.0102
 21
-43.84
  0
LINE
  8
0
 10
24.0102
 20
-43.84
 11
24.0786
 21
-43.9444
  0
LINE
  8
0
 10
24.0786
 20
-43.9444
 11
24.1205
 21
-44.0747
  0
LINE
  8
0
 10
24.1205
 20
-44.0747
 11
24.135
 21
-44.2335
  0
LINE
  8
0
 10
24.135
 20
-44.2335
 11
24.1314
 21
-44.3176
  0
LINE
  8
0
 10
24.1314
 20
-44.3176
 11
24.1206
 21
-44.396
  0
LINE
  8
0
 10
24.1206
 20
-44.396
 11
24.1027
 21
-44.4678
  0
LINE
  8
0
 10
24.1027
 20
-44.4678
 11
24.0781
 21
-44.533
  0
LINE
  8
0
 10
24.0781
 20
-44.533
 11
24.0466
 21
-44.592
  0
LINE
  8
0
 10
24.0466
 20
-44.592
 11
24.0084
 21
-44.6451
  0
LINE
  8
0
 10
24.0084
 20
-44.6451
 11
23.9632
 21
-44.6924
  0
LINE
  8
0
 10
23.9632
 20
-44.6924
 11
23.9113
 21
-44.7341
  0
LINE
  8
0
 10
23.9113
 20
-44.7341
 11
23.8533
 21
-44.7694
  0
LINE
  8
0
 10
23.8533
 20
-44.7694
 11
23.7885
 21
-44.7988
  0
LINE
  8
0
 10
23.7885
 20
-44.7988
 11
23.7173
 21
-44.8217
  0
LINE
  8
0
 10
23.7173
 20
-44.8217
 11
23.6389
 21
-44.8383
  0
LINE
  8
0
 10
23.6389
 20
-44.8383
 11
23.5539
 21
-44.8483
  0
LINE
  8
0
 10
23.5539
 20
-44.8483
 11
23.4606
 21
-44.8517
  0
LINE
  8
0
 10
23.4606
 20
-44.8517
 11
22.6202
 21
-44.8517
  0
LINE
  8
0
 10
55.8741
 20
-43.6472
 11
57.1728
 21
-43.6472
  0
LINE
  8
0
 10
57.1728
 20
-43.6472
 11
57.1728
 21
-42.8979
  0
LINE
  8
0
 10
57.1728
 20
-42.8979
 11
53.638
 21
-42.8979
  0
LINE
  8
0
 10
53.638
 20
-42.8979
 11
53.638
 21
-43.6472
  0
LINE
  8
0
 10
53.638
 20
-43.6472
 11
54.9339
 21
-43.6472
  0
LINE
  8
0
 10
54.9339
 20
-43.6472
 11
54.9339
 21
-47.0109
  0
LINE
  8
0
 10
54.9339
 20
-47.0109
 11
55.8741
 21
-47.0109
  0
LINE
  8
0
 10
55.8741
 20
-47.0109
 11
55.8741
 21
-43.6472
  0
LINE
  8
0
 10
13.1239
 20
-45.4871
 11
14.0313
 21
-45.4871
  0
LINE
  8
0
 10
14.0313
 20
-45.4871
 11
14.9627
 21
-47.0109
  0
LINE
  8
0
 10
14.9627
 20
-47.0109
 11
16.028
 21
-47.0109
  0
LINE
  8
0
 10
16.028
 20
-47.0109
 11
14.9297
 21
-45.3045
  0
LINE
  8
0
 10
14.9297
 20
-45.3045
 11
14.9799
 21
-45.2903
  0
LINE
  8
0
 10
14.9799
 20
-45.2903
 11
15.0902
 21
-45.2482
  0
LINE
  8
0
 10
15.0902
 20
-45.2482
 11
15.1938
 21
-45.1971
  0
LINE
  8
0
 10
15.1938
 20
-45.1971
 11
15.2903
 21
-45.1368
  0
LINE
  8
0
 10
15.2903
 20
-45.1368
 11
15.3798
 21
-45.0676
  0
LINE
  8
0
 10
15.3798
 20
-45.0676
 11
15.4621
 21
-44.9895
  0
LINE
  8
0
 10
15.4621
 20
-44.9895
 11
15.5371
 21
-44.9026
  0
LINE
  8
0
 10
15.5371
 20
-44.9026
 11
15.6034
 21
-44.8088
  0
LINE
  8
0
 10
15.6034
 20
-44.8088
 11
15.6596
 21
-44.7099
  0
LINE
  8
0
 10
15.6596
 20
-44.7099
 11
15.7056
 21
-44.6061
  0
LINE
  8
0
 10
15.7056
 20
-44.6061
 11
15.7413
 21
-44.4975
  0
LINE
  8
0
 10
15.7413
 20
-44.4975
 11
15.7667
 21
-44.3842
  0
LINE
  8
0
 10
15.7667
 20
-44.3842
 11
15.7819
 21
-44.2664
  0
LINE
  8
0
 10
15.7819
 20
-44.2664
 11
15.787
 21
-44.1439
  0
LINE
  8
0
 10
15.787
 20
-44.1439
 11
15.7788
 21
-43.9791
  0
LINE
  8
0
 10
15.7788
 20
-43.9791
 11
15.754
 21
-43.8247
  0
LINE
  8
0
 10
15.754
 20
-43.8247
 11
15.7124
 21
-43.6808
  0
LINE
  8
0
 10
15.7124
 20
-43.6808
 11
15.6539
 21
-43.5479
  0
LINE
  8
0
 10
15.6539
 20
-43.5479
 11
15.5785
 21
-43.4261
  0
LINE
  8
0
 10
15.5785
 20
-43.4261
 11
15.4864
 21
-43.3159
  0
LINE
  8
0
 10
15.4864
 20
-43.3159
 11
15.3779
 21
-43.2177
  0
LINE
  8
0
 10
15.3779
 20
-43.2177
 11
15.2546
 21
-43.1321
  0
LINE
  8
0
 10
15.2546
 20
-43.1321
 11
15.1179
 21
-43.06
  0
LINE
  8
0
 10
15.1179
 20
-43.06
 11
14.968
 21
-43.0013
  0
LINE
  8
0
 10
14.968
 20
-43.0013
 11
14.8051
 21
-42.9559
  0
LINE
  8
0
 10
14.8051
 20
-42.9559
 11
14.6293
 21
-42.9236
  0
LINE
  8
0
 10
14.6293
 20
-42.9236
 11
14.4405
 21
-42.9043
  0
LINE
  8
0
 10
14.4405
 20
-42.9043
 11
14.2396
 21
-42.8979
  0
LINE
  8
0
 10
14.2396
 20
-42.8979
 11
12.1837
 21
-42.8979
  0
LINE
  8
0
 10
12.1837
 20
-42.8979
 11
12.1837
 21
-47.0109
  0
LINE
  8
0
 10
12.1837
 20
-47.0109
 11
13.1239
 21
-47.0109
  0
LINE
  8
0
 10
13.1239
 20
-47.0109
 11
13.1239
 21
-45.4871
  0
LINE
  8
0
 10
13.1239
 20
-44.7349
 11
13.1239
 21
-43.6501
  0
LINE
  8
0
 10
13.1239
 20
-43.6501
 11
14.1491
 21
-43.6501
  0
LINE
  8
0
 10
14.1491
 20
-43.6501
 11
14.3403
 21
-43.6616
  0
LINE
  8
0
 10
14.3403
 20
-43.6616
 11
14.4979
 21
-43.6951
  0
LINE
  8
0
 10
14.4979
 20
-43.6951
 11
14.6235
 21
-43.7496
  0
LINE
  8
0
 10
14.6235
 20
-43.7496
 11
14.7185
 21
-43.8238
  0
LINE
  8
0
 10
14.7185
 20
-43.8238
 11
14.7857
 21
-43.9182
  0
LINE
  8
0
 10
14.7857
 20
-43.9182
 11
14.8268
 21
-44.0358
  0
LINE
  8
0
 10
14.8268
 20
-44.0358
 11
14.8409
 21
-44.1796
  0
LINE
  8
0
 10
14.8409
 20
-44.1796
 11
14.8375
 21
-44.253
  0
LINE
  8
0
 10
14.8375
 20
-44.253
 11
14.8271
 21
-44.3219
  0
LINE
  8
0
 10
14.8271
 20
-44.3219
 11
14.8101
 21
-44.3853
  0
LINE
  8
0
 10
14.8101
 20
-44.3853
 11
14.7865
 21
-44.4432
  0
LINE
  8
0
 10
14.7865
 20
-44.4432
 11
14.7563
 21
-44.4961
  0
LINE
  8
0
 10
14.7563
 20
-44.4961
 11
14.7195
 21
-44.5442
  0
LINE
  8
0
 10
14.7195
 20
-44.5442
 11
14.6758
 21
-44.5877
  0
LINE
  8
0
 10
14.6758
 20
-44.5877
 11
14.6255
 21
-44.6259
  0
LINE
  8
0
 10
14.6255
 20
-44.6259
 11
14.5685
 21
-44.6586
  0
LINE
  8
0
 10
14.5685
 20
-44.6586
 11
14.5041
 21
-44.6857
  0
LINE
  8
0
 10
14.5041
 20
-44.6857
 11
14.4327
 21
-44.707
  0
LINE
  8
0
 10
14.4327
 20
-44.707
 11
14.3538
 21
-44.7224
  0
LINE
  8
0
 10
14.3538
 20
-44.7224
 11
14.2672
 21
-44.7317
  0
LINE
  8
0
 10
14.2672
 20
-44.7317
 11
14.1726
 21
-44.7349
  0
LINE
  8
0
 10
14.1726
 20
-44.7349
 11
13.1239
 21
-44.7349
  0
LINE
  8
0
 10
4.1707
 20
-44.5938
 11
4.16963
 21
-44.5112
  0
LINE
  8
0
 10
4.16963
 20
-44.5112
 11
4.16647
 21
-44.4212
  0
LINE
  8
0
 10
4.16647
 20
-44.4212
 11
4.16118
 21
-44.3242
  0
LINE
  8
0
 10
4.16118
 20
-44.3242
 11
4.15381
 21
-44.2201
  0
LINE
  8
0
 10
4.15381
 20
-44.2201
 11
4.14433
 21
-44.1088
  0
LINE
  8
0
 10
4.14433
 20
-44.1088
 11
4.14381
 21
-44.1036
  0
LINE
  8
0
 10
4.14381
 20
-44.1036
 11
5.789
 21
-47.0109
  0
LINE
  8
0
 10
5.789
 20
-47.0109
 11
6.85365
 21
-47.0109
  0
LINE
  8
0
 10
6.85365
 20
-47.0109
 11
6.85365
 21
-42.8979
  0
LINE
  8
0
 10
6.85365
 20
-42.8979
 11
6.00743
 21
-42.8979
  0
LINE
  8
0
 10
6.00743
 20
-42.8979
 11
6.00743
 21
-45.2807
  0
LINE
  8
0
 10
6.00743
 20
-45.2807
 11
6.0085
 21
-45.3839
  0
LINE
  8
0
 10
6.0085
 20
-45.3839
 11
6.01166
 21
-45.4905
  0
LINE
  8
0
 10
6.01166
 20
-45.4905
 11
6.01692
 21
-45.6001
  0
LINE
  8
0
 10
6.01692
 20
-45.6001
 11
6.02431
 21
-45.7129
  0
LINE
  8
0
 10
6.02431
 20
-45.7129
 11
6.03378
 21
-45.8287
  0
LINE
  8
0
 10
6.03378
 20
-45.8287
 11
6.03407
 21
-45.8317
  0
LINE
  8
0
 10
6.03407
 20
-45.8317
 11
4.36337
 21
-42.8979
  0
LINE
  8
0
 10
4.36337
 20
-42.8979
 11
3.32448
 21
-42.8979
  0
LINE
  8
0
 10
3.32448
 20
-42.8979
 11
3.32448
 21
-47.0109
  0
LINE
  8
0
 10
3.32448
 20
-47.0109
 11
4.1707
 21
-47.0109
  0
LINE
  8
0
 10
4.1707
 20
-47.0109
 11
4.1707
 21
-44.5938
  0
LINE
  8
0
 10
28.8521
 20
-46.2615
 11
26.4198
 21
-46.2615
  0
LINE
  8
0
 10
26.4198
 20
-46.2615
 11
26.4198
 21
-45.3048
  0
LINE
  8
0
 10
26.4198
 20
-45.3048
 11
28.5616
 21
-45.3048
  0
LINE
  8
0
 10
28.5616
 20
-45.3048
 11
28.5616
 21
-44.5555
  0
LINE
  8
0
 10
28.5616
 20
-44.5555
 11
26.4198
 21
-44.5555
  0
LINE
  8
0
 10
26.4198
 20
-44.5555
 11
26.4198
 21
-43.6472
  0
LINE
  8
0
 10
26.4198
 20
-43.6472
 11
28.7353
 21
-43.6472
  0
LINE
  8
0
 10
28.7353
 20
-43.6472
 11
28.7353
 21
-42.8979
  0
LINE
  8
0
 10
28.7353
 20
-42.8979
 11
25.4796
 21
-42.8979
  0
LINE
  8
0
 10
25.4796
 20
-42.8979
 11
25.4796
 21
-47.0109
  0
LINE
  8
0
 10
25.4796
 20
-47.0109
 11
28.8521
 21
-47.0109
  0
LINE
  8
0
 10
28.8521
 20
-47.0109
 11
28.8521
 21
-46.2615
  0
LINE
  8
0
 10
62.1822
 20
-45.4871
 11
63.0896
 21
-45.4871
  0
LINE
  8
0
 10
63.0896
 20
-45.4871
 11
64.0209
 21
-47.0109
  0
LINE
  8
0
 10
64.0209
 20
-47.0109
 11
65.0862
 21
-47.0109
  0
LINE
  8
0
 10
65.0862
 20
-47.0109
 11
63.988
 21
-45.3045
  0
LINE
  8
0
 10
63.988
 20
-45.3045
 11
64.0381
 21
-45.2903
  0
LINE
  8
0
 10
64.0381
 20
-45.2903
 11
64.1485
 21
-45.2482
  0
LINE
  8
0
 10
64.1485
 20
-45.2482
 11
64.252
 21
-45.1971
  0
LINE
  8
0
 10
64.252
 20
-45.1971
 11
64.3486
 21
-45.1368
  0
LINE
  8
0
 10
64.3486
 20
-45.1368
 11
64.4381
 21
-45.0676
  0
LINE
  8
0
 10
64.4381
 20
-45.0676
 11
64.5204
 21
-44.9895
  0
LINE
  8
0
 10
64.5204
 20
-44.9895
 11
64.5954
 21
-44.9026
  0
LINE
  8
0
 10
64.5954
 20
-44.9026
 11
64.6617
 21
-44.8088
  0
LINE
  8
0
 10
64.6617
 20
-44.8088
 11
64.7178
 21
-44.7099
  0
LINE
  8
0
 10
64.7178
 20
-44.7099
 11
64.7638
 21
-44.6061
  0
LINE
  8
0
 10
64.7638
 20
-44.6061
 11
64.7995
 21
-44.4975
  0
LINE
  8
0
 10
64.7995
 20
-44.4975
 11
64.825
 21
-44.3842
  0
LINE
  8
0
 10
64.825
 20
-44.3842
 11
64.8402
 21
-44.2664
  0
LINE
  8
0
 10
64.8402
 20
-44.2664
 11
64.8452
 21
-44.1439
  0
LINE
  8
0
 10
64.8452
 20
-44.1439
 11
64.837
 21
-43.9791
  0
LINE
  8
0
 10
64.837
 20
-43.9791
 11
64.8122
 21
-43.8247
  0
LINE
  8
0
 10
64.8122
 20
-43.8247
 11
64.7706
 21
-43.6808
  0
LINE
  8
0
 10
64.7706
 20
-43.6808
 11
64.7121
 21
-43.5479
  0
LINE
  8
0
 10
64.7121
 20
-43.5479
 11
64.6367
 21
-43.4261
  0
LINE
  8
0
 10
64.6367
 20
-43.4261
 11
64.5446
 21
-43.3159
  0
LINE
  8
0
 10
64.5446
 20
-43.3159
 11
64.4361
 21
-43.2177
  0
LINE
  8
0
 10
64.4361
 20
-43.2177
 11
64.3128
 21
-43.1321
  0
LINE
  8
0
 10
64.3128
 20
-43.1321
 11
64.1761
 21
-43.06
  0
LINE
  8
0
 10
64.1761
 20
-43.06
 11
64.0262
 21
-43.0013
  0
LINE
  8
0
 10
64.0262
 20
-43.0013
 11
63.8634
 21
-42.9559
  0
LINE
  8
0
 10
63.8634
 20
-42.9559
 11
63.6875
 21
-42.9236
  0
LINE
  8
0
 10
63.6875
 20
-42.9236
 11
63.4988
 21
-42.9043
  0
LINE
  8
0
 10
63.4988
 20
-42.9043
 11
63.2979
 21
-42.8979
  0
LINE
  8
0
 10
63.2979
 20
-42.8979
 11
61.242
 21
-42.8979
  0
LINE
  8
0
 10
61.242
 20
-42.8979
 11
61.242
 21
-47.0109
  0
LINE
  8
0
 10
61.242
 20
-47.0109
 11
62.1822
 21
-47.0109
  0
LINE
  8
0
 10
62.1822
 20
-47.0109
 11
62.1822
 21
-45.4871
  0
LINE
  8
0
 10
62.1822
 20
-44.7349
 11
62.1822
 21
-43.6501
  0
LINE
  8
0
 10
62.1822
 20
-43.6501
 11
63.2073
 21
-43.6501
  0
LINE
  8
0
 10
63.2073
 20
-43.6501
 11
63.3985
 21
-43.6616
  0
LINE
  8
0
 10
63.3985
 20
-43.6616
 11
63.5562
 21
-43.6951
  0
LINE
  8
0
 10
63.5562
 20
-43.6951
 11
63.6817
 21
-43.7496
  0
LINE
  8
0
 10
63.6817
 20
-43.7496
 11
63.7767
 21
-43.8238
  0
LINE
  8
0
 10
63.7767
 20
-43.8238
 11
63.8439
 21
-43.9182
  0
LINE
  8
0
 10
63.8439
 20
-43.9182
 11
63.885
 21
-44.0358
  0
LINE
  8
0
 10
63.885
 20
-44.0358
 11
63.8992
 21
-44.1796
  0
LINE
  8
0
 10
63.8992
 20
-44.1796
 11
63.8957
 21
-44.253
  0
LINE
  8
0
 10
63.8957
 20
-44.253
 11
63.8854
 21
-44.3219
  0
LINE
  8
0
 10
63.8854
 20
-44.3219
 11
63.8683
 21
-44.3853
  0
LINE
  8
0
 10
63.8683
 20
-44.3853
 11
63.8447
 21
-44.4432
  0
LINE
  8
0
 10
63.8447
 20
-44.4432
 11
63.8145
 21
-44.4961
  0
LINE
  8
0
 10
63.8145
 20
-44.4961
 11
63.7777
 21
-44.5442
  0
LINE
  8
0
 10
63.7777
 20
-44.5442
 11
63.734
 21
-44.5877
  0
LINE
  8
0
 10
63.734
 20
-44.5877
 11
63.6838
 21
-44.626
  0
LINE
  8
0
 10
63.6838
 20
-44.626
 11
63.6267
 21
-44.6586
  0
LINE
  8
0
 10
63.6267
 20
-44.6586
 11
63.5623
 21
-44.6857
  0
LINE
  8
0
 10
63.5623
 20
-44.6857
 11
63.491
 21
-44.707
  0
LINE
  8
0
 10
63.491
 20
-44.707
 11
63.412
 21
-44.7224
  0
LINE
  8
0
 10
63.412
 20
-44.7224
 11
63.3254
 21
-44.7317
  0
LINE
  8
0
 10
63.3254
 20
-44.7317
 11
63.2308
 21
-44.7349
  0
LINE
  8
0
 10
63.2308
 20
-44.7349
 11
62.1822
 21
-44.7349
  0
LINE
  8
0
 10
53.5356
 20
-46.2615
 11
51.1033
 21
-46.2615
  0
LINE
  8
0
 10
51.1033
 20
-46.2615
 11
51.1033
 21
-45.3048
  0
LINE
  8
0
 10
51.1033
 20
-45.3048
 11
53.245
 21
-45.3048
  0
LINE
  8
0
 10
53.245
 20
-45.3048
 11
53.245
 21
-44.5555
  0
LINE
  8
0
 10
53.245
 20
-44.5555
 11
51.1033
 21
-44.5555
  0
LINE
  8
0
 10
51.1033
 20
-44.5555
 11
51.1033
 21
-43.6472
  0
LINE
  8
0
 10
51.1033
 20
-43.6472
 11
53.4188
 21
-43.6472
  0
LINE
  8
0
 10
53.4188
 20
-43.6472
 11
53.4188
 21
-42.8979
  0
LINE
  8
0
 10
53.4188
 20
-42.8979
 11
50.163
 21
-42.8979
  0
LINE
  8
0
 10
50.163
 20
-42.8979
 11
50.163
 21
-47.0109
  0
LINE
  8
0
 10
50.163
 20
-47.0109
 11
53.5356
 21
-47.0109
  0
LINE
  8
0
 10
53.5356
 20
-47.0109
 11
53.5356
 21
-46.2615
  0
LINE
  8
0
 10
8.28461
 20
-44.5283
 11
8.28389
 21
-44.4576
  0
LINE
  8
0
 10
8.28389
 20
-44.4576
 11
8.2818
 21
-44.3686
  0
LINE
  8
0
 10
8.2818
 20
-44.3686
 11
8.27829
 21
-44.2616
  0
LINE
  8
0
 10
8.27829
 20
-44.2616
 11
8.27339
 21
-44.1364
  0
LINE
  8
0
 10
8.27339
 20
-44.1364
 11
8.2711
 21
-44.0842
  0
LINE
  8
0
 10
8.2711
 20
-44.0842
 11
8.45734
 21
-44.7368
  0
LINE
  8
0
 10
8.45734
 20
-44.7368
 11
9.19223
 21
-47.0109
  0
LINE
  8
0
 10
9.19223
 20
-47.0109
 11
9.86308
 21
-47.0109
  0
LINE
  8
0
 10
9.86308
 20
-47.0109
 11
10.5978
 21
-44.7374
  0
LINE
  8
0
 10
10.5978
 20
-44.7374
 11
10.6278
 21
-44.6411
  0
LINE
  8
0
 10
10.6278
 20
-44.6411
 11
10.6621
 21
-44.5259
  0
LINE
  8
0
 10
10.6621
 20
-44.5259
 11
10.7006
 21
-44.3918
  0
LINE
  8
0
 10
10.7006
 20
-44.3918
 11
10.7434
 21
-44.239
  0
LINE
  8
0
 10
10.7434
 20
-44.239
 11
10.7813
 21
-44.1008
  0
LINE
  8
0
 10
10.7813
 20
-44.1008
 11
10.7778
 21
-44.1908
  0
LINE
  8
0
 10
10.7778
 20
-44.1908
 11
10.775
 21
-44.27
  0
LINE
  8
0
 10
10.775
 20
-44.27
 11
10.7731
 21
-44.3272
  0
LINE
  8
0
 10
10.7731
 20
-44.3272
 11
10.7722
 21
-44.3623
  0
LINE
  8
0
 10
10.7722
 20
-44.3623
 11
10.7718
 21
-44.3862
  0
LINE
  8
0
 10
10.7718
 20
-44.3862
 11
10.7714
 21
-44.41
  0
LINE
  8
0
 10
10.7714
 20
-44.41
 11
10.7712
 21
-44.4337
  0
LINE
  8
0
 10
10.7712
 20
-44.4337
 11
10.771
 21
-44.4574
  0
LINE
  8
0
 10
10.771
 20
-44.4574
 11
10.7708
 21
-44.4811
  0
LINE
  8
0
 10
10.7708
 20
-44.4811
 11
10.7707
 21
-44.5049
  0
LINE
  8
0
 10
10.7707
 20
-44.5049
 11
10.7707
 21
-44.5285
  0
LINE
  8
0
 10
10.7707
 20
-44.5285
 11
10.7707
 21
-47.0109
  0
LINE
  8
0
 10
10.7707
 20
-47.0109
 11
11.6169
 21
-47.0109
  0
LINE
  8
0
 10
11.6169
 20
-47.0109
 11
11.6169
 21
-42.8979
  0
LINE
  8
0
 10
11.6169
 20
-42.8979
 11
10.4109
 21
-42.8979
  0
LINE
  8
0
 10
10.4109
 20
-42.8979
 11
9.66197
 21
-45.2891
  0
LINE
  8
0
 10
9.66197
 20
-45.2891
 11
9.53276
 21
-45.7527
  0
LINE
  8
0
 10
9.53276
 20
-45.7527
 11
9.44206
 21
-45.3955
  0
LINE
  8
0
 10
9.44206
 20
-45.3955
 11
9.37897
 21
-45.1776
  0
LINE
  8
0
 10
9.37897
 20
-45.1776
 11
8.6499
 21
-42.8979
  0
LINE
  8
0
 10
8.6499
 20
-42.8979
 11
7.43839
 21
-42.8979
  0
LINE
  8
0
 10
7.43839
 20
-42.8979
 11
7.43839
 21
-47.0109
  0
LINE
  8
0
 10
7.43839
 20
-47.0109
 11
8.28461
 21
-47.0109
  0
LINE
  8
0
 10
8.28461
 20
-47.0109
 11
8.28461
 21
-44.5283
  0
LINE
  8
0
 10
60.8149
 20
-46.2615
 11
58.3826
 21
-46.2615
  0
LINE
  8
0
 10
58.3826
 20
-46.2615
 11
58.3826
 21
-45.3048
  0
LINE
  8
0
 10
58.3826
 20
-45.3048
 11
60.5244
 21
-45.3048
  0
LINE
  8
0
 10
60.5244
 20
-45.3048
 11
60.5244
 21
-44.5555
  0
LINE
  8
0
 10
60.5244
 20
-44.5555
 11
58.3826
 21
-44.5555
  0
LINE
  8
0
 10
58.3826
 20
-44.5555
 11
58.3826
 21
-43.6472
  0
LINE
  8
0
 10
58.3826
 20
-43.6472
 11
60.6981
 21
-43.6472
  0
LINE
  8
0
 10
60.6981
 20
-43.6472
 11
60.6981
 21
-42.8979
  0
LINE
  8
0
 10
60.6981
 20
-42.8979
 11
57.4424
 21
-42.8979
  0
LINE
  8
0
 10
57.4424
 20
-42.8979
 11
57.4424
 21
-47.0109
  0
LINE
  8
0
 10
57.4424
 20
-47.0109
 11
60.8149
 21
-47.0109
  0
LINE
  8
0
 10
60.8149
 20
-47.0109
 11
60.8149
 21
-46.2615
  0
LINE
  8
0
 10
37.813
 20
-45.4871
 11
38.7204
 21
-45.4871
  0
LINE
  8
0
 10
38.7204
 20
-45.4871
 11
39.6517
 21
-47.0109
  0
LINE
  8
0
 10
39.6517
 20
-47.0109
 11
40.717
 21
-47.0109
  0
LINE
  8
0
 10
40.717
 20
-47.0109
 11
39.6188
 21
-45.3045
  0
LINE
  8
0
 10
39.6188
 20
-45.3045
 11
39.6689
 21
-45.2903
  0
LINE
  8
0
 10
39.6689
 20
-45.2903
 11
39.7793
 21
-45.2482
  0
LINE
  8
0
 10
39.7793
 20
-45.2482
 11
39.8828
 21
-45.1971
  0
LINE
  8
0
 10
39.8828
 20
-45.1971
 11
39.9794
 21
-45.1368
  0
LINE
  8
0
 10
39.9794
 20
-45.1368
 11
40.0689
 21
-45.0676
  0
LINE
  8
0
 10
40.0689
 20
-45.0676
 11
40.1512
 21
-44.9895
  0
LINE
  8
0
 10
40.1512
 20
-44.9895
 11
40.2262
 21
-44.9026
  0
LINE
  8
0
 10
40.2262
 20
-44.9026
 11
40.2925
 21
-44.8088
  0
LINE
  8
0
 10
40.2925
 20
-44.8088
 11
40.3486
 21
-44.7099
  0
LINE
  8
0
 10
40.3486
 20
-44.7099
 11
40.3946
 21
-44.6061
  0
LINE
  8
0
 10
40.3946
 20
-44.6061
 11
40.4303
 21
-44.4975
  0
LINE
  8
0
 10
40.4303
 20
-44.4975
 11
40.4558
 21
-44.3842
  0
LINE
  8
0
 10
40.4558
 20
-44.3842
 11
40.471
 21
-44.2664
  0
LINE
  8
0
 10
40.471
 20
-44.2664
 11
40.4761
 21
-44.1439
  0
LINE
  8
0
 10
40.4761
 20
-44.1439
 11
40.4678
 21
-43.9791
  0
LINE
  8
0
 10
40.4678
 20
-43.9791
 11
40.443
 21
-43.8247
  0
LINE
  8
0
 10
40.443
 20
-43.8247
 11
40.4014
 21
-43.6808
  0
LINE
  8
0
 10
40.4014
 20
-43.6808
 11
40.3429
 21
-43.5479
  0
LINE
  8
0
 10
40.3429
 20
-43.5479
 11
40.2675
 21
-43.4261
  0
LINE
  8
0
 10
40.2675
 20
-43.4261
 11
40.1754
 21
-43.3159
  0
LINE
  8
0
 10
40.1754
 20
-43.3159
 11
40.0669
 21
-43.2177
  0
LINE
  8
0
 10
40.0669
 20
-43.2177
 11
39.9436
 21
-43.1321
  0
LINE
  8
0
 10
39.9436
 20
-43.1321
 11
39.8069
 21
-43.06
  0
LINE
  8
0
 10
39.8069
 20
-43.06
 11
39.6571
 21
-43.0013
  0
LINE
  8
0
 10
39.6571
 20
-43.0013
 11
39.4942
 21
-42.9559
  0
LINE
  8
0
 10
39.4942
 20
-42.9559
 11
39.3183
 21
-42.9236
  0
LINE
  8
0
 10
39.3183
 20
-42.9236
 11
39.1296
 21
-42.9043
  0
LINE
  8
0
 10
39.1296
 20
-42.9043
 11
38.9287
 21
-42.8979
  0
LINE
  8
0
 10
38.9287
 20
-42.8979
 11
36.8728
 21
-42.8979
  0
LINE
  8
0
 10
36.8728
 20
-42.8979
 11
36.8728
 21
-47.0109
  0
LINE
  8
0
 10
36.8728
 20
-47.0109
 11
37.813
 21
-47.0109
  0
LINE
  8
0
 10
37.813
 20
-47.0109
 11
37.813
 21
-45.4871
  0
LINE
  8
0
 10
37.813
 20
-44.7349
 11
37.813
 21
-43.6501
  0
LINE
  8
0
 10
37.813
 20
-43.6501
 11
38.8381
 21
-43.6501
  0
LINE
  8
0
 10
38.8381
 20
-43.6501
 11
39.0293
 21
-43.6616
  0
LINE
  8
0
 10
39.0293
 20
-43.6616
 11
39.187
 21
-43.6951
  0
LINE
  8
0
 10
39.187
 20
-43.6951
 11
39.3125
 21
-43.7496
  0
LINE
  8
0
 10
39.3125
 20
-43.7496
 11
39.4076
 21
-43.8238
  0
LINE
  8
0
 10
39.4076
 20
-43.8238
 11
39.4748
 21
-43.9182
  0
LINE
  8
0
 10
39.4748
 20
-43.9182
 11
39.5158
 21
-44.0358
  0
LINE
  8
0
 10
39.5158
 20
-44.0358
 11
39.53
 21
-44.1796
  0
LINE
  8
0
 10
39.53
 20
-44.1796
 11
39.5266
 21
-44.253
  0
LINE
  8
0
 10
39.5266
 20
-44.253
 11
39.5162
 21
-44.3219
  0
LINE
  8
0
 10
39.5162
 20
-44.3219
 11
39.4991
 21
-44.3853
  0
LINE
  8
0
 10
39.4991
 20
-44.3853
 11
39.4756
 21
-44.4432
  0
LINE
  8
0
 10
39.4756
 20
-44.4432
 11
39.4453
 21
-44.4961
  0
LINE
  8
0
 10
39.4453
 20
-44.4961
 11
39.4085
 21
-44.5442
  0
LINE
  8
0
 10
39.4085
 20
-44.5442
 11
39.3649
 21
-44.5877
  0
LINE
  8
0
 10
39.3649
 20
-44.5877
 11
39.3146
 21
-44.626
  0
LINE
  8
0
 10
39.3146
 20
-44.626
 11
39.2575
 21
-44.6586
  0
LINE
  8
0
 10
39.2575
 20
-44.6586
 11
39.1931
 21
-44.6857
  0
LINE
  8
0
 10
39.1931
 20
-44.6857
 11
39.1218
 21
-44.707
  0
LINE
  8
0
 10
39.1218
 20
-44.707
 11
39.0428
 21
-44.7224
  0
LINE
  8
0
 10
39.0428
 20
-44.7224
 11
38.9562
 21
-44.7317
  0
LINE
  8
0
 10
38.9562
 20
-44.7317
 11
38.8616
 21
-44.7349
  0
LINE
  8
0
 10
38.8616
 20
-44.7349
 11
37.813
 21
-44.7349
  0
LINE
  8
0
 10
46.2639
 20
-44.5283
 11
46.2632
 21
-44.4576
  0
LINE
  8
0
 10
46.2632
 20
-44.4576
 11
46.2611
 21
-44.3686
  0
LINE
  8
0
 10
46.2611
 20
-44.3686
 11
46.2576
 21
-44.2616
  0
LINE
  8
0
 10
46.2576
 20
-44.2616
 11
46.2527
 21
-44.1364
  0
LINE
  8
0
 10
46.2527
 20
-44.1364
 11
46.2504
 21
-44.0842
  0
LINE
  8
0
 10
46.2504
 20
-44.0842
 11
46.4366
 21
-44.7368
  0
LINE
  8
0
 10
46.4366
 20
-44.7368
 11
47.1715
 21
-47.0109
  0
LINE
  8
0
 10
47.1715
 20
-47.0109
 11
47.8424
 21
-47.0109
  0
LINE
  8
0
 10
47.8424
 20
-47.0109
 11
48.5771
 21
-44.7374
  0
LINE
  8
0
 10
48.5771
 20
-44.7374
 11
48.6071
 21
-44.6411
  0
LINE
  8
0
 10
48.6071
 20
-44.6411
 11
48.6414
 21
-44.5259
  0
LINE
  8
0
 10
48.6414
 20
-44.5259
 11
48.6799
 21
-44.3918
  0
LINE
  8
0
 10
48.6799
 20
-44.3918
 11
48.7227
 21
-44.239
  0
LINE
  8
0
 10
48.7227
 20
-44.239
 11
48.7606
 21
-44.1008
  0
LINE
  8
0
 10
48.7606
 20
-44.1008
 11
48.7571
 21
-44.1908
  0
LINE
  8
0
 10
48.7571
 20
-44.1908
 11
48.7543
 21
-44.27
  0
LINE
  8
0
 10
48.7543
 20
-44.27
 11
48.7524
 21
-44.3272
  0
LINE
  8
0
 10
48.7524
 20
-44.3272
 11
48.7514
 21
-44.3624
  0
LINE
  8
0
 10
48.7514
 20
-44.3624
 11
48.7507
 21
-44.41
  0
LINE
  8
0
 10
48.7507
 20
-44.41
 11
48.7505
 21
-44.4337
  0
LINE
  8
0
 10
48.7505
 20
-44.4337
 11
48.7503
 21
-44.4574
  0
LINE
  8
0
 10
48.7503
 20
-44.4574
 11
48.7501
 21
-44.4811
  0
LINE
  8
0
 10
48.7501
 20
-44.4811
 11
48.75
 21
-44.5049
  0
LINE
  8
0
 10
48.75
 20
-44.5049
 11
48.75
 21
-44.5285
  0
LINE
  8
0
 10
48.75
 20
-44.5285
 11
48.75
 21
-47.0109
  0
LINE
  8
0
 10
48.75
 20
-47.0109
 11
49.5962
 21
-47.0109
  0
LINE
  8
0
 10
49.5962
 20
-47.0109
 11
49.5962
 21
-42.8979
  0
LINE
  8
0
 10
49.5962
 20
-42.8979
 11
48.3902
 21
-42.8979
  0
LINE
  8
0
 10
48.3902
 20
-42.8979
 11
47.6413
 21
-45.2891
  0
LINE
  8
0
 10
47.6413
 20
-45.2891
 11
47.5121
 21
-45.7527
  0
LINE
  8
0
 10
47.5121
 20
-45.7527
 11
47.4214
 21
-45.3955
  0
LINE
  8
0
 10
47.4214
 20
-45.3955
 11
47.3583
 21
-45.1776
  0
LINE
  8
0
 10
47.3583
 20
-45.1776
 11
46.6292
 21
-42.8979
  0
LINE
  8
0
 10
46.6292
 20
-42.8979
 11
45.4177
 21
-42.8979
  0
LINE
  8
0
 10
45.4177
 20
-42.8979
 11
45.4177
 21
-47.0109
  0
LINE
  8
0
 10
45.4177
 20
-47.0109
 11
46.2639
 21
-47.0109
  0
LINE
  8
0
 10
46.2639
 20
-47.0109
 11
46.2639
 21
-44.5283
  0
LINE
  8
0
 10
35.3045
 20
-43.6472
 11
36.6032
 21
-43.6472
  0
LINE
  8
0
 10
36.6032
 20
-43.6472
 11
36.6032
 21
-42.8979
  0
LINE
  8
0
 10
36.6032
 20
-42.8979
 11
33.0684
 21
-42.8979
  0
LINE
  8
0
 10
33.0684
 20
-42.8979
 11
33.0684
 21
-43.6472
  0
LINE
  8
0
 10
33.0684
 20
-43.6472
 11
34.3643
 21
-43.6472
  0
LINE
  8
0
 10
34.3643
 20
-43.6472
 11
34.3643
 21
-47.0109
  0
LINE
  8
0
 10
34.3643
 20
-47.0109
 11
35.3045
 21
-47.0109
  0
LINE
  8
0
 10
35.3045
 20
-47.0109
 11
35.3045
 21
-43.6472
  0
LINE
  8
0
 10
145.493
 20
-51.2728
 11
146.213
 21
-51.2728
  0
LINE
  8
0
 10
146.213
 20
-51.2728
 11
146.967
 21
-52.5063
  0
LINE
  8
0
 10
146.967
 20
-52.5063
 11
148.566
 21
-52.5063
  0
LINE
  8
0
 10
148.566
 20
-52.5063
 11
149.354
 21
-51.2565
  0
LINE
  8
0
 10
149.354
 20
-51.2565
 11
150.143
 21
-52.5063
  0
LINE
  8
0
 10
150.143
 20
-52.5063
 11
150.976
 21
-52.5063
  0
LINE
  8
0
 10
150.976
 20
-52.5063
 11
149.863
 21
-50.748
  0
LINE
  8
0
 10
149.863
 20
-50.748
 11
150.882
 21
-49.1577
  0
LINE
  8
0
 10
150.882
 20
-49.1577
 11
150.048
 21
-49.1577
  0
LINE
  8
0
 10
150.048
 20
-49.1577
 11
149.354
 21
-50.2619
  0
LINE
  8
0
 10
149.354
 20
-50.2619
 11
148.66
 21
-49.1577
  0
LINE
  8
0
 10
148.66
 20
-49.1577
 11
147.82
 21
-49.1577
  0
LINE
  8
0
 10
147.82
 20
-49.1577
 11
148.884
 21
-50.7481
  0
LINE
  8
0
 10
148.884
 20
-50.7481
 11
147.79
 21
-52.4097
  0
LINE
  8
0
 10
147.79
 20
-52.4097
 11
146.96
 21
-51.1211
  0
LINE
  8
0
 10
146.96
 20
-51.1211
 11
146.989
 21
-51.113
  0
LINE
  8
0
 10
146.989
 20
-51.113
 11
147.079
 21
-51.0786
  0
LINE
  8
0
 10
147.079
 20
-51.0786
 11
147.164
 21
-51.0368
  0
LINE
  8
0
 10
147.164
 20
-51.0368
 11
147.243
 21
-50.9875
  0
LINE
  8
0
 10
147.243
 20
-50.9875
 11
147.316
 21
-50.9309
  0
LINE
  8
0
 10
147.316
 20
-50.9309
 11
147.383
 21
-50.8671
  0
LINE
  8
0
 10
147.383
 20
-50.8671
 11
147.444
 21
-50.796
  0
LINE
  8
0
 10
147.444
 20
-50.796
 11
147.499
 21
-50.7193
  0
LINE
  8
0
 10
147.499
 20
-50.7193
 11
147.545
 21
-50.6384
  0
LINE
  8
0
 10
147.545
 20
-50.6384
 11
147.582
 21
-50.5535
  0
LINE
  8
0
 10
147.582
 20
-50.5535
 11
147.611
 21
-50.4647
  0
LINE
  8
0
 10
147.611
 20
-50.4647
 11
147.632
 21
-50.3721
  0
LINE
  8
0
 10
147.632
 20
-50.3721
 11
147.645
 21
-50.2759
  0
LINE
  8
0
 10
147.645
 20
-50.2759
 11
147.649
 21
-50.1758
  0
LINE
  8
0
 10
147.649
 20
-50.1758
 11
147.642
 21
-50.0415
  0
LINE
  8
0
 10
147.642
 20
-50.0415
 11
147.622
 21
-49.9154
  0
LINE
  8
0
 10
147.622
 20
-49.9154
 11
147.588
 21
-49.7978
  0
LINE
  8
0
 10
147.588
 20
-49.7978
 11
147.54
 21
-49.6889
  0
LINE
  8
0
 10
147.54
 20
-49.6889
 11
147.478
 21
-49.5892
  0
LINE
  8
0
 10
147.478
 20
-49.5892
 11
147.403
 21
-49.499
  0
LINE
  8
0
 10
147.403
 20
-49.499
 11
147.314
 21
-49.4186
  0
LINE
  8
0
 10
147.314
 20
-49.4186
 11
147.213
 21
-49.3487
  0
LINE
  8
0
 10
147.213
 20
-49.3487
 11
147.102
 21
-49.2898
  0
LINE
  8
0
 10
147.102
 20
-49.2898
 11
146.979
 21
-49.2419
  0
LINE
  8
0
 10
146.979
 20
-49.2419
 11
146.847
 21
-49.2049
  0
LINE
  8
0
 10
146.847
 20
-49.2049
 11
146.703
 21
-49.1786
  0
LINE
  8
0
 10
146.703
 20
-49.1786
 11
146.55
 21
-49.1629
  0
LINE
  8
0
 10
146.55
 20
-49.1629
 11
146.387
 21
-49.1577
  0
LINE
  8
0
 10
146.387
 20
-49.1577
 11
144.713
 21
-49.1577
  0
LINE
  8
0
 10
144.713
 20
-49.1577
 11
144.713
 21
-52.5063
  0
LINE
  8
0
 10
144.713
 20
-52.5063
 11
145.493
 21
-52.5063
  0
LINE
  8
0
 10
145.493
 20
-52.5063
 11
145.493
 21
-51.2728
  0
LINE
  8
0
 10
145.493
 20
-50.6448
 11
145.493
 21
-49.7857
  0
LINE
  8
0
 10
145.493
 20
-49.7857
 11
146.313
 21
-49.7857
  0
LINE
  8
0
 10
146.313
 20
-49.7857
 11
146.467
 21
-49.7949
  0
LINE
  8
0
 10
146.467
 20
-49.7949
 11
146.593
 21
-49.8217
  0
LINE
  8
0
 10
146.593
 20
-49.8217
 11
146.692
 21
-49.865
  0
LINE
  8
0
 10
146.692
 20
-49.865
 11
146.767
 21
-49.9234
  0
LINE
  8
0
 10
146.767
 20
-49.9234
 11
146.82
 21
-49.9977
  0
LINE
  8
0
 10
146.82
 20
-49.9977
 11
146.853
 21
-50.0904
  0
LINE
  8
0
 10
146.853
 20
-50.0904
 11
146.864
 21
-50.205
  0
LINE
  8
0
 10
146.864
 20
-50.205
 11
146.861
 21
-50.2633
  0
LINE
  8
0
 10
146.861
 20
-50.2633
 11
146.853
 21
-50.318
  0
LINE
  8
0
 10
146.853
 20
-50.318
 11
146.839
 21
-50.3682
  0
LINE
  8
0
 10
146.839
 20
-50.3682
 11
146.821
 21
-50.4141
  0
LINE
  8
0
 10
146.821
 20
-50.4141
 11
146.797
 21
-50.4557
  0
LINE
  8
0
 10
146.797
 20
-50.4557
 11
146.768
 21
-50.4936
  0
LINE
  8
0
 10
146.768
 20
-50.4936
 11
146.733
 21
-50.528
  0
LINE
  8
0
 10
146.733
 20
-50.528
 11
146.694
 21
-50.5582
  0
LINE
  8
0
 10
146.694
 20
-50.5582
 11
146.649
 21
-50.584
  0
LINE
  8
0
 10
146.649
 20
-50.584
 11
146.598
 21
-50.6055
  0
LINE
  8
0
 10
146.598
 20
-50.6055
 11
146.541
 21
-50.6225
  0
LINE
  8
0
 10
146.541
 20
-50.6225
 11
146.478
 21
-50.6348
  0
LINE
  8
0
 10
146.478
 20
-50.6348
 11
146.408
 21
-50.6423
  0
LINE
  8
0
 10
146.408
 20
-50.6423
 11
146.332
 21
-50.6448
  0
LINE
  8
0
 10
146.332
 20
-50.6448
 11
145.493
 21
-50.6448
  0
LINE
  8
0
 10
95.5874
 20
-52.1644
 11
95.6938
 21
-52.1499
  0
LINE
  8
0
 10
95.6938
 20
-52.1499
 11
95.7936
 21
-52.1256
  0
LINE
  8
0
 10
95.7936
 20
-52.1256
 11
95.8868
 21
-52.0913
  0
LINE
  8
0
 10
95.8868
 20
-52.0913
 11
95.9731
 21
-52.047
  0
LINE
  8
0
 10
95.9731
 20
-52.047
 11
96.0522
 21
-51.9927
  0
LINE
  8
0
 10
96.0522
 20
-51.9927
 11
96.1239
 21
-51.9286
  0
LINE
  8
0
 10
96.1239
 20
-51.9286
 11
96.187
 21
-51.8558
  0
LINE
  8
0
 10
96.187
 20
-51.8558
 11
96.2403
 21
-51.7756
  0
LINE
  8
0
 10
96.2403
 20
-51.7756
 11
96.2839
 21
-51.6882
  0
LINE
  8
0
 10
96.2839
 20
-51.6882
 11
96.3175
 21
-51.5939
  0
LINE
  8
0
 10
96.3175
 20
-51.5939
 11
96.3414
 21
-51.4928
  0
LINE
  8
0
 10
96.3414
 20
-51.4928
 11
96.3557
 21
-51.3852
  0
LINE
  8
0
 10
96.3557
 20
-51.3852
 11
96.3604
 21
-51.2711
  0
LINE
  8
0
 10
96.3604
 20
-51.2711
 11
96.3562
 21
-51.1663
  0
LINE
  8
0
 10
96.3562
 20
-51.1663
 11
96.3438
 21
-51.0673
  0
LINE
  8
0
 10
96.3438
 20
-51.0673
 11
96.3229
 21
-50.9741
  0
LINE
  8
0
 10
96.3229
 20
-50.9741
 11
96.2935
 21
-50.8868
  0
LINE
  8
0
 10
96.2935
 20
-50.8868
 11
96.2554
 21
-50.8056
  0
LINE
  8
0
 10
96.2554
 20
-50.8056
 11
96.2086
 21
-50.7308
  0
LINE
  8
0
 10
96.2086
 20
-50.7308
 11
96.1533
 21
-50.6624
  0
LINE
  8
0
 10
96.1533
 20
-50.6624
 11
96.0905
 21
-50.6019
  0
LINE
  8
0
 10
96.0905
 20
-50.6019
 11
96.0214
 21
-50.5506
  0
LINE
  8
0
 10
96.0214
 20
-50.5506
 11
95.9462
 21
-50.5086
  0
LINE
  8
0
 10
95.9462
 20
-50.5086
 11
95.8651
 21
-50.4761
  0
LINE
  8
0
 10
95.8651
 20
-50.4761
 11
95.7784
 21
-50.453
  0
LINE
  8
0
 10
95.7784
 20
-50.453
 11
95.6865
 21
-50.4392
  0
LINE
  8
0
 10
95.6865
 20
-50.4392
 11
95.5897
 21
-50.4347
  0
LINE
  8
0
 10
95.5897
 20
-50.4347
 11
95.5362
 21
-50.4362
  0
LINE
  8
0
 10
95.5362
 20
-50.4362
 11
95.4845
 21
-50.4408
  0
LINE
  8
0
 10
95.4845
 20
-50.4408
 11
95.4342
 21
-50.4485
  0
LINE
  8
0
 10
95.4342
 20
-50.4485
 11
95.3853
 21
-50.4593
  0
LINE
  8
0
 10
95.3853
 20
-50.4593
 11
95.3379
 21
-50.4732
  0
LINE
  8
0
 10
95.3379
 20
-50.4732
 11
95.292
 21
-50.4903
  0
LINE
  8
0
 10
95.292
 20
-50.4903
 11
95.2477
 21
-50.5105
  0
LINE
  8
0
 10
95.2477
 20
-50.5105
 11
95.2053
 21
-50.5338
  0
LINE
  8
0
 10
95.2053
 20
-50.5338
 11
95.1654
 21
-50.5599
  0
LINE
  8
0
 10
95.1654
 20
-50.5599
 11
95.1282
 21
-50.5888
  0
LINE
  8
0
 10
95.1282
 20
-50.5888
 11
95.1045
 21
-50.6106
  0
LINE
  8
0
 10
95.1045
 20
-50.6106
 11
95.1087
 21
-50.5481
  0
LINE
  8
0
 10
95.1087
 20
-50.5481
 11
95.12
 21
-50.4558
  0
LINE
  8
0
 10
95.12
 20
-50.4558
 11
95.1356
 21
-50.373
  0
LINE
  8
0
 10
95.1356
 20
-50.373
 11
95.1554
 21
-50.2991
  0
LINE
  8
0
 10
95.1554
 20
-50.2991
 11
95.1792
 21
-50.2342
  0
LINE
  8
0
 10
95.1792
 20
-50.2342
 11
95.207
 21
-50.1779
  0
LINE
  8
0
 10
95.207
 20
-50.1779
 11
95.2379
 21
-50.1302
  0
LINE
  8
0
 10
95.2379
 20
-50.1302
 11
95.2712
 21
-50.0907
  0
LINE
  8
0
 10
95.2712
 20
-50.0907
 11
95.3068
 21
-50.0591
  0
LINE
  8
0
 10
95.3068
 20
-50.0591
 11
95.3446
 21
-50.035
  0
LINE
  8
0
 10
95.3446
 20
-50.035
 11
95.3851
 21
-50.018
  0
LINE
  8
0
 10
95.3851
 20
-50.018
 11
95.4288
 21
-50.0076
  0
LINE
  8
0
 10
95.4288
 20
-50.0076
 11
95.4762
 21
-50.0042
  0
LINE
  8
0
 10
95.4762
 20
-50.0042
 11
95.5311
 21
-50.0085
  0
LINE
  8
0
 10
95.5311
 20
-50.0085
 11
95.5779
 21
-50.021
  0
LINE
  8
0
 10
95.5779
 20
-50.021
 11
95.618
 21
-50.0412
  0
LINE
  8
0
 10
95.618
 20
-50.0412
 11
95.6525
 21
-50.0694
  0
LINE
  8
0
 10
95.6525
 20
-50.0694
 11
95.6823
 21
-50.1066
  0
LINE
  8
0
 10
95.6823
 20
-50.1066
 11
95.7076
 21
-50.1542
  0
LINE
  8
0
 10
95.7076
 20
-50.1542
 11
95.7423
 21
-50.2543
  0
LINE
  8
0
 10
95.7423
 20
-50.2543
 11
96.3078
 21
-50.1753
  0
LINE
  8
0
 10
96.3078
 20
-50.1753
 11
96.2669
 21
-50.0374
  0
LINE
  8
0
 10
96.2669
 20
-50.0374
 11
96.2373
 21
-49.9594
  0
LINE
  8
0
 10
96.2373
 20
-49.9594
 11
96.2029
 21
-49.8875
  0
LINE
  8
0
 10
96.2029
 20
-49.8875
 11
96.1635
 21
-49.8216
  0
LINE
  8
0
 10
96.1635
 20
-49.8216
 11
96.1191
 21
-49.762
  0
LINE
  8
0
 10
96.1191
 20
-49.762
 11
96.0697
 21
-49.7087
  0
LINE
  8
0
 10
96.0697
 20
-49.7087
 11
96.0154
 21
-49.662
  0
LINE
  8
0
 10
96.0154
 20
-49.662
 11
95.9557
 21
-49.6219
  0
LINE
  8
0
 10
95.9557
 20
-49.6219
 11
95.8905
 21
-49.588
  0
LINE
  8
0
 10
95.8905
 20
-49.588
 11
95.82
 21
-49.5606
  0
LINE
  8
0
 10
95.82
 20
-49.5606
 11
95.7443
 21
-49.5394
  0
LINE
  8
0
 10
95.7443
 20
-49.5394
 11
95.6636
 21
-49.5244
  0
LINE
  8
0
 10
95.6636
 20
-49.5244
 11
95.5778
 21
-49.5155
  0
LINE
  8
0
 10
95.5778
 20
-49.5155
 11
95.4864
 21
-49.5126
  0
LINE
  8
0
 10
95.4864
 20
-49.5126
 11
95.3584
 21
-49.5197
  0
LINE
  8
0
 10
95.3584
 20
-49.5197
 11
95.2377
 21
-49.5414
  0
LINE
  8
0
 10
95.2377
 20
-49.5414
 11
95.125
 21
-49.5778
  0
LINE
  8
0
 10
95.125
 20
-49.5778
 11
95.0208
 21
-49.6291
  0
LINE
  8
0
 10
95.0208
 20
-49.6291
 11
94.9256
 21
-49.6949
  0
LINE
  8
0
 10
94.9256
 20
-49.6949
 11
94.8396
 21
-49.7752
  0
LINE
  8
0
 10
94.8396
 20
-49.7752
 11
94.7629
 21
-49.8695
  0
LINE
  8
0
 10
94.7629
 20
-49.8695
 11
94.6962
 21
-49.9775
  0
LINE
  8
0
 10
94.6962
 20
-49.9775
 11
94.6402
 21
-50.0987
  0
LINE
  8
0
 10
94.6402
 20
-50.0987
 11
94.5947
 21
-50.2329
  0
LINE
  8
0
 10
94.5947
 20
-50.2329
 11
94.5596
 21
-50.3801
  0
LINE
  8
0
 10
94.5596
 20
-50.3801
 11
94.5347
 21
-50.5401
  0
LINE
  8
0
 10
94.5347
 20
-50.5401
 11
94.5198
 21
-50.713
  0
LINE
  8
0
 10
94.5198
 20
-50.713
 11
94.5148
 21
-50.8991
  0
LINE
  8
0
 10
94.5148
 20
-50.8991
 11
94.5197
 21
-51.0688
  0
LINE
  8
0
 10
94.5197
 20
-51.0688
 11
94.5344
 21
-51.2269
  0
LINE
  8
0
 10
94.5344
 20
-51.2269
 11
94.5591
 21
-51.3733
  0
LINE
  8
0
 10
94.5591
 20
-51.3733
 11
94.5939
 21
-51.508
  0
LINE
  8
0
 10
94.5939
 20
-51.508
 11
94.6389
 21
-51.6312
  0
LINE
  8
0
 10
94.6389
 20
-51.6312
 11
94.6944
 21
-51.7426
  0
LINE
  8
0
 10
94.6944
 20
-51.7426
 11
94.7604
 21
-51.8419
  0
LINE
  8
0
 10
94.7604
 20
-51.8419
 11
94.8363
 21
-51.9286
  0
LINE
  8
0
 10
94.8363
 20
-51.9286
 11
94.9213
 21
-52.0023
  0
LINE
  8
0
 10
94.9213
 20
-52.0023
 11
95.0154
 21
-52.0627
  0
LINE
  8
0
 10
95.0154
 20
-52.0627
 11
95.1181
 21
-52.1095
  0
LINE
  8
0
 10
95.1181
 20
-52.1095
 11
95.229
 21
-52.1428
  0
LINE
  8
0
 10
95.229
 20
-52.1428
 11
95.3479
 21
-52.1626
  0
LINE
  8
0
 10
95.3479
 20
-52.1626
 11
95.4744
 21
-52.1692
  0
LINE
  8
0
 10
95.4744
 20
-52.1692
 11
95.5874
 21
-52.1644
  0
LINE
  8
0
 10
95.4185
 20
-51.6804
 11
95.3815
 21
-51.673
  0
LINE
  8
0
 10
95.3815
 20
-51.673
 11
95.347
 21
-51.661
  0
LINE
  8
0
 10
95.347
 20
-51.661
 11
95.3147
 21
-51.644
  0
LINE
  8
0
 10
95.3147
 20
-51.644
 11
95.2843
 21
-51.6221
  0
LINE
  8
0
 10
95.2843
 20
-51.6221
 11
95.2556
 21
-51.5947
  0
LINE
  8
0
 10
95.2556
 20
-51.5947
 11
95.2285
 21
-51.5615
  0
LINE
  8
0
 10
95.2285
 20
-51.5615
 11
95.2041
 21
-51.5239
  0
LINE
  8
0
 10
95.2041
 20
-51.5239
 11
95.1832
 21
-51.4833
  0
LINE
  8
0
 10
95.1832
 20
-51.4833
 11
95.166
 21
-51.4395
  0
LINE
  8
0
 10
95.166
 20
-51.4395
 11
95.1526
 21
-51.3927
  0
LINE
  8
0
 10
95.1526
 20
-51.3927
 11
95.1429
 21
-51.3425
  0
LINE
  8
0
 10
95.1429
 20
-51.3425
 11
95.137
 21
-51.2892
  0
LINE
  8
0
 10
95.137
 20
-51.2892
 11
95.135
 21
-51.2324
  0
LINE
  8
0
 10
95.135
 20
-51.2324
 11
95.1368
 21
-51.1887
  0
LINE
  8
0
 10
95.1368
 20
-51.1887
 11
95.1423
 21
-51.1481
  0
LINE
  8
0
 10
95.1423
 20
-51.1481
 11
95.1511
 21
-51.1109
  0
LINE
  8
0
 10
95.1511
 20
-51.1109
 11
95.1634
 21
-51.0764
  0
LINE
  8
0
 10
95.1634
 20
-51.0764
 11
95.1789
 21
-51.0448
  0
LINE
  8
0
 10
95.1789
 20
-51.0448
 11
95.1978
 21
-51.0156
  0
LINE
  8
0
 10
95.1978
 20
-51.0156
 11
95.2201
 21
-50.989
  0
LINE
  8
0
 10
95.2201
 20
-50.989
 11
95.2453
 21
-50.9653
  0
LINE
  8
0
 10
95.2453
 20
-50.9653
 11
95.2724
 21
-50.9454
  0
LINE
  8
0
 10
95.2724
 20
-50.9454
 11
95.3017
 21
-50.9292
  0
LINE
  8
0
 10
95.3017
 20
-50.9292
 11
95.3337
 21
-50.9165
  0
LINE
  8
0
 10
95.3337
 20
-50.9165
 11
95.3681
 21
-50.9073
  0
LINE
  8
0
 10
95.3681
 20
-50.9073
 11
95.4059
 21
-50.9016
  0
LINE
  8
0
 10
95.4059
 20
-50.9016
 11
95.4463
 21
-50.8997
  0
LINE
  8
0
 10
95.4463
 20
-50.8997
 11
95.4888
 21
-50.9018
  0
LINE
  8
0
 10
95.4888
 20
-50.9018
 11
95.5276
 21
-50.9078
  0
LINE
  8
0
 10
95.5276
 20
-50.9078
 11
95.5632
 21
-50.9176
  0
LINE
  8
0
 10
95.5632
 20
-50.9176
 11
95.5958
 21
-50.9312
  0
LINE
  8
0
 10
95.5958
 20
-50.9312
 11
95.6254
 21
-50.9483
  0
LINE
  8
0
 10
95.6254
 20
-50.9483
 11
95.6526
 21
-50.9694
  0
LINE
  8
0
 10
95.6526
 20
-50.9694
 11
95.6775
 21
-50.9945
  0
LINE
  8
0
 10
95.6775
 20
-50.9945
 11
95.6996
 21
-51.0235
  0
LINE
  8
0
 10
95.6996
 20
-51.0235
 11
95.7184
 21
-51.056
  0
LINE
  8
0
 10
95.7184
 20
-51.056
 11
95.7341
 21
-51.0929
  0
LINE
  8
0
 10
95.7341
 20
-51.0929
 11
95.7466
 21
-51.1343
  0
LINE
  8
0
 10
95.7466
 20
-51.1343
 11
95.7557
 21
-51.18
  0
LINE
  8
0
 10
95.7557
 20
-51.18
 11
95.7612
 21
-51.2303
  0
LINE
  8
0
 10
95.7612
 20
-51.2303
 11
95.7631
 21
-51.2852
  0
LINE
  8
0
 10
95.7631
 20
-51.2852
 11
95.7613
 21
-51.3398
  0
LINE
  8
0
 10
95.7613
 20
-51.3398
 11
95.756
 21
-51.3905
  0
LINE
  8
0
 10
95.756
 20
-51.3905
 11
95.7473
 21
-51.4368
  0
LINE
  8
0
 10
95.7473
 20
-51.4368
 11
95.7352
 21
-51.4792
  0
LINE
  8
0
 10
95.7352
 20
-51.4792
 11
95.72
 21
-51.5177
  0
LINE
  8
0
 10
95.72
 20
-51.5177
 11
95.7017
 21
-51.5521
  0
LINE
  8
0
 10
95.7017
 20
-51.5521
 11
95.6803
 21
-51.583
  0
LINE
  8
0
 10
95.6803
 20
-51.583
 11
95.6564
 21
-51.6098
  0
LINE
  8
0
 10
95.6564
 20
-51.6098
 11
95.6304
 21
-51.632
  0
LINE
  8
0
 10
95.6304
 20
-51.632
 11
95.602
 21
-51.6501
  0
LINE
  8
0
 10
95.602
 20
-51.6501
 11
95.571
 21
-51.6643
  0
LINE
  8
0
 10
95.571
 20
-51.6643
 11
95.5371
 21
-51.6745
  0
LINE
  8
0
 10
95.5371
 20
-51.6745
 11
95.4995
 21
-51.6808
  0
LINE
  8
0
 10
95.4995
 20
-51.6808
 11
95.4591
 21
-51.6829
  0
LINE
  8
0
 10
95.4591
 20
-51.6829
 11
95.4185
 21
-51.6804
  0
LINE
  8
0
 10
131.561
 20
-52.1651
 11
131.675
 21
-52.1529
  0
LINE
  8
0
 10
131.675
 20
-52.1529
 11
131.782
 21
-52.1323
  0
LINE
  8
0
 10
131.782
 20
-52.1323
 11
131.881
 21
-52.1033
  0
LINE
  8
0
 10
131.881
 20
-52.1033
 11
131.972
 21
-52.0658
  0
LINE
  8
0
 10
131.972
 20
-52.0658
 11
132.056
 21
-52.0195
  0
LINE
  8
0
 10
132.056
 20
-52.0195
 11
132.131
 21
-51.9645
  0
LINE
  8
0
 10
132.131
 20
-51.9645
 11
132.197
 21
-51.9016
  0
LINE
  8
0
 10
132.197
 20
-51.9016
 11
132.253
 21
-51.8316
  0
LINE
  8
0
 10
132.253
 20
-51.8316
 11
132.299
 21
-51.7546
  0
LINE
  8
0
 10
132.299
 20
-51.7546
 11
132.335
 21
-51.6711
  0
LINE
  8
0
 10
132.335
 20
-51.6711
 11
132.36
 21
-51.5813
  0
LINE
  8
0
 10
132.36
 20
-51.5813
 11
132.375
 21
-51.4855
  0
LINE
  8
0
 10
132.375
 20
-51.4855
 11
132.38
 21
-51.3841
  0
LINE
  8
0
 10
132.38
 20
-51.3841
 11
132.377
 21
-51.3105
  0
LINE
  8
0
 10
132.377
 20
-51.3105
 11
132.368
 21
-51.2406
  0
LINE
  8
0
 10
132.368
 20
-51.2406
 11
132.353
 21
-51.174
  0
LINE
  8
0
 10
132.353
 20
-51.174
 11
132.332
 21
-51.1109
  0
LINE
  8
0
 10
132.332
 20
-51.1109
 11
132.304
 21
-51.0516
  0
LINE
  8
0
 10
132.304
 20
-51.0516
 11
132.271
 21
-50.9961
  0
LINE
  8
0
 10
132.271
 20
-50.9961
 11
132.231
 21
-50.9448
  0
LINE
  8
0
 10
132.231
 20
-50.9448
 11
132.186
 21
-50.8982
  0
LINE
  8
0
 10
132.186
 20
-50.8982
 11
132.136
 21
-50.8569
  0
LINE
  8
0
 10
132.136
 20
-50.8569
 11
132.082
 21
-50.821
  0
LINE
  8
0
 10
132.082
 20
-50.821
 11
132.024
 21
-50.7905
  0
LINE
  8
0
 10
132.024
 20
-50.7905
 11
131.98
 21
-50.7727
  0
LINE
  8
0
 10
131.98
 20
-50.7727
 11
132.001
 21
-50.7628
  0
LINE
  8
0
 10
132.001
 20
-50.7628
 11
132.053
 21
-50.7324
  0
LINE
  8
0
 10
132.053
 20
-50.7324
 11
132.101
 21
-50.697
  0
LINE
  8
0
 10
132.101
 20
-50.697
 11
132.145
 21
-50.6565
  0
LINE
  8
0
 10
132.145
 20
-50.6565
 11
132.185
 21
-50.6113
  0
LINE
  8
0
 10
132.185
 20
-50.6113
 11
132.22
 21
-50.5625
  0
LINE
  8
0
 10
132.22
 20
-50.5625
 11
132.25
 21
-50.5114
  0
LINE
  8
0
 10
132.25
 20
-50.5114
 11
132.274
 21
-50.458
  0
LINE
  8
0
 10
132.274
 20
-50.458
 11
132.294
 21
-50.4024
  0
LINE
  8
0
 10
132.294
 20
-50.4024
 11
132.307
 21
-50.3448
  0
LINE
  8
0
 10
132.307
 20
-50.3448
 11
132.315
 21
-50.2852
  0
LINE
  8
0
 10
132.315
 20
-50.2852
 11
132.318
 21
-50.2236
  0
LINE
  8
0
 10
132.318
 20
-50.2236
 11
132.313
 21
-50.1308
  0
LINE
  8
0
 10
132.313
 20
-50.1308
 11
132.299
 21
-50.0433
  0
LINE
  8
0
 10
132.299
 20
-50.0433
 11
132.275
 21
-49.9613
  0
LINE
  8
0
 10
132.275
 20
-49.9613
 11
132.242
 21
-49.8852
  0
LINE
  8
0
 10
132.242
 20
-49.8852
 11
132.198
 21
-49.8153
  0
LINE
  8
0
 10
132.198
 20
-49.8153
 11
132.146
 21
-49.7519
  0
LINE
  8
0
 10
132.146
 20
-49.7519
 11
132.083
 21
-49.6953
  0
LINE
  8
0
 10
132.083
 20
-49.6953
 11
132.013
 21
-49.6461
  0
LINE
  8
0
 10
132.013
 20
-49.6461
 11
131.934
 21
-49.6048
  0
LINE
  8
0
 10
131.934
 20
-49.6048
 11
131.848
 21
-49.5712
  0
LINE
  8
0
 10
131.848
 20
-49.5712
 11
131.755
 21
-49.5454
  0
LINE
  8
0
 10
131.755
 20
-49.5454
 11
131.655
 21
-49.5271
  0
LINE
  8
0
 10
131.655
 20
-49.5271
 11
131.547
 21
-49.5162
  0
LINE
  8
0
 10
131.547
 20
-49.5162
 11
131.432
 21
-49.5126
  0
LINE
  8
0
 10
131.432
 20
-49.5126
 11
131.32
 21
-49.5163
  0
LINE
  8
0
 10
131.32
 20
-49.5163
 11
131.214
 21
-49.5275
  0
LINE
  8
0
 10
131.214
 20
-49.5275
 11
131.115
 21
-49.5463
  0
LINE
  8
0
 10
131.115
 20
-49.5463
 11
131.023
 21
-49.5729
  0
LINE
  8
0
 10
131.023
 20
-49.5729
 11
130.938
 21
-49.6073
  0
LINE
  8
0
 10
130.938
 20
-49.6073
 11
130.86
 21
-49.6497
  0
LINE
  8
0
 10
130.86
 20
-49.6497
 11
130.79
 21
-49.7001
  0
LINE
  8
0
 10
130.79
 20
-49.7001
 11
130.728
 21
-49.7574
  0
LINE
  8
0
 10
130.728
 20
-49.7574
 11
130.675
 21
-49.8208
  0
LINE
  8
0
 10
130.675
 20
-49.8208
 11
130.632
 21
-49.8901
  0
LINE
  8
0
 10
130.632
 20
-49.8901
 11
130.598
 21
-49.965
  0
LINE
  8
0
 10
130.598
 20
-49.965
 11
130.574
 21
-50.0452
  0
LINE
  8
0
 10
130.574
 20
-50.0452
 11
130.56
 21
-50.1303
  0
LINE
  8
0
 10
130.56
 20
-50.1303
 11
130.555
 21
-50.22
  0
LINE
  8
0
 10
130.555
 20
-50.22
 11
130.558
 21
-50.2817
  0
LINE
  8
0
 10
130.558
 20
-50.2817
 11
130.566
 21
-50.3414
  0
LINE
  8
0
 10
130.566
 20
-50.3414
 11
130.58
 21
-50.3993
  0
LINE
  8
0
 10
130.58
 20
-50.3993
 11
130.599
 21
-50.4551
  0
LINE
  8
0
 10
130.599
 20
-50.4551
 11
130.624
 21
-50.5088
  0
LINE
  8
0
 10
130.624
 20
-50.5088
 11
130.654
 21
-50.5602
  0
LINE
  8
0
 10
130.654
 20
-50.5602
 11
130.69
 21
-50.6094
  0
LINE
  8
0
 10
130.69
 20
-50.6094
 11
130.73
 21
-50.655
  0
LINE
  8
0
 10
130.73
 20
-50.655
 11
130.773
 21
-50.696
  0
LINE
  8
0
 10
130.773
 20
-50.696
 11
130.82
 21
-50.732
  0
LINE
  8
0
 10
130.82
 20
-50.732
 11
130.871
 21
-50.7632
  0
LINE
  8
0
 10
130.871
 20
-50.7632
 11
130.897
 21
-50.7758
  0
LINE
  8
0
 10
130.897
 20
-50.7758
 11
130.851
 21
-50.7954
  0
LINE
  8
0
 10
130.851
 20
-50.7954
 11
130.793
 21
-50.8268
  0
LINE
  8
0
 10
130.793
 20
-50.8268
 11
130.74
 21
-50.8637
  0
LINE
  8
0
 10
130.74
 20
-50.8637
 11
130.691
 21
-50.9062
  0
LINE
  8
0
 10
130.691
 20
-50.9062
 11
130.646
 21
-50.9541
  0
LINE
  8
0
 10
130.646
 20
-50.9541
 11
130.607
 21
-51.0063
  0
LINE
  8
0
 10
130.607
 20
-51.0063
 11
130.573
 21
-51.0621
  0
LINE
  8
0
 10
130.573
 20
-51.0621
 11
130.546
 21
-51.1211
  0
LINE
  8
0
 10
130.546
 20
-51.1211
 11
130.524
 21
-51.1834
  0
LINE
  8
0
 10
130.524
 20
-51.1834
 11
130.509
 21
-51.2486
  0
LINE
  8
0
 10
130.509
 20
-51.2486
 11
130.5
 21
-51.3166
  0
LINE
  8
0
 10
130.5
 20
-51.3166
 11
130.497
 21
-51.3876
  0
LINE
  8
0
 10
130.497
 20
-51.3876
 11
130.502
 21
-51.4887
  0
LINE
  8
0
 10
130.502
 20
-51.4887
 11
130.517
 21
-51.5841
  0
LINE
  8
0
 10
130.517
 20
-51.5841
 11
130.543
 21
-51.6735
  0
LINE
  8
0
 10
130.543
 20
-51.6735
 11
130.579
 21
-51.7567
  0
LINE
  8
0
 10
130.579
 20
-51.7567
 11
130.625
 21
-51.8333
  0
LINE
  8
0
 10
130.625
 20
-51.8333
 11
130.682
 21
-51.9031
  0
LINE
  8
0
 10
130.682
 20
-51.9031
 11
130.749
 21
-51.9656
  0
LINE
  8
0
 10
130.749
 20
-51.9656
 11
130.825
 21
-52.0203
  0
LINE
  8
0
 10
130.825
 20
-52.0203
 11
130.908
 21
-52.0663
  0
LINE
  8
0
 10
130.908
 20
-52.0663
 11
131
 21
-52.1036
  0
LINE
  8
0
 10
131
 20
-52.1036
 11
131.099
 21
-52.1325
  0
LINE
  8
0
 10
131.099
 20
-52.1325
 11
131.205
 21
-52.1529
  0
LINE
  8
0
 10
131.205
 20
-52.1529
 11
131.318
 21
-52.1651
  0
LINE
  8
0
 10
131.318
 20
-52.1651
 11
131.439
 21
-52.1692
  0
LINE
  8
0
 10
131.439
 20
-52.1692
 11
131.561
 21
-52.1651
  0
LINE
  8
0
 10
131.359
 20
-50.5497
 11
131.297
 21
-50.5312
  0
LINE
  8
0
 10
131.297
 20
-50.5312
 11
131.249
 21
-50.502
  0
LINE
  8
0
 10
131.249
 20
-50.502
 11
131.213
 21
-50.4614
  0
LINE
  8
0
 10
131.213
 20
-50.4614
 11
131.185
 21
-50.4071
  0
LINE
  8
0
 10
131.185
 20
-50.4071
 11
131.168
 21
-50.3369
  0
LINE
  8
0
 10
131.168
 20
-50.3369
 11
131.162
 21
-50.2503
  0
LINE
  8
0
 10
131.162
 20
-50.2503
 11
131.167
 21
-50.1681
  0
LINE
  8
0
 10
131.167
 20
-50.1681
 11
131.185
 21
-50.1016
  0
LINE
  8
0
 10
131.185
 20
-50.1016
 11
131.211
 21
-50.0503
  0
LINE
  8
0
 10
131.211
 20
-50.0503
 11
131.248
 21
-50.0119
  0
LINE
  8
0
 10
131.248
 20
-50.0119
 11
131.295
 21
-49.984
  0
LINE
  8
0
 10
131.295
 20
-49.984
 11
131.356
 21
-49.9663
  0
LINE
  8
0
 10
131.356
 20
-49.9663
 11
131.433
 21
-49.96
  0
LINE
  8
0
 10
131.433
 20
-49.96
 11
131.474
 21
-49.9615
  0
LINE
  8
0
 10
131.474
 20
-49.9615
 11
131.511
 21
-49.966
  0
LINE
  8
0
 10
131.511
 20
-49.966
 11
131.544
 21
-49.9733
  0
LINE
  8
0
 10
131.544
 20
-49.9733
 11
131.574
 21
-49.9831
  0
LINE
  8
0
 10
131.574
 20
-49.9831
 11
131.6
 21
-49.9955
  0
LINE
  8
0
 10
131.6
 20
-49.9955
 11
131.622
 21
-50.0101
  0
LINE
  8
0
 10
131.622
 20
-50.0101
 11
131.642
 21
-50.0271
  0
LINE
  8
0
 10
131.642
 20
-50.0271
 11
131.658
 21
-50.0469
  0
LINE
  8
0
 10
131.658
 20
-50.0469
 11
131.673
 21
-50.0701
  0
LINE
  8
0
 10
131.673
 20
-50.0701
 11
131.685
 21
-50.0974
  0
LINE
  8
0
 10
131.685
 20
-50.0974
 11
131.695
 21
-50.129
  0
LINE
  8
0
 10
131.695
 20
-50.129
 11
131.702
 21
-50.1648
  0
LINE
  8
0
 10
131.702
 20
-50.1648
 11
131.707
 21
-50.2055
  0
LINE
  8
0
 10
131.707
 20
-50.2055
 11
131.708
 21
-50.2504
  0
LINE
  8
0
 10
131.708
 20
-50.2504
 11
131.707
 21
-50.299
  0
LINE
  8
0
 10
131.707
 20
-50.299
 11
131.702
 21
-50.3431
  0
LINE
  8
0
 10
131.702
 20
-50.3431
 11
131.695
 21
-50.382
  0
LINE
  8
0
 10
131.695
 20
-50.382
 11
131.685
 21
-50.4159
  0
LINE
  8
0
 10
131.685
 20
-50.4159
 11
131.673
 21
-50.4447
  0
LINE
  8
0
 10
131.673
 20
-50.4447
 11
131.659
 21
-50.4688
  0
LINE
  8
0
 10
131.659
 20
-50.4688
 11
131.642
 21
-50.4888
  0
LINE
  8
0
 10
131.642
 20
-50.4888
 11
131.623
 21
-50.5058
  0
LINE
  8
0
 10
131.623
 20
-50.5058
 11
131.601
 21
-50.5206
  0
LINE
  8
0
 10
131.601
 20
-50.5206
 11
131.575
 21
-50.533
  0
LINE
  8
0
 10
131.575
 20
-50.533
 11
131.546
 21
-50.5429
  0
LINE
  8
0
 10
131.546
 20
-50.5429
 11
131.513
 21
-50.5503
  0
LINE
  8
0
 10
131.513
 20
-50.5503
 11
131.476
 21
-50.5548
  0
LINE
  8
0
 10
131.476
 20
-50.5548
 11
131.437
 21
-50.5563
  0
LINE
  8
0
 10
131.437
 20
-50.5563
 11
131.359
 21
-50.5497
  0
LINE
  8
0
 10
131.393
 20
-51.7181
 11
131.348
 21
-51.7125
  0
LINE
  8
0
 10
131.348
 20
-51.7125
 11
131.307
 21
-51.7034
  0
LINE
  8
0
 10
131.307
 20
-51.7034
 11
131.271
 21
-51.691
  0
LINE
  8
0
 10
131.271
 20
-51.691
 11
131.24
 21
-51.6754
  0
LINE
  8
0
 10
131.24
 20
-51.6754
 11
131.212
 21
-51.6568
  0
LINE
  8
0
 10
131.212
 20
-51.6568
 11
131.188
 21
-51.6351
  0
LINE
  8
0
 10
131.188
 20
-51.6351
 11
131.168
 21
-51.6097
  0
LINE
  8
0
 10
131.168
 20
-51.6097
 11
131.15
 21
-51.5798
  0
LINE
  8
0
 10
131.15
 20
-51.5798
 11
131.135
 21
-51.5446
  0
LINE
  8
0
 10
131.135
 20
-51.5446
 11
131.123
 21
-51.5042
  0
LINE
  8
0
 10
131.123
 20
-51.5042
 11
131.114
 21
-51.4583
  0
LINE
  8
0
 10
131.114
 20
-51.4583
 11
131.109
 21
-51.407
  0
LINE
  8
0
 10
131.109
 20
-51.407
 11
131.107
 21
-51.3506
  0
LINE
  8
0
 10
131.107
 20
-51.3506
 11
131.109
 21
-51.3012
  0
LINE
  8
0
 10
131.109
 20
-51.3012
 11
131.114
 21
-51.2561
  0
LINE
  8
0
 10
131.114
 20
-51.2561
 11
131.123
 21
-51.2152
  0
LINE
  8
0
 10
131.123
 20
-51.2152
 11
131.135
 21
-51.1784
  0
LINE
  8
0
 10
131.135
 20
-51.1784
 11
131.15
 21
-51.1454
  0
LINE
  8
0
 10
131.15
 20
-51.1454
 11
131.168
 21
-51.1161
  0
LINE
  8
0
 10
131.168
 20
-51.1161
 11
131.189
 21
-51.0903
  0
LINE
  8
0
 10
131.189
 20
-51.0903
 11
131.214
 21
-51.0677
  0
LINE
  8
0
 10
131.214
 20
-51.0677
 11
131.241
 21
-51.0487
  0
LINE
  8
0
 10
131.241
 20
-51.0487
 11
131.271
 21
-51.0329
  0
LINE
  8
0
 10
131.271
 20
-51.0329
 11
131.305
 21
-51.0204
  0
LINE
  8
0
 10
131.305
 20
-51.0204
 11
131.342
 21
-51.0112
  0
LINE
  8
0
 10
131.342
 20
-51.0112
 11
131.383
 21
-51.0056
  0
LINE
  8
0
 10
131.383
 20
-51.0056
 11
131.428
 21
-51.0038
  0
LINE
  8
0
 10
131.428
 20
-51.0038
 11
131.523
 21
-51.0111
  0
LINE
  8
0
 10
131.523
 20
-51.0111
 11
131.6
 21
-51.0321
  0
LINE
  8
0
 10
131.6
 20
-51.0321
 11
131.66
 21
-51.0655
  0
LINE
  8
0
 10
131.66
 20
-51.0655
 11
131.705
 21
-51.1113
  0
LINE
  8
0
 10
131.705
 20
-51.1113
 11
131.738
 21
-51.1714
  0
LINE
  8
0
 10
131.738
 20
-51.1714
 11
131.759
 21
-51.2486
  0
LINE
  8
0
 10
131.759
 20
-51.2486
 11
131.767
 21
-51.3445
  0
LINE
  8
0
 10
131.767
 20
-51.3445
 11
131.765
 21
-51.4021
  0
LINE
  8
0
 10
131.765
 20
-51.4021
 11
131.76
 21
-51.4552
  0
LINE
  8
0
 10
131.76
 20
-51.4552
 11
131.751
 21
-51.5026
  0
LINE
  8
0
 10
131.751
 20
-51.5026
 11
131.74
 21
-51.5444
  0
LINE
  8
0
 10
131.74
 20
-51.5444
 11
131.725
 21
-51.5802
  0
LINE
  8
0
 10
131.725
 20
-51.5802
 11
131.708
 21
-51.6106
  0
LINE
  8
0
 10
131.708
 20
-51.6106
 11
131.689
 21
-51.636
  0
LINE
  8
0
 10
131.689
 20
-51.636
 11
131.666
 21
-51.6574
  0
LINE
  8
0
 10
131.666
 20
-51.6574
 11
131.64
 21
-51.6758
  0
LINE
  8
0
 10
131.64
 20
-51.6758
 11
131.61
 21
-51.6911
  0
LINE
  8
0
 10
131.61
 20
-51.6911
 11
131.575
 21
-51.7035
  0
LINE
  8
0
 10
131.575
 20
-51.7035
 11
131.536
 21
-51.7125
  0
LINE
  8
0
 10
131.536
 20
-51.7125
 11
131.492
 21
-51.7181
  0
LINE
  8
0
 10
131.492
 20
-51.7181
 11
131.443
 21
-51.72
  0
LINE
  8
0
 10
131.443
 20
-51.72
 11
131.393
 21
-51.7181
  0
LINE
  8
0
 10
171.089
 20
-51.6266
 11
169.969
 21
-51.6266
  0
LINE
  8
0
 10
169.969
 20
-51.6266
 11
169.98
 21
-51.6085
  0
LINE
  8
0
 10
169.98
 20
-51.6085
 11
170
 21
-51.5799
  0
LINE
  8
0
 10
170
 20
-51.5799
 11
170.022
 21
-51.5521
  0
LINE
  8
0
 10
170.022
 20
-51.5521
 11
170.046
 21
-51.5241
  0
LINE
  8
0
 10
170.046
 20
-51.5241
 11
170.072
 21
-51.4968
  0
LINE
  8
0
 10
170.072
 20
-51.4968
 11
170.101
 21
-51.4687
  0
LINE
  8
0
 10
170.101
 20
-51.4687
 11
170.13
 21
-51.4411
  0
LINE
  8
0
 10
170.13
 20
-51.4411
 11
170.161
 21
-51.4127
  0
LINE
  8
0
 10
170.161
 20
-51.4127
 11
170.193
 21
-51.3848
  0
LINE
  8
0
 10
170.193
 20
-51.3848
 11
170.225
 21
-51.3568
  0
LINE
  8
0
 10
170.225
 20
-51.3568
 11
170.258
 21
-51.3293
  0
LINE
  8
0
 10
170.258
 20
-51.3293
 11
170.293
 21
-51.3013
  0
LINE
  8
0
 10
170.293
 20
-51.3013
 11
170.364
 21
-51.2445
  0
LINE
  8
0
 10
170.364
 20
-51.2445
 11
170.473
 21
-51.1577
  0
LINE
  8
0
 10
170.473
 20
-51.1577
 11
170.548
 21
-51.0985
  0
LINE
  8
0
 10
170.548
 20
-51.0985
 11
170.585
 21
-51.0679
  0
LINE
  8
0
 10
170.585
 20
-51.0679
 11
170.622
 21
-51.0366
  0
LINE
  8
0
 10
170.622
 20
-51.0366
 11
170.658
 21
-51.0045
  0
LINE
  8
0
 10
170.658
 20
-51.0045
 11
170.693
 21
-50.9719
  0
LINE
  8
0
 10
170.693
 20
-50.9719
 11
170.727
 21
-50.9385
  0
LINE
  8
0
 10
170.727
 20
-50.9385
 11
170.76
 21
-50.9046
  0
LINE
  8
0
 10
170.76
 20
-50.9046
 11
170.793
 21
-50.8699
  0
LINE
  8
0
 10
170.793
 20
-50.8699
 11
170.824
 21
-50.8341
  0
LINE
  8
0
 10
170.824
 20
-50.8341
 11
170.853
 21
-50.7972
  0
LINE
  8
0
 10
170.853
 20
-50.7972
 11
170.881
 21
-50.7593
  0
LINE
  8
0
 10
170.881
 20
-50.7593
 11
170.908
 21
-50.7205
  0
LINE
  8
0
 10
170.908
 20
-50.7205
 11
170.932
 21
-50.6807
  0
LINE
  8
0
 10
170.932
 20
-50.6807
 11
170.955
 21
-50.64
  0
LINE
  8
0
 10
170.955
 20
-50.64
 11
170.977
 21
-50.598
  0
LINE
  8
0
 10
170.977
 20
-50.598
 11
170.996
 21
-50.5542
  0
LINE
  8
0
 10
170.996
 20
-50.5542
 11
171.013
 21
-50.5086
  0
LINE
  8
0
 10
171.013
 20
-50.5086
 11
171.026
 21
-50.4616
  0
LINE
  8
0
 10
171.026
 20
-50.4616
 11
171.037
 21
-50.4133
  0
LINE
  8
0
 10
171.037
 20
-50.4133
 11
171.045
 21
-50.3638
  0
LINE
  8
0
 10
171.045
 20
-50.3638
 11
171.049
 21
-50.3129
  0
LINE
  8
0
 10
171.049
 20
-50.3129
 11
171.05
 21
-50.2603
  0
LINE
  8
0
 10
171.05
 20
-50.2603
 11
171.046
 21
-50.1641
  0
LINE
  8
0
 10
171.046
 20
-50.1641
 11
171.032
 21
-50.073
  0
LINE
  8
0
 10
171.032
 20
-50.073
 11
171.008
 21
-49.9875
  0
LINE
  8
0
 10
171.008
 20
-49.9875
 11
170.975
 21
-49.908
  0
LINE
  8
0
 10
170.975
 20
-49.908
 11
170.932
 21
-49.8346
  0
LINE
  8
0
 10
170.932
 20
-49.8346
 11
170.88
 21
-49.7679
  0
LINE
  8
0
 10
170.88
 20
-49.7679
 11
170.818
 21
-49.7078
  0
LINE
  8
0
 10
170.818
 20
-49.7078
 11
170.747
 21
-49.6553
  0
LINE
  8
0
 10
170.747
 20
-49.6553
 11
170.669
 21
-49.6112
  0
LINE
  8
0
 10
170.669
 20
-49.6112
 11
170.583
 21
-49.5753
  0
LINE
  8
0
 10
170.583
 20
-49.5753
 11
170.49
 21
-49.5477
  0
LINE
  8
0
 10
170.49
 20
-49.5477
 11
170.39
 21
-49.5281
  0
LINE
  8
0
 10
170.39
 20
-49.5281
 11
170.283
 21
-49.5164
  0
LINE
  8
0
 10
170.283
 20
-49.5164
 11
170.168
 21
-49.5126
  0
LINE
  8
0
 10
170.168
 20
-49.5126
 11
170.061
 21
-49.5164
  0
LINE
  8
0
 10
170.061
 20
-49.5164
 11
169.961
 21
-49.528
  0
LINE
  8
0
 10
169.961
 20
-49.528
 11
169.866
 21
-49.5475
  0
LINE
  8
0
 10
169.866
 20
-49.5475
 11
169.777
 21
-49.5749
  0
LINE
  8
0
 10
169.777
 20
-49.5749
 11
169.694
 21
-49.6104
  0
LINE
  8
0
 10
169.694
 20
-49.6104
 11
169.618
 21
-49.6541
  0
LINE
  8
0
 10
169.618
 20
-49.6541
 11
169.548
 21
-49.7059
  0
LINE
  8
0
 10
169.548
 20
-49.7059
 11
169.485
 21
-49.7653
  0
LINE
  8
0
 10
169.485
 20
-49.7653
 11
169.431
 21
-49.8319
  0
LINE
  8
0
 10
169.431
 20
-49.8319
 11
169.383
 21
-49.9054
  0
LINE
  8
0
 10
169.383
 20
-49.9054
 11
169.344
 21
-49.9857
  0
LINE
  8
0
 10
169.344
 20
-49.9857
 11
169.312
 21
-50.0725
  0
LINE
  8
0
 10
169.312
 20
-50.0725
 11
169.289
 21
-50.1657
  0
LINE
  8
0
 10
169.289
 20
-50.1657
 11
169.264
 21
-50.3182
  0
LINE
  8
0
 10
169.264
 20
-50.3182
 11
169.862
 21
-50.352
  0
LINE
  8
0
 10
169.862
 20
-50.352
 11
169.878
 21
-50.2628
  0
LINE
  8
0
 10
169.878
 20
-50.2628
 11
169.888
 21
-50.2226
  0
LINE
  8
0
 10
169.888
 20
-50.2226
 11
169.9
 21
-50.1862
  0
LINE
  8
0
 10
169.9
 20
-50.1862
 11
169.914
 21
-50.1538
  0
LINE
  8
0
 10
169.914
 20
-50.1538
 11
169.929
 21
-50.1249
  0
LINE
  8
0
 10
169.929
 20
-50.1249
 11
169.946
 21
-50.0999
  0
LINE
  8
0
 10
169.946
 20
-50.0999
 11
169.965
 21
-50.0783
  0
LINE
  8
0
 10
169.965
 20
-50.0783
 11
169.986
 21
-50.0599
  0
LINE
  8
0
 10
169.986
 20
-50.0599
 11
170.009
 21
-50.0445
  0
LINE
  8
0
 10
170.009
 20
-50.0445
 11
170.034
 21
-50.0316
  0
LINE
  8
0
 10
170.034
 20
-50.0316
 11
170.064
 21
-50.0213
  0
LINE
  8
0
 10
170.064
 20
-50.0213
 11
170.096
 21
-50.0138
  0
LINE
  8
0
 10
170.096
 20
-50.0138
 11
170.132
 21
-50.0092
  0
LINE
  8
0
 10
170.132
 20
-50.0092
 11
170.171
 21
-50.0076
  0
LINE
  8
0
 10
170.171
 20
-50.0076
 11
170.25
 21
-50.0137
  0
LINE
  8
0
 10
170.25
 20
-50.0137
 11
170.313
 21
-50.0307
  0
LINE
  8
0
 10
170.313
 20
-50.0307
 11
170.361
 21
-50.0575
  0
LINE
  8
0
 10
170.361
 20
-50.0575
 11
170.398
 21
-50.094
  0
LINE
  8
0
 10
170.398
 20
-50.094
 11
170.425
 21
-50.1422
  0
LINE
  8
0
 10
170.425
 20
-50.1422
 11
170.442
 21
-50.2045
  0
LINE
  8
0
 10
170.442
 20
-50.2045
 11
170.448
 21
-50.2824
  0
LINE
  8
0
 10
170.448
 20
-50.2824
 11
170.446
 21
-50.3144
  0
LINE
  8
0
 10
170.446
 20
-50.3144
 11
170.441
 21
-50.3471
  0
LINE
  8
0
 10
170.441
 20
-50.3471
 11
170.431
 21
-50.3805
  0
LINE
  8
0
 10
170.431
 20
-50.3805
 11
170.418
 21
-50.4146
  0
LINE
  8
0
 10
170.418
 20
-50.4146
 11
170.401
 21
-50.4495
  0
LINE
  8
0
 10
170.401
 20
-50.4495
 11
170.379
 21
-50.4851
  0
LINE
  8
0
 10
170.379
 20
-50.4851
 11
170.353
 21
-50.5214
  0
LINE
  8
0
 10
170.353
 20
-50.5214
 11
170.322
 21
-50.5602
  0
LINE
  8
0
 10
170.322
 20
-50.5602
 11
170.284
 21
-50.6019
  0
LINE
  8
0
 10
170.284
 20
-50.6019
 11
170.239
 21
-50.6476
  0
LINE
  8
0
 10
170.239
 20
-50.6476
 11
170.188
 21
-50.6964
  0
LINE
  8
0
 10
170.188
 20
-50.6964
 11
170.13
 21
-50.7485
  0
LINE
  8
0
 10
170.13
 20
-50.7485
 11
170.066
 21
-50.8036
  0
LINE
  8
0
 10
170.066
 20
-50.8036
 11
169.995
 21
-50.8623
  0
LINE
  8
0
 10
169.995
 20
-50.8623
 11
169.919
 21
-50.9252
  0
LINE
  8
0
 10
169.919
 20
-50.9252
 11
169.847
 21
-50.9877
  0
LINE
  8
0
 10
169.847
 20
-50.9877
 11
169.778
 21
-51.0497
  0
LINE
  8
0
 10
169.778
 20
-51.0497
 11
169.712
 21
-51.1109
  0
LINE
  8
0
 10
169.712
 20
-51.1109
 11
169.651
 21
-51.1715
  0
LINE
  8
0
 10
169.651
 20
-51.1715
 11
169.593
 21
-51.2315
  0
LINE
  8
0
 10
169.593
 20
-51.2315
 11
169.539
 21
-51.2909
  0
LINE
  8
0
 10
169.539
 20
-51.2909
 11
169.489
 21
-51.3504
  0
LINE
  8
0
 10
169.489
 20
-51.3504
 11
169.441
 21
-51.4105
  0
LINE
  8
0
 10
169.441
 20
-51.4105
 11
169.397
 21
-51.4712
  0
LINE
  8
0
 10
169.397
 20
-51.4712
 11
169.357
 21
-51.5324
  0
LINE
  8
0
 10
169.357
 20
-51.5324
 11
169.319
 21
-51.5942
  0
LINE
  8
0
 10
169.319
 20
-51.5942
 11
169.286
 21
-51.6565
  0
LINE
  8
0
 10
169.286
 20
-51.6565
 11
169.251
 21
-51.7286
  0
LINE
  8
0
 10
169.251
 20
-51.7286
 11
169.251
 21
-52.1339
  0
LINE
  8
0
 10
169.251
 20
-52.1339
 11
171.089
 21
-52.1339
  0
LINE
  8
0
 10
171.089
 20
-52.1339
 11
171.089
 21
-51.6266
  0
LINE
  8
0
 10
166.019
 20
-52.1651
 11
166.157
 21
-52.153
  0
LINE
  8
0
 10
166.157
 20
-52.153
 11
166.284
 21
-52.1327
  0
LINE
  8
0
 10
166.284
 20
-52.1327
 11
166.402
 21
-52.1041
  0
LINE
  8
0
 10
166.402
 20
-52.1041
 11
166.51
 21
-52.067
  0
LINE
  8
0
 10
166.51
 20
-52.067
 11
166.607
 21
-52.0213
  0
LINE
  8
0
 10
166.607
 20
-52.0213
 11
166.695
 21
-51.9668
  0
LINE
  8
0
 10
166.695
 20
-51.9668
 11
166.772
 21
-51.9039
  0
LINE
  8
0
 10
166.772
 20
-51.9039
 11
166.838
 21
-51.833
  0
LINE
  8
0
 10
166.838
 20
-51.833
 11
166.892
 21
-51.7542
  0
LINE
  8
0
 10
166.892
 20
-51.7542
 11
166.934
 21
-51.6679
  0
LINE
  8
0
 10
166.934
 20
-51.6679
 11
166.963
 21
-51.5745
  0
LINE
  8
0
 10
166.963
 20
-51.5745
 11
166.981
 21
-51.4745
  0
LINE
  8
0
 10
166.981
 20
-51.4745
 11
166.987
 21
-51.3689
  0
LINE
  8
0
 10
166.987
 20
-51.3689
 11
166.986
 21
-51.3222
  0
LINE
  8
0
 10
166.986
 20
-51.3222
 11
166.983
 21
-51.2776
  0
LINE
  8
0
 10
166.983
 20
-51.2776
 11
166.977
 21
-51.2344
  0
LINE
  8
0
 10
166.977
 20
-51.2344
 11
166.97
 21
-51.1926
  0
LINE
  8
0
 10
166.97
 20
-51.1926
 11
166.961
 21
-51.1521
  0
LINE
  8
0
 10
166.961
 20
-51.1521
 11
166.949
 21
-51.113
  0
LINE
  8
0
 10
166.949
 20
-51.113
 11
166.936
 21
-51.0754
  0
LINE
  8
0
 10
166.936
 20
-51.0754
 11
166.92
 21
-51.0393
  0
LINE
  8
0
 10
166.92
 20
-51.0393
 11
166.902
 21
-51.0047
  0
LINE
  8
0
 10
166.902
 20
-51.0047
 11
166.883
 21
-50.9714
  0
LINE
  8
0
 10
166.883
 20
-50.9714
 11
166.862
 21
-50.9396
  0
LINE
  8
0
 10
166.862
 20
-50.9396
 11
166.838
 21
-50.9093
  0
LINE
  8
0
 10
166.838
 20
-50.9093
 11
166.813
 21
-50.8804
  0
LINE
  8
0
 10
166.813
 20
-50.8804
 11
166.786
 21
-50.853
  0
LINE
  8
0
 10
166.786
 20
-50.853
 11
166.757
 21
-50.8269
  0
LINE
  8
0
 10
166.757
 20
-50.8269
 11
166.725
 21
-50.8019
  0
LINE
  8
0
 10
166.725
 20
-50.8019
 11
166.69
 21
-50.778
  0
LINE
  8
0
 10
166.69
 20
-50.778
 11
166.653
 21
-50.7553
  0
LINE
  8
0
 10
166.653
 20
-50.7553
 11
166.613
 21
-50.7336
  0
LINE
  8
0
 10
166.613
 20
-50.7336
 11
166.571
 21
-50.713
  0
LINE
  8
0
 10
166.571
 20
-50.713
 11
166.526
 21
-50.6933
  0
LINE
  8
0
 10
166.526
 20
-50.6933
 11
166.476
 21
-50.6738
  0
LINE
  8
0
 10
166.476
 20
-50.6738
 11
166.418
 21
-50.6541
  0
LINE
  8
0
 10
166.418
 20
-50.6541
 11
166.352
 21
-50.6342
  0
LINE
  8
0
 10
166.352
 20
-50.6342
 11
166.277
 21
-50.6138
  0
LINE
  8
0
 10
166.277
 20
-50.6138
 11
166.195
 21
-50.5931
  0
LINE
  8
0
 10
166.195
 20
-50.5931
 11
166.104
 21
-50.572
  0
LINE
  8
0
 10
166.104
 20
-50.572
 11
166.006
 21
-50.5505
  0
LINE
  8
0
 10
166.006
 20
-50.5505
 11
165.924
 21
-50.5324
  0
LINE
  8
0
 10
165.924
 20
-50.5324
 11
165.852
 21
-50.5154
  0
LINE
  8
0
 10
165.852
 20
-50.5154
 11
165.787
 21
-50.4991
  0
LINE
  8
0
 10
165.787
 20
-50.4991
 11
165.731
 21
-50.4839
  0
LINE
  8
0
 10
165.731
 20
-50.4839
 11
165.683
 21
-50.4696
  0
LINE
  8
0
 10
165.683
 20
-50.4696
 11
165.645
 21
-50.4567
  0
LINE
  8
0
 10
165.645
 20
-50.4567
 11
165.615
 21
-50.445
  0
LINE
  8
0
 10
165.615
 20
-50.445
 11
165.59
 21
-50.4335
  0
LINE
  8
0
 10
165.59
 20
-50.4335
 11
165.567
 21
-50.4213
  0
LINE
  8
0
 10
165.567
 20
-50.4213
 11
165.547
 21
-50.4086
  0
LINE
  8
0
 10
165.547
 20
-50.4086
 11
165.528
 21
-50.3957
  0
LINE
  8
0
 10
165.528
 20
-50.3957
 11
165.512
 21
-50.3823
  0
LINE
  8
0
 10
165.512
 20
-50.3823
 11
165.497
 21
-50.3685
  0
LINE
  8
0
 10
165.497
 20
-50.3685
 11
165.485
 21
-50.3545
  0
LINE
  8
0
 10
165.485
 20
-50.3545
 11
165.475
 21
-50.3405
  0
LINE
  8
0
 10
165.475
 20
-50.3405
 11
165.466
 21
-50.3255
  0
LINE
  8
0
 10
165.466
 20
-50.3255
 11
165.459
 21
-50.3092
  0
LINE
  8
0
 10
165.459
 20
-50.3092
 11
165.453
 21
-50.2911
  0
LINE
  8
0
 10
165.453
 20
-50.2911
 11
165.449
 21
-50.2716
  0
LINE
  8
0
 10
165.449
 20
-50.2716
 11
165.447
 21
-50.2503
  0
LINE
  8
0
 10
165.447
 20
-50.2503
 11
165.446
 21
-50.2294
  0
LINE
  8
0
 10
165.446
 20
-50.2294
 11
165.454
 21
-50.162
  0
LINE
  8
0
 10
165.454
 20
-50.162
 11
165.477
 21
-50.1094
  0
LINE
  8
0
 10
165.477
 20
-50.1094
 11
165.515
 21
-50.0663
  0
LINE
  8
0
 10
165.515
 20
-50.0663
 11
165.572
 21
-50.0309
  0
LINE
  8
0
 10
165.572
 20
-50.0309
 11
165.649
 21
-50.0039
  0
LINE
  8
0
 10
165.649
 20
-50.0039
 11
165.748
 21
-49.9869
  0
LINE
  8
0
 10
165.748
 20
-49.9869
 11
165.869
 21
-49.9811
  0
LINE
  8
0
 10
165.869
 20
-49.9811
 11
165.927
 21
-49.9827
  0
LINE
  8
0
 10
165.927
 20
-49.9827
 11
165.981
 21
-49.9874
  0
LINE
  8
0
 10
165.981
 20
-49.9874
 11
166.03
 21
-49.9951
  0
LINE
  8
0
 10
166.03
 20
-49.9951
 11
166.075
 21
-50.0057
  0
LINE
  8
0
 10
166.075
 20
-50.0057
 11
166.115
 21
-50.0191
  0
LINE
  8
0
 10
166.115
 20
-50.0191
 11
166.15
 21
-50.0351
  0
LINE
  8
0
 10
166.15
 20
-50.0351
 11
166.181
 21
-50.0537
  0
LINE
  8
0
 10
166.181
 20
-50.0537
 11
166.209
 21
-50.075
  0
LINE
  8
0
 10
166.209
 20
-50.075
 11
166.234
 21
-50.0991
  0
LINE
  8
0
 10
166.234
 20
-50.0991
 11
166.256
 21
-50.126
  0
LINE
  8
0
 10
166.256
 20
-50.126
 11
166.276
 21
-50.1559
  0
LINE
  8
0
 10
166.276
 20
-50.1559
 11
166.293
 21
-50.189
  0
LINE
  8
0
 10
166.293
 20
-50.189
 11
166.307
 21
-50.2257
  0
LINE
  8
0
 10
166.307
 20
-50.2257
 11
166.331
 21
-50.3092
  0
LINE
  8
0
 10
166.331
 20
-50.3092
 11
166.933
 21
-50.227
  0
LINE
  8
0
 10
166.933
 20
-50.227
 11
166.897
 21
-50.0794
  0
LINE
  8
0
 10
166.897
 20
-50.0794
 11
166.866
 21
-49.991
  0
LINE
  8
0
 10
166.866
 20
-49.991
 11
166.828
 21
-49.91
  0
LINE
  8
0
 10
166.828
 20
-49.91
 11
166.782
 21
-49.8366
  0
LINE
  8
0
 10
166.782
 20
-49.8366
 11
166.728
 21
-49.771
  0
LINE
  8
0
 10
166.728
 20
-49.771
 11
166.667
 21
-49.7137
  0
LINE
  8
0
 10
166.667
 20
-49.7137
 11
166.599
 21
-49.6647
  0
LINE
  8
0
 10
166.599
 20
-49.6647
 11
166.523
 21
-49.6235
  0
LINE
  8
0
 10
166.523
 20
-49.6235
 11
166.438
 21
-49.5891
  0
LINE
  8
0
 10
166.438
 20
-49.5891
 11
166.344
 21
-49.5613
  0
LINE
  8
0
 10
166.344
 20
-49.5613
 11
166.241
 21
-49.5399
  0
LINE
  8
0
 10
166.241
 20
-49.5399
 11
166.129
 21
-49.5247
  0
LINE
  8
0
 10
166.129
 20
-49.5247
 11
166.009
 21
-49.5156
  0
LINE
  8
0
 10
166.009
 20
-49.5156
 11
165.879
 21
-49.5126
  0
LINE
  8
0
 10
165.879
 20
-49.5126
 11
165.743
 21
-49.5163
  0
LINE
  8
0
 10
165.743
 20
-49.5163
 11
165.615
 21
-49.5276
  0
LINE
  8
0
 10
165.615
 20
-49.5276
 11
165.497
 21
-49.5464
  0
LINE
  8
0
 10
165.497
 20
-49.5464
 11
165.388
 21
-49.573
  0
LINE
  8
0
 10
165.388
 20
-49.573
 11
165.287
 21
-49.6075
  0
LINE
  8
0
 10
165.287
 20
-49.6075
 11
165.196
 21
-49.65
  0
LINE
  8
0
 10
165.196
 20
-49.65
 11
165.114
 21
-49.7007
  0
LINE
  8
0
 10
165.114
 20
-49.7007
 11
165.042
 21
-49.7592
  0
LINE
  8
0
 10
165.042
 20
-49.7592
 11
164.98
 21
-49.8253
  0
LINE
  8
0
 10
164.98
 20
-49.8253
 11
164.929
 21
-49.8986
  0
LINE
  8
0
 10
164.929
 20
-49.8986
 11
164.89
 21
-49.9788
  0
LINE
  8
0
 10
164.89
 20
-49.9788
 11
164.862
 21
-50.0656
  0
LINE
  8
0
 10
164.862
 20
-50.0656
 11
164.845
 21
-50.1585
  0
LINE
  8
0
 10
164.845
 20
-50.1585
 11
164.84
 21
-50.2564
  0
LINE
  8
0
 10
164.84
 20
-50.2564
 11
164.841
 21
-50.2964
  0
LINE
  8
0
 10
164.841
 20
-50.2964
 11
164.843
 21
-50.3344
  0
LINE
  8
0
 10
164.843
 20
-50.3344
 11
164.846
 21
-50.3713
  0
LINE
  8
0
 10
164.846
 20
-50.3713
 11
164.852
 21
-50.407
  0
LINE
  8
0
 10
164.852
 20
-50.407
 11
164.858
 21
-50.4417
  0
LINE
  8
0
 10
164.858
 20
-50.4417
 11
164.867
 21
-50.4753
  0
LINE
  8
0
 10
164.867
 20
-50.4753
 11
164.877
 21
-50.5076
  0
LINE
  8
0
 10
164.877
 20
-50.5076
 11
164.888
 21
-50.5386
  0
LINE
  8
0
 10
164.888
 20
-50.5386
 11
164.9
 21
-50.5684
  0
LINE
  8
0
 10
164.9
 20
-50.5684
 11
164.914
 21
-50.5972
  0
LINE
  8
0
 10
164.914
 20
-50.5972
 11
164.929
 21
-50.6249
  0
LINE
  8
0
 10
164.929
 20
-50.6249
 11
164.945
 21
-50.6515
  0
LINE
  8
0
 10
164.945
 20
-50.6515
 11
164.963
 21
-50.677
  0
LINE
  8
0
 10
164.963
 20
-50.677
 11
164.981
 21
-50.7014
  0
LINE
  8
0
 10
164.981
 20
-50.7014
 11
165.001
 21
-50.7245
  0
LINE
  8
0
 10
165.001
 20
-50.7245
 11
165.022
 21
-50.7467
  0
LINE
  8
0
 10
165.022
 20
-50.7467
 11
165.044
 21
-50.7678
  0
LINE
  8
0
 10
165.044
 20
-50.7678
 11
165.068
 21
-50.7879
  0
LINE
  8
0
 10
165.068
 20
-50.7879
 11
165.092
 21
-50.807
  0
LINE
  8
0
 10
165.092
 20
-50.807
 11
165.117
 21
-50.8251
  0
LINE
  8
0
 10
165.117
 20
-50.8251
 11
165.144
 21
-50.8421
  0
LINE
  8
0
 10
165.144
 20
-50.8421
 11
165.171
 21
-50.858
  0
LINE
  8
0
 10
165.171
 20
-50.858
 11
165.199
 21
-50.8732
  0
LINE
  8
0
 10
165.199
 20
-50.8732
 11
165.228
 21
-50.8878
  0
LINE
  8
0
 10
165.228
 20
-50.8878
 11
165.257
 21
-50.9018
  0
LINE
  8
0
 10
165.257
 20
-50.9018
 11
165.287
 21
-50.9151
  0
LINE
  8
0
 10
165.287
 20
-50.9151
 11
165.319
 21
-50.9278
  0
LINE
  8
0
 10
165.319
 20
-50.9278
 11
165.351
 21
-50.9399
  0
LINE
  8
0
 10
165.351
 20
-50.9399
 11
165.387
 21
-50.9523
  0
LINE
  8
0
 10
165.387
 20
-50.9523
 11
165.43
 21
-50.9655
  0
LINE
  8
0
 10
165.43
 20
-50.9655
 11
165.479
 21
-50.9797
  0
LINE
  8
0
 10
165.479
 20
-50.9797
 11
165.535
 21
-50.9949
  0
LINE
  8
0
 10
165.535
 20
-50.9949
 11
165.598
 21
-51.0111
  0
LINE
  8
0
 10
165.598
 20
-51.0111
 11
165.668
 21
-51.0282
  0
LINE
  8
0
 10
165.668
 20
-51.0282
 11
165.745
 21
-51.0466
  0
LINE
  8
0
 10
165.745
 20
-51.0466
 11
165.833
 21
-51.0649
  0
LINE
  8
0
 10
165.833
 20
-51.0649
 11
165.911
 21
-51.0822
  0
LINE
  8
0
 10
165.911
 20
-51.0822
 11
165.982
 21
-51.0987
  0
LINE
  8
0
 10
165.982
 20
-51.0987
 11
166.043
 21
-51.1144
  0
LINE
  8
0
 10
166.043
 20
-51.1144
 11
166.095
 21
-51.129
  0
LINE
  8
0
 10
166.095
 20
-51.129
 11
166.139
 21
-51.1427
  0
LINE
  8
0
 10
166.139
 20
-51.1427
 11
166.173
 21
-51.1553
  0
LINE
  8
0
 10
166.173
 20
-51.1553
 11
166.202
 21
-51.1678
  0
LINE
  8
0
 10
166.202
 20
-51.1678
 11
166.229
 21
-51.1812
  0
LINE
  8
0
 10
166.229
 20
-51.1812
 11
166.254
 21
-51.1951
  0
LINE
  8
0
 10
166.254
 20
-51.1951
 11
166.276
 21
-51.2097
  0
LINE
  8
0
 10
166.276
 20
-51.2097
 11
166.297
 21
-51.225
  0
LINE
  8
0
 10
166.297
 20
-51.225
 11
166.315
 21
-51.2408
  0
LINE
  8
0
 10
166.315
 20
-51.2408
 11
166.331
 21
-51.2569
  0
LINE
  8
0
 10
166.331
 20
-51.2569
 11
166.344
 21
-51.2733
  0
LINE
  8
0
 10
166.344
 20
-51.2733
 11
166.355
 21
-51.2903
  0
LINE
  8
0
 10
166.355
 20
-51.2903
 11
166.364
 21
-51.3088
  0
LINE
  8
0
 10
166.364
 20
-51.3088
 11
166.371
 21
-51.3284
  0
LINE
  8
0
 10
166.371
 20
-51.3284
 11
166.376
 21
-51.3499
  0
LINE
  8
0
 10
166.376
 20
-51.3499
 11
166.38
 21
-51.3729
  0
LINE
  8
0
 10
166.38
 20
-51.3729
 11
166.381
 21
-51.396
  0
LINE
  8
0
 10
166.381
 20
-51.396
 11
166.371
 21
-51.4723
  0
LINE
  8
0
 10
166.371
 20
-51.4723
 11
166.344
 21
-51.5326
  0
LINE
  8
0
 10
166.344
 20
-51.5326
 11
166.299
 21
-51.5822
  0
LINE
  8
0
 10
166.299
 20
-51.5822
 11
166.232
 21
-51.623
  0
LINE
  8
0
 10
166.232
 20
-51.623
 11
166.141
 21
-51.6537
  0
LINE
  8
0
 10
166.141
 20
-51.6537
 11
166.025
 21
-51.6729
  0
LINE
  8
0
 10
166.025
 20
-51.6729
 11
165.885
 21
-51.6794
  0
LINE
  8
0
 10
165.885
 20
-51.6794
 11
165.816
 21
-51.6777
  0
LINE
  8
0
 10
165.816
 20
-51.6777
 11
165.751
 21
-51.6725
  0
LINE
  8
0
 10
165.751
 20
-51.6725
 11
165.691
 21
-51.6639
  0
LINE
  8
0
 10
165.691
 20
-51.6639
 11
165.636
 21
-51.652
  0
LINE
  8
0
 10
165.636
 20
-51.652
 11
165.586
 21
-51.6369
  0
LINE
  8
0
 10
165.586
 20
-51.6369
 11
165.541
 21
-51.6187
  0
LINE
  8
0
 10
165.541
 20
-51.6187
 11
165.501
 21
-51.5976
  0
LINE
  8
0
 10
165.501
 20
-51.5976
 11
165.466
 21
-51.5733
  0
LINE
  8
0
 10
165.466
 20
-51.5733
 11
165.434
 21
-51.5452
  0
LINE
  8
0
 10
165.434
 20
-51.5452
 11
165.405
 21
-51.5132
  0
LINE
  8
0
 10
165.405
 20
-51.5132
 11
165.38
 21
-51.477
  0
LINE
  8
0
 10
165.38
 20
-51.477
 11
165.358
 21
-51.4365
  0
LINE
  8
0
 10
165.358
 20
-51.4365
 11
165.34
 21
-51.3912
  0
LINE
  8
0
 10
165.34
 20
-51.3912
 11
165.311
 21
-51.2975
  0
LINE
  8
0
 10
165.311
 20
-51.2975
 11
164.71
 21
-51.3965
  0
LINE
  8
0
 10
164.71
 20
-51.3965
 11
164.752
 21
-51.5472
  0
LINE
  8
0
 10
164.752
 20
-51.5472
 11
164.788
 21
-51.6397
  0
LINE
  8
0
 10
164.788
 20
-51.6397
 11
164.833
 21
-51.7251
  0
LINE
  8
0
 10
164.833
 20
-51.7251
 11
164.886
 21
-51.8033
  0
LINE
  8
0
 10
164.886
 20
-51.8033
 11
164.948
 21
-51.8741
  0
LINE
  8
0
 10
164.948
 20
-51.8741
 11
165.018
 21
-51.9371
  0
LINE
  8
0
 10
165.018
 20
-51.9371
 11
165.096
 21
-51.9923
  0
LINE
  8
0
 10
165.096
 20
-51.9923
 11
165.182
 21
-52.0398
  0
LINE
  8
0
 10
165.182
 20
-52.0398
 11
165.277
 21
-52.0797
  0
LINE
  8
0
 10
165.277
 20
-52.0797
 11
165.38
 21
-52.1122
  0
LINE
  8
0
 10
165.38
 20
-52.1122
 11
165.491
 21
-52.1372
  0
LINE
  8
0
 10
165.491
 20
-52.1372
 11
165.61
 21
-52.155
  0
LINE
  8
0
 10
165.61
 20
-52.155
 11
165.737
 21
-52.1656
  0
LINE
  8
0
 10
165.737
 20
-52.1656
 11
165.872
 21
-52.1691
  0
LINE
  8
0
 10
165.872
 20
-52.1691
 11
166.019
 21
-52.1651
  0
LINE
  8
0
 10
77.5428
 20
-52.1455
 11
77.6587
 21
-52.1306
  0
LINE
  8
0
 10
77.6587
 20
-52.1306
 11
77.7675
 21
-52.1057
  0
LINE
  8
0
 10
77.7675
 20
-52.1057
 11
77.8691
 21
-52.0704
  0
LINE
  8
0
 10
77.8691
 20
-52.0704
 11
77.9634
 21
-52.0249
  0
LINE
  8
0
 10
77.9634
 20
-52.0249
 11
78.05
 21
-51.9691
  0
LINE
  8
0
 10
78.05
 20
-51.9691
 11
78.1288
 21
-51.9032
  0
LINE
  8
0
 10
78.1288
 20
-51.9032
 11
78.1983
 21
-51.8286
  0
LINE
  8
0
 10
78.1983
 20
-51.8286
 11
78.2572
 21
-51.7468
  0
LINE
  8
0
 10
78.2572
 20
-51.7468
 11
78.3054
 21
-51.6581
  0
LINE
  8
0
 10
78.3054
 20
-51.6581
 11
78.3428
 21
-51.5626
  0
LINE
  8
0
 10
78.3428
 20
-51.5626
 11
78.3693
 21
-51.4607
  0
LINE
  8
0
 10
78.3693
 20
-51.4607
 11
78.3851
 21
-51.3526
  0
LINE
  8
0
 10
78.3851
 20
-51.3526
 11
78.3904
 21
-51.2384
  0
LINE
  8
0
 10
78.3904
 20
-51.2384
 11
78.3858
 21
-51.1289
  0
LINE
  8
0
 10
78.3858
 20
-51.1289
 11
78.3722
 21
-51.0256
  0
LINE
  8
0
 10
78.3722
 20
-51.0256
 11
78.3493
 21
-50.9284
  0
LINE
  8
0
 10
78.3493
 20
-50.9284
 11
78.3171
 21
-50.8374
  0
LINE
  8
0
 10
78.3171
 20
-50.8374
 11
78.2754
 21
-50.7529
  0
LINE
  8
0
 10
78.2754
 20
-50.7529
 11
78.2243
 21
-50.675
  0
LINE
  8
0
 10
78.2243
 20
-50.675
 11
78.1639
 21
-50.6041
  0
LINE
  8
0
 10
78.1639
 20
-50.6041
 11
78.0958
 21
-50.5414
  0
LINE
  8
0
 10
78.0958
 20
-50.5414
 11
78.0213
 21
-50.4883
  0
LINE
  8
0
 10
78.0213
 20
-50.4883
 11
77.9407
 21
-50.4449
  0
LINE
  8
0
 10
77.9407
 20
-50.4449
 11
77.8541
 21
-50.4112
  0
LINE
  8
0
 10
77.8541
 20
-50.4112
 11
77.7618
 21
-50.3873
  0
LINE
  8
0
 10
77.7618
 20
-50.3873
 11
77.6641
 21
-50.3731
  0
LINE
  8
0
 10
77.6641
 20
-50.3731
 11
77.5611
 21
-50.3684
  0
LINE
  8
0
 10
77.5611
 20
-50.3684
 11
77.4813
 21
-50.3718
  0
LINE
  8
0
 10
77.4813
 20
-50.3718
 11
77.405
 21
-50.3822
  0
LINE
  8
0
 10
77.405
 20
-50.3822
 11
77.3321
 21
-50.3996
  0
LINE
  8
0
 10
77.3321
 20
-50.3996
 11
77.2628
 21
-50.424
  0
LINE
  8
0
 10
77.2628
 20
-50.424
 11
77.1973
 21
-50.4555
  0
LINE
  8
0
 10
77.1973
 20
-50.4555
 11
77.1682
 21
-50.4738
  0
LINE
  8
0
 10
77.1682
 20
-50.4738
 11
77.1988
 21
-49.9995
  0
LINE
  8
0
 10
77.1988
 20
-49.9995
 11
78.2457
 21
-49.9995
  0
LINE
  8
0
 10
78.2457
 20
-49.9995
 11
78.2457
 21
-49.5309
  0
LINE
  8
0
 10
78.2457
 20
-49.5309
 11
76.6553
 21
-49.5309
  0
LINE
  8
0
 10
76.6553
 20
-49.5309
 11
76.5628
 21
-51.0291
  0
LINE
  8
0
 10
76.5628
 20
-51.0291
 11
77.1211
 21
-51.0291
  0
LINE
  8
0
 10
77.1211
 20
-51.0291
 11
77.1728
 21
-50.9725
  0
LINE
  8
0
 10
77.1728
 20
-50.9725
 11
77.2099
 21
-50.9406
  0
LINE
  8
0
 10
77.2099
 20
-50.9406
 11
77.2494
 21
-50.9147
  0
LINE
  8
0
 10
77.2494
 20
-50.9147
 11
77.2914
 21
-50.8947
  0
LINE
  8
0
 10
77.2914
 20
-50.8947
 11
77.3363
 21
-50.8804
  0
LINE
  8
0
 10
77.3363
 20
-50.8804
 11
77.3842
 21
-50.8717
  0
LINE
  8
0
 10
77.3842
 20
-50.8717
 11
77.4362
 21
-50.8687
  0
LINE
  8
0
 10
77.4362
 20
-50.8687
 11
77.4827
 21
-50.8709
  0
LINE
  8
0
 10
77.4827
 20
-50.8709
 11
77.5256
 21
-50.8773
  0
LINE
  8
0
 10
77.5256
 20
-50.8773
 11
77.565
 21
-50.8878
  0
LINE
  8
0
 10
77.565
 20
-50.8878
 11
77.6006
 21
-50.9021
  0
LINE
  8
0
 10
77.6006
 20
-50.9021
 11
77.6331
 21
-50.9204
  0
LINE
  8
0
 10
77.6331
 20
-50.9204
 11
77.6625
 21
-50.9427
  0
LINE
  8
0
 10
77.6625
 20
-50.9427
 11
77.6893
 21
-50.9693
  0
LINE
  8
0
 10
77.6893
 20
-50.9693
 11
77.7132
 21
-50.9996
  0
LINE
  8
0
 10
77.7132
 20
-50.9996
 11
77.7334
 21
-51.0328
  0
LINE
  8
0
 10
77.7334
 20
-51.0328
 11
77.7502
 21
-51.0693
  0
LINE
  8
0
 10
77.7502
 20
-51.0693
 11
77.7634
 21
-51.1088
  0
LINE
  8
0
 10
77.7634
 20
-51.1088
 11
77.7729
 21
-51.1519
  0
LINE
  8
0
 10
77.7729
 20
-51.1519
 11
77.7788
 21
-51.1987
  0
LINE
  8
0
 10
77.7788
 20
-51.1987
 11
77.7807
 21
-51.2489
  0
LINE
  8
0
 10
77.7807
 20
-51.2489
 11
77.7786
 21
-51.3065
  0
LINE
  8
0
 10
77.7786
 20
-51.3065
 11
77.7724
 21
-51.3591
  0
LINE
  8
0
 10
77.7724
 20
-51.3591
 11
77.7621
 21
-51.4073
  0
LINE
  8
0
 10
77.7621
 20
-51.4073
 11
77.7481
 21
-51.4506
  0
LINE
  8
0
 10
77.7481
 20
-51.4506
 11
77.7304
 21
-51.4895
  0
LINE
  8
0
 10
77.7304
 20
-51.4895
 11
77.7089
 21
-51.5243
  0
LINE
  8
0
 10
77.7089
 20
-51.5243
 11
77.6839
 21
-51.555
  0
LINE
  8
0
 10
77.6839
 20
-51.555
 11
77.6554
 21
-51.5821
  0
LINE
  8
0
 10
77.6554
 20
-51.5821
 11
77.6244
 21
-51.6048
  0
LINE
  8
0
 10
77.6244
 20
-51.6048
 11
77.5908
 21
-51.6235
  0
LINE
  8
0
 10
77.5908
 20
-51.6235
 11
77.5544
 21
-51.638
  0
LINE
  8
0
 10
77.5544
 20
-51.638
 11
77.5148
 21
-51.6486
  0
LINE
  8
0
 10
77.5148
 20
-51.6486
 11
77.4716
 21
-51.655
  0
LINE
  8
0
 10
77.4716
 20
-51.655
 11
77.425
 21
-51.6572
  0
LINE
  8
0
 10
77.425
 20
-51.6572
 11
77.3871
 21
-51.6559
  0
LINE
  8
0
 10
77.3871
 20
-51.6559
 11
77.3513
 21
-51.6519
  0
LINE
  8
0
 10
77.3513
 20
-51.6519
 11
77.3179
 21
-51.6453
  0
LINE
  8
0
 10
77.3179
 20
-51.6453
 11
77.2869
 21
-51.6363
  0
LINE
  8
0
 10
77.2869
 20
-51.6363
 11
77.258
 21
-51.6249
  0
LINE
  8
0
 10
77.258
 20
-51.6249
 11
77.2312
 21
-51.6109
  0
LINE
  8
0
 10
77.2312
 20
-51.6109
 11
77.2064
 21
-51.5947
  0
LINE
  8
0
 10
77.2064
 20
-51.5947
 11
77.1839
 21
-51.576
  0
LINE
  8
0
 10
77.1839
 20
-51.576
 11
77.1635
 21
-51.5544
  0
LINE
  8
0
 10
77.1635
 20
-51.5544
 11
77.1446
 21
-51.5293
  0
LINE
  8
0
 10
77.1446
 20
-51.5293
 11
77.1276
 21
-51.5007
  0
LINE
  8
0
 10
77.1276
 20
-51.5007
 11
77.1123
 21
-51.4683
  0
LINE
  8
0
 10
77.1123
 20
-51.4683
 11
77.099
 21
-51.4321
  0
LINE
  8
0
 10
77.099
 20
-51.4321
 11
77.0761
 21
-51.3508
  0
LINE
  8
0
 10
77.0761
 20
-51.3508
 11
76.483
 21
-51.3994
  0
LINE
  8
0
 10
76.483
 20
-51.3994
 11
76.5139
 21
-51.5453
  0
LINE
  8
0
 10
76.5139
 20
-51.5453
 11
76.541
 21
-51.632
  0
LINE
  8
0
 10
76.541
 20
-51.632
 11
76.5758
 21
-51.7127
  0
LINE
  8
0
 10
76.5758
 20
-51.7127
 11
76.6183
 21
-51.7873
  0
LINE
  8
0
 10
76.6183
 20
-51.7873
 11
76.6684
 21
-51.8555
  0
LINE
  8
0
 10
76.6684
 20
-51.8555
 11
76.7262
 21
-51.9172
  0
LINE
  8
0
 10
76.7262
 20
-51.9172
 11
76.7913
 21
-51.9721
  0
LINE
  8
0
 10
76.7913
 20
-51.9721
 11
76.8633
 21
-52.0199
  0
LINE
  8
0
 10
76.8633
 20
-52.0199
 11
76.9414
 21
-52.0602
  0
LINE
  8
0
 10
76.9414
 20
-52.0602
 11
77.0256
 21
-52.0929
  0
LINE
  8
0
 10
77.0256
 20
-52.0929
 11
77.1155
 21
-52.1182
  0
LINE
  8
0
 10
77.1155
 20
-52.1182
 11
77.2113
 21
-52.1362
  0
LINE
  8
0
 10
77.2113
 20
-52.1362
 11
77.3127
 21
-52.1469
  0
LINE
  8
0
 10
77.3127
 20
-52.1469
 11
77.4201
 21
-52.1505
  0
LINE
  8
0
 10
77.4201
 20
-52.1505
 11
77.5428
 21
-52.1455
  0
LINE
  8
0
 10
73.7721
 20
-51.4804
 11
74.6478
 21
-51.4804
  0
LINE
  8
0
 10
74.6478
 20
-51.4804
 11
74.8682
 21
-52.1152
  0
LINE
  8
0
 10
74.8682
 20
-52.1152
 11
75.49
 21
-52.1152
  0
LINE
  8
0
 10
75.49
 20
-52.1152
 11
74.5509
 21
-49.5309
  0
LINE
  8
0
 10
74.5509
 20
-49.5309
 11
73.8673
 21
-49.5309
  0
LINE
  8
0
 10
73.8673
 20
-49.5309
 11
72.9246
 21
-52.1152
  0
LINE
  8
0
 10
72.9246
 20
-52.1152
 11
73.5517
 21
-52.1152
  0
LINE
  8
0
 10
73.5517
 20
-52.1152
 11
73.7721
 21
-51.4804
  0
LINE
  8
0
 10
73.923
 20
-50.989
 11
73.9746
 21
-50.8384
  0
LINE
  8
0
 10
73.9746
 20
-50.8384
 11
74.0387
 21
-50.6514
  0
LINE
  8
0
 10
74.0387
 20
-50.6514
 11
74.0924
 21
-50.4941
  0
LINE
  8
0
 10
74.0924
 20
-50.4941
 11
74.1358
 21
-50.3665
  0
LINE
  8
0
 10
74.1358
 20
-50.3665
 11
74.1688
 21
-50.2687
  0
LINE
  8
0
 10
74.1688
 20
-50.2687
 11
74.1915
 21
-50.2005
  0
LINE
  8
0
 10
74.1915
 20
-50.2005
 11
74.2039
 21
-50.1618
  0
LINE
  8
0
 10
74.2039
 20
-50.1618
 11
74.2108
 21
-50.1392
  0
LINE
  8
0
 10
74.2108
 20
-50.1392
 11
74.2744
 21
-50.3406
  0
LINE
  8
0
 10
74.2744
 20
-50.3406
 11
74.497
 21
-50.989
  0
LINE
  8
0
 10
74.497
 20
-50.989
 11
73.923
 21
-50.989
  0
LINE
  8
0
 10
76.2645
 20
-49.5309
 11
75.6444
 21
-49.5309
  0
LINE
  8
0
 10
75.6444
 20
-49.5309
 11
75.6444
 21
-52.1152
  0
LINE
  8
0
 10
75.6444
 20
-52.1152
 11
76.2645
 21
-52.1152
  0
LINE
  8
0
 10
76.2645
 20
-52.1152
 11
76.2645
 21
-49.5309
  0
LINE
  8
0
 10
112.264
 20
-49.5488
 11
111.644
 21
-49.5488
  0
LINE
  8
0
 10
111.644
 20
-49.5488
 11
111.644
 21
-52.1331
  0
LINE
  8
0
 10
111.644
 20
-52.1331
 11
112.264
 21
-52.1331
  0
LINE
  8
0
 10
112.264
 20
-52.1331
 11
112.264
 21
-49.5488
  0
LINE
  8
0
 10
113.517
 20
-52.0008
 11
113.521
 21
-51.9195
  0
LINE
  8
0
 10
113.521
 20
-51.9195
 11
113.527
 21
-51.84
  0
LINE
  8
0
 10
113.527
 20
-51.84
 11
113.536
 21
-51.7611
  0
LINE
  8
0
 10
113.536
 20
-51.7611
 11
113.548
 21
-51.684
  0
LINE
  8
0
 10
113.548
 20
-51.684
 11
113.562
 21
-51.6078
  0
LINE
  8
0
 10
113.562
 20
-51.6078
 11
113.579
 21
-51.533
  0
LINE
  8
0
 10
113.579
 20
-51.533
 11
113.598
 21
-51.4593
  0
LINE
  8
0
 10
113.598
 20
-51.4593
 11
113.619
 21
-51.3853
  0
LINE
  8
0
 10
113.619
 20
-51.3853
 11
113.641
 21
-51.3121
  0
LINE
  8
0
 10
113.641
 20
-51.3121
 11
113.666
 21
-51.2393
  0
LINE
  8
0
 10
113.666
 20
-51.2393
 11
113.693
 21
-51.1674
  0
LINE
  8
0
 10
113.693
 20
-51.1674
 11
113.721
 21
-51.0959
  0
LINE
  8
0
 10
113.721
 20
-51.0959
 11
113.751
 21
-51.0256
  0
LINE
  8
0
 10
113.751
 20
-51.0256
 11
113.784
 21
-50.9538
  0
LINE
  8
0
 10
113.784
 20
-50.9538
 11
113.817
 21
-50.8833
  0
LINE
  8
0
 10
113.817
 20
-50.8833
 11
113.852
 21
-50.8131
  0
LINE
  8
0
 10
113.852
 20
-50.8131
 11
113.889
 21
-50.7418
  0
LINE
  8
0
 10
113.889
 20
-50.7418
 11
113.927
 21
-50.6719
  0
LINE
  8
0
 10
113.927
 20
-50.6719
 11
113.967
 21
-50.6015
  0
LINE
  8
0
 10
113.967
 20
-50.6015
 11
114.008
 21
-50.5309
  0
LINE
  8
0
 10
114.008
 20
-50.5309
 11
114.051
 21
-50.4595
  0
LINE
  8
0
 10
114.051
 20
-50.4595
 11
114.095
 21
-50.3878
  0
LINE
  8
0
 10
114.095
 20
-50.3878
 11
114.139
 21
-50.3153
  0
LINE
  8
0
 10
114.139
 20
-50.3153
 11
114.184
 21
-50.2422
  0
LINE
  8
0
 10
114.184
 20
-50.2422
 11
114.23
 21
-50.1684
  0
LINE
  8
0
 10
114.23
 20
-50.1684
 11
114.277
 21
-50.0938
  0
LINE
  8
0
 10
114.277
 20
-50.0938
 11
114.332
 21
-50.0064
  0
LINE
  8
0
 10
114.332
 20
-50.0064
 11
114.332
 21
-49.5488
  0
LINE
  8
0
 10
114.332
 20
-49.5488
 11
112.538
 21
-49.5488
  0
LINE
  8
0
 10
112.538
 20
-49.5488
 11
112.538
 21
-50.0561
  0
LINE
  8
0
 10
112.538
 20
-50.0561
 11
113.727
 21
-50.0561
  0
LINE
  8
0
 10
113.727
 20
-50.0561
 11
113.67
 21
-50.1396
  0
LINE
  8
0
 10
113.67
 20
-50.1396
 11
113.57
 21
-50.2898
  0
LINE
  8
0
 10
113.57
 20
-50.2898
 11
113.48
 21
-50.4286
  0
LINE
  8
0
 10
113.48
 20
-50.4286
 11
113.4
 21
-50.5559
  0
LINE
  8
0
 10
113.4
 20
-50.5559
 11
113.33
 21
-50.6717
  0
LINE
  8
0
 10
113.33
 20
-50.6717
 11
113.27
 21
-50.7762
  0
LINE
  8
0
 10
113.27
 20
-50.7762
 11
113.22
 21
-50.8692
  0
LINE
  8
0
 10
113.22
 20
-50.8692
 11
113.177
 21
-50.9562
  0
LINE
  8
0
 10
113.177
 20
-50.9562
 11
113.137
 21
-51.0426
  0
LINE
  8
0
 10
113.137
 20
-51.0426
 11
113.1
 21
-51.1287
  0
LINE
  8
0
 10
113.1
 20
-51.1287
 11
113.066
 21
-51.2144
  0
LINE
  8
0
 10
113.066
 20
-51.2144
 11
113.035
 21
-51.2997
  0
LINE
  8
0
 10
113.035
 20
-51.2997
 11
113.007
 21
-51.3847
  0
LINE
  8
0
 10
113.007
 20
-51.3847
 11
112.982
 21
-51.4693
  0
LINE
  8
0
 10
112.982
 20
-51.4693
 11
112.96
 21
-51.5544
  0
LINE
  8
0
 10
112.96
 20
-51.5544
 11
112.941
 21
-51.6405
  0
LINE
  8
0
 10
112.941
 20
-51.6405
 11
112.926
 21
-51.7274
  0
LINE
  8
0
 10
112.926
 20
-51.7274
 11
112.914
 21
-51.8151
  0
LINE
  8
0
 10
112.914
 20
-51.8151
 11
112.906
 21
-51.9036
  0
LINE
  8
0
 10
112.906
 20
-51.9036
 11
112.901
 21
-51.9929
  0
LINE
  8
0
 10
112.901
 20
-51.9929
 11
112.898
 21
-52.1331
  0
LINE
  8
0
 10
112.898
 20
-52.1331
 11
113.515
 21
-52.1331
  0
LINE
  8
0
 10
113.515
 20
-52.1331
 11
113.517
 21
-52.0008
  0
LINE
  8
0
 10
109.772
 20
-51.4983
 11
110.648
 21
-51.4983
  0
LINE
  8
0
 10
110.648
 20
-51.4983
 11
110.868
 21
-52.1331
  0
LINE
  8
0
 10
110.868
 20
-52.1331
 11
111.49
 21
-52.1331
  0
LINE
  8
0
 10
111.49
 20
-52.1331
 11
110.551
 21
-49.5488
  0
LINE
  8
0
 10
110.551
 20
-49.5488
 11
109.867
 21
-49.5488
  0
LINE
  8
0
 10
109.867
 20
-49.5488
 11
108.925
 21
-52.1331
  0
LINE
  8
0
 10
108.925
 20
-52.1331
 11
109.552
 21
-52.1331
  0
LINE
  8
0
 10
109.552
 20
-52.1331
 11
109.772
 21
-51.4983
  0
LINE
  8
0
 10
109.923
 20
-51.0069
 11
109.975
 21
-50.8563
  0
LINE
  8
0
 10
109.975
 20
-50.8563
 11
110.039
 21
-50.6692
  0
LINE
  8
0
 10
110.039
 20
-50.6692
 11
110.092
 21
-50.5119
  0
LINE
  8
0
 10
110.092
 20
-50.5119
 11
110.136
 21
-50.3844
  0
LINE
  8
0
 10
110.136
 20
-50.3844
 11
110.169
 21
-50.2866
  0
LINE
  8
0
 10
110.169
 20
-50.2866
 11
110.191
 21
-50.2184
  0
LINE
  8
0
 10
110.191
 20
-50.2184
 11
110.204
 21
-50.1797
  0
LINE
  8
0
 10
110.204
 20
-50.1797
 11
110.211
 21
-50.1571
  0
LINE
  8
0
 10
110.211
 20
-50.1571
 11
110.274
 21
-50.3585
  0
LINE
  8
0
 10
110.274
 20
-50.3585
 11
110.497
 21
-51.0069
  0
LINE
  8
0
 10
110.497
 20
-51.0069
 11
109.923
 21
-51.0069
  0
LINE
  8
0
 10
127.772
 20
-51.4991
 11
128.648
 21
-51.4991
  0
LINE
  8
0
 10
128.648
 20
-51.4991
 11
128.868
 21
-52.1339
  0
LINE
  8
0
 10
128.868
 20
-52.1339
 11
129.49
 21
-52.1339
  0
LINE
  8
0
 10
129.49
 20
-52.1339
 11
128.551
 21
-49.5496
  0
LINE
  8
0
 10
128.551
 20
-49.5496
 11
127.867
 21
-49.5496
  0
LINE
  8
0
 10
127.867
 20
-49.5496
 11
126.925
 21
-52.1339
  0
LINE
  8
0
 10
126.925
 20
-52.1339
 11
127.552
 21
-52.1339
  0
LINE
  8
0
 10
127.552
 20
-52.1339
 11
127.772
 21
-51.4991
  0
LINE
  8
0
 10
127.923
 20
-51.0077
 11
127.975
 21
-50.8571
  0
LINE
  8
0
 10
127.975
 20
-50.8571
 11
128.039
 21
-50.67
  0
LINE
  8
0
 10
128.039
 20
-50.67
 11
128.092
 21
-50.5128
  0
LINE
  8
0
 10
128.092
 20
-50.5128
 11
128.136
 21
-50.3852
  0
LINE
  8
0
 10
128.136
 20
-50.3852
 11
128.169
 21
-50.2874
  0
LINE
  8
0
 10
128.169
 20
-50.2874
 11
128.191
 21
-50.2192
  0
LINE
  8
0
 10
128.191
 20
-50.2192
 11
128.204
 21
-50.1805
  0
LINE
  8
0
 10
128.204
 20
-50.1805
 11
128.211
 21
-50.1579
  0
LINE
  8
0
 10
128.211
 20
-50.1579
 11
128.274
 21
-50.3593
  0
LINE
  8
0
 10
128.274
 20
-50.3593
 11
128.497
 21
-51.0077
  0
LINE
  8
0
 10
128.497
 20
-51.0077
 11
127.923
 21
-51.0077
  0
LINE
  8
0
 10
160.975
 20
-51.2223
 11
162.246
 21
-51.2223
  0
LINE
  8
0
 10
162.246
 20
-51.2223
 11
162.246
 21
-50.7204
  0
LINE
  8
0
 10
162.246
 20
-50.7204
 11
160.975
 21
-50.7204
  0
LINE
  8
0
 10
160.975
 20
-50.7204
 11
160.975
 21
-50.0516
  0
LINE
  8
0
 10
160.975
 20
-50.0516
 11
162.287
 21
-50.0516
  0
LINE
  8
0
 10
162.287
 20
-50.0516
 11
162.287
 21
-49.5496
  0
LINE
  8
0
 10
162.287
 20
-49.5496
 11
160.355
 21
-49.5496
  0
LINE
  8
0
 10
160.355
 20
-49.5496
 11
160.355
 21
-52.1339
  0
LINE
  8
0
 10
160.355
 20
-52.1339
 11
160.975
 21
-52.1339
  0
LINE
  8
0
 10
160.975
 20
-52.1339
 11
160.975
 21
-51.2223
  0
LINE
  8
0
 10
91.7721
 20
-51.4991
 11
92.6478
 21
-51.4991
  0
LINE
  8
0
 10
92.6478
 20
-51.4991
 11
92.8682
 21
-52.1339
  0
LINE
  8
0
 10
92.8682
 20
-52.1339
 11
93.49
 21
-52.1339
  0
LINE
  8
0
 10
93.49
 20
-52.1339
 11
92.5509
 21
-49.5496
  0
LINE
  8
0
 10
92.5509
 20
-49.5496
 11
91.8673
 21
-49.5496
  0
LINE
  8
0
 10
91.8673
 20
-49.5496
 11
90.9246
 21
-52.1339
  0
LINE
  8
0
 10
90.9246
 20
-52.1339
 11
91.5517
 21
-52.1339
  0
LINE
  8
0
 10
91.5517
 20
-52.1339
 11
91.7721
 21
-51.4991
  0
LINE
  8
0
 10
91.923
 20
-51.0077
 11
91.9746
 21
-50.8571
  0
LINE
  8
0
 10
91.9746
 20
-50.8571
 11
92.0387
 21
-50.67
  0
LINE
  8
0
 10
92.0387
 20
-50.67
 11
92.0924
 21
-50.5128
  0
LINE
  8
0
 10
92.0924
 20
-50.5128
 11
92.1358
 21
-50.3852
  0
LINE
  8
0
 10
92.1358
 20
-50.3852
 11
92.1688
 21
-50.2874
  0
LINE
  8
0
 10
92.1688
 20
-50.2874
 11
92.1915
 21
-50.2192
  0
LINE
  8
0
 10
92.1915
 20
-50.2192
 11
92.2039
 21
-50.1805
  0
LINE
  8
0
 10
92.2039
 20
-50.1805
 11
92.2108
 21
-50.1579
  0
LINE
  8
0
 10
92.2108
 20
-50.1579
 11
92.2744
 21
-50.3593
  0
LINE
  8
0
 10
92.2744
 20
-50.3593
 11
92.497
 21
-51.0077
  0
LINE
  8
0
 10
92.497
 20
-51.0077
 11
91.923
 21
-51.0077
  0
LINE
  8
0
 10
130.264
 20
-49.5496
 11
129.644
 21
-49.5496
  0
LINE
  8
0
 10
129.644
 20
-49.5496
 11
129.644
 21
-52.1339
  0
LINE
  8
0
 10
129.644
 20
-52.1339
 11
130.264
 21
-52.1339
  0
LINE
  8
0
 10
130.264
 20
-52.1339
 11
130.264
 21
-49.5496
  0
LINE
  8
0
 10
162.989
 20
-51.4991
 11
163.864
 21
-51.4991
  0
LINE
  8
0
 10
163.864
 20
-51.4991
 11
164.085
 21
-52.1339
  0
LINE
  8
0
 10
164.085
 20
-52.1339
 11
164.706
 21
-52.1339
  0
LINE
  8
0
 10
164.706
 20
-52.1339
 11
163.767
 21
-49.5496
  0
LINE
  8
0
 10
163.767
 20
-49.5496
 11
163.084
 21
-49.5496
  0
LINE
  8
0
 10
163.084
 20
-49.5496
 11
162.141
 21
-52.1339
  0
LINE
  8
0
 10
162.141
 20
-52.1339
 11
162.768
 21
-52.1339
  0
LINE
  8
0
 10
162.768
 20
-52.1339
 11
162.989
 21
-51.4991
  0
LINE
  8
0
 10
163.139
 20
-51.0077
 11
163.191
 21
-50.8571
  0
LINE
  8
0
 10
163.191
 20
-50.8571
 11
163.255
 21
-50.67
  0
LINE
  8
0
 10
163.255
 20
-50.67
 11
163.309
 21
-50.5128
  0
LINE
  8
0
 10
163.309
 20
-50.5128
 11
163.352
 21
-50.3852
  0
LINE
  8
0
 10
163.352
 20
-50.3852
 11
163.385
 21
-50.2874
  0
LINE
  8
0
 10
163.385
 20
-50.2874
 11
163.408
 21
-50.2192
  0
LINE
  8
0
 10
163.408
 20
-50.2192
 11
163.42
 21
-50.1805
  0
LINE
  8
0
 10
163.42
 20
-50.1805
 11
163.427
 21
-50.1579
  0
LINE
  8
0
 10
163.427
 20
-50.1579
 11
163.491
 21
-50.3593
  0
LINE
  8
0
 10
163.491
 20
-50.3593
 11
163.714
 21
-51.0077
  0
LINE
  8
0
 10
163.714
 20
-51.0077
 11
163.139
 21
-51.0077
  0
LINE
  8
0
 10
168.434
 20
-50.0516
 11
169.238
 21
-50.0516
  0
LINE
  8
0
 10
169.238
 20
-50.0516
 11
169.238
 21
-49.5496
  0
LINE
  8
0
 10
169.238
 20
-49.5496
 11
167.012
 21
-49.5496
  0
LINE
  8
0
 10
167.012
 20
-49.5496
 11
167.012
 21
-50.0516
  0
LINE
  8
0
 10
167.012
 20
-50.0516
 11
167.814
 21
-50.0516
  0
LINE
  8
0
 10
167.814
 20
-50.0516
 11
167.814
 21
-52.1339
  0
LINE
  8
0
 10
167.814
 20
-52.1339
 11
168.434
 21
-52.1339
  0
LINE
  8
0
 10
168.434
 20
-52.1339
 11
168.434
 21
-50.0516
  0
LINE
  8
0
 10
94.2645
 20
-49.5496
 11
93.6444
 21
-49.5496
  0
LINE
  8
0
 10
93.6444
 20
-49.5496
 11
93.6444
 21
-52.1339
  0
LINE
  8
0
 10
93.6444
 20
-52.1339
 11
94.2645
 21
-52.1339
  0
LINE
  8
0
 10
94.2645
 20
-52.1339
 11
94.2645
 21
-49.5496
  0
LINE
  8
0
 10
38.3056
 20
-53.4834
 11
38.4392
 21
-53.4593
  0
LINE
  8
0
 10
38.4392
 20
-53.4593
 11
38.563
 21
-53.4189
  0
LINE
  8
0
 10
38.563
 20
-53.4189
 11
38.6765
 21
-53.3621
  0
LINE
  8
0
 10
38.6765
 20
-53.3621
 11
38.7794
 21
-53.2888
  0
LINE
  8
0
 10
38.7794
 20
-53.2888
 11
38.8712
 21
-53.1996
  0
LINE
  8
0
 10
38.8712
 20
-53.1996
 11
38.9517
 21
-53.0949
  0
LINE
  8
0
 10
38.9517
 20
-53.0949
 11
39.0209
 21
-52.9754
  0
LINE
  8
0
 10
39.0209
 20
-52.9754
 11
39.079
 21
-52.842
  0
LINE
  8
0
 10
39.079
 20
-52.842
 11
39.1262
 21
-52.6947
  0
LINE
  8
0
 10
39.1262
 20
-52.6947
 11
39.1627
 21
-52.5335
  0
LINE
  8
0
 10
39.1627
 20
-52.5335
 11
39.1886
 21
-52.3584
  0
LINE
  8
0
 10
39.1886
 20
-52.3584
 11
39.2041
 21
-52.1694
  0
LINE
  8
0
 10
39.2041
 20
-52.1694
 11
39.2093
 21
-51.9664
  0
LINE
  8
0
 10
39.2093
 20
-51.9664
 11
39.2044
 21
-51.7605
  0
LINE
  8
0
 10
39.2044
 20
-51.7605
 11
39.1898
 21
-51.5693
  0
LINE
  8
0
 10
39.1898
 20
-51.5693
 11
39.1652
 21
-51.3927
  0
LINE
  8
0
 10
39.1652
 20
-51.3927
 11
39.1307
 21
-51.2308
  0
LINE
  8
0
 10
39.1307
 20
-51.2308
 11
39.086
 21
-51.0835
  0
LINE
  8
0
 10
39.086
 20
-51.0835
 11
39.031
 21
-50.9507
  0
LINE
  8
0
 10
39.031
 20
-50.9507
 11
38.9654
 21
-50.8325
  0
LINE
  8
0
 10
38.9654
 20
-50.8325
 11
38.8881
 21
-50.729
  0
LINE
  8
0
 10
38.8881
 20
-50.729
 11
38.7984
 21
-50.6409
  0
LINE
  8
0
 10
38.7984
 20
-50.6409
 11
38.6967
 21
-50.5686
  0
LINE
  8
0
 10
38.6967
 20
-50.5686
 11
38.5834
 21
-50.5126
  0
LINE
  8
0
 10
38.5834
 20
-50.5126
 11
38.4591
 21
-50.4729
  0
LINE
  8
0
 10
38.4591
 20
-50.4729
 11
38.3242
 21
-50.4492
  0
LINE
  8
0
 10
38.3242
 20
-50.4492
 11
38.1793
 21
-50.4414
  0
LINE
  8
0
 10
38.1793
 20
-50.4414
 11
38.0771
 21
-50.4447
  0
LINE
  8
0
 10
38.0771
 20
-50.4447
 11
37.9807
 21
-50.4545
  0
LINE
  8
0
 10
37.9807
 20
-50.4545
 11
37.8897
 21
-50.4711
  0
LINE
  8
0
 10
37.8897
 20
-50.4711
 11
37.804
 21
-50.4943
  0
LINE
  8
0
 10
37.804
 20
-50.4943
 11
37.7237
 21
-50.5244
  0
LINE
  8
0
 10
37.7237
 20
-50.5244
 11
37.6489
 21
-50.5615
  0
LINE
  8
0
 10
37.6489
 20
-50.5615
 11
37.5799
 21
-50.6054
  0
LINE
  8
0
 10
37.5799
 20
-50.6054
 11
37.5163
 21
-50.6564
  0
LINE
  8
0
 10
37.5163
 20
-50.6564
 11
37.4576
 21
-50.7147
  0
LINE
  8
0
 10
37.4576
 20
-50.7147
 11
37.4039
 21
-50.7801
  0
LINE
  8
0
 10
37.4039
 20
-50.7801
 11
37.3552
 21
-50.8525
  0
LINE
  8
0
 10
37.3552
 20
-50.8525
 11
37.3113
 21
-50.9317
  0
LINE
  8
0
 10
37.3113
 20
-50.9317
 11
37.2724
 21
-51.0177
  0
LINE
  8
0
 10
37.2724
 20
-51.0177
 11
37.2382
 21
-51.1105
  0
LINE
  8
0
 10
37.2382
 20
-51.1105
 11
37.2087
 21
-51.2103
  0
LINE
  8
0
 10
37.2087
 20
-51.2103
 11
37.1838
 21
-51.3177
  0
LINE
  8
0
 10
37.1838
 20
-51.3177
 11
37.1636
 21
-51.4324
  0
LINE
  8
0
 10
37.1636
 20
-51.4324
 11
37.1479
 21
-51.5547
  0
LINE
  8
0
 10
37.1479
 20
-51.5547
 11
37.1367
 21
-51.6844
  0
LINE
  8
0
 10
37.1367
 20
-51.6844
 11
37.13
 21
-51.8216
  0
LINE
  8
0
 10
37.13
 20
-51.8216
 11
37.1278
 21
-51.9673
  0
LINE
  8
0
 10
37.1278
 20
-51.9673
 11
37.1481
 21
-52.3635
  0
LINE
  8
0
 10
37.1481
 20
-52.3635
 11
37.2098
 21
-52.7021
  0
LINE
  8
0
 10
37.2098
 20
-52.7021
 11
37.3138
 21
-52.9826
  0
LINE
  8
0
 10
37.3138
 20
-52.9826
 11
37.4618
 21
-53.2042
  0
LINE
  8
0
 10
37.4618
 20
-53.2042
 11
37.6541
 21
-53.3643
  0
LINE
  8
0
 10
37.6541
 20
-53.3643
 11
37.8887
 21
-53.4601
  0
LINE
  8
0
 10
37.8887
 20
-53.4601
 11
38.161
 21
-53.4915
  0
LINE
  8
0
 10
38.161
 20
-53.4915
 11
38.3056
 21
-53.4834
  0
LINE
  8
0
 10
38.1255
 20
-52.9399
 11
38.0882
 21
-52.9348
  0
LINE
  8
0
 10
38.0882
 20
-52.9348
 11
38.0547
 21
-52.9264
  0
LINE
  8
0
 10
38.0547
 20
-52.9264
 11
38.0245
 21
-52.9149
  0
LINE
  8
0
 10
38.0245
 20
-52.9149
 11
37.9978
 21
-52.9005
  0
LINE
  8
0
 10
37.9978
 20
-52.9005
 11
37.9738
 21
-52.8831
  0
LINE
  8
0
 10
37.9738
 20
-52.8831
 11
37.9523
 21
-52.8624
  0
LINE
  8
0
 10
37.9523
 20
-52.8624
 11
37.9324
 21
-52.8374
  0
LINE
  8
0
 10
37.9324
 20
-52.8374
 11
37.9133
 21
-52.8067
  0
LINE
  8
0
 10
37.9133
 20
-52.8067
 11
37.8955
 21
-52.7709
  0
LINE
  8
0
 10
37.8955
 20
-52.7709
 11
37.8788
 21
-52.7291
  0
LINE
  8
0
 10
37.8788
 20
-52.7291
 11
37.8637
 21
-52.6817
  0
LINE
  8
0
 10
37.8637
 20
-52.6817
 11
37.8502
 21
-52.6291
  0
LINE
  8
0
 10
37.8502
 20
-52.6291
 11
37.8384
 21
-52.571
  0
LINE
  8
0
 10
37.8384
 20
-52.571
 11
37.8281
 21
-52.5061
  0
LINE
  8
0
 10
37.8281
 20
-52.5061
 11
37.8195
 21
-52.4346
  0
LINE
  8
0
 10
37.8195
 20
-52.4346
 11
37.8123
 21
-52.3548
  0
LINE
  8
0
 10
37.8123
 20
-52.3548
 11
37.8067
 21
-52.2688
  0
LINE
  8
0
 10
37.8067
 20
-52.2688
 11
37.8027
 21
-52.1753
  0
LINE
  8
0
 10
37.8027
 20
-52.1753
 11
37.8003
 21
-52.0747
  0
LINE
  8
0
 10
37.8003
 20
-52.0747
 11
37.7995
 21
-51.966
  0
LINE
  8
0
 10
37.7995
 20
-51.966
 11
37.8002
 21
-51.8572
  0
LINE
  8
0
 10
37.8002
 20
-51.8572
 11
37.8025
 21
-51.7557
  0
LINE
  8
0
 10
37.8025
 20
-51.7557
 11
37.8063
 21
-51.6619
  0
LINE
  8
0
 10
37.8063
 20
-51.6619
 11
37.8116
 21
-51.5747
  0
LINE
  8
0
 10
37.8116
 20
-51.5747
 11
37.8184
 21
-51.4953
  0
LINE
  8
0
 10
37.8184
 20
-51.4953
 11
37.8266
 21
-51.424
  0
LINE
  8
0
 10
37.8266
 20
-51.424
 11
37.8364
 21
-51.3595
  0
LINE
  8
0
 10
37.8364
 20
-51.3595
 11
37.8477
 21
-51.302
  0
LINE
  8
0
 10
37.8477
 20
-51.302
 11
37.8608
 21
-51.2498
  0
LINE
  8
0
 10
37.8608
 20
-51.2498
 11
37.8758
 21
-51.203
  0
LINE
  8
0
 10
37.8758
 20
-51.203
 11
37.8924
 21
-51.1613
  0
LINE
  8
0
 10
37.8924
 20
-51.1613
 11
37.9104
 21
-51.1254
  0
LINE
  8
0
 10
37.9104
 20
-51.1254
 11
37.9297
 21
-51.095
  0
LINE
  8
0
 10
37.9297
 20
-51.095
 11
37.9501
 21
-51.0696
  0
LINE
  8
0
 10
37.9501
 20
-51.0696
 11
37.9722
 21
-51.0487
  0
LINE
  8
0
 10
37.9722
 20
-51.0487
 11
37.9969
 21
-51.0311
  0
LINE
  8
0
 10
37.9969
 20
-51.0311
 11
38.025
 21
-51.0164
  0
LINE
  8
0
 10
38.025
 20
-51.0164
 11
38.0565
 21
-51.0047
  0
LINE
  8
0
 10
38.0565
 20
-51.0047
 11
38.0919
 21
-50.9962
  0
LINE
  8
0
 10
38.0919
 20
-50.9962
 11
38.1314
 21
-50.9909
  0
LINE
  8
0
 10
38.1314
 20
-50.9909
 11
38.1745
 21
-50.9891
  0
LINE
  8
0
 10
38.1745
 20
-50.9891
 11
38.2151
 21
-50.9908
  0
LINE
  8
0
 10
38.2151
 20
-50.9908
 11
38.2517
 21
-50.996
  0
LINE
  8
0
 10
38.2517
 20
-50.996
 11
38.2847
 21
-51.0043
  0
LINE
  8
0
 10
38.2847
 20
-51.0043
 11
38.3144
 21
-51.0158
  0
LINE
  8
0
 10
38.3144
 20
-51.0158
 11
38.3409
 21
-51.0301
  0
LINE
  8
0
 10
38.3409
 20
-51.0301
 11
38.3644
 21
-51.0474
  0
LINE
  8
0
 10
38.3644
 20
-51.0474
 11
38.3855
 21
-51.0681
  0
LINE
  8
0
 10
38.3855
 20
-51.0681
 11
38.4052
 21
-51.0932
  0
LINE
  8
0
 10
38.4052
 20
-51.0932
 11
38.4241
 21
-51.1237
  0
LINE
  8
0
 10
38.4241
 20
-51.1237
 11
38.4417
 21
-51.1596
  0
LINE
  8
0
 10
38.4417
 20
-51.1596
 11
38.458
 21
-51.2011
  0
LINE
  8
0
 10
38.458
 20
-51.2011
 11
38.4729
 21
-51.2482
  0
LINE
  8
0
 10
38.4729
 20
-51.2482
 11
38.4861
 21
-51.3008
  0
LINE
  8
0
 10
38.4861
 20
-51.3008
 11
38.4977
 21
-51.359
  0
LINE
  8
0
 10
38.4977
 20
-51.359
 11
38.5076
 21
-51.423
  0
LINE
  8
0
 10
38.5076
 20
-51.423
 11
38.5161
 21
-51.4951
  0
LINE
  8
0
 10
38.5161
 20
-51.4951
 11
38.5231
 21
-51.5747
  0
LINE
  8
0
 10
38.5231
 20
-51.5747
 11
38.5285
 21
-51.6612
  0
LINE
  8
0
 10
38.5285
 20
-51.6612
 11
38.5325
 21
-51.7557
  0
LINE
  8
0
 10
38.5325
 20
-51.7557
 11
38.5348
 21
-51.8572
  0
LINE
  8
0
 10
38.5348
 20
-51.8572
 11
38.5356
 21
-51.9668
  0
LINE
  8
0
 10
38.5356
 20
-51.9668
 11
38.5348
 21
-52.0715
  0
LINE
  8
0
 10
38.5348
 20
-52.0715
 11
38.5324
 21
-52.1686
  0
LINE
  8
0
 10
38.5324
 20
-52.1686
 11
38.5284
 21
-52.2607
  0
LINE
  8
0
 10
38.5284
 20
-52.2607
 11
38.5228
 21
-52.3457
  0
LINE
  8
0
 10
38.5228
 20
-52.3457
 11
38.5157
 21
-52.4234
  0
LINE
  8
0
 10
38.5157
 20
-52.4234
 11
38.5069
 21
-52.495
  0
LINE
  8
0
 10
38.5069
 20
-52.495
 11
38.4967
 21
-52.5598
  0
LINE
  8
0
 10
38.4967
 20
-52.5598
 11
38.4848
 21
-52.6185
  0
LINE
  8
0
 10
38.4848
 20
-52.6185
 11
38.4712
 21
-52.6715
  0
LINE
  8
0
 10
38.4712
 20
-52.6715
 11
38.4558
 21
-52.7195
  0
LINE
  8
0
 10
38.4558
 20
-52.7195
 11
38.4389
 21
-52.7622
  0
LINE
  8
0
 10
38.4389
 20
-52.7622
 11
38.4206
 21
-52.7993
  0
LINE
  8
0
 10
38.4206
 20
-52.7993
 11
38.4009
 21
-52.8313
  0
LINE
  8
0
 10
38.4009
 20
-52.8313
 11
38.3802
 21
-52.8578
  0
LINE
  8
0
 10
38.3802
 20
-52.8578
 11
38.3581
 21
-52.8799
  0
LINE
  8
0
 10
38.3581
 20
-52.8799
 11
38.3336
 21
-52.8985
  0
LINE
  8
0
 10
38.3336
 20
-52.8985
 11
38.3066
 21
-52.9137
  0
LINE
  8
0
 10
38.3066
 20
-52.9137
 11
38.2767
 21
-52.9257
  0
LINE
  8
0
 10
38.2767
 20
-52.9257
 11
38.2435
 21
-52.9344
  0
LINE
  8
0
 10
38.2435
 20
-52.9344
 11
38.2067
 21
-52.9398
  0
LINE
  8
0
 10
38.2067
 20
-52.9398
 11
38.1666
 21
-52.9417
  0
LINE
  8
0
 10
38.1666
 20
-52.9417
 11
38.1255
 21
-52.9399
  0
LINE
  8
0
 10
42.8708
 20
-53.4858
 11
42.9928
 21
-53.4692
  0
LINE
  8
0
 10
42.9928
 20
-53.4692
 11
43.1071
 21
-53.4414
  0
LINE
  8
0
 10
43.1071
 20
-53.4414
 11
43.2138
 21
-53.4021
  0
LINE
  8
0
 10
43.2138
 20
-53.4021
 11
43.3125
 21
-53.3515
  0
LINE
  8
0
 10
43.3125
 20
-53.3515
 11
43.403
 21
-53.2894
  0
LINE
  8
0
 10
43.403
 20
-53.2894
 11
43.485
 21
-53.216
  0
LINE
  8
0
 10
43.485
 20
-53.216
 11
43.5571
 21
-53.1328
  0
LINE
  8
0
 10
43.5571
 20
-53.1328
 11
43.6182
 21
-53.0411
  0
LINE
  8
0
 10
43.6182
 20
-53.0411
 11
43.668
 21
-52.9411
  0
LINE
  8
0
 10
43.668
 20
-52.9411
 11
43.7065
 21
-52.8331
  0
LINE
  8
0
 10
43.7065
 20
-52.8331
 11
43.7339
 21
-52.7173
  0
LINE
  8
0
 10
43.7339
 20
-52.7173
 11
43.7502
 21
-52.5938
  0
LINE
  8
0
 10
43.7502
 20
-52.5938
 11
43.7556
 21
-52.4628
  0
LINE
  8
0
 10
43.7556
 20
-52.4628
 11
43.7509
 21
-52.3425
  0
LINE
  8
0
 10
43.7509
 20
-52.3425
 11
43.7366
 21
-52.229
  0
LINE
  8
0
 10
43.7366
 20
-52.229
 11
43.7127
 21
-52.1222
  0
LINE
  8
0
 10
43.7127
 20
-52.1222
 11
43.679
 21
-52.0223
  0
LINE
  8
0
 10
43.679
 20
-52.0223
 11
43.6354
 21
-51.9294
  0
LINE
  8
0
 10
43.6354
 20
-51.9294
 11
43.582
 21
-51.8438
  0
LINE
  8
0
 10
43.582
 20
-51.8438
 11
43.5187
 21
-51.7657
  0
LINE
  8
0
 10
43.5187
 20
-51.7657
 11
43.447
 21
-51.6966
  0
LINE
  8
0
 10
43.447
 20
-51.6966
 11
43.368
 21
-51.6379
  0
LINE
  8
0
 10
43.368
 20
-51.6379
 11
43.2821
 21
-51.59
  0
LINE
  8
0
 10
43.2821
 20
-51.59
 11
43.1894
 21
-51.5528
  0
LINE
  8
0
 10
43.1894
 20
-51.5528
 11
43.0903
 21
-51.5263
  0
LINE
  8
0
 10
43.0903
 20
-51.5263
 11
42.985
 21
-51.5106
  0
LINE
  8
0
 10
42.985
 20
-51.5106
 11
42.874
 21
-51.5054
  0
LINE
  8
0
 10
42.874
 20
-51.5054
 11
42.8128
 21
-51.5072
  0
LINE
  8
0
 10
42.8128
 20
-51.5072
 11
42.7536
 21
-51.5124
  0
LINE
  8
0
 10
42.7536
 20
-51.5124
 11
42.6961
 21
-51.5212
  0
LINE
  8
0
 10
42.6961
 20
-51.5212
 11
42.6402
 21
-51.5336
  0
LINE
  8
0
 10
42.6402
 20
-51.5336
 11
42.586
 21
-51.5495
  0
LINE
  8
0
 10
42.586
 20
-51.5495
 11
42.5336
 21
-51.569
  0
LINE
  8
0
 10
42.5336
 20
-51.569
 11
42.4829
 21
-51.5921
  0
LINE
  8
0
 10
42.4829
 20
-51.5921
 11
42.4345
 21
-51.6187
  0
LINE
  8
0
 10
42.4345
 20
-51.6187
 11
42.389
 21
-51.6484
  0
LINE
  8
0
 10
42.389
 20
-51.6484
 11
42.3466
 21
-51.6815
  0
LINE
  8
0
 10
42.3466
 20
-51.6815
 11
42.3072
 21
-51.7177
  0
LINE
  8
0
 10
42.3072
 20
-51.7177
 11
42.3053
 21
-51.7198
  0
LINE
  8
0
 10
42.3053
 20
-51.7198
 11
42.3115
 21
-51.6278
  0
LINE
  8
0
 10
42.3115
 20
-51.6278
 11
42.3246
 21
-51.5209
  0
LINE
  8
0
 10
42.3246
 20
-51.5209
 11
42.3426
 21
-51.4249
  0
LINE
  8
0
 10
42.3426
 20
-51.4249
 11
42.3657
 21
-51.3389
  0
LINE
  8
0
 10
42.3657
 20
-51.3389
 11
42.3934
 21
-51.2632
  0
LINE
  8
0
 10
42.3934
 20
-51.2632
 11
42.4258
 21
-51.1977
  0
LINE
  8
0
 10
42.4258
 20
-51.1977
 11
42.4619
 21
-51.1419
  0
LINE
  8
0
 10
42.4619
 20
-51.1419
 11
42.5011
 21
-51.0954
  0
LINE
  8
0
 10
42.5011
 20
-51.0954
 11
42.5431
 21
-51.0582
  0
LINE
  8
0
 10
42.5431
 20
-51.0582
 11
42.5877
 21
-51.0298
  0
LINE
  8
0
 10
42.5877
 20
-51.0298
 11
42.6356
 21
-51.0095
  0
LINE
  8
0
 10
42.6356
 20
-51.0095
 11
42.6873
 21
-50.9974
  0
LINE
  8
0
 10
42.6873
 20
-50.9974
 11
42.7431
 21
-50.9933
  0
LINE
  8
0
 10
42.7431
 20
-50.9933
 11
42.8077
 21
-50.9984
  0
LINE
  8
0
 10
42.8077
 20
-50.9984
 11
42.8633
 21
-51.0132
  0
LINE
  8
0
 10
42.8633
 20
-51.0132
 11
42.911
 21
-51.0372
  0
LINE
  8
0
 10
42.911
 20
-51.0372
 11
42.9521
 21
-51.0708
  0
LINE
  8
0
 10
42.9521
 20
-51.0708
 11
42.9875
 21
-51.115
  0
LINE
  8
0
 10
42.9875
 20
-51.115
 11
43.0172
 21
-51.1709
  0
LINE
  8
0
 10
43.0172
 20
-51.1709
 11
43.0554
 21
-51.2811
  0
LINE
  8
0
 10
43.0554
 20
-51.2811
 11
43.6927
 21
-51.1921
  0
LINE
  8
0
 10
43.6927
 20
-51.1921
 11
43.6482
 21
-51.0417
  0
LINE
  8
0
 10
43.6482
 20
-51.0417
 11
43.6143
 21
-50.9524
  0
LINE
  8
0
 10
43.6143
 20
-50.9524
 11
43.5748
 21
-50.87
  0
LINE
  8
0
 10
43.5748
 20
-50.87
 11
43.5298
 21
-50.7946
  0
LINE
  8
0
 10
43.5298
 20
-50.7946
 11
43.479
 21
-50.7265
  0
LINE
  8
0
 10
43.479
 20
-50.7265
 11
43.4226
 21
-50.6656
  0
LINE
  8
0
 10
43.4226
 20
-50.6656
 11
43.3606
 21
-50.6123
  0
LINE
  8
0
 10
43.3606
 20
-50.6123
 11
43.2925
 21
-50.5665
  0
LINE
  8
0
 10
43.2925
 20
-50.5665
 11
43.218
 21
-50.5278
  0
LINE
  8
0
 10
43.218
 20
-50.5278
 11
43.1374
 21
-50.4965
  0
LINE
  8
0
 10
43.1374
 20
-50.4965
 11
43.0508
 21
-50.4722
  0
LINE
  8
0
 10
43.0508
 20
-50.4722
 11
42.9583
 21
-50.4551
  0
LINE
  8
0
 10
42.9583
 20
-50.4551
 11
42.8598
 21
-50.4448
  0
LINE
  8
0
 10
42.8598
 20
-50.4448
 11
42.755
 21
-50.4414
  0
LINE
  8
0
 10
42.755
 20
-50.4414
 11
42.6081
 21
-50.4496
  0
LINE
  8
0
 10
42.6081
 20
-50.4496
 11
42.4698
 21
-50.4745
  0
LINE
  8
0
 10
42.4698
 20
-50.4745
 11
42.3408
 21
-50.5162
  0
LINE
  8
0
 10
42.3408
 20
-50.5162
 11
42.2216
 21
-50.5748
  0
LINE
  8
0
 10
42.2216
 20
-50.5748
 11
42.1126
 21
-50.6502
  0
LINE
  8
0
 10
42.1126
 20
-50.6502
 11
42.0142
 21
-50.742
  0
LINE
  8
0
 10
42.0142
 20
-50.742
 11
41.9264
 21
-50.85
  0
LINE
  8
0
 10
41.9264
 20
-50.85
 11
41.8499
 21
-50.9738
  0
LINE
  8
0
 10
41.8499
 20
-50.9738
 11
41.7857
 21
-51.1129
  0
LINE
  8
0
 10
41.7857
 20
-51.1129
 11
41.7335
 21
-51.2671
  0
LINE
  8
0
 10
41.7335
 20
-51.2671
 11
41.6931
 21
-51.4362
  0
LINE
  8
0
 10
41.6931
 20
-51.4362
 11
41.6644
 21
-51.6203
  0
LINE
  8
0
 10
41.6644
 20
-51.6203
 11
41.6472
 21
-51.8193
  0
LINE
  8
0
 10
41.6472
 20
-51.8193
 11
41.6416
 21
-52.0336
  0
LINE
  8
0
 10
41.6416
 20
-52.0336
 11
41.6472
 21
-52.2289
  0
LINE
  8
0
 10
41.6472
 20
-52.2289
 11
41.6641
 21
-52.4108
  0
LINE
  8
0
 10
41.6641
 20
-52.4108
 11
41.6925
 21
-52.5791
  0
LINE
  8
0
 10
41.6925
 20
-52.5791
 11
41.7324
 21
-52.7339
  0
LINE
  8
0
 10
41.7324
 20
-52.7339
 11
41.7841
 21
-52.8753
  0
LINE
  8
0
 10
41.7841
 20
-52.8753
 11
41.8477
 21
-53.003
  0
LINE
  8
0
 10
41.8477
 20
-53.003
 11
41.9233
 21
-53.1167
  0
LINE
  8
0
 10
41.9233
 20
-53.1167
 11
42.0102
 21
-53.216
  0
LINE
  8
0
 10
42.0102
 20
-53.216
 11
42.1075
 21
-53.3003
  0
LINE
  8
0
 10
42.1075
 20
-53.3003
 11
42.2151
 21
-53.3694
  0
LINE
  8
0
 10
42.2151
 20
-53.3694
 11
42.3326
 21
-53.423
  0
LINE
  8
0
 10
42.3326
 20
-53.423
 11
42.4597
 21
-53.4611
  0
LINE
  8
0
 10
42.4597
 20
-53.4611
 11
42.5959
 21
-53.4838
  0
LINE
  8
0
 10
42.5959
 20
-53.4838
 11
42.7411
 21
-53.4913
  0
LINE
  8
0
 10
42.7411
 20
-53.4913
 11
42.8708
 21
-53.4858
  0
LINE
  8
0
 10
42.6758
 20
-52.9427
 11
42.6319
 21
-52.9341
  0
LINE
  8
0
 10
42.6319
 20
-52.9341
 11
42.591
 21
-52.9197
  0
LINE
  8
0
 10
42.591
 20
-52.9197
 11
42.5527
 21
-52.8997
  0
LINE
  8
0
 10
42.5527
 20
-52.8997
 11
42.5169
 21
-52.8737
  0
LINE
  8
0
 10
42.5169
 20
-52.8737
 11
42.483
 21
-52.8414
  0
LINE
  8
0
 10
42.483
 20
-52.8414
 11
42.4511
 21
-52.8024
  0
LINE
  8
0
 10
42.4511
 20
-52.8024
 11
42.4225
 21
-52.7584
  0
LINE
  8
0
 10
42.4225
 20
-52.7584
 11
42.3981
 21
-52.7107
  0
LINE
  8
0
 10
42.3981
 20
-52.7107
 11
42.378
 21
-52.6596
  0
LINE
  8
0
 10
42.378
 20
-52.6596
 11
42.3622
 21
-52.6049
  0
LINE
  8
0
 10
42.3622
 20
-52.6049
 11
42.3509
 21
-52.5464
  0
LINE
  8
0
 10
42.3509
 20
-52.5464
 11
42.3441
 21
-52.4842
  0
LINE
  8
0
 10
42.3441
 20
-52.4842
 11
42.3418
 21
-52.4182
  0
LINE
  8
0
 10
42.3418
 20
-52.4182
 11
42.3439
 21
-52.367
  0
LINE
  8
0
 10
42.3439
 20
-52.367
 11
42.3502
 21
-52.3196
  0
LINE
  8
0
 10
42.3502
 20
-52.3196
 11
42.3607
 21
-52.2757
  0
LINE
  8
0
 10
42.3607
 20
-52.2757
 11
42.375
 21
-52.2352
  0
LINE
  8
0
 10
42.375
 20
-52.2352
 11
42.3934
 21
-52.1979
  0
LINE
  8
0
 10
42.3934
 20
-52.1979
 11
42.4157
 21
-52.1636
  0
LINE
  8
0
 10
42.4157
 20
-52.1636
 11
42.4421
 21
-52.1319
  0
LINE
  8
0
 10
42.4421
 20
-52.1319
 11
42.4717
 21
-52.104
  0
LINE
  8
0
 10
42.4717
 20
-52.104
 11
42.5039
 21
-52.0805
  0
LINE
  8
0
 10
42.5039
 20
-52.0805
 11
42.5385
 21
-52.0614
  0
LINE
  8
0
 10
42.5385
 20
-52.0614
 11
42.5761
 21
-52.0464
  0
LINE
  8
0
 10
42.5761
 20
-52.0464
 11
42.617
 21
-52.0355
  0
LINE
  8
0
 10
42.617
 20
-52.0355
 11
42.6612
 21
-52.0289
  0
LINE
  8
0
 10
42.6612
 20
-52.0289
 11
42.7087
 21
-52.0266
  0
LINE
  8
0
 10
42.7087
 20
-52.0266
 11
42.7584
 21
-52.029
  0
LINE
  8
0
 10
42.7584
 20
-52.029
 11
42.8041
 21
-52.0361
  0
LINE
  8
0
 10
42.8041
 20
-52.0361
 11
42.8461
 21
-52.0477
  0
LINE
  8
0
 10
42.8461
 20
-52.0477
 11
42.8844
 21
-52.0636
  0
LINE
  8
0
 10
42.8844
 20
-52.0636
 11
42.9196
 21
-52.084
  0
LINE
  8
0
 10
42.9196
 20
-52.084
 11
42.9518
 21
-52.109
  0
LINE
  8
0
 10
42.9518
 20
-52.109
 11
42.9812
 21
-52.1386
  0
LINE
  8
0
 10
42.9812
 20
-52.1386
 11
43.0072
 21
-52.1727
  0
LINE
  8
0
 10
43.0072
 20
-52.1727
 11
43.0295
 21
-52.2113
  0
LINE
  8
0
 10
43.0295
 20
-52.2113
 11
43.048
 21
-52.2547
  0
LINE
  8
0
 10
43.048
 20
-52.2547
 11
43.0626
 21
-52.303
  0
LINE
  8
0
 10
43.0626
 20
-52.303
 11
43.0732
 21
-52.3565
  0
LINE
  8
0
 10
43.0732
 20
-52.3565
 11
43.0797
 21
-52.4152
  0
LINE
  8
0
 10
43.0797
 20
-52.4152
 11
43.0819
 21
-52.4791
  0
LINE
  8
0
 10
43.0819
 20
-52.4791
 11
43.0798
 21
-52.5426
  0
LINE
  8
0
 10
43.0798
 20
-52.5426
 11
43.0736
 21
-52.6017
  0
LINE
  8
0
 10
43.0736
 20
-52.6017
 11
43.0634
 21
-52.6558
  0
LINE
  8
0
 10
43.0634
 20
-52.6558
 11
43.0493
 21
-52.7054
  0
LINE
  8
0
 10
43.0493
 20
-52.7054
 11
43.0314
 21
-52.7505
  0
LINE
  8
0
 10
43.0314
 20
-52.7505
 11
43.0098
 21
-52.7912
  0
LINE
  8
0
 10
43.0098
 20
-52.7912
 11
42.9847
 21
-52.8275
  0
LINE
  8
0
 10
42.9847
 20
-52.8275
 11
42.9565
 21
-52.859
  0
LINE
  8
0
 10
42.9565
 20
-52.859
 11
42.9256
 21
-52.8854
  0
LINE
  8
0
 10
42.9256
 20
-52.8854
 11
42.892
 21
-52.9069
  0
LINE
  8
0
 10
42.892
 20
-52.9069
 11
42.8553
 21
-52.9237
  0
LINE
  8
0
 10
42.8553
 20
-52.9237
 11
42.8151
 21
-52.9358
  0
LINE
  8
0
 10
42.8151
 20
-52.9358
 11
42.771
 21
-52.9432
  0
LINE
  8
0
 10
42.771
 20
-52.9432
 11
42.7232
 21
-52.9457
  0
LINE
  8
0
 10
42.7232
 20
-52.9457
 11
42.6758
 21
-52.9427
  0
LINE
  8
0
 10
29.5536
 20
-53.4886
 11
29.6684
 21
-53.4803
  0
LINE
  8
0
 10
29.6684
 20
-53.4803
 11
29.7817
 21
-53.4665
  0
LINE
  8
0
 10
29.7817
 20
-53.4665
 11
29.8936
 21
-53.4472
  0
LINE
  8
0
 10
29.8936
 20
-53.4472
 11
30.004
 21
-53.4223
  0
LINE
  8
0
 10
30.004
 20
-53.4223
 11
30.113
 21
-53.392
  0
LINE
  8
0
 10
30.113
 20
-53.392
 11
30.2205
 21
-53.3561
  0
LINE
  8
0
 10
30.2205
 20
-53.3561
 11
30.3245
 21
-53.3153
  0
LINE
  8
0
 10
30.3245
 20
-53.3153
 11
30.4231
 21
-53.27
  0
LINE
  8
0
 10
30.4231
 20
-53.27
 11
30.5161
 21
-53.2204
  0
LINE
  8
0
 10
30.5161
 20
-53.2204
 11
30.6036
 21
-53.1664
  0
LINE
  8
0
 10
30.6036
 20
-53.1664
 11
30.6855
 21
-53.108
  0
LINE
  8
0
 10
30.6855
 20
-53.108
 11
30.7617
 21
-53.0451
  0
LINE
  8
0
 10
30.7617
 20
-53.0451
 11
30.8465
 21
-52.9643
  0
LINE
  8
0
 10
30.8465
 20
-52.9643
 11
30.8465
 21
-51.8391
  0
LINE
  8
0
 10
30.8465
 20
-51.8391
 11
29.4973
 21
-51.8391
  0
LINE
  8
0
 10
29.4973
 20
-51.8391
 11
29.4973
 21
-52.3826
  0
LINE
  8
0
 10
29.4973
 20
-52.3826
 11
30.1972
 21
-52.3826
  0
LINE
  8
0
 10
30.1972
 20
-52.3826
 11
30.1972
 21
-52.7054
  0
LINE
  8
0
 10
30.1972
 20
-52.7054
 11
30.1807
 21
-52.7188
  0
LINE
  8
0
 10
30.1807
 20
-52.7188
 11
30.1435
 21
-52.7445
  0
LINE
  8
0
 10
30.1435
 20
-52.7445
 11
30.102
 21
-52.7692
  0
LINE
  8
0
 10
30.102
 20
-52.7692
 11
30.0558
 21
-52.7928
  0
LINE
  8
0
 10
30.0558
 20
-52.7928
 11
30.0059
 21
-52.8149
  0
LINE
  8
0
 10
30.0059
 20
-52.8149
 11
29.9512
 21
-52.8359
  0
LINE
  8
0
 10
29.9512
 20
-52.8359
 11
29.8926
 21
-52.8555
  0
LINE
  8
0
 10
29.8926
 20
-52.8555
 11
29.8316
 21
-52.8729
  0
LINE
  8
0
 10
29.8316
 20
-52.8729
 11
29.77
 21
-52.8878
  0
LINE
  8
0
 10
29.77
 20
-52.8878
 11
29.7079
 21
-52.8999
  0
LINE
  8
0
 10
29.7079
 20
-52.8999
 11
29.6453
 21
-52.9093
  0
LINE
  8
0
 10
29.6453
 20
-52.9093
 11
29.5821
 21
-52.916
  0
LINE
  8
0
 10
29.5821
 20
-52.916
 11
29.5183
 21
-52.92
  0
LINE
  8
0
 10
29.5183
 20
-52.92
 11
29.4544
 21
-52.9214
  0
LINE
  8
0
 10
29.4544
 20
-52.9214
 11
29.3451
 21
-52.9161
  0
LINE
  8
0
 10
29.3451
 20
-52.9161
 11
29.2445
 21
-52.9007
  0
LINE
  8
0
 10
29.2445
 20
-52.9007
 11
29.1516
 21
-52.8752
  0
LINE
  8
0
 10
29.1516
 20
-52.8752
 11
29.0665
 21
-52.8398
  0
LINE
  8
0
 10
29.0665
 20
-52.8398
 11
28.9889
 21
-52.7945
  0
LINE
  8
0
 10
28.9889
 20
-52.7945
 11
28.918
 21
-52.739
  0
LINE
  8
0
 10
28.918
 20
-52.739
 11
28.8541
 21
-52.6733
  0
LINE
  8
0
 10
28.8541
 20
-52.6733
 11
28.7977
 21
-52.598
  0
LINE
  8
0
 10
28.7977
 20
-52.598
 11
28.7498
 21
-52.5139
  0
LINE
  8
0
 10
28.7498
 20
-52.5139
 11
28.7103
 21
-52.4208
  0
LINE
  8
0
 10
28.7103
 20
-52.4208
 11
28.6794
 21
-52.3183
  0
LINE
  8
0
 10
28.6794
 20
-52.3183
 11
28.6572
 21
-52.2064
  0
LINE
  8
0
 10
28.6572
 20
-52.2064
 11
28.6437
 21
-52.085
  0
LINE
  8
0
 10
28.6437
 20
-52.085
 11
28.6392
 21
-51.9542
  0
LINE
  8
0
 10
28.6392
 20
-51.9542
 11
28.6436
 21
-51.8256
  0
LINE
  8
0
 10
28.6436
 20
-51.8256
 11
28.6566
 21
-51.7067
  0
LINE
  8
0
 10
28.6566
 20
-51.7067
 11
28.6781
 21
-51.5971
  0
LINE
  8
0
 10
28.6781
 20
-51.5971
 11
28.708
 21
-51.4972
  0
LINE
  8
0
 10
28.708
 20
-51.4972
 11
28.7462
 21
-51.4065
  0
LINE
  8
0
 10
28.7462
 20
-51.4065
 11
28.7925
 21
-51.325
  0
LINE
  8
0
 10
28.7925
 20
-51.325
 11
28.8468
 21
-51.2525
  0
LINE
  8
0
 10
28.8468
 20
-51.2525
 11
28.9089
 21
-51.1894
  0
LINE
  8
0
 10
28.9089
 20
-51.1894
 11
28.9786
 21
-51.1361
  0
LINE
  8
0
 10
28.9786
 20
-51.1361
 11
29.0562
 21
-51.0924
  0
LINE
  8
0
 10
29.0562
 20
-51.0924
 11
29.1421
 21
-51.0581
  0
LINE
  8
0
 10
29.1421
 20
-51.0581
 11
29.2364
 21
-51.0335
  0
LINE
  8
0
 10
29.2364
 20
-51.0335
 11
29.3396
 21
-51.0185
  0
LINE
  8
0
 10
29.3396
 20
-51.0185
 11
29.4522
 21
-51.0135
  0
LINE
  8
0
 10
29.4522
 20
-51.0135
 11
29.5209
 21
-51.0157
  0
LINE
  8
0
 10
29.5209
 20
-51.0157
 11
29.5872
 21
-51.0222
  0
LINE
  8
0
 10
29.5872
 20
-51.0222
 11
29.6505
 21
-51.033
  0
LINE
  8
0
 10
29.6505
 20
-51.033
 11
29.7111
 21
-51.048
  0
LINE
  8
0
 10
29.7111
 20
-51.048
 11
29.7688
 21
-51.0674
  0
LINE
  8
0
 10
29.7688
 20
-51.0674
 11
29.8237
 21
-51.0908
  0
LINE
  8
0
 10
29.8237
 20
-51.0908
 11
29.8759
 21
-51.1185
  0
LINE
  8
0
 10
29.8759
 20
-51.1185
 11
29.9248
 21
-51.1502
  0
LINE
  8
0
 10
29.9248
 20
-51.1502
 11
29.9692
 21
-51.1855
  0
LINE
  8
0
 10
29.9692
 20
-51.1855
 11
30.0101
 21
-51.225
  0
LINE
  8
0
 10
30.0101
 20
-51.225
 11
30.0471
 21
-51.2684
  0
LINE
  8
0
 10
30.0471
 20
-51.2684
 11
30.0803
 21
-51.3158
  0
LINE
  8
0
 10
30.0803
 20
-51.3158
 11
30.11
 21
-51.3679
  0
LINE
  8
0
 10
30.11
 20
-51.3679
 11
30.1549
 21
-51.4653
  0
LINE
  8
0
 10
30.1549
 20
-51.4653
 11
30.8054
 21
-51.2692
  0
LINE
  8
0
 10
30.8054
 20
-51.2692
 11
30.6851
 21
-51.0143
  0
LINE
  8
0
 10
30.6851
 20
-51.0143
 11
30.5557
 21
-50.8386
  0
LINE
  8
0
 10
30.5557
 20
-50.8386
 11
30.3947
 21
-50.6946
  0
LINE
  8
0
 10
30.3947
 20
-50.6946
 11
30.2029
 21
-50.5831
  0
LINE
  8
0
 10
30.2029
 20
-50.5831
 11
29.9815
 21
-50.504
  0
LINE
  8
0
 10
29.9815
 20
-50.504
 11
29.7311
 21
-50.457
  0
LINE
  8
0
 10
29.7311
 20
-50.457
 11
29.4521
 21
-50.4414
  0
LINE
  8
0
 10
29.4521
 20
-50.4414
 11
29.2515
 21
-50.4493
  0
LINE
  8
0
 10
29.2515
 20
-50.4493
 11
29.0644
 21
-50.473
  0
LINE
  8
0
 10
29.0644
 20
-50.473
 11
28.8903
 21
-50.5126
  0
LINE
  8
0
 10
28.8903
 20
-50.5126
 11
28.7294
 21
-50.5685
  0
LINE
  8
0
 10
28.7294
 20
-50.5685
 11
28.5818
 21
-50.6405
  0
LINE
  8
0
 10
28.5818
 20
-50.6405
 11
28.4479
 21
-50.7289
  0
LINE
  8
0
 10
28.4479
 20
-50.7289
 11
28.3279
 21
-50.8334
  0
LINE
  8
0
 10
28.3279
 20
-50.8334
 11
28.2231
 21
-50.953
  0
LINE
  8
0
 10
28.2231
 20
-50.953
 11
28.1345
 21
-51.0865
  0
LINE
  8
0
 10
28.1345
 20
-51.0865
 11
28.0623
 21
-51.2337
  0
LINE
  8
0
 10
28.0623
 20
-51.2337
 11
28.0063
 21
-51.3942
  0
LINE
  8
0
 10
28.0063
 20
-51.3942
 11
27.9665
 21
-51.5679
  0
LINE
  8
0
 10
27.9665
 20
-51.5679
 11
27.9428
 21
-51.7545
  0
LINE
  8
0
 10
27.9428
 20
-51.7545
 11
27.9349
 21
-51.9542
  0
LINE
  8
0
 10
27.9349
 20
-51.9542
 11
27.9427
 21
-52.1551
  0
LINE
  8
0
 10
27.9427
 20
-52.1551
 11
27.9663
 21
-52.3432
  0
LINE
  8
0
 10
27.9663
 20
-52.3432
 11
28.0059
 21
-52.5185
  0
LINE
  8
0
 10
28.0059
 20
-52.5185
 11
28.0615
 21
-52.681
  0
LINE
  8
0
 10
28.0615
 20
-52.681
 11
28.1333
 21
-52.8303
  0
LINE
  8
0
 10
28.1333
 20
-52.8303
 11
28.2212
 21
-52.9663
  0
LINE
  8
0
 10
28.2212
 20
-52.9663
 11
28.3254
 21
-53.0887
  0
LINE
  8
0
 10
28.3254
 20
-53.0887
 11
28.4445
 21
-53.196
  0
LINE
  8
0
 10
28.4445
 20
-53.196
 11
28.5773
 21
-53.2867
  0
LINE
  8
0
 10
28.5773
 20
-53.2867
 11
28.7235
 21
-53.3608
  0
LINE
  8
0
 10
28.7235
 20
-53.3608
 11
28.8828
 21
-53.4181
  0
LINE
  8
0
 10
28.8828
 20
-53.4181
 11
29.0549
 21
-53.4589
  0
LINE
  8
0
 10
29.0549
 20
-53.4589
 11
29.2399
 21
-53.4833
  0
LINE
  8
0
 10
29.2399
 20
-53.4833
 11
29.4371
 21
-53.4913
  0
LINE
  8
0
 10
29.4371
 20
-53.4913
 11
29.5536
 21
-53.4886
  0
LINE
  8
0
 10
36.9504
 20
-52.8807
 11
35.6512
 21
-52.8807
  0
LINE
  8
0
 10
35.6512
 20
-52.8807
 11
35.6715
 21
-52.8478
  0
LINE
  8
0
 10
35.6715
 20
-52.8478
 11
35.6947
 21
-52.8147
  0
LINE
  8
0
 10
35.6947
 20
-52.8147
 11
35.7204
 21
-52.782
  0
LINE
  8
0
 10
35.7204
 20
-52.782
 11
35.7487
 21
-52.7496
  0
LINE
  8
0
 10
35.7487
 20
-52.7496
 11
35.7791
 21
-52.7179
  0
LINE
  8
0
 10
35.7791
 20
-52.7179
 11
35.8125
 21
-52.6853
  0
LINE
  8
0
 10
35.8125
 20
-52.6853
 11
35.8465
 21
-52.6533
  0
LINE
  8
0
 10
35.8465
 20
-52.6533
 11
35.8825
 21
-52.6204
  0
LINE
  8
0
 10
35.8825
 20
-52.6204
 11
35.9184
 21
-52.5885
  0
LINE
  8
0
 10
35.9184
 20
-52.5885
 11
35.9565
 21
-52.5558
  0
LINE
  8
0
 10
35.9565
 20
-52.5558
 11
35.9945
 21
-52.524
  0
LINE
  8
0
 10
35.9945
 20
-52.524
 11
36.0347
 21
-52.4915
  0
LINE
  8
0
 10
36.0347
 20
-52.4915
 11
36.0753
 21
-52.459
  0
LINE
  8
0
 10
36.0753
 20
-52.459
 11
36.1581
 21
-52.393
  0
LINE
  8
0
 10
36.1581
 20
-52.393
 11
36.2424
 21
-52.3259
  0
LINE
  8
0
 10
36.2424
 20
-52.3259
 11
36.3285
 21
-52.2577
  0
LINE
  8
0
 10
36.3285
 20
-52.2577
 11
36.3718
 21
-52.2225
  0
LINE
  8
0
 10
36.3718
 20
-52.2225
 11
36.4144
 21
-52.1864
  0
LINE
  8
0
 10
36.4144
 20
-52.1864
 11
36.4557
 21
-52.1496
  0
LINE
  8
0
 10
36.4557
 20
-52.1496
 11
36.496
 21
-52.112
  0
LINE
  8
0
 10
36.496
 20
-52.112
 11
36.5351
 21
-52.0737
  0
LINE
  8
0
 10
36.5351
 20
-52.0737
 11
36.5731
 21
-52.0346
  0
LINE
  8
0
 10
36.5731
 20
-52.0346
 11
36.6101
 21
-51.9947
  0
LINE
  8
0
 10
36.6101
 20
-51.9947
 11
36.6458
 21
-51.9536
  0
LINE
  8
0
 10
36.6458
 20
-51.9536
 11
36.6797
 21
-51.9113
  0
LINE
  8
0
 10
36.6797
 20
-51.9113
 11
36.7118
 21
-51.8678
  0
LINE
  8
0
 10
36.7118
 20
-51.8678
 11
36.742
 21
-51.8233
  0
LINE
  8
0
 10
36.742
 20
-51.8233
 11
36.7703
 21
-51.7776
  0
LINE
  8
0
 10
36.7703
 20
-51.7776
 11
36.7967
 21
-51.7309
  0
LINE
  8
0
 10
36.7967
 20
-51.7309
 11
36.8214
 21
-51.6828
  0
LINE
  8
0
 10
36.8214
 20
-51.6828
 11
36.8437
 21
-51.6327
  0
LINE
  8
0
 10
36.8437
 20
-51.6327
 11
36.8627
 21
-51.5806
  0
LINE
  8
0
 10
36.8627
 20
-51.5806
 11
36.8782
 21
-51.5269
  0
LINE
  8
0
 10
36.8782
 20
-51.5269
 11
36.8902
 21
-51.4717
  0
LINE
  8
0
 10
36.8902
 20
-51.4717
 11
36.8988
 21
-51.4149
  0
LINE
  8
0
 10
36.8988
 20
-51.4149
 11
36.904
 21
-51.3568
  0
LINE
  8
0
 10
36.904
 20
-51.3568
 11
36.9057
 21
-51.2966
  0
LINE
  8
0
 10
36.9057
 20
-51.2966
 11
36.9004
 21
-51.1863
  0
LINE
  8
0
 10
36.9004
 20
-51.1863
 11
36.8844
 21
-51.082
  0
LINE
  8
0
 10
36.8844
 20
-51.082
 11
36.8574
 21
-50.9843
  0
LINE
  8
0
 10
36.8574
 20
-50.9843
 11
36.8194
 21
-50.8934
  0
LINE
  8
0
 10
36.8194
 20
-50.8934
 11
36.7704
 21
-50.8097
  0
LINE
  8
0
 10
36.7704
 20
-50.8097
 11
36.7105
 21
-50.7335
  0
LINE
  8
0
 10
36.7105
 20
-50.7335
 11
36.6399
 21
-50.6649
  0
LINE
  8
0
 10
36.6399
 20
-50.6649
 11
36.5595
 21
-50.6049
  0
LINE
  8
0
 10
36.5595
 20
-50.6049
 11
36.47
 21
-50.5544
  0
LINE
  8
0
 10
36.47
 20
-50.5544
 11
36.3719
 21
-50.5134
  0
LINE
  8
0
 10
36.3719
 20
-50.5134
 11
36.2653
 21
-50.4817
  0
LINE
  8
0
 10
36.2653
 20
-50.4817
 11
36.1504
 21
-50.4593
  0
LINE
  8
0
 10
36.1504
 20
-50.4593
 11
36.0271
 21
-50.4459
  0
LINE
  8
0
 10
36.0271
 20
-50.4459
 11
35.8953
 21
-50.4414
  0
LINE
  8
0
 10
35.8953
 20
-50.4414
 11
35.7727
 21
-50.4458
  0
LINE
  8
0
 10
35.7727
 20
-50.4458
 11
35.6569
 21
-50.4592
  0
LINE
  8
0
 10
35.6569
 20
-50.4592
 11
35.5481
 21
-50.4815
  0
LINE
  8
0
 10
35.5481
 20
-50.4815
 11
35.4463
 21
-50.5129
  0
LINE
  8
0
 10
35.4463
 20
-50.5129
 11
35.3517
 21
-50.5536
  0
LINE
  8
0
 10
35.3517
 20
-50.5536
 11
35.2644
 21
-50.6035
  0
LINE
  8
0
 10
35.2644
 20
-50.6035
 11
35.1847
 21
-50.6627
  0
LINE
  8
0
 10
35.1847
 20
-50.6627
 11
35.1132
 21
-50.7306
  0
LINE
  8
0
 10
35.1132
 20
-50.7306
 11
35.0504
 21
-50.8067
  0
LINE
  8
0
 10
35.0504
 20
-50.8067
 11
34.9965
 21
-50.8908
  0
LINE
  8
0
 10
34.9965
 20
-50.8908
 11
34.9515
 21
-50.9827
  0
LINE
  8
0
 10
34.9515
 20
-50.9827
 11
34.9153
 21
-51.0821
  0
LINE
  8
0
 10
34.9153
 20
-51.0821
 11
34.888
 21
-51.189
  0
LINE
  8
0
 10
34.888
 20
-51.189
 11
34.8605
 21
-51.3561
  0
LINE
  8
0
 10
34.8605
 20
-51.3561
 11
35.5362
 21
-51.3943
  0
LINE
  8
0
 10
35.5362
 20
-51.3943
 11
35.5531
 21
-51.2976
  0
LINE
  8
0
 10
35.5531
 20
-51.2976
 11
35.5646
 21
-51.2508
  0
LINE
  8
0
 10
35.5646
 20
-51.2508
 11
35.5784
 21
-51.2084
  0
LINE
  8
0
 10
35.5784
 20
-51.2084
 11
35.5946
 21
-51.1702
  0
LINE
  8
0
 10
35.5946
 20
-51.1702
 11
35.6128
 21
-51.1364
  0
LINE
  8
0
 10
35.6128
 20
-51.1364
 11
35.6332
 21
-51.1067
  0
LINE
  8
0
 10
35.6332
 20
-51.1067
 11
35.6554
 21
-51.081
  0
LINE
  8
0
 10
35.6554
 20
-51.081
 11
35.6799
 21
-51.0592
  0
LINE
  8
0
 10
35.6799
 20
-51.0592
 11
35.7072
 21
-51.0408
  0
LINE
  8
0
 10
35.7072
 20
-51.0408
 11
35.7381
 21
-51.0255
  0
LINE
  8
0
 10
35.7381
 20
-51.0255
 11
35.7724
 21
-51.0134
  0
LINE
  8
0
 10
35.7724
 20
-51.0134
 11
35.8107
 21
-51.0045
  0
LINE
  8
0
 10
35.8107
 20
-51.0045
 11
35.8531
 21
-50.9991
  0
LINE
  8
0
 10
35.8531
 20
-50.9991
 11
35.8986
 21
-50.9973
  0
LINE
  8
0
 10
35.8986
 20
-50.9973
 11
35.9907
 21
-51.0043
  0
LINE
  8
0
 10
35.9907
 20
-51.0043
 11
36.0649
 21
-51.0244
  0
LINE
  8
0
 10
36.0649
 20
-51.0244
 11
36.1226
 21
-51.0563
  0
LINE
  8
0
 10
36.1226
 20
-51.0563
 11
36.1665
 21
-51.0999
  0
LINE
  8
0
 10
36.1665
 20
-51.0999
 11
36.1985
 21
-51.1573
  0
LINE
  8
0
 10
36.1985
 20
-51.1573
 11
36.2187
 21
-51.2308
  0
LINE
  8
0
 10
36.2187
 20
-51.2308
 11
36.2257
 21
-51.322
  0
LINE
  8
0
 10
36.2257
 20
-51.322
 11
36.2236
 21
-51.3598
  0
LINE
  8
0
 10
36.2236
 20
-51.3598
 11
36.2171
 21
-51.3982
  0
LINE
  8
0
 10
36.2171
 20
-51.3982
 11
36.2061
 21
-51.4376
  0
LINE
  8
0
 10
36.2061
 20
-51.4376
 11
36.1905
 21
-51.4776
  0
LINE
  8
0
 10
36.1905
 20
-51.4776
 11
36.1702
 21
-51.5185
  0
LINE
  8
0
 10
36.1702
 20
-51.5185
 11
36.1451
 21
-51.5601
  0
LINE
  8
0
 10
36.1451
 20
-51.5601
 11
36.115
 21
-51.6024
  0
LINE
  8
0
 10
36.115
 20
-51.6024
 11
36.0785
 21
-51.6474
  0
LINE
  8
0
 10
36.0785
 20
-51.6474
 11
36.0345
 21
-51.6962
  0
LINE
  8
0
 10
36.0345
 20
-51.6962
 11
35.9828
 21
-51.7489
  0
LINE
  8
0
 10
35.9828
 20
-51.7489
 11
35.9236
 21
-51.8054
  0
LINE
  8
0
 10
35.9236
 20
-51.8054
 11
35.8569
 21
-51.8656
  0
LINE
  8
0
 10
35.8569
 20
-51.8656
 11
35.7827
 21
-51.9294
  0
LINE
  8
0
 10
35.7827
 20
-51.9294
 11
35.7008
 21
-51.997
  0
LINE
  8
0
 10
35.7008
 20
-51.997
 11
35.6131
 21
-52.0696
  0
LINE
  8
0
 10
35.6131
 20
-52.0696
 11
35.5293
 21
-52.1416
  0
LINE
  8
0
 10
35.5293
 20
-52.1416
 11
35.4499
 21
-52.213
  0
LINE
  8
0
 10
35.4499
 20
-52.213
 11
35.3748
 21
-52.2835
  0
LINE
  8
0
 10
35.3748
 20
-52.2835
 11
35.304
 21
-52.3533
  0
LINE
  8
0
 10
35.304
 20
-52.3533
 11
35.2375
 21
-52.4224
  0
LINE
  8
0
 10
35.2375
 20
-52.4224
 11
35.1753
 21
-52.4908
  0
LINE
  8
0
 10
35.1753
 20
-52.4908
 11
35.1171
 21
-52.5592
  0
LINE
  8
0
 10
35.1171
 20
-52.5592
 11
35.0627
 21
-52.6284
  0
LINE
  8
0
 10
35.0627
 20
-52.6284
 11
35.0122
 21
-52.6981
  0
LINE
  8
0
 10
35.0122
 20
-52.6981
 11
34.9655
 21
-52.7684
  0
LINE
  8
0
 10
34.9655
 20
-52.7684
 11
34.9227
 21
-52.8394
  0
LINE
  8
0
 10
34.9227
 20
-52.8394
 11
34.8839
 21
-52.911
  0
LINE
  8
0
 10
34.8839
 20
-52.911
 11
34.8445
 21
-52.9925
  0
LINE
  8
0
 10
34.8445
 20
-52.9925
 11
34.8445
 21
-53.4506
  0
LINE
  8
0
 10
34.8445
 20
-53.4506
 11
36.9504
 21
-53.4506
  0
LINE
  8
0
 10
36.9504
 20
-53.4506
 11
36.9504
 21
-52.8807
  0
LINE
  8
0
 10
41.4763
 20
-52.8807
 11
40.1771
 21
-52.8807
  0
LINE
  8
0
 10
40.1771
 20
-52.8807
 11
40.1975
 21
-52.8478
  0
LINE
  8
0
 10
40.1975
 20
-52.8478
 11
40.2207
 21
-52.8147
  0
LINE
  8
0
 10
40.2207
 20
-52.8147
 11
40.2463
 21
-52.782
  0
LINE
  8
0
 10
40.2463
 20
-52.782
 11
40.2746
 21
-52.7496
  0
LINE
  8
0
 10
40.2746
 20
-52.7496
 11
40.3054
 21
-52.7176
  0
LINE
  8
0
 10
40.3054
 20
-52.7176
 11
40.338
 21
-52.6858
  0
LINE
  8
0
 10
40.338
 20
-52.6858
 11
40.3725
 21
-52.6533
  0
LINE
  8
0
 10
40.3725
 20
-52.6533
 11
40.4085
 21
-52.6204
  0
LINE
  8
0
 10
40.4085
 20
-52.6204
 11
40.4444
 21
-52.5885
  0
LINE
  8
0
 10
40.4444
 20
-52.5885
 11
40.4824
 21
-52.5558
  0
LINE
  8
0
 10
40.4824
 20
-52.5558
 11
40.5205
 21
-52.524
  0
LINE
  8
0
 10
40.5205
 20
-52.524
 11
40.5604
 21
-52.4917
  0
LINE
  8
0
 10
40.5604
 20
-52.4917
 11
40.6012
 21
-52.459
  0
LINE
  8
0
 10
40.6012
 20
-52.459
 11
40.684
 21
-52.393
  0
LINE
  8
0
 10
40.684
 20
-52.393
 11
40.7684
 21
-52.3259
  0
LINE
  8
0
 10
40.7684
 20
-52.3259
 11
40.8544
 21
-52.2577
  0
LINE
  8
0
 10
40.8544
 20
-52.2577
 11
40.8978
 21
-52.2225
  0
LINE
  8
0
 10
40.8978
 20
-52.2225
 11
40.9403
 21
-52.1864
  0
LINE
  8
0
 10
40.9403
 20
-52.1864
 11
40.9817
 21
-52.1496
  0
LINE
  8
0
 10
40.9817
 20
-52.1496
 11
41.0219
 21
-52.112
  0
LINE
  8
0
 10
41.0219
 20
-52.112
 11
41.0611
 21
-52.0737
  0
LINE
  8
0
 10
41.0611
 20
-52.0737
 11
41.0991
 21
-52.0346
  0
LINE
  8
0
 10
41.0991
 20
-52.0346
 11
41.136
 21
-51.9947
  0
LINE
  8
0
 10
41.136
 20
-51.9947
 11
41.1717
 21
-51.9536
  0
LINE
  8
0
 10
41.1717
 20
-51.9536
 11
41.2057
 21
-51.9113
  0
LINE
  8
0
 10
41.2057
 20
-51.9113
 11
41.2378
 21
-51.8678
  0
LINE
  8
0
 10
41.2378
 20
-51.8678
 11
41.268
 21
-51.8233
  0
LINE
  8
0
 10
41.268
 20
-51.8233
 11
41.2963
 21
-51.7776
  0
LINE
  8
0
 10
41.2963
 20
-51.7776
 11
41.3227
 21
-51.7309
  0
LINE
  8
0
 10
41.3227
 20
-51.7309
 11
41.3474
 21
-51.6828
  0
LINE
  8
0
 10
41.3474
 20
-51.6828
 11
41.3697
 21
-51.6327
  0
LINE
  8
0
 10
41.3697
 20
-51.6327
 11
41.3887
 21
-51.5806
  0
LINE
  8
0
 10
41.3887
 20
-51.5806
 11
41.4042
 21
-51.5269
  0
LINE
  8
0
 10
41.4042
 20
-51.5269
 11
41.4162
 21
-51.4717
  0
LINE
  8
0
 10
41.4162
 20
-51.4717
 11
41.4248
 21
-51.4149
  0
LINE
  8
0
 10
41.4248
 20
-51.4149
 11
41.4299
 21
-51.3568
  0
LINE
  8
0
 10
41.4299
 20
-51.3568
 11
41.4316
 21
-51.2966
  0
LINE
  8
0
 10
41.4316
 20
-51.2966
 11
41.4263
 21
-51.1863
  0
LINE
  8
0
 10
41.4263
 20
-51.1863
 11
41.4103
 21
-51.082
  0
LINE
  8
0
 10
41.4103
 20
-51.082
 11
41.3834
 21
-50.9843
  0
LINE
  8
0
 10
41.3834
 20
-50.9843
 11
41.3454
 21
-50.8934
  0
LINE
  8
0
 10
41.3454
 20
-50.8934
 11
41.2964
 21
-50.8097
  0
LINE
  8
0
 10
41.2964
 20
-50.8097
 11
41.2365
 21
-50.7335
  0
LINE
  8
0
 10
41.2365
 20
-50.7335
 11
41.1659
 21
-50.6649
  0
LINE
  8
0
 10
41.1659
 20
-50.6649
 11
41.0854
 21
-50.6049
  0
LINE
  8
0
 10
41.0854
 20
-50.6049
 11
40.996
 21
-50.5544
  0
LINE
  8
0
 10
40.996
 20
-50.5544
 11
40.8979
 21
-50.5134
  0
LINE
  8
0
 10
40.8979
 20
-50.5134
 11
40.7913
 21
-50.4817
  0
LINE
  8
0
 10
40.7913
 20
-50.4817
 11
40.6763
 21
-50.4593
  0
LINE
  8
0
 10
40.6763
 20
-50.4593
 11
40.553
 21
-50.4459
  0
LINE
  8
0
 10
40.553
 20
-50.4459
 11
40.4213
 21
-50.4414
  0
LINE
  8
0
 10
40.4213
 20
-50.4414
 11
40.2986
 21
-50.4458
  0
LINE
  8
0
 10
40.2986
 20
-50.4458
 11
40.1829
 21
-50.4592
  0
LINE
  8
0
 10
40.1829
 20
-50.4592
 11
40.0741
 21
-50.4815
  0
LINE
  8
0
 10
40.0741
 20
-50.4815
 11
39.9723
 21
-50.5129
  0
LINE
  8
0
 10
39.9723
 20
-50.5129
 11
39.8776
 21
-50.5536
  0
LINE
  8
0
 10
39.8776
 20
-50.5536
 11
39.7904
 21
-50.6035
  0
LINE
  8
0
 10
39.7904
 20
-50.6035
 11
39.7107
 21
-50.6627
  0
LINE
  8
0
 10
39.7107
 20
-50.6627
 11
39.6391
 21
-50.7306
  0
LINE
  8
0
 10
39.6391
 20
-50.7306
 11
39.5764
 21
-50.8067
  0
LINE
  8
0
 10
39.5764
 20
-50.8067
 11
39.5224
 21
-50.8908
  0
LINE
  8
0
 10
39.5224
 20
-50.8908
 11
39.4774
 21
-50.9827
  0
LINE
  8
0
 10
39.4774
 20
-50.9827
 11
39.4413
 21
-51.0821
  0
LINE
  8
0
 10
39.4413
 20
-51.0821
 11
39.4139
 21
-51.189
  0
LINE
  8
0
 10
39.4139
 20
-51.189
 11
39.3865
 21
-51.3561
  0
LINE
  8
0
 10
39.3865
 20
-51.3561
 11
40.0622
 21
-51.3943
  0
LINE
  8
0
 10
40.0622
 20
-51.3943
 11
40.0791
 21
-51.2977
  0
LINE
  8
0
 10
40.0791
 20
-51.2977
 11
40.0905
 21
-51.2508
  0
LINE
  8
0
 10
40.0905
 20
-51.2508
 11
40.1044
 21
-51.2084
  0
LINE
  8
0
 10
40.1044
 20
-51.2084
 11
40.1205
 21
-51.1702
  0
LINE
  8
0
 10
40.1205
 20
-51.1702
 11
40.1388
 21
-51.1364
  0
LINE
  8
0
 10
40.1388
 20
-51.1364
 11
40.1591
 21
-51.1067
  0
LINE
  8
0
 10
40.1591
 20
-51.1067
 11
40.1814
 21
-51.081
  0
LINE
  8
0
 10
40.1814
 20
-51.081
 11
40.2059
 21
-51.0592
  0
LINE
  8
0
 10
40.2059
 20
-51.0592
 11
40.2331
 21
-51.0408
  0
LINE
  8
0
 10
40.2331
 20
-51.0408
 11
40.264
 21
-51.0255
  0
LINE
  8
0
 10
40.264
 20
-51.0255
 11
40.2984
 21
-51.0134
  0
LINE
  8
0
 10
40.2984
 20
-51.0134
 11
40.3367
 21
-51.0045
  0
LINE
  8
0
 10
40.3367
 20
-51.0045
 11
40.3791
 21
-50.9991
  0
LINE
  8
0
 10
40.3791
 20
-50.9991
 11
40.4245
 21
-50.9973
  0
LINE
  8
0
 10
40.4245
 20
-50.9973
 11
40.5167
 21
-51.0043
  0
LINE
  8
0
 10
40.5167
 20
-51.0043
 11
40.5909
 21
-51.0244
  0
LINE
  8
0
 10
40.5909
 20
-51.0244
 11
40.6486
 21
-51.0563
  0
LINE
  8
0
 10
40.6486
 20
-51.0563
 11
40.6924
 21
-51.0999
  0
LINE
  8
0
 10
40.6924
 20
-51.0999
 11
40.7244
 21
-51.1573
  0
LINE
  8
0
 10
40.7244
 20
-51.1573
 11
40.7446
 21
-51.2308
  0
LINE
  8
0
 10
40.7446
 20
-51.2308
 11
40.7517
 21
-51.322
  0
LINE
  8
0
 10
40.7517
 20
-51.322
 11
40.7495
 21
-51.3598
  0
LINE
  8
0
 10
40.7495
 20
-51.3598
 11
40.743
 21
-51.3982
  0
LINE
  8
0
 10
40.743
 20
-51.3982
 11
40.732
 21
-51.4376
  0
LINE
  8
0
 10
40.732
 20
-51.4376
 11
40.7165
 21
-51.4776
  0
LINE
  8
0
 10
40.7165
 20
-51.4776
 11
40.6962
 21
-51.5185
  0
LINE
  8
0
 10
40.6962
 20
-51.5185
 11
40.671
 21
-51.5601
  0
LINE
  8
0
 10
40.671
 20
-51.5601
 11
40.641
 21
-51.6024
  0
LINE
  8
0
 10
40.641
 20
-51.6024
 11
40.6044
 21
-51.6474
  0
LINE
  8
0
 10
40.6044
 20
-51.6474
 11
40.5604
 21
-51.6962
  0
LINE
  8
0
 10
40.5604
 20
-51.6962
 11
40.5088
 21
-51.7489
  0
LINE
  8
0
 10
40.5088
 20
-51.7489
 11
40.4496
 21
-51.8054
  0
LINE
  8
0
 10
40.4496
 20
-51.8054
 11
40.3829
 21
-51.8656
  0
LINE
  8
0
 10
40.3829
 20
-51.8656
 11
40.3086
 21
-51.9294
  0
LINE
  8
0
 10
40.3086
 20
-51.9294
 11
40.2267
 21
-51.997
  0
LINE
  8
0
 10
40.2267
 20
-51.997
 11
40.139
 21
-52.0696
  0
LINE
  8
0
 10
40.139
 20
-52.0696
 11
40.0553
 21
-52.1416
  0
LINE
  8
0
 10
40.0553
 20
-52.1416
 11
39.9758
 21
-52.213
  0
LINE
  8
0
 10
39.9758
 20
-52.213
 11
39.9008
 21
-52.2835
  0
LINE
  8
0
 10
39.9008
 20
-52.2835
 11
39.83
 21
-52.3533
  0
LINE
  8
0
 10
39.83
 20
-52.3533
 11
39.7635
 21
-52.4224
  0
LINE
  8
0
 10
39.7635
 20
-52.4224
 11
39.7013
 21
-52.4908
  0
LINE
  8
0
 10
39.7013
 20
-52.4908
 11
39.6431
 21
-52.5592
  0
LINE
  8
0
 10
39.6431
 20
-52.5592
 11
39.5887
 21
-52.6284
  0
LINE
  8
0
 10
39.5887
 20
-52.6284
 11
39.5381
 21
-52.6981
  0
LINE
  8
0
 10
39.5381
 20
-52.6981
 11
39.4915
 21
-52.7684
  0
LINE
  8
0
 10
39.4915
 20
-52.7684
 11
39.4487
 21
-52.8394
  0
LINE
  8
0
 10
39.4487
 20
-52.8394
 11
39.4098
 21
-52.911
  0
LINE
  8
0
 10
39.4098
 20
-52.911
 11
39.3705
 21
-52.9925
  0
LINE
  8
0
 10
39.3705
 20
-52.9925
 11
39.3705
 21
-53.4506
  0
LINE
  8
0
 10
39.3705
 20
-53.4506
 11
41.4763
 21
-53.4506
  0
LINE
  8
0
 10
41.4763
 20
-53.4506
 11
41.4763
 21
-52.8807
  0
LINE
  8
0
 10
27.6124
 20
-50.4842
 11
26.9122
 21
-50.4842
  0
LINE
  8
0
 10
26.9122
 20
-50.4842
 11
26.9122
 21
-53.4506
  0
LINE
  8
0
 10
26.9122
 20
-53.4506
 11
27.6124
 21
-53.4506
  0
LINE
  8
0
 10
27.6124
 20
-53.4506
 11
27.6124
 21
-50.4842
  0
LINE
  8
0
 10
31.9079
 20
-52.4416
 11
32.5706
 21
-52.4416
  0
LINE
  8
0
 10
32.5706
 20
-52.4416
 11
32.6633
 21
-52.4391
  0
LINE
  8
0
 10
32.6633
 20
-52.4391
 11
32.7533
 21
-52.4315
  0
LINE
  8
0
 10
32.7533
 20
-52.4315
 11
32.8398
 21
-52.4189
  0
LINE
  8
0
 10
32.8398
 20
-52.4189
 11
32.9228
 21
-52.4012
  0
LINE
  8
0
 10
32.9228
 20
-52.4012
 11
33.0024
 21
-52.3784
  0
LINE
  8
0
 10
33.0024
 20
-52.3784
 11
33.0785
 21
-52.3504
  0
LINE
  8
0
 10
33.0785
 20
-52.3504
 11
33.151
 21
-52.3172
  0
LINE
  8
0
 10
33.151
 20
-52.3172
 11
33.2193
 21
-52.2793
  0
LINE
  8
0
 10
33.2193
 20
-52.2793
 11
33.2831
 21
-52.2371
  0
LINE
  8
0
 10
33.2831
 20
-52.2371
 11
33.3423
 21
-52.1904
  0
LINE
  8
0
 10
33.3423
 20
-52.1904
 11
33.397
 21
-52.1394
  0
LINE
  8
0
 10
33.397
 20
-52.1394
 11
33.447
 21
-52.0842
  0
LINE
  8
0
 10
33.447
 20
-52.0842
 11
33.4923
 21
-52.0247
  0
LINE
  8
0
 10
33.4923
 20
-52.0247
 11
33.5327
 21
-51.961
  0
LINE
  8
0
 10
33.5327
 20
-51.961
 11
33.5681
 21
-51.8941
  0
LINE
  8
0
 10
33.5681
 20
-51.8941
 11
33.598
 21
-51.8246
  0
LINE
  8
0
 10
33.598
 20
-51.8246
 11
33.6224
 21
-51.7527
  0
LINE
  8
0
 10
33.6224
 20
-51.7527
 11
33.6414
 21
-51.6784
  0
LINE
  8
0
 10
33.6414
 20
-51.6784
 11
33.6549
 21
-51.6017
  0
LINE
  8
0
 10
33.6549
 20
-51.6017
 11
33.6629
 21
-51.5228
  0
LINE
  8
0
 10
33.6629
 20
-51.5228
 11
33.6656
 21
-51.4412
  0
LINE
  8
0
 10
33.6656
 20
-51.4412
 11
33.6598
 21
-51.3168
  0
LINE
  8
0
 10
33.6598
 20
-51.3168
 11
33.6419
 21
-51.1996
  0
LINE
  8
0
 10
33.6419
 20
-51.1996
 11
33.612
 21
-51.09
  0
LINE
  8
0
 10
33.612
 20
-51.09
 11
33.5698
 21
-50.9882
  0
LINE
  8
0
 10
33.5698
 20
-50.9882
 11
33.5154
 21
-50.8946
  0
LINE
  8
0
 10
33.5154
 20
-50.8946
 11
33.4489
 21
-50.8094
  0
LINE
  8
0
 10
33.4489
 20
-50.8094
 11
33.3704
 21
-50.7331
  0
LINE
  8
0
 10
33.3704
 20
-50.7331
 11
33.2811
 21
-50.6664
  0
LINE
  8
0
 10
33.2811
 20
-50.6664
 11
33.182
 21
-50.6102
  0
LINE
  8
0
 10
33.182
 20
-50.6102
 11
33.0733
 21
-50.5645
  0
LINE
  8
0
 10
33.0733
 20
-50.5645
 11
32.9552
 21
-50.5291
  0
LINE
  8
0
 10
32.9552
 20
-50.5291
 11
32.8279
 21
-50.5041
  0
LINE
  8
0
 10
32.8279
 20
-50.5041
 11
32.6913
 21
-50.4891
  0
LINE
  8
0
 10
32.6913
 20
-50.4891
 11
32.5464
 21
-50.4842
  0
LINE
  8
0
 10
32.5464
 20
-50.4842
 11
31.2078
 21
-50.4842
  0
LINE
  8
0
 10
31.2078
 20
-50.4842
 11
31.2078
 21
-53.4506
  0
LINE
  8
0
 10
31.2078
 20
-53.4506
 11
31.9079
 21
-53.4506
  0
LINE
  8
0
 10
31.9079
 20
-53.4506
 11
31.9079
 21
-52.4416
  0
LINE
  8
0
 10
31.9079
 20
-51.8798
 11
31.9079
 21
-51.0501
  0
LINE
  8
0
 10
31.9079
 20
-51.0501
 11
32.4768
 21
-51.0501
  0
LINE
  8
0
 10
32.4768
 20
-51.0501
 11
32.6125
 21
-51.0589
  0
LINE
  8
0
 10
32.6125
 20
-51.0589
 11
32.723
 21
-51.0844
  0
LINE
  8
0
 10
32.723
 20
-51.0844
 11
32.8101
 21
-51.1255
  0
LINE
  8
0
 10
32.8101
 20
-51.1255
 11
32.8757
 21
-51.181
  0
LINE
  8
0
 10
32.8757
 20
-51.181
 11
32.9224
 21
-51.2522
  0
LINE
  8
0
 10
32.9224
 20
-51.2522
 11
32.9512
 21
-51.3419
  0
LINE
  8
0
 10
32.9512
 20
-51.3419
 11
32.9613
 21
-51.4528
  0
LINE
  8
0
 10
32.9613
 20
-51.4528
 11
32.9588
 21
-51.5113
  0
LINE
  8
0
 10
32.9588
 20
-51.5113
 11
32.9513
 21
-51.5659
  0
LINE
  8
0
 10
32.9513
 20
-51.5659
 11
32.9389
 21
-51.6156
  0
LINE
  8
0
 10
32.9389
 20
-51.6156
 11
32.9219
 21
-51.6605
  0
LINE
  8
0
 10
32.9219
 20
-51.6605
 11
32.9003
 21
-51.701
  0
LINE
  8
0
 10
32.9003
 20
-51.701
 11
32.8742
 21
-51.7373
  0
LINE
  8
0
 10
32.8742
 20
-51.7373
 11
32.8432
 21
-51.7698
  0
LINE
  8
0
 10
32.8432
 20
-51.7698
 11
32.8076
 21
-51.7983
  0
LINE
  8
0
 10
32.8076
 20
-51.7983
 11
32.7677
 21
-51.8227
  0
LINE
  8
0
 10
32.7677
 20
-51.8227
 11
32.723
 21
-51.8429
  0
LINE
  8
0
 10
32.723
 20
-51.8429
 11
32.6737
 21
-51.8588
  0
LINE
  8
0
 10
32.6737
 20
-51.8588
 11
32.619
 21
-51.8704
  0
LINE
  8
0
 10
32.619
 20
-51.8704
 11
32.5595
 21
-51.8774
  0
LINE
  8
0
 10
32.5595
 20
-51.8774
 11
32.4937
 21
-51.8798
  0
LINE
  8
0
 10
32.4937
 20
-51.8798
 11
31.9079
 21
-51.8798
  0
LINE
  8
0
 10
25.8206
 20
-51.048
 11
26.7483
 21
-51.048
  0
LINE
  8
0
 10
26.7483
 20
-51.048
 11
26.7483
 21
-50.4842
  0
LINE
  8
0
 10
26.7483
 20
-50.4842
 11
24.1948
 21
-50.4842
  0
LINE
  8
0
 10
24.1948
 20
-50.4842
 11
24.1948
 21
-51.048
  0
LINE
  8
0
 10
24.1948
 20
-51.048
 11
25.1205
 21
-51.048
  0
LINE
  8
0
 10
25.1205
 20
-51.048
 11
25.1205
 21
-53.4506
  0
LINE
  8
0
 10
25.1205
 20
-53.4506
 11
25.8206
 21
-53.4506
  0
LINE
  8
0
 10
25.8206
 20
-53.4506
 11
25.8206
 21
-51.048
  0
LINE
  8
0
 10
15.6352
 20
-60.7797
 11
15.5763
 21
-60.6826
  0
LINE
  8
0
 10
15.5763
 20
-60.6826
 11
15.523
 21
-60.5866
  0
LINE
  8
0
 10
15.523
 20
-60.5866
 11
15.4748
 21
-60.4906
  0
LINE
  8
0
 10
15.4748
 20
-60.4906
 11
15.4321
 21
-60.3959
  0
LINE
  8
0
 10
15.4321
 20
-60.3959
 11
15.3946
 21
-60.3013
  0
LINE
  8
0
 10
15.3946
 20
-60.3013
 11
15.3625
 21
-60.2079
  0
LINE
  8
0
 10
15.3625
 20
-60.2079
 11
15.335
 21
-60.1129
  0
LINE
  8
0
 10
15.335
 20
-60.1129
 11
15.3118
 21
-60.0153
  0
LINE
  8
0
 10
15.3118
 20
-60.0153
 11
15.2928
 21
-59.9143
  0
LINE
  8
0
 10
15.2928
 20
-59.9143
 11
15.278
 21
-59.8105
  0
LINE
  8
0
 10
15.278
 20
-59.8105
 11
15.2673
 21
-59.7034
  0
LINE
  8
0
 10
15.2673
 20
-59.7034
 11
15.261
 21
-59.5937
  0
LINE
  8
0
 10
15.261
 20
-59.5937
 11
15.2589
 21
-59.4807
  0
LINE
  8
0
 10
15.2589
 20
-59.4807
 11
15.261
 21
-59.3673
  0
LINE
  8
0
 10
15.261
 20
-59.3673
 11
15.2674
 21
-59.2571
  0
LINE
  8
0
 10
15.2674
 20
-59.2571
 11
15.2781
 21
-59.1495
  0
LINE
  8
0
 10
15.2781
 20
-59.1495
 11
15.293
 21
-59.0451
  0
LINE
  8
0
 10
15.293
 20
-59.0451
 11
15.3122
 21
-58.9437
  0
LINE
  8
0
 10
15.3122
 20
-58.9437
 11
15.3356
 21
-58.8454
  0
LINE
  8
0
 10
15.3356
 20
-58.8454
 11
15.3633
 21
-58.7497
  0
LINE
  8
0
 10
15.3633
 20
-58.7497
 11
15.3955
 21
-58.6557
  0
LINE
  8
0
 10
15.3955
 20
-58.6557
 11
15.4331
 21
-58.5613
  0
LINE
  8
0
 10
15.4331
 20
-58.5613
 11
15.4757
 21
-58.467
  0
LINE
  8
0
 10
15.4757
 20
-58.467
 11
15.5238
 21
-58.3719
  0
LINE
  8
0
 10
15.5238
 20
-58.3719
 11
15.577
 21
-58.2767
  0
LINE
  8
0
 10
15.577
 20
-58.2767
 11
15.6353
 21
-58.1815
  0
LINE
  8
0
 10
15.6353
 20
-58.1815
 11
15.7514
 21
-58.0074
  0
LINE
  8
0
 10
15.7514
 20
-58.0074
 11
15.212
 21
-58.0074
  0
LINE
  8
0
 10
15.212
 20
-58.0074
 11
15.1324
 21
-58.1263
  0
LINE
  8
0
 10
15.1324
 20
-58.1263
 11
15.0723
 21
-58.2239
  0
LINE
  8
0
 10
15.0723
 20
-58.2239
 11
15.0177
 21
-58.3215
  0
LINE
  8
0
 10
15.0177
 20
-58.3215
 11
14.9683
 21
-58.4193
  0
LINE
  8
0
 10
14.9683
 20
-58.4193
 11
14.9243
 21
-58.5172
  0
LINE
  8
0
 10
14.9243
 20
-58.5172
 11
14.8856
 21
-58.6151
  0
LINE
  8
0
 10
14.8856
 20
-58.6151
 11
14.8523
 21
-58.7132
  0
LINE
  8
0
 10
14.8523
 20
-58.7132
 11
14.8239
 21
-58.8129
  0
LINE
  8
0
 10
14.8239
 20
-58.8129
 11
14.7999
 21
-58.9159
  0
LINE
  8
0
 10
14.7999
 20
-58.9159
 11
14.7803
 21
-59.0221
  0
LINE
  8
0
 10
14.7803
 20
-59.0221
 11
14.7651
 21
-59.1315
  0
LINE
  8
0
 10
14.7651
 20
-59.1315
 11
14.7543
 21
-59.2442
  0
LINE
  8
0
 10
14.7543
 20
-59.2442
 11
14.7478
 21
-59.3601
  0
LINE
  8
0
 10
14.7478
 20
-59.3601
 11
14.7456
 21
-59.4792
  0
LINE
  8
0
 10
14.7456
 20
-59.4792
 11
14.7478
 21
-59.5987
  0
LINE
  8
0
 10
14.7478
 20
-59.5987
 11
14.7543
 21
-59.715
  0
LINE
  8
0
 10
14.7543
 20
-59.715
 11
14.7651
 21
-59.828
  0
LINE
  8
0
 10
14.7651
 20
-59.828
 11
14.7803
 21
-59.9378
  0
LINE
  8
0
 10
14.7803
 20
-59.9378
 11
14.7999
 21
-60.0443
  0
LINE
  8
0
 10
14.7999
 20
-60.0443
 11
14.8239
 21
-60.1475
  0
LINE
  8
0
 10
14.8239
 20
-60.1475
 11
14.8523
 21
-60.2474
  0
LINE
  8
0
 10
14.8523
 20
-60.2474
 11
14.8856
 21
-60.3457
  0
LINE
  8
0
 10
14.8856
 20
-60.3457
 11
14.9242
 21
-60.4439
  0
LINE
  8
0
 10
14.9242
 20
-60.4439
 11
14.9682
 21
-60.5421
  0
LINE
  8
0
 10
14.9682
 20
-60.5421
 11
15.0176
 21
-60.6401
  0
LINE
  8
0
 10
15.0176
 20
-60.6401
 11
15.0723
 21
-60.7381
  0
LINE
  8
0
 10
15.0723
 20
-60.7381
 11
15.1323
 21
-60.8361
  0
LINE
  8
0
 10
15.1323
 20
-60.8361
 11
15.212
 21
-60.9554
  0
LINE
  8
0
 10
15.212
 20
-60.9554
 11
15.7506
 21
-60.9554
  0
LINE
  8
0
 10
15.7506
 20
-60.9554
 11
15.6352
 21
-60.7797
  0
LINE
  8
0
 10
20.642
 20
-60.8352
 11
20.7023
 21
-60.7366
  0
LINE
  8
0
 10
20.7023
 20
-60.7366
 11
20.7572
 21
-60.6381
  0
LINE
  8
0
 10
20.7572
 20
-60.6381
 11
20.8067
 21
-60.5396
  0
LINE
  8
0
 10
20.8067
 20
-60.5396
 11
20.8508
 21
-60.4411
  0
LINE
  8
0
 10
20.8508
 20
-60.4411
 11
20.8893
 21
-60.3427
  0
LINE
  8
0
 10
20.8893
 20
-60.3427
 11
20.9224
 21
-60.2444
  0
LINE
  8
0
 10
20.9224
 20
-60.2444
 11
20.9506
 21
-60.1445
  0
LINE
  8
0
 10
20.9506
 20
-60.1445
 11
20.9744
 21
-60.0415
  0
LINE
  8
0
 10
20.9744
 20
-60.0415
 11
20.9939
 21
-59.9353
  0
LINE
  8
0
 10
20.9939
 20
-59.9353
 11
21.009
 21
-59.826
  0
LINE
  8
0
 10
21.009
 20
-59.826
 11
21.0197
 21
-59.7135
  0
LINE
  8
0
 10
21.0197
 20
-59.7135
 11
21.0262
 21
-59.5979
  0
LINE
  8
0
 10
21.0262
 20
-59.5979
 11
21.0283
 21
-59.4792
  0
LINE
  8
0
 10
21.0283
 20
-59.4792
 11
21.0262
 21
-59.3613
  0
LINE
  8
0
 10
21.0262
 20
-59.3613
 11
21.0197
 21
-59.2463
  0
LINE
  8
0
 10
21.0197
 20
-59.2463
 11
21.009
 21
-59.1344
  0
LINE
  8
0
 10
21.009
 20
-59.1344
 11
20.9939
 21
-59.0255
  0
LINE
  8
0
 10
20.9939
 20
-59.0255
 11
20.9744
 21
-58.9196
  0
LINE
  8
0
 10
20.9744
 20
-58.9196
 11
20.9506
 21
-58.8168
  0
LINE
  8
0
 10
20.9506
 20
-58.8168
 11
20.9224
 21
-58.717
  0
LINE
  8
0
 10
20.9224
 20
-58.717
 11
20.8893
 21
-58.6187
  0
LINE
  8
0
 10
20.8893
 20
-58.6187
 11
20.8507
 21
-58.5204
  0
LINE
  8
0
 10
20.8507
 20
-58.5204
 11
20.8067
 21
-58.422
  0
LINE
  8
0
 10
20.8067
 20
-58.422
 11
20.7572
 21
-58.3237
  0
LINE
  8
0
 10
20.7572
 20
-58.3237
 11
20.7023
 21
-58.2254
  0
LINE
  8
0
 10
20.7023
 20
-58.2254
 11
20.642
 21
-58.1272
  0
LINE
  8
0
 10
20.642
 20
-58.1272
 11
20.562
 21
-58.0074
  0
LINE
  8
0
 10
20.562
 20
-58.0074
 11
20.0225
 21
-58.0074
  0
LINE
  8
0
 10
20.0225
 20
-58.0074
 11
20.0972
 21
-58.1193
  0
LINE
  8
0
 10
20.0972
 20
-58.1193
 11
18.2747
 21
-58.1193
  0
LINE
  8
0
 10
18.2747
 20
-58.1193
 11
18.2747
 21
-58.5595
  0
LINE
  8
0
 10
18.2747
 20
-58.5595
 11
18.9534
 21
-58.5595
  0
LINE
  8
0
 10
18.9534
 20
-58.5595
 11
18.9534
 21
-60.3214
  0
LINE
  8
0
 10
18.9534
 20
-60.3214
 11
19.4936
 21
-60.3214
  0
LINE
  8
0
 10
19.4936
 20
-60.3214
 11
19.4936
 21
-58.5595
  0
LINE
  8
0
 10
19.4936
 20
-58.5595
 11
20.1739
 21
-58.5595
  0
LINE
  8
0
 10
20.1739
 20
-58.5595
 11
20.1739
 21
-58.2388
  0
LINE
  8
0
 10
20.1739
 20
-58.2388
 11
20.1964
 21
-58.2755
  0
LINE
  8
0
 10
20.1964
 20
-58.2755
 11
20.2493
 21
-58.3699
  0
LINE
  8
0
 10
20.2493
 20
-58.3699
 11
20.2972
 21
-58.4647
  0
LINE
  8
0
 10
20.2972
 20
-58.4647
 11
20.34
 21
-58.5592
  0
LINE
  8
0
 10
20.34
 20
-58.5592
 11
20.3775
 21
-58.6534
  0
LINE
  8
0
 10
20.3775
 20
-58.6534
 11
20.41
 21
-58.7477
  0
LINE
  8
0
 10
20.41
 20
-58.7477
 11
20.4378
 21
-58.8433
  0
LINE
  8
0
 10
20.4378
 20
-58.8433
 11
20.4614
 21
-58.942
  0
LINE
  8
0
 10
20.4614
 20
-58.942
 11
20.4806
 21
-59.0434
  0
LINE
  8
0
 10
20.4806
 20
-59.0434
 11
20.4957
 21
-59.1483
  0
LINE
  8
0
 10
20.4957
 20
-59.1483
 11
20.5065
 21
-59.2563
  0
LINE
  8
0
 10
20.5065
 20
-59.2563
 11
20.5129
 21
-59.3669
  0
LINE
  8
0
 10
20.5129
 20
-59.3669
 11
20.5151
 21
-59.4807
  0
LINE
  8
0
 10
20.5151
 20
-59.4807
 11
20.513
 21
-59.5941
  0
LINE
  8
0
 10
20.513
 20
-59.5941
 11
20.5067
 21
-59.7041
  0
LINE
  8
0
 10
20.5067
 20
-59.7041
 11
20.4961
 21
-59.8115
  0
LINE
  8
0
 10
20.4961
 20
-59.8115
 11
20.4814
 21
-59.9149
  0
LINE
  8
0
 10
20.4814
 20
-59.9149
 11
20.4625
 21
-60.0159
  0
LINE
  8
0
 10
20.4625
 20
-60.0159
 11
20.4395
 21
-60.1133
  0
LINE
  8
0
 10
20.4395
 20
-60.1133
 11
20.4122
 21
-60.208
  0
LINE
  8
0
 10
20.4122
 20
-60.208
 11
20.3802
 21
-60.3012
  0
LINE
  8
0
 10
20.3802
 20
-60.3012
 11
20.3429
 21
-60.3952
  0
LINE
  8
0
 10
20.3429
 20
-60.3952
 11
20.3001
 21
-60.49
  0
LINE
  8
0
 10
20.3001
 20
-60.49
 11
20.2519
 21
-60.5856
  0
LINE
  8
0
 10
20.2519
 20
-60.5856
 11
20.1983
 21
-60.6821
  0
LINE
  8
0
 10
20.1983
 20
-60.6821
 11
20.1393
 21
-60.7792
  0
LINE
  8
0
 10
20.1393
 20
-60.7792
 11
20.0233
 21
-60.9554
  0
LINE
  8
0
 10
20.0233
 20
-60.9554
 11
20.562
 21
-60.9554
  0
LINE
  8
0
 10
20.562
 20
-60.9554
 11
20.642
 21
-60.8352
  0
LINE
  8
0
 10
13.1044
 20
-60.3454
 11
13.204
 21
-60.3274
  0
LINE
  8
0
 10
13.204
 20
-60.3274
 11
13.2966
 21
-60.2971
  0
LINE
  8
0
 10
13.2966
 20
-60.2971
 11
13.3817
 21
-60.2545
  0
LINE
  8
0
 10
13.3817
 20
-60.2545
 11
13.4588
 21
-60.1997
  0
LINE
  8
0
 10
13.4588
 20
-60.1997
 11
13.5276
 21
-60.1329
  0
LINE
  8
0
 10
13.5276
 20
-60.1329
 11
13.5877
 21
-60.0546
  0
LINE
  8
0
 10
13.5877
 20
-60.0546
 11
13.6393
 21
-59.9656
  0
LINE
  8
0
 10
13.6393
 20
-59.9656
 11
13.6824
 21
-59.8664
  0
LINE
  8
0
 10
13.6824
 20
-59.8664
 11
13.7174
 21
-59.7572
  0
LINE
  8
0
 10
13.7174
 20
-59.7572
 11
13.7444
 21
-59.6379
  0
LINE
  8
0
 10
13.7444
 20
-59.6379
 11
13.7636
 21
-59.5086
  0
LINE
  8
0
 10
13.7636
 20
-59.5086
 11
13.775
 21
-59.3692
  0
LINE
  8
0
 10
13.775
 20
-59.3692
 11
13.7788
 21
-59.2197
  0
LINE
  8
0
 10
13.7788
 20
-59.2197
 11
13.7753
 21
-59.0679
  0
LINE
  8
0
 10
13.7753
 20
-59.0679
 11
13.7644
 21
-58.927
  0
LINE
  8
0
 10
13.7644
 20
-58.927
 11
13.7463
 21
-58.7966
  0
LINE
  8
0
 10
13.7463
 20
-58.7966
 11
13.7208
 21
-58.6769
  0
LINE
  8
0
 10
13.7208
 20
-58.6769
 11
13.6877
 21
-58.5676
  0
LINE
  8
0
 10
13.6877
 20
-58.5676
 11
13.6468
 21
-58.4689
  0
LINE
  8
0
 10
13.6468
 20
-58.4689
 11
13.5978
 21
-58.3808
  0
LINE
  8
0
 10
13.5978
 20
-58.3808
 11
13.54
 21
-58.3034
  0
LINE
  8
0
 10
13.54
 20
-58.3034
 11
13.4728
 21
-58.2373
  0
LINE
  8
0
 10
13.4728
 20
-58.2373
 11
13.3964
 21
-58.1831
  0
LINE
  8
0
 10
13.3964
 20
-58.1831
 11
13.3115
 21
-58.1411
  0
LINE
  8
0
 10
13.3115
 20
-58.1411
 11
13.2186
 21
-58.1114
  0
LINE
  8
0
 10
13.2186
 20
-58.1114
 11
13.1179
 21
-58.0937
  0
LINE
  8
0
 10
13.1179
 20
-58.0937
 11
13.0103
 21
-58.088
  0
LINE
  8
0
 10
13.0103
 20
-58.088
 11
12.9343
 21
-58.0904
  0
LINE
  8
0
 10
12.9343
 20
-58.0904
 11
12.8627
 21
-58.0977
  0
LINE
  8
0
 10
12.8627
 20
-58.0977
 11
12.7948
 21
-58.11
  0
LINE
  8
0
 10
12.7948
 20
-58.11
 11
12.7309
 21
-58.1274
  0
LINE
  8
0
 10
12.7309
 20
-58.1274
 11
12.6707
 21
-58.1499
  0
LINE
  8
0
 10
12.6707
 20
-58.1499
 11
12.6147
 21
-58.1777
  0
LINE
  8
0
 10
12.6147
 20
-58.1777
 11
12.5629
 21
-58.2107
  0
LINE
  8
0
 10
12.5629
 20
-58.2107
 11
12.5151
 21
-58.249
  0
LINE
  8
0
 10
12.5151
 20
-58.249
 11
12.4711
 21
-58.2927
  0
LINE
  8
0
 10
12.4711
 20
-58.2927
 11
12.4308
 21
-58.3417
  0
LINE
  8
0
 10
12.4308
 20
-58.3417
 11
12.3944
 21
-58.3958
  0
LINE
  8
0
 10
12.3944
 20
-58.3958
 11
12.3617
 21
-58.4548
  0
LINE
  8
0
 10
12.3617
 20
-58.4548
 11
12.3327
 21
-58.5188
  0
LINE
  8
0
 10
12.3327
 20
-58.5188
 11
12.3073
 21
-58.5877
  0
LINE
  8
0
 10
12.3073
 20
-58.5877
 11
12.2855
 21
-58.6618
  0
LINE
  8
0
 10
12.2855
 20
-58.6618
 11
12.2671
 21
-58.7412
  0
LINE
  8
0
 10
12.2671
 20
-58.7412
 11
12.2521
 21
-58.826
  0
LINE
  8
0
 10
12.2521
 20
-58.826
 11
12.2405
 21
-58.9162
  0
LINE
  8
0
 10
12.2405
 20
-58.9162
 11
12.2323
 21
-59.0119
  0
LINE
  8
0
 10
12.2323
 20
-59.0119
 11
12.2274
 21
-59.113
  0
LINE
  8
0
 10
12.2274
 20
-59.113
 11
12.2257
 21
-59.2205
  0
LINE
  8
0
 10
12.2257
 20
-59.2205
 11
12.2407
 21
-59.5123
  0
LINE
  8
0
 10
12.2407
 20
-59.5123
 11
12.2863
 21
-59.7626
  0
LINE
  8
0
 10
12.2863
 20
-59.7626
 11
12.3635
 21
-59.9709
  0
LINE
  8
0
 10
12.3635
 20
-59.9709
 11
12.474
 21
-60.1363
  0
LINE
  8
0
 10
12.474
 20
-60.1363
 11
12.6181
 21
-60.2563
  0
LINE
  8
0
 10
12.6181
 20
-60.2563
 11
12.7937
 21
-60.328
  0
LINE
  8
0
 10
12.7937
 20
-60.328
 11
12.9963
 21
-60.3513
  0
LINE
  8
0
 10
12.9963
 20
-60.3513
 11
13.1044
 21
-60.3454
  0
LINE
  8
0
 10
12.9719
 20
-59.9202
 11
12.9459
 21
-59.9166
  0
LINE
  8
0
 10
12.9459
 20
-59.9166
 11
12.9227
 21
-59.9108
  0
LINE
  8
0
 10
12.9227
 20
-59.9108
 11
12.9023
 21
-59.9031
  0
LINE
  8
0
 10
12.9023
 20
-59.9031
 11
12.8841
 21
-59.8932
  0
LINE
  8
0
 10
12.8841
 20
-59.8932
 11
12.8681
 21
-59.8817
  0
LINE
  8
0
 10
12.8681
 20
-59.8817
 11
12.8536
 21
-59.8677
  0
LINE
  8
0
 10
12.8536
 20
-59.8677
 11
12.84
 21
-59.8506
  0
LINE
  8
0
 10
12.84
 20
-59.8506
 11
12.8268
 21
-59.8294
  0
LINE
  8
0
 10
12.8268
 20
-59.8294
 11
12.8142
 21
-59.8041
  0
LINE
  8
0
 10
12.8142
 20
-59.8041
 11
12.8024
 21
-59.7744
  0
LINE
  8
0
 10
12.8024
 20
-59.7744
 11
12.7915
 21
-59.7405
  0
LINE
  8
0
 10
12.7915
 20
-59.7405
 11
12.7818
 21
-59.7026
  0
LINE
  8
0
 10
12.7818
 20
-59.7026
 11
12.7733
 21
-59.6606
  0
LINE
  8
0
 10
12.7733
 20
-59.6606
 11
12.7658
 21
-59.6135
  0
LINE
  8
0
 10
12.7658
 20
-59.6135
 11
12.7596
 21
-59.5616
  0
LINE
  8
0
 10
12.7596
 20
-59.5616
 11
12.7543
 21
-59.5033
  0
LINE
  8
0
 10
12.7543
 20
-59.5033
 11
12.7502
 21
-59.4407
  0
LINE
  8
0
 10
12.7502
 20
-59.4407
 11
12.7473
 21
-59.3721
  0
LINE
  8
0
 10
12.7473
 20
-59.3721
 11
12.7455
 21
-59.2989
  0
LINE
  8
0
 10
12.7455
 20
-59.2989
 11
12.7449
 21
-59.2192
  0
LINE
  8
0
 10
12.7449
 20
-59.2192
 11
12.7455
 21
-59.1397
  0
LINE
  8
0
 10
12.7455
 20
-59.1397
 11
12.7472
 21
-59.0654
  0
LINE
  8
0
 10
12.7472
 20
-59.0654
 11
12.7499
 21
-58.9973
  0
LINE
  8
0
 10
12.7499
 20
-58.9973
 11
12.7538
 21
-58.9333
  0
LINE
  8
0
 10
12.7538
 20
-58.9333
 11
12.7588
 21
-58.8754
  0
LINE
  8
0
 10
12.7588
 20
-58.8754
 11
12.7648
 21
-58.8235
  0
LINE
  8
0
 10
12.7648
 20
-58.8235
 11
12.7718
 21
-58.7768
  0
LINE
  8
0
 10
12.7718
 20
-58.7768
 11
12.78
 21
-58.7353
  0
LINE
  8
0
 10
12.78
 20
-58.7353
 11
12.7895
 21
-58.6977
  0
LINE
  8
0
 10
12.7895
 20
-58.6977
 11
12.8002
 21
-58.6641
  0
LINE
  8
0
 10
12.8002
 20
-58.6641
 11
12.8118
 21
-58.6349
  0
LINE
  8
0
 10
12.8118
 20
-58.6349
 11
12.8246
 21
-58.6095
  0
LINE
  8
0
 10
12.8246
 20
-58.6095
 11
12.838
 21
-58.5882
  0
LINE
  8
0
 10
12.838
 20
-58.5882
 11
12.8519
 21
-58.5711
  0
LINE
  8
0
 10
12.8519
 20
-58.5711
 11
12.8668
 21
-58.5569
  0
LINE
  8
0
 10
12.8668
 20
-58.5569
 11
12.8834
 21
-58.5451
  0
LINE
  8
0
 10
12.8834
 20
-58.5451
 11
12.9024
 21
-58.5351
  0
LINE
  8
0
 10
12.9024
 20
-58.5351
 11
12.924
 21
-58.5271
  0
LINE
  8
0
 10
12.924
 20
-58.5271
 11
12.9485
 21
-58.5212
  0
LINE
  8
0
 10
12.9485
 20
-58.5212
 11
12.9762
 21
-58.5175
  0
LINE
  8
0
 10
12.9762
 20
-58.5175
 11
13.0067
 21
-58.5163
  0
LINE
  8
0
 10
13.0067
 20
-58.5163
 11
13.0352
 21
-58.5175
  0
LINE
  8
0
 10
13.0352
 20
-58.5175
 11
13.0607
 21
-58.5211
  0
LINE
  8
0
 10
13.0607
 20
-58.5211
 11
13.0835
 21
-58.5268
  0
LINE
  8
0
 10
13.0835
 20
-58.5268
 11
13.1036
 21
-58.5346
  0
LINE
  8
0
 10
13.1036
 20
-58.5346
 11
13.1215
 21
-58.5443
  0
LINE
  8
0
 10
13.1215
 20
-58.5443
 11
13.1372
 21
-58.5559
  0
LINE
  8
0
 10
13.1372
 20
-58.5559
 11
13.1515
 21
-58.5698
  0
LINE
  8
0
 10
13.1515
 20
-58.5698
 11
13.1649
 21
-58.5869
  0
LINE
  8
0
 10
13.1649
 20
-58.5869
 11
13.178
 21
-58.608
  0
LINE
  8
0
 10
13.178
 20
-58.608
 11
13.1904
 21
-58.6333
  0
LINE
  8
0
 10
13.1904
 20
-58.6333
 11
13.202
 21
-58.6628
  0
LINE
  8
0
 10
13.202
 20
-58.6628
 11
13.2126
 21
-58.6966
  0
LINE
  8
0
 10
13.2126
 20
-58.6966
 11
13.2222
 21
-58.7343
  0
LINE
  8
0
 10
13.2222
 20
-58.7343
 11
13.2305
 21
-58.7765
  0
LINE
  8
0
 10
13.2305
 20
-58.7765
 11
13.2377
 21
-58.8229
  0
LINE
  8
0
 10
13.2377
 20
-58.8229
 11
13.2439
 21
-58.8754
  0
LINE
  8
0
 10
13.2439
 20
-58.8754
 11
13.249
 21
-58.9334
  0
LINE
  8
0
 10
13.249
 20
-58.9334
 11
13.253
 21
-58.9968
  0
LINE
  8
0
 10
13.253
 20
-58.9968
 11
13.2558
 21
-59.0655
  0
LINE
  8
0
 10
13.2558
 20
-59.0655
 11
13.2575
 21
-59.1397
  0
LINE
  8
0
 10
13.2575
 20
-59.1397
 11
13.2581
 21
-59.22
  0
LINE
  8
0
 10
13.2581
 20
-59.22
 11
13.2575
 21
-59.2966
  0
LINE
  8
0
 10
13.2575
 20
-59.2966
 11
13.2558
 21
-59.3673
  0
LINE
  8
0
 10
13.2558
 20
-59.3673
 11
13.2528
 21
-59.4347
  0
LINE
  8
0
 10
13.2528
 20
-59.4347
 11
13.2487
 21
-59.4967
  0
LINE
  8
0
 10
13.2487
 20
-59.4967
 11
13.2435
 21
-59.5533
  0
LINE
  8
0
 10
13.2435
 20
-59.5533
 11
13.2372
 21
-59.6053
  0
LINE
  8
0
 10
13.2372
 20
-59.6053
 11
13.2298
 21
-59.6524
  0
LINE
  8
0
 10
13.2298
 20
-59.6524
 11
13.2212
 21
-59.6949
  0
LINE
  8
0
 10
13.2212
 20
-59.6949
 11
13.2114
 21
-59.733
  0
LINE
  8
0
 10
13.2114
 20
-59.733
 11
13.2004
 21
-59.7674
  0
LINE
  8
0
 10
13.2004
 20
-59.7674
 11
13.1884
 21
-59.7976
  0
LINE
  8
0
 10
13.1884
 20
-59.7976
 11
13.1754
 21
-59.824
  0
LINE
  8
0
 10
13.1754
 20
-59.824
 11
13.1617
 21
-59.8462
  0
LINE
  8
0
 10
13.1617
 20
-59.8462
 11
13.1475
 21
-59.8645
  0
LINE
  8
0
 10
13.1475
 20
-59.8645
 11
13.1325
 21
-59.8794
  0
LINE
  8
0
 10
13.1325
 20
-59.8794
 11
13.116
 21
-59.8919
  0
LINE
  8
0
 10
13.116
 20
-59.8919
 11
13.0977
 21
-59.9022
  0
LINE
  8
0
 10
13.0977
 20
-59.9022
 11
13.0774
 21
-59.9104
  0
LINE
  8
0
 10
13.0774
 20
-59.9104
 11
13.0545
 21
-59.9164
  0
LINE
  8
0
 10
13.0545
 20
-59.9164
 11
13.0289
 21
-59.9202
  0
LINE
  8
0
 10
13.0289
 20
-59.9202
 11
13.0008
 21
-59.9215
  0
LINE
  8
0
 10
13.0008
 20
-59.9215
 11
12.9719
 21
-59.9202
  0
LINE
  8
0
 10
11.365
 20
-60.3181
 11
11.4675
 21
-60.3082
  0
LINE
  8
0
 10
11.4675
 20
-60.3082
 11
11.5635
 21
-60.2915
  0
LINE
  8
0
 10
11.5635
 20
-60.2915
 11
11.653
 21
-60.268
  0
LINE
  8
0
 10
11.653
 20
-60.268
 11
11.7362
 21
-60.2375
  0
LINE
  8
0
 10
11.7362
 20
-60.2375
 11
11.8127
 21
-60.1999
  0
LINE
  8
0
 10
11.8127
 20
-60.1999
 11
11.8825
 21
-60.1552
  0
LINE
  8
0
 10
11.8825
 20
-60.1552
 11
11.9445
 21
-60.1036
  0
LINE
  8
0
 10
11.9445
 20
-60.1036
 11
11.9974
 21
-60.0457
  0
LINE
  8
0
 10
11.9974
 20
-60.0457
 11
12.041
 21
-59.9817
  0
LINE
  8
0
 10
12.041
 20
-59.9817
 11
12.0748
 21
-59.9119
  0
LINE
  8
0
 10
12.0748
 20
-59.9119
 11
12.0988
 21
-59.8367
  0
LINE
  8
0
 10
12.0988
 20
-59.8367
 11
12.1131
 21
-59.7566
  0
LINE
  8
0
 10
12.1131
 20
-59.7566
 11
12.1178
 21
-59.6719
  0
LINE
  8
0
 10
12.1178
 20
-59.6719
 11
12.1148
 21
-59.6072
  0
LINE
  8
0
 10
12.1148
 20
-59.6072
 11
12.1059
 21
-59.5459
  0
LINE
  8
0
 10
12.1059
 20
-59.5459
 11
12.0909
 21
-59.4877
  0
LINE
  8
0
 10
12.0909
 20
-59.4877
 11
12.0697
 21
-59.4328
  0
LINE
  8
0
 10
12.0697
 20
-59.4328
 11
12.0422
 21
-59.3814
  0
LINE
  8
0
 10
12.0422
 20
-59.3814
 11
12.0087
 21
-59.334
  0
LINE
  8
0
 10
12.0087
 20
-59.334
 11
11.9692
 21
-59.2905
  0
LINE
  8
0
 10
11.9692
 20
-59.2905
 11
11.9242
 21
-59.2514
  0
LINE
  8
0
 10
11.9242
 20
-59.2514
 11
11.874
 21
-59.2171
  0
LINE
  8
0
 10
11.874
 20
-59.2171
 11
11.8188
 21
-59.1876
  0
LINE
  8
0
 10
11.8188
 20
-59.1876
 11
11.7589
 21
-59.1629
  0
LINE
  8
0
 10
11.7589
 20
-59.1629
 11
11.7312
 21
-59.1543
  0
LINE
  8
0
 10
11.7312
 20
-59.1543
 11
11.77
 21
-59.1329
  0
LINE
  8
0
 10
11.77
 20
-59.1329
 11
11.8133
 21
-59.1029
  0
LINE
  8
0
 10
11.8133
 20
-59.1029
 11
11.8523
 21
-59.0689
  0
LINE
  8
0
 10
11.8523
 20
-59.0689
 11
11.8865
 21
-59.0311
  0
LINE
  8
0
 10
11.8865
 20
-59.0311
 11
11.916
 21
-58.9905
  0
LINE
  8
0
 10
11.916
 20
-58.9905
 11
11.9409
 21
-58.9474
  0
LINE
  8
0
 10
11.9409
 20
-58.9474
 11
11.9612
 21
-58.9018
  0
LINE
  8
0
 10
11.9612
 20
-58.9018
 11
11.9769
 21
-58.8539
  0
LINE
  8
0
 10
11.9769
 20
-58.8539
 11
11.9881
 21
-58.8038
  0
LINE
  8
0
 10
11.9881
 20
-58.8038
 11
11.9947
 21
-58.7516
  0
LINE
  8
0
 10
11.9947
 20
-58.7516
 11
11.9969
 21
-58.6971
  0
LINE
  8
0
 10
11.9969
 20
-58.6971
 11
11.9926
 21
-58.6196
  0
LINE
  8
0
 10
11.9926
 20
-58.6196
 11
11.9793
 21
-58.5464
  0
LINE
  8
0
 10
11.9793
 20
-58.5464
 11
11.9569
 21
-58.478
  0
LINE
  8
0
 10
11.9569
 20
-58.478
 11
11.9253
 21
-58.4149
  0
LINE
  8
0
 10
11.9253
 20
-58.4149
 11
11.8846
 21
-58.3576
  0
LINE
  8
0
 10
11.8846
 20
-58.3576
 11
11.8351
 21
-58.3063
  0
LINE
  8
0
 10
11.8351
 20
-58.3063
 11
11.7773
 21
-58.2614
  0
LINE
  8
0
 10
11.7773
 20
-58.2614
 11
11.7118
 21
-58.2229
  0
LINE
  8
0
 10
11.7118
 20
-58.2229
 11
11.6388
 21
-58.1907
  0
LINE
  8
0
 10
11.6388
 20
-58.1907
 11
11.5587
 21
-58.1647
  0
LINE
  8
0
 10
11.5587
 20
-58.1647
 11
11.4715
 21
-58.1447
  0
LINE
  8
0
 10
11.4715
 20
-58.1447
 11
11.3771
 21
-58.1305
  0
LINE
  8
0
 10
11.3771
 20
-58.1305
 11
11.2755
 21
-58.1221
  0
LINE
  8
0
 10
11.2755
 20
-58.1221
 11
11.1673
 21
-58.1193
  0
LINE
  8
0
 10
11.1673
 20
-58.1193
 11
10.1544
 21
-58.1193
  0
LINE
  8
0
 10
10.1544
 20
-58.1193
 11
10.1544
 21
-60.3214
  0
LINE
  8
0
 10
10.1544
 20
-60.3214
 11
11.2569
 21
-60.3214
  0
LINE
  8
0
 10
11.2569
 20
-60.3214
 11
11.365
 21
-60.3181
  0
LINE
  8
0
 10
10.6945
 20
-58.9667
 11
10.6945
 21
-58.5461
  0
LINE
  8
0
 10
10.6945
 20
-58.5461
 11
11.1451
 21
-58.5461
  0
LINE
  8
0
 10
11.1451
 20
-58.5461
 11
11.1922
 21
-58.5472
  0
LINE
  8
0
 10
11.1922
 20
-58.5472
 11
11.2343
 21
-58.5506
  0
LINE
  8
0
 10
11.2343
 20
-58.5506
 11
11.273
 21
-58.5562
  0
LINE
  8
0
 10
11.273
 20
-58.5562
 11
11.3071
 21
-58.5639
  0
LINE
  8
0
 10
11.3071
 20
-58.5639
 11
11.3373
 21
-58.5734
  0
LINE
  8
0
 10
11.3373
 20
-58.5734
 11
11.3636
 21
-58.5847
  0
LINE
  8
0
 10
11.3636
 20
-58.5847
 11
11.3855
 21
-58.5973
  0
LINE
  8
0
 10
11.3855
 20
-58.5973
 11
11.4035
 21
-58.6114
  0
LINE
  8
0
 10
11.4035
 20
-58.6114
 11
11.4181
 21
-58.6273
  0
LINE
  8
0
 10
11.4181
 20
-58.6273
 11
11.4303
 21
-58.646
  0
LINE
  8
0
 10
11.4303
 20
-58.646
 11
11.4401
 21
-58.6679
  0
LINE
  8
0
 10
11.4401
 20
-58.6679
 11
11.4475
 21
-58.6936
  0
LINE
  8
0
 10
11.4475
 20
-58.6936
 11
11.4521
 21
-58.7234
  0
LINE
  8
0
 10
11.4521
 20
-58.7234
 11
11.4537
 21
-58.7571
  0
LINE
  8
0
 10
11.4537
 20
-58.7571
 11
11.4523
 21
-58.7878
  0
LINE
  8
0
 10
11.4523
 20
-58.7878
 11
11.448
 21
-58.8154
  0
LINE
  8
0
 10
11.448
 20
-58.8154
 11
11.4411
 21
-58.8396
  0
LINE
  8
0
 10
11.4411
 20
-58.8396
 11
11.4318
 21
-58.8611
  0
LINE
  8
0
 10
11.4318
 20
-58.8611
 11
11.4201
 21
-58.8801
  0
LINE
  8
0
 10
11.4201
 20
-58.8801
 11
11.4059
 21
-58.897
  0
LINE
  8
0
 10
11.4059
 20
-58.897
 11
11.389
 21
-58.912
  0
LINE
  8
0
 10
11.389
 20
-58.912
 11
11.3686
 21
-58.9254
  0
LINE
  8
0
 10
11.3686
 20
-58.9254
 11
11.3439
 21
-58.9373
  0
LINE
  8
0
 10
11.3439
 20
-58.9373
 11
11.3144
 21
-58.9475
  0
LINE
  8
0
 10
11.3144
 20
-58.9475
 11
11.2802
 21
-58.9557
  0
LINE
  8
0
 10
11.2802
 20
-58.9557
 11
11.241
 21
-58.9618
  0
LINE
  8
0
 10
11.241
 20
-58.9618
 11
11.1973
 21
-58.9654
  0
LINE
  8
0
 10
11.1973
 20
-58.9654
 11
11.148
 21
-58.9667
  0
LINE
  8
0
 10
11.148
 20
-58.9667
 11
10.6945
 21
-58.9667
  0
LINE
  8
0
 10
10.6945
 20
-59.8946
 11
10.6945
 21
-59.392
  0
LINE
  8
0
 10
10.6945
 20
-59.392
 11
11.2012
 21
-59.392
  0
LINE
  8
0
 10
11.2012
 20
-59.392
 11
11.3088
 21
-59.3977
  0
LINE
  8
0
 10
11.3088
 20
-59.3977
 11
11.3962
 21
-59.4143
  0
LINE
  8
0
 10
11.3962
 20
-59.4143
 11
11.4641
 21
-59.4406
  0
LINE
  8
0
 10
11.4641
 20
-59.4406
 11
11.5137
 21
-59.4753
  0
LINE
  8
0
 10
11.5137
 20
-59.4753
 11
11.5477
 21
-59.5179
  0
LINE
  8
0
 10
11.5477
 20
-59.5179
 11
11.5685
 21
-59.571
  0
LINE
  8
0
 10
11.5685
 20
-59.571
 11
11.576
 21
-59.6389
  0
LINE
  8
0
 10
11.576
 20
-59.6389
 11
11.5743
 21
-59.6747
  0
LINE
  8
0
 10
11.5743
 20
-59.6747
 11
11.5692
 21
-59.7084
  0
LINE
  8
0
 10
11.5692
 20
-59.7084
 11
11.5609
 21
-59.7384
  0
LINE
  8
0
 10
11.5609
 20
-59.7384
 11
11.5496
 21
-59.7651
  0
LINE
  8
0
 10
11.5496
 20
-59.7651
 11
11.5354
 21
-59.7887
  0
LINE
  8
0
 10
11.5354
 20
-59.7887
 11
11.518
 21
-59.8098
  0
LINE
  8
0
 10
11.518
 20
-59.8098
 11
11.4975
 21
-59.8284
  0
LINE
  8
0
 10
11.4975
 20
-59.8284
 11
11.4731
 21
-59.8448
  0
LINE
  8
0
 10
11.4731
 20
-59.8448
 11
11.4437
 21
-59.8593
  0
LINE
  8
0
 10
11.4437
 20
-59.8593
 11
11.4092
 21
-59.8716
  0
LINE
  8
0
 10
11.4092
 20
-59.8716
 11
11.3696
 21
-59.8815
  0
LINE
  8
0
 10
11.3696
 20
-59.8815
 11
11.3243
 21
-59.8887
  0
LINE
  8
0
 10
11.3243
 20
-59.8887
 11
11.2743
 21
-59.8931
  0
LINE
  8
0
 10
11.2743
 20
-59.8931
 11
11.2181
 21
-59.8946
  0
LINE
  8
0
 10
11.2181
 20
-59.8946
 11
10.6945
 21
-59.8946
  0
LINE
  8
0
 10
16.3197
 20
-59.4064
 11
16.3212
 21
-59.352
  0
LINE
  8
0
 10
16.3212
 20
-59.352
 11
16.3259
 21
-59.3008
  0
LINE
  8
0
 10
16.3259
 20
-59.3008
 11
16.3334
 21
-59.2533
  0
LINE
  8
0
 10
16.3334
 20
-59.2533
 11
16.3439
 21
-59.2093
  0
LINE
  8
0
 10
16.3439
 20
-59.2093
 11
16.3573
 21
-59.1684
  0
LINE
  8
0
 10
16.3573
 20
-59.1684
 11
16.3733
 21
-59.131
  0
LINE
  8
0
 10
16.3733
 20
-59.131
 11
16.3921
 21
-59.0967
  0
LINE
  8
0
 10
16.3921
 20
-59.0967
 11
16.4127
 21
-59.0668
  0
LINE
  8
0
 10
16.4127
 20
-59.0668
 11
16.4342
 21
-59.0425
  0
LINE
  8
0
 10
16.4342
 20
-59.0425
 11
16.4564
 21
-59.0233
  0
LINE
  8
0
 10
16.4564
 20
-59.0233
 11
16.4792
 21
-59.009
  0
LINE
  8
0
 10
16.4792
 20
-59.009
 11
16.5031
 21
-58.9989
  0
LINE
  8
0
 10
16.5031
 20
-58.9989
 11
16.5286
 21
-58.9928
  0
LINE
  8
0
 10
16.5286
 20
-58.9928
 11
16.5547
 21
-58.9909
  0
LINE
  8
0
 10
16.5547
 20
-58.9909
 11
16.6067
 21
-58.9978
  0
LINE
  8
0
 10
16.6067
 20
-58.9978
 11
16.6471
 21
-59.017
  0
LINE
  8
0
 10
16.6471
 20
-59.017
 11
16.6811
 21
-59.0498
  0
LINE
  8
0
 10
16.6811
 20
-59.0498
 11
16.7099
 21
-59.0998
  0
LINE
  8
0
 10
16.7099
 20
-59.0998
 11
16.732
 21
-59.1691
  0
LINE
  8
0
 10
16.732
 20
-59.1691
 11
16.746
 21
-59.2579
  0
LINE
  8
0
 10
16.746
 20
-59.2579
 11
16.7508
 21
-59.367
  0
LINE
  8
0
 10
16.7508
 20
-59.367
 11
16.7508
 21
-60.3214
  0
LINE
  8
0
 10
16.7508
 20
-60.3214
 11
17.267
 21
-60.3214
  0
LINE
  8
0
 10
17.267
 20
-60.3214
 11
17.267
 21
-59.3883
  0
LINE
  8
0
 10
17.267
 20
-59.3883
 11
17.2704
 21
-59.3333
  0
LINE
  8
0
 10
17.2704
 20
-59.3333
 11
17.2765
 21
-59.2822
  0
LINE
  8
0
 10
17.2765
 20
-59.2822
 11
17.2853
 21
-59.2351
  0
LINE
  8
0
 10
17.2853
 20
-59.2351
 11
17.2966
 21
-59.1921
  0
LINE
  8
0
 10
17.2966
 20
-59.1921
 11
17.3102
 21
-59.1532
  0
LINE
  8
0
 10
17.3102
 20
-59.1532
 11
17.3264
 21
-59.1179
  0
LINE
  8
0
 10
17.3264
 20
-59.1179
 11
17.3446
 21
-59.0869
  0
LINE
  8
0
 10
17.3446
 20
-59.0869
 11
17.3645
 21
-59.0599
  0
LINE
  8
0
 10
17.3645
 20
-59.0599
 11
17.3853
 21
-59.0378
  0
LINE
  8
0
 10
17.3853
 20
-59.0378
 11
17.4066
 21
-59.0206
  0
LINE
  8
0
 10
17.4066
 20
-59.0206
 11
17.4288
 21
-59.0074
  0
LINE
  8
0
 10
17.4288
 20
-59.0074
 11
17.4519
 21
-58.9982
  0
LINE
  8
0
 10
17.4519
 20
-58.9982
 11
17.4767
 21
-58.9927
  0
LINE
  8
0
 10
17.4767
 20
-58.9927
 11
17.5019
 21
-58.9909
  0
LINE
  8
0
 10
17.5019
 20
-58.9909
 11
17.554
 21
-58.9978
  0
LINE
  8
0
 10
17.554
 20
-58.9978
 11
17.5945
 21
-59.017
  0
LINE
  8
0
 10
17.5945
 20
-59.017
 11
17.6284
 21
-59.0498
  0
LINE
  8
0
 10
17.6284
 20
-59.0498
 11
17.6572
 21
-59.0998
  0
LINE
  8
0
 10
17.6572
 20
-59.0998
 11
17.6794
 21
-59.1691
  0
LINE
  8
0
 10
17.6794
 20
-59.1691
 11
17.6933
 21
-59.2579
  0
LINE
  8
0
 10
17.6933
 20
-59.2579
 11
17.6981
 21
-59.367
  0
LINE
  8
0
 10
17.6981
 20
-59.367
 11
17.6981
 21
-60.3214
  0
LINE
  8
0
 10
17.6981
 20
-60.3214
 11
18.2144
 21
-60.3214
  0
LINE
  8
0
 10
18.2144
 20
-60.3214
 11
18.2144
 21
-59.2457
  0
LINE
  8
0
 10
18.2144
 20
-59.2457
 11
18.2118
 21
-59.1604
  0
LINE
  8
0
 10
18.2118
 20
-59.1604
 11
18.2038
 21
-59.0797
  0
LINE
  8
0
 10
18.2038
 20
-59.0797
 11
18.1905
 21
-59.0042
  0
LINE
  8
0
 10
18.1905
 20
-59.0042
 11
18.1716
 21
-58.9339
  0
LINE
  8
0
 10
18.1716
 20
-58.9339
 11
18.147
 21
-58.869
  0
LINE
  8
0
 10
18.147
 20
-58.869
 11
18.1165
 21
-58.8094
  0
LINE
  8
0
 10
18.1165
 20
-58.8094
 11
18.0802
 21
-58.7555
  0
LINE
  8
0
 10
18.0802
 20
-58.7555
 11
18.038
 21
-58.7079
  0
LINE
  8
0
 10
18.038
 20
-58.7079
 11
17.9903
 21
-58.6673
  0
LINE
  8
0
 10
17.9903
 20
-58.6673
 11
17.9375
 21
-58.634
  0
LINE
  8
0
 10
17.9375
 20
-58.634
 11
17.8798
 21
-58.6083
  0
LINE
  8
0
 10
17.8798
 20
-58.6083
 11
17.8176
 21
-58.5901
  0
LINE
  8
0
 10
17.8176
 20
-58.5901
 11
17.7513
 21
-58.5793
  0
LINE
  8
0
 10
17.7513
 20
-58.5793
 11
17.6814
 21
-58.5758
  0
LINE
  8
0
 10
17.6814
 20
-58.5758
 11
17.628
 21
-58.5776
  0
LINE
  8
0
 10
17.628
 20
-58.5776
 11
17.5773
 21
-58.5831
  0
LINE
  8
0
 10
17.5773
 20
-58.5831
 11
17.5289
 21
-58.5922
  0
LINE
  8
0
 10
17.5289
 20
-58.5922
 11
17.4828
 21
-58.6051
  0
LINE
  8
0
 10
17.4828
 20
-58.6051
 11
17.4391
 21
-58.6219
  0
LINE
  8
0
 10
17.4391
 20
-58.6219
 11
17.3979
 21
-58.6426
  0
LINE
  8
0
 10
17.3979
 20
-58.6426
 11
17.3595
 21
-58.6672
  0
LINE
  8
0
 10
17.3595
 20
-58.6672
 11
17.3233
 21
-58.6959
  0
LINE
  8
0
 10
17.3233
 20
-58.6959
 11
17.2892
 21
-58.7291
  0
LINE
  8
0
 10
17.2892
 20
-58.7291
 11
17.2569
 21
-58.7666
  0
LINE
  8
0
 10
17.2569
 20
-58.7666
 11
17.2266
 21
-58.8083
  0
LINE
  8
0
 10
17.2266
 20
-58.8083
 11
17.198
 21
-58.854
  0
LINE
  8
0
 10
17.198
 20
-58.854
 11
17.1963
 21
-58.8571
  0
LINE
  8
0
 10
17.1963
 20
-58.8571
 11
17.1559
 21
-58.7781
  0
LINE
  8
0
 10
17.1559
 20
-58.7781
 11
17.0968
 21
-58.705
  0
LINE
  8
0
 10
17.0968
 20
-58.705
 11
17.0238
 21
-58.6477
  0
LINE
  8
0
 10
17.0238
 20
-58.6477
 11
16.9381
 21
-58.6072
  0
LINE
  8
0
 10
16.9381
 20
-58.6072
 11
16.8412
 21
-58.5835
  0
LINE
  8
0
 10
16.8412
 20
-58.5835
 11
16.7345
 21
-58.5758
  0
LINE
  8
0
 10
16.7345
 20
-58.5758
 11
16.6846
 21
-58.5777
  0
LINE
  8
0
 10
16.6846
 20
-58.5777
 11
16.6373
 21
-58.5833
  0
LINE
  8
0
 10
16.6373
 20
-58.5833
 11
16.5916
 21
-58.5927
  0
LINE
  8
0
 10
16.5916
 20
-58.5927
 11
16.5477
 21
-58.6059
  0
LINE
  8
0
 10
16.5477
 20
-58.6059
 11
16.5056
 21
-58.6231
  0
LINE
  8
0
 10
16.5056
 20
-58.6231
 11
16.4655
 21
-58.6441
  0
LINE
  8
0
 10
16.4655
 20
-58.6441
 11
16.4275
 21
-58.6689
  0
LINE
  8
0
 10
16.4275
 20
-58.6689
 11
16.3914
 21
-58.6979
  0
LINE
  8
0
 10
16.3914
 20
-58.6979
 11
16.3573
 21
-58.7313
  0
LINE
  8
0
 10
16.3573
 20
-58.7313
 11
16.3254
 21
-58.7688
  0
LINE
  8
0
 10
16.3254
 20
-58.7688
 11
16.3001
 21
-58.804
  0
LINE
  8
0
 10
16.3001
 20
-58.804
 11
16.2981
 21
-58.7722
  0
LINE
  8
0
 10
16.2981
 20
-58.7722
 11
16.2962
 21
-58.7426
  0
LINE
  8
0
 10
16.2962
 20
-58.7426
 11
16.2943
 21
-58.7168
  0
LINE
  8
0
 10
16.2943
 20
-58.7168
 11
16.2926
 21
-58.6947
  0
LINE
  8
0
 10
16.2926
 20
-58.6947
 11
16.2909
 21
-58.6763
  0
LINE
  8
0
 10
16.2909
 20
-58.6763
 11
16.2893
 21
-58.6613
  0
LINE
  8
0
 10
16.2893
 20
-58.6613
 11
16.2821
 21
-58.6072
  0
LINE
  8
0
 10
16.2821
 20
-58.6072
 11
15.7851
 21
-58.6072
  0
LINE
  8
0
 10
15.7851
 20
-58.6072
 11
15.7899
 21
-58.6796
  0
LINE
  8
0
 10
15.7899
 20
-58.6796
 11
15.7911
 21
-58.6992
  0
LINE
  8
0
 10
15.7911
 20
-58.6992
 11
15.7935
 21
-58.7406
  0
LINE
  8
0
 10
15.7935
 20
-58.7406
 11
15.7957
 21
-58.7848
  0
LINE
  8
0
 10
15.7957
 20
-58.7848
 11
15.7968
 21
-58.808
  0
LINE
  8
0
 10
15.7968
 20
-58.808
 11
15.7978
 21
-58.8323
  0
LINE
  8
0
 10
15.7978
 20
-58.8323
 11
15.7986
 21
-58.8584
  0
LINE
  8
0
 10
15.7986
 20
-58.8584
 11
15.7993
 21
-58.8864
  0
LINE
  8
0
 10
15.7993
 20
-58.8864
 11
15.7998
 21
-58.9162
  0
LINE
  8
0
 10
15.7998
 20
-58.9162
 11
15.8002
 21
-58.9485
  0
LINE
  8
0
 10
15.8002
 20
-58.9485
 11
15.8004
 21
-58.9824
  0
LINE
  8
0
 10
15.8004
 20
-58.9824
 11
15.8005
 21
-59.0183
  0
LINE
  8
0
 10
15.8005
 20
-59.0183
 11
15.8005
 21
-60.3214
  0
LINE
  8
0
 10
15.8005
 20
-60.3214
 11
16.3197
 21
-60.3214
  0
LINE
  8
0
 10
16.3197
 20
-60.3214
 11
16.3197
 21
-59.4064
  0
LINE
  8
0
 10
61.3599
 20
-64.906
 11
61.456
 21
-64.8957
  0
LINE
  8
0
 10
61.456
 20
-64.8957
 11
61.5459
 21
-64.8784
  0
LINE
  8
0
 10
61.5459
 20
-64.8784
 11
61.6296
 21
-64.854
  0
LINE
  8
0
 10
61.6296
 20
-64.854
 11
61.7068
 21
-64.8223
  0
LINE
  8
0
 10
61.7068
 20
-64.8223
 11
61.7775
 21
-64.7832
  0
LINE
  8
0
 10
61.7775
 20
-64.7832
 11
61.8414
 21
-64.7368
  0
LINE
  8
0
 10
61.8414
 20
-64.7368
 11
61.8977
 21
-64.6834
  0
LINE
  8
0
 10
61.8977
 20
-64.6834
 11
61.9456
 21
-64.6238
  0
LINE
  8
0
 10
61.9456
 20
-64.6238
 11
61.9847
 21
-64.5582
  0
LINE
  8
0
 10
61.9847
 20
-64.5582
 11
62.015
 21
-64.4868
  0
LINE
  8
0
 10
62.015
 20
-64.4868
 11
62.0365
 21
-64.4102
  0
LINE
  8
0
 10
62.0365
 20
-64.4102
 11
62.0492
 21
-64.3284
  0
LINE
  8
0
 10
62.0492
 20
-64.3284
 11
62.0534
 21
-64.2417
  0
LINE
  8
0
 10
62.0534
 20
-64.2417
 11
62.0505
 21
-64.1803
  0
LINE
  8
0
 10
62.0505
 20
-64.1803
 11
62.0417
 21
-64.1216
  0
LINE
  8
0
 10
62.0417
 20
-64.1216
 11
62.027
 21
-64.0656
  0
LINE
  8
0
 10
62.027
 20
-64.0656
 11
62.0062
 21
-64.0125
  0
LINE
  8
0
 10
62.0062
 20
-64.0125
 11
61.9794
 21
-63.9625
  0
LINE
  8
0
 10
61.9794
 20
-63.9625
 11
61.9467
 21
-63.9159
  0
LINE
  8
0
 10
61.9467
 20
-63.9159
 11
61.9082
 21
-63.8729
  0
LINE
  8
0
 10
61.9082
 20
-63.8729
 11
61.8643
 21
-63.8338
  0
LINE
  8
0
 10
61.8643
 20
-63.8338
 11
61.8157
 21
-63.7996
  0
LINE
  8
0
 10
61.8157
 20
-63.7996
 11
61.7625
 21
-63.7702
  0
LINE
  8
0
 10
61.7625
 20
-63.7702
 11
61.7048
 21
-63.7456
  0
LINE
  8
0
 10
61.7048
 20
-63.7456
 11
61.685
 21
-63.7392
  0
LINE
  8
0
 10
61.685
 20
-63.7392
 11
61.6891
 21
-63.7376
  0
LINE
  8
0
 10
61.6891
 20
-63.7376
 11
61.7409
 21
-63.7115
  0
LINE
  8
0
 10
61.7409
 20
-63.7115
 11
61.7886
 21
-63.6812
  0
LINE
  8
0
 10
61.7886
 20
-63.6812
 11
61.832
 21
-63.6469
  0
LINE
  8
0
 10
61.832
 20
-63.6469
 11
61.871
 21
-63.6086
  0
LINE
  8
0
 10
61.871
 20
-63.6086
 11
61.9053
 21
-63.5666
  0
LINE
  8
0
 10
61.9053
 20
-63.5666
 11
61.9343
 21
-63.5212
  0
LINE
  8
0
 10
61.9343
 20
-63.5212
 11
61.958
 21
-63.4727
  0
LINE
  8
0
 10
61.958
 20
-63.4727
 11
61.9764
 21
-63.4213
  0
LINE
  8
0
 10
61.9764
 20
-63.4213
 11
61.9894
 21
-63.3672
  0
LINE
  8
0
 10
61.9894
 20
-63.3672
 11
61.9971
 21
-63.3104
  0
LINE
  8
0
 10
61.9971
 20
-63.3104
 11
61.9997
 21
-63.2509
  0
LINE
  8
0
 10
61.9997
 20
-63.2509
 11
61.9957
 21
-63.173
  0
LINE
  8
0
 10
61.9957
 20
-63.173
 11
61.9833
 21
-63.0991
  0
LINE
  8
0
 10
61.9833
 20
-63.0991
 11
61.9625
 21
-63.0295
  0
LINE
  8
0
 10
61.9625
 20
-63.0295
 11
61.9331
 21
-62.9646
  0
LINE
  8
0
 10
61.9331
 20
-62.9646
 11
61.8953
 21
-62.9047
  0
LINE
  8
0
 10
61.8953
 20
-62.9047
 11
61.8492
 21
-62.8501
  0
LINE
  8
0
 10
61.8492
 20
-62.8501
 11
61.7952
 21
-62.801
  0
LINE
  8
0
 10
61.7952
 20
-62.801
 11
61.7342
 21
-62.7581
  0
LINE
  8
0
 10
61.7342
 20
-62.7581
 11
61.6673
 21
-62.7221
  0
LINE
  8
0
 10
61.6673
 20
-62.7221
 11
61.5946
 21
-62.6928
  0
LINE
  8
0
 10
61.5946
 20
-62.6928
 11
61.5163
 21
-62.6703
  0
LINE
  8
0
 10
61.5163
 20
-62.6703
 11
61.4325
 21
-62.6543
  0
LINE
  8
0
 10
61.4325
 20
-62.6543
 11
61.3432
 21
-62.6448
  0
LINE
  8
0
 10
61.3432
 20
-62.6448
 11
61.2484
 21
-62.6416
  0
LINE
  8
0
 10
61.2484
 20
-62.6416
 11
61.1584
 21
-62.6449
  0
LINE
  8
0
 10
61.1584
 20
-62.6449
 11
61.0729
 21
-62.6548
  0
LINE
  8
0
 10
61.0729
 20
-62.6548
 11
60.9918
 21
-62.6714
  0
LINE
  8
0
 10
60.9918
 20
-62.6714
 11
60.9153
 21
-62.6948
  0
LINE
  8
0
 10
60.9153
 20
-62.6948
 11
60.8434
 21
-62.7251
  0
LINE
  8
0
 10
60.8434
 20
-62.7251
 11
60.7764
 21
-62.7622
  0
LINE
  8
0
 10
60.7764
 20
-62.7622
 11
60.7144
 21
-62.8062
  0
LINE
  8
0
 10
60.7144
 20
-62.8062
 11
60.6584
 21
-62.8563
  0
LINE
  8
0
 10
60.6584
 20
-62.8563
 11
60.6093
 21
-62.9119
  0
LINE
  8
0
 10
60.6093
 20
-62.9119
 11
60.5673
 21
-62.9727
  0
LINE
  8
0
 10
60.5673
 20
-62.9727
 11
60.5324
 21
-63.0385
  0
LINE
  8
0
 10
60.5324
 20
-63.0385
 11
60.5047
 21
-63.1093
  0
LINE
  8
0
 10
60.5047
 20
-63.1093
 11
60.4842
 21
-63.1846
  0
LINE
  8
0
 10
60.4842
 20
-63.1846
 11
60.462
 21
-63.3165
  0
LINE
  8
0
 10
60.462
 20
-63.3165
 11
60.9831
 21
-63.3536
  0
LINE
  8
0
 10
60.9831
 20
-63.3536
 11
60.9937
 21
-63.2728
  0
LINE
  8
0
 10
60.9937
 20
-63.2728
 11
61.0003
 21
-63.2434
  0
LINE
  8
0
 10
61.0003
 20
-63.2434
 11
61.009
 21
-63.217
  0
LINE
  8
0
 10
61.009
 20
-63.217
 11
61.0199
 21
-63.193
  0
LINE
  8
0
 10
61.0199
 20
-63.193
 11
61.0327
 21
-63.1715
  0
LINE
  8
0
 10
61.0327
 20
-63.1715
 11
61.0477
 21
-63.1521
  0
LINE
  8
0
 10
61.0477
 20
-63.1521
 11
61.0649
 21
-63.1346
  0
LINE
  8
0
 10
61.0649
 20
-63.1346
 11
61.0841
 21
-63.1194
  0
LINE
  8
0
 10
61.0841
 20
-63.1194
 11
61.105
 21
-63.1064
  0
LINE
  8
0
 10
61.105
 20
-63.1064
 11
61.1279
 21
-63.0956
  0
LINE
  8
0
 10
61.1279
 20
-63.0956
 11
61.1526
 21
-63.0872
  0
LINE
  8
0
 10
61.1526
 20
-63.0872
 11
61.1796
 21
-63.081
  0
LINE
  8
0
 10
61.1796
 20
-63.081
 11
61.2092
 21
-63.0772
  0
LINE
  8
0
 10
61.2092
 20
-63.0772
 11
61.2411
 21
-63.0759
  0
LINE
  8
0
 10
61.2411
 20
-63.0759
 11
61.2751
 21
-63.0772
  0
LINE
  8
0
 10
61.2751
 20
-63.0772
 11
61.3062
 21
-63.0812
  0
LINE
  8
0
 10
61.3062
 20
-63.0812
 11
61.3338
 21
-63.0875
  0
LINE
  8
0
 10
61.3338
 20
-63.0875
 11
61.3585
 21
-63.0961
  0
LINE
  8
0
 10
61.3585
 20
-63.0961
 11
61.3803
 21
-63.1069
  0
LINE
  8
0
 10
61.3803
 20
-63.1069
 11
61.3994
 21
-63.1197
  0
LINE
  8
0
 10
61.3994
 20
-63.1197
 11
61.4164
 21
-63.1348
  0
LINE
  8
0
 10
61.4164
 20
-63.1348
 11
61.4314
 21
-63.1523
  0
LINE
  8
0
 10
61.4314
 20
-63.1523
 11
61.4441
 21
-63.1714
  0
LINE
  8
0
 10
61.4441
 20
-63.1714
 11
61.4547
 21
-63.1928
  0
LINE
  8
0
 10
61.4547
 20
-63.1928
 11
61.4631
 21
-63.2164
  0
LINE
  8
0
 10
61.4631
 20
-63.2164
 11
61.4693
 21
-63.2428
  0
LINE
  8
0
 10
61.4693
 20
-63.2428
 11
61.4731
 21
-63.2717
  0
LINE
  8
0
 10
61.4731
 20
-63.2717
 11
61.4744
 21
-63.3031
  0
LINE
  8
0
 10
61.4744
 20
-63.3031
 11
61.4728
 21
-63.3361
  0
LINE
  8
0
 10
61.4728
 20
-63.3361
 11
61.4681
 21
-63.3658
  0
LINE
  8
0
 10
61.4681
 20
-63.3658
 11
61.4605
 21
-63.3926
  0
LINE
  8
0
 10
61.4605
 20
-63.3926
 11
61.4502
 21
-63.4165
  0
LINE
  8
0
 10
61.4502
 20
-63.4165
 11
61.4371
 21
-63.4381
  0
LINE
  8
0
 10
61.4371
 20
-63.4381
 11
61.4211
 21
-63.4577
  0
LINE
  8
0
 10
61.4211
 20
-63.4577
 11
61.4019
 21
-63.4755
  0
LINE
  8
0
 10
61.4019
 20
-63.4755
 11
61.3795
 21
-63.4913
  0
LINE
  8
0
 10
61.3795
 20
-63.4913
 11
61.3534
 21
-63.505
  0
LINE
  8
0
 10
61.3534
 20
-63.505
 11
61.3234
 21
-63.5166
  0
LINE
  8
0
 10
61.3234
 20
-63.5166
 11
61.2892
 21
-63.5259
  0
LINE
  8
0
 10
61.2892
 20
-63.5259
 11
61.251
 21
-63.5327
  0
LINE
  8
0
 10
61.251
 20
-63.5327
 11
61.2085
 21
-63.5368
  0
LINE
  8
0
 10
61.2085
 20
-63.5368
 11
61.1614
 21
-63.5383
  0
LINE
  8
0
 10
61.1614
 20
-63.5383
 11
60.9747
 21
-63.5383
  0
LINE
  8
0
 10
60.9747
 20
-63.5383
 11
60.9747
 21
-63.9769
  0
LINE
  8
0
 10
60.9747
 20
-63.9769
 11
61.1701
 21
-63.9769
  0
LINE
  8
0
 10
61.1701
 20
-63.9769
 11
61.2231
 21
-63.9784
  0
LINE
  8
0
 10
61.2231
 20
-63.9784
 11
61.2709
 21
-63.9827
  0
LINE
  8
0
 10
61.2709
 20
-63.9827
 11
61.3142
 21
-63.9897
  0
LINE
  8
0
 10
61.3142
 20
-63.9897
 11
61.3529
 21
-63.9993
  0
LINE
  8
0
 10
61.3529
 20
-63.9993
 11
61.3871
 21
-64.0113
  0
LINE
  8
0
 10
61.3871
 20
-64.0113
 11
61.4169
 21
-64.0255
  0
LINE
  8
0
 10
61.4169
 20
-64.0255
 11
61.4427
 21
-64.042
  0
LINE
  8
0
 10
61.4427
 20
-64.042
 11
61.4643
 21
-64.0602
  0
LINE
  8
0
 10
61.4643
 20
-64.0602
 11
61.4823
 21
-64.0802
  0
LINE
  8
0
 10
61.4823
 20
-64.0802
 11
61.4969
 21
-64.1021
  0
LINE
  8
0
 10
61.4969
 20
-64.1021
 11
61.5084
 21
-64.1264
  0
LINE
  8
0
 10
61.5084
 20
-64.1264
 11
61.5167
 21
-64.1533
  0
LINE
  8
0
 10
61.5167
 20
-64.1533
 11
61.5219
 21
-64.1832
  0
LINE
  8
0
 10
61.5219
 20
-64.1832
 11
61.5236
 21
-64.2167
  0
LINE
  8
0
 10
61.5236
 20
-64.2167
 11
61.5221
 21
-64.2543
  0
LINE
  8
0
 10
61.5221
 20
-64.2543
 11
61.5176
 21
-64.2887
  0
LINE
  8
0
 10
61.5176
 20
-64.2887
 11
61.5104
 21
-64.3191
  0
LINE
  8
0
 10
61.5104
 20
-64.3191
 11
61.5006
 21
-64.3459
  0
LINE
  8
0
 10
61.5006
 20
-64.3459
 11
61.4884
 21
-64.3693
  0
LINE
  8
0
 10
61.4884
 20
-64.3693
 11
61.4739
 21
-64.3895
  0
LINE
  8
0
 10
61.4739
 20
-64.3895
 11
61.4565
 21
-64.4075
  0
LINE
  8
0
 10
61.4565
 20
-64.4075
 11
61.4366
 21
-64.4231
  0
LINE
  8
0
 10
61.4366
 20
-64.4231
 11
61.4139
 21
-64.4367
  0
LINE
  8
0
 10
61.4139
 20
-64.4367
 11
61.3883
 21
-64.4481
  0
LINE
  8
0
 10
61.3883
 20
-64.4481
 11
61.3601
 21
-64.457
  0
LINE
  8
0
 10
61.3601
 20
-64.457
 11
61.3285
 21
-64.4637
  0
LINE
  8
0
 10
61.3285
 20
-64.4637
 11
61.2938
 21
-64.4678
  0
LINE
  8
0
 10
61.2938
 20
-64.4678
 11
61.2568
 21
-64.4691
  0
LINE
  8
0
 10
61.2568
 20
-64.4691
 11
61.1827
 21
-64.4635
  0
LINE
  8
0
 10
61.1827
 20
-64.4635
 11
61.1216
 21
-64.4475
  0
LINE
  8
0
 10
61.1216
 20
-64.4475
 11
61.072
 21
-64.422
  0
LINE
  8
0
 10
61.072
 20
-64.422
 11
61.0319
 21
-64.3868
  0
LINE
  8
0
 10
61.0319
 20
-64.3868
 11
61.0002
 21
-64.3408
  0
LINE
  8
0
 10
61.0002
 20
-64.3408
 11
60.9762
 21
-64.282
  0
LINE
  8
0
 10
60.9762
 20
-64.282
 11
60.9511
 21
-64.1627
  0
LINE
  8
0
 10
60.9511
 20
-64.1627
 11
60.4266
 21
-64.2085
  0
LINE
  8
0
 10
60.4266
 20
-64.2085
 11
60.4489
 21
-64.3452
  0
LINE
  8
0
 10
60.4489
 20
-64.3452
 11
60.4701
 21
-64.4257
  0
LINE
  8
0
 10
60.4701
 20
-64.4257
 11
60.4988
 21
-64.5008
  0
LINE
  8
0
 10
60.4988
 20
-64.5008
 11
60.535
 21
-64.5703
  0
LINE
  8
0
 10
60.535
 20
-64.5703
 11
60.5787
 21
-64.634
  0
LINE
  8
0
 10
60.5787
 20
-64.634
 11
60.6297
 21
-64.6916
  0
LINE
  8
0
 10
60.6297
 20
-64.6916
 11
60.688
 21
-64.743
  0
LINE
  8
0
 10
60.688
 20
-64.743
 11
60.7528
 21
-64.7876
  0
LINE
  8
0
 10
60.7528
 20
-64.7876
 11
60.8233
 21
-64.8252
  0
LINE
  8
0
 10
60.8233
 20
-64.8252
 11
60.8994
 21
-64.8558
  0
LINE
  8
0
 10
60.8994
 20
-64.8558
 11
60.9809
 21
-64.8794
  0
LINE
  8
0
 10
60.9809
 20
-64.8794
 11
61.0678
 21
-64.8961
  0
LINE
  8
0
 10
61.0678
 20
-64.8961
 11
61.16
 21
-64.9061
  0
LINE
  8
0
 10
61.16
 20
-64.9061
 11
61.2574
 21
-64.9094
  0
LINE
  8
0
 10
61.2574
 20
-64.9094
 11
61.3599
 21
-64.906
  0
LINE
  8
0
 10
59.5529
 20
-64.4304
 11
58.6107
 21
-64.4304
  0
LINE
  8
0
 10
58.6107
 20
-64.4304
 11
58.6128
 21
-64.4271
  0
LINE
  8
0
 10
58.6128
 20
-64.4271
 11
58.6295
 21
-64.4033
  0
LINE
  8
0
 10
58.6295
 20
-64.4033
 11
58.6478
 21
-64.3799
  0
LINE
  8
0
 10
58.6478
 20
-64.3799
 11
58.6682
 21
-64.3566
  0
LINE
  8
0
 10
58.6682
 20
-64.3566
 11
58.6901
 21
-64.3338
  0
LINE
  8
0
 10
58.6901
 20
-64.3338
 11
58.7145
 21
-64.31
  0
LINE
  8
0
 10
58.7145
 20
-64.31
 11
58.739
 21
-64.2868
  0
LINE
  8
0
 10
58.739
 20
-64.2868
 11
58.7653
 21
-64.2629
  0
LINE
  8
0
 10
58.7653
 20
-64.2629
 11
58.792
 21
-64.2392
  0
LINE
  8
0
 10
58.792
 20
-64.2392
 11
58.8188
 21
-64.2161
  0
LINE
  8
0
 10
58.8188
 20
-64.2161
 11
58.8475
 21
-64.1921
  0
LINE
  8
0
 10
58.8475
 20
-64.1921
 11
58.8762
 21
-64.1689
  0
LINE
  8
0
 10
58.8762
 20
-64.1689
 11
58.9363
 21
-64.1208
  0
LINE
  8
0
 10
58.9363
 20
-64.1208
 11
58.9976
 21
-64.0721
  0
LINE
  8
0
 10
58.9976
 20
-64.0721
 11
59.06
 21
-64.0225
  0
LINE
  8
0
 10
59.06
 20
-64.0225
 11
59.0918
 21
-63.9973
  0
LINE
  8
0
 10
59.0918
 20
-63.9973
 11
59.1238
 21
-63.9713
  0
LINE
  8
0
 10
59.1238
 20
-63.9713
 11
59.1552
 21
-63.9447
  0
LINE
  8
0
 10
59.1552
 20
-63.9447
 11
59.1858
 21
-63.9174
  0
LINE
  8
0
 10
59.1858
 20
-63.9174
 11
59.2155
 21
-63.8897
  0
LINE
  8
0
 10
59.2155
 20
-63.8897
 11
59.2444
 21
-63.8614
  0
LINE
  8
0
 10
59.2444
 20
-63.8614
 11
59.2725
 21
-63.8325
  0
LINE
  8
0
 10
59.2725
 20
-63.8325
 11
59.2999
 21
-63.8029
  0
LINE
  8
0
 10
59.2999
 20
-63.8029
 11
59.3264
 21
-63.7724
  0
LINE
  8
0
 10
59.3264
 20
-63.7724
 11
59.3516
 21
-63.741
  0
LINE
  8
0
 10
59.3516
 20
-63.741
 11
59.3755
 21
-63.7087
  0
LINE
  8
0
 10
59.3755
 20
-63.7087
 11
59.3979
 21
-63.6756
  0
LINE
  8
0
 10
59.3979
 20
-63.6756
 11
59.419
 21
-63.6417
  0
LINE
  8
0
 10
59.419
 20
-63.6417
 11
59.4386
 21
-63.6069
  0
LINE
  8
0
 10
59.4386
 20
-63.6069
 11
59.457
 21
-63.5711
  0
LINE
  8
0
 10
59.457
 20
-63.5711
 11
59.4737
 21
-63.5336
  0
LINE
  8
0
 10
59.4737
 20
-63.5336
 11
59.4879
 21
-63.4945
  0
LINE
  8
0
 10
59.4879
 20
-63.4945
 11
59.4996
 21
-63.4543
  0
LINE
  8
0
 10
59.4996
 20
-63.4543
 11
59.5086
 21
-63.4129
  0
LINE
  8
0
 10
59.5086
 20
-63.4129
 11
59.515
 21
-63.3705
  0
LINE
  8
0
 10
59.515
 20
-63.3705
 11
59.5188
 21
-63.327
  0
LINE
  8
0
 10
59.5188
 20
-63.327
 11
59.5201
 21
-63.282
  0
LINE
  8
0
 10
59.5201
 20
-63.282
 11
59.5162
 21
-63.1999
  0
LINE
  8
0
 10
59.5162
 20
-63.1999
 11
59.5042
 21
-63.1219
  0
LINE
  8
0
 10
59.5042
 20
-63.1219
 11
59.484
 21
-63.0487
  0
LINE
  8
0
 10
59.484
 20
-63.0487
 11
59.4555
 21
-62.9805
  0
LINE
  8
0
 10
59.4555
 20
-62.9805
 11
59.4186
 21
-62.9175
  0
LINE
  8
0
 10
59.4186
 20
-62.9175
 11
59.3736
 21
-62.8602
  0
LINE
  8
0
 10
59.3736
 20
-62.8602
 11
59.3205
 21
-62.8087
  0
LINE
  8
0
 10
59.3205
 20
-62.8087
 11
59.2602
 21
-62.7637
  0
LINE
  8
0
 10
59.2602
 20
-62.7637
 11
59.1932
 21
-62.7259
  0
LINE
  8
0
 10
59.1932
 20
-62.7259
 11
59.1198
 21
-62.6952
  0
LINE
  8
0
 10
59.1198
 20
-62.6952
 11
59.0404
 21
-62.6716
  0
LINE
  8
0
 10
59.0404
 20
-62.6716
 11
58.9549
 21
-62.6549
  0
LINE
  8
0
 10
58.9549
 20
-62.6549
 11
58.8634
 21
-62.6449
  0
LINE
  8
0
 10
58.8634
 20
-62.6449
 11
58.7658
 21
-62.6416
  0
LINE
  8
0
 10
58.7658
 20
-62.6416
 11
58.6749
 21
-62.6449
  0
LINE
  8
0
 10
58.6749
 20
-62.6449
 11
58.5889
 21
-62.6548
  0
LINE
  8
0
 10
58.5889
 20
-62.6548
 11
58.5079
 21
-62.6714
  0
LINE
  8
0
 10
58.5079
 20
-62.6714
 11
58.4319
 21
-62.6949
  0
LINE
  8
0
 10
58.4319
 20
-62.6949
 11
58.3612
 21
-62.7253
  0
LINE
  8
0
 10
58.3612
 20
-62.7253
 11
58.2959
 21
-62.7627
  0
LINE
  8
0
 10
58.2959
 20
-62.7627
 11
58.2361
 21
-62.807
  0
LINE
  8
0
 10
58.2361
 20
-62.807
 11
58.1825
 21
-62.8579
  0
LINE
  8
0
 10
58.1825
 20
-62.8579
 11
58.1354
 21
-62.915
  0
LINE
  8
0
 10
58.1354
 20
-62.915
 11
58.0951
 21
-62.978
  0
LINE
  8
0
 10
58.0951
 20
-62.978
 11
58.0614
 21
-63.0467
  0
LINE
  8
0
 10
58.0614
 20
-63.0467
 11
58.0344
 21
-63.1209
  0
LINE
  8
0
 10
58.0344
 20
-63.1209
 11
58.014
 21
-63.2004
  0
LINE
  8
0
 10
58.014
 20
-63.2004
 11
57.9915
 21
-63.3382
  0
LINE
  8
0
 10
57.9915
 20
-63.3382
 11
58.5135
 21
-63.3677
  0
LINE
  8
0
 10
58.5135
 20
-63.3677
 11
58.528
 21
-63.2856
  0
LINE
  8
0
 10
58.528
 20
-63.2856
 11
58.5361
 21
-63.2521
  0
LINE
  8
0
 10
58.5361
 20
-63.2521
 11
58.5459
 21
-63.2221
  0
LINE
  8
0
 10
58.5459
 20
-63.2221
 11
58.5573
 21
-63.1952
  0
LINE
  8
0
 10
58.5573
 20
-63.1952
 11
58.5701
 21
-63.1716
  0
LINE
  8
0
 10
58.5701
 20
-63.1716
 11
58.5842
 21
-63.151
  0
LINE
  8
0
 10
58.5842
 20
-63.151
 11
58.5994
 21
-63.1334
  0
LINE
  8
0
 10
58.5994
 20
-63.1334
 11
58.616
 21
-63.1186
  0
LINE
  8
0
 10
58.616
 20
-63.1186
 11
58.6347
 21
-63.106
  0
LINE
  8
0
 10
58.6347
 20
-63.106
 11
58.6556
 21
-63.0956
  0
LINE
  8
0
 10
58.6556
 20
-63.0956
 11
58.6795
 21
-63.0872
  0
LINE
  8
0
 10
58.6795
 20
-63.0872
 11
58.7061
 21
-63.081
  0
LINE
  8
0
 10
58.7061
 20
-63.081
 11
58.736
 21
-63.0772
  0
LINE
  8
0
 10
58.736
 20
-63.0772
 11
58.768
 21
-63.0759
  0
LINE
  8
0
 10
58.768
 20
-63.0759
 11
58.8335
 21
-63.0809
  0
LINE
  8
0
 10
58.8335
 20
-63.0809
 11
58.8852
 21
-63.095
  0
LINE
  8
0
 10
58.8852
 20
-63.095
 11
58.9244
 21
-63.1167
  0
LINE
  8
0
 10
58.9244
 20
-63.1167
 11
58.9539
 21
-63.146
  0
LINE
  8
0
 10
58.9539
 20
-63.146
 11
58.9757
 21
-63.185
  0
LINE
  8
0
 10
58.9757
 20
-63.185
 11
58.9897
 21
-63.2361
  0
LINE
  8
0
 10
58.9897
 20
-63.2361
 11
58.9948
 21
-63.3009
  0
LINE
  8
0
 10
58.9948
 20
-63.3009
 11
58.9933
 21
-63.327
  0
LINE
  8
0
 10
58.9933
 20
-63.327
 11
58.9888
 21
-63.3537
  0
LINE
  8
0
 10
58.9888
 20
-63.3537
 11
58.9811
 21
-63.3813
  0
LINE
  8
0
 10
58.9811
 20
-63.3813
 11
58.9701
 21
-63.4095
  0
LINE
  8
0
 10
58.9701
 20
-63.4095
 11
58.9557
 21
-63.4384
  0
LINE
  8
0
 10
58.9557
 20
-63.4384
 11
58.9379
 21
-63.468
  0
LINE
  8
0
 10
58.9379
 20
-63.468
 11
58.9163
 21
-63.4983
  0
LINE
  8
0
 10
58.9163
 20
-63.4983
 11
58.89
 21
-63.5307
  0
LINE
  8
0
 10
58.89
 20
-63.5307
 11
58.8582
 21
-63.566
  0
LINE
  8
0
 10
58.8582
 20
-63.566
 11
58.8204
 21
-63.6045
  0
LINE
  8
0
 10
58.8204
 20
-63.6045
 11
58.7778
 21
-63.6452
  0
LINE
  8
0
 10
58.7778
 20
-63.6452
 11
58.7289
 21
-63.6893
  0
LINE
  8
0
 10
58.7289
 20
-63.6893
 11
58.6747
 21
-63.7359
  0
LINE
  8
0
 10
58.6747
 20
-63.7359
 11
58.6147
 21
-63.7855
  0
LINE
  8
0
 10
58.6147
 20
-63.7855
 11
58.5502
 21
-63.8387
  0
LINE
  8
0
 10
58.5502
 20
-63.8387
 11
58.4886
 21
-63.8918
  0
LINE
  8
0
 10
58.4886
 20
-63.8918
 11
58.4302
 21
-63.9443
  0
LINE
  8
0
 10
58.4302
 20
-63.9443
 11
58.3749
 21
-63.9962
  0
LINE
  8
0
 10
58.3749
 20
-63.9962
 11
58.3227
 21
-64.0477
  0
LINE
  8
0
 10
58.3227
 20
-64.0477
 11
58.2737
 21
-64.0986
  0
LINE
  8
0
 10
58.2737
 20
-64.0986
 11
58.2278
 21
-64.149
  0
LINE
  8
0
 10
58.2278
 20
-64.149
 11
58.1848
 21
-64.1996
  0
LINE
  8
0
 10
58.1848
 20
-64.1996
 11
58.1446
 21
-64.2507
  0
LINE
  8
0
 10
58.1446
 20
-64.2507
 11
58.1072
 21
-64.3022
  0
LINE
  8
0
 10
58.1072
 20
-64.3022
 11
58.0727
 21
-64.3543
  0
LINE
  8
0
 10
58.0727
 20
-64.3543
 11
58.041
 21
-64.4069
  0
LINE
  8
0
 10
58.041
 20
-64.4069
 11
58.0123
 21
-64.4599
  0
LINE
  8
0
 10
58.0123
 20
-64.4599
 11
57.9819
 21
-64.5227
  0
LINE
  8
0
 10
57.9819
 20
-64.5227
 11
57.9819
 21
-64.875
  0
LINE
  8
0
 10
57.9819
 20
-64.875
 11
59.5529
 21
-64.875
  0
LINE
  8
0
 10
59.5529
 20
-64.875
 11
59.5529
 21
-64.4304
  0
LINE
  8
0
 10
31.364
 20
-64.9011
 11
31.4636
 21
-64.8831
  0
LINE
  8
0
 10
31.4636
 20
-64.8831
 11
31.5562
 21
-64.8529
  0
LINE
  8
0
 10
31.5562
 20
-64.8529
 11
31.6413
 21
-64.8103
  0
LINE
  8
0
 10
31.6413
 20
-64.8103
 11
31.7184
 21
-64.7554
  0
LINE
  8
0
 10
31.7184
 20
-64.7554
 11
31.7872
 21
-64.6886
  0
LINE
  8
0
 10
31.7872
 20
-64.6886
 11
31.8473
 21
-64.6103
  0
LINE
  8
0
 10
31.8473
 20
-64.6103
 11
31.8989
 21
-64.5213
  0
LINE
  8
0
 10
31.8989
 20
-64.5213
 11
31.942
 21
-64.4222
  0
LINE
  8
0
 10
31.942
 20
-64.4222
 11
31.977
 21
-64.3129
  0
LINE
  8
0
 10
31.977
 20
-64.3129
 11
32.004
 21
-64.1936
  0
LINE
  8
0
 10
32.004
 20
-64.1936
 11
32.0232
 21
-64.0643
  0
LINE
  8
0
 10
32.0232
 20
-64.0643
 11
32.0347
 21
-63.9249
  0
LINE
  8
0
 10
32.0347
 20
-63.9249
 11
32.0385
 21
-63.7754
  0
LINE
  8
0
 10
32.0385
 20
-63.7754
 11
32.0349
 21
-63.6237
  0
LINE
  8
0
 10
32.0349
 20
-63.6237
 11
32.024
 21
-63.4827
  0
LINE
  8
0
 10
32.024
 20
-63.4827
 11
32.0059
 21
-63.3524
  0
LINE
  8
0
 10
32.0059
 20
-63.3524
 11
31.9804
 21
-63.2326
  0
LINE
  8
0
 10
31.9804
 20
-63.2326
 11
31.9473
 21
-63.1234
  0
LINE
  8
0
 10
31.9473
 20
-63.1234
 11
31.9064
 21
-63.0247
  0
LINE
  8
0
 10
31.9064
 20
-63.0247
 11
31.8575
 21
-62.9365
  0
LINE
  8
0
 10
31.8575
 20
-62.9365
 11
31.7996
 21
-62.8591
  0
LINE
  8
0
 10
31.7996
 20
-62.8591
 11
31.7324
 21
-62.7931
  0
LINE
  8
0
 10
31.7324
 20
-62.7931
 11
31.6561
 21
-62.7388
  0
LINE
  8
0
 10
31.6561
 20
-62.7388
 11
31.5711
 21
-62.6969
  0
LINE
  8
0
 10
31.5711
 20
-62.6969
 11
31.4781
 21
-62.6671
  0
LINE
  8
0
 10
31.4781
 20
-62.6671
 11
31.3775
 21
-62.6495
  0
LINE
  8
0
 10
31.3775
 20
-62.6495
 11
31.2699
 21
-62.6437
  0
LINE
  8
0
 10
31.2699
 20
-62.6437
 11
31.1939
 21
-62.6461
  0
LINE
  8
0
 10
31.1939
 20
-62.6461
 11
31.1223
 21
-62.6534
  0
LINE
  8
0
 10
31.1223
 20
-62.6534
 11
31.0545
 21
-62.6658
  0
LINE
  8
0
 10
31.0545
 20
-62.6658
 11
30.9905
 21
-62.6831
  0
LINE
  8
0
 10
30.9905
 20
-62.6831
 11
30.9303
 21
-62.7057
  0
LINE
  8
0
 10
30.9303
 20
-62.7057
 11
30.8743
 21
-62.7334
  0
LINE
  8
0
 10
30.8743
 20
-62.7334
 11
30.8225
 21
-62.7664
  0
LINE
  8
0
 10
30.8225
 20
-62.7664
 11
30.7747
 21
-62.8047
  0
LINE
  8
0
 10
30.7747
 20
-62.8047
 11
30.7307
 21
-62.8484
  0
LINE
  8
0
 10
30.7307
 20
-62.8484
 11
30.6905
 21
-62.8974
  0
LINE
  8
0
 10
30.6905
 20
-62.8974
 11
30.654
 21
-62.9515
  0
LINE
  8
0
 10
30.654
 20
-62.9515
 11
30.6213
 21
-63.0106
  0
LINE
  8
0
 10
30.6213
 20
-63.0106
 11
30.5923
 21
-63.0746
  0
LINE
  8
0
 10
30.5923
 20
-63.0746
 11
30.5669
 21
-63.1435
  0
LINE
  8
0
 10
30.5669
 20
-63.1435
 11
30.5451
 21
-63.2175
  0
LINE
  8
0
 10
30.5451
 20
-63.2175
 11
30.5267
 21
-63.297
  0
LINE
  8
0
 10
30.5267
 20
-63.297
 11
30.5117
 21
-63.3818
  0
LINE
  8
0
 10
30.5117
 20
-63.3818
 11
30.5002
 21
-63.472
  0
LINE
  8
0
 10
30.5002
 20
-63.472
 11
30.4919
 21
-63.5676
  0
LINE
  8
0
 10
30.4919
 20
-63.5676
 11
30.487
 21
-63.6687
  0
LINE
  8
0
 10
30.487
 20
-63.6687
 11
30.4853
 21
-63.7762
  0
LINE
  8
0
 10
30.4853
 20
-63.7762
 11
30.5003
 21
-64.0681
  0
LINE
  8
0
 10
30.5003
 20
-64.0681
 11
30.5459
 21
-64.3184
  0
LINE
  8
0
 10
30.5459
 20
-64.3184
 11
30.6231
 21
-64.5266
  0
LINE
  8
0
 10
30.6231
 20
-64.5266
 11
30.7336
 21
-64.6921
  0
LINE
  8
0
 10
30.7336
 20
-64.6921
 11
30.8777
 21
-64.812
  0
LINE
  8
0
 10
30.8777
 20
-64.812
 11
31.0533
 21
-64.8838
  0
LINE
  8
0
 10
31.0533
 20
-64.8838
 11
31.2559
 21
-64.9071
  0
LINE
  8
0
 10
31.2559
 20
-64.9071
 11
31.364
 21
-64.9011
  0
LINE
  8
0
 10
31.2316
 20
-64.476
 11
31.2056
 21
-64.4724
  0
LINE
  8
0
 10
31.2056
 20
-64.4724
 11
31.1823
 21
-64.4666
  0
LINE
  8
0
 10
31.1823
 20
-64.4666
 11
31.162
 21
-64.4588
  0
LINE
  8
0
 10
31.162
 20
-64.4588
 11
31.1437
 21
-64.449
  0
LINE
  8
0
 10
31.1437
 20
-64.449
 11
31.1277
 21
-64.4374
  0
LINE
  8
0
 10
31.1277
 20
-64.4374
 11
31.1132
 21
-64.4234
  0
LINE
  8
0
 10
31.1132
 20
-64.4234
 11
31.0997
 21
-64.4064
  0
LINE
  8
0
 10
31.0997
 20
-64.4064
 11
31.0864
 21
-64.3852
  0
LINE
  8
0
 10
31.0864
 20
-64.3852
 11
31.0738
 21
-64.3597
  0
LINE
  8
0
 10
31.0738
 20
-64.3597
 11
31.062
 21
-64.3302
  0
LINE
  8
0
 10
31.062
 20
-64.3302
 11
31.0511
 21
-64.2962
  0
LINE
  8
0
 10
31.0511
 20
-64.2962
 11
31.0414
 21
-64.2583
  0
LINE
  8
0
 10
31.0414
 20
-64.2583
 11
31.0329
 21
-64.2165
  0
LINE
  8
0
 10
31.0329
 20
-64.2165
 11
31.0254
 21
-64.1692
  0
LINE
  8
0
 10
31.0254
 20
-64.1692
 11
31.0192
 21
-64.1174
  0
LINE
  8
0
 10
31.0192
 20
-64.1174
 11
31.0139
 21
-64.0595
  0
LINE
  8
0
 10
31.0139
 20
-64.0595
 11
31.0099
 21
-63.9964
  0
LINE
  8
0
 10
31.0099
 20
-63.9964
 11
31.0069
 21
-63.9279
  0
LINE
  8
0
 10
31.0069
 20
-63.9279
 11
31.0052
 21
-63.8547
  0
LINE
  8
0
 10
31.0052
 20
-63.8547
 11
31.0046
 21
-63.775
  0
LINE
  8
0
 10
31.0046
 20
-63.775
 11
31.0051
 21
-63.6954
  0
LINE
  8
0
 10
31.0051
 20
-63.6954
 11
31.0068
 21
-63.6212
  0
LINE
  8
0
 10
31.0068
 20
-63.6212
 11
31.0096
 21
-63.553
  0
LINE
  8
0
 10
31.0096
 20
-63.553
 11
31.0135
 21
-63.4891
  0
LINE
  8
0
 10
31.0135
 20
-63.4891
 11
31.0184
 21
-63.4311
  0
LINE
  8
0
 10
31.0184
 20
-63.4311
 11
31.0244
 21
-63.3792
  0
LINE
  8
0
 10
31.0244
 20
-63.3792
 11
31.0314
 21
-63.3325
  0
LINE
  8
0
 10
31.0314
 20
-63.3325
 11
31.0396
 21
-63.2911
  0
LINE
  8
0
 10
31.0396
 20
-63.2911
 11
31.0491
 21
-63.2534
  0
LINE
  8
0
 10
31.0491
 20
-63.2534
 11
31.0598
 21
-63.2199
  0
LINE
  8
0
 10
31.0598
 20
-63.2199
 11
31.0715
 21
-63.1906
  0
LINE
  8
0
 10
31.0715
 20
-63.1906
 11
31.0842
 21
-63.1653
  0
LINE
  8
0
 10
31.0842
 20
-63.1653
 11
31.0976
 21
-63.144
  0
LINE
  8
0
 10
31.0976
 20
-63.144
 11
31.1115
 21
-63.1268
  0
LINE
  8
0
 10
31.1115
 20
-63.1268
 11
31.1264
 21
-63.1127
  0
LINE
  8
0
 10
31.1264
 20
-63.1127
 11
31.143
 21
-63.1008
  0
LINE
  8
0
 10
31.143
 20
-63.1008
 11
31.162
 21
-63.0909
  0
LINE
  8
0
 10
31.162
 20
-63.0909
 11
31.1837
 21
-63.0829
  0
LINE
  8
0
 10
31.1837
 20
-63.0829
 11
31.2082
 21
-63.077
  0
LINE
  8
0
 10
31.2082
 20
-63.077
 11
31.2358
 21
-63.0733
  0
LINE
  8
0
 10
31.2358
 20
-63.0733
 11
31.2663
 21
-63.072
  0
LINE
  8
0
 10
31.2663
 20
-63.072
 11
31.2948
 21
-63.0732
  0
LINE
  8
0
 10
31.2948
 20
-63.0732
 11
31.3203
 21
-63.0768
  0
LINE
  8
0
 10
31.3203
 20
-63.0768
 11
31.3431
 21
-63.0826
  0
LINE
  8
0
 10
31.3431
 20
-63.0826
 11
31.3632
 21
-63.0903
  0
LINE
  8
0
 10
31.3632
 20
-63.0903
 11
31.3811
 21
-63.1
  0
LINE
  8
0
 10
31.3811
 20
-63.1
 11
31.3968
 21
-63.1116
  0
LINE
  8
0
 10
31.3968
 20
-63.1116
 11
31.4111
 21
-63.1256
  0
LINE
  8
0
 10
31.4111
 20
-63.1256
 11
31.4245
 21
-63.1427
  0
LINE
  8
0
 10
31.4245
 20
-63.1427
 11
31.4375
 21
-63.1637
  0
LINE
  8
0
 10
31.4375
 20
-63.1637
 11
31.45
 21
-63.189
  0
LINE
  8
0
 10
31.45
 20
-63.189
 11
31.4617
 21
-63.2188
  0
LINE
  8
0
 10
31.4617
 20
-63.2188
 11
31.4722
 21
-63.2521
  0
LINE
  8
0
 10
31.4722
 20
-63.2521
 11
31.4818
 21
-63.2902
  0
LINE
  8
0
 10
31.4818
 20
-63.2902
 11
31.4902
 21
-63.3322
  0
LINE
  8
0
 10
31.4902
 20
-63.3322
 11
31.4973
 21
-63.3787
  0
LINE
  8
0
 10
31.4973
 20
-63.3787
 11
31.5035
 21
-63.4311
  0
LINE
  8
0
 10
31.5035
 20
-63.4311
 11
31.5086
 21
-63.4891
  0
LINE
  8
0
 10
31.5086
 20
-63.4891
 11
31.5126
 21
-63.5521
  0
LINE
  8
0
 10
31.5126
 20
-63.5521
 11
31.5154
 21
-63.6213
  0
LINE
  8
0
 10
31.5154
 20
-63.6213
 11
31.5172
 21
-63.6954
  0
LINE
  8
0
 10
31.5172
 20
-63.6954
 11
31.5177
 21
-63.7757
  0
LINE
  8
0
 10
31.5177
 20
-63.7757
 11
31.5171
 21
-63.8523
  0
LINE
  8
0
 10
31.5171
 20
-63.8523
 11
31.5154
 21
-63.923
  0
LINE
  8
0
 10
31.5154
 20
-63.923
 11
31.5124
 21
-63.9904
  0
LINE
  8
0
 10
31.5124
 20
-63.9904
 11
31.5084
 21
-64.0525
  0
LINE
  8
0
 10
31.5084
 20
-64.0525
 11
31.5032
 21
-64.109
  0
LINE
  8
0
 10
31.5032
 20
-64.109
 11
31.4968
 21
-64.1611
  0
LINE
  8
0
 10
31.4968
 20
-64.1611
 11
31.4894
 21
-64.2081
  0
LINE
  8
0
 10
31.4894
 20
-64.2081
 11
31.4808
 21
-64.2506
  0
LINE
  8
0
 10
31.4808
 20
-64.2506
 11
31.471
 21
-64.2887
  0
LINE
  8
0
 10
31.471
 20
-64.2887
 11
31.46
 21
-64.3232
  0
LINE
  8
0
 10
31.46
 20
-64.3232
 11
31.448
 21
-64.3534
  0
LINE
  8
0
 10
31.448
 20
-64.3534
 11
31.435
 21
-64.3798
  0
LINE
  8
0
 10
31.435
 20
-64.3798
 11
31.4213
 21
-64.4019
  0
LINE
  8
0
 10
31.4213
 20
-64.4019
 11
31.4071
 21
-64.4202
  0
LINE
  8
0
 10
31.4071
 20
-64.4202
 11
31.3921
 21
-64.4352
  0
LINE
  8
0
 10
31.3921
 20
-64.4352
 11
31.3756
 21
-64.4477
  0
LINE
  8
0
 10
31.3756
 20
-64.4477
 11
31.3574
 21
-64.4579
  0
LINE
  8
0
 10
31.3574
 20
-64.4579
 11
31.337
 21
-64.4661
  0
LINE
  8
0
 10
31.337
 20
-64.4661
 11
31.3141
 21
-64.4722
  0
LINE
  8
0
 10
31.3141
 20
-64.4722
 11
31.2885
 21
-64.4759
  0
LINE
  8
0
 10
31.2885
 20
-64.4759
 11
31.2604
 21
-64.4772
  0
LINE
  8
0
 10
31.2604
 20
-64.4772
 11
31.2316
 21
-64.476
  0
LINE
  8
0
 10
21.3252
 20
-64.901
 11
21.4283
 21
-64.883
  0
LINE
  8
0
 10
21.4283
 20
-64.883
 11
21.5248
 21
-64.8526
  0
LINE
  8
0
 10
21.5248
 20
-64.8526
 11
21.6141
 21
-64.8099
  0
LINE
  8
0
 10
21.6141
 20
-64.8099
 11
21.696
 21
-64.7549
  0
LINE
  8
0
 10
21.696
 20
-64.7549
 11
21.7702
 21
-64.6879
  0
LINE
  8
0
 10
21.7702
 20
-64.6879
 11
21.8364
 21
-64.6091
  0
LINE
  8
0
 10
21.8364
 20
-64.6091
 11
21.894
 21
-64.5187
  0
LINE
  8
0
 10
21.894
 20
-64.5187
 11
21.9424
 21
-64.4169
  0
LINE
  8
0
 10
21.9424
 20
-64.4169
 11
21.9816
 21
-64.304
  0
LINE
  8
0
 10
21.9816
 20
-64.304
 11
22.0119
 21
-64.1801
  0
LINE
  8
0
 10
22.0119
 20
-64.1801
 11
22.0334
 21
-64.0453
  0
LINE
  8
0
 10
22.0334
 20
-64.0453
 11
22.0462
 21
-63.8995
  0
LINE
  8
0
 10
22.0462
 20
-63.8995
 11
22.0504
 21
-63.7426
  0
LINE
  8
0
 10
22.0504
 20
-63.7426
 11
22.0466
 21
-63.5951
  0
LINE
  8
0
 10
22.0466
 20
-63.5951
 11
22.035
 21
-63.4581
  0
LINE
  8
0
 10
22.035
 20
-63.4581
 11
22.0157
 21
-63.3313
  0
LINE
  8
0
 10
22.0157
 20
-63.3313
 11
21.9884
 21
-63.2147
  0
LINE
  8
0
 10
21.9884
 20
-63.2147
 11
21.953
 21
-63.1084
  0
LINE
  8
0
 10
21.953
 20
-63.1084
 11
21.9093
 21
-63.0123
  0
LINE
  8
0
 10
21.9093
 20
-63.0123
 11
21.8571
 21
-62.9266
  0
LINE
  8
0
 10
21.8571
 20
-62.9266
 11
21.796
 21
-62.8516
  0
LINE
  8
0
 10
21.796
 20
-62.8516
 11
21.7259
 21
-62.7878
  0
LINE
  8
0
 10
21.7259
 20
-62.7878
 11
21.6472
 21
-62.7355
  0
LINE
  8
0
 10
21.6472
 20
-62.7355
 11
21.5604
 21
-62.695
  0
LINE
  8
0
 10
21.5604
 20
-62.695
 11
21.4658
 21
-62.6663
  0
LINE
  8
0
 10
21.4658
 20
-62.6663
 11
21.3637
 21
-62.6493
  0
LINE
  8
0
 10
21.3637
 20
-62.6493
 11
21.2547
 21
-62.6437
  0
LINE
  8
0
 10
21.2547
 20
-62.6437
 11
21.1534
 21
-62.6477
  0
LINE
  8
0
 10
21.1534
 20
-62.6477
 11
21.0584
 21
-62.6597
  0
LINE
  8
0
 10
21.0584
 20
-62.6597
 11
20.9694
 21
-62.6798
  0
LINE
  8
0
 10
20.9694
 20
-62.6798
 11
20.8866
 21
-62.7083
  0
LINE
  8
0
 10
20.8866
 20
-62.7083
 11
20.8101
 21
-62.7452
  0
LINE
  8
0
 10
20.8101
 20
-62.7452
 11
20.7402
 21
-62.7906
  0
LINE
  8
0
 10
20.7402
 20
-62.7906
 11
20.6772
 21
-62.8443
  0
LINE
  8
0
 10
20.6772
 20
-62.8443
 11
20.622
 21
-62.9053
  0
LINE
  8
0
 10
20.622
 20
-62.9053
 11
20.5753
 21
-62.9728
  0
LINE
  8
0
 10
20.5753
 20
-62.9728
 11
20.5372
 21
-63.0464
  0
LINE
  8
0
 10
20.5372
 20
-63.0464
 11
20.5078
 21
-63.1259
  0
LINE
  8
0
 10
20.5078
 20
-63.1259
 11
20.4869
 21
-63.2111
  0
LINE
  8
0
 10
20.4869
 20
-63.2111
 11
20.4745
 21
-63.3018
  0
LINE
  8
0
 10
20.4745
 20
-63.3018
 11
20.4704
 21
-63.3978
  0
LINE
  8
0
 10
20.4704
 20
-63.3978
 11
20.4739
 21
-63.4911
  0
LINE
  8
0
 10
20.4739
 20
-63.4911
 11
20.4844
 21
-63.5793
  0
LINE
  8
0
 10
20.4844
 20
-63.5793
 11
20.5021
 21
-63.6624
  0
LINE
  8
0
 10
20.5021
 20
-63.6624
 11
20.527
 21
-63.7404
  0
LINE
  8
0
 10
20.527
 20
-63.7404
 11
20.5593
 21
-63.8131
  0
LINE
  8
0
 10
20.5593
 20
-63.8131
 11
20.5989
 21
-63.8802
  0
LINE
  8
0
 10
20.5989
 20
-63.8802
 11
20.6459
 21
-63.9417
  0
LINE
  8
0
 10
20.6459
 20
-63.9417
 11
20.6993
 21
-63.9962
  0
LINE
  8
0
 10
20.6993
 20
-63.9962
 11
20.7581
 21
-64.0426
  0
LINE
  8
0
 10
20.7581
 20
-64.0426
 11
20.8221
 21
-64.0806
  0
LINE
  8
0
 10
20.8221
 20
-64.0806
 11
20.891
 21
-64.1101
  0
LINE
  8
0
 10
20.891
 20
-64.1101
 11
20.9646
 21
-64.1311
  0
LINE
  8
0
 10
20.9646
 20
-64.1311
 11
21.0425
 21
-64.1435
  0
LINE
  8
0
 10
21.0425
 20
-64.1435
 11
21.1242
 21
-64.1476
  0
LINE
  8
0
 10
21.1242
 20
-64.1476
 11
21.17
 21
-64.1462
  0
LINE
  8
0
 10
21.17
 20
-64.1462
 11
21.2145
 21
-64.142
  0
LINE
  8
0
 10
21.2145
 20
-64.142
 11
21.2583
 21
-64.1351
  0
LINE
  8
0
 10
21.2583
 20
-64.1351
 11
21.3013
 21
-64.1253
  0
LINE
  8
0
 10
21.3013
 20
-64.1253
 11
21.3434
 21
-64.1127
  0
LINE
  8
0
 10
21.3434
 20
-64.1127
 11
21.3847
 21
-64.0973
  0
LINE
  8
0
 10
21.3847
 20
-64.0973
 11
21.4251
 21
-64.079
  0
LINE
  8
0
 10
21.4251
 20
-64.079
 11
21.4638
 21
-64.0581
  0
LINE
  8
0
 10
21.4638
 20
-64.0581
 11
21.4998
 21
-64.0347
  0
LINE
  8
0
 10
21.4998
 20
-64.0347
 11
21.5312
 21
-64.0102
  0
LINE
  8
0
 10
21.5312
 20
-64.0102
 11
21.5297
 21
-64.0297
  0
LINE
  8
0
 10
21.5297
 20
-64.0297
 11
21.5199
 21
-64.1048
  0
LINE
  8
0
 10
21.5199
 20
-64.1048
 11
21.5065
 21
-64.1729
  0
LINE
  8
0
 10
21.5065
 20
-64.1729
 11
21.4899
 21
-64.2338
  0
LINE
  8
0
 10
21.4899
 20
-64.2338
 11
21.47
 21
-64.2875
  0
LINE
  8
0
 10
21.47
 20
-64.2875
 11
21.4473
 21
-64.334
  0
LINE
  8
0
 10
21.4473
 20
-64.334
 11
21.4219
 21
-64.3736
  0
LINE
  8
0
 10
21.4219
 20
-64.3736
 11
21.3944
 21
-64.4061
  0
LINE
  8
0
 10
21.3944
 20
-64.4061
 11
21.3649
 21
-64.4319
  0
LINE
  8
0
 10
21.3649
 20
-64.4319
 11
21.3332
 21
-64.4516
  0
LINE
  8
0
 10
21.3332
 20
-64.4516
 11
21.299
 21
-64.4657
  0
LINE
  8
0
 10
21.299
 20
-64.4657
 11
21.2615
 21
-64.4742
  0
LINE
  8
0
 10
21.2615
 20
-64.4742
 11
21.2203
 21
-64.4771
  0
LINE
  8
0
 10
21.2203
 20
-64.4771
 11
21.1715
 21
-64.4733
  0
LINE
  8
0
 10
21.1715
 20
-64.4733
 11
21.1302
 21
-64.4623
  0
LINE
  8
0
 10
21.1302
 20
-64.4623
 11
21.0951
 21
-64.4447
  0
LINE
  8
0
 10
21.0951
 20
-64.4447
 11
21.0651
 21
-64.4203
  0
LINE
  8
0
 10
21.0651
 20
-64.4203
 11
21.0393
 21
-64.3878
  0
LINE
  8
0
 10
21.0393
 20
-64.3878
 11
21.0174
 21
-64.3463
  0
LINE
  8
0
 10
21.0174
 20
-64.3463
 11
20.9857
 21
-64.2527
  0
LINE
  8
0
 10
20.9857
 20
-64.2527
 11
20.4935
 21
-64.3216
  0
LINE
  8
0
 10
20.4935
 20
-64.3216
 11
20.5309
 21
-64.4495
  0
LINE
  8
0
 10
20.5309
 20
-64.4495
 11
20.5567
 21
-64.518
  0
LINE
  8
0
 10
20.5567
 20
-64.518
 11
20.5867
 21
-64.5813
  0
LINE
  8
0
 10
20.5867
 20
-64.5813
 11
20.621
 21
-64.6391
  0
LINE
  8
0
 10
20.621
 20
-64.6391
 11
20.6598
 21
-64.6913
  0
LINE
  8
0
 10
20.6598
 20
-64.6913
 11
20.703
 21
-64.7378
  0
LINE
  8
0
 10
20.703
 20
-64.7378
 11
20.7506
 21
-64.7784
  0
LINE
  8
0
 10
20.7506
 20
-64.7784
 11
20.8029
 21
-64.8131
  0
LINE
  8
0
 10
20.8029
 20
-64.8131
 11
20.8602
 21
-64.8422
  0
LINE
  8
0
 10
20.8602
 20
-64.8422
 11
20.9222
 21
-64.8658
  0
LINE
  8
0
 10
20.9222
 20
-64.8658
 11
20.9888
 21
-64.884
  0
LINE
  8
0
 10
20.9888
 20
-64.884
 11
21.0599
 21
-64.8968
  0
LINE
  8
0
 10
21.0599
 20
-64.8968
 11
21.1355
 21
-64.9044
  0
LINE
  8
0
 10
21.1355
 20
-64.9044
 11
21.2162
 21
-64.907
  0
LINE
  8
0
 10
21.2162
 20
-64.907
 11
21.3252
 21
-64.901
  0
LINE
  8
0
 10
21.2119
 20
-63.7339
 11
21.1815
 21
-63.7285
  0
LINE
  8
0
 10
21.1815
 20
-63.7285
 11
21.1539
 21
-63.7198
  0
LINE
  8
0
 10
21.1539
 20
-63.7198
 11
21.1287
 21
-63.7079
  0
LINE
  8
0
 10
21.1287
 20
-63.7079
 11
21.1057
 21
-63.6925
  0
LINE
  8
0
 10
21.1057
 20
-63.6925
 11
21.0844
 21
-63.6734
  0
LINE
  8
0
 10
21.0844
 20
-63.6734
 11
21.0646
 21
-63.6504
  0
LINE
  8
0
 10
21.0646
 20
-63.6504
 11
21.0468
 21
-63.6237
  0
LINE
  8
0
 10
21.0468
 20
-63.6237
 11
21.0316
 21
-63.5943
  0
LINE
  8
0
 10
21.0316
 20
-63.5943
 11
21.0188
 21
-63.5617
  0
LINE
  8
0
 10
21.0188
 20
-63.5617
 11
21.0089
 21
-63.5263
  0
LINE
  8
0
 10
21.0089
 20
-63.5263
 11
21.0016
 21
-63.4878
  0
LINE
  8
0
 10
21.0016
 20
-63.4878
 11
20.9971
 21
-63.4458
  0
LINE
  8
0
 10
20.9971
 20
-63.4458
 11
20.9957
 21
-63.4009
  0
LINE
  8
0
 10
20.9957
 20
-63.4009
 11
20.9972
 21
-63.3553
  0
LINE
  8
0
 10
20.9972
 20
-63.3553
 11
21.0017
 21
-63.3129
  0
LINE
  8
0
 10
21.0017
 20
-63.3129
 11
21.009
 21
-63.2744
  0
LINE
  8
0
 10
21.009
 20
-63.2744
 11
21.019
 21
-63.2393
  0
LINE
  8
0
 10
21.019
 20
-63.2393
 11
21.0317
 21
-63.2076
  0
LINE
  8
0
 10
21.0317
 20
-63.2076
 11
21.047
 21
-63.1791
  0
LINE
  8
0
 10
21.047
 20
-63.1791
 11
21.0646
 21
-63.1539
  0
LINE
  8
0
 10
21.0646
 20
-63.1539
 11
21.0845
 21
-63.1318
  0
LINE
  8
0
 10
21.0845
 20
-63.1318
 11
21.1057
 21
-63.1136
  0
LINE
  8
0
 10
21.1057
 20
-63.1136
 11
21.1288
 21
-63.0988
  0
LINE
  8
0
 10
21.1288
 20
-63.0988
 11
21.1538
 21
-63.0873
  0
LINE
  8
0
 10
21.1538
 20
-63.0873
 11
21.1811
 21
-63.0789
  0
LINE
  8
0
 10
21.1811
 20
-63.0789
 11
21.2112
 21
-63.0738
  0
LINE
  8
0
 10
21.2112
 20
-63.0738
 11
21.2438
 21
-63.072
  0
LINE
  8
0
 10
21.2438
 20
-63.072
 11
21.2771
 21
-63.074
  0
LINE
  8
0
 10
21.2771
 20
-63.074
 11
21.3077
 21
-63.0799
  0
LINE
  8
0
 10
21.3077
 20
-63.0799
 11
21.3357
 21
-63.0894
  0
LINE
  8
0
 10
21.3357
 20
-63.0894
 11
21.3619
 21
-63.1027
  0
LINE
  8
0
 10
21.3619
 20
-63.1027
 11
21.3864
 21
-63.1199
  0
LINE
  8
0
 10
21.3864
 20
-63.1199
 11
21.4095
 21
-63.1414
  0
LINE
  8
0
 10
21.4095
 20
-63.1414
 11
21.4313
 21
-63.1674
  0
LINE
  8
0
 10
21.4313
 20
-63.1674
 11
21.4509
 21
-63.1973
  0
LINE
  8
0
 10
21.4509
 20
-63.1973
 11
21.4678
 21
-63.2305
  0
LINE
  8
0
 10
21.4678
 20
-63.2305
 11
21.4817
 21
-63.267
  0
LINE
  8
0
 10
21.4817
 20
-63.267
 11
21.4927
 21
-63.3069
  0
LINE
  8
0
 10
21.4927
 20
-63.3069
 11
21.5007
 21
-63.3505
  0
LINE
  8
0
 10
21.5007
 20
-63.3505
 11
21.5056
 21
-63.3979
  0
LINE
  8
0
 10
21.5056
 20
-63.3979
 11
21.5072
 21
-63.4483
  0
LINE
  8
0
 10
21.5072
 20
-63.4483
 11
21.5056
 21
-63.4869
  0
LINE
  8
0
 10
21.5056
 20
-63.4869
 11
21.5008
 21
-63.5222
  0
LINE
  8
0
 10
21.5008
 20
-63.5222
 11
21.493
 21
-63.5544
  0
LINE
  8
0
 10
21.493
 20
-63.5544
 11
21.4823
 21
-63.5843
  0
LINE
  8
0
 10
21.4823
 20
-63.5843
 11
21.4686
 21
-63.6115
  0
LINE
  8
0
 10
21.4686
 20
-63.6115
 11
21.4521
 21
-63.6364
  0
LINE
  8
0
 10
21.4521
 20
-63.6364
 11
21.4324
 21
-63.6593
  0
LINE
  8
0
 10
21.4324
 20
-63.6593
 11
21.4103
 21
-63.6798
  0
LINE
  8
0
 10
21.4103
 20
-63.6798
 11
21.3871
 21
-63.6968
  0
LINE
  8
0
 10
21.3871
 20
-63.6968
 11
21.3621
 21
-63.7108
  0
LINE
  8
0
 10
21.3621
 20
-63.7108
 11
21.336
 21
-63.7215
  0
LINE
  8
0
 10
21.336
 20
-63.7215
 11
21.3079
 21
-63.7294
  0
LINE
  8
0
 10
21.3079
 20
-63.7294
 11
21.2778
 21
-63.7341
  0
LINE
  8
0
 10
21.2778
 20
-63.7341
 11
21.2456
 21
-63.7357
  0
LINE
  8
0
 10
21.2456
 20
-63.7357
 11
21.2119
 21
-63.7339
  0
LINE
  8
0
 10
29.5529
 20
-64.4325
 11
28.6107
 21
-64.4325
  0
LINE
  8
0
 10
28.6107
 20
-64.4325
 11
28.6128
 21
-64.4292
  0
LINE
  8
0
 10
28.6128
 20
-64.4292
 11
28.6295
 21
-64.4054
  0
LINE
  8
0
 10
28.6295
 20
-64.4054
 11
28.6478
 21
-64.382
  0
LINE
  8
0
 10
28.6478
 20
-64.382
 11
28.6682
 21
-64.3586
  0
LINE
  8
0
 10
28.6682
 20
-64.3586
 11
28.6903
 21
-64.3356
  0
LINE
  8
0
 10
28.6903
 20
-64.3356
 11
28.714
 21
-64.3126
  0
LINE
  8
0
 10
28.714
 20
-64.3126
 11
28.739
 21
-64.2889
  0
LINE
  8
0
 10
28.739
 20
-64.2889
 11
28.7653
 21
-64.2649
  0
LINE
  8
0
 10
28.7653
 20
-64.2649
 11
28.792
 21
-64.2412
  0
LINE
  8
0
 10
28.792
 20
-64.2412
 11
28.8188
 21
-64.2182
  0
LINE
  8
0
 10
28.8188
 20
-64.2182
 11
28.847
 21
-64.1946
  0
LINE
  8
0
 10
28.847
 20
-64.1946
 11
28.8765
 21
-64.1707
  0
LINE
  8
0
 10
28.8765
 20
-64.1707
 11
28.9061
 21
-64.147
  0
LINE
  8
0
 10
28.9061
 20
-64.147
 11
28.9668
 21
-64.0986
  0
LINE
  8
0
 10
28.9668
 20
-64.0986
 11
29.0287
 21
-64.0494
  0
LINE
  8
0
 10
29.0287
 20
-64.0494
 11
29.0918
 21
-63.9993
  0
LINE
  8
0
 10
29.0918
 20
-63.9993
 11
29.1238
 21
-63.9734
  0
LINE
  8
0
 10
29.1238
 20
-63.9734
 11
29.1552
 21
-63.9467
  0
LINE
  8
0
 10
29.1552
 20
-63.9467
 11
29.1858
 21
-63.9195
  0
LINE
  8
0
 10
29.1858
 20
-63.9195
 11
29.2155
 21
-63.8917
  0
LINE
  8
0
 10
29.2155
 20
-63.8917
 11
29.2445
 21
-63.8634
  0
LINE
  8
0
 10
29.2445
 20
-63.8634
 11
29.2725
 21
-63.8346
  0
LINE
  8
0
 10
29.2725
 20
-63.8346
 11
29.2999
 21
-63.805
  0
LINE
  8
0
 10
29.2999
 20
-63.805
 11
29.3264
 21
-63.7745
  0
LINE
  8
0
 10
29.3264
 20
-63.7745
 11
29.3516
 21
-63.7431
  0
LINE
  8
0
 10
29.3516
 20
-63.7431
 11
29.3755
 21
-63.7108
  0
LINE
  8
0
 10
29.3755
 20
-63.7108
 11
29.3979
 21
-63.6777
  0
LINE
  8
0
 10
29.3979
 20
-63.6777
 11
29.419
 21
-63.6437
  0
LINE
  8
0
 10
29.419
 20
-63.6437
 11
29.4386
 21
-63.609
  0
LINE
  8
0
 10
29.4386
 20
-63.609
 11
29.457
 21
-63.5732
  0
LINE
  8
0
 10
29.457
 20
-63.5732
 11
29.4737
 21
-63.5356
  0
LINE
  8
0
 10
29.4737
 20
-63.5356
 11
29.4879
 21
-63.4966
  0
LINE
  8
0
 10
29.4879
 20
-63.4966
 11
29.4996
 21
-63.4563
  0
LINE
  8
0
 10
29.4996
 20
-63.4563
 11
29.5086
 21
-63.415
  0
LINE
  8
0
 10
29.5086
 20
-63.415
 11
29.515
 21
-63.3725
  0
LINE
  8
0
 10
29.515
 20
-63.3725
 11
29.5188
 21
-63.329
  0
LINE
  8
0
 10
29.5188
 20
-63.329
 11
29.5201
 21
-63.2841
  0
LINE
  8
0
 10
29.5201
 20
-63.2841
 11
29.5162
 21
-63.2019
  0
LINE
  8
0
 10
29.5162
 20
-63.2019
 11
29.5042
 21
-63.124
  0
LINE
  8
0
 10
29.5042
 20
-63.124
 11
29.484
 21
-63.0508
  0
LINE
  8
0
 10
29.484
 20
-63.0508
 11
29.4555
 21
-62.9825
  0
LINE
  8
0
 10
29.4555
 20
-62.9825
 11
29.4186
 21
-62.9196
  0
LINE
  8
0
 10
29.4186
 20
-62.9196
 11
29.3736
 21
-62.8622
  0
LINE
  8
0
 10
29.3736
 20
-62.8622
 11
29.3205
 21
-62.8108
  0
LINE
  8
0
 10
29.3205
 20
-62.8108
 11
29.2602
 21
-62.7658
  0
LINE
  8
0
 10
29.2602
 20
-62.7658
 11
29.1932
 21
-62.7279
  0
LINE
  8
0
 10
29.1932
 20
-62.7279
 11
29.1198
 21
-62.6972
  0
LINE
  8
0
 10
29.1198
 20
-62.6972
 11
29.0404
 21
-62.6736
  0
LINE
  8
0
 10
29.0404
 20
-62.6736
 11
28.9549
 21
-62.6569
  0
LINE
  8
0
 10
28.9549
 20
-62.6569
 11
28.8634
 21
-62.647
  0
LINE
  8
0
 10
28.8634
 20
-62.647
 11
28.7658
 21
-62.6437
  0
LINE
  8
0
 10
28.7658
 20
-62.6437
 11
28.6749
 21
-62.647
  0
LINE
  8
0
 10
28.6749
 20
-62.647
 11
28.5889
 21
-62.6569
  0
LINE
  8
0
 10
28.5889
 20
-62.6569
 11
28.5079
 21
-62.6735
  0
LINE
  8
0
 10
28.5079
 20
-62.6735
 11
28.4319
 21
-62.6969
  0
LINE
  8
0
 10
28.4319
 20
-62.6969
 11
28.3612
 21
-62.7273
  0
LINE
  8
0
 10
28.3612
 20
-62.7273
 11
28.2959
 21
-62.7647
  0
LINE
  8
0
 10
28.2959
 20
-62.7647
 11
28.2361
 21
-62.8091
  0
LINE
  8
0
 10
28.2361
 20
-62.8091
 11
28.1825
 21
-62.86
  0
LINE
  8
0
 10
28.1825
 20
-62.86
 11
28.1354
 21
-62.917
  0
LINE
  8
0
 10
28.1354
 20
-62.917
 11
28.0951
 21
-62.98
  0
LINE
  8
0
 10
28.0951
 20
-62.98
 11
28.0614
 21
-63.0487
  0
LINE
  8
0
 10
28.0614
 20
-63.0487
 11
28.0344
 21
-63.1229
  0
LINE
  8
0
 10
28.0344
 20
-63.1229
 11
28.014
 21
-63.2025
  0
LINE
  8
0
 10
28.014
 20
-63.2025
 11
27.9915
 21
-63.3403
  0
LINE
  8
0
 10
27.9915
 20
-63.3403
 11
28.5135
 21
-63.3698
  0
LINE
  8
0
 10
28.5135
 20
-63.3698
 11
28.528
 21
-63.2877
  0
LINE
  8
0
 10
28.528
 20
-63.2877
 11
28.5361
 21
-63.2542
  0
LINE
  8
0
 10
28.5361
 20
-63.2542
 11
28.546
 21
-63.2241
  0
LINE
  8
0
 10
28.546
 20
-63.2241
 11
28.5573
 21
-63.1973
  0
LINE
  8
0
 10
28.5573
 20
-63.1973
 11
28.5701
 21
-63.1736
  0
LINE
  8
0
 10
28.5701
 20
-63.1736
 11
28.5842
 21
-63.153
  0
LINE
  8
0
 10
28.5842
 20
-63.153
 11
28.5993
 21
-63.1355
  0
LINE
  8
0
 10
28.5993
 20
-63.1355
 11
28.616
 21
-63.1207
  0
LINE
  8
0
 10
28.616
 20
-63.1207
 11
28.6347
 21
-63.1081
  0
LINE
  8
0
 10
28.6347
 20
-63.1081
 11
28.6557
 21
-63.0977
  0
LINE
  8
0
 10
28.6557
 20
-63.0977
 11
28.6795
 21
-63.0893
  0
LINE
  8
0
 10
28.6795
 20
-63.0893
 11
28.7061
 21
-63.0831
  0
LINE
  8
0
 10
28.7061
 20
-63.0831
 11
28.736
 21
-63.0793
  0
LINE
  8
0
 10
28.736
 20
-63.0793
 11
28.7679
 21
-63.078
  0
LINE
  8
0
 10
28.7679
 20
-63.078
 11
28.8335
 21
-63.083
  0
LINE
  8
0
 10
28.8335
 20
-63.083
 11
28.8852
 21
-63.097
  0
LINE
  8
0
 10
28.8852
 20
-63.097
 11
28.9244
 21
-63.1187
  0
LINE
  8
0
 10
28.9244
 20
-63.1187
 11
28.9539
 21
-63.1481
  0
LINE
  8
0
 10
28.9539
 20
-63.1481
 11
28.9757
 21
-63.1871
  0
LINE
  8
0
 10
28.9757
 20
-63.1871
 11
28.9897
 21
-63.2382
  0
LINE
  8
0
 10
28.9897
 20
-63.2382
 11
28.9948
 21
-63.3029
  0
LINE
  8
0
 10
28.9948
 20
-63.3029
 11
28.9933
 21
-63.329
  0
LINE
  8
0
 10
28.9933
 20
-63.329
 11
28.9888
 21
-63.3558
  0
LINE
  8
0
 10
28.9888
 20
-63.3558
 11
28.9811
 21
-63.3833
  0
LINE
  8
0
 10
28.9811
 20
-63.3833
 11
28.9701
 21
-63.4116
  0
LINE
  8
0
 10
28.9701
 20
-63.4116
 11
28.9557
 21
-63.4405
  0
LINE
  8
0
 10
28.9557
 20
-63.4405
 11
28.9379
 21
-63.47
  0
LINE
  8
0
 10
28.9379
 20
-63.47
 11
28.9163
 21
-63.5004
  0
LINE
  8
0
 10
28.9163
 20
-63.5004
 11
28.89
 21
-63.5327
  0
LINE
  8
0
 10
28.89
 20
-63.5327
 11
28.8582
 21
-63.568
  0
LINE
  8
0
 10
28.8582
 20
-63.568
 11
28.8206
 21
-63.6063
  0
LINE
  8
0
 10
28.8206
 20
-63.6063
 11
28.7775
 21
-63.6475
  0
LINE
  8
0
 10
28.7775
 20
-63.6475
 11
28.7289
 21
-63.6914
  0
LINE
  8
0
 10
28.7289
 20
-63.6914
 11
28.6747
 21
-63.738
  0
LINE
  8
0
 10
28.6747
 20
-63.738
 11
28.6147
 21
-63.7875
  0
LINE
  8
0
 10
28.6147
 20
-63.7875
 11
28.5502
 21
-63.8408
  0
LINE
  8
0
 10
28.5502
 20
-63.8408
 11
28.4886
 21
-63.8938
  0
LINE
  8
0
 10
28.4886
 20
-63.8938
 11
28.4302
 21
-63.9463
  0
LINE
  8
0
 10
28.4302
 20
-63.9463
 11
28.3749
 21
-63.9983
  0
LINE
  8
0
 10
28.3749
 20
-63.9983
 11
28.3227
 21
-64.0497
  0
LINE
  8
0
 10
28.3227
 20
-64.0497
 11
28.2737
 21
-64.1006
  0
LINE
  8
0
 10
28.2737
 20
-64.1006
 11
28.2278
 21
-64.1511
  0
LINE
  8
0
 10
28.2278
 20
-64.1511
 11
28.1848
 21
-64.2016
  0
LINE
  8
0
 10
28.1848
 20
-64.2016
 11
28.1446
 21
-64.2527
  0
LINE
  8
0
 10
28.1446
 20
-64.2527
 11
28.1072
 21
-64.3043
  0
LINE
  8
0
 10
28.1072
 20
-64.3043
 11
28.0727
 21
-64.3564
  0
LINE
  8
0
 10
28.0727
 20
-64.3564
 11
28.041
 21
-64.409
  0
LINE
  8
0
 10
28.041
 20
-64.409
 11
28.0123
 21
-64.462
  0
LINE
  8
0
 10
28.0123
 20
-64.462
 11
27.9819
 21
-64.5247
  0
LINE
  8
0
 10
27.9819
 20
-64.5247
 11
27.9819
 21
-64.8771
  0
LINE
  8
0
 10
27.9819
 20
-64.8771
 11
29.5529
 21
-64.8771
  0
LINE
  8
0
 10
29.5529
 20
-64.8771
 11
29.5529
 21
-64.4325
  0
LINE
  8
0
 10
11.37
 20
-64.9035
 11
11.4673
 21
-64.8931
  0
LINE
  8
0
 10
11.4673
 20
-64.8931
 11
11.5582
 21
-64.8756
  0
LINE
  8
0
 10
11.5582
 20
-64.8756
 11
11.6427
 21
-64.8508
  0
LINE
  8
0
 10
11.6427
 20
-64.8508
 11
11.7207
 21
-64.8187
  0
LINE
  8
0
 10
11.7207
 20
-64.8187
 11
11.7921
 21
-64.7791
  0
LINE
  8
0
 10
11.7921
 20
-64.7791
 11
11.8564
 21
-64.732
  0
LINE
  8
0
 10
11.8564
 20
-64.732
 11
11.9131
 21
-64.6781
  0
LINE
  8
0
 10
11.9131
 20
-64.6781
 11
11.9612
 21
-64.618
  0
LINE
  8
0
 10
11.9612
 20
-64.618
 11
12.0006
 21
-64.552
  0
LINE
  8
0
 10
12.0006
 20
-64.552
 11
12.0311
 21
-64.4804
  0
LINE
  8
0
 10
12.0311
 20
-64.4804
 11
12.0527
 21
-64.4035
  0
LINE
  8
0
 10
12.0527
 20
-64.4035
 11
12.0656
 21
-64.3216
  0
LINE
  8
0
 10
12.0656
 20
-64.3216
 11
12.0698
 21
-64.235
  0
LINE
  8
0
 10
12.0698
 20
-64.235
 11
12.0673
 21
-64.1721
  0
LINE
  8
0
 10
12.0673
 20
-64.1721
 11
12.0596
 21
-64.1122
  0
LINE
  8
0
 10
12.0596
 20
-64.1122
 11
12.0467
 21
-64.0551
  0
LINE
  8
0
 10
12.0467
 20
-64.0551
 11
12.0285
 21
-64.001
  0
LINE
  8
0
 10
12.0285
 20
-64.001
 11
12.005
 21
-63.95
  0
LINE
  8
0
 10
12.005
 20
-63.95
 11
11.9761
 21
-63.9024
  0
LINE
  8
0
 10
11.9761
 20
-63.9024
 11
11.942
 21
-63.8582
  0
LINE
  8
0
 10
11.942
 20
-63.8582
 11
11.9034
 21
-63.8182
  0
LINE
  8
0
 10
11.9034
 20
-63.8182
 11
11.8609
 21
-63.7827
  0
LINE
  8
0
 10
11.8609
 20
-63.7827
 11
11.8145
 21
-63.7519
  0
LINE
  8
0
 10
11.8145
 20
-63.7519
 11
11.7644
 21
-63.7258
  0
LINE
  8
0
 10
11.7644
 20
-63.7258
 11
11.743
 21
-63.7172
  0
LINE
  8
0
 10
11.743
 20
-63.7172
 11
11.7454
 21
-63.7161
  0
LINE
  8
0
 10
11.7454
 20
-63.7161
 11
11.7896
 21
-63.69
  0
LINE
  8
0
 10
11.7896
 20
-63.69
 11
11.8307
 21
-63.6595
  0
LINE
  8
0
 10
11.8307
 20
-63.6595
 11
11.8685
 21
-63.6247
  0
LINE
  8
0
 10
11.8685
 20
-63.6247
 11
11.9029
 21
-63.5859
  0
LINE
  8
0
 10
11.9029
 20
-63.5859
 11
11.9333
 21
-63.544
  0
LINE
  8
0
 10
11.9333
 20
-63.544
 11
11.959
 21
-63.5001
  0
LINE
  8
0
 10
11.959
 20
-63.5001
 11
11.9802
 21
-63.4543
  0
LINE
  8
0
 10
11.9802
 20
-63.4543
 11
11.9966
 21
-63.4065
  0
LINE
  8
0
 10
11.9966
 20
-63.4065
 11
12.0083
 21
-63.357
  0
LINE
  8
0
 10
12.0083
 20
-63.357
 11
12.0153
 21
-63.3058
  0
LINE
  8
0
 10
12.0153
 20
-63.3058
 11
12.0176
 21
-63.253
  0
LINE
  8
0
 10
12.0176
 20
-63.253
 11
12.0136
 21
-63.1737
  0
LINE
  8
0
 10
12.0136
 20
-63.1737
 11
12.0015
 21
-63.0988
  0
LINE
  8
0
 10
12.0015
 20
-63.0988
 11
11.9811
 21
-63.0285
  0
LINE
  8
0
 10
11.9811
 20
-63.0285
 11
11.9522
 21
-62.9631
  0
LINE
  8
0
 10
11.9522
 20
-62.9631
 11
11.9149
 21
-62.903
  0
LINE
  8
0
 10
11.9149
 20
-62.903
 11
11.8694
 21
-62.8486
  0
LINE
  8
0
 10
11.8694
 20
-62.8486
 11
11.816
 21
-62.8
  0
LINE
  8
0
 10
11.816
 20
-62.8
 11
11.7554
 21
-62.7578
  0
LINE
  8
0
 10
11.7554
 20
-62.7578
 11
11.6882
 21
-62.7224
  0
LINE
  8
0
 10
11.6882
 20
-62.7224
 11
11.6148
 21
-62.6937
  0
LINE
  8
0
 10
11.6148
 20
-62.6937
 11
11.5352
 21
-62.6717
  0
LINE
  8
0
 10
11.5352
 20
-62.6717
 11
11.4497
 21
-62.6561
  0
LINE
  8
0
 10
11.4497
 20
-62.6561
 11
11.3581
 21
-62.6468
  0
LINE
  8
0
 10
11.3581
 20
-62.6468
 11
11.2604
 21
-62.6437
  0
LINE
  8
0
 10
11.2604
 20
-62.6437
 11
11.1646
 21
-62.6469
  0
LINE
  8
0
 10
11.1646
 20
-62.6469
 11
11.0745
 21
-62.6564
  0
LINE
  8
0
 10
11.0745
 20
-62.6564
 11
10.9902
 21
-62.6725
  0
LINE
  8
0
 10
10.9902
 20
-62.6725
 11
10.9116
 21
-62.6951
  0
LINE
  8
0
 10
10.9116
 20
-62.6951
 11
10.8389
 21
-62.7246
  0
LINE
  8
0
 10
10.8389
 20
-62.7246
 11
10.7722
 21
-62.7609
  0
LINE
  8
0
 10
10.7722
 20
-62.7609
 11
10.7118
 21
-62.8041
  0
LINE
  8
0
 10
10.7118
 20
-62.8041
 11
10.6586
 21
-62.8533
  0
LINE
  8
0
 10
10.6586
 20
-62.8533
 11
10.6134
 21
-62.9077
  0
LINE
  8
0
 10
10.6134
 20
-62.9077
 11
10.5762
 21
-62.9672
  0
LINE
  8
0
 10
10.5762
 20
-62.9672
 11
10.5473
 21
-63.0316
  0
LINE
  8
0
 10
10.5473
 20
-63.0316
 11
10.5268
 21
-63.1003
  0
LINE
  8
0
 10
10.5268
 20
-63.1003
 11
10.5147
 21
-63.1733
  0
LINE
  8
0
 10
10.5147
 20
-63.1733
 11
10.5107
 21
-63.25
  0
LINE
  8
0
 10
10.5107
 20
-63.25
 11
10.513
 21
-63.3029
  0
LINE
  8
0
 10
10.513
 20
-63.3029
 11
10.52
 21
-63.3541
  0
LINE
  8
0
 10
10.52
 20
-63.3541
 11
10.5318
 21
-63.4038
  0
LINE
  8
0
 10
10.5318
 20
-63.4038
 11
10.5484
 21
-63.4518
  0
LINE
  8
0
 10
10.5484
 20
-63.4518
 11
10.5696
 21
-63.4979
  0
LINE
  8
0
 10
10.5696
 20
-63.4979
 11
10.5955
 21
-63.5421
  0
LINE
  8
0
 10
10.5955
 20
-63.5421
 11
10.626
 21
-63.5843
  0
LINE
  8
0
 10
10.626
 20
-63.5843
 11
10.6603
 21
-63.6235
  0
LINE
  8
0
 10
10.6603
 20
-63.6235
 11
10.6978
 21
-63.6586
  0
LINE
  8
0
 10
10.6978
 20
-63.6586
 11
10.7384
 21
-63.6896
  0
LINE
  8
0
 10
10.7384
 20
-63.6896
 11
10.7819
 21
-63.7164
  0
LINE
  8
0
 10
10.7819
 20
-63.7164
 11
10.789
 21
-63.7198
  0
LINE
  8
0
 10
10.789
 20
-63.7198
 11
10.7649
 21
-63.73
  0
LINE
  8
0
 10
10.7649
 20
-63.73
 11
10.7158
 21
-63.7569
  0
LINE
  8
0
 10
10.7158
 20
-63.7569
 11
10.6701
 21
-63.7886
  0
LINE
  8
0
 10
10.6701
 20
-63.7886
 11
10.628
 21
-63.8251
  0
LINE
  8
0
 10
10.628
 20
-63.8251
 11
10.5896
 21
-63.8662
  0
LINE
  8
0
 10
10.5896
 20
-63.8662
 11
10.5555
 21
-63.911
  0
LINE
  8
0
 10
10.5555
 20
-63.911
 11
10.5267
 21
-63.9589
  0
LINE
  8
0
 10
10.5267
 20
-63.9589
 11
10.5031
 21
-64.0096
  0
LINE
  8
0
 10
10.5031
 20
-64.0096
 11
10.4847
 21
-64.063
  0
LINE
  8
0
 10
10.4847
 20
-64.063
 11
10.4717
 21
-64.1189
  0
LINE
  8
0
 10
10.4717
 20
-64.1189
 11
10.464
 21
-64.1772
  0
LINE
  8
0
 10
10.464
 20
-64.1772
 11
10.4614
 21
-64.238
  0
LINE
  8
0
 10
10.4614
 20
-64.238
 11
10.4657
 21
-64.3243
  0
LINE
  8
0
 10
10.4657
 20
-64.3243
 11
10.4787
 21
-64.4059
  0
LINE
  8
0
 10
10.4787
 20
-64.4059
 11
10.5006
 21
-64.4825
  0
LINE
  8
0
 10
10.5006
 20
-64.4825
 11
10.5315
 21
-64.5538
  0
LINE
  8
0
 10
10.5315
 20
-64.5538
 11
10.5714
 21
-64.6196
  0
LINE
  8
0
 10
10.5714
 20
-64.6196
 11
10.6201
 21
-64.6794
  0
LINE
  8
0
 10
10.6201
 20
-64.6794
 11
10.6773
 21
-64.733
  0
LINE
  8
0
 10
10.6773
 20
-64.733
 11
10.7422
 21
-64.7798
  0
LINE
  8
0
 10
10.7422
 20
-64.7798
 11
10.8137
 21
-64.8192
  0
LINE
  8
0
 10
10.8137
 20
-64.8192
 11
10.8918
 21
-64.8511
  0
LINE
  8
0
 10
10.8918
 20
-64.8511
 11
10.9762
 21
-64.8757
  0
LINE
  8
0
 10
10.9762
 20
-64.8757
 11
11.0667
 21
-64.8932
  0
LINE
  8
0
 10
11.0667
 20
-64.8932
 11
11.1634
 21
-64.9035
  0
LINE
  8
0
 10
11.1634
 20
-64.9035
 11
11.2664
 21
-64.907
  0
LINE
  8
0
 10
11.2664
 20
-64.907
 11
11.37
 21
-64.9035
  0
LINE
  8
0
 10
11.1999
 20
-63.5214
 11
11.1495
 21
-63.5063
  0
LINE
  8
0
 10
11.1495
 20
-63.5063
 11
11.1107
 21
-63.4826
  0
LINE
  8
0
 10
11.1107
 20
-63.4826
 11
11.0809
 21
-63.4499
  0
LINE
  8
0
 10
11.0809
 20
-63.4499
 11
11.0584
 21
-63.4056
  0
LINE
  8
0
 10
11.0584
 20
-63.4056
 11
11.0441
 21
-63.3477
  0
LINE
  8
0
 10
11.0441
 20
-63.3477
 11
11.039
 21
-63.2756
  0
LINE
  8
0
 10
11.039
 20
-63.2756
 11
11.044
 21
-63.2073
  0
LINE
  8
0
 10
11.044
 20
-63.2073
 11
11.058
 21
-63.1526
  0
LINE
  8
0
 10
11.058
 20
-63.1526
 11
11.0799
 21
-63.1109
  0
LINE
  8
0
 10
11.0799
 20
-63.1109
 11
11.1091
 21
-63.08
  0
LINE
  8
0
 10
11.1091
 20
-63.08
 11
11.1474
 21
-63.0574
  0
LINE
  8
0
 10
11.1474
 20
-63.0574
 11
11.1974
 21
-63.0429
  0
LINE
  8
0
 10
11.1974
 20
-63.0429
 11
11.2615
 21
-63.0377
  0
LINE
  8
0
 10
11.2615
 20
-63.0377
 11
11.2948
 21
-63.0389
  0
LINE
  8
0
 10
11.2948
 20
-63.0389
 11
11.3255
 21
-63.0426
  0
LINE
  8
0
 10
11.3255
 20
-63.0426
 11
11.3532
 21
-63.0487
  0
LINE
  8
0
 10
11.3532
 20
-63.0487
 11
11.3773
 21
-63.0567
  0
LINE
  8
0
 10
11.3773
 20
-63.0567
 11
11.3984
 21
-63.0668
  0
LINE
  8
0
 10
11.3984
 20
-63.0668
 11
11.4164
 21
-63.0786
  0
LINE
  8
0
 10
11.4164
 20
-63.0786
 11
11.432
 21
-63.0922
  0
LINE
  8
0
 10
11.432
 20
-63.0922
 11
11.4455
 21
-63.1081
  0
LINE
  8
0
 10
11.4455
 20
-63.1081
 11
11.4572
 21
-63.1268
  0
LINE
  8
0
 10
11.4572
 20
-63.1268
 11
11.4672
 21
-63.149
  0
LINE
  8
0
 10
11.4672
 20
-63.149
 11
11.4753
 21
-63.1748
  0
LINE
  8
0
 10
11.4753
 20
-63.1748
 11
11.4813
 21
-63.2045
  0
LINE
  8
0
 10
11.4813
 20
-63.2045
 11
11.4851
 21
-63.2383
  0
LINE
  8
0
 10
11.4851
 20
-63.2383
 11
11.4864
 21
-63.2757
  0
LINE
  8
0
 10
11.4864
 20
-63.2757
 11
11.4851
 21
-63.3163
  0
LINE
  8
0
 10
11.4851
 20
-63.3163
 11
11.4813
 21
-63.3531
  0
LINE
  8
0
 10
11.4813
 20
-63.3531
 11
11.4752
 21
-63.3853
  0
LINE
  8
0
 10
11.4752
 20
-63.3853
 11
11.4671
 21
-63.413
  0
LINE
  8
0
 10
11.4671
 20
-63.413
 11
11.4571
 21
-63.4367
  0
LINE
  8
0
 10
11.4571
 20
-63.4367
 11
11.4455
 21
-63.4561
  0
LINE
  8
0
 10
11.4455
 20
-63.4561
 11
11.4324
 21
-63.4721
  0
LINE
  8
0
 10
11.4324
 20
-63.4721
 11
11.417
 21
-63.4858
  0
LINE
  8
0
 10
11.417
 20
-63.4858
 11
11.3991
 21
-63.4977
  0
LINE
  8
0
 10
11.3991
 20
-63.4977
 11
11.3785
 21
-63.5077
  0
LINE
  8
0
 10
11.3785
 20
-63.5077
 11
11.3547
 21
-63.5159
  0
LINE
  8
0
 10
11.3547
 20
-63.5159
 11
11.3277
 21
-63.5219
  0
LINE
  8
0
 10
11.3277
 20
-63.5219
 11
11.2971
 21
-63.5256
  0
LINE
  8
0
 10
11.2971
 20
-63.5256
 11
11.2646
 21
-63.5268
  0
LINE
  8
0
 10
11.2646
 20
-63.5268
 11
11.1999
 21
-63.5214
  0
LINE
  8
0
 10
11.2279
 20
-64.5099
 11
11.1902
 21
-64.5053
  0
LINE
  8
0
 10
11.1902
 20
-64.5053
 11
11.1567
 21
-64.4978
  0
LINE
  8
0
 10
11.1567
 20
-64.4978
 11
11.1272
 21
-64.4875
  0
LINE
  8
0
 10
11.1272
 20
-64.4875
 11
11.1013
 21
-64.4748
  0
LINE
  8
0
 10
11.1013
 20
-64.4748
 11
11.0789
 21
-64.4597
  0
LINE
  8
0
 10
11.0789
 20
-64.4597
 11
11.0596
 21
-64.4421
  0
LINE
  8
0
 10
11.0596
 20
-64.4421
 11
11.043
 21
-64.4216
  0
LINE
  8
0
 10
11.043
 20
-64.4216
 11
11.0284
 21
-64.397
  0
LINE
  8
0
 10
11.0284
 20
-64.397
 11
11.016
 21
-64.3682
  0
LINE
  8
0
 10
11.016
 20
-64.3682
 11
11.0061
 21
-64.3348
  0
LINE
  8
0
 10
11.0061
 20
-64.3348
 11
10.9987
 21
-64.2966
  0
LINE
  8
0
 10
10.9987
 20
-64.2966
 11
10.9942
 21
-64.2538
  0
LINE
  8
0
 10
10.9942
 20
-64.2538
 11
10.9927
 21
-64.2067
  0
LINE
  8
0
 10
10.9927
 20
-64.2067
 11
10.9942
 21
-64.1654
  0
LINE
  8
0
 10
10.9942
 20
-64.1654
 11
10.9987
 21
-64.128
  0
LINE
  8
0
 10
10.9987
 20
-64.128
 11
11.0059
 21
-64.0941
  0
LINE
  8
0
 10
11.0059
 20
-64.0941
 11
11.0158
 21
-64.0638
  0
LINE
  8
0
 10
11.0158
 20
-64.0638
 11
11.0283
 21
-64.0366
  0
LINE
  8
0
 10
11.0283
 20
-64.0366
 11
11.0431
 21
-64.0128
  0
LINE
  8
0
 10
11.0431
 20
-64.0128
 11
11.0604
 21
-63.9917
  0
LINE
  8
0
 10
11.0604
 20
-63.9917
 11
11.0802
 21
-63.9733
  0
LINE
  8
0
 10
11.0802
 20
-63.9733
 11
11.1023
 21
-63.9577
  0
LINE
  8
0
 10
11.1023
 20
-63.9577
 11
11.1269
 21
-63.9449
  0
LINE
  8
0
 10
11.1269
 20
-63.9449
 11
11.1547
 21
-63.9346
  0
LINE
  8
0
 10
11.1547
 20
-63.9346
 11
11.1856
 21
-63.927
  0
LINE
  8
0
 10
11.1856
 20
-63.927
 11
11.2197
 21
-63.9224
  0
LINE
  8
0
 10
11.2197
 20
-63.9224
 11
11.2566
 21
-63.9209
  0
LINE
  8
0
 10
11.2566
 20
-63.9209
 11
11.3359
 21
-63.927
  0
LINE
  8
0
 10
11.3359
 20
-63.927
 11
11.3991
 21
-63.9443
  0
LINE
  8
0
 10
11.3991
 20
-63.9443
 11
11.448
 21
-63.9716
  0
LINE
  8
0
 10
11.448
 20
-63.9716
 11
11.485
 21
-64.0088
  0
LINE
  8
0
 10
11.485
 20
-64.0088
 11
11.5122
 21
-64.058
  0
LINE
  8
0
 10
11.5122
 20
-64.058
 11
11.5294
 21
-64.1216
  0
LINE
  8
0
 10
11.5294
 20
-64.1216
 11
11.5356
 21
-64.2017
  0
LINE
  8
0
 10
11.5356
 20
-64.2017
 11
11.5341
 21
-64.2497
  0
LINE
  8
0
 10
11.5341
 20
-64.2497
 11
11.5298
 21
-64.2942
  0
LINE
  8
0
 10
11.5298
 20
-64.2942
 11
11.5227
 21
-64.3335
  0
LINE
  8
0
 10
11.5227
 20
-64.3335
 11
11.5131
 21
-64.3681
  0
LINE
  8
0
 10
11.5131
 20
-64.3681
 11
11.5013
 21
-64.3976
  0
LINE
  8
0
 10
11.5013
 20
-64.3976
 11
11.4874
 21
-64.4224
  0
LINE
  8
0
 10
11.4874
 20
-64.4224
 11
11.4715
 21
-64.4429
  0
LINE
  8
0
 10
11.4715
 20
-64.4429
 11
11.4533
 21
-64.4603
  0
LINE
  8
0
 10
11.4533
 20
-64.4603
 11
11.4321
 21
-64.4752
  0
LINE
  8
0
 10
11.4321
 20
-64.4752
 11
11.4075
 21
-64.4877
  0
LINE
  8
0
 10
11.4075
 20
-64.4877
 11
11.379
 21
-64.4978
  0
LINE
  8
0
 10
11.379
 20
-64.4978
 11
11.3465
 21
-64.5053
  0
LINE
  8
0
 10
11.3465
 20
-64.5053
 11
11.3099
 21
-64.5099
  0
LINE
  8
0
 10
11.3099
 20
-64.5099
 11
11.2693
 21
-64.5115
  0
LINE
  8
0
 10
11.2693
 20
-64.5115
 11
11.2279
 21
-64.5099
  0
LINE
  8
0
 10
39.5529
 20
-64.4476
 11
38.6107
 21
-64.4476
  0
LINE
  8
0
 10
38.6107
 20
-64.4476
 11
38.6128
 21
-64.4443
  0
LINE
  8
0
 10
38.6128
 20
-64.4443
 11
38.6295
 21
-64.4205
  0
LINE
  8
0
 10
38.6295
 20
-64.4205
 11
38.6478
 21
-64.3971
  0
LINE
  8
0
 10
38.6478
 20
-64.3971
 11
38.6682
 21
-64.3738
  0
LINE
  8
0
 10
38.6682
 20
-64.3738
 11
38.6901
 21
-64.351
  0
LINE
  8
0
 10
38.6901
 20
-64.351
 11
38.7145
 21
-64.3272
  0
LINE
  8
0
 10
38.7145
 20
-64.3272
 11
38.739
 21
-64.304
  0
LINE
  8
0
 10
38.739
 20
-64.304
 11
38.7653
 21
-64.2801
  0
LINE
  8
0
 10
38.7653
 20
-64.2801
 11
38.792
 21
-64.2563
  0
LINE
  8
0
 10
38.792
 20
-64.2563
 11
38.8188
 21
-64.2333
  0
LINE
  8
0
 10
38.8188
 20
-64.2333
 11
38.847
 21
-64.2098
  0
LINE
  8
0
 10
38.847
 20
-64.2098
 11
38.8765
 21
-64.1859
  0
LINE
  8
0
 10
38.8765
 20
-64.1859
 11
38.9061
 21
-64.1622
  0
LINE
  8
0
 10
38.9061
 20
-64.1622
 11
38.9668
 21
-64.1137
  0
LINE
  8
0
 10
38.9668
 20
-64.1137
 11
39.06
 21
-64.0397
  0
LINE
  8
0
 10
39.06
 20
-64.0397
 11
39.0918
 21
-64.0145
  0
LINE
  8
0
 10
39.0918
 20
-64.0145
 11
39.1238
 21
-63.9885
  0
LINE
  8
0
 10
39.1238
 20
-63.9885
 11
39.1552
 21
-63.9619
  0
LINE
  8
0
 10
39.1552
 20
-63.9619
 11
39.1858
 21
-63.9346
  0
LINE
  8
0
 10
39.1858
 20
-63.9346
 11
39.2155
 21
-63.9069
  0
LINE
  8
0
 10
39.2155
 20
-63.9069
 11
39.2445
 21
-63.8786
  0
LINE
  8
0
 10
39.2445
 20
-63.8786
 11
39.2725
 21
-63.8497
  0
LINE
  8
0
 10
39.2725
 20
-63.8497
 11
39.2999
 21
-63.8202
  0
LINE
  8
0
 10
39.2999
 20
-63.8202
 11
39.3264
 21
-63.7896
  0
LINE
  8
0
 10
39.3264
 20
-63.7896
 11
39.3516
 21
-63.7582
  0
LINE
  8
0
 10
39.3516
 20
-63.7582
 11
39.3755
 21
-63.7259
  0
LINE
  8
0
 10
39.3755
 20
-63.7259
 11
39.3979
 21
-63.6928
  0
LINE
  8
0
 10
39.3979
 20
-63.6928
 11
39.419
 21
-63.6588
  0
LINE
  8
0
 10
39.419
 20
-63.6588
 11
39.4386
 21
-63.6241
  0
LINE
  8
0
 10
39.4386
 20
-63.6241
 11
39.457
 21
-63.5883
  0
LINE
  8
0
 10
39.457
 20
-63.5883
 11
39.4737
 21
-63.5508
  0
LINE
  8
0
 10
39.4737
 20
-63.5508
 11
39.4879
 21
-63.5117
  0
LINE
  8
0
 10
39.4879
 20
-63.5117
 11
39.4996
 21
-63.4715
  0
LINE
  8
0
 10
39.4996
 20
-63.4715
 11
39.5086
 21
-63.4301
  0
LINE
  8
0
 10
39.5086
 20
-63.4301
 11
39.515
 21
-63.3876
  0
LINE
  8
0
 10
39.515
 20
-63.3876
 11
39.5188
 21
-63.3442
  0
LINE
  8
0
 10
39.5188
 20
-63.3442
 11
39.5201
 21
-63.2992
  0
LINE
  8
0
 10
39.5201
 20
-63.2992
 11
39.5162
 21
-63.2171
  0
LINE
  8
0
 10
39.5162
 20
-63.2171
 11
39.5042
 21
-63.1391
  0
LINE
  8
0
 10
39.5042
 20
-63.1391
 11
39.484
 21
-63.0659
  0
LINE
  8
0
 10
39.484
 20
-63.0659
 11
39.4555
 21
-62.9977
  0
LINE
  8
0
 10
39.4555
 20
-62.9977
 11
39.4186
 21
-62.9347
  0
LINE
  8
0
 10
39.4186
 20
-62.9347
 11
39.3736
 21
-62.8774
  0
LINE
  8
0
 10
39.3736
 20
-62.8774
 11
39.3206
 21
-62.8259
  0
LINE
  8
0
 10
39.3206
 20
-62.8259
 11
39.2602
 21
-62.7809
  0
LINE
  8
0
 10
39.2602
 20
-62.7809
 11
39.1932
 21
-62.743
  0
LINE
  8
0
 10
39.1932
 20
-62.743
 11
39.1198
 21
-62.7124
  0
LINE
  8
0
 10
39.1198
 20
-62.7124
 11
39.0404
 21
-62.6888
  0
LINE
  8
0
 10
39.0404
 20
-62.6888
 11
38.9549
 21
-62.672
  0
LINE
  8
0
 10
38.9549
 20
-62.672
 11
38.8634
 21
-62.6621
  0
LINE
  8
0
 10
38.8634
 20
-62.6621
 11
38.7658
 21
-62.6588
  0
LINE
  8
0
 10
38.7658
 20
-62.6588
 11
38.6749
 21
-62.6621
  0
LINE
  8
0
 10
38.6749
 20
-62.6621
 11
38.5889
 21
-62.672
  0
LINE
  8
0
 10
38.5889
 20
-62.672
 11
38.5079
 21
-62.6886
  0
LINE
  8
0
 10
38.5079
 20
-62.6886
 11
38.432
 21
-62.712
  0
LINE
  8
0
 10
38.432
 20
-62.712
 11
38.3612
 21
-62.7424
  0
LINE
  8
0
 10
38.3612
 20
-62.7424
 11
38.2959
 21
-62.7798
  0
LINE
  8
0
 10
38.2959
 20
-62.7798
 11
38.2361
 21
-62.8242
  0
LINE
  8
0
 10
38.2361
 20
-62.8242
 11
38.1825
 21
-62.8751
  0
LINE
  8
0
 10
38.1825
 20
-62.8751
 11
38.1354
 21
-62.9321
  0
LINE
  8
0
 10
38.1354
 20
-62.9321
 11
38.0951
 21
-62.9951
  0
LINE
  8
0
 10
38.0951
 20
-62.9951
 11
38.0614
 21
-63.0639
  0
LINE
  8
0
 10
38.0614
 20
-63.0639
 11
38.0344
 21
-63.138
  0
LINE
  8
0
 10
38.0344
 20
-63.138
 11
38.014
 21
-63.2176
  0
LINE
  8
0
 10
38.014
 20
-63.2176
 11
37.9915
 21
-63.3554
  0
LINE
  8
0
 10
37.9915
 20
-63.3554
 11
38.5135
 21
-63.3849
  0
LINE
  8
0
 10
38.5135
 20
-63.3849
 11
38.528
 21
-63.3028
  0
LINE
  8
0
 10
38.528
 20
-63.3028
 11
38.5361
 21
-63.2693
  0
LINE
  8
0
 10
38.5361
 20
-63.2693
 11
38.546
 21
-63.2392
  0
LINE
  8
0
 10
38.546
 20
-63.2392
 11
38.5573
 21
-63.2125
  0
LINE
  8
0
 10
38.5573
 20
-63.2125
 11
38.5701
 21
-63.1887
  0
LINE
  8
0
 10
38.5701
 20
-63.1887
 11
38.5842
 21
-63.1681
  0
LINE
  8
0
 10
38.5842
 20
-63.1681
 11
38.5993
 21
-63.1507
  0
LINE
  8
0
 10
38.5993
 20
-63.1507
 11
38.616
 21
-63.1358
  0
LINE
  8
0
 10
38.616
 20
-63.1358
 11
38.6347
 21
-63.1232
  0
LINE
  8
0
 10
38.6347
 20
-63.1232
 11
38.6557
 21
-63.1128
  0
LINE
  8
0
 10
38.6557
 20
-63.1128
 11
38.6795
 21
-63.1044
  0
LINE
  8
0
 10
38.6795
 20
-63.1044
 11
38.7061
 21
-63.0982
  0
LINE
  8
0
 10
38.7061
 20
-63.0982
 11
38.736
 21
-63.0944
  0
LINE
  8
0
 10
38.736
 20
-63.0944
 11
38.768
 21
-63.0931
  0
LINE
  8
0
 10
38.768
 20
-63.0931
 11
38.8335
 21
-63.0981
  0
LINE
  8
0
 10
38.8335
 20
-63.0981
 11
38.8852
 21
-63.1121
  0
LINE
  8
0
 10
38.8852
 20
-63.1121
 11
38.9244
 21
-63.1339
  0
LINE
  8
0
 10
38.9244
 20
-63.1339
 11
38.9539
 21
-63.1632
  0
LINE
  8
0
 10
38.9539
 20
-63.1632
 11
38.9757
 21
-63.2022
  0
LINE
  8
0
 10
38.9757
 20
-63.2022
 11
38.9897
 21
-63.2533
  0
LINE
  8
0
 10
38.9897
 20
-63.2533
 11
38.9948
 21
-63.318
  0
LINE
  8
0
 10
38.9948
 20
-63.318
 11
38.9933
 21
-63.3442
  0
LINE
  8
0
 10
38.9933
 20
-63.3442
 11
38.9888
 21
-63.3709
  0
LINE
  8
0
 10
38.9888
 20
-63.3709
 11
38.9811
 21
-63.3985
  0
LINE
  8
0
 10
38.9811
 20
-63.3985
 11
38.9701
 21
-63.4266
  0
LINE
  8
0
 10
38.9701
 20
-63.4266
 11
38.9557
 21
-63.4557
  0
LINE
  8
0
 10
38.9557
 20
-63.4557
 11
38.9379
 21
-63.4851
  0
LINE
  8
0
 10
38.9379
 20
-63.4851
 11
38.9163
 21
-63.5155
  0
LINE
  8
0
 10
38.9163
 20
-63.5155
 11
38.89
 21
-63.5479
  0
LINE
  8
0
 10
38.89
 20
-63.5479
 11
38.8582
 21
-63.5832
  0
LINE
  8
0
 10
38.8582
 20
-63.5832
 11
38.8206
 21
-63.6215
  0
LINE
  8
0
 10
38.8206
 20
-63.6215
 11
38.7775
 21
-63.6626
  0
LINE
  8
0
 10
38.7775
 20
-63.6626
 11
38.7289
 21
-63.7065
  0
LINE
  8
0
 10
38.7289
 20
-63.7065
 11
38.6747
 21
-63.7531
  0
LINE
  8
0
 10
38.6747
 20
-63.7531
 11
38.6147
 21
-63.8026
  0
LINE
  8
0
 10
38.6147
 20
-63.8026
 11
38.5502
 21
-63.856
  0
LINE
  8
0
 10
38.5502
 20
-63.856
 11
38.4886
 21
-63.909
  0
LINE
  8
0
 10
38.4886
 20
-63.909
 11
38.4302
 21
-63.9615
  0
LINE
  8
0
 10
38.4302
 20
-63.9615
 11
38.3749
 21
-64.0134
  0
LINE
  8
0
 10
38.3749
 20
-64.0134
 11
38.3227
 21
-64.0648
  0
LINE
  8
0
 10
38.3227
 20
-64.0648
 11
38.2737
 21
-64.1157
  0
LINE
  8
0
 10
38.2737
 20
-64.1157
 11
38.2278
 21
-64.1662
  0
LINE
  8
0
 10
38.2278
 20
-64.1662
 11
38.1848
 21
-64.2168
  0
LINE
  8
0
 10
38.1848
 20
-64.2168
 11
38.1446
 21
-64.2679
  0
LINE
  8
0
 10
38.1446
 20
-64.2679
 11
38.1072
 21
-64.3194
  0
LINE
  8
0
 10
38.1072
 20
-64.3194
 11
38.0727
 21
-64.3715
  0
LINE
  8
0
 10
38.0727
 20
-64.3715
 11
38.041
 21
-64.4241
  0
LINE
  8
0
 10
38.041
 20
-64.4241
 11
38.0123
 21
-64.4771
  0
LINE
  8
0
 10
38.0123
 20
-64.4771
 11
37.9819
 21
-64.5399
  0
LINE
  8
0
 10
37.9819
 20
-64.5399
 11
37.9819
 21
-64.8922
  0
LINE
  8
0
 10
37.9819
 20
-64.8922
 11
39.5529
 21
-64.8922
  0
LINE
  8
0
 10
39.5529
 20
-64.8922
 11
39.5529
 21
-64.4476
  0
LINE
  8
0
 10
52.0414
 20
-64.4476
 11
51.0993
 21
-64.4476
  0
LINE
  8
0
 10
51.0993
 20
-64.4476
 11
51.1013
 21
-64.4443
  0
LINE
  8
0
 10
51.1013
 20
-64.4443
 11
51.118
 21
-64.4205
  0
LINE
  8
0
 10
51.118
 20
-64.4205
 11
51.1363
 21
-64.3971
  0
LINE
  8
0
 10
51.1363
 20
-64.3971
 11
51.1567
 21
-64.3738
  0
LINE
  8
0
 10
51.1567
 20
-64.3738
 11
51.1786
 21
-64.351
  0
LINE
  8
0
 10
51.1786
 20
-64.351
 11
51.203
 21
-64.3272
  0
LINE
  8
0
 10
51.203
 20
-64.3272
 11
51.2276
 21
-64.304
  0
LINE
  8
0
 10
51.2276
 20
-64.304
 11
51.2538
 21
-64.2801
  0
LINE
  8
0
 10
51.2538
 20
-64.2801
 11
51.2806
 21
-64.2563
  0
LINE
  8
0
 10
51.2806
 20
-64.2563
 11
51.3074
 21
-64.2333
  0
LINE
  8
0
 10
51.3074
 20
-64.2333
 11
51.3356
 21
-64.2098
  0
LINE
  8
0
 10
51.3356
 20
-64.2098
 11
51.365
 21
-64.1859
  0
LINE
  8
0
 10
51.365
 20
-64.1859
 11
51.3946
 21
-64.1622
  0
LINE
  8
0
 10
51.3946
 20
-64.1622
 11
51.4554
 21
-64.1137
  0
LINE
  8
0
 10
51.4554
 20
-64.1137
 11
51.5485
 21
-64.0397
  0
LINE
  8
0
 10
51.5485
 20
-64.0397
 11
51.5803
 21
-64.0145
  0
LINE
  8
0
 10
51.5803
 20
-64.0145
 11
51.6123
 21
-63.9885
  0
LINE
  8
0
 10
51.6123
 20
-63.9885
 11
51.6438
 21
-63.9619
  0
LINE
  8
0
 10
51.6438
 20
-63.9619
 11
51.6743
 21
-63.9346
  0
LINE
  8
0
 10
51.6743
 20
-63.9346
 11
51.7041
 21
-63.9069
  0
LINE
  8
0
 10
51.7041
 20
-63.9069
 11
51.733
 21
-63.8786
  0
LINE
  8
0
 10
51.733
 20
-63.8786
 11
51.7611
 21
-63.8497
  0
LINE
  8
0
 10
51.7611
 20
-63.8497
 11
51.7885
 21
-63.8202
  0
LINE
  8
0
 10
51.7885
 20
-63.8202
 11
51.815
 21
-63.7896
  0
LINE
  8
0
 10
51.815
 20
-63.7896
 11
51.8402
 21
-63.7582
  0
LINE
  8
0
 10
51.8402
 20
-63.7582
 11
51.864
 21
-63.7259
  0
LINE
  8
0
 10
51.864
 20
-63.7259
 11
51.8865
 21
-63.6928
  0
LINE
  8
0
 10
51.8865
 20
-63.6928
 11
51.9075
 21
-63.6588
  0
LINE
  8
0
 10
51.9075
 20
-63.6588
 11
51.9271
 21
-63.6241
  0
LINE
  8
0
 10
51.9271
 20
-63.6241
 11
51.9455
 21
-63.5883
  0
LINE
  8
0
 10
51.9455
 20
-63.5883
 11
51.9622
 21
-63.5508
  0
LINE
  8
0
 10
51.9622
 20
-63.5508
 11
51.9765
 21
-63.5117
  0
LINE
  8
0
 10
51.9765
 20
-63.5117
 11
51.9881
 21
-63.4715
  0
LINE
  8
0
 10
51.9881
 20
-63.4715
 11
51.9971
 21
-63.4301
  0
LINE
  8
0
 10
51.9971
 20
-63.4301
 11
52.0035
 21
-63.3876
  0
LINE
  8
0
 10
52.0035
 20
-63.3876
 11
52.0074
 21
-63.3442
  0
LINE
  8
0
 10
52.0074
 20
-63.3442
 11
52.0086
 21
-63.2992
  0
LINE
  8
0
 10
52.0086
 20
-63.2992
 11
52.0047
 21
-63.2171
  0
LINE
  8
0
 10
52.0047
 20
-63.2171
 11
51.9927
 21
-63.1391
  0
LINE
  8
0
 10
51.9927
 20
-63.1391
 11
51.9725
 21
-63.0659
  0
LINE
  8
0
 10
51.9725
 20
-63.0659
 11
51.944
 21
-62.9977
  0
LINE
  8
0
 10
51.944
 20
-62.9977
 11
51.9072
 21
-62.9347
  0
LINE
  8
0
 10
51.9072
 20
-62.9347
 11
51.8621
 21
-62.8774
  0
LINE
  8
0
 10
51.8621
 20
-62.8774
 11
51.8091
 21
-62.8259
  0
LINE
  8
0
 10
51.8091
 20
-62.8259
 11
51.7487
 21
-62.7809
  0
LINE
  8
0
 10
51.7487
 20
-62.7809
 11
51.6817
 21
-62.743
  0
LINE
  8
0
 10
51.6817
 20
-62.743
 11
51.6084
 21
-62.7124
  0
LINE
  8
0
 10
51.6084
 20
-62.7124
 11
51.5289
 21
-62.6888
  0
LINE
  8
0
 10
51.5289
 20
-62.6888
 11
51.4434
 21
-62.672
  0
LINE
  8
0
 10
51.4434
 20
-62.672
 11
51.3519
 21
-62.6621
  0
LINE
  8
0
 10
51.3519
 20
-62.6621
 11
51.2544
 21
-62.6588
  0
LINE
  8
0
 10
51.2544
 20
-62.6588
 11
51.1634
 21
-62.6621
  0
LINE
  8
0
 10
51.1634
 20
-62.6621
 11
51.0774
 21
-62.672
  0
LINE
  8
0
 10
51.0774
 20
-62.672
 11
50.9964
 21
-62.6886
  0
LINE
  8
0
 10
50.9964
 20
-62.6886
 11
50.9205
 21
-62.712
  0
LINE
  8
0
 10
50.9205
 20
-62.712
 11
50.8497
 21
-62.7424
  0
LINE
  8
0
 10
50.8497
 20
-62.7424
 11
50.7844
 21
-62.7798
  0
LINE
  8
0
 10
50.7844
 20
-62.7798
 11
50.7247
 21
-62.8242
  0
LINE
  8
0
 10
50.7247
 20
-62.8242
 11
50.6711
 21
-62.8751
  0
LINE
  8
0
 10
50.6711
 20
-62.8751
 11
50.624
 21
-62.9321
  0
LINE
  8
0
 10
50.624
 20
-62.9321
 11
50.5836
 21
-62.9951
  0
LINE
  8
0
 10
50.5836
 20
-62.9951
 11
50.5499
 21
-63.0639
  0
LINE
  8
0
 10
50.5499
 20
-63.0639
 11
50.523
 21
-63.138
  0
LINE
  8
0
 10
50.523
 20
-63.138
 11
50.5026
 21
-63.2176
  0
LINE
  8
0
 10
50.5026
 20
-63.2176
 11
50.48
 21
-63.3554
  0
LINE
  8
0
 10
50.48
 20
-63.3554
 11
51.0021
 21
-63.3849
  0
LINE
  8
0
 10
51.0021
 20
-63.3849
 11
51.0165
 21
-63.3028
  0
LINE
  8
0
 10
51.0165
 20
-63.3028
 11
51.0247
 21
-63.2693
  0
LINE
  8
0
 10
51.0247
 20
-63.2693
 11
51.0345
 21
-63.2392
  0
LINE
  8
0
 10
51.0345
 20
-63.2392
 11
51.0458
 21
-63.2125
  0
LINE
  8
0
 10
51.0458
 20
-63.2125
 11
51.0586
 21
-63.1887
  0
LINE
  8
0
 10
51.0586
 20
-63.1887
 11
51.0728
 21
-63.1681
  0
LINE
  8
0
 10
51.0728
 20
-63.1681
 11
51.0879
 21
-63.1507
  0
LINE
  8
0
 10
51.0879
 20
-63.1507
 11
51.1046
 21
-63.1358
  0
LINE
  8
0
 10
51.1046
 20
-63.1358
 11
51.1232
 21
-63.1232
  0
LINE
  8
0
 10
51.1232
 20
-63.1232
 11
51.1442
 21
-63.1128
  0
LINE
  8
0
 10
51.1442
 20
-63.1128
 11
51.168
 21
-63.1044
  0
LINE
  8
0
 10
51.168
 20
-63.1044
 11
51.1947
 21
-63.0982
  0
LINE
  8
0
 10
51.1947
 20
-63.0982
 11
51.2245
 21
-63.0944
  0
LINE
  8
0
 10
51.2245
 20
-63.0944
 11
51.2565
 21
-63.0931
  0
LINE
  8
0
 10
51.2565
 20
-63.0931
 11
51.3221
 21
-63.0981
  0
LINE
  8
0
 10
51.3221
 20
-63.0981
 11
51.3737
 21
-63.1121
  0
LINE
  8
0
 10
51.3737
 20
-63.1121
 11
51.413
 21
-63.1339
  0
LINE
  8
0
 10
51.413
 20
-63.1339
 11
51.4425
 21
-63.1632
  0
LINE
  8
0
 10
51.4425
 20
-63.1632
 11
51.4643
 21
-63.2022
  0
LINE
  8
0
 10
51.4643
 20
-63.2022
 11
51.4783
 21
-63.2533
  0
LINE
  8
0
 10
51.4783
 20
-63.2533
 11
51.4833
 21
-63.318
  0
LINE
  8
0
 10
51.4833
 20
-63.318
 11
51.4818
 21
-63.3442
  0
LINE
  8
0
 10
51.4818
 20
-63.3442
 11
51.4773
 21
-63.3709
  0
LINE
  8
0
 10
51.4773
 20
-63.3709
 11
51.4696
 21
-63.3985
  0
LINE
  8
0
 10
51.4696
 20
-63.3985
 11
51.4587
 21
-63.4266
  0
LINE
  8
0
 10
51.4587
 20
-63.4266
 11
51.4442
 21
-63.4557
  0
LINE
  8
0
 10
51.4442
 20
-63.4557
 11
51.4264
 21
-63.4851
  0
LINE
  8
0
 10
51.4264
 20
-63.4851
 11
51.4048
 21
-63.5155
  0
LINE
  8
0
 10
51.4048
 20
-63.5155
 11
51.3785
 21
-63.5479
  0
LINE
  8
0
 10
51.3785
 20
-63.5479
 11
51.3467
 21
-63.5831
  0
LINE
  8
0
 10
51.3467
 20
-63.5831
 11
51.3092
 21
-63.6215
  0
LINE
  8
0
 10
51.3092
 20
-63.6215
 11
51.266
 21
-63.6626
  0
LINE
  8
0
 10
51.266
 20
-63.6626
 11
51.2174
 21
-63.7065
  0
LINE
  8
0
 10
51.2174
 20
-63.7065
 11
51.1632
 21
-63.7531
  0
LINE
  8
0
 10
51.1632
 20
-63.7531
 11
51.1032
 21
-63.8026
  0
LINE
  8
0
 10
51.1032
 20
-63.8026
 11
51.0388
 21
-63.856
  0
LINE
  8
0
 10
51.0388
 20
-63.856
 11
50.9772
 21
-63.909
  0
LINE
  8
0
 10
50.9772
 20
-63.909
 11
50.9187
 21
-63.9615
  0
LINE
  8
0
 10
50.9187
 20
-63.9615
 11
50.8634
 21
-64.0134
  0
LINE
  8
0
 10
50.8634
 20
-64.0134
 11
50.8113
 21
-64.0648
  0
LINE
  8
0
 10
50.8113
 20
-64.0648
 11
50.7623
 21
-64.1157
  0
LINE
  8
0
 10
50.7623
 20
-64.1157
 11
50.7164
 21
-64.1662
  0
LINE
  8
0
 10
50.7164
 20
-64.1662
 11
50.6734
 21
-64.2168
  0
LINE
  8
0
 10
50.6734
 20
-64.2168
 11
50.6331
 21
-64.2679
  0
LINE
  8
0
 10
50.6331
 20
-64.2679
 11
50.5958
 21
-64.3194
  0
LINE
  8
0
 10
50.5958
 20
-64.3194
 11
50.5612
 21
-64.3715
  0
LINE
  8
0
 10
50.5612
 20
-64.3715
 11
50.5296
 21
-64.4241
  0
LINE
  8
0
 10
50.5296
 20
-64.4241
 11
50.5008
 21
-64.4771
  0
LINE
  8
0
 10
50.5008
 20
-64.4771
 11
50.4704
 21
-64.5399
  0
LINE
  8
0
 10
50.4704
 20
-64.5399
 11
50.4704
 21
-64.8922
  0
LINE
  8
0
 10
50.4704
 20
-64.8922
 11
52.0414
 21
-64.8922
  0
LINE
  8
0
 10
52.0414
 20
-64.8922
 11
52.0414
 21
-64.4476
  0
LINE
  8
0
 10
49.5529
 20
-64.4476
 11
48.6107
 21
-64.4476
  0
LINE
  8
0
 10
48.6107
 20
-64.4476
 11
48.6128
 21
-64.4443
  0
LINE
  8
0
 10
48.6128
 20
-64.4443
 11
48.6295
 21
-64.4205
  0
LINE
  8
0
 10
48.6295
 20
-64.4205
 11
48.6478
 21
-64.3971
  0
LINE
  8
0
 10
48.6478
 20
-64.3971
 11
48.6682
 21
-64.3738
  0
LINE
  8
0
 10
48.6682
 20
-64.3738
 11
48.6901
 21
-64.351
  0
LINE
  8
0
 10
48.6901
 20
-64.351
 11
48.7145
 21
-64.3272
  0
LINE
  8
0
 10
48.7145
 20
-64.3272
 11
48.739
 21
-64.304
  0
LINE
  8
0
 10
48.739
 20
-64.304
 11
48.7653
 21
-64.2801
  0
LINE
  8
0
 10
48.7653
 20
-64.2801
 11
48.792
 21
-64.2563
  0
LINE
  8
0
 10
48.792
 20
-64.2563
 11
48.8188
 21
-64.2333
  0
LINE
  8
0
 10
48.8188
 20
-64.2333
 11
48.847
 21
-64.2098
  0
LINE
  8
0
 10
48.847
 20
-64.2098
 11
48.8765
 21
-64.1859
  0
LINE
  8
0
 10
48.8765
 20
-64.1859
 11
48.9061
 21
-64.1622
  0
LINE
  8
0
 10
48.9061
 20
-64.1622
 11
48.9668
 21
-64.1137
  0
LINE
  8
0
 10
48.9668
 20
-64.1137
 11
49.06
 21
-64.0397
  0
LINE
  8
0
 10
49.06
 20
-64.0397
 11
49.0918
 21
-64.0145
  0
LINE
  8
0
 10
49.0918
 20
-64.0145
 11
49.1238
 21
-63.9885
  0
LINE
  8
0
 10
49.1238
 20
-63.9885
 11
49.1552
 21
-63.9619
  0
LINE
  8
0
 10
49.1552
 20
-63.9619
 11
49.1858
 21
-63.9346
  0
LINE
  8
0
 10
49.1858
 20
-63.9346
 11
49.2155
 21
-63.9069
  0
LINE
  8
0
 10
49.2155
 20
-63.9069
 11
49.2445
 21
-63.8786
  0
LINE
  8
0
 10
49.2445
 20
-63.8786
 11
49.2725
 21
-63.8497
  0
LINE
  8
0
 10
49.2725
 20
-63.8497
 11
49.2999
 21
-63.8202
  0
LINE
  8
0
 10
49.2999
 20
-63.8202
 11
49.3264
 21
-63.7896
  0
LINE
  8
0
 10
49.3264
 20
-63.7896
 11
49.3516
 21
-63.7582
  0
LINE
  8
0
 10
49.3516
 20
-63.7582
 11
49.3755
 21
-63.7259
  0
LINE
  8
0
 10
49.3755
 20
-63.7259
 11
49.3979
 21
-63.6928
  0
LINE
  8
0
 10
49.3979
 20
-63.6928
 11
49.419
 21
-63.6588
  0
LINE
  8
0
 10
49.419
 20
-63.6588
 11
49.4386
 21
-63.6241
  0
LINE
  8
0
 10
49.4386
 20
-63.6241
 11
49.457
 21
-63.5883
  0
LINE
  8
0
 10
49.457
 20
-63.5883
 11
49.4737
 21
-63.5508
  0
LINE
  8
0
 10
49.4737
 20
-63.5508
 11
49.4879
 21
-63.5117
  0
LINE
  8
0
 10
49.4879
 20
-63.5117
 11
49.4996
 21
-63.4715
  0
LINE
  8
0
 10
49.4996
 20
-63.4715
 11
49.5086
 21
-63.4301
  0
LINE
  8
0
 10
49.5086
 20
-63.4301
 11
49.515
 21
-63.3876
  0
LINE
  8
0
 10
49.515
 20
-63.3876
 11
49.5188
 21
-63.3442
  0
LINE
  8
0
 10
49.5188
 20
-63.3442
 11
49.5201
 21
-63.2992
  0
LINE
  8
0
 10
49.5201
 20
-63.2992
 11
49.5162
 21
-63.2171
  0
LINE
  8
0
 10
49.5162
 20
-63.2171
 11
49.5042
 21
-63.1391
  0
LINE
  8
0
 10
49.5042
 20
-63.1391
 11
49.484
 21
-63.0659
  0
LINE
  8
0
 10
49.484
 20
-63.0659
 11
49.4555
 21
-62.9977
  0
LINE
  8
0
 10
49.4555
 20
-62.9977
 11
49.4186
 21
-62.9347
  0
LINE
  8
0
 10
49.4186
 20
-62.9347
 11
49.3736
 21
-62.8774
  0
LINE
  8
0
 10
49.3736
 20
-62.8774
 11
49.3206
 21
-62.8259
  0
LINE
  8
0
 10
49.3206
 20
-62.8259
 11
49.2602
 21
-62.7809
  0
LINE
  8
0
 10
49.2602
 20
-62.7809
 11
49.1932
 21
-62.743
  0
LINE
  8
0
 10
49.1932
 20
-62.743
 11
49.1198
 21
-62.7124
  0
LINE
  8
0
 10
49.1198
 20
-62.7124
 11
49.0404
 21
-62.6888
  0
LINE
  8
0
 10
49.0404
 20
-62.6888
 11
48.9549
 21
-62.672
  0
LINE
  8
0
 10
48.9549
 20
-62.672
 11
48.8634
 21
-62.6621
  0
LINE
  8
0
 10
48.8634
 20
-62.6621
 11
48.7658
 21
-62.6588
  0
LINE
  8
0
 10
48.7658
 20
-62.6588
 11
48.6749
 21
-62.6621
  0
LINE
  8
0
 10
48.6749
 20
-62.6621
 11
48.5889
 21
-62.672
  0
LINE
  8
0
 10
48.5889
 20
-62.672
 11
48.5079
 21
-62.6886
  0
LINE
  8
0
 10
48.5079
 20
-62.6886
 11
48.432
 21
-62.712
  0
LINE
  8
0
 10
48.432
 20
-62.712
 11
48.3612
 21
-62.7424
  0
LINE
  8
0
 10
48.3612
 20
-62.7424
 11
48.2959
 21
-62.7798
  0
LINE
  8
0
 10
48.2959
 20
-62.7798
 11
48.2361
 21
-62.8242
  0
LINE
  8
0
 10
48.2361
 20
-62.8242
 11
48.1825
 21
-62.8751
  0
LINE
  8
0
 10
48.1825
 20
-62.8751
 11
48.1354
 21
-62.9321
  0
LINE
  8
0
 10
48.1354
 20
-62.9321
 11
48.0951
 21
-62.9951
  0
LINE
  8
0
 10
48.0951
 20
-62.9951
 11
48.0614
 21
-63.0639
  0
LINE
  8
0
 10
48.0614
 20
-63.0639
 11
48.0344
 21
-63.138
  0
LINE
  8
0
 10
48.0344
 20
-63.138
 11
48.014
 21
-63.2176
  0
LINE
  8
0
 10
48.014
 20
-63.2176
 11
47.9915
 21
-63.3554
  0
LINE
  8
0
 10
47.9915
 20
-63.3554
 11
48.5135
 21
-63.3849
  0
LINE
  8
0
 10
48.5135
 20
-63.3849
 11
48.528
 21
-63.3028
  0
LINE
  8
0
 10
48.528
 20
-63.3028
 11
48.5361
 21
-63.2693
  0
LINE
  8
0
 10
48.5361
 20
-63.2693
 11
48.546
 21
-63.2392
  0
LINE
  8
0
 10
48.546
 20
-63.2392
 11
48.5573
 21
-63.2125
  0
LINE
  8
0
 10
48.5573
 20
-63.2125
 11
48.5701
 21
-63.1887
  0
LINE
  8
0
 10
48.5701
 20
-63.1887
 11
48.5842
 21
-63.1681
  0
LINE
  8
0
 10
48.5842
 20
-63.1681
 11
48.5993
 21
-63.1507
  0
LINE
  8
0
 10
48.5993
 20
-63.1507
 11
48.616
 21
-63.1358
  0
LINE
  8
0
 10
48.616
 20
-63.1358
 11
48.6347
 21
-63.1232
  0
LINE
  8
0
 10
48.6347
 20
-63.1232
 11
48.6557
 21
-63.1128
  0
LINE
  8
0
 10
48.6557
 20
-63.1128
 11
48.6795
 21
-63.1044
  0
LINE
  8
0
 10
48.6795
 20
-63.1044
 11
48.7061
 21
-63.0982
  0
LINE
  8
0
 10
48.7061
 20
-63.0982
 11
48.736
 21
-63.0944
  0
LINE
  8
0
 10
48.736
 20
-63.0944
 11
48.768
 21
-63.0931
  0
LINE
  8
0
 10
48.768
 20
-63.0931
 11
48.8335
 21
-63.0981
  0
LINE
  8
0
 10
48.8335
 20
-63.0981
 11
48.8852
 21
-63.1121
  0
LINE
  8
0
 10
48.8852
 20
-63.1121
 11
48.9244
 21
-63.1339
  0
LINE
  8
0
 10
48.9244
 20
-63.1339
 11
48.9539
 21
-63.1632
  0
LINE
  8
0
 10
48.9539
 20
-63.1632
 11
48.9757
 21
-63.2022
  0
LINE
  8
0
 10
48.9757
 20
-63.2022
 11
48.9897
 21
-63.2533
  0
LINE
  8
0
 10
48.9897
 20
-63.2533
 11
48.9948
 21
-63.318
  0
LINE
  8
0
 10
48.9948
 20
-63.318
 11
48.9933
 21
-63.3442
  0
LINE
  8
0
 10
48.9933
 20
-63.3442
 11
48.9888
 21
-63.3709
  0
LINE
  8
0
 10
48.9888
 20
-63.3709
 11
48.9811
 21
-63.3985
  0
LINE
  8
0
 10
48.9811
 20
-63.3985
 11
48.9701
 21
-63.4266
  0
LINE
  8
0
 10
48.9701
 20
-63.4266
 11
48.9557
 21
-63.4557
  0
LINE
  8
0
 10
48.9557
 20
-63.4557
 11
48.9379
 21
-63.4851
  0
LINE
  8
0
 10
48.9379
 20
-63.4851
 11
48.9163
 21
-63.5155
  0
LINE
  8
0
 10
48.9163
 20
-63.5155
 11
48.89
 21
-63.5479
  0
LINE
  8
0
 10
48.89
 20
-63.5479
 11
48.8582
 21
-63.5832
  0
LINE
  8
0
 10
48.8582
 20
-63.5832
 11
48.8206
 21
-63.6215
  0
LINE
  8
0
 10
48.8206
 20
-63.6215
 11
48.7775
 21
-63.6626
  0
LINE
  8
0
 10
48.7775
 20
-63.6626
 11
48.7289
 21
-63.7065
  0
LINE
  8
0
 10
48.7289
 20
-63.7065
 11
48.6747
 21
-63.7531
  0
LINE
  8
0
 10
48.6747
 20
-63.7531
 11
48.6147
 21
-63.8026
  0
LINE
  8
0
 10
48.6147
 20
-63.8026
 11
48.5502
 21
-63.856
  0
LINE
  8
0
 10
48.5502
 20
-63.856
 11
48.4886
 21
-63.909
  0
LINE
  8
0
 10
48.4886
 20
-63.909
 11
48.4302
 21
-63.9615
  0
LINE
  8
0
 10
48.4302
 20
-63.9615
 11
48.3749
 21
-64.0134
  0
LINE
  8
0
 10
48.3749
 20
-64.0134
 11
48.3227
 21
-64.0648
  0
LINE
  8
0
 10
48.3227
 20
-64.0648
 11
48.2737
 21
-64.1157
  0
LINE
  8
0
 10
48.2737
 20
-64.1157
 11
48.2278
 21
-64.1662
  0
LINE
  8
0
 10
48.2278
 20
-64.1662
 11
48.1848
 21
-64.2168
  0
LINE
  8
0
 10
48.1848
 20
-64.2168
 11
48.1446
 21
-64.2679
  0
LINE
  8
0
 10
48.1446
 20
-64.2679
 11
48.1072
 21
-64.3194
  0
LINE
  8
0
 10
48.1072
 20
-64.3194
 11
48.0727
 21
-64.3715
  0
LINE
  8
0
 10
48.0727
 20
-64.3715
 11
48.041
 21
-64.4241
  0
LINE
  8
0
 10
48.041
 20
-64.4241
 11
48.0123
 21
-64.4771
  0
LINE
  8
0
 10
48.0123
 20
-64.4771
 11
47.9819
 21
-64.5399
  0
LINE
  8
0
 10
47.9819
 20
-64.5399
 11
47.9819
 21
-64.8922
  0
LINE
  8
0
 10
47.9819
 20
-64.8922
 11
49.5529
 21
-64.8922
  0
LINE
  8
0
 10
49.5529
 20
-64.8922
 11
49.5529
 21
-64.4476
  0
LINE
  8
0
 10
19.5902
 20
-64.4653
 11
19.1083
 21
-64.4653
  0
LINE
  8
0
 10
19.1083
 20
-64.4653
 11
19.1083
 21
-62.6751
  0
LINE
  8
0
 10
19.1083
 20
-62.6751
 11
18.6467
 21
-62.6751
  0
LINE
  8
0
 10
18.6467
 20
-62.6751
 11
18.0848
 21
-63.0395
  0
LINE
  8
0
 10
18.0848
 20
-63.0395
 11
18.0848
 21
-63.4866
  0
LINE
  8
0
 10
18.0848
 20
-63.4866
 11
18.5891
 21
-63.1718
  0
LINE
  8
0
 10
18.5891
 20
-63.1718
 11
18.5891
 21
-64.4653
  0
LINE
  8
0
 10
18.5891
 20
-64.4653
 11
18.0684
 21
-64.4653
  0
LINE
  8
0
 10
18.0684
 20
-64.4653
 11
18.0684
 21
-64.8771
  0
LINE
  8
0
 10
18.0684
 20
-64.8771
 11
19.5902
 21
-64.8771
  0
LINE
  8
0
 10
19.5902
 20
-64.8771
 11
19.5902
 21
-64.4653
  0
LINE
  8
0
 10
9.59018
 20
-64.4653
 11
9.10831
 21
-64.4653
  0
LINE
  8
0
 10
9.10831
 20
-64.4653
 11
9.10831
 21
-62.6751
  0
LINE
  8
0
 10
9.10831
 20
-62.6751
 11
8.64667
 21
-62.6751
  0
LINE
  8
0
 10
8.64667
 20
-62.6751
 11
8.08484
 21
-63.0395
  0
LINE
  8
0
 10
8.08484
 20
-63.0395
 11
8.08484
 21
-63.4866
  0
LINE
  8
0
 10
8.08484
 20
-63.4866
 11
8.58908
 21
-63.1718
  0
LINE
  8
0
 10
8.58908
 20
-63.1718
 11
8.58908
 21
-64.4653
  0
LINE
  8
0
 10
8.58908
 20
-64.4653
 11
8.06842
 21
-64.4653
  0
LINE
  8
0
 10
8.06842
 20
-64.4653
 11
8.06842
 21
-64.8771
  0
LINE
  8
0
 10
8.06842
 20
-64.8771
 11
9.59018
 21
-64.8771
  0
LINE
  8
0
 10
9.59018
 20
-64.8771
 11
9.59018
 21
-64.4653
  0
LINE
  8
0
 10
42.0787
 20
-64.4804
 11
41.5968
 21
-64.4804
  0
LINE
  8
0
 10
41.5968
 20
-64.4804
 11
41.5968
 21
-62.6902
  0
LINE
  8
0
 10
41.5968
 20
-62.6902
 11
41.1352
 21
-62.6902
  0
LINE
  8
0
 10
41.1352
 20
-62.6902
 11
40.5734
 21
-63.0547
  0
LINE
  8
0
 10
40.5734
 20
-63.0547
 11
40.5734
 21
-63.5017
  0
LINE
  8
0
 10
40.5734
 20
-63.5017
 11
41.0776
 21
-63.1869
  0
LINE
  8
0
 10
41.0776
 20
-63.1869
 11
41.0776
 21
-64.4804
  0
LINE
  8
0
 10
41.0776
 20
-64.4804
 11
40.557
 21
-64.4804
  0
LINE
  8
0
 10
40.557
 20
-64.4804
 11
40.557
 21
-64.8922
  0
LINE
  8
0
 10
40.557
 20
-64.8922
 11
42.0787
 21
-64.8922
  0
LINE
  8
0
 10
42.0787
 20
-64.8922
 11
42.0787
 21
-64.4804
  0
LINE
  8
0
 10
60.274
 20
-64.32
 11
59.7429
 21
-64.32
  0
LINE
  8
0
 10
59.7429
 20
-64.32
 11
59.7429
 21
-64.875
  0
LINE
  8
0
 10
59.7429
 20
-64.875
 11
60.274
 21
-64.875
  0
LINE
  8
0
 10
60.274
 20
-64.875
 11
60.274
 21
-64.32
  0
LINE
  8
0
 10
10.274
 20
-64.3221
 11
9.74286
 21
-64.3221
  0
LINE
  8
0
 10
9.74286
 20
-64.3221
 11
9.74286
 21
-64.8771
  0
LINE
  8
0
 10
9.74286
 20
-64.8771
 11
10.274
 21
-64.8771
  0
LINE
  8
0
 10
10.274
 20
-64.8771
 11
10.274
 21
-64.3221
  0
LINE
  8
0
 10
20.274
 20
-64.3221
 11
19.7429
 21
-64.3221
  0
LINE
  8
0
 10
19.7429
 20
-64.3221
 11
19.7429
 21
-64.8771
  0
LINE
  8
0
 10
19.7429
 20
-64.8771
 11
20.274
 21
-64.8771
  0
LINE
  8
0
 10
20.274
 20
-64.8771
 11
20.274
 21
-64.3221
  0
LINE
  8
0
 10
30.274
 20
-64.3221
 11
29.7429
 21
-64.3221
  0
LINE
  8
0
 10
29.7429
 20
-64.3221
 11
29.7429
 21
-64.8771
  0
LINE
  8
0
 10
29.7429
 20
-64.8771
 11
30.274
 21
-64.8771
  0
LINE
  8
0
 10
30.274
 20
-64.8771
 11
30.274
 21
-64.3221
  0
LINE
  8
0
 10
50.274
 20
-64.3372
 11
49.7429
 21
-64.3372
  0
LINE
  8
0
 10
49.7429
 20
-64.3372
 11
49.7429
 21
-64.8922
  0
LINE
  8
0
 10
49.7429
 20
-64.8922
 11
50.274
 21
-64.8922
  0
LINE
  8
0
 10
50.274
 20
-64.8922
 11
50.274
 21
-64.3372
  0
LINE
  8
0
 10
40.274
 20
-64.3372
 11
39.7429
 21
-64.3372
  0
LINE
  8
0
 10
39.7429
 20
-64.3372
 11
39.7429
 21
-64.8922
  0
LINE
  8
0
 10
39.7429
 20
-64.8922
 11
40.274
 21
-64.8922
  0
LINE
  8
0
 10
40.274
 20
-64.8922
 11
40.274
 21
-64.3372
  0
LINE
  8
0
 10
18.1949
 20
-70.1
 11
19.9436
 21
-70.1
  0
LINE
  8
0
 10
19.9436
 20
-70.1
 11
19.9436
 21
-72
  0
LINE
  8
0
 10
19.9436
 20
-72
 11
20.5435
 21
-72
  0
LINE
  8
0
 10
20.5435
 20
-72
 11
20.5435
 21
-70.1
  0
LINE
  8
0
 10
20.5435
 20
-70.1
 11
22.2922
 21
-70.1
  0
LINE
  8
0
 10
22.2922
 20
-70.1
 11
22.2922
 21
-72
  0
LINE
  8
0
 10
22.2922
 20
-72
 11
22.8922
 21
-72
  0
LINE
  8
0
 10
22.8922
 20
-72
 11
22.8922
 21
-70.1
  0
LINE
  8
0
 10
22.8922
 20
-70.1
 11
24.6409
 21
-70.1
  0
LINE
  8
0
 10
24.6409
 20
-70.1
 11
24.6409
 21
-72
  0
LINE
  8
0
 10
24.6409
 20
-72
 11
25.2409
 21
-72
  0
LINE
  8
0
 10
25.2409
 20
-72
 11
25.2409
 21
-70.1
  0
LINE
  8
0
 10
25.2409
 20
-70.1
 11
26.9896
 21
-70.1
  0
LINE
  8
0
 10
26.9896
 20
-70.1
 11
26.9896
 21
-72
  0
LINE
  8
0
 10
26.9896
 20
-72
 11
27.5896
 21
-72
  0
LINE
  8
0
 10
27.5896
 20
-72
 11
27.5896
 21
-70.1
  0
LINE
  8
0
 10
27.5896
 20
-70.1
 11
29.3383
 21
-70.1
  0
LINE
  8
0
 10
29.3383
 20
-70.1
 11
29.3383
 21
-74
  0
LINE
  8
0
 10
29.3383
 20
-74
 11
29.9383
 21
-74
  0
LINE
  8
0
 10
29.9383
 20
-74
 11
29.9383
 21
-70.1
  0
LINE
  8
0
 10
29.9383
 20
-70.1
 11
31.687
 21
-70.1
  0
LINE
  8
0
 10
31.687
 20
-70.1
 11
31.687
 21
-72
  0
LINE
  8
0
 10
31.687
 20
-72
 11
32.287
 21
-72
  0
LINE
  8
0
 10
32.287
 20
-72
 11
32.287
 21
-70.1
  0
LINE
  8
0
 10
32.287
 20
-70.1
 11
34.0357
 21
-70.1
  0
LINE
  8
0
 10
34.0357
 20
-70.1
 11
34.0357
 21
-72
  0
LINE
  8
0
 10
34.0357
 20
-72
 11
34.6357
 21
-72
  0
LINE
  8
0
 10
34.6357
 20
-72
 11
34.6357
 21
-70.1
  0
LINE
  8
0
 10
34.6357
 20
-70.1
 11
36.3844
 21
-70.1
  0
LINE
  8
0
 10
36.3844
 20
-70.1
 11
36.3844
 21
-72
  0
LINE
  8
0
 10
36.3844
 20
-72
 11
36.9844
 21
-72
  0
LINE
  8
0
 10
36.9844
 20
-72
 11
36.9844
 21
-70.1
  0
LINE
  8
0
 10
36.9844
 20
-70.1
 11
38.733
 21
-70.1
  0
LINE
  8
0
 10
38.733
 20
-70.1
 11
38.733
 21
-72
  0
LINE
  8
0
 10
38.733
 20
-72
 11
39.333
 21
-72
  0
LINE
  8
0
 10
39.333
 20
-72
 11
39.333
 21
-70.1
  0
LINE
  8
0
 10
39.333
 20
-70.1
 11
41.0817
 21
-70.1
  0
LINE
  8
0
 10
41.0817
 20
-70.1
 11
41.0817
 21
-74
  0
LINE
  8
0
 10
41.0817
 20
-74
 11
41.6817
 21
-74
  0
LINE
  8
0
 10
41.6817
 20
-74
 11
41.6817
 21
-70.1
  0
LINE
  8
0
 10
41.6817
 20
-70.1
 11
43.4304
 21
-70.1
  0
LINE
  8
0
 10
43.4304
 20
-70.1
 11
43.4304
 21
-72
  0
LINE
  8
0
 10
43.4304
 20
-72
 11
44.0304
 21
-72
  0
LINE
  8
0
 10
44.0304
 20
-72
 11
44.0304
 21
-70.1
  0
LINE
  8
0
 10
44.0304
 20
-70.1
 11
45.7791
 21
-70.1
  0
LINE
  8
0
 10
45.7791
 20
-70.1
 11
45.7791
 21
-72
  0
LINE
  8
0
 10
45.7791
 20
-72
 11
46.3791
 21
-72
  0
LINE
  8
0
 10
46.3791
 20
-72
 11
46.3791
 21
-70.1
  0
LINE
  8
0
 10
46.3791
 20
-70.1
 11
48.1278
 21
-70.1
  0
LINE
  8
0
 10
48.1278
 20
-70.1
 11
48.1278
 21
-72
  0
LINE
  8
0
 10
48.1278
 20
-72
 11
48.7278
 21
-72
  0
LINE
  8
0
 10
48.7278
 20
-72
 11
48.7278
 21
-70.1
  0
LINE
  8
0
 10
48.7278
 20
-70.1
 11
50.4765
 21
-70.1
  0
LINE
  8
0
 10
50.4765
 20
-70.1
 11
50.4765
 21
-72
  0
LINE
  8
0
 10
50.4765
 20
-72
 11
51.0765
 21
-72
  0
LINE
  8
0
 10
51.0765
 20
-72
 11
51.0765
 21
-70.1
  0
LINE
  8
0
 10
51.0765
 20
-70.1
 11
52.8251
 21
-70.1
  0
LINE
  8
0
 10
52.8251
 20
-70.1
 11
52.8251
 21
-74
  0
LINE
  8
0
 10
52.8251
 20
-74
 11
53.4252
 21
-74
  0
LINE
  8
0
 10
53.4252
 20
-74
 11
53.4252
 21
-70.1
  0
LINE
  8
0
 10
53.4252
 20
-70.1
 11
55.1738
 21
-70.1
  0
LINE
  8
0
 10
55.1738
 20
-70.1
 11
55.1738
 21
-72
  0
LINE
  8
0
 10
55.1738
 20
-72
 11
55.7738
 21
-72
  0
LINE
  8
0
 10
55.7738
 20
-72
 11
55.7738
 21
-70.1
  0
LINE
  8
0
 10
55.7738
 20
-70.1
 11
57.5225
 21
-70.1
  0
LINE
  8
0
 10
57.5225
 20
-70.1
 11
57.5225
 21
-72
  0
LINE
  8
0
 10
57.5225
 20
-72
 11
58.1225
 21
-72
  0
LINE
  8
0
 10
58.1225
 20
-72
 11
58.1225
 21
-70.1
  0
LINE
  8
0
 10
58.1225
 20
-70.1
 11
60.5
 21
-70.1
  0
LINE
  8
0
 10
60.5
 20
-70.1
 11
60.5
 21
-69.5
  0
LINE
  8
0
 10
60.5
 20
-69.5
 11
60.3
 21
-69.5
  0
LINE
  8
0
 10
60.3
 20
-69.5
 11
60.3
 21
-65.5
  0
LINE
  8
0
 10
60.3
 20
-65.5
 11
59.7
 21
-65.5
  0
LINE
  8
0
 10
59.7
 20
-65.5
 11
59.7
 21
-69.5
  0
LINE
  8
0
 10
59.7
 20
-69.5
 11
55.3
 21
-69.5
  0
LINE
  8
0
 10
55.3
 20
-69.5
 11
55.3
 21
-67.5
  0
LINE
  8
0
 10
55.3
 20
-67.5
 11
54.7
 21
-67.5
  0
LINE
  8
0
 10
54.7
 20
-67.5
 11
54.7
 21
-69.5
  0
LINE
  8
0
 10
54.7
 20
-69.5
 11
50.3
 21
-69.5
  0
LINE
  8
0
 10
50.3
 20
-69.5
 11
50.3
 21
-65.5
  0
LINE
  8
0
 10
50.3
 20
-65.5
 11
49.7
 21
-65.5
  0
LINE
  8
0
 10
49.7
 20
-65.5
 11
49.7
 21
-69.5
  0
LINE
  8
0
 10
49.7
 20
-69.5
 11
45.3
 21
-69.5
  0
LINE
  8
0
 10
45.3
 20
-69.5
 11
45.3
 21
-67.5
  0
LINE
  8
0
 10
45.3
 20
-67.5
 11
44.7
 21
-67.5
  0
LINE
  8
0
 10
44.7
 20
-67.5
 11
44.7
 21
-69.5
  0
LINE
  8
0
 10
44.7
 20
-69.5
 11
40.3
 21
-69.5
  0
LINE
  8
0
 10
40.3
 20
-69.5
 11
40.3
 21
-65.5
  0
LINE
  8
0
 10
40.3
 20
-65.5
 11
39.7
 21
-65.5
  0
LINE
  8
0
 10
39.7
 20
-65.5
 11
39.7
 21
-69.5
  0
LINE
  8
0
 10
39.7
 20
-69.5
 11
35.3
 21
-69.5
  0
LINE
  8
0
 10
35.3
 20
-69.5
 11
35.3
 21
-67.5
  0
LINE
  8
0
 10
35.3
 20
-67.5
 11
34.7
 21
-67.5
  0
LINE
  8
0
 10
34.7
 20
-67.5
 11
34.7
 21
-69.5
  0
LINE
  8
0
 10
34.7
 20
-69.5
 11
30.3
 21
-69.5
  0
LINE
  8
0
 10
30.3
 20
-69.5
 11
30.3
 21
-65.5
  0
LINE
  8
0
 10
30.3
 20
-65.5
 11
29.7
 21
-65.5
  0
LINE
  8
0
 10
29.7
 20
-65.5
 11
29.7
 21
-69.5
  0
LINE
  8
0
 10
29.7
 20
-69.5
 11
25.3
 21
-69.5
  0
LINE
  8
0
 10
25.3
 20
-69.5
 11
25.3
 21
-67.5
  0
LINE
  8
0
 10
25.3
 20
-67.5
 11
24.7
 21
-67.5
  0
LINE
  8
0
 10
24.7
 20
-67.5
 11
24.7
 21
-69.5
  0
LINE
  8
0
 10
24.7
 20
-69.5
 11
20.3
 21
-69.5
  0
LINE
  8
0
 10
20.3
 20
-69.5
 11
20.3
 21
-65.5
  0
LINE
  8
0
 10
20.3
 20
-65.5
 11
19.7
 21
-65.5
  0
LINE
  8
0
 10
19.7
 20
-65.5
 11
19.7
 21
-69.5
  0
LINE
  8
0
 10
19.7
 20
-69.5
 11
15.3
 21
-69.5
  0
LINE
  8
0
 10
15.3
 20
-69.5
 11
15.3
 21
-67.5
  0
LINE
  8
0
 10
15.3
 20
-67.5
 11
14.7
 21
-67.5
  0
LINE
  8
0
 10
14.7
 20
-67.5
 11
14.7
 21
-69.5
  0
LINE
  8
0
 10
14.7
 20
-69.5
 11
10.3
 21
-69.5
  0
LINE
  8
0
 10
10.3
 20
-69.5
 11
10.3
 21
-65.5
  0
LINE
  8
0
 10
10.3
 20
-65.5
 11
9.7
 21
-65.5
  0
LINE
  8
0
 10
9.7
 20
-65.5
 11
9.7
 21
-69.5
  0
LINE
  8
0
 10
9.7
 20
-69.5
 11
9.5
 21
-69.5
  0
LINE
  8
0
 10
9.5
 20
-69.5
 11
9.5
 21
-70.1
  0
LINE
  8
0
 10
9.5
 20
-70.1
 11
10.5488
 21
-70.1
  0
LINE
  8
0
 10
10.5488
 20
-70.1
 11
10.5488
 21
-72
  0
LINE
  8
0
 10
10.5488
 20
-72
 11
11.1488
 21
-72
  0
LINE
  8
0
 10
11.1488
 20
-72
 11
11.1488
 21
-70.1
  0
LINE
  8
0
 10
11.1488
 20
-70.1
 11
12.8975
 21
-70.1
  0
LINE
  8
0
 10
12.8975
 20
-70.1
 11
12.8975
 21
-72
  0
LINE
  8
0
 10
12.8975
 20
-72
 11
13.4975
 21
-72
  0
LINE
  8
0
 10
13.4975
 20
-72
 11
13.4975
 21
-70.1
  0
LINE
  8
0
 10
13.4975
 20
-70.1
 11
15.2462
 21
-70.1
  0
LINE
  8
0
 10
15.2462
 20
-70.1
 11
15.2462
 21
-72
  0
LINE
  8
0
 10
15.2462
 20
-72
 11
15.8462
 21
-72
  0
LINE
  8
0
 10
15.8462
 20
-72
 11
15.8462
 21
-70.1
  0
LINE
  8
0
 10
15.8462
 20
-70.1
 11
17.5949
 21
-70.1
  0
LINE
  8
0
 10
17.5949
 20
-70.1
 11
17.5949
 21
-74
  0
LINE
  8
0
 10
17.5949
 20
-74
 11
18.1949
 21
-74
  0
LINE
  8
0
 10
18.1949
 20
-74
 11
18.1949
 21
-70.1
  0
LINE
  8
0
 10
133.542
 20
-70.5504
 11
133.672
 21
-70.541
  0
LINE
  8
0
 10
133.672
 20
-70.541
 11
133.8
 21
-70.5254
  0
LINE
  8
0
 10
133.8
 20
-70.5254
 11
133.926
 21
-70.5036
  0
LINE
  8
0
 10
133.926
 20
-70.5036
 11
134.051
 21
-70.4755
  0
LINE
  8
0
 10
134.051
 20
-70.4755
 11
134.174
 21
-70.4412
  0
LINE
  8
0
 10
134.174
 20
-70.4412
 11
134.296
 21
-70.4006
  0
LINE
  8
0
 10
134.296
 20
-70.4006
 11
134.413
 21
-70.3545
  0
LINE
  8
0
 10
134.413
 20
-70.3545
 11
134.525
 21
-70.3034
  0
LINE
  8
0
 10
134.525
 20
-70.3034
 11
134.63
 21
-70.2474
  0
LINE
  8
0
 10
134.63
 20
-70.2474
 11
134.729
 21
-70.1864
  0
LINE
  8
0
 10
134.729
 20
-70.1864
 11
134.821
 21
-70.1204
  0
LINE
  8
0
 10
134.821
 20
-70.1204
 11
134.907
 21
-70.0494
  0
LINE
  8
0
 10
134.907
 20
-70.0494
 11
135.001
 21
-69.96
  0
LINE
  8
0
 10
135.001
 20
-69.96
 11
135.001
 21
-68.6943
  0
LINE
  8
0
 10
135.001
 20
-68.6943
 11
133.485
 21
-68.6943
  0
LINE
  8
0
 10
133.485
 20
-68.6943
 11
133.485
 21
-69.2969
  0
LINE
  8
0
 10
133.485
 20
-69.2969
 11
134.278
 21
-69.2969
  0
LINE
  8
0
 10
134.278
 20
-69.2969
 11
134.278
 21
-69.6727
  0
LINE
  8
0
 10
134.278
 20
-69.6727
 11
134.257
 21
-69.6899
  0
LINE
  8
0
 10
134.257
 20
-69.6899
 11
134.214
 21
-69.7194
  0
LINE
  8
0
 10
134.214
 20
-69.7194
 11
134.167
 21
-69.7476
  0
LINE
  8
0
 10
134.167
 20
-69.7476
 11
134.114
 21
-69.7744
  0
LINE
  8
0
 10
134.114
 20
-69.7744
 11
134.057
 21
-69.7998
  0
LINE
  8
0
 10
134.057
 20
-69.7998
 11
133.995
 21
-69.8236
  0
LINE
  8
0
 10
133.995
 20
-69.8236
 11
133.928
 21
-69.8459
  0
LINE
  8
0
 10
133.928
 20
-69.8459
 11
133.859
 21
-69.8658
  0
LINE
  8
0
 10
133.859
 20
-69.8658
 11
133.789
 21
-69.8826
  0
LINE
  8
0
 10
133.789
 20
-69.8826
 11
133.718
 21
-69.8964
  0
LINE
  8
0
 10
133.718
 20
-69.8964
 11
133.647
 21
-69.9071
  0
LINE
  8
0
 10
133.647
 20
-69.9071
 11
133.575
 21
-69.9147
  0
LINE
  8
0
 10
133.575
 20
-69.9147
 11
133.502
 21
-69.9193
  0
LINE
  8
0
 10
133.502
 20
-69.9193
 11
133.43
 21
-69.9209
  0
LINE
  8
0
 10
133.43
 20
-69.9209
 11
133.305
 21
-69.9149
  0
LINE
  8
0
 10
133.305
 20
-69.9149
 11
133.19
 21
-69.8974
  0
LINE
  8
0
 10
133.19
 20
-69.8974
 11
133.084
 21
-69.8682
  0
LINE
  8
0
 10
133.084
 20
-69.8682
 11
132.987
 21
-69.8278
  0
LINE
  8
0
 10
132.987
 20
-69.8278
 11
132.898
 21
-69.7759
  0
LINE
  8
0
 10
132.898
 20
-69.7759
 11
132.817
 21
-69.7126
  0
LINE
  8
0
 10
132.817
 20
-69.7126
 11
132.744
 21
-69.6374
  0
LINE
  8
0
 10
132.744
 20
-69.6374
 11
132.68
 21
-69.5514
  0
LINE
  8
0
 10
132.68
 20
-69.5514
 11
132.625
 21
-69.4554
  0
LINE
  8
0
 10
132.625
 20
-69.4554
 11
132.58
 21
-69.3492
  0
LINE
  8
0
 10
132.58
 20
-69.3492
 11
132.545
 21
-69.2323
  0
LINE
  8
0
 10
132.545
 20
-69.2323
 11
132.52
 21
-69.1049
  0
LINE
  8
0
 10
132.52
 20
-69.1049
 11
132.504
 21
-68.9668
  0
LINE
  8
0
 10
132.504
 20
-68.9668
 11
132.499
 21
-68.8181
  0
LINE
  8
0
 10
132.499
 20
-68.8181
 11
132.504
 21
-68.6719
  0
LINE
  8
0
 10
132.504
 20
-68.6719
 11
132.519
 21
-68.5366
  0
LINE
  8
0
 10
132.519
 20
-68.5366
 11
132.544
 21
-68.4118
  0
LINE
  8
0
 10
132.544
 20
-68.4118
 11
132.578
 21
-68.2979
  0
LINE
  8
0
 10
132.578
 20
-68.2979
 11
132.621
 21
-68.1944
  0
LINE
  8
0
 10
132.621
 20
-68.1944
 11
132.674
 21
-68.1013
  0
LINE
  8
0
 10
132.674
 20
-68.1013
 11
132.736
 21
-68.0184
  0
LINE
  8
0
 10
132.736
 20
-68.0184
 11
132.807
 21
-67.9463
  0
LINE
  8
0
 10
132.807
 20
-67.9463
 11
132.887
 21
-67.8853
  0
LINE
  8
0
 10
132.887
 20
-67.8853
 11
132.976
 21
-67.8353
  0
LINE
  8
0
 10
132.976
 20
-67.8353
 11
133.074
 21
-67.7962
  0
LINE
  8
0
 10
133.074
 20
-67.7962
 11
133.181
 21
-67.7681
  0
LINE
  8
0
 10
133.181
 20
-67.7681
 11
133.299
 21
-67.751
  0
LINE
  8
0
 10
133.299
 20
-67.751
 11
133.427
 21
-67.7453
  0
LINE
  8
0
 10
133.427
 20
-67.7453
 11
133.506
 21
-67.7478
  0
LINE
  8
0
 10
133.506
 20
-67.7478
 11
133.581
 21
-67.7552
  0
LINE
  8
0
 10
133.581
 20
-67.7552
 11
133.653
 21
-67.7675
  0
LINE
  8
0
 10
133.653
 20
-67.7675
 11
133.723
 21
-67.7847
  0
LINE
  8
0
 10
133.723
 20
-67.7847
 11
133.788
 21
-67.8067
  0
LINE
  8
0
 10
133.788
 20
-67.8067
 11
133.851
 21
-67.8336
  0
LINE
  8
0
 10
133.851
 20
-67.8336
 11
133.911
 21
-67.8652
  0
LINE
  8
0
 10
133.911
 20
-67.8652
 11
133.967
 21
-67.9013
  0
LINE
  8
0
 10
133.967
 20
-67.9013
 11
134.018
 21
-67.942
  0
LINE
  8
0
 10
134.018
 20
-67.942
 11
134.064
 21
-67.987
  0
LINE
  8
0
 10
134.064
 20
-67.987
 11
134.107
 21
-68.0367
  0
LINE
  8
0
 10
134.107
 20
-68.0367
 11
134.145
 21
-68.0912
  0
LINE
  8
0
 10
134.145
 20
-68.0912
 11
134.179
 21
-68.1504
  0
LINE
  8
0
 10
134.179
 20
-68.1504
 11
134.227
 21
-68.256
  0
LINE
  8
0
 10
134.227
 20
-68.256
 11
134.952
 21
-68.0376
  0
LINE
  8
0
 10
134.952
 20
-68.0376
 11
134.819
 21
-67.7563
  0
LINE
  8
0
 10
134.819
 20
-67.7563
 11
134.673
 21
-67.5582
  0
LINE
  8
0
 10
134.673
 20
-67.5582
 11
134.491
 21
-67.396
  0
LINE
  8
0
 10
134.491
 20
-67.396
 11
134.275
 21
-67.2702
  0
LINE
  8
0
 10
134.275
 20
-67.2702
 11
134.025
 21
-67.181
  0
LINE
  8
0
 10
134.025
 20
-67.181
 11
133.743
 21
-67.1279
  0
LINE
  8
0
 10
133.743
 20
-67.1279
 11
133.427
 21
-67.1103
  0
LINE
  8
0
 10
133.427
 20
-67.1103
 11
133.2
 21
-67.1192
  0
LINE
  8
0
 10
133.2
 20
-67.1192
 11
132.989
 21
-67.146
  0
LINE
  8
0
 10
132.989
 20
-67.146
 11
132.792
 21
-67.1908
  0
LINE
  8
0
 10
132.792
 20
-67.1908
 11
132.611
 21
-67.2537
  0
LINE
  8
0
 10
132.611
 20
-67.2537
 11
132.444
 21
-67.335
  0
LINE
  8
0
 10
132.444
 20
-67.335
 11
132.293
 21
-67.4347
  0
LINE
  8
0
 10
132.293
 20
-67.4347
 11
132.158
 21
-67.5526
  0
LINE
  8
0
 10
132.158
 20
-67.5526
 11
132.04
 21
-67.6875
  0
LINE
  8
0
 10
132.04
 20
-67.6875
 11
131.94
 21
-67.8381
  0
LINE
  8
0
 10
131.94
 20
-67.8381
 11
131.858
 21
-68.0041
  0
LINE
  8
0
 10
131.858
 20
-68.0041
 11
131.795
 21
-68.1853
  0
LINE
  8
0
 10
131.795
 20
-68.1853
 11
131.75
 21
-68.3814
  0
LINE
  8
0
 10
131.75
 20
-68.3814
 11
131.723
 21
-68.5923
  0
LINE
  8
0
 10
131.723
 20
-68.5923
 11
131.714
 21
-68.8181
  0
LINE
  8
0
 10
131.714
 20
-68.8181
 11
131.723
 21
-69.0452
  0
LINE
  8
0
 10
131.723
 20
-69.0452
 11
131.75
 21
-69.2578
  0
LINE
  8
0
 10
131.75
 20
-69.2578
 11
131.795
 21
-69.4558
  0
LINE
  8
0
 10
131.795
 20
-69.4558
 11
131.857
 21
-69.6392
  0
LINE
  8
0
 10
131.857
 20
-69.6392
 11
131.938
 21
-69.8078
  0
LINE
  8
0
 10
131.938
 20
-69.8078
 11
132.038
 21
-69.9612
  0
LINE
  8
0
 10
132.038
 20
-69.9612
 11
132.155
 21
-70.0992
  0
LINE
  8
0
 10
132.155
 20
-70.0992
 11
132.289
 21
-70.2202
  0
LINE
  8
0
 10
132.289
 20
-70.2202
 11
132.439
 21
-70.3225
  0
LINE
  8
0
 10
132.439
 20
-70.3225
 11
132.604
 21
-70.4061
  0
LINE
  8
0
 10
132.604
 20
-70.4061
 11
132.784
 21
-70.4708
  0
LINE
  8
0
 10
132.784
 20
-70.4708
 11
132.978
 21
-70.5168
  0
LINE
  8
0
 10
132.978
 20
-70.5168
 11
133.187
 21
-70.5444
  0
LINE
  8
0
 10
133.187
 20
-70.5444
 11
133.41
 21
-70.5535
  0
LINE
  8
0
 10
133.41
 20
-70.5535
 11
133.542
 21
-70.5504
  0
LINE
  8
0
 10
110.536
 20
-67.7834
 11
111.587
 21
-67.7834
  0
LINE
  8
0
 10
111.587
 20
-67.7834
 11
111.587
 21
-67.194
  0
LINE
  8
0
 10
111.587
 20
-67.194
 11
112.627
 21
-68.7481
  0
LINE
  8
0
 10
112.627
 20
-68.7481
 11
111.469
 21
-70.5063
  0
LINE
  8
0
 10
111.469
 20
-70.5063
 11
112.309
 21
-70.5063
  0
LINE
  8
0
 10
112.309
 20
-70.5063
 11
113.098
 21
-69.2565
  0
LINE
  8
0
 10
113.098
 20
-69.2565
 11
113.886
 21
-70.5063
  0
LINE
  8
0
 10
113.886
 20
-70.5063
 11
114.719
 21
-70.5063
  0
LINE
  8
0
 10
114.719
 20
-70.5063
 11
113.606
 21
-68.748
  0
LINE
  8
0
 10
113.606
 20
-68.748
 11
114.625
 21
-67.1577
  0
LINE
  8
0
 10
114.625
 20
-67.1577
 11
113.792
 21
-67.1577
  0
LINE
  8
0
 10
113.792
 20
-67.1577
 11
113.098
 21
-68.2619
  0
LINE
  8
0
 10
113.098
 20
-68.2619
 11
112.404
 21
-67.1577
  0
LINE
  8
0
 10
112.404
 20
-67.1577
 11
108.707
 21
-67.1577
  0
LINE
  8
0
 10
108.707
 20
-67.1577
 11
108.707
 21
-67.7834
  0
LINE
  8
0
 10
108.707
 20
-67.7834
 11
109.756
 21
-67.7834
  0
LINE
  8
0
 10
109.756
 20
-67.7834
 11
109.756
 21
-70.5063
  0
LINE
  8
0
 10
109.756
 20
-70.5063
 11
110.536
 21
-70.5063
  0
LINE
  8
0
 10
110.536
 20
-70.5063
 11
110.536
 21
-67.7834
  0
LINE
  8
0
 10
125.975
 20
-67.7844
 11
127.026
 21
-67.7844
  0
LINE
  8
0
 10
127.026
 20
-67.7844
 11
127.026
 21
-67.1587
  0
LINE
  8
0
 10
127.026
 20
-67.1587
 11
124.145
 21
-67.1587
  0
LINE
  8
0
 10
124.145
 20
-67.1587
 11
124.145
 21
-67.7844
  0
LINE
  8
0
 10
124.145
 20
-67.7844
 11
125.194
 21
-67.7844
  0
LINE
  8
0
 10
125.194
 20
-67.7844
 11
125.194
 21
-70.5074
  0
LINE
  8
0
 10
125.194
 20
-70.5074
 11
125.975
 21
-70.5074
  0
LINE
  8
0
 10
125.975
 20
-70.5074
 11
125.975
 21
-67.7844
  0
LINE
  8
0
 10
128.005
 20
-69.2738
 11
128.725
 21
-69.2738
  0
LINE
  8
0
 10
128.725
 20
-69.2738
 11
129.479
 21
-70.5074
  0
LINE
  8
0
 10
129.479
 20
-70.5074
 11
130.364
 21
-70.5074
  0
LINE
  8
0
 10
130.364
 20
-70.5074
 11
129.473
 21
-69.1222
  0
LINE
  8
0
 10
129.473
 20
-69.1222
 11
129.501
 21
-69.1141
  0
LINE
  8
0
 10
129.501
 20
-69.1141
 11
129.591
 21
-69.0797
  0
LINE
  8
0
 10
129.591
 20
-69.0797
 11
129.676
 21
-69.0378
  0
LINE
  8
0
 10
129.676
 20
-69.0378
 11
129.755
 21
-68.9886
  0
LINE
  8
0
 10
129.755
 20
-68.9886
 11
129.828
 21
-68.932
  0
LINE
  8
0
 10
129.828
 20
-68.932
 11
129.895
 21
-68.8681
  0
LINE
  8
0
 10
129.895
 20
-68.8681
 11
129.957
 21
-68.797
  0
LINE
  8
0
 10
129.957
 20
-68.797
 11
130.011
 21
-68.7203
  0
LINE
  8
0
 10
130.011
 20
-68.7203
 11
130.057
 21
-68.6395
  0
LINE
  8
0
 10
130.057
 20
-68.6395
 11
130.094
 21
-68.5546
  0
LINE
  8
0
 10
130.094
 20
-68.5546
 11
130.124
 21
-68.4658
  0
LINE
  8
0
 10
130.124
 20
-68.4658
 11
130.144
 21
-68.3732
  0
LINE
  8
0
 10
130.144
 20
-68.3732
 11
130.157
 21
-68.2769
  0
LINE
  8
0
 10
130.157
 20
-68.2769
 11
130.161
 21
-68.1769
  0
LINE
  8
0
 10
130.161
 20
-68.1769
 11
130.154
 21
-68.0426
  0
LINE
  8
0
 10
130.154
 20
-68.0426
 11
130.134
 21
-67.9165
  0
LINE
  8
0
 10
130.134
 20
-67.9165
 11
130.1
 21
-67.7989
  0
LINE
  8
0
 10
130.1
 20
-67.7989
 11
130.052
 21
-67.69
  0
LINE
  8
0
 10
130.052
 20
-67.69
 11
129.99
 21
-67.5903
  0
LINE
  8
0
 10
129.99
 20
-67.5903
 11
129.915
 21
-67.5001
  0
LINE
  8
0
 10
129.915
 20
-67.5001
 11
129.826
 21
-67.4197
  0
LINE
  8
0
 10
129.826
 20
-67.4197
 11
129.725
 21
-67.3497
  0
LINE
  8
0
 10
129.725
 20
-67.3497
 11
129.614
 21
-67.2908
  0
LINE
  8
0
 10
129.614
 20
-67.2908
 11
129.492
 21
-67.243
  0
LINE
  8
0
 10
129.492
 20
-67.243
 11
129.359
 21
-67.2059
  0
LINE
  8
0
 10
129.359
 20
-67.2059
 11
129.216
 21
-67.1796
  0
LINE
  8
0
 10
129.216
 20
-67.1796
 11
129.062
 21
-67.1639
  0
LINE
  8
0
 10
129.062
 20
-67.1639
 11
128.899
 21
-67.1587
  0
LINE
  8
0
 10
128.899
 20
-67.1587
 11
127.225
 21
-67.1587
  0
LINE
  8
0
 10
127.225
 20
-67.1587
 11
127.225
 21
-70.5074
  0
LINE
  8
0
 10
127.225
 20
-70.5074
 11
128.005
 21
-70.5074
  0
LINE
  8
0
 10
128.005
 20
-70.5074
 11
128.005
 21
-69.2738
  0
LINE
  8
0
 10
128.005
 20
-68.6459
 11
128.005
 21
-67.7867
  0
LINE
  8
0
 10
128.005
 20
-67.7867
 11
128.825
 21
-67.7867
  0
LINE
  8
0
 10
128.825
 20
-67.7867
 11
128.979
 21
-67.796
  0
LINE
  8
0
 10
128.979
 20
-67.796
 11
129.105
 21
-67.8228
  0
LINE
  8
0
 10
129.105
 20
-67.8228
 11
129.205
 21
-67.866
  0
LINE
  8
0
 10
129.205
 20
-67.866
 11
129.28
 21
-67.9245
  0
LINE
  8
0
 10
129.28
 20
-67.9245
 11
129.332
 21
-67.9987
  0
LINE
  8
0
 10
129.332
 20
-67.9987
 11
129.365
 21
-68.0915
  0
LINE
  8
0
 10
129.365
 20
-68.0915
 11
129.376
 21
-68.2061
  0
LINE
  8
0
 10
129.376
 20
-68.2061
 11
129.373
 21
-68.2644
  0
LINE
  8
0
 10
129.373
 20
-68.2644
 11
129.365
 21
-68.3191
  0
LINE
  8
0
 10
129.365
 20
-68.3191
 11
129.352
 21
-68.3693
  0
LINE
  8
0
 10
129.352
 20
-68.3693
 11
129.333
 21
-68.415
  0
LINE
  8
0
 10
129.333
 20
-68.415
 11
129.309
 21
-68.4568
  0
LINE
  8
0
 10
129.309
 20
-68.4568
 11
129.28
 21
-68.4947
  0
LINE
  8
0
 10
129.28
 20
-68.4947
 11
129.246
 21
-68.529
  0
LINE
  8
0
 10
129.246
 20
-68.529
 11
129.206
 21
-68.5593
  0
LINE
  8
0
 10
129.206
 20
-68.5593
 11
129.161
 21
-68.5851
  0
LINE
  8
0
 10
129.161
 20
-68.5851
 11
129.11
 21
-68.6066
  0
LINE
  8
0
 10
129.11
 20
-68.6066
 11
129.053
 21
-68.6236
  0
LINE
  8
0
 10
129.053
 20
-68.6236
 11
128.99
 21
-68.6358
  0
LINE
  8
0
 10
128.99
 20
-68.6358
 11
128.921
 21
-68.6433
  0
LINE
  8
0
 10
128.921
 20
-68.6433
 11
128.844
 21
-68.6459
  0
LINE
  8
0
 10
128.844
 20
-68.6459
 11
128.005
 21
-68.6459
  0
LINE
  8
0
 10
131.336
 20
-67.1587
 11
130.555
 21
-67.1587
  0
LINE
  8
0
 10
130.555
 20
-67.1587
 11
130.555
 21
-70.5074
  0
LINE
  8
0
 10
130.555
 20
-70.5074
 11
131.336
 21
-70.5074
  0
LINE
  8
0
 10
131.336
 20
-70.5074
 11
131.336
 21
-67.1587
  0
LINE
  8
0
 10
94.0793
 20
-70.1659
 11
94.1855
 21
-70.156
  0
LINE
  8
0
 10
94.1855
 20
-70.156
 11
94.288
 21
-70.1395
  0
LINE
  8
0
 10
94.288
 20
-70.1395
 11
94.3867
 21
-70.1164
  0
LINE
  8
0
 10
94.3867
 20
-70.1164
 11
94.4817
 21
-70.0867
  0
LINE
  8
0
 10
94.4817
 20
-70.0867
 11
94.5727
 21
-70.0502
  0
LINE
  8
0
 10
94.5727
 20
-70.0502
 11
94.6598
 21
-70.007
  0
LINE
  8
0
 10
94.6598
 20
-70.007
 11
94.7423
 21
-69.9575
  0
LINE
  8
0
 10
94.7423
 20
-69.9575
 11
94.8193
 21
-69.9019
  0
LINE
  8
0
 10
94.8193
 20
-69.9019
 11
94.8906
 21
-69.8404
  0
LINE
  8
0
 10
94.8906
 20
-69.8404
 11
94.9564
 21
-69.7729
  0
LINE
  8
0
 10
94.9564
 20
-69.7729
 11
95.0164
 21
-69.6996
  0
LINE
  8
0
 10
95.0164
 20
-69.6996
 11
95.0707
 21
-69.6205
  0
LINE
  8
0
 10
95.0707
 20
-69.6205
 11
95.1192
 21
-69.5358
  0
LINE
  8
0
 10
95.1192
 20
-69.5358
 11
95.1615
 21
-69.4462
  0
LINE
  8
0
 10
95.1615
 20
-69.4462
 11
95.1973
 21
-69.3529
  0
LINE
  8
0
 10
95.1973
 20
-69.3529
 11
95.2265
 21
-69.2558
  0
LINE
  8
0
 10
95.2265
 20
-69.2558
 11
95.2492
 21
-69.1549
  0
LINE
  8
0
 10
95.2492
 20
-69.1549
 11
95.2654
 21
-69.0503
  0
LINE
  8
0
 10
95.2654
 20
-69.0503
 11
95.275
 21
-68.9421
  0
LINE
  8
0
 10
95.275
 20
-68.9421
 11
95.2783
 21
-68.83
  0
LINE
  8
0
 10
95.2783
 20
-68.83
 11
95.2713
 21
-68.6623
  0
LINE
  8
0
 10
95.2713
 20
-68.6623
 11
95.2503
 21
-68.5043
  0
LINE
  8
0
 10
95.2503
 20
-68.5043
 11
95.2152
 21
-68.3561
  0
LINE
  8
0
 10
95.2152
 20
-68.3561
 11
95.1658
 21
-68.218
  0
LINE
  8
0
 10
95.1658
 20
-68.218
 11
95.102
 21
-68.09
  0
LINE
  8
0
 10
95.102
 20
-68.09
 11
95.0239
 21
-67.9727
  0
LINE
  8
0
 10
95.0239
 20
-67.9727
 11
94.9316
 21
-67.866
  0
LINE
  8
0
 10
94.9316
 20
-67.866
 11
94.8266
 21
-67.7719
  0
LINE
  8
0
 10
94.8266
 20
-67.7719
 11
94.7105
 21
-67.6923
  0
LINE
  8
0
 10
94.7105
 20
-67.6923
 11
94.5836
 21
-67.6273
  0
LINE
  8
0
 10
94.5836
 20
-67.6273
 11
94.4463
 21
-67.5769
  0
LINE
  8
0
 10
94.4463
 20
-67.5769
 11
94.2986
 21
-67.541
  0
LINE
  8
0
 10
94.2986
 20
-67.541
 11
94.1408
 21
-67.5197
  0
LINE
  8
0
 10
94.1408
 20
-67.5197
 11
93.9729
 21
-67.5126
  0
LINE
  8
0
 10
93.9729
 20
-67.5126
 11
93.8051
 21
-67.5196
  0
LINE
  8
0
 10
93.8051
 20
-67.5196
 11
93.6474
 21
-67.5407
  0
LINE
  8
0
 10
93.6474
 20
-67.5407
 11
93.4998
 21
-67.5762
  0
LINE
  8
0
 10
93.4998
 20
-67.5762
 11
93.3626
 21
-67.626
  0
LINE
  8
0
 10
93.3626
 20
-67.626
 11
93.2359
 21
-67.6904
  0
LINE
  8
0
 10
93.2359
 20
-67.6904
 11
93.12
 21
-67.7692
  0
LINE
  8
0
 10
93.12
 20
-67.7692
 11
93.0152
 21
-67.8624
  0
LINE
  8
0
 10
93.0152
 20
-67.8624
 11
92.923
 21
-67.9683
  0
LINE
  8
0
 10
92.923
 20
-67.9683
 11
92.8451
 21
-68.0854
  0
LINE
  8
0
 10
92.8451
 20
-68.0854
 11
92.7814
 21
-68.2134
  0
LINE
  8
0
 10
92.7814
 20
-68.2134
 11
92.7322
 21
-68.3521
  0
LINE
  8
0
 10
92.7322
 20
-68.3521
 11
92.6971
 21
-68.5012
  0
LINE
  8
0
 10
92.6971
 20
-68.5012
 11
92.6762
 21
-68.6606
  0
LINE
  8
0
 10
92.6762
 20
-68.6606
 11
92.6693
 21
-68.8303
  0
LINE
  8
0
 10
92.6693
 20
-68.8303
 11
92.6762
 21
-69.0006
  0
LINE
  8
0
 10
92.6762
 20
-69.0006
 11
92.6972
 21
-69.161
  0
LINE
  8
0
 10
92.6972
 20
-69.161
 11
92.7323
 21
-69.3113
  0
LINE
  8
0
 10
92.7323
 20
-69.3113
 11
92.7817
 21
-69.4516
  0
LINE
  8
0
 10
92.7817
 20
-69.4516
 11
92.8454
 21
-69.5815
  0
LINE
  8
0
 10
92.8454
 20
-69.5815
 11
92.9234
 21
-69.7008
  0
LINE
  8
0
 10
92.9234
 20
-69.7008
 11
93.0156
 21
-69.8092
  0
LINE
  8
0
 10
93.0156
 20
-69.8092
 11
93.1205
 21
-69.905
  0
LINE
  8
0
 10
93.1205
 20
-69.905
 11
93.2362
 21
-69.9861
  0
LINE
  8
0
 10
93.2362
 20
-69.9861
 11
93.3625
 21
-70.0523
  0
LINE
  8
0
 10
93.3625
 20
-70.0523
 11
93.4993
 21
-70.1036
  0
LINE
  8
0
 10
93.4993
 20
-70.1036
 11
93.646
 21
-70.1402
  0
LINE
  8
0
 10
93.646
 20
-70.1402
 11
93.8027
 21
-70.1619
  0
LINE
  8
0
 10
93.8027
 20
-70.1619
 11
93.969
 21
-70.1692
  0
LINE
  8
0
 10
93.969
 20
-70.1692
 11
94.0793
 21
-70.1659
  0
LINE
  8
0
 10
93.8814
 20
-69.6555
 11
93.7997
 21
-69.642
  0
LINE
  8
0
 10
93.7997
 20
-69.642
 11
93.724
 21
-69.6198
  0
LINE
  8
0
 10
93.724
 20
-69.6198
 11
93.6542
 21
-69.5889
  0
LINE
  8
0
 10
93.6542
 20
-69.5889
 11
93.5898
 21
-69.5492
  0
LINE
  8
0
 10
93.5898
 20
-69.5492
 11
93.5306
 21
-69.5005
  0
LINE
  8
0
 10
93.5306
 20
-69.5005
 11
93.4764
 21
-69.4427
  0
LINE
  8
0
 10
93.4764
 20
-69.4427
 11
93.4283
 21
-69.3769
  0
LINE
  8
0
 10
93.4283
 20
-69.3769
 11
93.3874
 21
-69.3041
  0
LINE
  8
0
 10
93.3874
 20
-69.3041
 11
93.3537
 21
-69.2241
  0
LINE
  8
0
 10
93.3537
 20
-69.2241
 11
93.3273
 21
-69.1368
  0
LINE
  8
0
 10
93.3273
 20
-69.1368
 11
93.3083
 21
-69.042
  0
LINE
  8
0
 10
93.3083
 20
-69.042
 11
93.2969
 21
-68.94
  0
LINE
  8
0
 10
93.2969
 20
-68.94
 11
93.293
 21
-68.8303
  0
LINE
  8
0
 10
93.293
 20
-68.8303
 11
93.2968
 21
-68.7217
  0
LINE
  8
0
 10
93.2968
 20
-68.7217
 11
93.308
 21
-68.6208
  0
LINE
  8
0
 10
93.308
 20
-68.6208
 11
93.3265
 21
-68.5277
  0
LINE
  8
0
 10
93.3265
 20
-68.5277
 11
93.3523
 21
-68.4422
  0
LINE
  8
0
 10
93.3523
 20
-68.4422
 11
93.3851
 21
-68.3643
  0
LINE
  8
0
 10
93.3851
 20
-68.3643
 11
93.4249
 21
-68.2938
  0
LINE
  8
0
 10
93.4249
 20
-68.2938
 11
93.4717
 21
-68.2306
  0
LINE
  8
0
 10
93.4717
 20
-68.2306
 11
93.5248
 21
-68.1752
  0
LINE
  8
0
 10
93.5248
 20
-68.1752
 11
93.5835
 21
-68.1286
  0
LINE
  8
0
 10
93.5835
 20
-68.1286
 11
93.6483
 21
-68.0904
  0
LINE
  8
0
 10
93.6483
 20
-68.0904
 11
93.7192
 21
-68.0606
  0
LINE
  8
0
 10
93.7192
 20
-68.0606
 11
93.7968
 21
-68.0391
  0
LINE
  8
0
 10
93.7968
 20
-68.0391
 11
93.8815
 21
-68.0261
  0
LINE
  8
0
 10
93.8815
 20
-68.0261
 11
93.9729
 21
-68.0217
  0
LINE
  8
0
 10
93.9729
 20
-68.0217
 11
94.0629
 21
-68.0261
  0
LINE
  8
0
 10
94.0629
 20
-68.0261
 11
94.1461
 21
-68.0392
  0
LINE
  8
0
 10
94.1461
 20
-68.0392
 11
94.2227
 21
-68.0609
  0
LINE
  8
0
 10
94.2227
 20
-68.0609
 11
94.293
 21
-68.0909
  0
LINE
  8
0
 10
94.293
 20
-68.0909
 11
94.3571
 21
-68.1293
  0
LINE
  8
0
 10
94.3571
 20
-68.1293
 11
94.4156
 21
-68.1763
  0
LINE
  8
0
 10
94.4156
 20
-68.1763
 11
94.4687
 21
-68.2322
  0
LINE
  8
0
 10
94.4687
 20
-68.2322
 11
94.5156
 21
-68.296
  0
LINE
  8
0
 10
94.5156
 20
-68.296
 11
94.5555
 21
-68.3667
  0
LINE
  8
0
 10
94.5555
 20
-68.3667
 11
94.5882
 21
-68.4445
  0
LINE
  8
0
 10
94.5882
 20
-68.4445
 11
94.614
 21
-68.5298
  0
LINE
  8
0
 10
94.614
 20
-68.5298
 11
94.6326
 21
-68.6225
  0
LINE
  8
0
 10
94.6326
 20
-68.6225
 11
94.6438
 21
-68.7225
  0
LINE
  8
0
 10
94.6438
 20
-68.7225
 11
94.6475
 21
-68.8304
  0
LINE
  8
0
 10
94.6475
 20
-68.8304
 11
94.6438
 21
-68.9433
  0
LINE
  8
0
 10
94.6438
 20
-68.9433
 11
94.6326
 21
-69.048
  0
LINE
  8
0
 10
94.6326
 20
-69.048
 11
94.6141
 21
-69.1444
  0
LINE
  8
0
 10
94.6141
 20
-69.1444
 11
94.5884
 21
-69.2326
  0
LINE
  8
0
 10
94.5884
 20
-69.2326
 11
94.5557
 21
-69.3126
  0
LINE
  8
0
 10
94.5557
 20
-69.3126
 11
94.516
 21
-69.3846
  0
LINE
  8
0
 10
94.516
 20
-69.3846
 11
94.4694
 21
-69.4489
  0
LINE
  8
0
 10
94.4694
 20
-69.4489
 11
94.4166
 21
-69.5048
  0
LINE
  8
0
 10
94.4166
 20
-69.5048
 11
94.358
 21
-69.552
  0
LINE
  8
0
 10
94.358
 20
-69.552
 11
94.2935
 21
-69.5906
  0
LINE
  8
0
 10
94.2935
 20
-69.5906
 11
94.2227
 21
-69.6207
  0
LINE
  8
0
 10
94.2227
 20
-69.6207
 11
94.1453
 21
-69.6424
  0
LINE
  8
0
 10
94.1453
 20
-69.6424
 11
94.0607
 21
-69.6556
  0
LINE
  8
0
 10
94.0607
 20
-69.6556
 11
93.9694
 21
-69.66
  0
LINE
  8
0
 10
93.9694
 20
-69.66
 11
93.8814
 21
-69.6555
  0
LINE
  8
0
 10
76.0793
 20
-70.1659
 11
76.1855
 21
-70.156
  0
LINE
  8
0
 10
76.1855
 20
-70.156
 11
76.288
 21
-70.1395
  0
LINE
  8
0
 10
76.288
 20
-70.1395
 11
76.3867
 21
-70.1164
  0
LINE
  8
0
 10
76.3867
 20
-70.1164
 11
76.4817
 21
-70.0867
  0
LINE
  8
0
 10
76.4817
 20
-70.0867
 11
76.5727
 21
-70.0502
  0
LINE
  8
0
 10
76.5727
 20
-70.0502
 11
76.6598
 21
-70.007
  0
LINE
  8
0
 10
76.6598
 20
-70.007
 11
76.7423
 21
-69.9575
  0
LINE
  8
0
 10
76.7423
 20
-69.9575
 11
76.8193
 21
-69.9019
  0
LINE
  8
0
 10
76.8193
 20
-69.9019
 11
76.8906
 21
-69.8404
  0
LINE
  8
0
 10
76.8906
 20
-69.8404
 11
76.9564
 21
-69.7729
  0
LINE
  8
0
 10
76.9564
 20
-69.7729
 11
77.0164
 21
-69.6996
  0
LINE
  8
0
 10
77.0164
 20
-69.6996
 11
77.0707
 21
-69.6205
  0
LINE
  8
0
 10
77.0707
 20
-69.6205
 11
77.1192
 21
-69.5358
  0
LINE
  8
0
 10
77.1192
 20
-69.5358
 11
77.1615
 21
-69.4462
  0
LINE
  8
0
 10
77.1615
 20
-69.4462
 11
77.1973
 21
-69.3529
  0
LINE
  8
0
 10
77.1973
 20
-69.3529
 11
77.2265
 21
-69.2558
  0
LINE
  8
0
 10
77.2265
 20
-69.2558
 11
77.2492
 21
-69.1549
  0
LINE
  8
0
 10
77.2492
 20
-69.1549
 11
77.2654
 21
-69.0503
  0
LINE
  8
0
 10
77.2654
 20
-69.0503
 11
77.275
 21
-68.9421
  0
LINE
  8
0
 10
77.275
 20
-68.9421
 11
77.2783
 21
-68.83
  0
LINE
  8
0
 10
77.2783
 20
-68.83
 11
77.2713
 21
-68.6623
  0
LINE
  8
0
 10
77.2713
 20
-68.6623
 11
77.2503
 21
-68.5043
  0
LINE
  8
0
 10
77.2503
 20
-68.5043
 11
77.2152
 21
-68.3561
  0
LINE
  8
0
 10
77.2152
 20
-68.3561
 11
77.1658
 21
-68.218
  0
LINE
  8
0
 10
77.1658
 20
-68.218
 11
77.102
 21
-68.09
  0
LINE
  8
0
 10
77.102
 20
-68.09
 11
77.0239
 21
-67.9727
  0
LINE
  8
0
 10
77.0239
 20
-67.9727
 11
76.9316
 21
-67.866
  0
LINE
  8
0
 10
76.9316
 20
-67.866
 11
76.8266
 21
-67.7719
  0
LINE
  8
0
 10
76.8266
 20
-67.7719
 11
76.7105
 21
-67.6923
  0
LINE
  8
0
 10
76.7105
 20
-67.6923
 11
76.5836
 21
-67.6273
  0
LINE
  8
0
 10
76.5836
 20
-67.6273
 11
76.4463
 21
-67.5769
  0
LINE
  8
0
 10
76.4463
 20
-67.5769
 11
76.2986
 21
-67.541
  0
LINE
  8
0
 10
76.2986
 20
-67.541
 11
76.1408
 21
-67.5197
  0
LINE
  8
0
 10
76.1408
 20
-67.5197
 11
75.9729
 21
-67.5126
  0
LINE
  8
0
 10
75.9729
 20
-67.5126
 11
75.8051
 21
-67.5196
  0
LINE
  8
0
 10
75.8051
 20
-67.5196
 11
75.6474
 21
-67.5407
  0
LINE
  8
0
 10
75.6474
 20
-67.5407
 11
75.4998
 21
-67.5762
  0
LINE
  8
0
 10
75.4998
 20
-67.5762
 11
75.3626
 21
-67.626
  0
LINE
  8
0
 10
75.3626
 20
-67.626
 11
75.2359
 21
-67.6904
  0
LINE
  8
0
 10
75.2359
 20
-67.6904
 11
75.12
 21
-67.7692
  0
LINE
  8
0
 10
75.12
 20
-67.7692
 11
75.0152
 21
-67.8624
  0
LINE
  8
0
 10
75.0152
 20
-67.8624
 11
74.923
 21
-67.9683
  0
LINE
  8
0
 10
74.923
 20
-67.9683
 11
74.8451
 21
-68.0854
  0
LINE
  8
0
 10
74.8451
 20
-68.0854
 11
74.7814
 21
-68.2134
  0
LINE
  8
0
 10
74.7814
 20
-68.2134
 11
74.7322
 21
-68.3521
  0
LINE
  8
0
 10
74.7322
 20
-68.3521
 11
74.6971
 21
-68.5012
  0
LINE
  8
0
 10
74.6971
 20
-68.5012
 11
74.6762
 21
-68.6606
  0
LINE
  8
0
 10
74.6762
 20
-68.6606
 11
74.6693
 21
-68.8303
  0
LINE
  8
0
 10
74.6693
 20
-68.8303
 11
74.6762
 21
-69.0006
  0
LINE
  8
0
 10
74.6762
 20
-69.0006
 11
74.6972
 21
-69.161
  0
LINE
  8
0
 10
74.6972
 20
-69.161
 11
74.7323
 21
-69.3113
  0
LINE
  8
0
 10
74.7323
 20
-69.3113
 11
74.7817
 21
-69.4516
  0
LINE
  8
0
 10
74.7817
 20
-69.4516
 11
74.8454
 21
-69.5815
  0
LINE
  8
0
 10
74.8454
 20
-69.5815
 11
74.9234
 21
-69.7008
  0
LINE
  8
0
 10
74.9234
 20
-69.7008
 11
75.0156
 21
-69.8092
  0
LINE
  8
0
 10
75.0156
 20
-69.8092
 11
75.1205
 21
-69.905
  0
LINE
  8
0
 10
75.1205
 20
-69.905
 11
75.2362
 21
-69.9861
  0
LINE
  8
0
 10
75.2362
 20
-69.9861
 11
75.3625
 21
-70.0523
  0
LINE
  8
0
 10
75.3625
 20
-70.0523
 11
75.4993
 21
-70.1036
  0
LINE
  8
0
 10
75.4993
 20
-70.1036
 11
75.646
 21
-70.1402
  0
LINE
  8
0
 10
75.646
 20
-70.1402
 11
75.8027
 21
-70.1619
  0
LINE
  8
0
 10
75.8027
 20
-70.1619
 11
75.969
 21
-70.1692
  0
LINE
  8
0
 10
75.969
 20
-70.1692
 11
76.0793
 21
-70.1659
  0
LINE
  8
0
 10
75.8814
 20
-69.6555
 11
75.7997
 21
-69.642
  0
LINE
  8
0
 10
75.7997
 20
-69.642
 11
75.724
 21
-69.6198
  0
LINE
  8
0
 10
75.724
 20
-69.6198
 11
75.6542
 21
-69.5889
  0
LINE
  8
0
 10
75.6542
 20
-69.5889
 11
75.5898
 21
-69.5492
  0
LINE
  8
0
 10
75.5898
 20
-69.5492
 11
75.5306
 21
-69.5005
  0
LINE
  8
0
 10
75.5306
 20
-69.5005
 11
75.4764
 21
-69.4427
  0
LINE
  8
0
 10
75.4764
 20
-69.4427
 11
75.4283
 21
-69.3769
  0
LINE
  8
0
 10
75.4283
 20
-69.3769
 11
75.3874
 21
-69.3041
  0
LINE
  8
0
 10
75.3874
 20
-69.3041
 11
75.3537
 21
-69.2241
  0
LINE
  8
0
 10
75.3537
 20
-69.2241
 11
75.3273
 21
-69.1368
  0
LINE
  8
0
 10
75.3273
 20
-69.1368
 11
75.3083
 21
-69.042
  0
LINE
  8
0
 10
75.3083
 20
-69.042
 11
75.2969
 21
-68.94
  0
LINE
  8
0
 10
75.2969
 20
-68.94
 11
75.293
 21
-68.8303
  0
LINE
  8
0
 10
75.293
 20
-68.8303
 11
75.2968
 21
-68.7217
  0
LINE
  8
0
 10
75.2968
 20
-68.7217
 11
75.308
 21
-68.6208
  0
LINE
  8
0
 10
75.308
 20
-68.6208
 11
75.3265
 21
-68.5277
  0
LINE
  8
0
 10
75.3265
 20
-68.5277
 11
75.3523
 21
-68.4422
  0
LINE
  8
0
 10
75.3523
 20
-68.4422
 11
75.3851
 21
-68.3643
  0
LINE
  8
0
 10
75.3851
 20
-68.3643
 11
75.4249
 21
-68.2938
  0
LINE
  8
0
 10
75.4249
 20
-68.2938
 11
75.4717
 21
-68.2306
  0
LINE
  8
0
 10
75.4717
 20
-68.2306
 11
75.5248
 21
-68.1752
  0
LINE
  8
0
 10
75.5248
 20
-68.1752
 11
75.5835
 21
-68.1286
  0
LINE
  8
0
 10
75.5835
 20
-68.1286
 11
75.6483
 21
-68.0904
  0
LINE
  8
0
 10
75.6483
 20
-68.0904
 11
75.7192
 21
-68.0606
  0
LINE
  8
0
 10
75.7192
 20
-68.0606
 11
75.7968
 21
-68.0391
  0
LINE
  8
0
 10
75.7968
 20
-68.0391
 11
75.8815
 21
-68.0261
  0
LINE
  8
0
 10
75.8815
 20
-68.0261
 11
75.9729
 21
-68.0217
  0
LINE
  8
0
 10
75.9729
 20
-68.0217
 11
76.0629
 21
-68.0261
  0
LINE
  8
0
 10
76.0629
 20
-68.0261
 11
76.1461
 21
-68.0392
  0
LINE
  8
0
 10
76.1461
 20
-68.0392
 11
76.2227
 21
-68.0609
  0
LINE
  8
0
 10
76.2227
 20
-68.0609
 11
76.293
 21
-68.0909
  0
LINE
  8
0
 10
76.293
 20
-68.0909
 11
76.3571
 21
-68.1293
  0
LINE
  8
0
 10
76.3571
 20
-68.1293
 11
76.4156
 21
-68.1763
  0
LINE
  8
0
 10
76.4156
 20
-68.1763
 11
76.4687
 21
-68.2322
  0
LINE
  8
0
 10
76.4687
 20
-68.2322
 11
76.5156
 21
-68.296
  0
LINE
  8
0
 10
76.5156
 20
-68.296
 11
76.5555
 21
-68.3667
  0
LINE
  8
0
 10
76.5555
 20
-68.3667
 11
76.5882
 21
-68.4445
  0
LINE
  8
0
 10
76.5882
 20
-68.4445
 11
76.614
 21
-68.5298
  0
LINE
  8
0
 10
76.614
 20
-68.5298
 11
76.6326
 21
-68.6225
  0
LINE
  8
0
 10
76.6326
 20
-68.6225
 11
76.6438
 21
-68.7225
  0
LINE
  8
0
 10
76.6438
 20
-68.7225
 11
76.6475
 21
-68.8304
  0
LINE
  8
0
 10
76.6475
 20
-68.8304
 11
76.6438
 21
-68.9433
  0
LINE
  8
0
 10
76.6438
 20
-68.9433
 11
76.6326
 21
-69.048
  0
LINE
  8
0
 10
76.6326
 20
-69.048
 11
76.6141
 21
-69.1444
  0
LINE
  8
0
 10
76.6141
 20
-69.1444
 11
76.5884
 21
-69.2326
  0
LINE
  8
0
 10
76.5884
 20
-69.2326
 11
76.5557
 21
-69.3126
  0
LINE
  8
0
 10
76.5557
 20
-69.3126
 11
76.516
 21
-69.3846
  0
LINE
  8
0
 10
76.516
 20
-69.3846
 11
76.4694
 21
-69.4489
  0
LINE
  8
0
 10
76.4694
 20
-69.4489
 11
76.4166
 21
-69.5048
  0
LINE
  8
0
 10
76.4166
 20
-69.5048
 11
76.358
 21
-69.552
  0
LINE
  8
0
 10
76.358
 20
-69.552
 11
76.2935
 21
-69.5906
  0
LINE
  8
0
 10
76.2935
 20
-69.5906
 11
76.2227
 21
-69.6207
  0
LINE
  8
0
 10
76.2227
 20
-69.6207
 11
76.1453
 21
-69.6424
  0
LINE
  8
0
 10
76.1453
 20
-69.6424
 11
76.0607
 21
-69.6556
  0
LINE
  8
0
 10
76.0607
 20
-69.6556
 11
75.9694
 21
-69.66
  0
LINE
  8
0
 10
75.9694
 20
-69.66
 11
75.8814
 21
-69.6555
  0
LINE
  8
0
 10
97.2278
 20
-69.6266
 11
96.1071
 21
-69.6266
  0
LINE
  8
0
 10
96.1071
 20
-69.6266
 11
96.1184
 21
-69.6085
  0
LINE
  8
0
 10
96.1184
 20
-69.6085
 11
96.1383
 21
-69.58
  0
LINE
  8
0
 10
96.1383
 20
-69.58
 11
96.1604
 21
-69.5518
  0
LINE
  8
0
 10
96.1604
 20
-69.5518
 11
96.1845
 21
-69.5243
  0
LINE
  8
0
 10
96.1845
 20
-69.5243
 11
96.2108
 21
-69.4968
  0
LINE
  8
0
 10
96.2108
 20
-69.4968
 11
96.2397
 21
-69.4687
  0
LINE
  8
0
 10
96.2397
 20
-69.4687
 11
96.2694
 21
-69.4407
  0
LINE
  8
0
 10
96.2694
 20
-69.4407
 11
96.2996
 21
-69.4131
  0
LINE
  8
0
 10
96.2996
 20
-69.4131
 11
96.3315
 21
-69.3848
  0
LINE
  8
0
 10
96.3315
 20
-69.3848
 11
96.3642
 21
-69.3567
  0
LINE
  8
0
 10
96.3642
 20
-69.3567
 11
96.397
 21
-69.3293
  0
LINE
  8
0
 10
96.397
 20
-69.3293
 11
96.4315
 21
-69.3013
  0
LINE
  8
0
 10
96.4315
 20
-69.3013
 11
96.5026
 21
-69.2445
  0
LINE
  8
0
 10
96.5026
 20
-69.2445
 11
96.575
 21
-69.1868
  0
LINE
  8
0
 10
96.575
 20
-69.1868
 11
96.6487
 21
-69.1283
  0
LINE
  8
0
 10
96.6487
 20
-69.1283
 11
96.6863
 21
-69.0985
  0
LINE
  8
0
 10
96.6863
 20
-69.0985
 11
96.724
 21
-69.0679
  0
LINE
  8
0
 10
96.724
 20
-69.0679
 11
96.761
 21
-69.0366
  0
LINE
  8
0
 10
96.761
 20
-69.0366
 11
96.797
 21
-69.0045
  0
LINE
  8
0
 10
96.797
 20
-69.0045
 11
96.832
 21
-68.9719
  0
LINE
  8
0
 10
96.832
 20
-68.9719
 11
96.866
 21
-68.9386
  0
LINE
  8
0
 10
96.866
 20
-68.9386
 11
96.899
 21
-68.9046
  0
LINE
  8
0
 10
96.899
 20
-68.9046
 11
96.9312
 21
-68.8699
  0
LINE
  8
0
 10
96.9312
 20
-68.8699
 11
96.9623
 21
-68.8341
  0
LINE
  8
0
 10
96.9623
 20
-68.8341
 11
96.9919
 21
-68.7972
  0
LINE
  8
0
 10
96.9919
 20
-68.7972
 11
97.0199
 21
-68.7593
  0
LINE
  8
0
 10
97.0199
 20
-68.7593
 11
97.0462
 21
-68.7205
  0
LINE
  8
0
 10
97.0462
 20
-68.7205
 11
97.0709
 21
-68.6807
  0
LINE
  8
0
 10
97.0709
 20
-68.6807
 11
97.0939
 21
-68.64
  0
LINE
  8
0
 10
97.0939
 20
-68.64
 11
97.1154
 21
-68.598
  0
LINE
  8
0
 10
97.1154
 20
-68.598
 11
97.1349
 21
-68.5542
  0
LINE
  8
0
 10
97.1349
 20
-68.5542
 11
97.1515
 21
-68.5086
  0
LINE
  8
0
 10
97.1515
 20
-68.5086
 11
97.1651
 21
-68.4616
  0
LINE
  8
0
 10
97.1651
 20
-68.4616
 11
97.1756
 21
-68.4133
  0
LINE
  8
0
 10
97.1756
 20
-68.4133
 11
97.1831
 21
-68.3638
  0
LINE
  8
0
 10
97.1831
 20
-68.3638
 11
97.1876
 21
-68.3129
  0
LINE
  8
0
 10
97.1876
 20
-68.3129
 11
97.1891
 21
-68.2603
  0
LINE
  8
0
 10
97.1891
 20
-68.2603
 11
97.1845
 21
-68.1641
  0
LINE
  8
0
 10
97.1845
 20
-68.1641
 11
97.1705
 21
-68.073
  0
LINE
  8
0
 10
97.1705
 20
-68.073
 11
97.1469
 21
-67.9875
  0
LINE
  8
0
 10
97.1469
 20
-67.9875
 11
97.1137
 21
-67.908
  0
LINE
  8
0
 10
97.1137
 20
-67.908
 11
97.0707
 21
-67.8346
  0
LINE
  8
0
 10
97.0707
 20
-67.8346
 11
97.0183
 21
-67.7679
  0
LINE
  8
0
 10
97.0183
 20
-67.7679
 11
96.9565
 21
-67.7078
  0
LINE
  8
0
 10
96.9565
 20
-67.7078
 11
96.886
 21
-67.6553
  0
LINE
  8
0
 10
96.886
 20
-67.6553
 11
96.8078
 21
-67.6112
  0
LINE
  8
0
 10
96.8078
 20
-67.6112
 11
96.7221
 21
-67.5753
  0
LINE
  8
0
 10
96.7221
 20
-67.5753
 11
96.629
 21
-67.5477
  0
LINE
  8
0
 10
96.629
 20
-67.5477
 11
96.5288
 21
-67.5281
  0
LINE
  8
0
 10
96.5288
 20
-67.5281
 11
96.4214
 21
-67.5164
  0
LINE
  8
0
 10
96.4214
 20
-67.5164
 11
96.3068
 21
-67.5126
  0
LINE
  8
0
 10
96.3068
 20
-67.5126
 11
96.2
 21
-67.5164
  0
LINE
  8
0
 10
96.2
 20
-67.5164
 11
96.0991
 21
-67.528
  0
LINE
  8
0
 10
96.0991
 20
-67.528
 11
96.0042
 21
-67.5475
  0
LINE
  8
0
 10
96.0042
 20
-67.5475
 11
95.9153
 21
-67.5749
  0
LINE
  8
0
 10
95.9153
 20
-67.5749
 11
95.8327
 21
-67.6104
  0
LINE
  8
0
 10
95.8327
 20
-67.6104
 11
95.7563
 21
-67.6541
  0
LINE
  8
0
 10
95.7563
 20
-67.6541
 11
95.6866
 21
-67.7059
  0
LINE
  8
0
 10
95.6866
 20
-67.7059
 11
95.6241
 21
-67.7653
  0
LINE
  8
0
 10
95.6241
 20
-67.7653
 11
95.5691
 21
-67.8319
  0
LINE
  8
0
 10
95.5691
 20
-67.8319
 11
95.522
 21
-67.9054
  0
LINE
  8
0
 10
95.522
 20
-67.9054
 11
95.4826
 21
-67.9857
  0
LINE
  8
0
 10
95.4826
 20
-67.9857
 11
95.4511
 21
-68.0725
  0
LINE
  8
0
 10
95.4511
 20
-68.0725
 11
95.4272
 21
-68.1657
  0
LINE
  8
0
 10
95.4272
 20
-68.1657
 11
95.4022
 21
-68.3182
  0
LINE
  8
0
 10
95.4022
 20
-68.3182
 11
96.0011
 21
-68.352
  0
LINE
  8
0
 10
96.0011
 20
-68.352
 11
96.0167
 21
-68.2628
  0
LINE
  8
0
 10
96.0167
 20
-68.2628
 11
96.0266
 21
-68.2225
  0
LINE
  8
0
 10
96.0266
 20
-68.2225
 11
96.0384
 21
-68.1862
  0
LINE
  8
0
 10
96.0384
 20
-68.1862
 11
96.0521
 21
-68.1539
  0
LINE
  8
0
 10
96.0521
 20
-68.1539
 11
96.0677
 21
-68.1249
  0
LINE
  8
0
 10
96.0677
 20
-68.1249
 11
96.0849
 21
-68.0999
  0
LINE
  8
0
 10
96.0849
 20
-68.0999
 11
96.1036
 21
-68.0783
  0
LINE
  8
0
 10
96.1036
 20
-68.0783
 11
96.1242
 21
-68.0599
  0
LINE
  8
0
 10
96.1242
 20
-68.0599
 11
96.1471
 21
-68.0445
  0
LINE
  8
0
 10
96.1471
 20
-68.0445
 11
96.173
 21
-68.0316
  0
LINE
  8
0
 10
96.173
 20
-68.0316
 11
96.2022
 21
-68.0213
  0
LINE
  8
0
 10
96.2022
 20
-68.0213
 11
96.2346
 21
-68.0138
  0
LINE
  8
0
 10
96.2346
 20
-68.0138
 11
96.2708
 21
-68.0092
  0
LINE
  8
0
 10
96.2708
 20
-68.0092
 11
96.3095
 21
-68.0076
  0
LINE
  8
0
 10
96.3095
 20
-68.0076
 11
96.3884
 21
-68.0137
  0
LINE
  8
0
 10
96.3884
 20
-68.0137
 11
96.4512
 21
-68.0307
  0
LINE
  8
0
 10
96.4512
 20
-68.0307
 11
96.4997
 21
-68.0575
  0
LINE
  8
0
 10
96.4997
 20
-68.0575
 11
96.5364
 21
-68.094
  0
LINE
  8
0
 10
96.5364
 20
-68.094
 11
96.5633
 21
-68.1422
  0
LINE
  8
0
 10
96.5633
 20
-68.1422
 11
96.5804
 21
-68.2045
  0
LINE
  8
0
 10
96.5804
 20
-68.2045
 11
96.5864
 21
-68.2824
  0
LINE
  8
0
 10
96.5864
 20
-68.2824
 11
96.5846
 21
-68.3144
  0
LINE
  8
0
 10
96.5846
 20
-68.3144
 11
96.5791
 21
-68.347
  0
LINE
  8
0
 10
96.5791
 20
-68.347
 11
96.5698
 21
-68.3805
  0
LINE
  8
0
 10
96.5698
 20
-68.3805
 11
96.5565
 21
-68.4146
  0
LINE
  8
0
 10
96.5565
 20
-68.4146
 11
96.5392
 21
-68.4494
  0
LINE
  8
0
 10
96.5392
 20
-68.4494
 11
96.5176
 21
-68.4851
  0
LINE
  8
0
 10
96.5176
 20
-68.4851
 11
96.4918
 21
-68.5215
  0
LINE
  8
0
 10
96.4918
 20
-68.5215
 11
96.4604
 21
-68.5601
  0
LINE
  8
0
 10
96.4604
 20
-68.5601
 11
96.4227
 21
-68.6019
  0
LINE
  8
0
 10
96.4227
 20
-68.6019
 11
96.3779
 21
-68.6476
  0
LINE
  8
0
 10
96.3779
 20
-68.6476
 11
96.3268
 21
-68.6964
  0
LINE
  8
0
 10
96.3268
 20
-68.6964
 11
96.2691
 21
-68.7485
  0
LINE
  8
0
 10
96.2691
 20
-68.7485
 11
96.205
 21
-68.8036
  0
LINE
  8
0
 10
96.205
 20
-68.8036
 11
96.1339
 21
-68.8623
  0
LINE
  8
0
 10
96.1339
 20
-68.8623
 11
96.0579
 21
-68.9252
  0
LINE
  8
0
 10
96.0579
 20
-68.9252
 11
95.9852
 21
-68.9877
  0
LINE
  8
0
 10
95.9852
 20
-68.9877
 11
95.9162
 21
-69.0497
  0
LINE
  8
0
 10
95.9162
 20
-69.0497
 11
95.851
 21
-69.1109
  0
LINE
  8
0
 10
95.851
 20
-69.1109
 11
95.7896
 21
-69.1715
  0
LINE
  8
0
 10
95.7896
 20
-69.1715
 11
95.7318
 21
-69.2315
  0
LINE
  8
0
 10
95.7318
 20
-69.2315
 11
95.6778
 21
-69.2909
  0
LINE
  8
0
 10
95.6778
 20
-69.2909
 11
95.6272
 21
-69.3504
  0
LINE
  8
0
 10
95.6272
 20
-69.3504
 11
95.5798
 21
-69.4105
  0
LINE
  8
0
 10
95.5798
 20
-69.4105
 11
95.5359
 21
-69.4712
  0
LINE
  8
0
 10
95.5359
 20
-69.4712
 11
95.4953
 21
-69.5324
  0
LINE
  8
0
 10
95.4953
 20
-69.5324
 11
95.4581
 21
-69.5942
  0
LINE
  8
0
 10
95.4581
 20
-69.5942
 11
95.4243
 21
-69.6565
  0
LINE
  8
0
 10
95.4243
 20
-69.6565
 11
95.3894
 21
-69.7286
  0
LINE
  8
0
 10
95.3894
 20
-69.7286
 11
95.3894
 21
-70.1339
  0
LINE
  8
0
 10
95.3894
 20
-70.1339
 11
97.2278
 21
-70.1339
  0
LINE
  8
0
 10
97.2278
 20
-70.1339
 11
97.2278
 21
-69.6266
  0
LINE
  8
0
 10
90.8905
 20
-69.4991
 11
91.7662
 21
-69.4991
  0
LINE
  8
0
 10
91.7662
 20
-69.4991
 11
91.9866
 21
-70.1339
  0
LINE
  8
0
 10
91.9866
 20
-70.1339
 11
92.6084
 21
-70.1339
  0
LINE
  8
0
 10
92.6084
 20
-70.1339
 11
91.6693
 21
-67.5496
  0
LINE
  8
0
 10
91.6693
 20
-67.5496
 11
90.9857
 21
-67.5496
  0
LINE
  8
0
 10
90.9857
 20
-67.5496
 11
90.043
 21
-70.1339
  0
LINE
  8
0
 10
90.043
 20
-70.1339
 11
90.6701
 21
-70.1339
  0
LINE
  8
0
 10
90.6701
 20
-70.1339
 11
90.8905
 21
-69.4991
  0
LINE
  8
0
 10
91.0413
 20
-69.0077
 11
91.093
 21
-68.8571
  0
LINE
  8
0
 10
91.093
 20
-68.8571
 11
91.1571
 21
-68.67
  0
LINE
  8
0
 10
91.1571
 20
-68.67
 11
91.2108
 21
-68.5128
  0
LINE
  8
0
 10
91.2108
 20
-68.5128
 11
91.2542
 21
-68.3852
  0
LINE
  8
0
 10
91.2542
 20
-68.3852
 11
91.2872
 21
-68.2874
  0
LINE
  8
0
 10
91.2872
 20
-68.2874
 11
91.3099
 21
-68.2192
  0
LINE
  8
0
 10
91.3099
 20
-68.2192
 11
91.3223
 21
-68.1805
  0
LINE
  8
0
 10
91.3223
 20
-68.1805
 11
91.3291
 21
-68.1579
  0
LINE
  8
0
 10
91.3291
 20
-68.1579
 11
91.3928
 21
-68.3593
  0
LINE
  8
0
 10
91.3928
 20
-68.3593
 11
91.6154
 21
-69.0077
  0
LINE
  8
0
 10
91.6154
 20
-69.0077
 11
91.0413
 21
-69.0077
  0
LINE
  8
0
 10
72.8905
 20
-69.4991
 11
73.7662
 21
-69.4991
  0
LINE
  8
0
 10
73.7662
 20
-69.4991
 11
73.9866
 21
-70.1339
  0
LINE
  8
0
 10
73.9866
 20
-70.1339
 11
74.6084
 21
-70.1339
  0
LINE
  8
0
 10
74.6084
 20
-70.1339
 11
73.6693
 21
-67.5496
  0
LINE
  8
0
 10
73.6693
 20
-67.5496
 11
72.9857
 21
-67.5496
  0
LINE
  8
0
 10
72.9857
 20
-67.5496
 11
72.043
 21
-70.1339
  0
LINE
  8
0
 10
72.043
 20
-70.1339
 11
72.6701
 21
-70.1339
  0
LINE
  8
0
 10
72.6701
 20
-70.1339
 11
72.8905
 21
-69.4991
  0
LINE
  8
0
 10
73.0413
 20
-69.0077
 11
73.093
 21
-68.8571
  0
LINE
  8
0
 10
73.093
 20
-68.8571
 11
73.1571
 21
-68.67
  0
LINE
  8
0
 10
73.1571
 20
-68.67
 11
73.2108
 21
-68.5128
  0
LINE
  8
0
 10
73.2108
 20
-68.5128
 11
73.2542
 21
-68.3852
  0
LINE
  8
0
 10
73.2542
 20
-68.3852
 11
73.2872
 21
-68.2874
  0
LINE
  8
0
 10
73.2872
 20
-68.2874
 11
73.3099
 21
-68.2192
  0
LINE
  8
0
 10
73.3099
 20
-68.2192
 11
73.3223
 21
-68.1805
  0
LINE
  8
0
 10
73.3223
 20
-68.1805
 11
73.3291
 21
-68.1579
  0
LINE
  8
0
 10
73.3291
 20
-68.1579
 11
73.3928
 21
-68.3593
  0
LINE
  8
0
 10
73.3928
 20
-68.3593
 11
73.6154
 21
-69.0077
  0
LINE
  8
0
 10
73.6154
 20
-69.0077
 11
73.0413
 21
-69.0077
  0
LINE
  8
0
 10
79.2719
 20
-69.6654
 11
78.7024
 21
-69.6654
  0
LINE
  8
0
 10
78.7024
 20
-69.6654
 11
78.7024
 21
-67.5496
  0
LINE
  8
0
 10
78.7024
 20
-67.5496
 11
78.1686
 21
-67.5496
  0
LINE
  8
0
 10
78.1686
 20
-67.5496
 11
77.5111
 21
-67.9762
  0
LINE
  8
0
 10
77.5111
 20
-67.9762
 11
77.5111
 21
-68.4832
  0
LINE
  8
0
 10
77.5111
 20
-68.4832
 11
78.107
 21
-68.1112
  0
LINE
  8
0
 10
78.107
 20
-68.1112
 11
78.107
 21
-69.6654
  0
LINE
  8
0
 10
78.107
 20
-69.6654
 11
77.4917
 21
-69.6654
  0
LINE
  8
0
 10
77.4917
 20
-69.6654
 11
77.4917
 21
-70.1339
  0
LINE
  8
0
 10
77.4917
 20
-70.1339
 11
79.2719
 21
-70.1339
  0
LINE
  8
0
 10
79.2719
 20
-70.1339
 11
79.2719
 21
-69.6654
  0
LINE
  8
0
 10
42.3312
 20
-77.1011
 11
42.4308
 21
-77.0831
  0
LINE
  8
0
 10
42.4308
 20
-77.0831
 11
42.5234
 21
-77.0529
  0
LINE
  8
0
 10
42.5234
 20
-77.0529
 11
42.6085
 21
-77.0103
  0
LINE
  8
0
 10
42.6085
 20
-77.0103
 11
42.6857
 21
-76.9554
  0
LINE
  8
0
 10
42.6857
 20
-76.9554
 11
42.7544
 21
-76.8886
  0
LINE
  8
0
 10
42.7544
 20
-76.8886
 11
42.8145
 21
-76.8103
  0
LINE
  8
0
 10
42.8145
 20
-76.8103
 11
42.8661
 21
-76.7213
  0
LINE
  8
0
 10
42.8661
 20
-76.7213
 11
42.9092
 21
-76.6222
  0
LINE
  8
0
 10
42.9092
 20
-76.6222
 11
42.9442
 21
-76.5129
  0
LINE
  8
0
 10
42.9442
 20
-76.5129
 11
42.9713
 21
-76.3936
  0
LINE
  8
0
 10
42.9713
 20
-76.3936
 11
42.9904
 21
-76.2643
  0
LINE
  8
0
 10
42.9904
 20
-76.2643
 11
43.0019
 21
-76.1249
  0
LINE
  8
0
 10
43.0019
 20
-76.1249
 11
43.0057
 21
-75.9754
  0
LINE
  8
0
 10
43.0057
 20
-75.9754
 11
43.0021
 21
-75.8237
  0
LINE
  8
0
 10
43.0021
 20
-75.8237
 11
42.9912
 21
-75.6827
  0
LINE
  8
0
 10
42.9912
 20
-75.6827
 11
42.9731
 21
-75.5524
  0
LINE
  8
0
 10
42.9731
 20
-75.5524
 11
42.9476
 21
-75.4326
  0
LINE
  8
0
 10
42.9476
 20
-75.4326
 11
42.9145
 21
-75.3234
  0
LINE
  8
0
 10
42.9145
 20
-75.3234
 11
42.8736
 21
-75.2247
  0
LINE
  8
0
 10
42.8736
 20
-75.2247
 11
42.8247
 21
-75.1366
  0
LINE
  8
0
 10
42.8247
 20
-75.1366
 11
42.7668
 21
-75.0591
  0
LINE
  8
0
 10
42.7668
 20
-75.0591
 11
42.6996
 21
-74.9931
  0
LINE
  8
0
 10
42.6996
 20
-74.9931
 11
42.6233
 21
-74.9389
  0
LINE
  8
0
 10
42.6233
 20
-74.9389
 11
42.5383
 21
-74.8969
  0
LINE
  8
0
 10
42.5383
 20
-74.8969
 11
42.4454
 21
-74.8671
  0
LINE
  8
0
 10
42.4454
 20
-74.8671
 11
42.3447
 21
-74.8495
  0
LINE
  8
0
 10
42.3447
 20
-74.8495
 11
42.2371
 21
-74.8437
  0
LINE
  8
0
 10
42.2371
 20
-74.8437
 11
42.1611
 21
-74.8461
  0
LINE
  8
0
 10
42.1611
 20
-74.8461
 11
42.0895
 21
-74.8535
  0
LINE
  8
0
 10
42.0895
 20
-74.8535
 11
42.0217
 21
-74.8658
  0
LINE
  8
0
 10
42.0217
 20
-74.8658
 11
41.9577
 21
-74.8831
  0
LINE
  8
0
 10
41.9577
 20
-74.8831
 11
41.8976
 21
-74.9057
  0
LINE
  8
0
 10
41.8976
 20
-74.9057
 11
41.8415
 21
-74.9334
  0
LINE
  8
0
 10
41.8415
 20
-74.9334
 11
41.7897
 21
-74.9664
  0
LINE
  8
0
 10
41.7897
 20
-74.9664
 11
41.7419
 21
-75.0047
  0
LINE
  8
0
 10
41.7419
 20
-75.0047
 11
41.6979
 21
-75.0485
  0
LINE
  8
0
 10
41.6979
 20
-75.0485
 11
41.6577
 21
-75.0974
  0
LINE
  8
0
 10
41.6577
 20
-75.0974
 11
41.6212
 21
-75.1515
  0
LINE
  8
0
 10
41.6212
 20
-75.1515
 11
41.5885
 21
-75.2106
  0
LINE
  8
0
 10
41.5885
 20
-75.2106
 11
41.5595
 21
-75.2746
  0
LINE
  8
0
 10
41.5595
 20
-75.2746
 11
41.5341
 21
-75.3435
  0
LINE
  8
0
 10
41.5341
 20
-75.3435
 11
41.5123
 21
-75.4175
  0
LINE
  8
0
 10
41.5123
 20
-75.4175
 11
41.4939
 21
-75.497
  0
LINE
  8
0
 10
41.4939
 20
-75.497
 11
41.4789
 21
-75.5818
  0
LINE
  8
0
 10
41.4789
 20
-75.5818
 11
41.4674
 21
-75.672
  0
LINE
  8
0
 10
41.4674
 20
-75.672
 11
41.4591
 21
-75.7677
  0
LINE
  8
0
 10
41.4591
 20
-75.7677
 11
41.4542
 21
-75.8687
  0
LINE
  8
0
 10
41.4542
 20
-75.8687
 11
41.4525
 21
-75.9763
  0
LINE
  8
0
 10
41.4525
 20
-75.9763
 11
41.4675
 21
-76.2681
  0
LINE
  8
0
 10
41.4675
 20
-76.2681
 11
41.5131
 21
-76.5184
  0
LINE
  8
0
 10
41.5131
 20
-76.5184
 11
41.5903
 21
-76.7267
  0
LINE
  8
0
 10
41.5903
 20
-76.7267
 11
41.7008
 21
-76.8921
  0
LINE
  8
0
 10
41.7008
 20
-76.8921
 11
41.8449
 21
-77.012
  0
LINE
  8
0
 10
41.8449
 20
-77.012
 11
42.0205
 21
-77.0838
  0
LINE
  8
0
 10
42.0205
 20
-77.0838
 11
42.2231
 21
-77.1071
  0
LINE
  8
0
 10
42.2231
 20
-77.1071
 11
42.3312
 21
-77.1011
  0
LINE
  8
0
 10
42.1988
 20
-76.676
 11
42.1728
 21
-76.6724
  0
LINE
  8
0
 10
42.1728
 20
-76.6724
 11
42.1495
 21
-76.6666
  0
LINE
  8
0
 10
42.1495
 20
-76.6666
 11
42.1292
 21
-76.6588
  0
LINE
  8
0
 10
42.1292
 20
-76.6588
 11
42.1109
 21
-76.649
  0
LINE
  8
0
 10
42.1109
 20
-76.649
 11
42.0949
 21
-76.6374
  0
LINE
  8
0
 10
42.0949
 20
-76.6374
 11
42.0804
 21
-76.6234
  0
LINE
  8
0
 10
42.0804
 20
-76.6234
 11
42.0669
 21
-76.6064
  0
LINE
  8
0
 10
42.0669
 20
-76.6064
 11
42.0536
 21
-76.5852
  0
LINE
  8
0
 10
42.0536
 20
-76.5852
 11
42.041
 21
-76.5598
  0
LINE
  8
0
 10
42.041
 20
-76.5598
 11
42.0291
 21
-76.53
  0
LINE
  8
0
 10
42.0291
 20
-76.53
 11
42.0184
 21
-76.4963
  0
LINE
  8
0
 10
42.0184
 20
-76.4963
 11
42.0087
 21
-76.4584
  0
LINE
  8
0
 10
42.0087
 20
-76.4584
 11
42.0001
 21
-76.4164
  0
LINE
  8
0
 10
42.0001
 20
-76.4164
 11
41.9926
 21
-76.3692
  0
LINE
  8
0
 10
41.9926
 20
-76.3692
 11
41.9864
 21
-76.3174
  0
LINE
  8
0
 10
41.9864
 20
-76.3174
 11
41.9811
 21
-76.2591
  0
LINE
  8
0
 10
41.9811
 20
-76.2591
 11
41.9771
 21
-76.1964
  0
LINE
  8
0
 10
41.9771
 20
-76.1964
 11
41.9741
 21
-76.1279
  0
LINE
  8
0
 10
41.9741
 20
-76.1279
 11
41.9724
 21
-76.0547
  0
LINE
  8
0
 10
41.9724
 20
-76.0547
 11
41.9718
 21
-75.975
  0
LINE
  8
0
 10
41.9718
 20
-75.975
 11
41.9724
 21
-75.8954
  0
LINE
  8
0
 10
41.9724
 20
-75.8954
 11
41.974
 21
-75.8214
  0
LINE
  8
0
 10
41.974
 20
-75.8214
 11
41.9768
 21
-75.753
  0
LINE
  8
0
 10
41.9768
 20
-75.753
 11
41.9807
 21
-75.6892
  0
LINE
  8
0
 10
41.9807
 20
-75.6892
 11
41.9856
 21
-75.6311
  0
LINE
  8
0
 10
41.9856
 20
-75.6311
 11
41.9916
 21
-75.5792
  0
LINE
  8
0
 10
41.9916
 20
-75.5792
 11
41.9987
 21
-75.5325
  0
LINE
  8
0
 10
41.9987
 20
-75.5325
 11
42.0068
 21
-75.4911
  0
LINE
  8
0
 10
42.0068
 20
-75.4911
 11
42.0163
 21
-75.4535
  0
LINE
  8
0
 10
42.0163
 20
-75.4535
 11
42.027
 21
-75.42
  0
LINE
  8
0
 10
42.027
 20
-75.42
 11
42.0387
 21
-75.3906
  0
LINE
  8
0
 10
42.0387
 20
-75.3906
 11
42.0514
 21
-75.3652
  0
LINE
  8
0
 10
42.0514
 20
-75.3652
 11
42.0648
 21
-75.3441
  0
LINE
  8
0
 10
42.0648
 20
-75.3441
 11
42.0787
 21
-75.3268
  0
LINE
  8
0
 10
42.0787
 20
-75.3268
 11
42.0936
 21
-75.3127
  0
LINE
  8
0
 10
42.0936
 20
-75.3127
 11
42.1102
 21
-75.3008
  0
LINE
  8
0
 10
42.1102
 20
-75.3008
 11
42.1292
 21
-75.2909
  0
LINE
  8
0
 10
42.1292
 20
-75.2909
 11
42.1509
 21
-75.2829
  0
LINE
  8
0
 10
42.1509
 20
-75.2829
 11
42.1754
 21
-75.277
  0
LINE
  8
0
 10
42.1754
 20
-75.277
 11
42.203
 21
-75.2733
  0
LINE
  8
0
 10
42.203
 20
-75.2733
 11
42.2335
 21
-75.272
  0
LINE
  8
0
 10
42.2335
 20
-75.272
 11
42.262
 21
-75.2733
  0
LINE
  8
0
 10
42.262
 20
-75.2733
 11
42.2875
 21
-75.2768
  0
LINE
  8
0
 10
42.2875
 20
-75.2768
 11
42.3103
 21
-75.2826
  0
LINE
  8
0
 10
42.3103
 20
-75.2826
 11
42.3304
 21
-75.2903
  0
LINE
  8
0
 10
42.3304
 20
-75.2903
 11
42.3483
 21
-75.3
  0
LINE
  8
0
 10
42.3483
 20
-75.3
 11
42.364
 21
-75.3116
  0
LINE
  8
0
 10
42.364
 20
-75.3116
 11
42.3783
 21
-75.3256
  0
LINE
  8
0
 10
42.3783
 20
-75.3256
 11
42.3918
 21
-75.3427
  0
LINE
  8
0
 10
42.3918
 20
-75.3427
 11
42.4048
 21
-75.3637
  0
LINE
  8
0
 10
42.4048
 20
-75.3637
 11
42.4172
 21
-75.389
  0
LINE
  8
0
 10
42.4172
 20
-75.389
 11
42.4289
 21
-75.4188
  0
LINE
  8
0
 10
42.4289
 20
-75.4188
 11
42.4394
 21
-75.4521
  0
LINE
  8
0
 10
42.4394
 20
-75.4521
 11
42.449
 21
-75.4902
  0
LINE
  8
0
 10
42.449
 20
-75.4902
 11
42.4574
 21
-75.5322
  0
LINE
  8
0
 10
42.4574
 20
-75.5322
 11
42.4645
 21
-75.5787
  0
LINE
  8
0
 10
42.4645
 20
-75.5787
 11
42.4707
 21
-75.6311
  0
LINE
  8
0
 10
42.4707
 20
-75.6311
 11
42.4758
 21
-75.6892
  0
LINE
  8
0
 10
42.4758
 20
-75.6892
 11
42.4798
 21
-75.7522
  0
LINE
  8
0
 10
42.4798
 20
-75.7522
 11
42.4827
 21
-75.8214
  0
LINE
  8
0
 10
42.4827
 20
-75.8214
 11
42.4844
 21
-75.8954
  0
LINE
  8
0
 10
42.4844
 20
-75.8954
 11
42.4849
 21
-75.9757
  0
LINE
  8
0
 10
42.4849
 20
-75.9757
 11
42.4843
 21
-76.0523
  0
LINE
  8
0
 10
42.4843
 20
-76.0523
 11
42.4826
 21
-76.1231
  0
LINE
  8
0
 10
42.4826
 20
-76.1231
 11
42.4796
 21
-76.1904
  0
LINE
  8
0
 10
42.4796
 20
-76.1904
 11
42.4756
 21
-76.2525
  0
LINE
  8
0
 10
42.4756
 20
-76.2525
 11
42.4704
 21
-76.309
  0
LINE
  8
0
 10
42.4704
 20
-76.309
 11
42.464
 21
-76.3611
  0
LINE
  8
0
 10
42.464
 20
-76.3611
 11
42.4566
 21
-76.4081
  0
LINE
  8
0
 10
42.4566
 20
-76.4081
 11
42.448
 21
-76.4504
  0
LINE
  8
0
 10
42.448
 20
-76.4504
 11
42.4382
 21
-76.4888
  0
LINE
  8
0
 10
42.4382
 20
-76.4888
 11
42.4272
 21
-76.5231
  0
LINE
  8
0
 10
42.4272
 20
-76.5231
 11
42.4151
 21
-76.5535
  0
LINE
  8
0
 10
42.4151
 20
-76.5535
 11
42.4022
 21
-76.5797
  0
LINE
  8
0
 10
42.4022
 20
-76.5797
 11
42.3885
 21
-76.6019
  0
LINE
  8
0
 10
42.3885
 20
-76.6019
 11
42.3743
 21
-76.6202
  0
LINE
  8
0
 10
42.3743
 20
-76.6202
 11
42.3593
 21
-76.6352
  0
LINE
  8
0
 10
42.3593
 20
-76.6352
 11
42.3428
 21
-76.6477
  0
LINE
  8
0
 10
42.3428
 20
-76.6477
 11
42.3246
 21
-76.658
  0
LINE
  8
0
 10
42.3246
 20
-76.658
 11
42.3042
 21
-76.6661
  0
LINE
  8
0
 10
42.3042
 20
-76.6661
 11
42.2813
 21
-76.6722
  0
LINE
  8
0
 10
42.2813
 20
-76.6722
 11
42.2557
 21
-76.6759
  0
LINE
  8
0
 10
42.2557
 20
-76.6759
 11
42.2276
 21
-76.6772
  0
LINE
  8
0
 10
42.2276
 20
-76.6772
 11
42.1988
 21
-76.676
  0
LINE
  8
0
 10
40.6329
 20
-77.101
 11
40.7361
 21
-77.083
  0
LINE
  8
0
 10
40.7361
 20
-77.083
 11
40.8325
 21
-77.0526
  0
LINE
  8
0
 10
40.8325
 20
-77.0526
 11
40.9218
 21
-77.0099
  0
LINE
  8
0
 10
40.9218
 20
-77.0099
 11
41.0037
 21
-76.9549
  0
LINE
  8
0
 10
41.0037
 20
-76.9549
 11
41.0779
 21
-76.8879
  0
LINE
  8
0
 10
41.0779
 20
-76.8879
 11
41.1441
 21
-76.8091
  0
LINE
  8
0
 10
41.1441
 20
-76.8091
 11
41.2017
 21
-76.7187
  0
LINE
  8
0
 10
41.2017
 20
-76.7187
 11
41.2501
 21
-76.6169
  0
LINE
  8
0
 10
41.2501
 20
-76.6169
 11
41.2894
 21
-76.504
  0
LINE
  8
0
 10
41.2894
 20
-76.504
 11
41.3196
 21
-76.3801
  0
LINE
  8
0
 10
41.3196
 20
-76.3801
 11
41.341
 21
-76.2453
  0
LINE
  8
0
 10
41.341
 20
-76.2453
 11
41.3539
 21
-76.0995
  0
LINE
  8
0
 10
41.3539
 20
-76.0995
 11
41.3581
 21
-75.9426
  0
LINE
  8
0
 10
41.3581
 20
-75.9426
 11
41.3543
 21
-75.7951
  0
LINE
  8
0
 10
41.3543
 20
-75.7951
 11
41.3427
 21
-75.6581
  0
LINE
  8
0
 10
41.3427
 20
-75.6581
 11
41.3234
 21
-75.5313
  0
LINE
  8
0
 10
41.3234
 20
-75.5313
 11
41.2961
 21
-75.4147
  0
LINE
  8
0
 10
41.2961
 20
-75.4147
 11
41.2607
 21
-75.3084
  0
LINE
  8
0
 10
41.2607
 20
-75.3084
 11
41.217
 21
-75.2123
  0
LINE
  8
0
 10
41.217
 20
-75.2123
 11
41.1648
 21
-75.1266
  0
LINE
  8
0
 10
41.1648
 20
-75.1266
 11
41.1037
 21
-75.0517
  0
LINE
  8
0
 10
41.1037
 20
-75.0517
 11
41.0336
 21
-74.9878
  0
LINE
  8
0
 10
41.0336
 20
-74.9878
 11
40.955
 21
-74.9355
  0
LINE
  8
0
 10
40.955
 20
-74.9355
 11
40.8681
 21
-74.895
  0
LINE
  8
0
 10
40.8681
 20
-74.895
 11
40.7735
 21
-74.8663
  0
LINE
  8
0
 10
40.7735
 20
-74.8663
 11
40.6714
 21
-74.8493
  0
LINE
  8
0
 10
40.6714
 20
-74.8493
 11
40.5624
 21
-74.8437
  0
LINE
  8
0
 10
40.5624
 20
-74.8437
 11
40.4611
 21
-74.8477
  0
LINE
  8
0
 10
40.4611
 20
-74.8477
 11
40.3661
 21
-74.8597
  0
LINE
  8
0
 10
40.3661
 20
-74.8597
 11
40.2771
 21
-74.8799
  0
LINE
  8
0
 10
40.2771
 20
-74.8799
 11
40.1943
 21
-74.9083
  0
LINE
  8
0
 10
40.1943
 20
-74.9083
 11
40.1178
 21
-74.9452
  0
LINE
  8
0
 10
40.1178
 20
-74.9452
 11
40.0479
 21
-74.9906
  0
LINE
  8
0
 10
40.0479
 20
-74.9906
 11
39.9849
 21
-75.0443
  0
LINE
  8
0
 10
39.9849
 20
-75.0443
 11
39.9297
 21
-75.1053
  0
LINE
  8
0
 10
39.9297
 20
-75.1053
 11
39.883
 21
-75.1728
  0
LINE
  8
0
 10
39.883
 20
-75.1728
 11
39.8449
 21
-75.2464
  0
LINE
  8
0
 10
39.8449
 20
-75.2464
 11
39.8155
 21
-75.3259
  0
LINE
  8
0
 10
39.8155
 20
-75.3259
 11
39.7946
 21
-75.4111
  0
LINE
  8
0
 10
39.7946
 20
-75.4111
 11
39.7822
 21
-75.5018
  0
LINE
  8
0
 10
39.7822
 20
-75.5018
 11
39.7781
 21
-75.5978
  0
LINE
  8
0
 10
39.7781
 20
-75.5978
 11
39.7816
 21
-75.6912
  0
LINE
  8
0
 10
39.7816
 20
-75.6912
 11
39.7921
 21
-75.7793
  0
LINE
  8
0
 10
39.7921
 20
-75.7793
 11
39.8098
 21
-75.8625
  0
LINE
  8
0
 10
39.8098
 20
-75.8625
 11
39.8347
 21
-75.9404
  0
LINE
  8
0
 10
39.8347
 20
-75.9404
 11
39.867
 21
-76.0131
  0
LINE
  8
0
 10
39.867
 20
-76.0131
 11
39.9066
 21
-76.0802
  0
LINE
  8
0
 10
39.9066
 20
-76.0802
 11
39.9536
 21
-76.1417
  0
LINE
  8
0
 10
39.9536
 20
-76.1417
 11
40.007
 21
-76.1962
  0
LINE
  8
0
 10
40.007
 20
-76.1962
 11
40.0658
 21
-76.2426
  0
LINE
  8
0
 10
40.0658
 20
-76.2426
 11
40.1298
 21
-76.2806
  0
LINE
  8
0
 10
40.1298
 20
-76.2806
 11
40.1987
 21
-76.3102
  0
LINE
  8
0
 10
40.1987
 20
-76.3102
 11
40.2723
 21
-76.3311
  0
LINE
  8
0
 10
40.2723
 20
-76.3311
 11
40.3502
 21
-76.3436
  0
LINE
  8
0
 10
40.3502
 20
-76.3436
 11
40.4319
 21
-76.3476
  0
LINE
  8
0
 10
40.4319
 20
-76.3476
 11
40.4777
 21
-76.3462
  0
LINE
  8
0
 10
40.4777
 20
-76.3462
 11
40.5222
 21
-76.3421
  0
LINE
  8
0
 10
40.5222
 20
-76.3421
 11
40.566
 21
-76.3351
  0
LINE
  8
0
 10
40.566
 20
-76.3351
 11
40.609
 21
-76.3253
  0
LINE
  8
0
 10
40.609
 20
-76.3253
 11
40.6511
 21
-76.3127
  0
LINE
  8
0
 10
40.6511
 20
-76.3127
 11
40.6924
 21
-76.2973
  0
LINE
  8
0
 10
40.6924
 20
-76.2973
 11
40.7328
 21
-76.279
  0
LINE
  8
0
 10
40.7328
 20
-76.279
 11
40.7715
 21
-76.2581
  0
LINE
  8
0
 10
40.7715
 20
-76.2581
 11
40.8075
 21
-76.2347
  0
LINE
  8
0
 10
40.8075
 20
-76.2347
 11
40.8389
 21
-76.2102
  0
LINE
  8
0
 10
40.8389
 20
-76.2102
 11
40.8374
 21
-76.2297
  0
LINE
  8
0
 10
40.8374
 20
-76.2297
 11
40.8276
 21
-76.3048
  0
LINE
  8
0
 10
40.8276
 20
-76.3048
 11
40.8142
 21
-76.3729
  0
LINE
  8
0
 10
40.8142
 20
-76.3729
 11
40.7976
 21
-76.4338
  0
LINE
  8
0
 10
40.7976
 20
-76.4338
 11
40.7778
 21
-76.4875
  0
LINE
  8
0
 10
40.7778
 20
-76.4875
 11
40.755
 21
-76.534
  0
LINE
  8
0
 10
40.755
 20
-76.534
 11
40.7296
 21
-76.5736
  0
LINE
  8
0
 10
40.7296
 20
-76.5736
 11
40.7021
 21
-76.6061
  0
LINE
  8
0
 10
40.7021
 20
-76.6061
 11
40.6726
 21
-76.6319
  0
LINE
  8
0
 10
40.6726
 20
-76.6319
 11
40.6409
 21
-76.6516
  0
LINE
  8
0
 10
40.6409
 20
-76.6516
 11
40.6067
 21
-76.6657
  0
LINE
  8
0
 10
40.6067
 20
-76.6657
 11
40.5692
 21
-76.6742
  0
LINE
  8
0
 10
40.5692
 20
-76.6742
 11
40.528
 21
-76.6771
  0
LINE
  8
0
 10
40.528
 20
-76.6771
 11
40.4792
 21
-76.6733
  0
LINE
  8
0
 10
40.4792
 20
-76.6733
 11
40.4378
 21
-76.6623
  0
LINE
  8
0
 10
40.4378
 20
-76.6623
 11
40.4028
 21
-76.6448
  0
LINE
  8
0
 10
40.4028
 20
-76.6448
 11
40.3728
 21
-76.6203
  0
LINE
  8
0
 10
40.3728
 20
-76.6203
 11
40.347
 21
-76.5879
  0
LINE
  8
0
 10
40.347
 20
-76.5879
 11
40.3251
 21
-76.5463
  0
LINE
  8
0
 10
40.3251
 20
-76.5463
 11
40.2934
 21
-76.4527
  0
LINE
  8
0
 10
40.2934
 20
-76.4527
 11
39.8012
 21
-76.5217
  0
LINE
  8
0
 10
39.8012
 20
-76.5217
 11
39.8386
 21
-76.6495
  0
LINE
  8
0
 10
39.8386
 20
-76.6495
 11
39.8644
 21
-76.718
  0
LINE
  8
0
 10
39.8644
 20
-76.718
 11
39.8944
 21
-76.7813
  0
LINE
  8
0
 10
39.8944
 20
-76.7813
 11
39.9288
 21
-76.8391
  0
LINE
  8
0
 10
39.9288
 20
-76.8391
 11
39.9675
 21
-76.8913
  0
LINE
  8
0
 10
39.9675
 20
-76.8913
 11
40.0107
 21
-76.9378
  0
LINE
  8
0
 10
40.0107
 20
-76.9378
 11
40.0583
 21
-76.9784
  0
LINE
  8
0
 10
40.0583
 20
-76.9784
 11
40.1107
 21
-77.0131
  0
LINE
  8
0
 10
40.1107
 20
-77.0131
 11
40.1679
 21
-77.0422
  0
LINE
  8
0
 10
40.1679
 20
-77.0422
 11
40.2299
 21
-77.0658
  0
LINE
  8
0
 10
40.2299
 20
-77.0658
 11
40.2965
 21
-77.084
  0
LINE
  8
0
 10
40.2965
 20
-77.084
 11
40.3676
 21
-77.0968
  0
LINE
  8
0
 10
40.3676
 20
-77.0968
 11
40.4432
 21
-77.1045
  0
LINE
  8
0
 10
40.4432
 20
-77.1045
 11
40.5239
 21
-77.107
  0
LINE
  8
0
 10
40.5239
 20
-77.107
 11
40.6329
 21
-77.101
  0
LINE
  8
0
 10
40.5196
 20
-75.9339
 11
40.4893
 21
-75.9286
  0
LINE
  8
0
 10
40.4893
 20
-75.9286
 11
40.4615
 21
-75.9198
  0
LINE
  8
0
 10
40.4615
 20
-75.9198
 11
40.4364
 21
-75.9079
  0
LINE
  8
0
 10
40.4364
 20
-75.9079
 11
40.4134
 21
-75.8925
  0
LINE
  8
0
 10
40.4134
 20
-75.8925
 11
40.392
 21
-75.8734
  0
LINE
  8
0
 10
40.392
 20
-75.8734
 11
40.3723
 21
-75.8504
  0
LINE
  8
0
 10
40.3723
 20
-75.8504
 11
40.3546
 21
-75.8238
  0
LINE
  8
0
 10
40.3546
 20
-75.8238
 11
40.3393
 21
-75.7942
  0
LINE
  8
0
 10
40.3393
 20
-75.7942
 11
40.3266
 21
-75.7618
  0
LINE
  8
0
 10
40.3266
 20
-75.7618
 11
40.3165
 21
-75.7263
  0
LINE
  8
0
 10
40.3165
 20
-75.7263
 11
40.3093
 21
-75.6877
  0
LINE
  8
0
 10
40.3093
 20
-75.6877
 11
40.3048
 21
-75.646
  0
LINE
  8
0
 10
40.3048
 20
-75.646
 11
40.3034
 21
-75.6009
  0
LINE
  8
0
 10
40.3034
 20
-75.6009
 11
40.3049
 21
-75.5551
  0
LINE
  8
0
 10
40.3049
 20
-75.5551
 11
40.3093
 21
-75.513
  0
LINE
  8
0
 10
40.3093
 20
-75.513
 11
40.3167
 21
-75.4745
  0
LINE
  8
0
 10
40.3167
 20
-75.4745
 11
40.3268
 21
-75.4392
  0
LINE
  8
0
 10
40.3268
 20
-75.4392
 11
40.3394
 21
-75.4077
  0
LINE
  8
0
 10
40.3394
 20
-75.4077
 11
40.3546
 21
-75.3792
  0
LINE
  8
0
 10
40.3546
 20
-75.3792
 11
40.3724
 21
-75.3538
  0
LINE
  8
0
 10
40.3724
 20
-75.3538
 11
40.3922
 21
-75.3318
  0
LINE
  8
0
 10
40.3922
 20
-75.3318
 11
40.4134
 21
-75.3136
  0
LINE
  8
0
 10
40.4134
 20
-75.3136
 11
40.4365
 21
-75.2988
  0
LINE
  8
0
 10
40.4365
 20
-75.2988
 11
40.4614
 21
-75.2873
  0
LINE
  8
0
 10
40.4614
 20
-75.2873
 11
40.4888
 21
-75.2789
  0
LINE
  8
0
 10
40.4888
 20
-75.2789
 11
40.5189
 21
-75.2738
  0
LINE
  8
0
 10
40.5189
 20
-75.2738
 11
40.5515
 21
-75.272
  0
LINE
  8
0
 10
40.5515
 20
-75.272
 11
40.5848
 21
-75.274
  0
LINE
  8
0
 10
40.5848
 20
-75.274
 11
40.6153
 21
-75.2799
  0
LINE
  8
0
 10
40.6153
 20
-75.2799
 11
40.6435
 21
-75.2894
  0
LINE
  8
0
 10
40.6435
 20
-75.2894
 11
40.6695
 21
-75.3027
  0
LINE
  8
0
 10
40.6695
 20
-75.3027
 11
40.6941
 21
-75.3199
  0
LINE
  8
0
 10
40.6941
 20
-75.3199
 11
40.7172
 21
-75.3414
  0
LINE
  8
0
 10
40.7172
 20
-75.3414
 11
40.739
 21
-75.3675
  0
LINE
  8
0
 10
40.739
 20
-75.3675
 11
40.7586
 21
-75.3974
  0
LINE
  8
0
 10
40.7586
 20
-75.3974
 11
40.7755
 21
-75.4305
  0
LINE
  8
0
 10
40.7755
 20
-75.4305
 11
40.7894
 21
-75.467
  0
LINE
  8
0
 10
40.7894
 20
-75.467
 11
40.8004
 21
-75.507
  0
LINE
  8
0
 10
40.8004
 20
-75.507
 11
40.8084
 21
-75.5505
  0
LINE
  8
0
 10
40.8084
 20
-75.5505
 11
40.8133
 21
-75.5979
  0
LINE
  8
0
 10
40.8133
 20
-75.5979
 11
40.815
 21
-75.6483
  0
LINE
  8
0
 10
40.815
 20
-75.6483
 11
40.8133
 21
-75.6869
  0
LINE
  8
0
 10
40.8133
 20
-75.6869
 11
40.8085
 21
-75.7222
  0
LINE
  8
0
 10
40.8085
 20
-75.7222
 11
40.8008
 21
-75.7545
  0
LINE
  8
0
 10
40.8008
 20
-75.7545
 11
40.79
 21
-75.7843
  0
LINE
  8
0
 10
40.79
 20
-75.7843
 11
40.7764
 21
-75.8115
  0
LINE
  8
0
 10
40.7764
 20
-75.8115
 11
40.7598
 21
-75.8364
  0
LINE
  8
0
 10
40.7598
 20
-75.8364
 11
40.7401
 21
-75.8594
  0
LINE
  8
0
 10
40.7401
 20
-75.8594
 11
40.718
 21
-75.8798
  0
LINE
  8
0
 10
40.718
 20
-75.8798
 11
40.6948
 21
-75.8968
  0
LINE
  8
0
 10
40.6948
 20
-75.8968
 11
40.6698
 21
-75.9108
  0
LINE
  8
0
 10
40.6698
 20
-75.9108
 11
40.6438
 21
-75.9216
  0
LINE
  8
0
 10
40.6438
 20
-75.9216
 11
40.6156
 21
-75.9294
  0
LINE
  8
0
 10
40.6156
 20
-75.9294
 11
40.5855
 21
-75.9341
  0
LINE
  8
0
 10
40.5855
 20
-75.9341
 11
40.5533
 21
-75.9357
  0
LINE
  8
0
 10
40.5533
 20
-75.9357
 11
40.5196
 21
-75.9339
  0
LINE
  8
0
 10
52.3764
 20
-77.101
 11
52.4795
 21
-77.083
  0
LINE
  8
0
 10
52.4795
 20
-77.083
 11
52.5759
 21
-77.0526
  0
LINE
  8
0
 10
52.5759
 20
-77.0526
 11
52.6653
 21
-77.0099
  0
LINE
  8
0
 10
52.6653
 20
-77.0099
 11
52.7472
 21
-76.9549
  0
LINE
  8
0
 10
52.7472
 20
-76.9549
 11
52.8213
 21
-76.8879
  0
LINE
  8
0
 10
52.8213
 20
-76.8879
 11
52.8875
 21
-76.8091
  0
LINE
  8
0
 10
52.8875
 20
-76.8091
 11
52.9452
 21
-76.7187
  0
LINE
  8
0
 10
52.9452
 20
-76.7187
 11
52.9935
 21
-76.6169
  0
LINE
  8
0
 10
52.9935
 20
-76.6169
 11
53.0328
 21
-76.504
  0
LINE
  8
0
 10
53.0328
 20
-76.504
 11
53.063
 21
-76.3801
  0
LINE
  8
0
 10
53.063
 20
-76.3801
 11
53.0845
 21
-76.2453
  0
LINE
  8
0
 10
53.0845
 20
-76.2453
 11
53.0973
 21
-76.0995
  0
LINE
  8
0
 10
53.0973
 20
-76.0995
 11
53.1015
 21
-75.9426
  0
LINE
  8
0
 10
53.1015
 20
-75.9426
 11
53.0977
 21
-75.7951
  0
LINE
  8
0
 10
53.0977
 20
-75.7951
 11
53.0862
 21
-75.6581
  0
LINE
  8
0
 10
53.0862
 20
-75.6581
 11
53.0668
 21
-75.5313
  0
LINE
  8
0
 10
53.0668
 20
-75.5313
 11
53.0395
 21
-75.4147
  0
LINE
  8
0
 10
53.0395
 20
-75.4147
 11
53.0041
 21
-75.3084
  0
LINE
  8
0
 10
53.0041
 20
-75.3084
 11
52.9604
 21
-75.2123
  0
LINE
  8
0
 10
52.9604
 20
-75.2123
 11
52.9082
 21
-75.1266
  0
LINE
  8
0
 10
52.9082
 20
-75.1266
 11
52.8471
 21
-75.0517
  0
LINE
  8
0
 10
52.8471
 20
-75.0517
 11
52.7771
 21
-74.9878
  0
LINE
  8
0
 10
52.7771
 20
-74.9878
 11
52.6984
 21
-74.9355
  0
LINE
  8
0
 10
52.6984
 20
-74.9355
 11
52.6115
 21
-74.895
  0
LINE
  8
0
 10
52.6115
 20
-74.895
 11
52.5169
 21
-74.8663
  0
LINE
  8
0
 10
52.5169
 20
-74.8663
 11
52.4149
 21
-74.8493
  0
LINE
  8
0
 10
52.4149
 20
-74.8493
 11
52.3059
 21
-74.8437
  0
LINE
  8
0
 10
52.3059
 20
-74.8437
 11
52.2045
 21
-74.8477
  0
LINE
  8
0
 10
52.2045
 20
-74.8477
 11
52.1095
 21
-74.8597
  0
LINE
  8
0
 10
52.1095
 20
-74.8597
 11
52.0206
 21
-74.8799
  0
LINE
  8
0
 10
52.0206
 20
-74.8799
 11
51.9377
 21
-74.9083
  0
LINE
  8
0
 10
51.9377
 20
-74.9083
 11
51.8612
 21
-74.9452
  0
LINE
  8
0
 10
51.8612
 20
-74.9452
 11
51.7913
 21
-74.9906
  0
LINE
  8
0
 10
51.7913
 20
-74.9906
 11
51.7284
 21
-75.0443
  0
LINE
  8
0
 10
51.7284
 20
-75.0443
 11
51.6732
 21
-75.1053
  0
LINE
  8
0
 10
51.6732
 20
-75.1053
 11
51.6264
 21
-75.1728
  0
LINE
  8
0
 10
51.6264
 20
-75.1728
 11
51.5883
 21
-75.2464
  0
LINE
  8
0
 10
51.5883
 20
-75.2464
 11
51.5589
 21
-75.3259
  0
LINE
  8
0
 10
51.5589
 20
-75.3259
 11
51.538
 21
-75.4111
  0
LINE
  8
0
 10
51.538
 20
-75.4111
 11
51.5256
 21
-75.5018
  0
LINE
  8
0
 10
51.5256
 20
-75.5018
 11
51.5215
 21
-75.5978
  0
LINE
  8
0
 10
51.5215
 20
-75.5978
 11
51.525
 21
-75.6912
  0
LINE
  8
0
 10
51.525
 20
-75.6912
 11
51.5355
 21
-75.7793
  0
LINE
  8
0
 10
51.5355
 20
-75.7793
 11
51.5532
 21
-75.8625
  0
LINE
  8
0
 10
51.5532
 20
-75.8625
 11
51.5781
 21
-75.9404
  0
LINE
  8
0
 10
51.5781
 20
-75.9404
 11
51.6104
 21
-76.0131
  0
LINE
  8
0
 10
51.6104
 20
-76.0131
 11
51.6501
 21
-76.0802
  0
LINE
  8
0
 10
51.6501
 20
-76.0802
 11
51.6971
 21
-76.1417
  0
LINE
  8
0
 10
51.6971
 20
-76.1417
 11
51.7504
 21
-76.1962
  0
LINE
  8
0
 10
51.7504
 20
-76.1962
 11
51.8092
 21
-76.2426
  0
LINE
  8
0
 10
51.8092
 20
-76.2426
 11
51.8732
 21
-76.2806
  0
LINE
  8
0
 10
51.8732
 20
-76.2806
 11
51.9421
 21
-76.3102
  0
LINE
  8
0
 10
51.9421
 20
-76.3102
 11
52.0157
 21
-76.3311
  0
LINE
  8
0
 10
52.0157
 20
-76.3311
 11
52.0936
 21
-76.3436
  0
LINE
  8
0
 10
52.0936
 20
-76.3436
 11
52.1753
 21
-76.3476
  0
LINE
  8
0
 10
52.1753
 20
-76.3476
 11
52.2211
 21
-76.3462
  0
LINE
  8
0
 10
52.2211
 20
-76.3462
 11
52.2657
 21
-76.3421
  0
LINE
  8
0
 10
52.2657
 20
-76.3421
 11
52.3094
 21
-76.3351
  0
LINE
  8
0
 10
52.3094
 20
-76.3351
 11
52.3524
 21
-76.3253
  0
LINE
  8
0
 10
52.3524
 20
-76.3253
 11
52.3946
 21
-76.3127
  0
LINE
  8
0
 10
52.3946
 20
-76.3127
 11
52.4358
 21
-76.2973
  0
LINE
  8
0
 10
52.4358
 20
-76.2973
 11
52.4762
 21
-76.279
  0
LINE
  8
0
 10
52.4762
 20
-76.279
 11
52.515
 21
-76.2581
  0
LINE
  8
0
 10
52.515
 20
-76.2581
 11
52.5509
 21
-76.2347
  0
LINE
  8
0
 10
52.5509
 20
-76.2347
 11
52.5823
 21
-76.2102
  0
LINE
  8
0
 10
52.5823
 20
-76.2102
 11
52.5808
 21
-76.2297
  0
LINE
  8
0
 10
52.5808
 20
-76.2297
 11
52.571
 21
-76.3048
  0
LINE
  8
0
 10
52.571
 20
-76.3048
 11
52.5577
 21
-76.3729
  0
LINE
  8
0
 10
52.5577
 20
-76.3729
 11
52.541
 21
-76.4338
  0
LINE
  8
0
 10
52.541
 20
-76.4338
 11
52.5212
 21
-76.4875
  0
LINE
  8
0
 10
52.5212
 20
-76.4875
 11
52.4984
 21
-76.534
  0
LINE
  8
0
 10
52.4984
 20
-76.534
 11
52.473
 21
-76.5736
  0
LINE
  8
0
 10
52.473
 20
-76.5736
 11
52.4455
 21
-76.6061
  0
LINE
  8
0
 10
52.4455
 20
-76.6061
 11
52.416
 21
-76.6319
  0
LINE
  8
0
 10
52.416
 20
-76.6319
 11
52.3843
 21
-76.6516
  0
LINE
  8
0
 10
52.3843
 20
-76.6516
 11
52.3501
 21
-76.6657
  0
LINE
  8
0
 10
52.3501
 20
-76.6657
 11
52.3126
 21
-76.6742
  0
LINE
  8
0
 10
52.3126
 20
-76.6742
 11
52.2714
 21
-76.6771
  0
LINE
  8
0
 10
52.2714
 20
-76.6771
 11
52.2227
 21
-76.6733
  0
LINE
  8
0
 10
52.2227
 20
-76.6733
 11
52.1813
 21
-76.6623
  0
LINE
  8
0
 10
52.1813
 20
-76.6623
 11
52.1463
 21
-76.6448
  0
LINE
  8
0
 10
52.1463
 20
-76.6448
 11
52.1163
 21
-76.6203
  0
LINE
  8
0
 10
52.1163
 20
-76.6203
 11
52.0904
 21
-76.5879
  0
LINE
  8
0
 10
52.0904
 20
-76.5879
 11
52.0685
 21
-76.5463
  0
LINE
  8
0
 10
52.0685
 20
-76.5463
 11
52.0368
 21
-76.4527
  0
LINE
  8
0
 10
52.0368
 20
-76.4527
 11
51.5446
 21
-76.5217
  0
LINE
  8
0
 10
51.5446
 20
-76.5217
 11
51.582
 21
-76.6495
  0
LINE
  8
0
 10
51.582
 20
-76.6495
 11
51.6078
 21
-76.718
  0
LINE
  8
0
 10
51.6078
 20
-76.718
 11
51.6378
 21
-76.7813
  0
LINE
  8
0
 10
51.6378
 20
-76.7813
 11
51.6722
 21
-76.8391
  0
LINE
  8
0
 10
51.6722
 20
-76.8391
 11
51.711
 21
-76.8913
  0
LINE
  8
0
 10
51.711
 20
-76.8913
 11
51.7542
 21
-76.9378
  0
LINE
  8
0
 10
51.7542
 20
-76.9378
 11
51.8018
 21
-76.9784
  0
LINE
  8
0
 10
51.8018
 20
-76.9784
 11
51.8541
 21
-77.0131
  0
LINE
  8
0
 10
51.8541
 20
-77.0131
 11
51.9113
 21
-77.0422
  0
LINE
  8
0
 10
51.9113
 20
-77.0422
 11
51.9734
 21
-77.0658
  0
LINE
  8
0
 10
51.9734
 20
-77.0658
 11
52.0399
 21
-77.084
  0
LINE
  8
0
 10
52.0399
 20
-77.084
 11
52.1111
 21
-77.0968
  0
LINE
  8
0
 10
52.1111
 20
-77.0968
 11
52.1866
 21
-77.1045
  0
LINE
  8
0
 10
52.1866
 20
-77.1045
 11
52.2673
 21
-77.107
  0
LINE
  8
0
 10
52.2673
 20
-77.107
 11
52.3764
 21
-77.101
  0
LINE
  8
0
 10
52.2631
 20
-75.9339
 11
52.2327
 21
-75.9286
  0
LINE
  8
0
 10
52.2327
 20
-75.9286
 11
52.2049
 21
-75.9198
  0
LINE
  8
0
 10
52.2049
 20
-75.9198
 11
52.1799
 21
-75.9079
  0
LINE
  8
0
 10
52.1799
 20
-75.9079
 11
52.1568
 21
-75.8925
  0
LINE
  8
0
 10
52.1568
 20
-75.8925
 11
52.1355
 21
-75.8734
  0
LINE
  8
0
 10
52.1355
 20
-75.8734
 11
52.1157
 21
-75.8504
  0
LINE
  8
0
 10
52.1157
 20
-75.8504
 11
52.098
 21
-75.8238
  0
LINE
  8
0
 10
52.098
 20
-75.8238
 11
52.0827
 21
-75.7942
  0
LINE
  8
0
 10
52.0827
 20
-75.7942
 11
52.07
 21
-75.7618
  0
LINE
  8
0
 10
52.07
 20
-75.7618
 11
52.06
 21
-75.7263
  0
LINE
  8
0
 10
52.06
 20
-75.7263
 11
52.0527
 21
-75.6877
  0
LINE
  8
0
 10
52.0527
 20
-75.6877
 11
52.0483
 21
-75.646
  0
LINE
  8
0
 10
52.0483
 20
-75.646
 11
52.0468
 21
-75.6009
  0
LINE
  8
0
 10
52.0468
 20
-75.6009
 11
52.0483
 21
-75.5551
  0
LINE
  8
0
 10
52.0483
 20
-75.5551
 11
52.0528
 21
-75.513
  0
LINE
  8
0
 10
52.0528
 20
-75.513
 11
52.0601
 21
-75.4745
  0
LINE
  8
0
 10
52.0601
 20
-75.4745
 11
52.0702
 21
-75.4392
  0
LINE
  8
0
 10
52.0702
 20
-75.4392
 11
52.0828
 21
-75.4077
  0
LINE
  8
0
 10
52.0828
 20
-75.4077
 11
52.0981
 21
-75.3792
  0
LINE
  8
0
 10
52.0981
 20
-75.3792
 11
52.1158
 21
-75.3538
  0
LINE
  8
0
 10
52.1158
 20
-75.3538
 11
52.1356
 21
-75.3318
  0
LINE
  8
0
 10
52.1356
 20
-75.3318
 11
52.1568
 21
-75.3136
  0
LINE
  8
0
 10
52.1568
 20
-75.3136
 11
52.1799
 21
-75.2988
  0
LINE
  8
0
 10
52.1799
 20
-75.2988
 11
52.2048
 21
-75.2873
  0
LINE
  8
0
 10
52.2048
 20
-75.2873
 11
52.2322
 21
-75.2789
  0
LINE
  8
0
 10
52.2322
 20
-75.2789
 11
52.2623
 21
-75.2738
  0
LINE
  8
0
 10
52.2623
 20
-75.2738
 11
52.295
 21
-75.272
  0
LINE
  8
0
 10
52.295
 20
-75.272
 11
52.3282
 21
-75.274
  0
LINE
  8
0
 10
52.3282
 20
-75.274
 11
52.3588
 21
-75.2799
  0
LINE
  8
0
 10
52.3588
 20
-75.2799
 11
52.3869
 21
-75.2894
  0
LINE
  8
0
 10
52.3869
 20
-75.2894
 11
52.413
 21
-75.3027
  0
LINE
  8
0
 10
52.413
 20
-75.3027
 11
52.4375
 21
-75.3199
  0
LINE
  8
0
 10
52.4375
 20
-75.3199
 11
52.4606
 21
-75.3414
  0
LINE
  8
0
 10
52.4606
 20
-75.3414
 11
52.4824
 21
-75.3675
  0
LINE
  8
0
 10
52.4824
 20
-75.3675
 11
52.5021
 21
-75.3974
  0
LINE
  8
0
 10
52.5021
 20
-75.3974
 11
52.5189
 21
-75.4305
  0
LINE
  8
0
 10
52.5189
 20
-75.4305
 11
52.5328
 21
-75.467
  0
LINE
  8
0
 10
52.5328
 20
-75.467
 11
52.5439
 21
-75.507
  0
LINE
  8
0
 10
52.5439
 20
-75.507
 11
52.5519
 21
-75.5505
  0
LINE
  8
0
 10
52.5519
 20
-75.5505
 11
52.5567
 21
-75.5979
  0
LINE
  8
0
 10
52.5567
 20
-75.5979
 11
52.5584
 21
-75.6483
  0
LINE
  8
0
 10
52.5584
 20
-75.6483
 11
52.5567
 21
-75.6869
  0
LINE
  8
0
 10
52.5567
 20
-75.6869
 11
52.552
 21
-75.7222
  0
LINE
  8
0
 10
52.552
 20
-75.7222
 11
52.5442
 21
-75.7545
  0
LINE
  8
0
 10
52.5442
 20
-75.7545
 11
52.5334
 21
-75.7843
  0
LINE
  8
0
 10
52.5334
 20
-75.7843
 11
52.5198
 21
-75.8115
  0
LINE
  8
0
 10
52.5198
 20
-75.8115
 11
52.5032
 21
-75.8364
  0
LINE
  8
0
 10
52.5032
 20
-75.8364
 11
52.4835
 21
-75.8594
  0
LINE
  8
0
 10
52.4835
 20
-75.8594
 11
52.4615
 21
-75.8798
  0
LINE
  8
0
 10
52.4615
 20
-75.8798
 11
52.4382
 21
-75.8968
  0
LINE
  8
0
 10
52.4382
 20
-75.8968
 11
52.4133
 21
-75.9108
  0
LINE
  8
0
 10
52.4133
 20
-75.9108
 11
52.3872
 21
-75.9216
  0
LINE
  8
0
 10
52.3872
 20
-75.9216
 11
52.359
 21
-75.9294
  0
LINE
  8
0
 10
52.359
 20
-75.9294
 11
52.3289
 21
-75.9341
  0
LINE
  8
0
 10
52.3289
 20
-75.9341
 11
52.2967
 21
-75.9357
  0
LINE
  8
0
 10
52.2967
 20
-75.9357
 11
52.2631
 21
-75.9339
  0
LINE
  8
0
 10
18.8443
 20
-77.1011
 11
18.944
 21
-77.0831
  0
LINE
  8
0
 10
18.944
 20
-77.0831
 11
19.0365
 21
-77.0529
  0
LINE
  8
0
 10
19.0365
 20
-77.0529
 11
19.1216
 21
-77.0103
  0
LINE
  8
0
 10
19.1216
 20
-77.0103
 11
19.1988
 21
-76.9554
  0
LINE
  8
0
 10
19.1988
 20
-76.9554
 11
19.2675
 21
-76.8886
  0
LINE
  8
0
 10
19.2675
 20
-76.8886
 11
19.3277
 21
-76.8103
  0
LINE
  8
0
 10
19.3277
 20
-76.8103
 11
19.3792
 21
-76.7213
  0
LINE
  8
0
 10
19.3792
 20
-76.7213
 11
19.4224
 21
-76.6222
  0
LINE
  8
0
 10
19.4224
 20
-76.6222
 11
19.4574
 21
-76.5129
  0
LINE
  8
0
 10
19.4574
 20
-76.5129
 11
19.4844
 21
-76.3936
  0
LINE
  8
0
 10
19.4844
 20
-76.3936
 11
19.5036
 21
-76.2643
  0
LINE
  8
0
 10
19.5036
 20
-76.2643
 11
19.515
 21
-76.1249
  0
LINE
  8
0
 10
19.515
 20
-76.1249
 11
19.5188
 21
-75.9754
  0
LINE
  8
0
 10
19.5188
 20
-75.9754
 11
19.5152
 21
-75.8237
  0
LINE
  8
0
 10
19.5152
 20
-75.8237
 11
19.5044
 21
-75.6827
  0
LINE
  8
0
 10
19.5044
 20
-75.6827
 11
19.4863
 21
-75.5524
  0
LINE
  8
0
 10
19.4863
 20
-75.5524
 11
19.4607
 21
-75.4326
  0
LINE
  8
0
 10
19.4607
 20
-75.4326
 11
19.4276
 21
-75.3234
  0
LINE
  8
0
 10
19.4276
 20
-75.3234
 11
19.3867
 21
-75.2247
  0
LINE
  8
0
 10
19.3867
 20
-75.2247
 11
19.3378
 21
-75.1366
  0
LINE
  8
0
 10
19.3378
 20
-75.1366
 11
19.28
 21
-75.0591
  0
LINE
  8
0
 10
19.28
 20
-75.0591
 11
19.2127
 21
-74.9931
  0
LINE
  8
0
 10
19.2127
 20
-74.9931
 11
19.1364
 21
-74.9389
  0
LINE
  8
0
 10
19.1364
 20
-74.9389
 11
19.0515
 21
-74.8969
  0
LINE
  8
0
 10
19.0515
 20
-74.8969
 11
18.9585
 21
-74.8671
  0
LINE
  8
0
 10
18.9585
 20
-74.8671
 11
18.8579
 21
-74.8495
  0
LINE
  8
0
 10
18.8579
 20
-74.8495
 11
18.7503
 21
-74.8437
  0
LINE
  8
0
 10
18.7503
 20
-74.8437
 11
18.6743
 21
-74.8461
  0
LINE
  8
0
 10
18.6743
 20
-74.8461
 11
18.6026
 21
-74.8535
  0
LINE
  8
0
 10
18.6026
 20
-74.8535
 11
18.5348
 21
-74.8658
  0
LINE
  8
0
 10
18.5348
 20
-74.8658
 11
18.4708
 21
-74.8831
  0
LINE
  8
0
 10
18.4708
 20
-74.8831
 11
18.4107
 21
-74.9057
  0
LINE
  8
0
 10
18.4107
 20
-74.9057
 11
18.3546
 21
-74.9334
  0
LINE
  8
0
 10
18.3546
 20
-74.9334
 11
18.3028
 21
-74.9664
  0
LINE
  8
0
 10
18.3028
 20
-74.9664
 11
18.2551
 21
-75.0047
  0
LINE
  8
0
 10
18.2551
 20
-75.0047
 11
18.211
 21
-75.0485
  0
LINE
  8
0
 10
18.211
 20
-75.0485
 11
18.1708
 21
-75.0974
  0
LINE
  8
0
 10
18.1708
 20
-75.0974
 11
18.1344
 21
-75.1515
  0
LINE
  8
0
 10
18.1344
 20
-75.1515
 11
18.1017
 21
-75.2106
  0
LINE
  8
0
 10
18.1017
 20
-75.2106
 11
18.0727
 21
-75.2746
  0
LINE
  8
0
 10
18.0727
 20
-75.2746
 11
18.0473
 21
-75.3435
  0
LINE
  8
0
 10
18.0473
 20
-75.3435
 11
18.0254
 21
-75.4175
  0
LINE
  8
0
 10
18.0254
 20
-75.4175
 11
18.007
 21
-75.497
  0
LINE
  8
0
 10
18.007
 20
-75.497
 11
17.9921
 21
-75.5818
  0
LINE
  8
0
 10
17.9921
 20
-75.5818
 11
17.9805
 21
-75.672
  0
LINE
  8
0
 10
17.9805
 20
-75.672
 11
17.9723
 21
-75.7677
  0
LINE
  8
0
 10
17.9723
 20
-75.7677
 11
17.9673
 21
-75.8687
  0
LINE
  8
0
 10
17.9673
 20
-75.8687
 11
17.9657
 21
-75.9763
  0
LINE
  8
0
 10
17.9657
 20
-75.9763
 11
17.9807
 21
-76.2681
  0
LINE
  8
0
 10
17.9807
 20
-76.2681
 11
18.0262
 21
-76.5184
  0
LINE
  8
0
 10
18.0262
 20
-76.5184
 11
18.1035
 21
-76.7267
  0
LINE
  8
0
 10
18.1035
 20
-76.7267
 11
18.2139
 21
-76.8921
  0
LINE
  8
0
 10
18.2139
 20
-76.8921
 11
18.3581
 21
-77.012
  0
LINE
  8
0
 10
18.3581
 20
-77.012
 11
18.5337
 21
-77.0838
  0
LINE
  8
0
 10
18.5337
 20
-77.0838
 11
18.7363
 21
-77.1071
  0
LINE
  8
0
 10
18.7363
 20
-77.1071
 11
18.8443
 21
-77.1011
  0
LINE
  8
0
 10
18.7119
 20
-76.676
 11
18.6859
 21
-76.6724
  0
LINE
  8
0
 10
18.6859
 20
-76.6724
 11
18.6626
 21
-76.6666
  0
LINE
  8
0
 10
18.6626
 20
-76.6666
 11
18.6423
 21
-76.6588
  0
LINE
  8
0
 10
18.6423
 20
-76.6588
 11
18.624
 21
-76.649
  0
LINE
  8
0
 10
18.624
 20
-76.649
 11
18.6081
 21
-76.6374
  0
LINE
  8
0
 10
18.6081
 20
-76.6374
 11
18.5936
 21
-76.6234
  0
LINE
  8
0
 10
18.5936
 20
-76.6234
 11
18.58
 21
-76.6064
  0
LINE
  8
0
 10
18.58
 20
-76.6064
 11
18.5668
 21
-76.5852
  0
LINE
  8
0
 10
18.5668
 20
-76.5852
 11
18.5542
 21
-76.5598
  0
LINE
  8
0
 10
18.5542
 20
-76.5598
 11
18.5423
 21
-76.53
  0
LINE
  8
0
 10
18.5423
 20
-76.53
 11
18.5315
 21
-76.4963
  0
LINE
  8
0
 10
18.5315
 20
-76.4963
 11
18.5218
 21
-76.4584
  0
LINE
  8
0
 10
18.5218
 20
-76.4584
 11
18.5133
 21
-76.4164
  0
LINE
  8
0
 10
18.5133
 20
-76.4164
 11
18.5058
 21
-76.3692
  0
LINE
  8
0
 10
18.5058
 20
-76.3692
 11
18.4995
 21
-76.3174
  0
LINE
  8
0
 10
18.4995
 20
-76.3174
 11
18.4942
 21
-76.2591
  0
LINE
  8
0
 10
18.4942
 20
-76.2591
 11
18.4902
 21
-76.1964
  0
LINE
  8
0
 10
18.4902
 20
-76.1964
 11
18.4873
 21
-76.1279
  0
LINE
  8
0
 10
18.4873
 20
-76.1279
 11
18.4855
 21
-76.0547
  0
LINE
  8
0
 10
18.4855
 20
-76.0547
 11
18.4849
 21
-75.975
  0
LINE
  8
0
 10
18.4849
 20
-75.975
 11
18.4855
 21
-75.8954
  0
LINE
  8
0
 10
18.4855
 20
-75.8954
 11
18.4872
 21
-75.8212
  0
LINE
  8
0
 10
18.4872
 20
-75.8212
 11
18.4899
 21
-75.753
  0
LINE
  8
0
 10
18.4899
 20
-75.753
 11
18.4938
 21
-75.6891
  0
LINE
  8
0
 10
18.4938
 20
-75.6891
 11
18.4988
 21
-75.6311
  0
LINE
  8
0
 10
18.4988
 20
-75.6311
 11
18.5047
 21
-75.5792
  0
LINE
  8
0
 10
18.5047
 20
-75.5792
 11
18.5118
 21
-75.5325
  0
LINE
  8
0
 10
18.5118
 20
-75.5325
 11
18.5199
 21
-75.4911
  0
LINE
  8
0
 10
18.5199
 20
-75.4911
 11
18.5294
 21
-75.4535
  0
LINE
  8
0
 10
18.5294
 20
-75.4535
 11
18.5401
 21
-75.42
  0
LINE
  8
0
 10
18.5401
 20
-75.42
 11
18.5518
 21
-75.3906
  0
LINE
  8
0
 10
18.5518
 20
-75.3906
 11
18.5646
 21
-75.3652
  0
LINE
  8
0
 10
18.5646
 20
-75.3652
 11
18.578
 21
-75.3441
  0
LINE
  8
0
 10
18.578
 20
-75.3441
 11
18.5919
 21
-75.3268
  0
LINE
  8
0
 10
18.5919
 20
-75.3268
 11
18.6067
 21
-75.3127
  0
LINE
  8
0
 10
18.6067
 20
-75.3127
 11
18.6234
 21
-75.3008
  0
LINE
  8
0
 10
18.6234
 20
-75.3008
 11
18.6423
 21
-75.2909
  0
LINE
  8
0
 10
18.6423
 20
-75.2909
 11
18.664
 21
-75.2829
  0
LINE
  8
0
 10
18.664
 20
-75.2829
 11
18.6885
 21
-75.277
  0
LINE
  8
0
 10
18.6885
 20
-75.277
 11
18.7161
 21
-75.2733
  0
LINE
  8
0
 10
18.7161
 20
-75.2733
 11
18.7466
 21
-75.272
  0
LINE
  8
0
 10
18.7466
 20
-75.272
 11
18.7752
 21
-75.2733
  0
LINE
  8
0
 10
18.7752
 20
-75.2733
 11
18.8006
 21
-75.2768
  0
LINE
  8
0
 10
18.8006
 20
-75.2768
 11
18.8235
 21
-75.2826
  0
LINE
  8
0
 10
18.8235
 20
-75.2826
 11
18.8436
 21
-75.2903
  0
LINE
  8
0
 10
18.8436
 20
-75.2903
 11
18.8615
 21
-75.3
  0
LINE
  8
0
 10
18.8615
 20
-75.3
 11
18.8772
 21
-75.3116
  0
LINE
  8
0
 10
18.8772
 20
-75.3116
 11
18.8915
 21
-75.3256
  0
LINE
  8
0
 10
18.8915
 20
-75.3256
 11
18.9049
 21
-75.3427
  0
LINE
  8
0
 10
18.9049
 20
-75.3427
 11
18.9179
 21
-75.3637
  0
LINE
  8
0
 10
18.9179
 20
-75.3637
 11
18.9303
 21
-75.389
  0
LINE
  8
0
 10
18.9303
 20
-75.389
 11
18.942
 21
-75.4188
  0
LINE
  8
0
 10
18.942
 20
-75.4188
 11
18.9525
 21
-75.4521
  0
LINE
  8
0
 10
18.9525
 20
-75.4521
 11
18.9621
 21
-75.4902
  0
LINE
  8
0
 10
18.9621
 20
-75.4902
 11
18.9705
 21
-75.5322
  0
LINE
  8
0
 10
18.9705
 20
-75.5322
 11
18.9777
 21
-75.5787
  0
LINE
  8
0
 10
18.9777
 20
-75.5787
 11
18.9839
 21
-75.6311
  0
LINE
  8
0
 10
18.9839
 20
-75.6311
 11
18.989
 21
-75.6891
  0
LINE
  8
0
 10
18.989
 20
-75.6891
 11
18.9929
 21
-75.7523
  0
LINE
  8
0
 10
18.9929
 20
-75.7523
 11
18.9958
 21
-75.8213
  0
LINE
  8
0
 10
18.9958
 20
-75.8213
 11
18.9975
 21
-75.8954
  0
LINE
  8
0
 10
18.9975
 20
-75.8954
 11
18.9981
 21
-75.9757
  0
LINE
  8
0
 10
18.9981
 20
-75.9757
 11
18.9975
 21
-76.0523
  0
LINE
  8
0
 10
18.9975
 20
-76.0523
 11
18.9957
 21
-76.1231
  0
LINE
  8
0
 10
18.9957
 20
-76.1231
 11
18.9928
 21
-76.1904
  0
LINE
  8
0
 10
18.9928
 20
-76.1904
 11
18.9887
 21
-76.2525
  0
LINE
  8
0
 10
18.9887
 20
-76.2525
 11
18.9835
 21
-76.309
  0
LINE
  8
0
 10
18.9835
 20
-76.309
 11
18.9772
 21
-76.3611
  0
LINE
  8
0
 10
18.9772
 20
-76.3611
 11
18.9697
 21
-76.4083
  0
LINE
  8
0
 10
18.9697
 20
-76.4083
 11
18.9612
 21
-76.4504
  0
LINE
  8
0
 10
18.9612
 20
-76.4504
 11
18.9513
 21
-76.4888
  0
LINE
  8
0
 10
18.9513
 20
-76.4888
 11
18.9404
 21
-76.5231
  0
LINE
  8
0
 10
18.9404
 20
-76.5231
 11
18.9283
 21
-76.5535
  0
LINE
  8
0
 10
18.9283
 20
-76.5535
 11
18.9154
 21
-76.5797
  0
LINE
  8
0
 10
18.9154
 20
-76.5797
 11
18.9017
 21
-76.6019
  0
LINE
  8
0
 10
18.9017
 20
-76.6019
 11
18.8875
 21
-76.6202
  0
LINE
  8
0
 10
18.8875
 20
-76.6202
 11
18.8725
 21
-76.6352
  0
LINE
  8
0
 10
18.8725
 20
-76.6352
 11
18.8559
 21
-76.6477
  0
LINE
  8
0
 10
18.8559
 20
-76.6477
 11
18.8377
 21
-76.658
  0
LINE
  8
0
 10
18.8377
 20
-76.658
 11
18.8174
 21
-76.6661
  0
LINE
  8
0
 10
18.8174
 20
-76.6661
 11
18.7944
 21
-76.6722
  0
LINE
  8
0
 10
18.7944
 20
-76.6722
 11
18.7689
 21
-76.6759
  0
LINE
  8
0
 10
18.7689
 20
-76.6759
 11
18.7408
 21
-76.6772
  0
LINE
  8
0
 10
18.7408
 20
-76.6772
 11
18.7119
 21
-76.676
  0
LINE
  8
0
 10
28.9343
 20
-77.1035
 11
29.0316
 21
-77.0931
  0
LINE
  8
0
 10
29.0316
 20
-77.0931
 11
29.1225
 21
-77.0756
  0
LINE
  8
0
 10
29.1225
 20
-77.0756
 11
29.207
 21
-77.0509
  0
LINE
  8
0
 10
29.207
 20
-77.0509
 11
29.285
 21
-77.0187
  0
LINE
  8
0
 10
29.285
 20
-77.0187
 11
29.3563
 21
-76.9791
  0
LINE
  8
0
 10
29.3563
 20
-76.9791
 11
29.4207
 21
-76.932
  0
LINE
  8
0
 10
29.4207
 20
-76.932
 11
29.4774
 21
-76.8781
  0
LINE
  8
0
 10
29.4774
 20
-76.8781
 11
29.5255
 21
-76.818
  0
LINE
  8
0
 10
29.5255
 20
-76.818
 11
29.5649
 21
-76.752
  0
LINE
  8
0
 10
29.5649
 20
-76.752
 11
29.5954
 21
-76.6804
  0
LINE
  8
0
 10
29.5954
 20
-76.6804
 11
29.617
 21
-76.6035
  0
LINE
  8
0
 10
29.617
 20
-76.6035
 11
29.6299
 21
-76.5216
  0
LINE
  8
0
 10
29.6299
 20
-76.5216
 11
29.6341
 21
-76.435
  0
LINE
  8
0
 10
29.6341
 20
-76.435
 11
29.6315
 21
-76.3721
  0
LINE
  8
0
 10
29.6315
 20
-76.3721
 11
29.6239
 21
-76.3122
  0
LINE
  8
0
 10
29.6239
 20
-76.3122
 11
29.611
 21
-76.2551
  0
LINE
  8
0
 10
29.611
 20
-76.2551
 11
29.5928
 21
-76.201
  0
LINE
  8
0
 10
29.5928
 20
-76.201
 11
29.5693
 21
-76.15
  0
LINE
  8
0
 10
29.5693
 20
-76.15
 11
29.5404
 21
-76.1024
  0
LINE
  8
0
 10
29.5404
 20
-76.1024
 11
29.5063
 21
-76.0582
  0
LINE
  8
0
 10
29.5063
 20
-76.0582
 11
29.4677
 21
-76.0182
  0
LINE
  8
0
 10
29.4677
 20
-76.0182
 11
29.4251
 21
-75.9827
  0
LINE
  8
0
 10
29.4251
 20
-75.9827
 11
29.3787
 21
-75.9519
  0
LINE
  8
0
 10
29.3787
 20
-75.9519
 11
29.3287
 21
-75.9258
  0
LINE
  8
0
 10
29.3287
 20
-75.9258
 11
29.3073
 21
-75.9172
  0
LINE
  8
0
 10
29.3073
 20
-75.9172
 11
29.3097
 21
-75.9161
  0
LINE
  8
0
 10
29.3097
 20
-75.9161
 11
29.3539
 21
-75.89
  0
LINE
  8
0
 10
29.3539
 20
-75.89
 11
29.395
 21
-75.8595
  0
LINE
  8
0
 10
29.395
 20
-75.8595
 11
29.4328
 21
-75.8248
  0
LINE
  8
0
 10
29.4328
 20
-75.8248
 11
29.4672
 21
-75.7859
  0
LINE
  8
0
 10
29.4672
 20
-75.7859
 11
29.4975
 21
-75.744
  0
LINE
  8
0
 10
29.4975
 20
-75.744
 11
29.5233
 21
-75.7002
  0
LINE
  8
0
 10
29.5233
 20
-75.7002
 11
29.5444
 21
-75.6543
  0
LINE
  8
0
 10
29.5444
 20
-75.6543
 11
29.5609
 21
-75.6065
  0
LINE
  8
0
 10
29.5609
 20
-75.6065
 11
29.5726
 21
-75.557
  0
LINE
  8
0
 10
29.5726
 20
-75.557
 11
29.5796
 21
-75.5059
  0
LINE
  8
0
 10
29.5796
 20
-75.5059
 11
29.5819
 21
-75.453
  0
LINE
  8
0
 10
29.5819
 20
-75.453
 11
29.5779
 21
-75.3737
  0
LINE
  8
0
 10
29.5779
 20
-75.3737
 11
29.5658
 21
-75.2988
  0
LINE
  8
0
 10
29.5658
 20
-75.2988
 11
29.5453
 21
-75.2285
  0
LINE
  8
0
 10
29.5453
 20
-75.2285
 11
29.5165
 21
-75.1631
  0
LINE
  8
0
 10
29.5165
 20
-75.1631
 11
29.4792
 21
-75.103
  0
LINE
  8
0
 10
29.4792
 20
-75.103
 11
29.4337
 21
-75.0486
  0
LINE
  8
0
 10
29.4337
 20
-75.0486
 11
29.3803
 21
-75
  0
LINE
  8
0
 10
29.3803
 20
-75
 11
29.3196
 21
-74.9578
  0
LINE
  8
0
 10
29.3196
 20
-74.9578
 11
29.2525
 21
-74.9224
  0
LINE
  8
0
 10
29.2525
 20
-74.9224
 11
29.1791
 21
-74.8938
  0
LINE
  8
0
 10
29.1791
 20
-74.8938
 11
29.0995
 21
-74.8717
  0
LINE
  8
0
 10
29.0995
 20
-74.8717
 11
29.0139
 21
-74.8561
  0
LINE
  8
0
 10
29.0139
 20
-74.8561
 11
28.9224
 21
-74.8468
  0
LINE
  8
0
 10
28.9224
 20
-74.8468
 11
28.8246
 21
-74.8437
  0
LINE
  8
0
 10
28.8246
 20
-74.8437
 11
28.7288
 21
-74.8469
  0
LINE
  8
0
 10
28.7288
 20
-74.8469
 11
28.6388
 21
-74.8564
  0
LINE
  8
0
 10
28.6388
 20
-74.8564
 11
28.5544
 21
-74.8725
  0
LINE
  8
0
 10
28.5544
 20
-74.8725
 11
28.4758
 21
-74.8952
  0
LINE
  8
0
 10
28.4758
 20
-74.8952
 11
28.4031
 21
-74.9246
  0
LINE
  8
0
 10
28.4031
 20
-74.9246
 11
28.3364
 21
-74.9609
  0
LINE
  8
0
 10
28.3364
 20
-74.9609
 11
28.2761
 21
-75.0041
  0
LINE
  8
0
 10
28.2761
 20
-75.0041
 11
28.2229
 21
-75.0533
  0
LINE
  8
0
 10
28.2229
 20
-75.0533
 11
28.1776
 21
-75.1077
  0
LINE
  8
0
 10
28.1776
 20
-75.1077
 11
28.1404
 21
-75.1672
  0
LINE
  8
0
 10
28.1404
 20
-75.1672
 11
28.1116
 21
-75.2316
  0
LINE
  8
0
 10
28.1116
 20
-75.2316
 11
28.0911
 21
-75.3003
  0
LINE
  8
0
 10
28.0911
 20
-75.3003
 11
28.0789
 21
-75.3733
  0
LINE
  8
0
 10
28.0789
 20
-75.3733
 11
28.0749
 21
-75.45
  0
LINE
  8
0
 10
28.0749
 20
-75.45
 11
28.0773
 21
-75.5029
  0
LINE
  8
0
 10
28.0773
 20
-75.5029
 11
28.0843
 21
-75.5542
  0
LINE
  8
0
 10
28.0843
 20
-75.5542
 11
28.0961
 21
-75.6039
  0
LINE
  8
0
 10
28.0961
 20
-75.6039
 11
28.1126
 21
-75.6518
  0
LINE
  8
0
 10
28.1126
 20
-75.6518
 11
28.1339
 21
-75.6979
  0
LINE
  8
0
 10
28.1339
 20
-75.6979
 11
28.1598
 21
-75.7421
  0
LINE
  8
0
 10
28.1598
 20
-75.7421
 11
28.1902
 21
-75.7843
  0
LINE
  8
0
 10
28.1902
 20
-75.7843
 11
28.2246
 21
-75.8235
  0
LINE
  8
0
 10
28.2246
 20
-75.8235
 11
28.2621
 21
-75.8586
  0
LINE
  8
0
 10
28.2621
 20
-75.8586
 11
28.3026
 21
-75.8896
  0
LINE
  8
0
 10
28.3026
 20
-75.8896
 11
28.3462
 21
-75.9164
  0
LINE
  8
0
 10
28.3462
 20
-75.9164
 11
28.3533
 21
-75.9198
  0
LINE
  8
0
 10
28.3533
 20
-75.9198
 11
28.3292
 21
-75.93
  0
LINE
  8
0
 10
28.3292
 20
-75.93
 11
28.28
 21
-75.9569
  0
LINE
  8
0
 10
28.28
 20
-75.9569
 11
28.2344
 21
-75.9886
  0
LINE
  8
0
 10
28.2344
 20
-75.9886
 11
28.1922
 21
-76.0251
  0
LINE
  8
0
 10
28.1922
 20
-76.0251
 11
28.1538
 21
-76.0662
  0
LINE
  8
0
 10
28.1538
 20
-76.0662
 11
28.1198
 21
-76.1111
  0
LINE
  8
0
 10
28.1198
 20
-76.1111
 11
28.0909
 21
-76.1589
  0
LINE
  8
0
 10
28.0909
 20
-76.1589
 11
28.0673
 21
-76.2096
  0
LINE
  8
0
 10
28.0673
 20
-76.2096
 11
28.049
 21
-76.263
  0
LINE
  8
0
 10
28.049
 20
-76.263
 11
28.036
 21
-76.3189
  0
LINE
  8
0
 10
28.036
 20
-76.3189
 11
28.0283
 21
-76.3772
  0
LINE
  8
0
 10
28.0283
 20
-76.3772
 11
28.0257
 21
-76.438
  0
LINE
  8
0
 10
28.0257
 20
-76.438
 11
28.03
 21
-76.5243
  0
LINE
  8
0
 10
28.03
 20
-76.5243
 11
28.043
 21
-76.6059
  0
LINE
  8
0
 10
28.043
 20
-76.6059
 11
28.0649
 21
-76.6825
  0
LINE
  8
0
 10
28.0649
 20
-76.6825
 11
28.0958
 21
-76.7539
  0
LINE
  8
0
 10
28.0958
 20
-76.7539
 11
28.1357
 21
-76.8196
  0
LINE
  8
0
 10
28.1357
 20
-76.8196
 11
28.1843
 21
-76.8794
  0
LINE
  8
0
 10
28.1843
 20
-76.8794
 11
28.2416
 21
-76.933
  0
LINE
  8
0
 10
28.2416
 20
-76.933
 11
28.3064
 21
-76.9798
  0
LINE
  8
0
 10
28.3064
 20
-76.9798
 11
28.378
 21
-77.0192
  0
LINE
  8
0
 10
28.378
 20
-77.0192
 11
28.4561
 21
-77.0511
  0
LINE
  8
0
 10
28.4561
 20
-77.0511
 11
28.5404
 21
-77.0757
  0
LINE
  8
0
 10
28.5404
 20
-77.0757
 11
28.631
 21
-77.0932
  0
LINE
  8
0
 10
28.631
 20
-77.0932
 11
28.7277
 21
-77.1035
  0
LINE
  8
0
 10
28.7277
 20
-77.1035
 11
28.8306
 21
-77.107
  0
LINE
  8
0
 10
28.8306
 20
-77.107
 11
28.9343
 21
-77.1035
  0
LINE
  8
0
 10
28.7642
 20
-75.7214
 11
28.7137
 21
-75.7063
  0
LINE
  8
0
 10
28.7137
 20
-75.7063
 11
28.6749
 21
-75.6826
  0
LINE
  8
0
 10
28.6749
 20
-75.6826
 11
28.6451
 21
-75.6499
  0
LINE
  8
0
 10
28.6451
 20
-75.6499
 11
28.6227
 21
-75.6056
  0
LINE
  8
0
 10
28.6227
 20
-75.6056
 11
28.6083
 21
-75.5477
  0
LINE
  8
0
 10
28.6083
 20
-75.5477
 11
28.6033
 21
-75.4756
  0
LINE
  8
0
 10
28.6033
 20
-75.4756
 11
28.6082
 21
-75.4073
  0
LINE
  8
0
 10
28.6082
 20
-75.4073
 11
28.6223
 21
-75.3526
  0
LINE
  8
0
 10
28.6223
 20
-75.3526
 11
28.6441
 21
-75.3109
  0
LINE
  8
0
 10
28.6441
 20
-75.3109
 11
28.6733
 21
-75.28
  0
LINE
  8
0
 10
28.6733
 20
-75.28
 11
28.7116
 21
-75.2574
  0
LINE
  8
0
 10
28.7116
 20
-75.2574
 11
28.7617
 21
-75.243
  0
LINE
  8
0
 10
28.7617
 20
-75.243
 11
28.8257
 21
-75.2377
  0
LINE
  8
0
 10
28.8257
 20
-75.2377
 11
28.8591
 21
-75.239
  0
LINE
  8
0
 10
28.8591
 20
-75.239
 11
28.8898
 21
-75.2427
  0
LINE
  8
0
 10
28.8898
 20
-75.2427
 11
28.9174
 21
-75.2487
  0
LINE
  8
0
 10
28.9174
 20
-75.2487
 11
28.9416
 21
-75.2567
  0
LINE
  8
0
 10
28.9416
 20
-75.2567
 11
28.9626
 21
-75.2668
  0
LINE
  8
0
 10
28.9626
 20
-75.2668
 11
28.9807
 21
-75.2786
  0
LINE
  8
0
 10
28.9807
 20
-75.2786
 11
28.9963
 21
-75.2922
  0
LINE
  8
0
 10
28.9963
 20
-75.2922
 11
29.0098
 21
-75.3081
  0
LINE
  8
0
 10
29.0098
 20
-75.3081
 11
29.0214
 21
-75.3268
  0
LINE
  8
0
 10
29.0214
 20
-75.3268
 11
29.0315
 21
-75.3491
  0
LINE
  8
0
 10
29.0315
 20
-75.3491
 11
29.0396
 21
-75.3748
  0
LINE
  8
0
 10
29.0396
 20
-75.3748
 11
29.0456
 21
-75.4045
  0
LINE
  8
0
 10
29.0456
 20
-75.4045
 11
29.0494
 21
-75.4383
  0
LINE
  8
0
 10
29.0494
 20
-75.4383
 11
29.0506
 21
-75.4757
  0
LINE
  8
0
 10
29.0506
 20
-75.4757
 11
29.0494
 21
-75.5163
  0
LINE
  8
0
 10
29.0494
 20
-75.5163
 11
29.0456
 21
-75.5531
  0
LINE
  8
0
 10
29.0456
 20
-75.5531
 11
29.0395
 21
-75.5853
  0
LINE
  8
0
 10
29.0395
 20
-75.5853
 11
29.0314
 21
-75.6131
  0
LINE
  8
0
 10
29.0314
 20
-75.6131
 11
29.0213
 21
-75.6367
  0
LINE
  8
0
 10
29.0213
 20
-75.6367
 11
29.0098
 21
-75.6561
  0
LINE
  8
0
 10
29.0098
 20
-75.6561
 11
28.9966
 21
-75.6721
  0
LINE
  8
0
 10
28.9966
 20
-75.6721
 11
28.9813
 21
-75.6858
  0
LINE
  8
0
 10
28.9813
 20
-75.6858
 11
28.9635
 21
-75.6977
  0
LINE
  8
0
 10
28.9635
 20
-75.6977
 11
28.9427
 21
-75.7077
  0
LINE
  8
0
 10
28.9427
 20
-75.7077
 11
28.9189
 21
-75.7159
  0
LINE
  8
0
 10
28.9189
 20
-75.7159
 11
28.892
 21
-75.7219
  0
LINE
  8
0
 10
28.892
 20
-75.7219
 11
28.8614
 21
-75.7256
  0
LINE
  8
0
 10
28.8614
 20
-75.7256
 11
28.8289
 21
-75.7269
  0
LINE
  8
0
 10
28.8289
 20
-75.7269
 11
28.7642
 21
-75.7214
  0
LINE
  8
0
 10
28.7922
 20
-76.71
 11
28.7544
 21
-76.7053
  0
LINE
  8
0
 10
28.7544
 20
-76.7053
 11
28.721
 21
-76.6978
  0
LINE
  8
0
 10
28.721
 20
-76.6978
 11
28.6914
 21
-76.6875
  0
LINE
  8
0
 10
28.6914
 20
-76.6875
 11
28.6656
 21
-76.6749
  0
LINE
  8
0
 10
28.6656
 20
-76.6749
 11
28.6432
 21
-76.6597
  0
LINE
  8
0
 10
28.6432
 20
-76.6597
 11
28.6239
 21
-76.6421
  0
LINE
  8
0
 10
28.6239
 20
-76.6421
 11
28.6072
 21
-76.6216
  0
LINE
  8
0
 10
28.6072
 20
-76.6216
 11
28.5927
 21
-76.597
  0
LINE
  8
0
 10
28.5927
 20
-76.597
 11
28.5803
 21
-76.5682
  0
LINE
  8
0
 10
28.5803
 20
-76.5682
 11
28.5704
 21
-76.5349
  0
LINE
  8
0
 10
28.5704
 20
-76.5349
 11
28.563
 21
-76.4967
  0
LINE
  8
0
 10
28.563
 20
-76.4967
 11
28.5585
 21
-76.4538
  0
LINE
  8
0
 10
28.5585
 20
-76.4538
 11
28.5569
 21
-76.4067
  0
LINE
  8
0
 10
28.5569
 20
-76.4067
 11
28.5585
 21
-76.3654
  0
LINE
  8
0
 10
28.5585
 20
-76.3654
 11
28.5629
 21
-76.328
  0
LINE
  8
0
 10
28.5629
 20
-76.328
 11
28.5702
 21
-76.2941
  0
LINE
  8
0
 10
28.5702
 20
-76.2941
 11
28.5801
 21
-76.2638
  0
LINE
  8
0
 10
28.5801
 20
-76.2638
 11
28.5926
 21
-76.2366
  0
LINE
  8
0
 10
28.5926
 20
-76.2366
 11
28.6073
 21
-76.2129
  0
LINE
  8
0
 10
28.6073
 20
-76.2129
 11
28.6247
 21
-76.1917
  0
LINE
  8
0
 10
28.6247
 20
-76.1917
 11
28.6444
 21
-76.1733
  0
LINE
  8
0
 10
28.6444
 20
-76.1733
 11
28.6666
 21
-76.1577
  0
LINE
  8
0
 10
28.6666
 20
-76.1577
 11
28.6911
 21
-76.1449
  0
LINE
  8
0
 10
28.6911
 20
-76.1449
 11
28.7189
 21
-76.1346
  0
LINE
  8
0
 10
28.7189
 20
-76.1346
 11
28.7499
 21
-76.1271
  0
LINE
  8
0
 10
28.7499
 20
-76.1271
 11
28.784
 21
-76.1225
  0
LINE
  8
0
 10
28.784
 20
-76.1225
 11
28.8208
 21
-76.1209
  0
LINE
  8
0
 10
28.8208
 20
-76.1209
 11
28.9002
 21
-76.127
  0
LINE
  8
0
 10
28.9002
 20
-76.127
 11
28.9634
 21
-76.1443
  0
LINE
  8
0
 10
28.9634
 20
-76.1443
 11
29.0122
 21
-76.1716
  0
LINE
  8
0
 10
29.0122
 20
-76.1716
 11
29.0492
 21
-76.2088
  0
LINE
  8
0
 10
29.0492
 20
-76.2088
 11
29.0764
 21
-76.258
  0
LINE
  8
0
 10
29.0764
 20
-76.258
 11
29.0937
 21
-76.3216
  0
LINE
  8
0
 10
29.0937
 20
-76.3216
 11
29.0999
 21
-76.4017
  0
LINE
  8
0
 10
29.0999
 20
-76.4017
 11
29.0984
 21
-76.4497
  0
LINE
  8
0
 10
29.0984
 20
-76.4497
 11
29.0941
 21
-76.4942
  0
LINE
  8
0
 10
29.0941
 20
-76.4942
 11
29.087
 21
-76.5336
  0
LINE
  8
0
 10
29.087
 20
-76.5336
 11
29.0774
 21
-76.5682
  0
LINE
  8
0
 10
29.0774
 20
-76.5682
 11
29.0655
 21
-76.5976
  0
LINE
  8
0
 10
29.0655
 20
-76.5976
 11
29.0516
 21
-76.6224
  0
LINE
  8
0
 10
29.0516
 20
-76.6224
 11
29.0358
 21
-76.643
  0
LINE
  8
0
 10
29.0358
 20
-76.643
 11
29.0175
 21
-76.6603
  0
LINE
  8
0
 10
29.0175
 20
-76.6603
 11
28.9963
 21
-76.6752
  0
LINE
  8
0
 10
28.9963
 20
-76.6752
 11
28.9717
 21
-76.6877
  0
LINE
  8
0
 10
28.9717
 20
-76.6877
 11
28.9433
 21
-76.6978
  0
LINE
  8
0
 10
28.9433
 20
-76.6978
 11
28.9107
 21
-76.7053
  0
LINE
  8
0
 10
28.9107
 20
-76.7053
 11
28.8741
 21
-76.71
  0
LINE
  8
0
 10
28.8741
 20
-76.71
 11
28.8336
 21
-76.7115
  0
LINE
  8
0
 10
28.8336
 20
-76.7115
 11
28.7922
 21
-76.71
  0
LINE
  8
0
 10
17.1909
 20
-77.1035
 11
17.2881
 21
-77.0931
  0
LINE
  8
0
 10
17.2881
 20
-77.0931
 11
17.379
 21
-77.0756
  0
LINE
  8
0
 10
17.379
 20
-77.0756
 11
17.4635
 21
-77.0509
  0
LINE
  8
0
 10
17.4635
 20
-77.0509
 11
17.5416
 21
-77.0187
  0
LINE
  8
0
 10
17.5416
 20
-77.0187
 11
17.6129
 21
-76.9791
  0
LINE
  8
0
 10
17.6129
 20
-76.9791
 11
17.6773
 21
-76.932
  0
LINE
  8
0
 10
17.6773
 20
-76.932
 11
17.7339
 21
-76.8781
  0
LINE
  8
0
 10
17.7339
 20
-76.8781
 11
17.7821
 21
-76.818
  0
LINE
  8
0
 10
17.7821
 20
-76.818
 11
17.8215
 21
-76.752
  0
LINE
  8
0
 10
17.8215
 20
-76.752
 11
17.852
 21
-76.6804
  0
LINE
  8
0
 10
17.852
 20
-76.6804
 11
17.8736
 21
-76.6035
  0
LINE
  8
0
 10
17.8736
 20
-76.6035
 11
17.8864
 21
-76.5216
  0
LINE
  8
0
 10
17.8864
 20
-76.5216
 11
17.8907
 21
-76.435
  0
LINE
  8
0
 10
17.8907
 20
-76.435
 11
17.8881
 21
-76.3721
  0
LINE
  8
0
 10
17.8881
 20
-76.3721
 11
17.8805
 21
-76.3122
  0
LINE
  8
0
 10
17.8805
 20
-76.3122
 11
17.8676
 21
-76.2551
  0
LINE
  8
0
 10
17.8676
 20
-76.2551
 11
17.8494
 21
-76.201
  0
LINE
  8
0
 10
17.8494
 20
-76.201
 11
17.8258
 21
-76.15
  0
LINE
  8
0
 10
17.8258
 20
-76.15
 11
17.797
 21
-76.1024
  0
LINE
  8
0
 10
17.797
 20
-76.1024
 11
17.7629
 21
-76.0582
  0
LINE
  8
0
 10
17.7629
 20
-76.0582
 11
17.7243
 21
-76.0182
  0
LINE
  8
0
 10
17.7243
 20
-76.0182
 11
17.6817
 21
-75.9827
  0
LINE
  8
0
 10
17.6817
 20
-75.9827
 11
17.6353
 21
-75.9519
  0
LINE
  8
0
 10
17.6353
 20
-75.9519
 11
17.5853
 21
-75.9258
  0
LINE
  8
0
 10
17.5853
 20
-75.9258
 11
17.5638
 21
-75.9172
  0
LINE
  8
0
 10
17.5638
 20
-75.9172
 11
17.5663
 21
-75.9161
  0
LINE
  8
0
 10
17.5663
 20
-75.9161
 11
17.6105
 21
-75.89
  0
LINE
  8
0
 10
17.6105
 20
-75.89
 11
17.6516
 21
-75.8595
  0
LINE
  8
0
 10
17.6516
 20
-75.8595
 11
17.6894
 21
-75.8248
  0
LINE
  8
0
 10
17.6894
 20
-75.8248
 11
17.7238
 21
-75.7859
  0
LINE
  8
0
 10
17.7238
 20
-75.7859
 11
17.7541
 21
-75.744
  0
LINE
  8
0
 10
17.7541
 20
-75.744
 11
17.7799
 21
-75.7002
  0
LINE
  8
0
 10
17.7799
 20
-75.7002
 11
17.801
 21
-75.6543
  0
LINE
  8
0
 10
17.801
 20
-75.6543
 11
17.8174
 21
-75.6065
  0
LINE
  8
0
 10
17.8174
 20
-75.6065
 11
17.8291
 21
-75.557
  0
LINE
  8
0
 10
17.8291
 20
-75.557
 11
17.8361
 21
-75.5059
  0
LINE
  8
0
 10
17.8361
 20
-75.5059
 11
17.8385
 21
-75.453
  0
LINE
  8
0
 10
17.8385
 20
-75.453
 11
17.8345
 21
-75.3737
  0
LINE
  8
0
 10
17.8345
 20
-75.3737
 11
17.8224
 21
-75.2988
  0
LINE
  8
0
 10
17.8224
 20
-75.2988
 11
17.8019
 21
-75.2285
  0
LINE
  8
0
 10
17.8019
 20
-75.2285
 11
17.7731
 21
-75.1631
  0
LINE
  8
0
 10
17.7731
 20
-75.1631
 11
17.7358
 21
-75.103
  0
LINE
  8
0
 10
17.7358
 20
-75.103
 11
17.6903
 21
-75.0486
  0
LINE
  8
0
 10
17.6903
 20
-75.0486
 11
17.6369
 21
-75
  0
LINE
  8
0
 10
17.6369
 20
-75
 11
17.5762
 21
-74.9578
  0
LINE
  8
0
 10
17.5762
 20
-74.9578
 11
17.5091
 21
-74.9224
  0
LINE
  8
0
 10
17.5091
 20
-74.9224
 11
17.4356
 21
-74.8938
  0
LINE
  8
0
 10
17.4356
 20
-74.8938
 11
17.3561
 21
-74.8717
  0
LINE
  8
0
 10
17.3561
 20
-74.8717
 11
17.2705
 21
-74.8561
  0
LINE
  8
0
 10
17.2705
 20
-74.8561
 11
17.1789
 21
-74.8468
  0
LINE
  8
0
 10
17.1789
 20
-74.8468
 11
17.0812
 21
-74.8437
  0
LINE
  8
0
 10
17.0812
 20
-74.8437
 11
16.9854
 21
-74.8469
  0
LINE
  8
0
 10
16.9854
 20
-74.8469
 11
16.8953
 21
-74.8564
  0
LINE
  8
0
 10
16.8953
 20
-74.8564
 11
16.811
 21
-74.8725
  0
LINE
  8
0
 10
16.811
 20
-74.8725
 11
16.7324
 21
-74.8952
  0
LINE
  8
0
 10
16.7324
 20
-74.8952
 11
16.6597
 21
-74.9246
  0
LINE
  8
0
 10
16.6597
 20
-74.9246
 11
16.593
 21
-74.9609
  0
LINE
  8
0
 10
16.593
 20
-74.9609
 11
16.5327
 21
-75.0041
  0
LINE
  8
0
 10
16.5327
 20
-75.0041
 11
16.4795
 21
-75.0533
  0
LINE
  8
0
 10
16.4795
 20
-75.0533
 11
16.4342
 21
-75.1077
  0
LINE
  8
0
 10
16.4342
 20
-75.1077
 11
16.397
 21
-75.1672
  0
LINE
  8
0
 10
16.397
 20
-75.1672
 11
16.3681
 21
-75.2316
  0
LINE
  8
0
 10
16.3681
 20
-75.2316
 11
16.3477
 21
-75.3003
  0
LINE
  8
0
 10
16.3477
 20
-75.3003
 11
16.3355
 21
-75.3733
  0
LINE
  8
0
 10
16.3355
 20
-75.3733
 11
16.3315
 21
-75.45
  0
LINE
  8
0
 10
16.3315
 20
-75.45
 11
16.3338
 21
-75.5029
  0
LINE
  8
0
 10
16.3338
 20
-75.5029
 11
16.3409
 21
-75.5542
  0
LINE
  8
0
 10
16.3409
 20
-75.5542
 11
16.3527
 21
-75.6039
  0
LINE
  8
0
 10
16.3527
 20
-75.6039
 11
16.3692
 21
-75.6518
  0
LINE
  8
0
 10
16.3692
 20
-75.6518
 11
16.3905
 21
-75.6979
  0
LINE
  8
0
 10
16.3905
 20
-75.6979
 11
16.4164
 21
-75.7421
  0
LINE
  8
0
 10
16.4164
 20
-75.7421
 11
16.4468
 21
-75.7843
  0
LINE
  8
0
 10
16.4468
 20
-75.7843
 11
16.4812
 21
-75.8235
  0
LINE
  8
0
 10
16.4812
 20
-75.8235
 11
16.5186
 21
-75.8586
  0
LINE
  8
0
 10
16.5186
 20
-75.8586
 11
16.5592
 21
-75.8896
  0
LINE
  8
0
 10
16.5592
 20
-75.8896
 11
16.6028
 21
-75.9164
  0
LINE
  8
0
 10
16.6028
 20
-75.9164
 11
16.6099
 21
-75.9198
  0
LINE
  8
0
 10
16.6099
 20
-75.9198
 11
16.5857
 21
-75.93
  0
LINE
  8
0
 10
16.5857
 20
-75.93
 11
16.5366
 21
-75.9569
  0
LINE
  8
0
 10
16.5366
 20
-75.9569
 11
16.491
 21
-75.9886
  0
LINE
  8
0
 10
16.491
 20
-75.9886
 11
16.4488
 21
-76.0251
  0
LINE
  8
0
 10
16.4488
 20
-76.0251
 11
16.4104
 21
-76.0662
  0
LINE
  8
0
 10
16.4104
 20
-76.0662
 11
16.3764
 21
-76.1111
  0
LINE
  8
0
 10
16.3764
 20
-76.1111
 11
16.3475
 21
-76.1589
  0
LINE
  8
0
 10
16.3475
 20
-76.1589
 11
16.3239
 21
-76.2096
  0
LINE
  8
0
 10
16.3239
 20
-76.2096
 11
16.3056
 21
-76.263
  0
LINE
  8
0
 10
16.3056
 20
-76.263
 11
16.2926
 21
-76.3189
  0
LINE
  8
0
 10
16.2926
 20
-76.3189
 11
16.2848
 21
-76.3772
  0
LINE
  8
0
 10
16.2848
 20
-76.3772
 11
16.2823
 21
-76.438
  0
LINE
  8
0
 10
16.2823
 20
-76.438
 11
16.2866
 21
-76.5243
  0
LINE
  8
0
 10
16.2866
 20
-76.5243
 11
16.2996
 21
-76.6059
  0
LINE
  8
0
 10
16.2996
 20
-76.6059
 11
16.3215
 21
-76.6825
  0
LINE
  8
0
 10
16.3215
 20
-76.6825
 11
16.3524
 21
-76.7539
  0
LINE
  8
0
 10
16.3524
 20
-76.7539
 11
16.3922
 21
-76.8196
  0
LINE
  8
0
 10
16.3922
 20
-76.8196
 11
16.4409
 21
-76.8794
  0
LINE
  8
0
 10
16.4409
 20
-76.8794
 11
16.4981
 21
-76.933
  0
LINE
  8
0
 10
16.4981
 20
-76.933
 11
16.563
 21
-76.9798
  0
LINE
  8
0
 10
16.563
 20
-76.9798
 11
16.6346
 21
-77.0192
  0
LINE
  8
0
 10
16.6346
 20
-77.0192
 11
16.7127
 21
-77.0511
  0
LINE
  8
0
 10
16.7127
 20
-77.0511
 11
16.797
 21
-77.0757
  0
LINE
  8
0
 10
16.797
 20
-77.0757
 11
16.8876
 21
-77.0932
  0
LINE
  8
0
 10
16.8876
 20
-77.0932
 11
16.9843
 21
-77.1035
  0
LINE
  8
0
 10
16.9843
 20
-77.1035
 11
17.0872
 21
-77.107
  0
LINE
  8
0
 10
17.0872
 20
-77.107
 11
17.1909
 21
-77.1035
  0
LINE
  8
0
 10
17.0208
 20
-75.7214
 11
16.9703
 21
-75.7063
  0
LINE
  8
0
 10
16.9703
 20
-75.7063
 11
16.9315
 21
-75.6826
  0
LINE
  8
0
 10
16.9315
 20
-75.6826
 11
16.9017
 21
-75.6499
  0
LINE
  8
0
 10
16.9017
 20
-75.6499
 11
16.8793
 21
-75.6056
  0
LINE
  8
0
 10
16.8793
 20
-75.6056
 11
16.8649
 21
-75.5477
  0
LINE
  8
0
 10
16.8649
 20
-75.5477
 11
16.8599
 21
-75.4756
  0
LINE
  8
0
 10
16.8599
 20
-75.4756
 11
16.8648
 21
-75.4073
  0
LINE
  8
0
 10
16.8648
 20
-75.4073
 11
16.8789
 21
-75.3526
  0
LINE
  8
0
 10
16.8789
 20
-75.3526
 11
16.9007
 21
-75.3109
  0
LINE
  8
0
 10
16.9007
 20
-75.3109
 11
16.9299
 21
-75.28
  0
LINE
  8
0
 10
16.9299
 20
-75.28
 11
16.9682
 21
-75.2574
  0
LINE
  8
0
 10
16.9682
 20
-75.2574
 11
17.0183
 21
-75.243
  0
LINE
  8
0
 10
17.0183
 20
-75.243
 11
17.0823
 21
-75.2377
  0
LINE
  8
0
 10
17.0823
 20
-75.2377
 11
17.1157
 21
-75.239
  0
LINE
  8
0
 10
17.1157
 20
-75.239
 11
17.1464
 21
-75.2427
  0
LINE
  8
0
 10
17.1464
 20
-75.2427
 11
17.174
 21
-75.2487
  0
LINE
  8
0
 10
17.174
 20
-75.2487
 11
17.1981
 21
-75.2567
  0
LINE
  8
0
 10
17.1981
 20
-75.2567
 11
17.2192
 21
-75.2668
  0
LINE
  8
0
 10
17.2192
 20
-75.2668
 11
17.2373
 21
-75.2786
  0
LINE
  8
0
 10
17.2373
 20
-75.2786
 11
17.2529
 21
-75.2922
  0
LINE
  8
0
 10
17.2529
 20
-75.2922
 11
17.2663
 21
-75.3081
  0
LINE
  8
0
 10
17.2663
 20
-75.3081
 11
17.278
 21
-75.3268
  0
LINE
  8
0
 10
17.278
 20
-75.3268
 11
17.2881
 21
-75.3491
  0
LINE
  8
0
 10
17.2881
 20
-75.3491
 11
17.2961
 21
-75.3748
  0
LINE
  8
0
 10
17.2961
 20
-75.3748
 11
17.3022
 21
-75.4045
  0
LINE
  8
0
 10
17.3022
 20
-75.4045
 11
17.3059
 21
-75.4383
  0
LINE
  8
0
 10
17.3059
 20
-75.4383
 11
17.3072
 21
-75.4757
  0
LINE
  8
0
 10
17.3072
 20
-75.4757
 11
17.306
 21
-75.5163
  0
LINE
  8
0
 10
17.306
 20
-75.5163
 11
17.3022
 21
-75.5531
  0
LINE
  8
0
 10
17.3022
 20
-75.5531
 11
17.2961
 21
-75.5853
  0
LINE
  8
0
 10
17.2961
 20
-75.5853
 11
17.2879
 21
-75.6131
  0
LINE
  8
0
 10
17.2879
 20
-75.6131
 11
17.2779
 21
-75.6367
  0
LINE
  8
0
 10
17.2779
 20
-75.6367
 11
17.2663
 21
-75.6561
  0
LINE
  8
0
 10
17.2663
 20
-75.6561
 11
17.2532
 21
-75.6721
  0
LINE
  8
0
 10
17.2532
 20
-75.6721
 11
17.2379
 21
-75.6858
  0
LINE
  8
0
 10
17.2379
 20
-75.6858
 11
17.22
 21
-75.6977
  0
LINE
  8
0
 10
17.22
 20
-75.6977
 11
17.1993
 21
-75.7077
  0
LINE
  8
0
 10
17.1993
 20
-75.7077
 11
17.1755
 21
-75.7159
  0
LINE
  8
0
 10
17.1755
 20
-75.7159
 11
17.1485
 21
-75.7219
  0
LINE
  8
0
 10
17.1485
 20
-75.7219
 11
17.118
 21
-75.7256
  0
LINE
  8
0
 10
17.118
 20
-75.7256
 11
17.0854
 21
-75.7269
  0
LINE
  8
0
 10
17.0854
 20
-75.7269
 11
17.0208
 21
-75.7214
  0
LINE
  8
0
 10
17.0488
 20
-76.71
 11
17.011
 21
-76.7053
  0
LINE
  8
0
 10
17.011
 20
-76.7053
 11
16.9776
 21
-76.6978
  0
LINE
  8
0
 10
16.9776
 20
-76.6978
 11
16.948
 21
-76.6875
  0
LINE
  8
0
 10
16.948
 20
-76.6875
 11
16.9222
 21
-76.6749
  0
LINE
  8
0
 10
16.9222
 20
-76.6749
 11
16.8998
 21
-76.6597
  0
LINE
  8
0
 10
16.8998
 20
-76.6597
 11
16.8805
 21
-76.6421
  0
LINE
  8
0
 10
16.8805
 20
-76.6421
 11
16.8638
 21
-76.6216
  0
LINE
  8
0
 10
16.8638
 20
-76.6216
 11
16.8492
 21
-76.597
  0
LINE
  8
0
 10
16.8492
 20
-76.597
 11
16.8369
 21
-76.5682
  0
LINE
  8
0
 10
16.8369
 20
-76.5682
 11
16.8269
 21
-76.5349
  0
LINE
  8
0
 10
16.8269
 20
-76.5349
 11
16.8196
 21
-76.4967
  0
LINE
  8
0
 10
16.8196
 20
-76.4967
 11
16.815
 21
-76.4538
  0
LINE
  8
0
 10
16.815
 20
-76.4538
 11
16.8135
 21
-76.4067
  0
LINE
  8
0
 10
16.8135
 20
-76.4067
 11
16.815
 21
-76.3654
  0
LINE
  8
0
 10
16.815
 20
-76.3654
 11
16.8195
 21
-76.328
  0
LINE
  8
0
 10
16.8195
 20
-76.328
 11
16.8268
 21
-76.2941
  0
LINE
  8
0
 10
16.8268
 20
-76.2941
 11
16.8367
 21
-76.2638
  0
LINE
  8
0
 10
16.8367
 20
-76.2638
 11
16.8491
 21
-76.2366
  0
LINE
  8
0
 10
16.8491
 20
-76.2366
 11
16.8639
 21
-76.2129
  0
LINE
  8
0
 10
16.8639
 20
-76.2129
 11
16.8813
 21
-76.1917
  0
LINE
  8
0
 10
16.8813
 20
-76.1917
 11
16.901
 21
-76.1733
  0
LINE
  8
0
 10
16.901
 20
-76.1733
 11
16.9232
 21
-76.1577
  0
LINE
  8
0
 10
16.9232
 20
-76.1577
 11
16.9477
 21
-76.1449
  0
LINE
  8
0
 10
16.9477
 20
-76.1449
 11
16.9755
 21
-76.1346
  0
LINE
  8
0
 10
16.9755
 20
-76.1346
 11
17.0065
 21
-76.1271
  0
LINE
  8
0
 10
17.0065
 20
-76.1271
 11
17.0406
 21
-76.1225
  0
LINE
  8
0
 10
17.0406
 20
-76.1225
 11
17.0774
 21
-76.1209
  0
LINE
  8
0
 10
17.0774
 20
-76.1209
 11
17.1568
 21
-76.127
  0
LINE
  8
0
 10
17.1568
 20
-76.127
 11
17.22
 21
-76.1443
  0
LINE
  8
0
 10
17.22
 20
-76.1443
 11
17.2688
 21
-76.1716
  0
LINE
  8
0
 10
17.2688
 20
-76.1716
 11
17.3058
 21
-76.2088
  0
LINE
  8
0
 10
17.3058
 20
-76.2088
 11
17.333
 21
-76.258
  0
LINE
  8
0
 10
17.333
 20
-76.258
 11
17.3503
 21
-76.3216
  0
LINE
  8
0
 10
17.3503
 20
-76.3216
 11
17.3564
 21
-76.4017
  0
LINE
  8
0
 10
17.3564
 20
-76.4017
 11
17.355
 21
-76.4497
  0
LINE
  8
0
 10
17.355
 20
-76.4497
 11
17.3506
 21
-76.4942
  0
LINE
  8
0
 10
17.3506
 20
-76.4942
 11
17.3436
 21
-76.5336
  0
LINE
  8
0
 10
17.3436
 20
-76.5336
 11
17.334
 21
-76.5682
  0
LINE
  8
0
 10
17.334
 20
-76.5682
 11
17.3221
 21
-76.5976
  0
LINE
  8
0
 10
17.3221
 20
-76.5976
 11
17.3082
 21
-76.6224
  0
LINE
  8
0
 10
17.3082
 20
-76.6224
 11
17.2924
 21
-76.643
  0
LINE
  8
0
 10
17.2924
 20
-76.643
 11
17.2741
 21
-76.6603
  0
LINE
  8
0
 10
17.2741
 20
-76.6603
 11
17.2529
 21
-76.6752
  0
LINE
  8
0
 10
17.2529
 20
-76.6752
 11
17.2283
 21
-76.6877
  0
LINE
  8
0
 10
17.2283
 20
-76.6877
 11
17.1999
 21
-76.6978
  0
LINE
  8
0
 10
17.1999
 20
-76.6978
 11
17.1673
 21
-76.7053
  0
LINE
  8
0
 10
17.1673
 20
-76.7053
 11
17.1307
 21
-76.71
  0
LINE
  8
0
 10
17.1307
 20
-76.71
 11
17.0902
 21
-76.7115
  0
LINE
  8
0
 10
17.0902
 20
-76.7115
 11
17.0488
 21
-76.71
  0
LINE
  8
0
 10
30.5784
 20
-77.1028
 11
30.6771
 21
-77.0901
  0
LINE
  8
0
 10
30.6771
 20
-77.0901
 11
30.7699
 21
-77.0688
  0
LINE
  8
0
 10
30.7699
 20
-77.0688
 11
30.8567
 21
-77.0387
  0
LINE
  8
0
 10
30.8567
 20
-77.0387
 11
30.9373
 21
-76.9998
  0
LINE
  8
0
 10
30.9373
 20
-76.9998
 11
31.0115
 21
-76.9521
  0
LINE
  8
0
 10
31.0115
 20
-76.9521
 11
31.0788
 21
-76.8956
  0
LINE
  8
0
 10
31.0788
 20
-76.8956
 11
31.1383
 21
-76.8318
  0
LINE
  8
0
 10
31.1383
 20
-76.8318
 11
31.1887
 21
-76.7618
  0
LINE
  8
0
 10
31.1887
 20
-76.7618
 11
31.2299
 21
-76.6859
  0
LINE
  8
0
 10
31.2299
 20
-76.6859
 11
31.2619
 21
-76.6043
  0
LINE
  8
0
 10
31.2619
 20
-76.6043
 11
31.2846
 21
-76.5172
  0
LINE
  8
0
 10
31.2846
 20
-76.5172
 11
31.2981
 21
-76.4249
  0
LINE
  8
0
 10
31.2981
 20
-76.4249
 11
31.3025
 21
-76.3275
  0
LINE
  8
0
 10
31.3025
 20
-76.3275
 11
31.2987
 21
-76.2342
  0
LINE
  8
0
 10
31.2987
 20
-76.2342
 11
31.287
 21
-76.1461
  0
LINE
  8
0
 10
31.287
 20
-76.1461
 11
31.2675
 21
-76.063
  0
LINE
  8
0
 10
31.2675
 20
-76.063
 11
31.2399
 21
-75.9852
  0
LINE
  8
0
 10
31.2399
 20
-75.9852
 11
31.2043
 21
-75.9129
  0
LINE
  8
0
 10
31.2043
 20
-75.9129
 11
31.1605
 21
-75.8462
  0
LINE
  8
0
 10
31.1605
 20
-75.8462
 11
31.1088
 21
-75.7855
  0
LINE
  8
0
 10
31.1088
 20
-75.7855
 11
31.0504
 21
-75.7318
  0
LINE
  8
0
 10
31.0504
 20
-75.7318
 11
30.9866
 21
-75.6863
  0
LINE
  8
0
 10
30.9866
 20
-75.6863
 11
30.9176
 21
-75.6491
  0
LINE
  8
0
 10
30.9176
 20
-75.6491
 11
30.8434
 21
-75.6203
  0
LINE
  8
0
 10
30.8434
 20
-75.6203
 11
30.7645
 21
-75.5999
  0
LINE
  8
0
 10
30.7645
 20
-75.5999
 11
30.6811
 21
-75.5877
  0
LINE
  8
0
 10
30.6811
 20
-75.5877
 11
30.5931
 21
-75.5837
  0
LINE
  8
0
 10
30.5931
 20
-75.5837
 11
30.525
 21
-75.5866
  0
LINE
  8
0
 10
30.525
 20
-75.5866
 11
30.4597
 21
-75.5955
  0
LINE
  8
0
 10
30.4597
 20
-75.5955
 11
30.3972
 21
-75.6104
  0
LINE
  8
0
 10
30.3972
 20
-75.6104
 11
30.3378
 21
-75.6313
  0
LINE
  8
0
 10
30.3378
 20
-75.6313
 11
30.2816
 21
-75.6584
  0
LINE
  8
0
 10
30.2816
 20
-75.6584
 11
30.2693
 21
-75.6661
  0
LINE
  8
0
 10
30.2693
 20
-75.6661
 11
30.2939
 21
-75.2869
  0
LINE
  8
0
 10
30.2939
 20
-75.2869
 11
31.1802
 21
-75.2869
  0
LINE
  8
0
 10
31.1802
 20
-75.2869
 11
31.1802
 21
-74.8751
  0
LINE
  8
0
 10
31.1802
 20
-74.8751
 11
29.8195
 21
-74.8751
  0
LINE
  8
0
 10
29.8195
 20
-74.8751
 11
29.7403
 21
-76.1581
  0
LINE
  8
0
 10
29.7403
 20
-76.1581
 11
30.2243
 21
-76.1581
  0
LINE
  8
0
 10
30.2243
 20
-76.1581
 11
30.2699
 21
-76.1081
  0
LINE
  8
0
 10
30.2699
 20
-76.1081
 11
30.3006
 21
-76.0817
  0
LINE
  8
0
 10
30.3006
 20
-76.0817
 11
30.3332
 21
-76.0604
  0
LINE
  8
0
 10
30.3332
 20
-76.0604
 11
30.3678
 21
-76.0439
  0
LINE
  8
0
 10
30.3678
 20
-76.0439
 11
30.4048
 21
-76.0321
  0
LINE
  8
0
 10
30.4048
 20
-76.0321
 11
30.4445
 21
-76.0249
  0
LINE
  8
0
 10
30.4445
 20
-76.0249
 11
30.4874
 21
-76.0224
  0
LINE
  8
0
 10
30.4874
 20
-76.0224
 11
30.5261
 21
-76.0242
  0
LINE
  8
0
 10
30.5261
 20
-76.0242
 11
30.5616
 21
-76.0295
  0
LINE
  8
0
 10
30.5616
 20
-76.0295
 11
30.5939
 21
-76.0381
  0
LINE
  8
0
 10
30.5939
 20
-76.0381
 11
30.6233
 21
-76.05
  0
LINE
  8
0
 10
30.6233
 20
-76.05
 11
30.6497
 21
-76.0649
  0
LINE
  8
0
 10
30.6497
 20
-76.0649
 11
30.6739
 21
-76.0832
  0
LINE
  8
0
 10
30.6739
 20
-76.0832
 11
30.696
 21
-76.105
  0
LINE
  8
0
 10
30.696
 20
-76.105
 11
30.7155
 21
-76.1298
  0
LINE
  8
0
 10
30.7155
 20
-76.1298
 11
30.7322
 21
-76.1572
  0
LINE
  8
0
 10
30.7322
 20
-76.1572
 11
30.746
 21
-76.1872
  0
LINE
  8
0
 10
30.746
 20
-76.1872
 11
30.7569
 21
-76.2201
  0
LINE
  8
0
 10
30.7569
 20
-76.2201
 11
30.7648
 21
-76.2556
  0
LINE
  8
0
 10
30.7648
 20
-76.2556
 11
30.7697
 21
-76.2946
  0
LINE
  8
0
 10
30.7697
 20
-76.2946
 11
30.7713
 21
-76.3364
  0
LINE
  8
0
 10
30.7713
 20
-76.3364
 11
30.7695
 21
-76.3846
  0
LINE
  8
0
 10
30.7695
 20
-76.3846
 11
30.7643
 21
-76.4285
  0
LINE
  8
0
 10
30.7643
 20
-76.4285
 11
30.7558
 21
-76.4684
  0
LINE
  8
0
 10
30.7558
 20
-76.4684
 11
30.7442
 21
-76.5042
  0
LINE
  8
0
 10
30.7442
 20
-76.5042
 11
30.7296
 21
-76.5364
  0
LINE
  8
0
 10
30.7296
 20
-76.5364
 11
30.712
 21
-76.565
  0
LINE
  8
0
 10
30.712
 20
-76.565
 11
30.6914
 21
-76.5902
  0
LINE
  8
0
 10
30.6914
 20
-76.5902
 11
30.668
 21
-76.6124
  0
LINE
  8
0
 10
30.668
 20
-76.6124
 11
30.6426
 21
-76.6311
  0
LINE
  8
0
 10
30.6426
 20
-76.6311
 11
30.6151
 21
-76.6464
  0
LINE
  8
0
 10
30.6151
 20
-76.6464
 11
30.585
 21
-76.6584
  0
LINE
  8
0
 10
30.585
 20
-76.6584
 11
30.5524
 21
-76.6671
  0
LINE
  8
0
 10
30.5524
 20
-76.6671
 11
30.5167
 21
-76.6724
  0
LINE
  8
0
 10
30.5167
 20
-76.6724
 11
30.478
 21
-76.6742
  0
LINE
  8
0
 10
30.478
 20
-76.6742
 11
30.4466
 21
-76.6731
  0
LINE
  8
0
 10
30.4466
 20
-76.6731
 11
30.4169
 21
-76.6698
  0
LINE
  8
0
 10
30.4169
 20
-76.6698
 11
30.3892
 21
-76.6644
  0
LINE
  8
0
 10
30.3892
 20
-76.6644
 11
30.3636
 21
-76.6569
  0
LINE
  8
0
 10
30.3636
 20
-76.6569
 11
30.3398
 21
-76.6475
  0
LINE
  8
0
 10
30.3398
 20
-76.6475
 11
30.3179
 21
-76.6362
  0
LINE
  8
0
 10
30.3179
 20
-76.6362
 11
30.2976
 21
-76.6228
  0
LINE
  8
0
 10
30.2976
 20
-76.6228
 11
30.2794
 21
-76.6077
  0
LINE
  8
0
 10
30.2794
 20
-76.6077
 11
30.2625
 21
-76.5899
  0
LINE
  8
0
 10
30.2625
 20
-76.5899
 11
30.2471
 21
-76.5694
  0
LINE
  8
0
 10
30.2471
 20
-76.5694
 11
30.2331
 21
-76.5458
  0
LINE
  8
0
 10
30.2331
 20
-76.5458
 11
30.2205
 21
-76.519
  0
LINE
  8
0
 10
30.2205
 20
-76.519
 11
30.2095
 21
-76.4892
  0
LINE
  8
0
 10
30.2095
 20
-76.4892
 11
30.1884
 21
-76.4145
  0
LINE
  8
0
 10
30.1884
 20
-76.4145
 11
29.6716
 21
-76.4568
  0
LINE
  8
0
 10
29.6716
 20
-76.4568
 11
29.6996
 21
-76.5892
  0
LINE
  8
0
 10
29.6996
 20
-76.5892
 11
29.7228
 21
-76.6633
  0
LINE
  8
0
 10
29.7228
 20
-76.6633
 11
29.7525
 21
-76.7323
  0
LINE
  8
0
 10
29.7525
 20
-76.7323
 11
29.7889
 21
-76.7962
  0
LINE
  8
0
 10
29.7889
 20
-76.7962
 11
29.8319
 21
-76.8547
  0
LINE
  8
0
 10
29.8319
 20
-76.8547
 11
29.8814
 21
-76.9075
  0
LINE
  8
0
 10
29.8814
 20
-76.9075
 11
29.9372
 21
-76.9545
  0
LINE
  8
0
 10
29.9372
 20
-76.9545
 11
29.9988
 21
-76.9955
  0
LINE
  8
0
 10
29.9988
 20
-76.9955
 11
30.0656
 21
-77.0299
  0
LINE
  8
0
 10
30.0656
 20
-77.0299
 11
30.1376
 21
-77.0579
  0
LINE
  8
0
 10
30.1376
 20
-77.0579
 11
30.2144
 21
-77.0795
  0
LINE
  8
0
 10
30.2144
 20
-77.0795
 11
30.2961
 21
-77.0948
  0
LINE
  8
0
 10
30.2961
 20
-77.0948
 11
30.3825
 21
-77.104
  0
LINE
  8
0
 10
30.3825
 20
-77.104
 11
30.4739
 21
-77.107
  0
LINE
  8
0
 10
30.4739
 20
-77.107
 11
30.5784
 21
-77.1028
  0
LINE
  8
0
 10
54.0652
 20
-77.1028
 11
54.1639
 21
-77.0901
  0
LINE
  8
0
 10
54.1639
 20
-77.0901
 11
54.2568
 21
-77.0688
  0
LINE
  8
0
 10
54.2568
 20
-77.0688
 11
54.3436
 21
-77.0387
  0
LINE
  8
0
 10
54.3436
 20
-77.0387
 11
54.4242
 21
-76.9998
  0
LINE
  8
0
 10
54.4242
 20
-76.9998
 11
54.4983
 21
-76.9521
  0
LINE
  8
0
 10
54.4983
 20
-76.9521
 11
54.5657
 21
-76.8956
  0
LINE
  8
0
 10
54.5657
 20
-76.8956
 11
54.6252
 21
-76.8318
  0
LINE
  8
0
 10
54.6252
 20
-76.8318
 11
54.6756
 21
-76.7618
  0
LINE
  8
0
 10
54.6756
 20
-76.7618
 11
54.7168
 21
-76.6859
  0
LINE
  8
0
 10
54.7168
 20
-76.6859
 11
54.7488
 21
-76.6043
  0
LINE
  8
0
 10
54.7488
 20
-76.6043
 11
54.7714
 21
-76.5172
  0
LINE
  8
0
 10
54.7714
 20
-76.5172
 11
54.7849
 21
-76.4249
  0
LINE
  8
0
 10
54.7849
 20
-76.4249
 11
54.7894
 21
-76.3275
  0
LINE
  8
0
 10
54.7894
 20
-76.3275
 11
54.7856
 21
-76.2342
  0
LINE
  8
0
 10
54.7856
 20
-76.2342
 11
54.7739
 21
-76.1461
  0
LINE
  8
0
 10
54.7739
 20
-76.1461
 11
54.7544
 21
-76.063
  0
LINE
  8
0
 10
54.7544
 20
-76.063
 11
54.7268
 21
-75.9852
  0
LINE
  8
0
 10
54.7268
 20
-75.9852
 11
54.6911
 21
-75.9129
  0
LINE
  8
0
 10
54.6911
 20
-75.9129
 11
54.6474
 21
-75.8462
  0
LINE
  8
0
 10
54.6474
 20
-75.8462
 11
54.5957
 21
-75.7855
  0
LINE
  8
0
 10
54.5957
 20
-75.7855
 11
54.5373
 21
-75.7318
  0
LINE
  8
0
 10
54.5373
 20
-75.7318
 11
54.4735
 21
-75.6863
  0
LINE
  8
0
 10
54.4735
 20
-75.6863
 11
54.4044
 21
-75.6491
  0
LINE
  8
0
 10
54.4044
 20
-75.6491
 11
54.3303
 21
-75.6203
  0
LINE
  8
0
 10
54.3303
 20
-75.6203
 11
54.2514
 21
-75.5999
  0
LINE
  8
0
 10
54.2514
 20
-75.5999
 11
54.1679
 21
-75.5877
  0
LINE
  8
0
 10
54.1679
 20
-75.5877
 11
54.08
 21
-75.5837
  0
LINE
  8
0
 10
54.08
 20
-75.5837
 11
54.0118
 21
-75.5866
  0
LINE
  8
0
 10
54.0118
 20
-75.5866
 11
53.9465
 21
-75.5955
  0
LINE
  8
0
 10
53.9465
 20
-75.5955
 11
53.8841
 21
-75.6104
  0
LINE
  8
0
 10
53.8841
 20
-75.6104
 11
53.8247
 21
-75.6313
  0
LINE
  8
0
 10
53.8247
 20
-75.6313
 11
53.7685
 21
-75.6584
  0
LINE
  8
0
 10
53.7685
 20
-75.6584
 11
53.7562
 21
-75.6661
  0
LINE
  8
0
 10
53.7562
 20
-75.6661
 11
53.7807
 21
-75.2869
  0
LINE
  8
0
 10
53.7807
 20
-75.2869
 11
54.667
 21
-75.2869
  0
LINE
  8
0
 10
54.667
 20
-75.2869
 11
54.667
 21
-74.8751
  0
LINE
  8
0
 10
54.667
 20
-74.8751
 11
53.3064
 21
-74.8751
  0
LINE
  8
0
 10
53.3064
 20
-74.8751
 11
53.2271
 21
-76.1581
  0
LINE
  8
0
 10
53.2271
 20
-76.1581
 11
53.7111
 21
-76.1581
  0
LINE
  8
0
 10
53.7111
 20
-76.1581
 11
53.7568
 21
-76.1081
  0
LINE
  8
0
 10
53.7568
 20
-76.1081
 11
53.7875
 21
-76.0817
  0
LINE
  8
0
 10
53.7875
 20
-76.0817
 11
53.8201
 21
-76.0604
  0
LINE
  8
0
 10
53.8201
 20
-76.0604
 11
53.8546
 21
-76.0439
  0
LINE
  8
0
 10
53.8546
 20
-76.0439
 11
53.8916
 21
-76.0321
  0
LINE
  8
0
 10
53.8916
 20
-76.0321
 11
53.9314
 21
-76.0249
  0
LINE
  8
0
 10
53.9314
 20
-76.0249
 11
53.9743
 21
-76.0224
  0
LINE
  8
0
 10
53.9743
 20
-76.0224
 11
54.0129
 21
-76.0242
  0
LINE
  8
0
 10
54.0129
 20
-76.0242
 11
54.0485
 21
-76.0295
  0
LINE
  8
0
 10
54.0485
 20
-76.0295
 11
54.0808
 21
-76.0381
  0
LINE
  8
0
 10
54.0808
 20
-76.0381
 11
54.1102
 21
-76.05
  0
LINE
  8
0
 10
54.1102
 20
-76.05
 11
54.1366
 21
-76.0649
  0
LINE
  8
0
 10
54.1366
 20
-76.0649
 11
54.1608
 21
-76.0832
  0
LINE
  8
0
 10
54.1608
 20
-76.0832
 11
54.1828
 21
-76.105
  0
LINE
  8
0
 10
54.1828
 20
-76.105
 11
54.2023
 21
-76.1298
  0
LINE
  8
0
 10
54.2023
 20
-76.1298
 11
54.2191
 21
-76.1572
  0
LINE
  8
0
 10
54.2191
 20
-76.1572
 11
54.2328
 21
-76.1872
  0
LINE
  8
0
 10
54.2328
 20
-76.1872
 11
54.2438
 21
-76.2201
  0
LINE
  8
0
 10
54.2438
 20
-76.2201
 11
54.2517
 21
-76.2556
  0
LINE
  8
0
 10
54.2517
 20
-76.2556
 11
54.2565
 21
-76.2946
  0
LINE
  8
0
 10
54.2565
 20
-76.2946
 11
54.2582
 21
-76.3364
  0
LINE
  8
0
 10
54.2582
 20
-76.3364
 11
54.2564
 21
-76.3846
  0
LINE
  8
0
 10
54.2564
 20
-76.3846
 11
54.2512
 21
-76.4285
  0
LINE
  8
0
 10
54.2512
 20
-76.4285
 11
54.2427
 21
-76.4684
  0
LINE
  8
0
 10
54.2427
 20
-76.4684
 11
54.2311
 21
-76.5042
  0
LINE
  8
0
 10
54.2311
 20
-76.5042
 11
54.2164
 21
-76.5364
  0
LINE
  8
0
 10
54.2164
 20
-76.5364
 11
54.1988
 21
-76.565
  0
LINE
  8
0
 10
54.1988
 20
-76.565
 11
54.1783
 21
-76.5902
  0
LINE
  8
0
 10
54.1783
 20
-76.5902
 11
54.1548
 21
-76.6124
  0
LINE
  8
0
 10
54.1548
 20
-76.6124
 11
54.1295
 21
-76.6311
  0
LINE
  8
0
 10
54.1295
 20
-76.6311
 11
54.1019
 21
-76.6464
  0
LINE
  8
0
 10
54.1019
 20
-76.6464
 11
54.0719
 21
-76.6584
  0
LINE
  8
0
 10
54.0719
 20
-76.6584
 11
54.0393
 21
-76.6671
  0
LINE
  8
0
 10
54.0393
 20
-76.6671
 11
54.0036
 21
-76.6724
  0
LINE
  8
0
 10
54.0036
 20
-76.6724
 11
53.9648
 21
-76.6742
  0
LINE
  8
0
 10
53.9648
 20
-76.6742
 11
53.9334
 21
-76.6731
  0
LINE
  8
0
 10
53.9334
 20
-76.6731
 11
53.9037
 21
-76.6698
  0
LINE
  8
0
 10
53.9037
 20
-76.6698
 11
53.8761
 21
-76.6644
  0
LINE
  8
0
 10
53.8761
 20
-76.6644
 11
53.8504
 21
-76.6569
  0
LINE
  8
0
 10
53.8504
 20
-76.6569
 11
53.8267
 21
-76.6475
  0
LINE
  8
0
 10
53.8267
 20
-76.6475
 11
53.8048
 21
-76.6362
  0
LINE
  8
0
 10
53.8048
 20
-76.6362
 11
53.7845
 21
-76.6228
  0
LINE
  8
0
 10
53.7845
 20
-76.6228
 11
53.7662
 21
-76.6077
  0
LINE
  8
0
 10
53.7662
 20
-76.6077
 11
53.7494
 21
-76.5899
  0
LINE
  8
0
 10
53.7494
 20
-76.5899
 11
53.734
 21
-76.5694
  0
LINE
  8
0
 10
53.734
 20
-76.5694
 11
53.72
 21
-76.5458
  0
LINE
  8
0
 10
53.72
 20
-76.5458
 11
53.7074
 21
-76.519
  0
LINE
  8
0
 10
53.7074
 20
-76.519
 11
53.6964
 21
-76.4892
  0
LINE
  8
0
 10
53.6964
 20
-76.4892
 11
53.6753
 21
-76.4145
  0
LINE
  8
0
 10
53.6753
 20
-76.4145
 11
53.1585
 21
-76.4568
  0
LINE
  8
0
 10
53.1585
 20
-76.4568
 11
53.1865
 21
-76.5892
  0
LINE
  8
0
 10
53.1865
 20
-76.5892
 11
53.2096
 21
-76.6633
  0
LINE
  8
0
 10
53.2096
 20
-76.6633
 11
53.2394
 21
-76.7323
  0
LINE
  8
0
 10
53.2394
 20
-76.7323
 11
53.2758
 21
-76.7962
  0
LINE
  8
0
 10
53.2758
 20
-76.7962
 11
53.3188
 21
-76.8547
  0
LINE
  8
0
 10
53.3188
 20
-76.8547
 11
53.3683
 21
-76.9075
  0
LINE
  8
0
 10
53.3683
 20
-76.9075
 11
53.4241
 21
-76.9545
  0
LINE
  8
0
 10
53.4241
 20
-76.9545
 11
53.4857
 21
-76.9955
  0
LINE
  8
0
 10
53.4857
 20
-76.9955
 11
53.5525
 21
-77.0299
  0
LINE
  8
0
 10
53.5525
 20
-77.0299
 11
53.6244
 21
-77.0579
  0
LINE
  8
0
 10
53.6244
 20
-77.0579
 11
53.7013
 21
-77.0795
  0
LINE
  8
0
 10
53.7013
 20
-77.0795
 11
53.7829
 21
-77.0948
  0
LINE
  8
0
 10
53.7829
 20
-77.0948
 11
53.8694
 21
-77.104
  0
LINE
  8
0
 10
53.8694
 20
-77.104
 11
53.9608
 21
-77.107
  0
LINE
  8
0
 10
53.9608
 20
-77.107
 11
54.0652
 21
-77.1028
  0
LINE
  8
0
 10
109.381
 20
-79.149
 11
109.433
 21
-79.1464
  0
LINE
  8
0
 10
109.433
 20
-79.1464
 11
109.486
 21
-79.142
  0
LINE
  8
0
 10
109.486
 20
-79.142
 11
109.539
 21
-79.1358
  0
LINE
  8
0
 10
109.539
 20
-79.1358
 11
109.592
 21
-79.128
  0
LINE
  8
0
 10
109.592
 20
-79.128
 11
109.647
 21
-79.1183
  0
LINE
  8
0
 10
109.647
 20
-79.1183
 11
109.74
 21
-79.0989
  0
LINE
  8
0
 10
109.74
 20
-79.0989
 11
109.744
 21
-78.6984
  0
LINE
  8
0
 10
109.744
 20
-78.6984
 11
109.661
 21
-78.7112
  0
LINE
  8
0
 10
109.661
 20
-78.7112
 11
109.637
 21
-78.7144
  0
LINE
  8
0
 10
109.637
 20
-78.7144
 11
109.612
 21
-78.7171
  0
LINE
  8
0
 10
109.612
 20
-78.7171
 11
109.588
 21
-78.7191
  0
LINE
  8
0
 10
109.588
 20
-78.7191
 11
109.564
 21
-78.7205
  0
LINE
  8
0
 10
109.564
 20
-78.7205
 11
109.54
 21
-78.7214
  0
LINE
  8
0
 10
109.54
 20
-78.7214
 11
109.516
 21
-78.7217
  0
LINE
  8
0
 10
109.516
 20
-78.7217
 11
109.473
 21
-78.7204
  0
LINE
  8
0
 10
109.473
 20
-78.7204
 11
109.434
 21
-78.7167
  0
LINE
  8
0
 10
109.434
 20
-78.7167
 11
109.398
 21
-78.7107
  0
LINE
  8
0
 10
109.398
 20
-78.7107
 11
109.365
 21
-78.7024
  0
LINE
  8
0
 10
109.365
 20
-78.7024
 11
109.336
 21
-78.692
  0
LINE
  8
0
 10
109.336
 20
-78.692
 11
109.311
 21
-78.6796
  0
LINE
  8
0
 10
109.311
 20
-78.6796
 11
109.288
 21
-78.6652
  0
LINE
  8
0
 10
109.288
 20
-78.6652
 11
109.267
 21
-78.6484
  0
LINE
  8
0
 10
109.267
 20
-78.6484
 11
109.247
 21
-78.6284
  0
LINE
  8
0
 10
109.247
 20
-78.6284
 11
109.228
 21
-78.605
  0
LINE
  8
0
 10
109.228
 20
-78.605
 11
109.21
 21
-78.5782
  0
LINE
  8
0
 10
109.21
 20
-78.5782
 11
109.193
 21
-78.5479
  0
LINE
  8
0
 10
109.193
 20
-78.5479
 11
109.184
 21
-78.5274
  0
LINE
  8
0
 10
109.184
 20
-78.5274
 11
109.233
 21
-78.5152
  0
LINE
  8
0
 10
109.233
 20
-78.5152
 11
109.333
 21
-78.4796
  0
LINE
  8
0
 10
109.333
 20
-78.4796
 11
109.426
 21
-78.4351
  0
LINE
  8
0
 10
109.426
 20
-78.4351
 11
109.513
 21
-78.3816
  0
LINE
  8
0
 10
109.513
 20
-78.3816
 11
109.593
 21
-78.3192
  0
LINE
  8
0
 10
109.593
 20
-78.3192
 11
109.666
 21
-78.248
  0
LINE
  8
0
 10
109.666
 20
-78.248
 11
109.732
 21
-78.1682
  0
LINE
  8
0
 10
109.732
 20
-78.1682
 11
109.789
 21
-78.0811
  0
LINE
  8
0
 10
109.789
 20
-78.0811
 11
109.838
 21
-77.988
  0
LINE
  8
0
 10
109.838
 20
-77.988
 11
109.878
 21
-77.8892
  0
LINE
  8
0
 10
109.878
 20
-77.8892
 11
109.909
 21
-77.7846
  0
LINE
  8
0
 10
109.909
 20
-77.7846
 11
109.93
 21
-77.6746
  0
LINE
  8
0
 10
109.93
 20
-77.6746
 11
109.944
 21
-77.559
  0
LINE
  8
0
 10
109.944
 20
-77.559
 11
109.948
 21
-77.4378
  0
LINE
  8
0
 10
109.948
 20
-77.4378
 11
109.942
 21
-77.2952
  0
LINE
  8
0
 10
109.942
 20
-77.2952
 11
109.924
 21
-77.1607
  0
LINE
  8
0
 10
109.924
 20
-77.1607
 11
109.894
 21
-77.0345
  0
LINE
  8
0
 10
109.894
 20
-77.0345
 11
109.852
 21
-76.9168
  0
LINE
  8
0
 10
109.852
 20
-76.9168
 11
109.798
 21
-76.8077
  0
LINE
  8
0
 10
109.798
 20
-76.8077
 11
109.731
 21
-76.7076
  0
LINE
  8
0
 10
109.731
 20
-76.7076
 11
109.652
 21
-76.6166
  0
LINE
  8
0
 10
109.652
 20
-76.6166
 11
109.563
 21
-76.5364
  0
LINE
  8
0
 10
109.563
 20
-76.5364
 11
109.464
 21
-76.4684
  0
LINE
  8
0
 10
109.464
 20
-76.4684
 11
109.356
 21
-76.413
  0
LINE
  8
0
 10
109.356
 20
-76.413
 11
109.238
 21
-76.37
  0
LINE
  8
0
 10
109.238
 20
-76.37
 11
109.113
 21
-76.3395
  0
LINE
  8
0
 10
109.113
 20
-76.3395
 11
108.978
 21
-76.3213
  0
LINE
  8
0
 10
108.978
 20
-76.3213
 11
108.836
 21
-76.3153
  0
LINE
  8
0
 10
108.836
 20
-76.3153
 11
108.693
 21
-76.3212
  0
LINE
  8
0
 10
108.693
 20
-76.3212
 11
108.559
 21
-76.3392
  0
LINE
  8
0
 10
108.559
 20
-76.3392
 11
108.433
 21
-76.3694
  0
LINE
  8
0
 10
108.433
 20
-76.3694
 11
108.316
 21
-76.4119
  0
LINE
  8
0
 10
108.316
 20
-76.4119
 11
108.208
 21
-76.4668
  0
LINE
  8
0
 10
108.208
 20
-76.4668
 11
108.109
 21
-76.5341
  0
LINE
  8
0
 10
108.109
 20
-76.5341
 11
108.02
 21
-76.6135
  0
LINE
  8
0
 10
108.02
 20
-76.6135
 11
107.941
 21
-76.7039
  0
LINE
  8
0
 10
107.941
 20
-76.7039
 11
107.875
 21
-76.8038
  0
LINE
  8
0
 10
107.875
 20
-76.8038
 11
107.82
 21
-76.913
  0
LINE
  8
0
 10
107.82
 20
-76.913
 11
107.778
 21
-77.0312
  0
LINE
  8
0
 10
107.778
 20
-77.0312
 11
107.749
 21
-77.1581
  0
LINE
  8
0
 10
107.749
 20
-77.1581
 11
107.731
 21
-77.2937
  0
LINE
  8
0
 10
107.731
 20
-77.2937
 11
107.725
 21
-77.4379
  0
LINE
  8
0
 10
107.725
 20
-77.4379
 11
107.73
 21
-77.5715
  0
LINE
  8
0
 10
107.73
 20
-77.5715
 11
107.745
 21
-77.6979
  0
LINE
  8
0
 10
107.745
 20
-77.6979
 11
107.77
 21
-77.8172
  0
LINE
  8
0
 10
107.77
 20
-77.8172
 11
107.805
 21
-77.9294
  0
LINE
  8
0
 10
107.805
 20
-77.9294
 11
107.85
 21
-78.0342
  0
LINE
  8
0
 10
107.85
 20
-78.0342
 11
107.906
 21
-78.1315
  0
LINE
  8
0
 10
107.906
 20
-78.1315
 11
107.971
 21
-78.2211
  0
LINE
  8
0
 10
107.971
 20
-78.2211
 11
108.046
 21
-78.3016
  0
LINE
  8
0
 10
108.046
 20
-78.3016
 11
108.13
 21
-78.3718
  0
LINE
  8
0
 10
108.13
 20
-78.3718
 11
108.221
 21
-78.4315
  0
LINE
  8
0
 10
108.221
 20
-78.4315
 11
108.321
 21
-78.4804
  0
LINE
  8
0
 10
108.321
 20
-78.4804
 11
108.428
 21
-78.5187
  0
LINE
  8
0
 10
108.428
 20
-78.5187
 11
108.543
 21
-78.5463
  0
LINE
  8
0
 10
108.543
 20
-78.5463
 11
108.633
 21
-78.5588
  0
LINE
  8
0
 10
108.633
 20
-78.5588
 11
108.652
 21
-78.6171
  0
LINE
  8
0
 10
108.652
 20
-78.6171
 11
108.685
 21
-78.6989
  0
LINE
  8
0
 10
108.685
 20
-78.6989
 11
108.72
 21
-78.7737
  0
LINE
  8
0
 10
108.72
 20
-78.7737
 11
108.759
 21
-78.8415
  0
LINE
  8
0
 10
108.759
 20
-78.8415
 11
108.801
 21
-78.9023
  0
LINE
  8
0
 10
108.801
 20
-78.9023
 11
108.846
 21
-78.9559
  0
LINE
  8
0
 10
108.846
 20
-78.9559
 11
108.894
 21
-79.0022
  0
LINE
  8
0
 10
108.894
 20
-79.0022
 11
108.946
 21
-79.0416
  0
LINE
  8
0
 10
108.946
 20
-79.0416
 11
109.001
 21
-79.0749
  0
LINE
  8
0
 10
109.001
 20
-79.0749
 11
109.06
 21
-79.1021
  0
LINE
  8
0
 10
109.06
 20
-79.1021
 11
109.123
 21
-79.1232
  0
LINE
  8
0
 10
109.123
 20
-79.1232
 11
109.189
 21
-79.1381
  0
LINE
  8
0
 10
109.189
 20
-79.1381
 11
109.257
 21
-79.147
  0
LINE
  8
0
 10
109.257
 20
-79.147
 11
109.329
 21
-79.1499
  0
LINE
  8
0
 10
109.329
 20
-79.1499
 11
109.381
 21
-79.149
  0
LINE
  8
0
 10
108.759
 20
-78.13
 11
108.69
 21
-78.1188
  0
LINE
  8
0
 10
108.69
 20
-78.1188
 11
108.627
 21
-78.1001
  0
LINE
  8
0
 10
108.627
 20
-78.1001
 11
108.569
 21
-78.0743
  0
LINE
  8
0
 10
108.569
 20
-78.0743
 11
108.515
 21
-78.0412
  0
LINE
  8
0
 10
108.515
 20
-78.0412
 11
108.466
 21
-78.0005
  0
LINE
  8
0
 10
108.466
 20
-78.0005
 11
108.421
 21
-77.9522
  0
LINE
  8
0
 10
108.421
 20
-77.9522
 11
108.381
 21
-77.897
  0
LINE
  8
0
 10
108.381
 20
-77.897
 11
108.347
 21
-77.8359
  0
LINE
  8
0
 10
108.347
 20
-77.8359
 11
108.319
 21
-77.7688
  0
LINE
  8
0
 10
108.319
 20
-77.7688
 11
108.297
 21
-77.6958
  0
LINE
  8
0
 10
108.297
 20
-77.6958
 11
108.281
 21
-77.6162
  0
LINE
  8
0
 10
108.281
 20
-77.6162
 11
108.271
 21
-77.5302
  0
LINE
  8
0
 10
108.271
 20
-77.5302
 11
108.268
 21
-77.438
  0
LINE
  8
0
 10
108.268
 20
-77.438
 11
108.271
 21
-77.3467
  0
LINE
  8
0
 10
108.271
 20
-77.3467
 11
108.281
 21
-77.2619
  0
LINE
  8
0
 10
108.281
 20
-77.2619
 11
108.296
 21
-77.1838
  0
LINE
  8
0
 10
108.296
 20
-77.1838
 11
108.318
 21
-77.1121
  0
LINE
  8
0
 10
108.318
 20
-77.1121
 11
108.345
 21
-77.0471
  0
LINE
  8
0
 10
108.345
 20
-77.0471
 11
108.378
 21
-76.9882
  0
LINE
  8
0
 10
108.378
 20
-76.9882
 11
108.417
 21
-76.9355
  0
LINE
  8
0
 10
108.417
 20
-76.9355
 11
108.462
 21
-76.8893
  0
LINE
  8
0
 10
108.462
 20
-76.8893
 11
108.51
 21
-76.8506
  0
LINE
  8
0
 10
108.51
 20
-76.8506
 11
108.564
 21
-76.8188
  0
LINE
  8
0
 10
108.564
 20
-76.8188
 11
108.624
 21
-76.794
  0
LINE
  8
0
 10
108.624
 20
-76.794
 11
108.688
 21
-76.7761
  0
LINE
  8
0
 10
108.688
 20
-76.7761
 11
108.759
 21
-76.7652
  0
LINE
  8
0
 10
108.759
 20
-76.7652
 11
108.836
 21
-76.7615
  0
LINE
  8
0
 10
108.836
 20
-76.7615
 11
108.911
 21
-76.7652
  0
LINE
  8
0
 10
108.911
 20
-76.7652
 11
108.981
 21
-76.7761
  0
LINE
  8
0
 10
108.981
 20
-76.7761
 11
109.045
 21
-76.7942
  0
LINE
  8
0
 10
109.045
 20
-76.7942
 11
109.103
 21
-76.8192
  0
LINE
  8
0
 10
109.103
 20
-76.8192
 11
109.156
 21
-76.8512
  0
LINE
  8
0
 10
109.156
 20
-76.8512
 11
109.205
 21
-76.8902
  0
LINE
  8
0
 10
109.205
 20
-76.8902
 11
109.249
 21
-76.9368
  0
LINE
  8
0
 10
109.249
 20
-76.9368
 11
109.288
 21
-76.99
  0
LINE
  8
0
 10
109.288
 20
-76.99
 11
109.322
 21
-77.0491
  0
LINE
  8
0
 10
109.322
 20
-77.0491
 11
109.349
 21
-77.1142
  0
LINE
  8
0
 10
109.349
 20
-77.1142
 11
109.371
 21
-77.1856
  0
LINE
  8
0
 10
109.371
 20
-77.1856
 11
109.386
 21
-77.2632
  0
LINE
  8
0
 10
109.386
 20
-77.2632
 11
109.396
 21
-77.3475
  0
LINE
  8
0
 10
109.396
 20
-77.3475
 11
109.399
 21
-77.438
  0
LINE
  8
0
 10
109.399
 20
-77.438
 11
109.396
 21
-77.5335
  0
LINE
  8
0
 10
109.396
 20
-77.5335
 11
109.386
 21
-77.6219
  0
LINE
  8
0
 10
109.386
 20
-77.6219
 11
109.371
 21
-77.7029
  0
LINE
  8
0
 10
109.371
 20
-77.7029
 11
109.349
 21
-77.7771
  0
LINE
  8
0
 10
109.349
 20
-77.7771
 11
109.322
 21
-77.8442
  0
LINE
  8
0
 10
109.322
 20
-77.8442
 11
109.289
 21
-77.9043
  0
LINE
  8
0
 10
109.289
 20
-77.9043
 11
109.25
 21
-77.958
  0
LINE
  8
0
 10
109.25
 20
-77.958
 11
109.206
 21
-78.0046
  0
LINE
  8
0
 10
109.206
 20
-78.0046
 11
109.157
 21
-78.0438
  0
LINE
  8
0
 10
109.157
 20
-78.0438
 11
109.103
 21
-78.0759
  0
LINE
  8
0
 10
109.103
 20
-78.0759
 11
109.044
 21
-78.101
  0
LINE
  8
0
 10
109.044
 20
-78.101
 11
108.98
 21
-78.1191
  0
LINE
  8
0
 10
108.98
 20
-78.1191
 11
108.909
 21
-78.1301
  0
LINE
  8
0
 10
108.909
 20
-78.1301
 11
108.833
 21
-78.1338
  0
LINE
  8
0
 10
108.833
 20
-78.1338
 11
108.759
 21
-78.13
  0
LINE
  8
0
 10
115.728
 20
-78.5754
 11
115.821
 21
-78.5659
  0
LINE
  8
0
 10
115.821
 20
-78.5659
 11
115.911
 21
-78.5502
  0
LINE
  8
0
 10
115.911
 20
-78.5502
 11
115.997
 21
-78.5279
  0
LINE
  8
0
 10
115.997
 20
-78.5279
 11
116.079
 21
-78.4993
  0
LINE
  8
0
 10
116.079
 20
-78.4993
 11
116.157
 21
-78.4642
  0
LINE
  8
0
 10
116.157
 20
-78.4642
 11
116.231
 21
-78.4226
  0
LINE
  8
0
 10
116.231
 20
-78.4226
 11
116.301
 21
-78.3742
  0
LINE
  8
0
 10
116.301
 20
-78.3742
 11
116.366
 21
-78.3191
  0
LINE
  8
0
 10
116.366
 20
-78.3191
 11
116.426
 21
-78.2573
  0
LINE
  8
0
 10
116.426
 20
-78.2573
 11
116.481
 21
-78.1891
  0
LINE
  8
0
 10
116.481
 20
-78.1891
 11
116.531
 21
-78.1144
  0
LINE
  8
0
 10
116.531
 20
-78.1144
 11
116.575
 21
-78.0334
  0
LINE
  8
0
 10
116.575
 20
-78.0334
 11
116.635
 21
-77.8993
  0
LINE
  8
0
 10
116.635
 20
-77.8993
 11
116.159
 21
-77.7194
  0
LINE
  8
0
 10
116.159
 20
-77.7194
 11
116.091
 21
-77.8643
  0
LINE
  8
0
 10
116.091
 20
-77.8643
 11
116.037
 21
-77.9473
  0
LINE
  8
0
 10
116.037
 20
-77.9473
 11
115.974
 21
-78.0141
  0
LINE
  8
0
 10
115.974
 20
-78.0141
 11
115.903
 21
-78.0655
  0
LINE
  8
0
 10
115.903
 20
-78.0655
 11
115.822
 21
-78.1024
  0
LINE
  8
0
 10
115.822
 20
-78.1024
 11
115.732
 21
-78.1247
  0
LINE
  8
0
 10
115.732
 20
-78.1247
 11
115.63
 21
-78.1323
  0
LINE
  8
0
 10
115.63
 20
-78.1323
 11
115.553
 21
-78.1287
  0
LINE
  8
0
 10
115.553
 20
-78.1287
 11
115.482
 21
-78.1178
  0
LINE
  8
0
 10
115.482
 20
-78.1178
 11
115.416
 21
-78.0999
  0
LINE
  8
0
 10
115.416
 20
-78.0999
 11
115.357
 21
-78.0752
  0
LINE
  8
0
 10
115.357
 20
-78.0752
 11
115.303
 21
-78.0436
  0
LINE
  8
0
 10
115.303
 20
-78.0436
 11
115.254
 21
-78.0051
  0
LINE
  8
0
 10
115.254
 20
-78.0051
 11
115.211
 21
-77.9594
  0
LINE
  8
0
 10
115.211
 20
-77.9594
 11
115.173
 21
-77.9066
  0
LINE
  8
0
 10
115.173
 20
-77.9066
 11
115.14
 21
-77.8468
  0
LINE
  8
0
 10
115.14
 20
-77.8468
 11
115.113
 21
-77.78
  0
LINE
  8
0
 10
115.113
 20
-77.78
 11
115.091
 21
-77.7056
  0
LINE
  8
0
 10
115.091
 20
-77.7056
 11
115.076
 21
-77.6239
  0
LINE
  8
0
 10
115.076
 20
-77.6239
 11
115.067
 21
-77.5346
  0
LINE
  8
0
 10
115.067
 20
-77.5346
 11
115.064
 21
-77.438
  0
LINE
  8
0
 10
115.064
 20
-77.438
 11
115.067
 21
-77.343
  0
LINE
  8
0
 10
115.067
 20
-77.343
 11
115.076
 21
-77.2555
  0
LINE
  8
0
 10
115.076
 20
-77.2555
 11
115.091
 21
-77.1753
  0
LINE
  8
0
 10
115.091
 20
-77.1753
 11
115.111
 21
-77.1028
  0
LINE
  8
0
 10
115.111
 20
-77.1028
 11
115.138
 21
-77.0376
  0
LINE
  8
0
 10
115.138
 20
-77.0376
 11
115.169
 21
-76.9796
  0
LINE
  8
0
 10
115.169
 20
-76.9796
 11
115.206
 21
-76.9286
  0
LINE
  8
0
 10
115.206
 20
-76.9286
 11
115.249
 21
-76.8845
  0
LINE
  8
0
 10
115.249
 20
-76.8845
 11
115.296
 21
-76.8474
  0
LINE
  8
0
 10
115.296
 20
-76.8474
 11
115.349
 21
-76.8168
  0
LINE
  8
0
 10
115.349
 20
-76.8168
 11
115.407
 21
-76.7929
  0
LINE
  8
0
 10
115.407
 20
-76.7929
 11
115.472
 21
-76.7756
  0
LINE
  8
0
 10
115.472
 20
-76.7756
 11
115.543
 21
-76.765
  0
LINE
  8
0
 10
115.543
 20
-76.765
 11
115.621
 21
-76.7615
  0
LINE
  8
0
 10
115.621
 20
-76.7615
 11
115.672
 21
-76.7632
  0
LINE
  8
0
 10
115.672
 20
-76.7632
 11
115.721
 21
-76.7686
  0
LINE
  8
0
 10
115.721
 20
-76.7686
 11
115.767
 21
-76.7773
  0
LINE
  8
0
 10
115.767
 20
-76.7773
 11
115.812
 21
-76.7895
  0
LINE
  8
0
 10
115.812
 20
-76.7895
 11
115.854
 21
-76.8051
  0
LINE
  8
0
 10
115.854
 20
-76.8051
 11
115.895
 21
-76.8242
  0
LINE
  8
0
 10
115.895
 20
-76.8242
 11
115.933
 21
-76.8468
  0
LINE
  8
0
 10
115.933
 20
-76.8468
 11
115.968
 21
-76.8719
  0
LINE
  8
0
 10
115.968
 20
-76.8719
 11
116
 21
-76.8994
  0
LINE
  8
0
 10
116
 20
-76.8994
 11
116.028
 21
-76.9291
  0
LINE
  8
0
 10
116.028
 20
-76.9291
 11
116.052
 21
-76.9608
  0
LINE
  8
0
 10
116.052
 20
-76.9608
 11
116.074
 21
-76.995
  0
LINE
  8
0
 10
116.074
 20
-76.995
 11
116.091
 21
-77.0316
  0
LINE
  8
0
 10
116.091
 20
-77.0316
 11
116.122
 21
-77.1164
  0
LINE
  8
0
 10
116.122
 20
-77.1164
 11
116.607
 21
-76.9839
  0
LINE
  8
0
 10
116.607
 20
-76.9839
 11
116.558
 21
-76.8511
  0
LINE
  8
0
 10
116.558
 20
-76.8511
 11
116.52
 21
-76.7732
  0
LINE
  8
0
 10
116.52
 20
-76.7732
 11
116.477
 21
-76.701
  0
LINE
  8
0
 10
116.477
 20
-76.701
 11
116.427
 21
-76.6346
  0
LINE
  8
0
 10
116.427
 20
-76.6346
 11
116.371
 21
-76.5741
  0
LINE
  8
0
 10
116.371
 20
-76.5741
 11
116.309
 21
-76.5198
  0
LINE
  8
0
 10
116.309
 20
-76.5198
 11
116.241
 21
-76.4715
  0
LINE
  8
0
 10
116.241
 20
-76.4715
 11
116.168
 21
-76.4297
  0
LINE
  8
0
 10
116.168
 20
-76.4297
 11
116.088
 21
-76.3944
  0
LINE
  8
0
 10
116.088
 20
-76.3944
 11
116.004
 21
-76.3658
  0
LINE
  8
0
 10
116.004
 20
-76.3658
 11
115.914
 21
-76.3436
  0
LINE
  8
0
 10
115.914
 20
-76.3436
 11
115.818
 21
-76.3278
  0
LINE
  8
0
 10
115.818
 20
-76.3278
 11
115.718
 21
-76.3184
  0
LINE
  8
0
 10
115.718
 20
-76.3184
 11
115.611
 21
-76.3153
  0
LINE
  8
0
 10
115.611
 20
-76.3153
 11
115.467
 21
-76.3211
  0
LINE
  8
0
 10
115.467
 20
-76.3211
 11
115.333
 21
-76.3387
  0
LINE
  8
0
 10
115.333
 20
-76.3387
 11
115.207
 21
-76.3683
  0
LINE
  8
0
 10
115.207
 20
-76.3683
 11
115.091
 21
-76.4099
  0
LINE
  8
0
 10
115.091
 20
-76.4099
 11
114.984
 21
-76.4638
  0
LINE
  8
0
 10
114.984
 20
-76.4638
 11
114.888
 21
-76.5298
  0
LINE
  8
0
 10
114.888
 20
-76.5298
 11
114.801
 21
-76.608
  0
LINE
  8
0
 10
114.801
 20
-76.608
 11
114.726
 21
-76.6973
  0
LINE
  8
0
 10
114.726
 20
-76.6973
 11
114.663
 21
-76.7968
  0
LINE
  8
0
 10
114.663
 20
-76.7968
 11
114.611
 21
-76.9061
  0
LINE
  8
0
 10
114.611
 20
-76.9061
 11
114.571
 21
-77.025
  0
LINE
  8
0
 10
114.571
 20
-77.025
 11
114.543
 21
-77.1533
  0
LINE
  8
0
 10
114.543
 20
-77.1533
 11
114.526
 21
-77.2909
  0
LINE
  8
0
 10
114.526
 20
-77.2909
 11
114.52
 21
-77.438
  0
LINE
  8
0
 10
114.52
 20
-77.438
 11
114.526
 21
-77.5849
  0
LINE
  8
0
 10
114.526
 20
-77.5849
 11
114.544
 21
-77.7229
  0
LINE
  8
0
 10
114.544
 20
-77.7229
 11
114.573
 21
-77.8521
  0
LINE
  8
0
 10
114.573
 20
-77.8521
 11
114.614
 21
-77.9722
  0
LINE
  8
0
 10
114.614
 20
-77.9722
 11
114.668
 21
-78.083
  0
LINE
  8
0
 10
114.668
 20
-78.083
 11
114.733
 21
-78.1844
  0
LINE
  8
0
 10
114.733
 20
-78.1844
 11
114.811
 21
-78.2761
  0
LINE
  8
0
 10
114.811
 20
-78.2761
 11
114.9
 21
-78.3568
  0
LINE
  8
0
 10
114.9
 20
-78.3568
 11
114.998
 21
-78.425
  0
LINE
  8
0
 10
114.998
 20
-78.425
 11
115.107
 21
-78.4806
  0
LINE
  8
0
 10
115.107
 20
-78.4806
 11
115.224
 21
-78.5237
  0
LINE
  8
0
 10
115.224
 20
-78.5237
 11
115.351
 21
-78.5543
  0
LINE
  8
0
 10
115.351
 20
-78.5543
 11
115.487
 21
-78.5725
  0
LINE
  8
0
 10
115.487
 20
-78.5725
 11
115.631
 21
-78.5786
  0
LINE
  8
0
 10
115.631
 20
-78.5786
 11
115.728
 21
-78.5754
  0
LINE
  8
0
 10
111.165
 20
-78.1723
 11
111.233
 21
-77.882
  0
LINE
  8
0
 10
111.233
 20
-77.882
 11
111.289
 21
-77.6392
  0
LINE
  8
0
 10
111.289
 20
-77.6392
 11
111.334
 21
-77.4439
  0
LINE
  8
0
 10
111.334
 20
-77.4439
 11
111.369
 21
-77.296
  0
LINE
  8
0
 10
111.369
 20
-77.296
 11
111.392
 21
-77.1954
  0
LINE
  8
0
 10
111.392
 20
-77.1954
 11
111.404
 21
-77.1422
  0
LINE
  8
0
 10
111.404
 20
-77.1422
 11
111.411
 21
-77.1082
  0
LINE
  8
0
 10
111.411
 20
-77.1082
 11
111.424
 21
-77.169
  0
LINE
  8
0
 10
111.424
 20
-77.169
 11
111.438
 21
-77.2322
  0
LINE
  8
0
 10
111.438
 20
-77.2322
 11
111.453
 21
-77.2943
  0
LINE
  8
0
 10
111.453
 20
-77.2943
 11
111.747
 21
-78.5487
  0
LINE
  8
0
 10
111.747
 20
-78.5487
 11
112.347
 21
-78.5487
  0
LINE
  8
0
 10
112.347
 20
-78.5487
 11
112.916
 21
-76.3466
  0
LINE
  8
0
 10
112.916
 20
-76.3466
 11
112.365
 21
-76.3466
  0
LINE
  8
0
 10
112.365
 20
-76.3466
 11
112.103
 21
-77.555
  0
LINE
  8
0
 10
112.103
 20
-77.555
 11
112.041
 21
-77.8233
  0
LINE
  8
0
 10
112.041
 20
-77.8233
 11
112.029
 21
-77.753
  0
LINE
  8
0
 10
112.029
 20
-77.753
 11
112.013
 21
-77.6716
  0
LINE
  8
0
 10
112.013
 20
-77.6716
 11
112
 21
-77.603
  0
LINE
  8
0
 10
112
 20
-77.603
 11
111.988
 21
-77.547
  0
LINE
  8
0
 10
111.988
 20
-77.547
 11
111.978
 21
-77.5041
  0
LINE
  8
0
 10
111.978
 20
-77.5041
 11
111.703
 21
-76.3466
  0
LINE
  8
0
 10
111.703
 20
-76.3466
 11
111.132
 21
-76.3466
  0
LINE
  8
0
 10
111.132
 20
-76.3466
 11
111.054
 21
-76.6812
  0
LINE
  8
0
 10
111.054
 20
-76.6812
 11
110.993
 21
-76.94
  0
LINE
  8
0
 10
110.993
 20
-76.94
 11
110.942
 21
-77.1615
  0
LINE
  8
0
 10
110.942
 20
-77.1615
 11
110.899
 21
-77.3459
  0
LINE
  8
0
 10
110.899
 20
-77.3459
 11
110.866
 21
-77.493
  0
LINE
  8
0
 10
110.866
 20
-77.493
 11
110.841
 21
-77.603
  0
LINE
  8
0
 10
110.841
 20
-77.603
 11
110.825
 21
-77.6759
  0
LINE
  8
0
 10
110.825
 20
-77.6759
 11
110.814
 21
-77.7305
  0
LINE
  8
0
 10
110.814
 20
-77.7305
 11
110.802
 21
-77.7856
  0
LINE
  8
0
 10
110.802
 20
-77.7856
 11
110.792
 21
-77.8351
  0
LINE
  8
0
 10
110.792
 20
-77.8351
 11
110.773
 21
-77.7437
  0
LINE
  8
0
 10
110.773
 20
-77.7437
 11
110.46
 21
-76.3466
  0
LINE
  8
0
 10
110.46
 20
-76.3466
 11
109.909
 21
-76.3466
  0
LINE
  8
0
 10
109.909
 20
-76.3466
 11
110.476
 21
-78.5487
  0
LINE
  8
0
 10
110.476
 20
-78.5487
 11
111.077
 21
-78.5487
  0
LINE
  8
0
 10
111.077
 20
-78.5487
 11
111.165
 21
-78.1723
  0
LINE
  8
0
 10
114.311
 20
-76.3466
 11
113.77
 21
-76.3466
  0
LINE
  8
0
 10
113.77
 20
-76.3466
 11
113.77
 21
-78.5487
  0
LINE
  8
0
 10
113.77
 20
-78.5487
 11
114.311
 21
-78.5487
  0
LINE
  8
0
 10
114.311
 20
-78.5487
 11
114.311
 21
-76.3466
  0
LINE
  8
0
 10
113.482
 20
-76.3466
 11
112.941
 21
-76.3466
  0
LINE
  8
0
 10
112.941
 20
-76.3466
 11
112.941
 21
-78.5487
  0
LINE
  8
0
 10
112.941
 20
-78.5487
 11
113.482
 21
-78.5487
  0
LINE
  8
0
 10
113.482
 20
-78.5487
 11
113.482
 21
-76.3466
  0
LINE
  8
0
 10
14.9128
 20
-79.1415
 11
15.2017
 21
-79.1415
  0
LINE
  8
0
 10
15.2017
 20
-79.1415
 11
15.2017
 21
-78.7838
  0
LINE
  8
0
 10
15.2017
 20
-78.7838
 11
14.9128
 21
-78.7838
  0
LINE
  8
0
 10
14.9128
 20
-78.7838
 11
14.9128
 21
-78.719
  0
LINE
  8
0
 10
14.9128
 20
-78.719
 11
14.9135
 21
-78.6951
  0
LINE
  8
0
 10
14.9135
 20
-78.6951
 11
14.9156
 21
-78.6746
  0
LINE
  8
0
 10
14.9156
 20
-78.6746
 11
14.9188
 21
-78.6574
  0
LINE
  8
0
 10
14.9188
 20
-78.6574
 11
14.923
 21
-78.6431
  0
LINE
  8
0
 10
14.923
 20
-78.6431
 11
14.9277
 21
-78.6322
  0
LINE
  8
0
 10
14.9277
 20
-78.6322
 11
14.9327
 21
-78.6241
  0
LINE
  8
0
 10
14.9327
 20
-78.6241
 11
14.9377
 21
-78.6183
  0
LINE
  8
0
 10
14.9377
 20
-78.6183
 11
14.944
 21
-78.6132
  0
LINE
  8
0
 10
14.944
 20
-78.6132
 11
14.9525
 21
-78.6082
  0
LINE
  8
0
 10
14.9525
 20
-78.6082
 11
14.964
 21
-78.6035
  0
LINE
  8
0
 10
14.964
 20
-78.6035
 11
14.9785
 21
-78.5994
  0
LINE
  8
0
 10
14.9785
 20
-78.5994
 11
14.9964
 21
-78.5963
  0
LINE
  8
0
 10
14.9964
 20
-78.5963
 11
15.0169
 21
-78.5943
  0
LINE
  8
0
 10
15.0169
 20
-78.5943
 11
15.0409
 21
-78.5936
  0
LINE
  8
0
 10
15.0409
 20
-78.5936
 11
15.0547
 21
-78.5938
  0
LINE
  8
0
 10
15.0547
 20
-78.5938
 11
15.0689
 21
-78.5944
  0
LINE
  8
0
 10
15.0689
 20
-78.5944
 11
15.0838
 21
-78.5956
  0
LINE
  8
0
 10
15.0838
 20
-78.5956
 11
15.0975
 21
-78.5971
  0
LINE
  8
0
 10
15.0975
 20
-78.5971
 11
15.1126
 21
-78.5992
  0
LINE
  8
0
 10
15.1126
 20
-78.5992
 11
15.1265
 21
-78.6016
  0
LINE
  8
0
 10
15.1265
 20
-78.6016
 11
15.2017
 21
-78.617
  0
LINE
  8
0
 10
15.2017
 20
-78.617
 11
15.2017
 21
-78.2673
  0
LINE
  8
0
 10
15.2017
 20
-78.2673
 11
15.121
 21
-78.255
  0
LINE
  8
0
 10
15.121
 20
-78.255
 11
15.0833
 21
-78.25
  0
LINE
  8
0
 10
15.0833
 20
-78.25
 11
15.0466
 21
-78.2459
  0
LINE
  8
0
 10
15.0466
 20
-78.2459
 11
15.011
 21
-78.2427
  0
LINE
  8
0
 10
15.011
 20
-78.2427
 11
14.9764
 21
-78.2404
  0
LINE
  8
0
 10
14.9764
 20
-78.2404
 11
14.9429
 21
-78.239
  0
LINE
  8
0
 10
14.9429
 20
-78.239
 11
14.9098
 21
-78.2386
  0
LINE
  8
0
 10
14.9098
 20
-78.2386
 11
14.8474
 21
-78.2406
  0
LINE
  8
0
 10
14.8474
 20
-78.2406
 11
14.7886
 21
-78.2469
  0
LINE
  8
0
 10
14.7886
 20
-78.2469
 11
14.7337
 21
-78.2577
  0
LINE
  8
0
 10
14.7337
 20
-78.2577
 11
14.6827
 21
-78.2729
  0
LINE
  8
0
 10
14.6827
 20
-78.2729
 11
14.6357
 21
-78.293
  0
LINE
  8
0
 10
14.6357
 20
-78.293
 11
14.5931
 21
-78.3179
  0
LINE
  8
0
 10
14.5931
 20
-78.3179
 11
14.5551
 21
-78.3478
  0
LINE
  8
0
 10
14.5551
 20
-78.3478
 11
14.522
 21
-78.3828
  0
LINE
  8
0
 10
14.522
 20
-78.3828
 11
14.4941
 21
-78.4224
  0
LINE
  8
0
 10
14.4941
 20
-78.4224
 11
14.4716
 21
-78.4665
  0
LINE
  8
0
 10
14.4716
 20
-78.4665
 11
14.4545
 21
-78.5145
  0
LINE
  8
0
 10
14.4545
 20
-78.5145
 11
14.4424
 21
-78.5662
  0
LINE
  8
0
 10
14.4424
 20
-78.5662
 11
14.4354
 21
-78.6215
  0
LINE
  8
0
 10
14.4354
 20
-78.6215
 11
14.4331
 21
-78.6795
  0
LINE
  8
0
 10
14.4331
 20
-78.6795
 11
14.4331
 21
-78.7838
  0
LINE
  8
0
 10
14.4331
 20
-78.7838
 11
14.2188
 21
-78.7838
  0
LINE
  8
0
 10
14.2188
 20
-78.7838
 11
14.2188
 21
-79.1415
  0
LINE
  8
0
 10
14.2188
 20
-79.1415
 11
14.4331
 21
-79.1415
  0
LINE
  8
0
 10
14.4331
 20
-79.1415
 11
14.4331
 21
-80.3512
  0
LINE
  8
0
 10
14.4331
 20
-80.3512
 11
14.9128
 21
-80.3512
  0
LINE
  8
0
 10
14.9128
 20
-80.3512
 11
14.9128
 21
-79.1415
  0
LINE
  8
0
 10
40.607
 20
-80.7608
 11
40.5536
 21
-80.6728
  0
LINE
  8
0
 10
40.5536
 20
-80.6728
 11
40.5053
 21
-80.5857
  0
LINE
  8
0
 10
40.5053
 20
-80.5857
 11
40.4615
 21
-80.4986
  0
LINE
  8
0
 10
40.4615
 20
-80.4986
 11
40.4228
 21
-80.4127
  0
LINE
  8
0
 10
40.4228
 20
-80.4127
 11
40.3887
 21
-80.3268
  0
LINE
  8
0
 10
40.3887
 20
-80.3268
 11
40.3596
 21
-80.2422
  0
LINE
  8
0
 10
40.3596
 20
-80.2422
 11
40.3347
 21
-80.156
  0
LINE
  8
0
 10
40.3347
 20
-80.156
 11
40.3137
 21
-80.0675
  0
LINE
  8
0
 10
40.3137
 20
-80.0675
 11
40.2964
 21
-79.976
  0
LINE
  8
0
 10
40.2964
 20
-79.976
 11
40.283
 21
-79.8817
  0
LINE
  8
0
 10
40.283
 20
-79.8817
 11
40.2733
 21
-79.7845
  0
LINE
  8
0
 10
40.2733
 20
-79.7845
 11
40.2676
 21
-79.685
  0
LINE
  8
0
 10
40.2676
 20
-79.685
 11
40.2657
 21
-79.5824
  0
LINE
  8
0
 10
40.2657
 20
-79.5824
 11
40.2676
 21
-79.4795
  0
LINE
  8
0
 10
40.2676
 20
-79.4795
 11
40.2734
 21
-79.3798
  0
LINE
  8
0
 10
40.2734
 20
-79.3798
 11
40.2831
 21
-79.2819
  0
LINE
  8
0
 10
40.2831
 20
-79.2819
 11
40.2966
 21
-79.1872
  0
LINE
  8
0
 10
40.2966
 20
-79.1872
 11
40.3141
 21
-79.0951
  0
LINE
  8
0
 10
40.3141
 20
-79.0951
 11
40.3353
 21
-79.006
  0
LINE
  8
0
 10
40.3353
 20
-79.006
 11
40.3603
 21
-78.9194
  0
LINE
  8
0
 10
40.3603
 20
-78.9194
 11
40.3896
 21
-78.8341
  0
LINE
  8
0
 10
40.3896
 20
-78.8341
 11
40.4237
 21
-78.7484
  0
LINE
  8
0
 10
40.4237
 20
-78.7484
 11
40.4624
 21
-78.6627
  0
LINE
  8
0
 10
40.4624
 20
-78.6627
 11
40.5059
 21
-78.5766
  0
LINE
  8
0
 10
40.5059
 20
-78.5766
 11
40.5541
 21
-78.4904
  0
LINE
  8
0
 10
40.5541
 20
-78.4904
 11
40.6072
 21
-78.4038
  0
LINE
  8
0
 10
40.6072
 20
-78.4038
 11
40.7173
 21
-78.2386
  0
LINE
  8
0
 10
40.7173
 20
-78.2386
 11
40.2161
 21
-78.2386
  0
LINE
  8
0
 10
40.2161
 20
-78.2386
 11
40.1423
 21
-78.3487
  0
LINE
  8
0
 10
40.1423
 20
-78.3487
 11
40.0876
 21
-78.4376
  0
LINE
  8
0
 10
40.0876
 20
-78.4376
 11
40.0378
 21
-78.5265
  0
LINE
  8
0
 10
40.0378
 20
-78.5265
 11
39.9928
 21
-78.6156
  0
LINE
  8
0
 10
39.9928
 20
-78.6156
 11
39.9527
 21
-78.7047
  0
LINE
  8
0
 10
39.9527
 20
-78.7047
 11
39.9175
 21
-78.794
  0
LINE
  8
0
 10
39.9175
 20
-78.794
 11
39.8872
 21
-78.8833
  0
LINE
  8
0
 10
39.8872
 20
-78.8833
 11
39.8613
 21
-78.9742
  0
LINE
  8
0
 10
39.8613
 20
-78.9742
 11
39.8394
 21
-79.068
  0
LINE
  8
0
 10
39.8394
 20
-79.068
 11
39.8216
 21
-79.1648
  0
LINE
  8
0
 10
39.8216
 20
-79.1648
 11
39.8077
 21
-79.2645
  0
LINE
  8
0
 10
39.8077
 20
-79.2645
 11
39.7979
 21
-79.3671
  0
LINE
  8
0
 10
39.7979
 20
-79.3671
 11
39.7919
 21
-79.4726
  0
LINE
  8
0
 10
39.7919
 20
-79.4726
 11
39.79
 21
-79.5811
  0
LINE
  8
0
 10
39.79
 20
-79.5811
 11
39.7919
 21
-79.6899
  0
LINE
  8
0
 10
39.7919
 20
-79.6899
 11
39.7979
 21
-79.7958
  0
LINE
  8
0
 10
39.7979
 20
-79.7958
 11
39.8077
 21
-79.8987
  0
LINE
  8
0
 10
39.8077
 20
-79.8987
 11
39.8216
 21
-79.9987
  0
LINE
  8
0
 10
39.8216
 20
-79.9987
 11
39.8394
 21
-80.0957
  0
LINE
  8
0
 10
39.8394
 20
-80.0957
 11
39.8613
 21
-80.1898
  0
LINE
  8
0
 10
39.8613
 20
-80.1898
 11
39.8871
 21
-80.2808
  0
LINE
  8
0
 10
39.8871
 20
-80.2808
 11
39.9175
 21
-80.3704
  0
LINE
  8
0
 10
39.9175
 20
-80.3704
 11
39.9527
 21
-80.4599
  0
LINE
  8
0
 10
39.9527
 20
-80.4599
 11
39.9928
 21
-80.5493
  0
LINE
  8
0
 10
39.9928
 20
-80.5493
 11
40.0378
 21
-80.6386
  0
LINE
  8
0
 10
40.0378
 20
-80.6386
 11
40.0876
 21
-80.7279
  0
LINE
  8
0
 10
40.0876
 20
-80.7279
 11
40.1422
 21
-80.817
  0
LINE
  8
0
 10
40.1422
 20
-80.817
 11
40.216
 21
-80.9276
  0
LINE
  8
0
 10
40.216
 20
-80.9276
 11
40.7166
 21
-80.9276
  0
LINE
  8
0
 10
40.7166
 20
-80.9276
 11
40.607
 21
-80.7608
  0
LINE
  8
0
 10
17.4067
 20
-79.7767
 11
17.5051
 21
-79.7085
  0
LINE
  8
0
 10
17.5051
 20
-79.7085
 11
17.8842
 21
-80.3512
  0
LINE
  8
0
 10
17.8842
 20
-80.3512
 11
18.419
 21
-80.3512
  0
LINE
  8
0
 10
18.419
 20
-80.3512
 11
17.8367
 21
-79.4117
  0
LINE
  8
0
 10
17.8367
 20
-79.4117
 11
18.4021
 21
-78.7838
  0
LINE
  8
0
 10
18.4021
 20
-78.7838
 11
17.8573
 21
-78.7838
  0
LINE
  8
0
 10
17.8573
 20
-78.7838
 11
17.4067
 21
-79.3068
  0
LINE
  8
0
 10
17.4067
 20
-79.3068
 11
17.4067
 21
-78.2386
  0
LINE
  8
0
 10
17.4067
 20
-78.2386
 11
16.9256
 21
-78.2386
  0
LINE
  8
0
 10
16.9256
 20
-78.2386
 11
16.9256
 21
-80.3512
  0
LINE
  8
0
 10
16.9256
 20
-80.3512
 11
17.4067
 21
-80.3512
  0
LINE
  8
0
 10
17.4067
 20
-80.3512
 11
17.4067
 21
-79.7767
  0
LINE
  8
0
 10
45.1588
 20
-80.8163
 11
45.2137
 21
-80.7265
  0
LINE
  8
0
 10
45.2137
 20
-80.7265
 11
45.2636
 21
-80.6367
  0
LINE
  8
0
 10
45.2636
 20
-80.6367
 11
45.3087
 21
-80.547
  0
LINE
  8
0
 10
45.3087
 20
-80.547
 11
45.3488
 21
-80.4573
  0
LINE
  8
0
 10
45.3488
 20
-80.4573
 11
45.384
 21
-80.3676
  0
LINE
  8
0
 10
45.384
 20
-80.3676
 11
45.4142
 21
-80.278
  0
LINE
  8
0
 10
45.4142
 20
-80.278
 11
45.4398
 21
-80.187
  0
LINE
  8
0
 10
45.4398
 20
-80.187
 11
45.4615
 21
-80.0932
  0
LINE
  8
0
 10
45.4615
 20
-80.0932
 11
45.4792
 21
-79.9964
  0
LINE
  8
0
 10
45.4792
 20
-79.9964
 11
45.493
 21
-79.8969
  0
LINE
  8
0
 10
45.493
 20
-79.8969
 11
45.5028
 21
-79.7944
  0
LINE
  8
0
 10
45.5028
 20
-79.7944
 11
45.5087
 21
-79.6892
  0
LINE
  8
0
 10
45.5087
 20
-79.6892
 11
45.5106
 21
-79.5811
  0
LINE
  8
0
 10
45.5106
 20
-79.5811
 11
45.5087
 21
-79.4737
  0
LINE
  8
0
 10
45.5087
 20
-79.4737
 11
45.5028
 21
-79.369
  0
LINE
  8
0
 10
45.5028
 20
-79.369
 11
45.493
 21
-79.2671
  0
LINE
  8
0
 10
45.493
 20
-79.2671
 11
45.4792
 21
-79.1679
  0
LINE
  8
0
 10
45.4792
 20
-79.1679
 11
45.4615
 21
-79.0715
  0
LINE
  8
0
 10
45.4615
 20
-79.0715
 11
45.4398
 21
-78.9778
  0
LINE
  8
0
 10
45.4398
 20
-78.9778
 11
45.4141
 21
-78.8868
  0
LINE
  8
0
 10
45.4141
 20
-78.8868
 11
45.384
 21
-78.7972
  0
LINE
  8
0
 10
45.384
 20
-78.7972
 11
45.3488
 21
-78.7076
  0
LINE
  8
0
 10
45.3488
 20
-78.7076
 11
45.3087
 21
-78.6181
  0
LINE
  8
0
 10
45.3087
 20
-78.6181
 11
45.2636
 21
-78.5285
  0
LINE
  8
0
 10
45.2636
 20
-78.5285
 11
45.2136
 21
-78.439
  0
LINE
  8
0
 10
45.2136
 20
-78.439
 11
45.1587
 21
-78.3495
  0
LINE
  8
0
 10
45.1587
 20
-78.3495
 11
45.0845
 21
-78.2386
  0
LINE
  8
0
 10
45.0845
 20
-78.2386
 11
44.5832
 21
-78.2386
  0
LINE
  8
0
 10
44.5832
 20
-78.2386
 11
44.6511
 21
-78.3403
  0
LINE
  8
0
 10
44.6511
 20
-78.3403
 11
42.9982
 21
-78.3403
  0
LINE
  8
0
 10
42.9982
 20
-78.3403
 11
42.9982
 21
-78.7495
  0
LINE
  8
0
 10
42.9982
 20
-78.7495
 11
43.6153
 21
-78.7495
  0
LINE
  8
0
 10
43.6153
 20
-78.7495
 11
43.6153
 21
-80.3512
  0
LINE
  8
0
 10
43.6153
 20
-80.3512
 11
44.1154
 21
-80.3512
  0
LINE
  8
0
 10
44.1154
 20
-80.3512
 11
44.1154
 21
-78.7495
  0
LINE
  8
0
 10
44.1154
 20
-78.7495
 11
44.7338
 21
-78.7495
  0
LINE
  8
0
 10
44.7338
 20
-78.7495
 11
44.7338
 21
-78.4695
  0
LINE
  8
0
 10
44.7338
 20
-78.4695
 11
44.7459
 21
-78.4892
  0
LINE
  8
0
 10
44.7459
 20
-78.4892
 11
44.7938
 21
-78.5748
  0
LINE
  8
0
 10
44.7938
 20
-78.5748
 11
44.8373
 21
-78.6608
  0
LINE
  8
0
 10
44.8373
 20
-78.6608
 11
44.8761
 21
-78.7464
  0
LINE
  8
0
 10
44.8761
 20
-78.7464
 11
44.9101
 21
-78.8319
  0
LINE
  8
0
 10
44.9101
 20
-78.8319
 11
44.9397
 21
-78.9176
  0
LINE
  8
0
 10
44.9397
 20
-78.9176
 11
44.9648
 21
-79.0041
  0
LINE
  8
0
 10
44.9648
 20
-79.0041
 11
44.9863
 21
-79.0939
  0
LINE
  8
0
 10
44.9863
 20
-79.0939
 11
45.0037
 21
-79.1856
  0
LINE
  8
0
 10
45.0037
 20
-79.1856
 11
45.0173
 21
-79.2809
  0
LINE
  8
0
 10
45.0173
 20
-79.2809
 11
45.0271
 21
-79.3788
  0
LINE
  8
0
 10
45.0271
 20
-79.3788
 11
45.033
 21
-79.4792
  0
LINE
  8
0
 10
45.033
 20
-79.4792
 11
45.0349
 21
-79.5824
  0
LINE
  8
0
 10
45.0349
 20
-79.5824
 11
45.033
 21
-79.6854
  0
LINE
  8
0
 10
45.033
 20
-79.6854
 11
45.0273
 21
-79.7851
  0
LINE
  8
0
 10
45.0273
 20
-79.7851
 11
45.0177
 21
-79.8825
  0
LINE
  8
0
 10
45.0177
 20
-79.8825
 11
45.0044
 21
-79.9764
  0
LINE
  8
0
 10
45.0044
 20
-79.9764
 11
44.9872
 21
-80.0681
  0
LINE
  8
0
 10
44.9872
 20
-80.0681
 11
44.9663
 21
-80.1564
  0
LINE
  8
0
 10
44.9663
 20
-80.1564
 11
44.9416
 21
-80.2421
  0
LINE
  8
0
 10
44.9416
 20
-80.2421
 11
44.9125
 21
-80.3271
  0
LINE
  8
0
 10
44.9125
 20
-80.3271
 11
44.8787
 21
-80.412
  0
LINE
  8
0
 10
44.8787
 20
-80.412
 11
44.84
 21
-80.4979
  0
LINE
  8
0
 10
44.84
 20
-80.4979
 11
44.7962
 21
-80.5848
  0
LINE
  8
0
 10
44.7962
 20
-80.5848
 11
44.7475
 21
-80.6725
  0
LINE
  8
0
 10
44.7475
 20
-80.6725
 11
44.694
 21
-80.7604
  0
LINE
  8
0
 10
44.694
 20
-80.7604
 11
44.5839
 21
-80.9276
  0
LINE
  8
0
 10
44.5839
 20
-80.9276
 11
45.0846
 21
-80.9276
  0
LINE
  8
0
 10
45.0846
 20
-80.9276
 11
45.1588
 21
-80.8163
  0
LINE
  8
0
 10
16.7837
 20
-80.7609
 11
16.7303
 21
-80.6728
  0
LINE
  8
0
 10
16.7303
 20
-80.6728
 11
16.682
 21
-80.5857
  0
LINE
  8
0
 10
16.682
 20
-80.5857
 11
16.6382
 21
-80.4986
  0
LINE
  8
0
 10
16.6382
 20
-80.4986
 11
16.5995
 21
-80.4127
  0
LINE
  8
0
 10
16.5995
 20
-80.4127
 11
16.5654
 21
-80.3268
  0
LINE
  8
0
 10
16.5654
 20
-80.3268
 11
16.5363
 21
-80.2422
  0
LINE
  8
0
 10
16.5363
 20
-80.2422
 11
16.5114
 21
-80.156
  0
LINE
  8
0
 10
16.5114
 20
-80.156
 11
16.4904
 21
-80.0674
  0
LINE
  8
0
 10
16.4904
 20
-80.0674
 11
16.4731
 21
-79.976
  0
LINE
  8
0
 10
16.4731
 20
-79.976
 11
16.4597
 21
-79.8817
  0
LINE
  8
0
 10
16.4597
 20
-79.8817
 11
16.45
 21
-79.7845
  0
LINE
  8
0
 10
16.45
 20
-79.7845
 11
16.4443
 21
-79.685
  0
LINE
  8
0
 10
16.4443
 20
-79.685
 11
16.4424
 21
-79.5824
  0
LINE
  8
0
 10
16.4424
 20
-79.5824
 11
16.4443
 21
-79.4795
  0
LINE
  8
0
 10
16.4443
 20
-79.4795
 11
16.4501
 21
-79.3798
  0
LINE
  8
0
 10
16.4501
 20
-79.3798
 11
16.4598
 21
-79.2819
  0
LINE
  8
0
 10
16.4598
 20
-79.2819
 11
16.4733
 21
-79.1872
  0
LINE
  8
0
 10
16.4733
 20
-79.1872
 11
16.4908
 21
-79.0951
  0
LINE
  8
0
 10
16.4908
 20
-79.0951
 11
16.5119
 21
-79.006
  0
LINE
  8
0
 10
16.5119
 20
-79.006
 11
16.5371
 21
-78.9192
  0
LINE
  8
0
 10
16.5371
 20
-78.9192
 11
16.5663
 21
-78.8342
  0
LINE
  8
0
 10
16.5663
 20
-78.8342
 11
16.6004
 21
-78.7484
  0
LINE
  8
0
 10
16.6004
 20
-78.7484
 11
16.6391
 21
-78.6627
  0
LINE
  8
0
 10
16.6391
 20
-78.6627
 11
16.6826
 21
-78.5766
  0
LINE
  8
0
 10
16.6826
 20
-78.5766
 11
16.7308
 21
-78.4904
  0
LINE
  8
0
 10
16.7308
 20
-78.4904
 11
16.7839
 21
-78.4038
  0
LINE
  8
0
 10
16.7839
 20
-78.4038
 11
16.894
 21
-78.2386
  0
LINE
  8
0
 10
16.894
 20
-78.2386
 11
16.3928
 21
-78.2386
  0
LINE
  8
0
 10
16.3928
 20
-78.2386
 11
16.319
 21
-78.3487
  0
LINE
  8
0
 10
16.319
 20
-78.3487
 11
16.2643
 21
-78.4376
  0
LINE
  8
0
 10
16.2643
 20
-78.4376
 11
16.2145
 21
-78.5265
  0
LINE
  8
0
 10
16.2145
 20
-78.5265
 11
16.1695
 21
-78.6156
  0
LINE
  8
0
 10
16.1695
 20
-78.6156
 11
16.1294
 21
-78.7047
  0
LINE
  8
0
 10
16.1294
 20
-78.7047
 11
16.0942
 21
-78.794
  0
LINE
  8
0
 10
16.0942
 20
-78.794
 11
16.0639
 21
-78.8833
  0
LINE
  8
0
 10
16.0639
 20
-78.8833
 11
16.038
 21
-78.9742
  0
LINE
  8
0
 10
16.038
 20
-78.9742
 11
16.0161
 21
-79.068
  0
LINE
  8
0
 10
16.0161
 20
-79.068
 11
15.9983
 21
-79.1648
  0
LINE
  8
0
 10
15.9983
 20
-79.1648
 11
15.9844
 21
-79.2645
  0
LINE
  8
0
 10
15.9844
 20
-79.2645
 11
15.9746
 21
-79.3671
  0
LINE
  8
0
 10
15.9746
 20
-79.3671
 11
15.9686
 21
-79.4726
  0
LINE
  8
0
 10
15.9686
 20
-79.4726
 11
15.9667
 21
-79.5811
  0
LINE
  8
0
 10
15.9667
 20
-79.5811
 11
15.9686
 21
-79.6899
  0
LINE
  8
0
 10
15.9686
 20
-79.6899
 11
15.9746
 21
-79.7958
  0
LINE
  8
0
 10
15.9746
 20
-79.7958
 11
15.9844
 21
-79.8987
  0
LINE
  8
0
 10
15.9844
 20
-79.8987
 11
15.9983
 21
-79.9987
  0
LINE
  8
0
 10
15.9983
 20
-79.9987
 11
16.0161
 21
-80.0957
  0
LINE
  8
0
 10
16.0161
 20
-80.0957
 11
16.038
 21
-80.1898
  0
LINE
  8
0
 10
16.038
 20
-80.1898
 11
16.0639
 21
-80.2808
  0
LINE
  8
0
 10
16.0639
 20
-80.2808
 11
16.0942
 21
-80.3704
  0
LINE
  8
0
 10
16.0942
 20
-80.3704
 11
16.1294
 21
-80.4599
  0
LINE
  8
0
 10
16.1294
 20
-80.4599
 11
16.1695
 21
-80.5493
  0
LINE
  8
0
 10
16.1695
 20
-80.5493
 11
16.2144
 21
-80.6386
  0
LINE
  8
0
 10
16.2144
 20
-80.6386
 11
16.2643
 21
-80.7279
  0
LINE
  8
0
 10
16.2643
 20
-80.7279
 11
16.3189
 21
-80.817
  0
LINE
  8
0
 10
16.3189
 20
-80.817
 11
16.3927
 21
-80.9276
  0
LINE
  8
0
 10
16.3927
 20
-80.9276
 11
16.8933
 21
-80.9276
  0
LINE
  8
0
 10
16.8933
 20
-80.9276
 11
16.7837
 21
-80.7609
  0
LINE
  8
0
 10
22.0904
 20
-80.8163
 11
22.1453
 21
-80.7265
  0
LINE
  8
0
 10
22.1453
 20
-80.7265
 11
22.1953
 21
-80.6367
  0
LINE
  8
0
 10
22.1953
 20
-80.6367
 11
22.2404
 21
-80.547
  0
LINE
  8
0
 10
22.2404
 20
-80.547
 11
22.2805
 21
-80.4573
  0
LINE
  8
0
 10
22.2805
 20
-80.4573
 11
22.3157
 21
-80.3676
  0
LINE
  8
0
 10
22.3157
 20
-80.3676
 11
22.3458
 21
-80.278
  0
LINE
  8
0
 10
22.3458
 20
-80.278
 11
22.3715
 21
-80.187
  0
LINE
  8
0
 10
22.3715
 20
-80.187
 11
22.3932
 21
-80.0931
  0
LINE
  8
0
 10
22.3932
 20
-80.0931
 11
22.4109
 21
-79.9964
  0
LINE
  8
0
 10
22.4109
 20
-79.9964
 11
22.4247
 21
-79.8969
  0
LINE
  8
0
 10
22.4247
 20
-79.8969
 11
22.4345
 21
-79.7944
  0
LINE
  8
0
 10
22.4345
 20
-79.7944
 11
22.4403
 21
-79.6892
  0
LINE
  8
0
 10
22.4403
 20
-79.6892
 11
22.4423
 21
-79.5811
  0
LINE
  8
0
 10
22.4423
 20
-79.5811
 11
22.4403
 21
-79.4737
  0
LINE
  8
0
 10
22.4403
 20
-79.4737
 11
22.4345
 21
-79.369
  0
LINE
  8
0
 10
22.4345
 20
-79.369
 11
22.4247
 21
-79.2671
  0
LINE
  8
0
 10
22.4247
 20
-79.2671
 11
22.4109
 21
-79.1679
  0
LINE
  8
0
 10
22.4109
 20
-79.1679
 11
22.3932
 21
-79.0715
  0
LINE
  8
0
 10
22.3932
 20
-79.0715
 11
22.3715
 21
-78.9778
  0
LINE
  8
0
 10
22.3715
 20
-78.9778
 11
22.3458
 21
-78.8868
  0
LINE
  8
0
 10
22.3458
 20
-78.8868
 11
22.3157
 21
-78.7972
  0
LINE
  8
0
 10
22.3157
 20
-78.7972
 11
22.2805
 21
-78.7076
  0
LINE
  8
0
 10
22.2805
 20
-78.7076
 11
22.2404
 21
-78.6181
  0
LINE
  8
0
 10
22.2404
 20
-78.6181
 11
22.1953
 21
-78.5285
  0
LINE
  8
0
 10
22.1953
 20
-78.5285
 11
22.1453
 21
-78.439
  0
LINE
  8
0
 10
22.1453
 20
-78.439
 11
22.0904
 21
-78.3495
  0
LINE
  8
0
 10
22.0904
 20
-78.3495
 11
22.0162
 21
-78.2386
  0
LINE
  8
0
 10
22.0162
 20
-78.2386
 11
21.5149
 21
-78.2386
  0
LINE
  8
0
 10
21.5149
 20
-78.2386
 11
21.6247
 21
-78.403
  0
LINE
  8
0
 10
21.6247
 20
-78.403
 11
21.6776
 21
-78.4892
  0
LINE
  8
0
 10
21.6776
 20
-78.4892
 11
21.7256
 21
-78.5749
  0
LINE
  8
0
 10
21.7256
 20
-78.5749
 11
21.7689
 21
-78.6606
  0
LINE
  8
0
 10
21.7689
 20
-78.6606
 11
21.8077
 21
-78.7464
  0
LINE
  8
0
 10
21.8077
 20
-78.7464
 11
21.8418
 21
-78.8319
  0
LINE
  8
0
 10
21.8418
 20
-78.8319
 11
21.8714
 21
-78.9176
  0
LINE
  8
0
 10
21.8714
 20
-78.9176
 11
21.8965
 21
-79.0041
  0
LINE
  8
0
 10
21.8965
 20
-79.0041
 11
21.9179
 21
-79.0939
  0
LINE
  8
0
 10
21.9179
 20
-79.0939
 11
21.9353
 21
-79.1856
  0
LINE
  8
0
 10
21.9353
 20
-79.1856
 11
21.949
 21
-79.2809
  0
LINE
  8
0
 10
21.949
 20
-79.2809
 11
21.9588
 21
-79.3788
  0
LINE
  8
0
 10
21.9588
 20
-79.3788
 11
21.9646
 21
-79.4792
  0
LINE
  8
0
 10
21.9646
 20
-79.4792
 11
21.9666
 21
-79.5824
  0
LINE
  8
0
 10
21.9666
 20
-79.5824
 11
21.9647
 21
-79.6854
  0
LINE
  8
0
 10
21.9647
 20
-79.6854
 11
21.959
 21
-79.7852
  0
LINE
  8
0
 10
21.959
 20
-79.7852
 11
21.9494
 21
-79.8825
  0
LINE
  8
0
 10
21.9494
 20
-79.8825
 11
21.9361
 21
-79.9764
  0
LINE
  8
0
 10
21.9361
 20
-79.9764
 11
21.9189
 21
-80.0681
  0
LINE
  8
0
 10
21.9189
 20
-80.0681
 11
21.898
 21
-80.1563
  0
LINE
  8
0
 10
21.898
 20
-80.1563
 11
21.8732
 21
-80.2422
  0
LINE
  8
0
 10
21.8732
 20
-80.2422
 11
21.8443
 21
-80.3268
  0
LINE
  8
0
 10
21.8443
 20
-80.3268
 11
21.8104
 21
-80.412
  0
LINE
  8
0
 10
21.8104
 20
-80.412
 11
21.7716
 21
-80.4982
  0
LINE
  8
0
 10
21.7716
 20
-80.4982
 11
21.728
 21
-80.5847
  0
LINE
  8
0
 10
21.728
 20
-80.5847
 11
21.6793
 21
-80.6723
  0
LINE
  8
0
 10
21.6793
 20
-80.6723
 11
21.6257
 21
-80.7604
  0
LINE
  8
0
 10
21.6257
 20
-80.7604
 11
21.5156
 21
-80.9276
  0
LINE
  8
0
 10
21.5156
 20
-80.9276
 11
22.0163
 21
-80.9276
  0
LINE
  8
0
 10
22.0163
 20
-80.9276
 11
22.0904
 21
-80.8163
  0
LINE
  8
0
 10
38.303
 20
-80.373
 11
38.3941
 21
-80.3566
  0
LINE
  8
0
 10
38.3941
 20
-80.3566
 11
38.4789
 21
-80.3289
  0
LINE
  8
0
 10
38.4789
 20
-80.3289
 11
38.5569
 21
-80.2899
  0
LINE
  8
0
 10
38.5569
 20
-80.2899
 11
38.6276
 21
-80.2396
  0
LINE
  8
0
 10
38.6276
 20
-80.2396
 11
38.6906
 21
-80.1784
  0
LINE
  8
0
 10
38.6906
 20
-80.1784
 11
38.7457
 21
-80.1067
  0
LINE
  8
0
 10
38.7457
 20
-80.1067
 11
38.7928
 21
-80.0253
  0
LINE
  8
0
 10
38.7928
 20
-80.0253
 11
38.8322
 21
-79.9347
  0
LINE
  8
0
 10
38.8322
 20
-79.9347
 11
38.8642
 21
-79.835
  0
LINE
  8
0
 10
38.8642
 20
-79.835
 11
38.8888
 21
-79.7262
  0
LINE
  8
0
 10
38.8888
 20
-79.7262
 11
38.9063
 21
-79.6083
  0
LINE
  8
0
 10
38.9063
 20
-79.6083
 11
38.9167
 21
-79.4813
  0
LINE
  8
0
 10
38.9167
 20
-79.4813
 11
38.9202
 21
-79.3451
  0
LINE
  8
0
 10
38.9202
 20
-79.3451
 11
38.9169
 21
-79.207
  0
LINE
  8
0
 10
38.9169
 20
-79.207
 11
38.907
 21
-79.0786
  0
LINE
  8
0
 10
38.907
 20
-79.0786
 11
38.8905
 21
-78.9598
  0
LINE
  8
0
 10
38.8905
 20
-78.9598
 11
38.8672
 21
-78.8506
  0
LINE
  8
0
 10
38.8672
 20
-78.8506
 11
38.837
 21
-78.7509
  0
LINE
  8
0
 10
38.837
 20
-78.7509
 11
38.7997
 21
-78.6607
  0
LINE
  8
0
 10
38.7997
 20
-78.6607
 11
38.7549
 21
-78.5801
  0
LINE
  8
0
 10
38.7549
 20
-78.5801
 11
38.7019
 21
-78.5092
  0
LINE
  8
0
 10
38.7019
 20
-78.5092
 11
38.6403
 21
-78.4486
  0
LINE
  8
0
 10
38.6403
 20
-78.4486
 11
38.5703
 21
-78.3989
  0
LINE
  8
0
 10
38.5703
 20
-78.3989
 11
38.4925
 21
-78.3604
  0
LINE
  8
0
 10
38.4925
 20
-78.3604
 11
38.4073
 21
-78.3332
  0
LINE
  8
0
 10
38.4073
 20
-78.3332
 11
38.3153
 21
-78.3171
  0
LINE
  8
0
 10
38.3153
 20
-78.3171
 11
38.217
 21
-78.3118
  0
LINE
  8
0
 10
38.217
 20
-78.3118
 11
38.1476
 21
-78.314
  0
LINE
  8
0
 10
38.1476
 20
-78.314
 11
38.0821
 21
-78.3207
  0
LINE
  8
0
 10
38.0821
 20
-78.3207
 11
38.0201
 21
-78.3319
  0
LINE
  8
0
 10
38.0201
 20
-78.3319
 11
37.9615
 21
-78.3478
  0
LINE
  8
0
 10
37.9615
 20
-78.3478
 11
37.9064
 21
-78.3685
  0
LINE
  8
0
 10
37.9064
 20
-78.3685
 11
37.855
 21
-78.3939
  0
LINE
  8
0
 10
37.855
 20
-78.3939
 11
37.8075
 21
-78.4242
  0
LINE
  8
0
 10
37.8075
 20
-78.4242
 11
37.7637
 21
-78.4593
  0
LINE
  8
0
 10
37.7637
 20
-78.4593
 11
37.7234
 21
-78.4994
  0
LINE
  8
0
 10
37.7234
 20
-78.4994
 11
37.6865
 21
-78.5443
  0
LINE
  8
0
 10
37.6865
 20
-78.5443
 11
37.6532
 21
-78.5938
  0
LINE
  8
0
 10
37.6532
 20
-78.5938
 11
37.6233
 21
-78.6478
  0
LINE
  8
0
 10
37.6233
 20
-78.6478
 11
37.5968
 21
-78.7063
  0
LINE
  8
0
 10
37.5968
 20
-78.7063
 11
37.5736
 21
-78.7692
  0
LINE
  8
0
 10
37.5736
 20
-78.7692
 11
37.5536
 21
-78.8368
  0
LINE
  8
0
 10
37.5536
 20
-78.8368
 11
37.5368
 21
-78.9093
  0
LINE
  8
0
 10
37.5368
 20
-78.9093
 11
37.5232
 21
-78.9866
  0
LINE
  8
0
 10
37.5232
 20
-78.9866
 11
37.5126
 21
-79.0688
  0
LINE
  8
0
 10
37.5126
 20
-79.0688
 11
37.5051
 21
-79.1559
  0
LINE
  8
0
 10
37.5051
 20
-79.1559
 11
37.5006
 21
-79.248
  0
LINE
  8
0
 10
37.5006
 20
-79.248
 11
37.4991
 21
-79.346
  0
LINE
  8
0
 10
37.4991
 20
-79.346
 11
37.5128
 21
-79.6117
  0
LINE
  8
0
 10
37.5128
 20
-79.6117
 11
37.5544
 21
-79.84
  0
LINE
  8
0
 10
37.5544
 20
-79.84
 11
37.6249
 21
-80.0302
  0
LINE
  8
0
 10
37.6249
 20
-80.0302
 11
37.726
 21
-80.1815
  0
LINE
  8
0
 10
37.726
 20
-80.1815
 11
37.858
 21
-80.2915
  0
LINE
  8
0
 10
37.858
 20
-80.2915
 11
38.0189
 21
-80.3572
  0
LINE
  8
0
 10
38.0189
 20
-80.3572
 11
38.2041
 21
-80.3785
  0
LINE
  8
0
 10
38.2041
 20
-80.3785
 11
38.303
 21
-80.373
  0
LINE
  8
0
 10
38.1824
 20
-79.9775
 11
38.1593
 21
-79.9743
  0
LINE
  8
0
 10
38.1593
 20
-79.9743
 11
38.1387
 21
-79.9691
  0
LINE
  8
0
 10
38.1387
 20
-79.9691
 11
38.1206
 21
-79.9622
  0
LINE
  8
0
 10
38.1206
 20
-79.9622
 11
38.1047
 21
-79.9537
  0
LINE
  8
0
 10
38.1047
 20
-79.9537
 11
38.0906
 21
-79.9434
  0
LINE
  8
0
 10
38.0906
 20
-79.9434
 11
38.0778
 21
-79.9311
  0
LINE
  8
0
 10
38.0778
 20
-79.9311
 11
38.0659
 21
-79.9161
  0
LINE
  8
0
 10
38.0659
 20
-79.9161
 11
38.0541
 21
-79.8972
  0
LINE
  8
0
 10
38.0541
 20
-79.8972
 11
38.0428
 21
-79.8745
  0
LINE
  8
0
 10
38.0428
 20
-79.8745
 11
38.0323
 21
-79.848
  0
LINE
  8
0
 10
38.0323
 20
-79.848
 11
38.0224
 21
-79.8173
  0
LINE
  8
0
 10
38.0224
 20
-79.8173
 11
38.0137
 21
-79.7832
  0
LINE
  8
0
 10
38.0137
 20
-79.7832
 11
38.006
 21
-79.7454
  0
LINE
  8
0
 10
38.006
 20
-79.7454
 11
37.9992
 21
-79.7025
  0
LINE
  8
0
 10
37.9992
 20
-79.7025
 11
37.9935
 21
-79.6556
  0
LINE
  8
0
 10
37.9935
 20
-79.6556
 11
37.9888
 21
-79.603
  0
LINE
  8
0
 10
37.9888
 20
-79.603
 11
37.9851
 21
-79.5458
  0
LINE
  8
0
 10
37.9851
 20
-79.5458
 11
37.9824
 21
-79.4836
  0
LINE
  8
0
 10
37.9824
 20
-79.4836
 11
37.9808
 21
-79.4172
  0
LINE
  8
0
 10
37.9808
 20
-79.4172
 11
37.9803
 21
-79.3447
  0
LINE
  8
0
 10
37.9803
 20
-79.3447
 11
37.9808
 21
-79.2724
  0
LINE
  8
0
 10
37.9808
 20
-79.2724
 11
37.9823
 21
-79.2051
  0
LINE
  8
0
 10
37.9823
 20
-79.2051
 11
37.9848
 21
-79.1432
  0
LINE
  8
0
 10
37.9848
 20
-79.1432
 11
37.9883
 21
-79.0852
  0
LINE
  8
0
 10
37.9883
 20
-79.0852
 11
37.9928
 21
-79.0327
  0
LINE
  8
0
 10
37.9928
 20
-79.0327
 11
37.9983
 21
-78.9856
  0
LINE
  8
0
 10
37.9983
 20
-78.9856
 11
38.0046
 21
-78.9433
  0
LINE
  8
0
 10
38.0046
 20
-78.9433
 11
38.012
 21
-78.9057
  0
LINE
  8
0
 10
38.012
 20
-78.9057
 11
38.0205
 21
-78.8719
  0
LINE
  8
0
 10
38.0205
 20
-78.8719
 11
38.0301
 21
-78.8419
  0
LINE
  8
0
 10
38.0301
 20
-78.8419
 11
38.0408
 21
-78.8152
  0
LINE
  8
0
 10
38.0408
 20
-78.8152
 11
38.0521
 21
-78.7927
  0
LINE
  8
0
 10
38.0521
 20
-78.7927
 11
38.0641
 21
-78.7738
  0
LINE
  8
0
 10
38.0641
 20
-78.7738
 11
38.0762
 21
-78.7586
  0
LINE
  8
0
 10
38.0762
 20
-78.7586
 11
38.0894
 21
-78.7462
  0
LINE
  8
0
 10
38.0894
 20
-78.7462
 11
38.104
 21
-78.7357
  0
LINE
  8
0
 10
38.104
 20
-78.7357
 11
38.1206
 21
-78.7271
  0
LINE
  8
0
 10
38.1206
 20
-78.7271
 11
38.1399
 21
-78.7199
  0
LINE
  8
0
 10
38.1399
 20
-78.7199
 11
38.1616
 21
-78.7147
  0
LINE
  8
0
 10
38.1616
 20
-78.7147
 11
38.1863
 21
-78.7114
  0
LINE
  8
0
 10
38.1863
 20
-78.7114
 11
38.2136
 21
-78.7102
  0
LINE
  8
0
 10
38.2136
 20
-78.7102
 11
38.2392
 21
-78.7113
  0
LINE
  8
0
 10
38.2392
 20
-78.7113
 11
38.2619
 21
-78.7145
  0
LINE
  8
0
 10
38.2619
 20
-78.7145
 11
38.282
 21
-78.7196
  0
LINE
  8
0
 10
38.282
 20
-78.7196
 11
38.3
 21
-78.7265
  0
LINE
  8
0
 10
38.3
 20
-78.7265
 11
38.3155
 21
-78.735
  0
LINE
  8
0
 10
38.3155
 20
-78.735
 11
38.3294
 21
-78.7452
  0
LINE
  8
0
 10
38.3294
 20
-78.7452
 11
38.3419
 21
-78.7574
  0
LINE
  8
0
 10
38.3419
 20
-78.7574
 11
38.3538
 21
-78.7725
  0
LINE
  8
0
 10
38.3538
 20
-78.7725
 11
38.3654
 21
-78.7913
  0
LINE
  8
0
 10
38.3654
 20
-78.7913
 11
38.3766
 21
-78.8141
  0
LINE
  8
0
 10
38.3766
 20
-78.8141
 11
38.3869
 21
-78.8404
  0
LINE
  8
0
 10
38.3869
 20
-78.8404
 11
38.3965
 21
-78.871
  0
LINE
  8
0
 10
38.3965
 20
-78.871
 11
38.4051
 21
-78.9048
  0
LINE
  8
0
 10
38.4051
 20
-78.9048
 11
38.4127
 21
-78.9431
  0
LINE
  8
0
 10
38.4127
 20
-78.9431
 11
38.4192
 21
-78.9851
  0
LINE
  8
0
 10
38.4192
 20
-78.9851
 11
38.4248
 21
-79.0327
  0
LINE
  8
0
 10
38.4248
 20
-79.0327
 11
38.4294
 21
-79.0855
  0
LINE
  8
0
 10
38.4294
 20
-79.0855
 11
38.433
 21
-79.1425
  0
LINE
  8
0
 10
38.433
 20
-79.1425
 11
38.4356
 21
-79.2051
  0
LINE
  8
0
 10
38.4356
 20
-79.2051
 11
38.4372
 21
-79.2725
  0
LINE
  8
0
 10
38.4372
 20
-79.2725
 11
38.4377
 21
-79.3454
  0
LINE
  8
0
 10
38.4377
 20
-79.3454
 11
38.4371
 21
-79.415
  0
LINE
  8
0
 10
38.4371
 20
-79.415
 11
38.4356
 21
-79.4792
  0
LINE
  8
0
 10
38.4356
 20
-79.4792
 11
38.4329
 21
-79.5403
  0
LINE
  8
0
 10
38.4329
 20
-79.5403
 11
38.4292
 21
-79.5967
  0
LINE
  8
0
 10
38.4292
 20
-79.5967
 11
38.4245
 21
-79.648
  0
LINE
  8
0
 10
38.4245
 20
-79.648
 11
38.4187
 21
-79.6951
  0
LINE
  8
0
 10
38.4187
 20
-79.6951
 11
38.412
 21
-79.7376
  0
LINE
  8
0
 10
38.412
 20
-79.7376
 11
38.4042
 21
-79.776
  0
LINE
  8
0
 10
38.4042
 20
-79.776
 11
38.3954
 21
-79.8106
  0
LINE
  8
0
 10
38.3954
 20
-79.8106
 11
38.3855
 21
-79.8416
  0
LINE
  8
0
 10
38.3855
 20
-79.8416
 11
38.3747
 21
-79.8688
  0
LINE
  8
0
 10
38.3747
 20
-79.8688
 11
38.3631
 21
-79.8923
  0
LINE
  8
0
 10
38.3631
 20
-79.8923
 11
38.3508
 21
-79.9122
  0
LINE
  8
0
 10
38.3508
 20
-79.9122
 11
38.3383
 21
-79.9283
  0
LINE
  8
0
 10
38.3383
 20
-79.9283
 11
38.325
 21
-79.9415
  0
LINE
  8
0
 10
38.325
 20
-79.9415
 11
38.3106
 21
-79.9525
  0
LINE
  8
0
 10
38.3106
 20
-79.9525
 11
38.2944
 21
-79.9615
  0
LINE
  8
0
 10
38.2944
 20
-79.9615
 11
38.2765
 21
-79.9687
  0
LINE
  8
0
 10
38.2765
 20
-79.9687
 11
38.2563
 21
-79.9741
  0
LINE
  8
0
 10
38.2563
 20
-79.9741
 11
38.2334
 21
-79.9774
  0
LINE
  8
0
 10
38.2334
 20
-79.9774
 11
38.2084
 21
-79.9786
  0
LINE
  8
0
 10
38.2084
 20
-79.9786
 11
38.1824
 21
-79.9775
  0
LINE
  8
0
 10
28.5927
 20
-79.9379
 11
27.7402
 21
-79.9379
  0
LINE
  8
0
 10
27.7402
 20
-79.9379
 11
27.7524
 21
-79.9205
  0
LINE
  8
0
 10
27.7524
 20
-79.9205
 11
27.7689
 21
-79.8995
  0
LINE
  8
0
 10
27.7689
 20
-79.8995
 11
27.7871
 21
-79.8786
  0
LINE
  8
0
 10
27.7871
 20
-79.8786
 11
27.8071
 21
-79.8578
  0
LINE
  8
0
 10
27.8071
 20
-79.8578
 11
27.8291
 21
-79.8363
  0
LINE
  8
0
 10
27.8291
 20
-79.8363
 11
27.8518
 21
-79.815
  0
LINE
  8
0
 10
27.8518
 20
-79.815
 11
27.8748
 21
-79.7939
  0
LINE
  8
0
 10
27.8748
 20
-79.7939
 11
27.8994
 21
-79.7721
  0
LINE
  8
0
 10
27.8994
 20
-79.7721
 11
27.9243
 21
-79.7507
  0
LINE
  8
0
 10
27.9243
 20
-79.7507
 11
27.9493
 21
-79.7298
  0
LINE
  8
0
 10
27.9493
 20
-79.7298
 11
27.9761
 21
-79.7081
  0
LINE
  8
0
 10
27.9761
 20
-79.7081
 11
28.0305
 21
-79.6646
  0
LINE
  8
0
 10
28.0305
 20
-79.6646
 11
28.0862
 21
-79.6203
  0
LINE
  8
0
 10
28.0862
 20
-79.6203
 11
28.1429
 21
-79.5752
  0
LINE
  8
0
 10
28.1429
 20
-79.5752
 11
28.1719
 21
-79.5523
  0
LINE
  8
0
 10
28.1719
 20
-79.5523
 11
28.201
 21
-79.5287
  0
LINE
  8
0
 10
28.201
 20
-79.5287
 11
28.2296
 21
-79.5043
  0
LINE
  8
0
 10
28.2296
 20
-79.5043
 11
28.2575
 21
-79.4795
  0
LINE
  8
0
 10
28.2575
 20
-79.4795
 11
28.2846
 21
-79.4542
  0
LINE
  8
0
 10
28.2846
 20
-79.4542
 11
28.311
 21
-79.4284
  0
LINE
  8
0
 10
28.311
 20
-79.4284
 11
28.3366
 21
-79.4021
  0
LINE
  8
0
 10
28.3366
 20
-79.4021
 11
28.3616
 21
-79.3751
  0
LINE
  8
0
 10
28.3616
 20
-79.3751
 11
28.3858
 21
-79.3473
  0
LINE
  8
0
 10
28.3858
 20
-79.3473
 11
28.4088
 21
-79.3185
  0
LINE
  8
0
 10
28.4088
 20
-79.3185
 11
28.4306
 21
-79.289
  0
LINE
  8
0
 10
28.4306
 20
-79.289
 11
28.4511
 21
-79.2588
  0
LINE
  8
0
 10
28.4511
 20
-79.2588
 11
28.4704
 21
-79.2278
  0
LINE
  8
0
 10
28.4704
 20
-79.2278
 11
28.4883
 21
-79.196
  0
LINE
  8
0
 10
28.4883
 20
-79.196
 11
28.5051
 21
-79.1632
  0
LINE
  8
0
 10
28.5051
 20
-79.1632
 11
28.5204
 21
-79.1289
  0
LINE
  8
0
 10
28.5204
 20
-79.1289
 11
28.5335
 21
-79.0931
  0
LINE
  8
0
 10
28.5335
 20
-79.0931
 11
28.5441
 21
-79.0562
  0
LINE
  8
0
 10
28.5441
 20
-79.0562
 11
28.5524
 21
-79.0183
  0
LINE
  8
0
 10
28.5524
 20
-79.0183
 11
28.5582
 21
-78.9794
  0
LINE
  8
0
 10
28.5582
 20
-78.9794
 11
28.5618
 21
-78.9396
  0
LINE
  8
0
 10
28.5618
 20
-78.9396
 11
28.5629
 21
-78.8984
  0
LINE
  8
0
 10
28.5629
 20
-78.8984
 11
28.5593
 21
-78.8234
  0
LINE
  8
0
 10
28.5593
 20
-78.8234
 11
28.5484
 21
-78.752
  0
LINE
  8
0
 10
28.5484
 20
-78.752
 11
28.5299
 21
-78.6849
  0
LINE
  8
0
 10
28.5299
 20
-78.6849
 11
28.5037
 21
-78.6223
  0
LINE
  8
0
 10
28.5037
 20
-78.6223
 11
28.4699
 21
-78.5646
  0
LINE
  8
0
 10
28.4699
 20
-78.5646
 11
28.4286
 21
-78.5119
  0
LINE
  8
0
 10
28.4286
 20
-78.5119
 11
28.3799
 21
-78.4647
  0
LINE
  8
0
 10
28.3799
 20
-78.4647
 11
28.3246
 21
-78.4235
  0
LINE
  8
0
 10
28.3246
 20
-78.4235
 11
28.2632
 21
-78.3888
  0
LINE
  8
0
 10
28.2632
 20
-78.3888
 11
28.196
 21
-78.3607
  0
LINE
  8
0
 10
28.196
 20
-78.3607
 11
28.1233
 21
-78.3391
  0
LINE
  8
0
 10
28.1233
 20
-78.3391
 11
28.0452
 21
-78.3238
  0
LINE
  8
0
 10
28.0452
 20
-78.3238
 11
27.9617
 21
-78.3148
  0
LINE
  8
0
 10
27.9617
 20
-78.3148
 11
27.8727
 21
-78.3118
  0
LINE
  8
0
 10
27.8727
 20
-78.3118
 11
27.7897
 21
-78.3148
  0
LINE
  8
0
 10
27.7897
 20
-78.3148
 11
27.7111
 21
-78.3238
  0
LINE
  8
0
 10
27.7111
 20
-78.3238
 11
27.6371
 21
-78.339
  0
LINE
  8
0
 10
27.6371
 20
-78.339
 11
27.5676
 21
-78.3604
  0
LINE
  8
0
 10
27.5676
 20
-78.3604
 11
27.5028
 21
-78.3883
  0
LINE
  8
0
 10
27.5028
 20
-78.3883
 11
27.4429
 21
-78.4225
  0
LINE
  8
0
 10
27.4429
 20
-78.4225
 11
27.3882
 21
-78.4632
  0
LINE
  8
0
 10
27.3882
 20
-78.4632
 11
27.3391
 21
-78.5098
  0
LINE
  8
0
 10
27.3391
 20
-78.5098
 11
27.2959
 21
-78.5621
  0
LINE
  8
0
 10
27.2959
 20
-78.5621
 11
27.2589
 21
-78.6198
  0
LINE
  8
0
 10
27.2589
 20
-78.6198
 11
27.2281
 21
-78.6827
  0
LINE
  8
0
 10
27.2281
 20
-78.6827
 11
27.2034
 21
-78.7506
  0
LINE
  8
0
 10
27.2034
 20
-78.7506
 11
27.1848
 21
-78.8234
  0
LINE
  8
0
 10
27.1848
 20
-78.8234
 11
27.1634
 21
-78.9538
  0
LINE
  8
0
 10
27.1634
 20
-78.9538
 11
27.6471
 21
-78.9812
  0
LINE
  8
0
 10
27.6471
 20
-78.9812
 11
27.6609
 21
-78.9028
  0
LINE
  8
0
 10
27.6609
 20
-78.9028
 11
27.6682
 21
-78.8727
  0
LINE
  8
0
 10
27.6682
 20
-78.8727
 11
27.6771
 21
-78.8455
  0
LINE
  8
0
 10
27.6771
 20
-78.8455
 11
27.6872
 21
-78.8216
  0
LINE
  8
0
 10
27.6872
 20
-78.8216
 11
27.6986
 21
-78.8004
  0
LINE
  8
0
 10
27.6986
 20
-78.8004
 11
27.7112
 21
-78.7821
  0
LINE
  8
0
 10
27.7112
 20
-78.7821
 11
27.7245
 21
-78.7667
  0
LINE
  8
0
 10
27.7245
 20
-78.7667
 11
27.7393
 21
-78.7535
  0
LINE
  8
0
 10
27.7393
 20
-78.7535
 11
27.7557
 21
-78.7425
  0
LINE
  8
0
 10
27.7557
 20
-78.7425
 11
27.7744
 21
-78.7332
  0
LINE
  8
0
 10
27.7744
 20
-78.7332
 11
27.7954
 21
-78.7258
  0
LINE
  8
0
 10
27.7954
 20
-78.7258
 11
27.8192
 21
-78.7203
  0
LINE
  8
0
 10
27.8192
 20
-78.7203
 11
27.846
 21
-78.7168
  0
LINE
  8
0
 10
27.846
 20
-78.7168
 11
27.8745
 21
-78.7157
  0
LINE
  8
0
 10
27.8745
 20
-78.7157
 11
27.9334
 21
-78.7202
  0
LINE
  8
0
 10
27.9334
 20
-78.7202
 11
27.9795
 21
-78.7327
  0
LINE
  8
0
 10
27.9795
 20
-78.7327
 11
28.0141
 21
-78.7518
  0
LINE
  8
0
 10
28.0141
 20
-78.7518
 11
28.04
 21
-78.7776
  0
LINE
  8
0
 10
28.04
 20
-78.7776
 11
28.0593
 21
-78.8121
  0
LINE
  8
0
 10
28.0593
 20
-78.8121
 11
28.0717
 21
-78.8576
  0
LINE
  8
0
 10
28.0717
 20
-78.8576
 11
28.0762
 21
-78.9156
  0
LINE
  8
0
 10
28.0762
 20
-78.9156
 11
28.0749
 21
-78.9388
  0
LINE
  8
0
 10
28.0749
 20
-78.9388
 11
28.0709
 21
-78.9627
  0
LINE
  8
0
 10
28.0709
 20
-78.9627
 11
28.064
 21
-78.9873
  0
LINE
  8
0
 10
28.064
 20
-78.9873
 11
28.0542
 21
-79.0125
  0
LINE
  8
0
 10
28.0542
 20
-79.0125
 11
28.0413
 21
-79.0385
  0
LINE
  8
0
 10
28.0413
 20
-79.0385
 11
28.0253
 21
-79.065
  0
LINE
  8
0
 10
28.0253
 20
-79.065
 11
28.0057
 21
-79.0925
  0
LINE
  8
0
 10
28.0057
 20
-79.0925
 11
27.9822
 21
-79.1214
  0
LINE
  8
0
 10
27.9822
 20
-79.1214
 11
27.9533
 21
-79.1535
  0
LINE
  8
0
 10
27.9533
 20
-79.1535
 11
27.9192
 21
-79.1883
  0
LINE
  8
0
 10
27.9192
 20
-79.1883
 11
27.8802
 21
-79.2255
  0
LINE
  8
0
 10
27.8802
 20
-79.2255
 11
27.836
 21
-79.2654
  0
LINE
  8
0
 10
27.836
 20
-79.2654
 11
27.7869
 21
-79.3076
  0
LINE
  8
0
 10
27.7869
 20
-79.3076
 11
27.7324
 21
-79.3527
  0
LINE
  8
0
 10
27.7324
 20
-79.3527
 11
27.6738
 21
-79.4011
  0
LINE
  8
0
 10
27.6738
 20
-79.4011
 11
27.6177
 21
-79.4494
  0
LINE
  8
0
 10
27.6177
 20
-79.4494
 11
27.5645
 21
-79.4972
  0
LINE
  8
0
 10
27.5645
 20
-79.4972
 11
27.5141
 21
-79.5445
  0
LINE
  8
0
 10
27.5141
 20
-79.5445
 11
27.4666
 21
-79.5913
  0
LINE
  8
0
 10
27.4666
 20
-79.5913
 11
27.422
 21
-79.6377
  0
LINE
  8
0
 10
27.422
 20
-79.6377
 11
27.3802
 21
-79.6837
  0
LINE
  8
0
 10
27.3802
 20
-79.6837
 11
27.341
 21
-79.7297
  0
LINE
  8
0
 10
27.341
 20
-79.7297
 11
27.3043
 21
-79.7763
  0
LINE
  8
0
 10
27.3043
 20
-79.7763
 11
27.2702
 21
-79.8234
  0
LINE
  8
0
 10
27.2702
 20
-79.8234
 11
27.2387
 21
-79.8709
  0
LINE
  8
0
 10
27.2387
 20
-79.8709
 11
27.2098
 21
-79.9188
  0
LINE
  8
0
 10
27.2098
 20
-79.9188
 11
27.1836
 21
-79.9672
  0
LINE
  8
0
 10
27.1836
 20
-79.9672
 11
27.1555
 21
-80.0253
  0
LINE
  8
0
 10
27.1555
 20
-80.0253
 11
27.1555
 21
-80.3512
  0
LINE
  8
0
 10
27.1555
 20
-80.3512
 11
28.5927
 21
-80.3512
  0
LINE
  8
0
 10
28.5927
 20
-80.3512
 11
28.5927
 21
-79.9379
  0
LINE
  8
0
 10
31.7491
 20
-80.3752
 11
31.8379
 21
-80.3657
  0
LINE
  8
0
 10
31.8379
 20
-80.3657
 11
31.9209
 21
-80.3497
  0
LINE
  8
0
 10
31.9209
 20
-80.3497
 11
31.9982
 21
-80.3271
  0
LINE
  8
0
 10
31.9982
 20
-80.3271
 11
32.0696
 21
-80.2977
  0
LINE
  8
0
 10
32.0696
 20
-80.2977
 11
32.1349
 21
-80.2615
  0
LINE
  8
0
 10
32.1349
 20
-80.2615
 11
32.1939
 21
-80.2183
  0
LINE
  8
0
 10
32.1939
 20
-80.2183
 11
32.2458
 21
-80.1689
  0
LINE
  8
0
 10
32.2458
 20
-80.1689
 11
32.29
 21
-80.1138
  0
LINE
  8
0
 10
32.29
 20
-80.1138
 11
32.3261
 21
-80.0532
  0
LINE
  8
0
 10
32.3261
 20
-80.0532
 11
32.3541
 21
-79.9876
  0
LINE
  8
0
 10
32.3541
 20
-79.9876
 11
32.3739
 21
-79.9171
  0
LINE
  8
0
 10
32.3739
 20
-79.9171
 11
32.3857
 21
-79.8422
  0
LINE
  8
0
 10
32.3857
 20
-79.8422
 11
32.3895
 21
-79.763
  0
LINE
  8
0
 10
32.3895
 20
-79.763
 11
32.3872
 21
-79.7054
  0
LINE
  8
0
 10
32.3872
 20
-79.7054
 11
32.3802
 21
-79.6505
  0
LINE
  8
0
 10
32.3802
 20
-79.6505
 11
32.3684
 21
-79.5982
  0
LINE
  8
0
 10
32.3684
 20
-79.5982
 11
32.3517
 21
-79.5486
  0
LINE
  8
0
 10
32.3517
 20
-79.5486
 11
32.3301
 21
-79.5018
  0
LINE
  8
0
 10
32.3301
 20
-79.5018
 11
32.3035
 21
-79.458
  0
LINE
  8
0
 10
32.3035
 20
-79.458
 11
32.2722
 21
-79.4175
  0
LINE
  8
0
 10
32.2722
 20
-79.4175
 11
32.2368
 21
-79.3807
  0
LINE
  8
0
 10
32.2368
 20
-79.3807
 11
32.1978
 21
-79.3482
  0
LINE
  8
0
 10
32.1978
 20
-79.3482
 11
32.1552
 21
-79.3199
  0
LINE
  8
0
 10
32.1552
 20
-79.3199
 11
32.1093
 21
-79.2959
  0
LINE
  8
0
 10
32.1093
 20
-79.2959
 11
32.0984
 21
-79.2915
  0
LINE
  8
0
 10
32.0984
 20
-79.2915
 11
32.1328
 21
-79.2713
  0
LINE
  8
0
 10
32.1328
 20
-79.2713
 11
32.1705
 21
-79.2433
  0
LINE
  8
0
 10
32.1705
 20
-79.2433
 11
32.2053
 21
-79.2114
  0
LINE
  8
0
 10
32.2053
 20
-79.2114
 11
32.2368
 21
-79.1757
  0
LINE
  8
0
 10
32.2368
 20
-79.1757
 11
32.2647
 21
-79.1373
  0
LINE
  8
0
 10
32.2647
 20
-79.1373
 11
32.2883
 21
-79.097
  0
LINE
  8
0
 10
32.2883
 20
-79.097
 11
32.3077
 21
-79.0549
  0
LINE
  8
0
 10
32.3077
 20
-79.0549
 11
32.3228
 21
-79.011
  0
LINE
  8
0
 10
32.3228
 20
-79.011
 11
32.3335
 21
-78.9656
  0
LINE
  8
0
 10
32.3335
 20
-78.9656
 11
32.3399
 21
-78.9187
  0
LINE
  8
0
 10
32.3399
 20
-78.9187
 11
32.3421
 21
-78.8703
  0
LINE
  8
0
 10
32.3421
 20
-78.8703
 11
32.3384
 21
-78.7977
  0
LINE
  8
0
 10
32.3384
 20
-78.7977
 11
32.3273
 21
-78.729
  0
LINE
  8
0
 10
32.3273
 20
-78.729
 11
32.3086
 21
-78.6646
  0
LINE
  8
0
 10
32.3086
 20
-78.6646
 11
32.2821
 21
-78.6046
  0
LINE
  8
0
 10
32.2821
 20
-78.6046
 11
32.2479
 21
-78.5494
  0
LINE
  8
0
 10
32.2479
 20
-78.5494
 11
32.2061
 21
-78.4994
  0
LINE
  8
0
 10
32.2061
 20
-78.4994
 11
32.1571
 21
-78.4549
  0
LINE
  8
0
 10
32.1571
 20
-78.4549
 11
32.1015
 21
-78.4162
  0
LINE
  8
0
 10
32.1015
 20
-78.4162
 11
32.04
 21
-78.3837
  0
LINE
  8
0
 10
32.04
 20
-78.3837
 11
31.9728
 21
-78.3575
  0
LINE
  8
0
 10
31.9728
 20
-78.3575
 11
31.9
 21
-78.3373
  0
LINE
  8
0
 10
31.9
 20
-78.3373
 11
31.8219
 21
-78.3231
  0
LINE
  8
0
 10
31.8219
 20
-78.3231
 11
31.7383
 21
-78.3146
  0
LINE
  8
0
 10
31.7383
 20
-78.3146
 11
31.6491
 21
-78.3118
  0
LINE
  8
0
 10
31.6491
 20
-78.3118
 11
31.5617
 21
-78.3147
  0
LINE
  8
0
 10
31.5617
 20
-78.3147
 11
31.4795
 21
-78.3234
  0
LINE
  8
0
 10
31.4795
 20
-78.3234
 11
31.4024
 21
-78.338
  0
LINE
  8
0
 10
31.4024
 20
-78.338
 11
31.3305
 21
-78.3588
  0
LINE
  8
0
 10
31.3305
 20
-78.3588
 11
31.264
 21
-78.3857
  0
LINE
  8
0
 10
31.264
 20
-78.3857
 11
31.2029
 21
-78.419
  0
LINE
  8
0
 10
31.2029
 20
-78.419
 11
31.1476
 21
-78.4586
  0
LINE
  8
0
 10
31.1476
 20
-78.4586
 11
31.0988
 21
-78.5037
  0
LINE
  8
0
 10
31.0988
 20
-78.5037
 11
31.0572
 21
-78.5536
  0
LINE
  8
0
 10
31.0572
 20
-78.5536
 11
31.0231
 21
-78.6083
  0
LINE
  8
0
 10
31.0231
 20
-78.6083
 11
30.9966
 21
-78.6673
  0
LINE
  8
0
 10
30.9966
 20
-78.6673
 11
30.9778
 21
-78.7304
  0
LINE
  8
0
 10
30.9778
 20
-78.7304
 11
30.9667
 21
-78.7972
  0
LINE
  8
0
 10
30.9667
 20
-78.7972
 11
30.963
 21
-78.8675
  0
LINE
  8
0
 10
30.963
 20
-78.8675
 11
30.9651
 21
-78.916
  0
LINE
  8
0
 10
30.9651
 20
-78.916
 11
30.9716
 21
-78.963
  0
LINE
  8
0
 10
30.9716
 20
-78.963
 11
30.9824
 21
-79.0086
  0
LINE
  8
0
 10
30.9824
 20
-79.0086
 11
30.9976
 21
-79.0526
  0
LINE
  8
0
 10
30.9976
 20
-79.0526
 11
31.0171
 21
-79.095
  0
LINE
  8
0
 10
31.0171
 20
-79.095
 11
31.0409
 21
-79.1355
  0
LINE
  8
0
 10
31.0409
 20
-79.1355
 11
31.0688
 21
-79.1742
  0
LINE
  8
0
 10
31.0688
 20
-79.1742
 11
31.1003
 21
-79.2102
  0
LINE
  8
0
 10
31.1003
 20
-79.2102
 11
31.1348
 21
-79.2424
  0
LINE
  8
0
 10
31.1348
 20
-79.2424
 11
31.172
 21
-79.2709
  0
LINE
  8
0
 10
31.172
 20
-79.2709
 11
31.2099
 21
-79.2942
  0
LINE
  8
0
 10
31.2099
 20
-79.2942
 11
31.1967
 21
-79.2997
  0
LINE
  8
0
 10
31.1967
 20
-79.2997
 11
31.1516
 21
-79.3244
  0
LINE
  8
0
 10
31.1516
 20
-79.3244
 11
31.1097
 21
-79.3535
  0
LINE
  8
0
 10
31.1097
 20
-79.3535
 11
31.0711
 21
-79.387
  0
LINE
  8
0
 10
31.0711
 20
-79.387
 11
31.0358
 21
-79.4247
  0
LINE
  8
0
 10
31.0358
 20
-79.4247
 11
31.0046
 21
-79.4659
  0
LINE
  8
0
 10
31.0046
 20
-79.4659
 11
30.9781
 21
-79.5098
  0
LINE
  8
0
 10
30.9781
 20
-79.5098
 11
30.9564
 21
-79.5564
  0
LINE
  8
0
 10
30.9564
 20
-79.5564
 11
30.9396
 21
-79.6053
  0
LINE
  8
0
 10
30.9396
 20
-79.6053
 11
30.9277
 21
-79.6566
  0
LINE
  8
0
 10
30.9277
 20
-79.6566
 11
30.9206
 21
-79.71
  0
LINE
  8
0
 10
30.9206
 20
-79.71
 11
30.9183
 21
-79.7657
  0
LINE
  8
0
 10
30.9183
 20
-79.7657
 11
30.9222
 21
-79.8446
  0
LINE
  8
0
 10
30.9222
 20
-79.8446
 11
30.9341
 21
-79.9193
  0
LINE
  8
0
 10
30.9341
 20
-79.9193
 11
30.9541
 21
-79.9895
  0
LINE
  8
0
 10
30.9541
 20
-79.9895
 11
30.9825
 21
-80.0549
  0
LINE
  8
0
 10
30.9825
 20
-80.0549
 11
31.019
 21
-80.1152
  0
LINE
  8
0
 10
31.019
 20
-80.1152
 11
31.0637
 21
-80.17
  0
LINE
  8
0
 10
31.0637
 20
-80.17
 11
31.1162
 21
-80.2192
  0
LINE
  8
0
 10
31.1162
 20
-80.2192
 11
31.1756
 21
-80.2621
  0
LINE
  8
0
 10
31.1756
 20
-80.2621
 11
31.2411
 21
-80.2981
  0
LINE
  8
0
 10
31.2411
 20
-80.2981
 11
31.3125
 21
-80.3274
  0
LINE
  8
0
 10
31.3125
 20
-80.3274
 11
31.3897
 21
-80.3499
  0
LINE
  8
0
 10
31.3897
 20
-80.3499
 11
31.4724
 21
-80.3658
  0
LINE
  8
0
 10
31.4724
 20
-80.3658
 11
31.5607
 21
-80.3752
  0
LINE
  8
0
 10
31.5607
 20
-80.3752
 11
31.6546
 21
-80.3784
  0
LINE
  8
0
 10
31.6546
 20
-80.3784
 11
31.7491
 21
-80.3752
  0
LINE
  8
0
 10
31.595
 20
-79.1097
 11
31.5502
 21
-79.0963
  0
LINE
  8
0
 10
31.5502
 20
-79.0963
 11
31.5159
 21
-79.0754
  0
LINE
  8
0
 10
31.5159
 20
-79.0754
 11
31.4897
 21
-79.0466
  0
LINE
  8
0
 10
31.4897
 20
-79.0466
 11
31.4698
 21
-79.0074
  0
LINE
  8
0
 10
31.4698
 20
-79.0074
 11
31.457
 21
-78.9556
  0
LINE
  8
0
 10
31.457
 20
-78.9556
 11
31.4524
 21
-78.8908
  0
LINE
  8
0
 10
31.4524
 20
-78.8908
 11
31.4569
 21
-78.8295
  0
LINE
  8
0
 10
31.4569
 20
-78.8295
 11
31.4694
 21
-78.7806
  0
LINE
  8
0
 10
31.4694
 20
-78.7806
 11
31.4888
 21
-78.7437
  0
LINE
  8
0
 10
31.4888
 20
-78.7437
 11
31.5144
 21
-78.7165
  0
LINE
  8
0
 10
31.5144
 20
-78.7165
 11
31.5482
 21
-78.6967
  0
LINE
  8
0
 10
31.5482
 20
-78.6967
 11
31.5928
 21
-78.6837
  0
LINE
  8
0
 10
31.5928
 20
-78.6837
 11
31.6502
 21
-78.6791
  0
LINE
  8
0
 10
31.6502
 20
-78.6791
 11
31.6801
 21
-78.6802
  0
LINE
  8
0
 10
31.6801
 20
-78.6802
 11
31.7076
 21
-78.6835
  0
LINE
  8
0
 10
31.7076
 20
-78.6835
 11
31.7323
 21
-78.6889
  0
LINE
  8
0
 10
31.7323
 20
-78.6889
 11
31.7537
 21
-78.696
  0
LINE
  8
0
 10
31.7537
 20
-78.696
 11
31.7723
 21
-78.7049
  0
LINE
  8
0
 10
31.7723
 20
-78.7049
 11
31.7883
 21
-78.7153
  0
LINE
  8
0
 10
31.7883
 20
-78.7153
 11
31.8019
 21
-78.7272
  0
LINE
  8
0
 10
31.8019
 20
-78.7272
 11
31.8138
 21
-78.7412
  0
LINE
  8
0
 10
31.8138
 20
-78.7412
 11
31.824
 21
-78.7576
  0
LINE
  8
0
 10
31.824
 20
-78.7576
 11
31.8329
 21
-78.7773
  0
LINE
  8
0
 10
31.8329
 20
-78.7773
 11
31.8401
 21
-78.8003
  0
LINE
  8
0
 10
31.8401
 20
-78.8003
 11
31.8455
 21
-78.8269
  0
LINE
  8
0
 10
31.8455
 20
-78.8269
 11
31.8489
 21
-78.8571
  0
LINE
  8
0
 10
31.8489
 20
-78.8571
 11
31.85
 21
-78.8909
  0
LINE
  8
0
 10
31.85
 20
-78.8909
 11
31.8489
 21
-78.9274
  0
LINE
  8
0
 10
31.8489
 20
-78.9274
 11
31.8455
 21
-78.9606
  0
LINE
  8
0
 10
31.8455
 20
-78.9606
 11
31.84
 21
-78.9894
  0
LINE
  8
0
 10
31.84
 20
-78.9894
 11
31.8327
 21
-79.0143
  0
LINE
  8
0
 10
31.8327
 20
-79.0143
 11
31.8239
 21
-79.0351
  0
LINE
  8
0
 10
31.8239
 20
-79.0351
 11
31.8137
 21
-79.0523
  0
LINE
  8
0
 10
31.8137
 20
-79.0523
 11
31.8021
 21
-79.0663
  0
LINE
  8
0
 10
31.8021
 20
-79.0663
 11
31.7888
 21
-79.0782
  0
LINE
  8
0
 10
31.7888
 20
-79.0782
 11
31.773
 21
-79.0887
  0
LINE
  8
0
 10
31.773
 20
-79.0887
 11
31.7548
 21
-79.0976
  0
LINE
  8
0
 10
31.7548
 20
-79.0976
 11
31.7338
 21
-79.1048
  0
LINE
  8
0
 10
31.7338
 20
-79.1048
 11
31.7094
 21
-79.1102
  0
LINE
  8
0
 10
31.7094
 20
-79.1102
 11
31.6822
 21
-79.1135
  0
LINE
  8
0
 10
31.6822
 20
-79.1135
 11
31.653
 21
-79.1146
  0
LINE
  8
0
 10
31.653
 20
-79.1146
 11
31.595
 21
-79.1097
  0
LINE
  8
0
 10
31.62
 20
-80.0084
 11
31.5861
 21
-80.0042
  0
LINE
  8
0
 10
31.5861
 20
-80.0042
 11
31.5562
 21
-79.9975
  0
LINE
  8
0
 10
31.5562
 20
-79.9975
 11
31.5297
 21
-79.9883
  0
LINE
  8
0
 10
31.5297
 20
-79.9883
 11
31.5069
 21
-79.9771
  0
LINE
  8
0
 10
31.5069
 20
-79.9771
 11
31.487
 21
-79.9636
  0
LINE
  8
0
 10
31.487
 20
-79.9636
 11
31.47
 21
-79.9481
  0
LINE
  8
0
 10
31.47
 20
-79.9481
 11
31.4552
 21
-79.9299
  0
LINE
  8
0
 10
31.4552
 20
-79.9299
 11
31.4423
 21
-79.9082
  0
LINE
  8
0
 10
31.4423
 20
-79.9082
 11
31.4313
 21
-79.8825
  0
LINE
  8
0
 10
31.4313
 20
-79.8825
 11
31.4224
 21
-79.8527
  0
LINE
  8
0
 10
31.4224
 20
-79.8527
 11
31.4158
 21
-79.8184
  0
LINE
  8
0
 10
31.4158
 20
-79.8184
 11
31.4117
 21
-79.7797
  0
LINE
  8
0
 10
31.4117
 20
-79.7797
 11
31.4103
 21
-79.7373
  0
LINE
  8
0
 10
31.4103
 20
-79.7373
 11
31.4117
 21
-79.7001
  0
LINE
  8
0
 10
31.4117
 20
-79.7001
 11
31.4157
 21
-79.6664
  0
LINE
  8
0
 10
31.4157
 20
-79.6664
 11
31.4222
 21
-79.6361
  0
LINE
  8
0
 10
31.4222
 20
-79.6361
 11
31.431
 21
-79.6089
  0
LINE
  8
0
 10
31.431
 20
-79.6089
 11
31.4421
 21
-79.5849
  0
LINE
  8
0
 10
31.4421
 20
-79.5849
 11
31.4553
 21
-79.5636
  0
LINE
  8
0
 10
31.4553
 20
-79.5636
 11
31.4707
 21
-79.5449
  0
LINE
  8
0
 10
31.4707
 20
-79.5449
 11
31.4882
 21
-79.5286
  0
LINE
  8
0
 10
31.4882
 20
-79.5286
 11
31.5078
 21
-79.5148
  0
LINE
  8
0
 10
31.5078
 20
-79.5148
 11
31.5297
 21
-79.5034
  0
LINE
  8
0
 10
31.5297
 20
-79.5034
 11
31.5542
 21
-79.4943
  0
LINE
  8
0
 10
31.5542
 20
-79.4943
 11
31.582
 21
-79.4875
  0
LINE
  8
0
 10
31.582
 20
-79.4875
 11
31.6126
 21
-79.4834
  0
LINE
  8
0
 10
31.6126
 20
-79.4834
 11
31.6456
 21
-79.482
  0
LINE
  8
0
 10
31.6456
 20
-79.482
 11
31.717
 21
-79.4875
  0
LINE
  8
0
 10
31.717
 20
-79.4875
 11
31.7735
 21
-79.503
  0
LINE
  8
0
 10
31.7735
 20
-79.503
 11
31.8169
 21
-79.5272
  0
LINE
  8
0
 10
31.8169
 20
-79.5272
 11
31.8496
 21
-79.5601
  0
LINE
  8
0
 10
31.8496
 20
-79.5601
 11
31.8738
 21
-79.6037
  0
LINE
  8
0
 10
31.8738
 20
-79.6037
 11
31.8892
 21
-79.6606
  0
LINE
  8
0
 10
31.8892
 20
-79.6606
 11
31.8948
 21
-79.7328
  0
LINE
  8
0
 10
31.8948
 20
-79.7328
 11
31.8935
 21
-79.776
  0
LINE
  8
0
 10
31.8935
 20
-79.776
 11
31.8895
 21
-79.8161
  0
LINE
  8
0
 10
31.8895
 20
-79.8161
 11
31.8832
 21
-79.8515
  0
LINE
  8
0
 10
31.8832
 20
-79.8515
 11
31.8746
 21
-79.8825
  0
LINE
  8
0
 10
31.8746
 20
-79.8825
 11
31.864
 21
-79.9089
  0
LINE
  8
0
 10
31.864
 20
-79.9089
 11
31.8517
 21
-79.9308
  0
LINE
  8
0
 10
31.8517
 20
-79.9308
 11
31.8376
 21
-79.949
  0
LINE
  8
0
 10
31.8376
 20
-79.949
 11
31.8217
 21
-79.9642
  0
LINE
  8
0
 10
31.8217
 20
-79.9642
 11
31.8028
 21
-79.9775
  0
LINE
  8
0
 10
31.8028
 20
-79.9775
 11
31.781
 21
-79.9885
  0
LINE
  8
0
 10
31.781
 20
-79.9885
 11
31.7556
 21
-79.9975
  0
LINE
  8
0
 10
31.7556
 20
-79.9975
 11
31.7267
 21
-80.0042
  0
LINE
  8
0
 10
31.7267
 20
-80.0042
 11
31.6937
 21
-80.0084
  0
LINE
  8
0
 10
31.6937
 20
-80.0084
 11
31.6572
 21
-80.0098
  0
LINE
  8
0
 10
31.6572
 20
-80.0098
 11
31.62
 21
-80.0084
  0
LINE
  8
0
 10
18.9262
 20
-79.5321
 11
19.659
 21
-79.5321
  0
LINE
  8
0
 10
19.659
 20
-79.5321
 11
19.659
 21
-80.3512
  0
LINE
  8
0
 10
19.659
 20
-80.3512
 11
20.1591
 21
-80.3512
  0
LINE
  8
0
 10
20.1591
 20
-80.3512
 11
20.1591
 21
-78.3403
  0
LINE
  8
0
 10
20.1591
 20
-78.3403
 11
19.659
 21
-78.3403
  0
LINE
  8
0
 10
19.659
 20
-78.3403
 11
19.659
 21
-79.1012
  0
LINE
  8
0
 10
19.659
 20
-79.1012
 11
18.9262
 21
-79.1012
  0
LINE
  8
0
 10
18.9262
 20
-79.1012
 11
18.9262
 21
-78.3403
  0
LINE
  8
0
 10
18.9262
 20
-78.3403
 11
18.4261
 21
-78.3403
  0
LINE
  8
0
 10
18.4261
 20
-78.3403
 11
18.4261
 21
-80.3512
  0
LINE
  8
0
 10
18.4261
 20
-80.3512
 11
18.9262
 21
-80.3512
  0
LINE
  8
0
 10
18.9262
 20
-80.3512
 11
18.9262
 21
-79.5321
  0
LINE
  8
0
 10
26.9254
 20
-79.962
 11
27.1804
 21
-79.962
  0
LINE
  8
0
 10
27.1804
 20
-79.962
 11
27.1804
 21
-79.5785
  0
LINE
  8
0
 10
27.1804
 20
-79.5785
 11
26.9254
 21
-79.5785
  0
LINE
  8
0
 10
26.9254
 20
-79.5785
 11
26.9254
 21
-78.3403
  0
LINE
  8
0
 10
26.9254
 20
-78.3403
 11
26.4225
 21
-78.3403
  0
LINE
  8
0
 10
26.4225
 20
-78.3403
 11
25.5926
 21
-79.6109
  0
LINE
  8
0
 10
25.5926
 20
-79.6109
 11
25.5926
 21
-79.962
  0
LINE
  8
0
 10
25.5926
 20
-79.962
 11
26.4619
 21
-79.962
  0
LINE
  8
0
 10
26.4619
 20
-79.962
 11
26.4619
 21
-80.3512
  0
LINE
  8
0
 10
26.4619
 20
-80.3512
 11
26.9254
 21
-80.3512
  0
LINE
  8
0
 10
26.9254
 20
-80.3512
 11
26.9254
 21
-79.962
  0
LINE
  8
0
 10
26.0459
 20
-79.5785
 11
26.4386
 21
-78.9816
  0
LINE
  8
0
 10
26.4386
 20
-78.9816
 11
26.4627
 21
-78.9438
  0
LINE
  8
0
 10
26.4627
 20
-78.9438
 11
26.4623
 21
-78.9596
  0
LINE
  8
0
 10
26.4623
 20
-78.9596
 11
26.462
 21
-78.9817
  0
LINE
  8
0
 10
26.462
 20
-78.9817
 11
26.4619
 21
-79.0032
  0
LINE
  8
0
 10
26.4619
 20
-79.0032
 11
26.4619
 21
-79.5785
  0
LINE
  8
0
 10
26.4619
 20
-79.5785
 11
26.0459
 21
-79.5785
  0
LINE
  8
0
 10
12.1445
 20
-79.5321
 11
12.8773
 21
-79.5321
  0
LINE
  8
0
 10
12.8773
 20
-79.5321
 11
12.8773
 21
-80.3512
  0
LINE
  8
0
 10
12.8773
 20
-80.3512
 11
13.3774
 21
-80.3512
  0
LINE
  8
0
 10
13.3774
 20
-80.3512
 11
13.3774
 21
-78.3403
  0
LINE
  8
0
 10
13.3774
 20
-78.3403
 11
12.8773
 21
-78.3403
  0
LINE
  8
0
 10
12.8773
 20
-78.3403
 11
12.8773
 21
-79.1012
  0
LINE
  8
0
 10
12.8773
 20
-79.1012
 11
12.1445
 21
-79.1012
  0
LINE
  8
0
 10
12.1445
 20
-79.1012
 11
12.1445
 21
-78.3403
  0
LINE
  8
0
 10
12.1445
 20
-78.3403
 11
11.6444
 21
-78.3403
  0
LINE
  8
0
 10
11.6444
 20
-78.3403
 11
11.6444
 21
-80.3512
  0
LINE
  8
0
 10
11.6444
 20
-80.3512
 11
12.1445
 21
-80.3512
  0
LINE
  8
0
 10
12.1445
 20
-80.3512
 11
12.1445
 21
-79.5321
  0
LINE
  8
0
 10
36.7215
 20
-80.3483
 11
36.815
 21
-80.3392
  0
LINE
  8
0
 10
36.815
 20
-80.3392
 11
36.9026
 21
-80.324
  0
LINE
  8
0
 10
36.9026
 20
-80.324
 11
36.9845
 21
-80.3025
  0
LINE
  8
0
 10
36.9845
 20
-80.3025
 11
37.0605
 21
-80.2746
  0
LINE
  8
0
 10
37.0605
 20
-80.2746
 11
37.1305
 21
-80.2402
  0
LINE
  8
0
 10
37.1305
 20
-80.2402
 11
37.1944
 21
-80.1992
  0
LINE
  8
0
 10
37.1944
 20
-80.1992
 11
37.2512
 21
-80.152
  0
LINE
  8
0
 10
37.2512
 20
-80.152
 11
37.2997
 21
-80.0989
  0
LINE
  8
0
 10
37.2997
 20
-80.0989
 11
37.3397
 21
-80.0402
  0
LINE
  8
0
 10
37.3397
 20
-80.0402
 11
37.3707
 21
-79.9762
  0
LINE
  8
0
 10
37.3707
 20
-79.9762
 11
37.3928
 21
-79.9072
  0
LINE
  8
0
 10
37.3928
 20
-79.9072
 11
37.4058
 21
-79.8338
  0
LINE
  8
0
 10
37.4058
 20
-79.8338
 11
37.4101
 21
-79.7563
  0
LINE
  8
0
 10
37.4101
 20
-79.7563
 11
37.4074
 21
-79.697
  0
LINE
  8
0
 10
37.4074
 20
-79.697
 11
37.3992
 21
-79.6408
  0
LINE
  8
0
 10
37.3992
 20
-79.6408
 11
37.3855
 21
-79.5874
  0
LINE
  8
0
 10
37.3855
 20
-79.5874
 11
37.366
 21
-79.537
  0
LINE
  8
0
 10
37.366
 20
-79.537
 11
37.3408
 21
-79.4898
  0
LINE
  8
0
 10
37.3408
 20
-79.4898
 11
37.31
 21
-79.4462
  0
LINE
  8
0
 10
37.31
 20
-79.4462
 11
37.2737
 21
-79.4062
  0
LINE
  8
0
 10
37.2737
 20
-79.4062
 11
37.2323
 21
-79.3704
  0
LINE
  8
0
 10
37.2323
 20
-79.3704
 11
37.1862
 21
-79.3389
  0
LINE
  8
0
 10
37.1862
 20
-79.3389
 11
37.1357
 21
-79.3119
  0
LINE
  8
0
 10
37.1357
 20
-79.3119
 11
37.0809
 21
-79.2893
  0
LINE
  8
0
 10
37.0809
 20
-79.2893
 11
37.0657
 21
-79.2845
  0
LINE
  8
0
 10
37.0657
 20
-79.2845
 11
37.0918
 21
-79.2702
  0
LINE
  8
0
 10
37.0918
 20
-79.2702
 11
37.1316
 21
-79.2426
  0
LINE
  8
0
 10
37.1316
 20
-79.2426
 11
37.1674
 21
-79.2113
  0
LINE
  8
0
 10
37.1674
 20
-79.2113
 11
37.1989
 21
-79.1766
  0
LINE
  8
0
 10
37.1989
 20
-79.1766
 11
37.2259
 21
-79.1393
  0
LINE
  8
0
 10
37.2259
 20
-79.1393
 11
37.2488
 21
-79.0997
  0
LINE
  8
0
 10
37.2488
 20
-79.0997
 11
37.2675
 21
-79.0578
  0
LINE
  8
0
 10
37.2675
 20
-79.0578
 11
37.2819
 21
-79.0138
  0
LINE
  8
0
 10
37.2819
 20
-79.0138
 11
37.2921
 21
-78.9679
  0
LINE
  8
0
 10
37.2921
 20
-78.9679
 11
37.2982
 21
-78.92
  0
LINE
  8
0
 10
37.2982
 20
-78.92
 11
37.3002
 21
-78.87
  0
LINE
  8
0
 10
37.3002
 20
-78.87
 11
37.2963
 21
-78.7991
  0
LINE
  8
0
 10
37.2963
 20
-78.7991
 11
37.2841
 21
-78.7319
  0
LINE
  8
0
 10
37.2841
 20
-78.7319
 11
37.2635
 21
-78.6692
  0
LINE
  8
0
 10
37.2635
 20
-78.6692
 11
37.2345
 21
-78.6112
  0
LINE
  8
0
 10
37.2345
 20
-78.6112
 11
37.1971
 21
-78.5585
  0
LINE
  8
0
 10
37.1971
 20
-78.5585
 11
37.1517
 21
-78.5114
  0
LINE
  8
0
 10
37.1517
 20
-78.5114
 11
37.0986
 21
-78.4702
  0
LINE
  8
0
 10
37.0986
 20
-78.4702
 11
37.0385
 21
-78.4349
  0
LINE
  8
0
 10
37.0385
 20
-78.4349
 11
36.9718
 21
-78.4055
  0
LINE
  8
0
 10
36.9718
 20
-78.4055
 11
36.8985
 21
-78.3817
  0
LINE
  8
0
 10
36.8985
 20
-78.3817
 11
36.8189
 21
-78.3634
  0
LINE
  8
0
 10
36.8189
 20
-78.3634
 11
36.7327
 21
-78.3505
  0
LINE
  8
0
 10
36.7327
 20
-78.3505
 11
36.6401
 21
-78.3428
  0
LINE
  8
0
 10
36.6401
 20
-78.3428
 11
36.5415
 21
-78.3403
  0
LINE
  8
0
 10
36.5415
 20
-78.3403
 11
35.6161
 21
-78.3403
  0
LINE
  8
0
 10
35.6161
 20
-78.3403
 11
35.6161
 21
-80.3512
  0
LINE
  8
0
 10
35.6161
 20
-80.3512
 11
36.623
 21
-80.3512
  0
LINE
  8
0
 10
36.623
 20
-80.3512
 11
36.7215
 21
-80.3483
  0
LINE
  8
0
 10
36.1162
 20
-79.1106
 11
36.1162
 21
-78.7373
  0
LINE
  8
0
 10
36.1162
 20
-78.7373
 11
36.5213
 21
-78.7373
  0
LINE
  8
0
 10
36.5213
 20
-78.7373
 11
36.5639
 21
-78.7384
  0
LINE
  8
0
 10
36.5639
 20
-78.7384
 11
36.6019
 21
-78.7414
  0
LINE
  8
0
 10
36.6019
 20
-78.7414
 11
36.6367
 21
-78.7465
  0
LINE
  8
0
 10
36.6367
 20
-78.7465
 11
36.6673
 21
-78.7533
  0
LINE
  8
0
 10
36.6673
 20
-78.7533
 11
36.6946
 21
-78.7619
  0
LINE
  8
0
 10
36.6946
 20
-78.7619
 11
36.7179
 21
-78.772
  0
LINE
  8
0
 10
36.7179
 20
-78.772
 11
36.7374
 21
-78.7831
  0
LINE
  8
0
 10
36.7374
 20
-78.7831
 11
36.7531
 21
-78.7954
  0
LINE
  8
0
 10
36.7531
 20
-78.7954
 11
36.7659
 21
-78.8094
  0
LINE
  8
0
 10
36.7659
 20
-78.8094
 11
36.7766
 21
-78.8258
  0
LINE
  8
0
 10
36.7766
 20
-78.8258
 11
36.7853
 21
-78.8451
  0
LINE
  8
0
 10
36.7853
 20
-78.8451
 11
36.7918
 21
-78.8679
  0
LINE
  8
0
 10
36.7918
 20
-78.8679
 11
36.7959
 21
-78.8944
  0
LINE
  8
0
 10
36.7959
 20
-78.8944
 11
36.7973
 21
-78.9246
  0
LINE
  8
0
 10
36.7973
 20
-78.9246
 11
36.796
 21
-78.9521
  0
LINE
  8
0
 10
36.796
 20
-78.9521
 11
36.7922
 21
-78.9766
  0
LINE
  8
0
 10
36.7922
 20
-78.9766
 11
36.7861
 21
-78.9981
  0
LINE
  8
0
 10
36.7861
 20
-78.9981
 11
36.7779
 21
-79.0171
  0
LINE
  8
0
 10
36.7779
 20
-79.0171
 11
36.7676
 21
-79.0338
  0
LINE
  8
0
 10
36.7676
 20
-79.0338
 11
36.7552
 21
-79.0486
  0
LINE
  8
0
 10
36.7552
 20
-79.0486
 11
36.7403
 21
-79.0619
  0
LINE
  8
0
 10
36.7403
 20
-79.0619
 11
36.7223
 21
-79.0737
  0
LINE
  8
0
 10
36.7223
 20
-79.0737
 11
36.7004
 21
-79.0842
  0
LINE
  8
0
 10
36.7004
 20
-79.0842
 11
36.674
 21
-79.0933
  0
LINE
  8
0
 10
36.674
 20
-79.0933
 11
36.6431
 21
-79.1007
  0
LINE
  8
0
 10
36.6431
 20
-79.1007
 11
36.608
 21
-79.1062
  0
LINE
  8
0
 10
36.608
 20
-79.1062
 11
36.5686
 21
-79.1095
  0
LINE
  8
0
 10
36.5686
 20
-79.1095
 11
36.5239
 21
-79.1106
  0
LINE
  8
0
 10
36.5239
 20
-79.1106
 11
36.1162
 21
-79.1106
  0
LINE
  8
0
 10
36.1162
 20
-79.9542
 11
36.1162
 21
-79.5063
  0
LINE
  8
0
 10
36.1162
 20
-79.5063
 11
36.5722
 21
-79.5063
  0
LINE
  8
0
 10
36.5722
 20
-79.5063
 11
36.6696
 21
-79.5115
  0
LINE
  8
0
 10
36.6696
 20
-79.5115
 11
36.7483
 21
-79.5265
  0
LINE
  8
0
 10
36.7483
 20
-79.5265
 11
36.8092
 21
-79.5501
  0
LINE
  8
0
 10
36.8092
 20
-79.5501
 11
36.8533
 21
-79.5808
  0
LINE
  8
0
 10
36.8533
 20
-79.5808
 11
36.8834
 21
-79.6186
  0
LINE
  8
0
 10
36.8834
 20
-79.6186
 11
36.9018
 21
-79.6657
  0
LINE
  8
0
 10
36.9018
 20
-79.6657
 11
36.9085
 21
-79.7264
  0
LINE
  8
0
 10
36.9085
 20
-79.7264
 11
36.907
 21
-79.7584
  0
LINE
  8
0
 10
36.907
 20
-79.7584
 11
36.9024
 21
-79.7885
  0
LINE
  8
0
 10
36.9024
 20
-79.7885
 11
36.895
 21
-79.8152
  0
LINE
  8
0
 10
36.895
 20
-79.8152
 11
36.8849
 21
-79.8389
  0
LINE
  8
0
 10
36.8849
 20
-79.8389
 11
36.8724
 21
-79.8598
  0
LINE
  8
0
 10
36.8724
 20
-79.8598
 11
36.857
 21
-79.8785
  0
LINE
  8
0
 10
36.857
 20
-79.8785
 11
36.8389
 21
-79.8949
  0
LINE
  8
0
 10
36.8389
 20
-79.8949
 11
36.8171
 21
-79.9095
  0
LINE
  8
0
 10
36.8171
 20
-79.9095
 11
36.7909
 21
-79.9225
  0
LINE
  8
0
 10
36.7909
 20
-79.9225
 11
36.7602
 21
-79.9335
  0
LINE
  8
0
 10
36.7602
 20
-79.9335
 11
36.7242
 21
-79.9424
  0
LINE
  8
0
 10
36.7242
 20
-79.9424
 11
36.6839
 21
-79.9489
  0
LINE
  8
0
 10
36.6839
 20
-79.9489
 11
36.6385
 21
-79.9528
  0
LINE
  8
0
 10
36.6385
 20
-79.9528
 11
36.5876
 21
-79.9542
  0
LINE
  8
0
 10
36.5876
 20
-79.9542
 11
36.1162
 21
-79.9542
  0
LINE
  8
0
 10
30.2265
 20
-80.3746
 11
30.3167
 21
-80.363
  0
LINE
  8
0
 10
30.3167
 20
-80.363
 11
30.4015
 21
-80.3435
  0
LINE
  8
0
 10
30.4015
 20
-80.3435
 11
30.4809
 21
-80.316
  0
LINE
  8
0
 10
30.4809
 20
-80.316
 11
30.5547
 21
-80.2804
  0
LINE
  8
0
 10
30.5547
 20
-80.2804
 11
30.6225
 21
-80.2367
  0
LINE
  8
0
 10
30.6225
 20
-80.2367
 11
30.6842
 21
-80.185
  0
LINE
  8
0
 10
30.6842
 20
-80.185
 11
30.7387
 21
-80.1266
  0
LINE
  8
0
 10
30.7387
 20
-80.1266
 11
30.7849
 21
-80.0625
  0
LINE
  8
0
 10
30.7849
 20
-80.0625
 11
30.8226
 21
-79.993
  0
LINE
  8
0
 10
30.8226
 20
-79.993
 11
30.8518
 21
-79.9182
  0
LINE
  8
0
 10
30.8518
 20
-79.9182
 11
30.8726
 21
-79.8386
  0
LINE
  8
0
 10
30.8726
 20
-79.8386
 11
30.8849
 21
-79.7542
  0
LINE
  8
0
 10
30.8849
 20
-79.7542
 11
30.889
 21
-79.6653
  0
LINE
  8
0
 10
30.889
 20
-79.6653
 11
30.8855
 21
-79.58
  0
LINE
  8
0
 10
30.8855
 20
-79.58
 11
30.8748
 21
-79.4995
  0
LINE
  8
0
 10
30.8748
 20
-79.4995
 11
30.857
 21
-79.4235
  0
LINE
  8
0
 10
30.857
 20
-79.4235
 11
30.8317
 21
-79.3523
  0
LINE
  8
0
 10
30.8317
 20
-79.3523
 11
30.7991
 21
-79.286
  0
LINE
  8
0
 10
30.7991
 20
-79.286
 11
30.759
 21
-79.2249
  0
LINE
  8
0
 10
30.759
 20
-79.2249
 11
30.7116
 21
-79.1693
  0
LINE
  8
0
 10
30.7116
 20
-79.1693
 11
30.6582
 21
-79.1202
  0
LINE
  8
0
 10
30.6582
 20
-79.1202
 11
30.5997
 21
-79.0785
  0
LINE
  8
0
 10
30.5997
 20
-79.0785
 11
30.5364
 21
-79.0444
  0
LINE
  8
0
 10
30.5364
 20
-79.0444
 11
30.4685
 21
-79.018
  0
LINE
  8
0
 10
30.4685
 20
-79.018
 11
30.3963
 21
-78.9993
  0
LINE
  8
0
 10
30.3963
 20
-78.9993
 11
30.3199
 21
-78.9881
  0
LINE
  8
0
 10
30.3199
 20
-78.9881
 11
30.2396
 21
-78.9845
  0
LINE
  8
0
 10
30.2396
 20
-78.9845
 11
30.1772
 21
-78.9872
  0
LINE
  8
0
 10
30.1772
 20
-78.9872
 11
30.1174
 21
-78.9953
  0
LINE
  8
0
 10
30.1174
 20
-78.9953
 11
30.0602
 21
-79.0089
  0
LINE
  8
0
 10
30.0602
 20
-79.0089
 11
30.0057
 21
-79.0281
  0
LINE
  8
0
 10
30.0057
 20
-79.0281
 11
29.9542
 21
-79.0529
  0
LINE
  8
0
 10
29.9542
 20
-79.0529
 11
29.9503
 21
-79.0553
  0
LINE
  8
0
 10
29.9503
 20
-79.0553
 11
29.9717
 21
-78.7238
  0
LINE
  8
0
 10
29.9717
 20
-78.7238
 11
30.7778
 21
-78.7238
  0
LINE
  8
0
 10
30.7778
 20
-78.7238
 11
30.7778
 21
-78.3403
  0
LINE
  8
0
 10
30.7778
 20
-78.3403
 11
29.532
 21
-78.3403
  0
LINE
  8
0
 10
29.532
 20
-78.3403
 11
29.4594
 21
-79.5158
  0
LINE
  8
0
 10
29.4594
 20
-79.5158
 11
29.9062
 21
-79.5158
  0
LINE
  8
0
 10
29.9062
 20
-79.5158
 11
29.9489
 21
-79.469
  0
LINE
  8
0
 10
29.9489
 20
-79.469
 11
29.9763
 21
-79.4454
  0
LINE
  8
0
 10
29.9763
 20
-79.4454
 11
30.0055
 21
-79.4263
  0
LINE
  8
0
 10
30.0055
 20
-79.4263
 11
30.0363
 21
-79.4117
  0
LINE
  8
0
 10
30.0363
 20
-79.4117
 11
30.0694
 21
-79.4011
  0
LINE
  8
0
 10
30.0694
 20
-79.4011
 11
30.1049
 21
-79.3947
  0
LINE
  8
0
 10
30.1049
 20
-79.3947
 11
30.1435
 21
-79.3925
  0
LINE
  8
0
 10
30.1435
 20
-79.3925
 11
30.1781
 21
-79.394
  0
LINE
  8
0
 10
30.1781
 20
-79.394
 11
30.21
 21
-79.3988
  0
LINE
  8
0
 10
30.21
 20
-79.3988
 11
30.2389
 21
-79.4065
  0
LINE
  8
0
 10
30.2389
 20
-79.4065
 11
30.2648
 21
-79.4169
  0
LINE
  8
0
 10
30.2648
 20
-79.4169
 11
30.2886
 21
-79.4303
  0
LINE
  8
0
 10
30.2886
 20
-79.4303
 11
30.31
 21
-79.4465
  0
LINE
  8
0
 10
30.31
 20
-79.4465
 11
30.3296
 21
-79.4659
  0
LINE
  8
0
 10
30.3296
 20
-79.4659
 11
30.3471
 21
-79.4881
  0
LINE
  8
0
 10
30.3471
 20
-79.4881
 11
30.362
 21
-79.5126
  0
LINE
  8
0
 10
30.362
 20
-79.5126
 11
30.3743
 21
-79.5394
  0
LINE
  8
0
 10
30.3743
 20
-79.5394
 11
30.384
 21
-79.5688
  0
LINE
  8
0
 10
30.384
 20
-79.5688
 11
30.3911
 21
-79.6006
  0
LINE
  8
0
 10
30.3911
 20
-79.6006
 11
30.3955
 21
-79.6357
  0
LINE
  8
0
 10
30.3955
 20
-79.6357
 11
30.397
 21
-79.6733
  0
LINE
  8
0
 10
30.397
 20
-79.6733
 11
30.3954
 21
-79.7168
  0
LINE
  8
0
 10
30.3954
 20
-79.7168
 11
30.3907
 21
-79.7563
  0
LINE
  8
0
 10
30.3907
 20
-79.7563
 11
30.3831
 21
-79.7921
  0
LINE
  8
0
 10
30.3831
 20
-79.7921
 11
30.3726
 21
-79.8244
  0
LINE
  8
0
 10
30.3726
 20
-79.8244
 11
30.3595
 21
-79.8531
  0
LINE
  8
0
 10
30.3595
 20
-79.8531
 11
30.3439
 21
-79.8784
  0
LINE
  8
0
 10
30.3439
 20
-79.8784
 11
30.3255
 21
-79.901
  0
LINE
  8
0
 10
30.3255
 20
-79.901
 11
30.3047
 21
-79.9208
  0
LINE
  8
0
 10
30.3047
 20
-79.9208
 11
30.2821
 21
-79.9374
  0
LINE
  8
0
 10
30.2821
 20
-79.9374
 11
30.2574
 21
-79.951
  0
LINE
  8
0
 10
30.2574
 20
-79.951
 11
30.2309
 21
-79.9617
  0
LINE
  8
0
 10
30.2309
 20
-79.9617
 11
30.2016
 21
-79.9695
  0
LINE
  8
0
 10
30.2016
 20
-79.9695
 11
30.1696
 21
-79.9742
  0
LINE
  8
0
 10
30.1696
 20
-79.9742
 11
30.1348
 21
-79.9759
  0
LINE
  8
0
 10
30.1348
 20
-79.9759
 11
30.1066
 21
-79.9749
  0
LINE
  8
0
 10
30.1066
 20
-79.9749
 11
30.0798
 21
-79.9719
  0
LINE
  8
0
 10
30.0798
 20
-79.9719
 11
30.0553
 21
-79.9671
  0
LINE
  8
0
 10
30.0553
 20
-79.9671
 11
30.0325
 21
-79.9604
  0
LINE
  8
0
 10
30.0325
 20
-79.9604
 11
30.0112
 21
-79.952
  0
LINE
  8
0
 10
30.0112
 20
-79.952
 11
29.9915
 21
-79.9418
  0
LINE
  8
0
 10
29.9915
 20
-79.9418
 11
29.9736
 21
-79.93
  0
LINE
  8
0
 10
29.9736
 20
-79.93
 11
29.9574
 21
-79.9166
  0
LINE
  8
0
 10
29.9574
 20
-79.9166
 11
29.9425
 21
-79.9008
  0
LINE
  8
0
 10
29.9425
 20
-79.9008
 11
29.9288
 21
-79.8825
  0
LINE
  8
0
 10
29.9288
 20
-79.8825
 11
29.9163
 21
-79.8616
  0
LINE
  8
0
 10
29.9163
 20
-79.8616
 11
29.905
 21
-79.8376
  0
LINE
  8
0
 10
29.905
 20
-79.8376
 11
29.8951
 21
-79.8108
  0
LINE
  8
0
 10
29.8951
 20
-79.8108
 11
29.875
 21
-79.7394
  0
LINE
  8
0
 10
29.875
 20
-79.7394
 11
29.3963
 21
-79.7786
  0
LINE
  8
0
 10
29.3963
 20
-79.7786
 11
29.4228
 21
-79.9043
  0
LINE
  8
0
 10
29.4228
 20
-79.9043
 11
29.444
 21
-79.972
  0
LINE
  8
0
 10
29.444
 20
-79.972
 11
29.4713
 21
-80.0353
  0
LINE
  8
0
 10
29.4713
 20
-80.0353
 11
29.5046
 21
-80.0938
  0
LINE
  8
0
 10
29.5046
 20
-80.0938
 11
29.544
 21
-80.1474
  0
LINE
  8
0
 10
29.544
 20
-80.1474
 11
29.5894
 21
-80.1958
  0
LINE
  8
0
 10
29.5894
 20
-80.1958
 11
29.6405
 21
-80.2389
  0
LINE
  8
0
 10
29.6405
 20
-80.2389
 11
29.6969
 21
-80.2764
  0
LINE
  8
0
 10
29.6969
 20
-80.2764
 11
29.7581
 21
-80.3079
  0
LINE
  8
0
 10
29.7581
 20
-80.3079
 11
29.8239
 21
-80.3335
  0
LINE
  8
0
 10
29.8239
 20
-80.3335
 11
29.8942
 21
-80.3533
  0
LINE
  8
0
 10
29.8942
 20
-80.3533
 11
29.9688
 21
-80.3673
  0
LINE
  8
0
 10
29.9688
 20
-80.3673
 11
30.0477
 21
-80.3756
  0
LINE
  8
0
 10
30.0477
 20
-80.3756
 11
30.1312
 21
-80.3784
  0
LINE
  8
0
 10
30.1312
 20
-80.3784
 11
30.2265
 21
-80.3746
  0
LINE
  8
0
 10
11.5175
 20
-79.9678
 11
11.0794
 21
-79.9678
  0
LINE
  8
0
 10
11.0794
 20
-79.9678
 11
11.0794
 21
-78.3403
  0
LINE
  8
0
 10
11.0794
 20
-78.3403
 11
10.6538
 21
-78.3403
  0
LINE
  8
0
 10
10.6538
 20
-78.3403
 11
10.1399
 21
-78.6737
  0
LINE
  8
0
 10
10.1399
 20
-78.6737
 11
10.1399
 21
-79.0908
  0
LINE
  8
0
 10
10.1399
 20
-79.0908
 11
10.5983
 21
-78.8046
  0
LINE
  8
0
 10
10.5983
 20
-78.8046
 11
10.5983
 21
-79.9678
  0
LINE
  8
0
 10
10.5983
 20
-79.9678
 11
10.125
 21
-79.9678
  0
LINE
  8
0
 10
10.125
 20
-79.9678
 11
10.125
 21
-80.3512
  0
LINE
  8
0
 10
10.125
 20
-80.3512
 11
11.5175
 21
-80.3512
  0
LINE
  8
0
 10
11.5175
 20
-80.3512
 11
11.5175
 21
-79.9678
  0
LINE
  8
0
 10
33.9562
 20
-79.6588
 11
34.4338
 21
-80.139
  0
LINE
  8
0
 10
34.4338
 20
-80.139
 11
34.7185
 21
-79.8506
  0
LINE
  8
0
 10
34.7185
 20
-79.8506
 11
34.2412
 21
-79.3761
  0
LINE
  8
0
 10
34.2412
 20
-79.3761
 11
34.7185
 21
-78.8961
  0
LINE
  8
0
 10
34.7185
 20
-78.8961
 11
34.4336
 21
-78.6112
  0
LINE
  8
0
 10
34.4336
 20
-78.6112
 11
33.9561
 21
-79.0887
  0
LINE
  8
0
 10
33.9561
 20
-79.0887
 11
33.479
 21
-78.6142
  0
LINE
  8
0
 10
33.479
 20
-78.6142
 11
33.1936
 21
-78.8959
  0
LINE
  8
0
 10
33.1936
 20
-78.8959
 11
33.6713
 21
-79.3737
  0
LINE
  8
0
 10
33.6713
 20
-79.3737
 11
33.1885
 21
-79.8592
  0
LINE
  8
0
 10
33.1885
 20
-79.8592
 11
33.4735
 21
-80.1442
  0
LINE
  8
0
 10
33.4735
 20
-80.1442
 11
33.9562
 21
-79.6588
  0
LINE
  8
0
 10
41.23
 20
-79.5151
 11
41.2314
 21
-79.4659
  0
LINE
  8
0
 10
41.2314
 20
-79.4659
 11
41.2356
 21
-79.4194
  0
LINE
  8
0
 10
41.2356
 20
-79.4194
 11
41.2424
 21
-79.3766
  0
LINE
  8
0
 10
41.2424
 20
-79.3766
 11
41.2519
 21
-79.3369
  0
LINE
  8
0
 10
41.2519
 20
-79.3369
 11
41.2639
 21
-79.3001
  0
LINE
  8
0
 10
41.2639
 20
-79.3001
 11
41.2783
 21
-79.2665
  0
LINE
  8
0
 10
41.2783
 20
-79.2665
 11
41.2952
 21
-79.2358
  0
LINE
  8
0
 10
41.2952
 20
-79.2358
 11
41.3137
 21
-79.209
  0
LINE
  8
0
 10
41.3137
 20
-79.209
 11
41.3328
 21
-79.1873
  0
LINE
  8
0
 10
41.3328
 20
-79.1873
 11
41.3524
 21
-79.1703
  0
LINE
  8
0
 10
41.3524
 20
-79.1703
 11
41.3726
 21
-79.1576
  0
LINE
  8
0
 10
41.3726
 20
-79.1576
 11
41.3937
 21
-79.1488
  0
LINE
  8
0
 10
41.3937
 20
-79.1488
 11
41.416
 21
-79.1434
  0
LINE
  8
0
 10
41.416
 20
-79.1434
 11
41.439
 21
-79.1417
  0
LINE
  8
0
 10
41.439
 20
-79.1417
 11
41.4851
 21
-79.1479
  0
LINE
  8
0
 10
41.4851
 20
-79.1479
 11
41.5206
 21
-79.1647
  0
LINE
  8
0
 10
41.5206
 20
-79.1647
 11
41.5504
 21
-79.1935
  0
LINE
  8
0
 10
41.5504
 20
-79.1935
 11
41.576
 21
-79.238
  0
LINE
  8
0
 10
41.576
 20
-79.238
 11
41.5959
 21
-79.3002
  0
LINE
  8
0
 10
41.5959
 20
-79.3002
 11
41.6085
 21
-79.3804
  0
LINE
  8
0
 10
41.6085
 20
-79.3804
 11
41.6129
 21
-79.4792
  0
LINE
  8
0
 10
41.6129
 20
-79.4792
 11
41.6129
 21
-80.3512
  0
LINE
  8
0
 10
41.6129
 20
-80.3512
 11
42.0912
 21
-80.3512
  0
LINE
  8
0
 10
42.0912
 20
-80.3512
 11
42.0912
 21
-79.4984
  0
LINE
  8
0
 10
42.0912
 20
-79.4984
 11
42.0943
 21
-79.4491
  0
LINE
  8
0
 10
42.0943
 20
-79.4491
 11
42.0998
 21
-79.4027
  0
LINE
  8
0
 10
42.0998
 20
-79.4027
 11
42.1077
 21
-79.3602
  0
LINE
  8
0
 10
42.1077
 20
-79.3602
 11
42.1179
 21
-79.3214
  0
LINE
  8
0
 10
42.1179
 20
-79.3214
 11
42.1303
 21
-79.2862
  0
LINE
  8
0
 10
42.1303
 20
-79.2862
 11
42.1446
 21
-79.2549
  0
LINE
  8
0
 10
42.1446
 20
-79.2549
 11
42.161
 21
-79.2269
  0
LINE
  8
0
 10
42.161
 20
-79.2269
 11
42.1788
 21
-79.2028
  0
LINE
  8
0
 10
42.1788
 20
-79.2028
 11
42.1973
 21
-79.1832
  0
LINE
  8
0
 10
42.1973
 20
-79.1832
 11
42.2162
 21
-79.1679
  0
LINE
  8
0
 10
42.2162
 20
-79.1679
 11
42.2358
 21
-79.1563
  0
LINE
  8
0
 10
42.2358
 20
-79.1563
 11
42.2561
 21
-79.1482
  0
LINE
  8
0
 10
42.2561
 20
-79.1482
 11
42.278
 21
-79.1433
  0
LINE
  8
0
 10
42.278
 20
-79.1433
 11
42.3
 21
-79.1417
  0
LINE
  8
0
 10
42.3
 20
-79.1417
 11
42.3463
 21
-79.1479
  0
LINE
  8
0
 10
42.3463
 20
-79.1479
 11
42.3817
 21
-79.1647
  0
LINE
  8
0
 10
42.3817
 20
-79.1647
 11
42.4117
 21
-79.1936
  0
LINE
  8
0
 10
42.4117
 20
-79.1936
 11
42.4372
 21
-79.238
  0
LINE
  8
0
 10
42.4372
 20
-79.238
 11
42.4571
 21
-79.3002
  0
LINE
  8
0
 10
42.4571
 20
-79.3002
 11
42.4697
 21
-79.3804
  0
LINE
  8
0
 10
42.4697
 20
-79.3804
 11
42.4741
 21
-79.4792
  0
LINE
  8
0
 10
42.4741
 20
-79.4792
 11
42.4741
 21
-80.3512
  0
LINE
  8
0
 10
42.4741
 20
-80.3512
 11
42.9525
 21
-80.3512
  0
LINE
  8
0
 10
42.9525
 20
-80.3512
 11
42.9525
 21
-79.3687
  0
LINE
  8
0
 10
42.9525
 20
-79.3687
 11
42.9501
 21
-79.291
  0
LINE
  8
0
 10
42.9501
 20
-79.291
 11
42.9428
 21
-79.2173
  0
LINE
  8
0
 10
42.9428
 20
-79.2173
 11
42.9306
 21
-79.1483
  0
LINE
  8
0
 10
42.9306
 20
-79.1483
 11
42.9133
 21
-79.084
  0
LINE
  8
0
 10
42.9133
 20
-79.084
 11
42.8908
 21
-79.0245
  0
LINE
  8
0
 10
42.8908
 20
-79.0245
 11
42.8629
 21
-78.9699
  0
LINE
  8
0
 10
42.8629
 20
-78.9699
 11
42.8295
 21
-78.9204
  0
LINE
  8
0
 10
42.8295
 20
-78.9204
 11
42.7908
 21
-78.8767
  0
LINE
  8
0
 10
42.7908
 20
-78.8767
 11
42.747
 21
-78.8393
  0
LINE
  8
0
 10
42.747
 20
-78.8393
 11
42.6983
 21
-78.8087
  0
LINE
  8
0
 10
42.6983
 20
-78.8087
 11
42.6453
 21
-78.785
  0
LINE
  8
0
 10
42.6453
 20
-78.785
 11
42.5882
 21
-78.7684
  0
LINE
  8
0
 10
42.5882
 20
-78.7684
 11
42.5275
 21
-78.7585
  0
LINE
  8
0
 10
42.5275
 20
-78.7585
 11
42.4634
 21
-78.7553
  0
LINE
  8
0
 10
42.4634
 20
-78.7553
 11
42.4146
 21
-78.7569
  0
LINE
  8
0
 10
42.4146
 20
-78.7569
 11
42.3681
 21
-78.7619
  0
LINE
  8
0
 10
42.3681
 20
-78.7619
 11
42.3237
 21
-78.7703
  0
LINE
  8
0
 10
42.3237
 20
-78.7703
 11
42.2814
 21
-78.7822
  0
LINE
  8
0
 10
42.2814
 20
-78.7822
 11
42.2413
 21
-78.7976
  0
LINE
  8
0
 10
42.2413
 20
-78.7976
 11
42.2034
 21
-78.8166
  0
LINE
  8
0
 10
42.2034
 20
-78.8166
 11
42.1681
 21
-78.8392
  0
LINE
  8
0
 10
42.1681
 20
-78.8392
 11
42.1349
 21
-78.8656
  0
LINE
  8
0
 10
42.1349
 20
-78.8656
 11
42.1035
 21
-78.8961
  0
LINE
  8
0
 10
42.1035
 20
-78.8961
 11
42.074
 21
-78.9305
  0
LINE
  8
0
 10
42.074
 20
-78.9305
 11
42.0461
 21
-78.9686
  0
LINE
  8
0
 10
42.0461
 20
-78.9686
 11
42.0227
 21
-79.0061
  0
LINE
  8
0
 10
42.0227
 20
-79.0061
 11
41.9895
 21
-78.9412
  0
LINE
  8
0
 10
41.9895
 20
-78.9412
 11
41.9352
 21
-78.874
  0
LINE
  8
0
 10
41.9352
 20
-78.874
 11
41.868
 21
-78.8213
  0
LINE
  8
0
 10
41.868
 20
-78.8213
 11
41.7892
 21
-78.7841
  0
LINE
  8
0
 10
41.7892
 20
-78.7841
 11
41.7003
 21
-78.7623
  0
LINE
  8
0
 10
41.7003
 20
-78.7623
 11
41.6027
 21
-78.7552
  0
LINE
  8
0
 10
41.6027
 20
-78.7552
 11
41.5569
 21
-78.757
  0
LINE
  8
0
 10
41.5569
 20
-78.757
 11
41.5135
 21
-78.7621
  0
LINE
  8
0
 10
41.5135
 20
-78.7621
 11
41.4716
 21
-78.7707
  0
LINE
  8
0
 10
41.4716
 20
-78.7707
 11
41.4312
 21
-78.7829
  0
LINE
  8
0
 10
41.4312
 20
-78.7829
 11
41.3926
 21
-78.7987
  0
LINE
  8
0
 10
41.3926
 20
-78.7987
 11
41.3558
 21
-78.8179
  0
LINE
  8
0
 10
41.3558
 20
-78.8179
 11
41.3208
 21
-78.8408
  0
LINE
  8
0
 10
41.3208
 20
-78.8408
 11
41.2877
 21
-78.8674
  0
LINE
  8
0
 10
41.2877
 20
-78.8674
 11
41.2564
 21
-78.8981
  0
LINE
  8
0
 10
41.2564
 20
-78.8981
 11
41.2271
 21
-78.9324
  0
LINE
  8
0
 10
41.2271
 20
-78.9324
 11
41.2114
 21
-78.9542
  0
LINE
  8
0
 10
41.2114
 20
-78.9542
 11
41.2104
 21
-78.938
  0
LINE
  8
0
 10
41.2104
 20
-78.938
 11
41.2086
 21
-78.9111
  0
LINE
  8
0
 10
41.2086
 20
-78.9111
 11
41.2069
 21
-78.8876
  0
LINE
  8
0
 10
41.2069
 20
-78.8876
 11
41.2054
 21
-78.8675
  0
LINE
  8
0
 10
41.2054
 20
-78.8675
 11
41.2038
 21
-78.8507
  0
LINE
  8
0
 10
41.2038
 20
-78.8507
 11
41.2024
 21
-78.837
  0
LINE
  8
0
 10
41.2024
 20
-78.837
 11
41.1953
 21
-78.7838
  0
LINE
  8
0
 10
41.1953
 20
-78.7838
 11
40.7347
 21
-78.7838
  0
LINE
  8
0
 10
40.7347
 20
-78.7838
 11
40.7393
 21
-78.8544
  0
LINE
  8
0
 10
40.7393
 20
-78.8544
 11
40.7404
 21
-78.8723
  0
LINE
  8
0
 10
40.7404
 20
-78.8723
 11
40.7426
 21
-78.9099
  0
LINE
  8
0
 10
40.7426
 20
-78.9099
 11
40.7436
 21
-78.9296
  0
LINE
  8
0
 10
40.7436
 20
-78.9296
 11
40.7446
 21
-78.95
  0
LINE
  8
0
 10
40.7446
 20
-78.95
 11
40.7456
 21
-78.9711
  0
LINE
  8
0
 10
40.7456
 20
-78.9711
 11
40.7465
 21
-78.9931
  0
LINE
  8
0
 10
40.7465
 20
-78.9931
 11
40.7472
 21
-79.0168
  0
LINE
  8
0
 10
40.7472
 20
-79.0168
 11
40.7478
 21
-79.0423
  0
LINE
  8
0
 10
40.7478
 20
-79.0423
 11
40.7483
 21
-79.0693
  0
LINE
  8
0
 10
40.7483
 20
-79.0693
 11
40.7486
 21
-79.0986
  0
LINE
  8
0
 10
40.7486
 20
-79.0986
 11
40.7488
 21
-79.1295
  0
LINE
  8
0
 10
40.7488
 20
-79.1295
 11
40.7489
 21
-79.1621
  0
LINE
  8
0
 10
40.7489
 20
-79.1621
 11
40.7489
 21
-80.3512
  0
LINE
  8
0
 10
40.7489
 20
-80.3512
 11
41.23
 21
-80.3512
  0
LINE
  8
0
 10
41.23
 20
-80.3512
 11
41.23
 21
-79.5151
  0
LINE
  8
0
 10
21.5878
 20
-79.9732
 11
20.8849
 21
-79.9732
  0
LINE
  8
0
 10
20.8849
 20
-79.9732
 11
21.5213
 21
-79.123
  0
LINE
  8
0
 10
21.5213
 20
-79.123
 11
21.5213
 21
-78.7838
  0
LINE
  8
0
 10
21.5213
 20
-78.7838
 11
20.3661
 21
-78.7838
  0
LINE
  8
0
 10
20.3661
 20
-78.7838
 11
20.3661
 21
-79.1591
  0
LINE
  8
0
 10
20.3661
 20
-79.1591
 11
20.951
 21
-79.1591
  0
LINE
  8
0
 10
20.951
 20
-79.1591
 11
20.3105
 21
-80.0147
  0
LINE
  8
0
 10
20.3105
 20
-80.0147
 11
20.3105
 21
-80.3512
  0
LINE
  8
0
 10
20.3105
 20
-80.3512
 11
21.5878
 21
-80.3512
  0
LINE
  8
0
 10
21.5878
 20
-80.3512
 11
21.5878
 21
-79.9732
  0
LINE
  8
0
 10
24.8208
 20
-78.8068
 11
23.328
 21
-78.8068
  0
LINE
  8
0
 10
23.328
 20
-78.8068
 11
23.328
 21
-79.2093
  0
LINE
  8
0
 10
23.328
 20
-79.2093
 11
24.8208
 21
-79.2093
  0
LINE
  8
0
 10
24.8208
 20
-79.2093
 11
24.8208
 21
-78.8068
  0
LINE
  8
0
 10
24.8208
 20
-79.5568
 11
23.328
 21
-79.5568
  0
LINE
  8
0
 10
23.328
 20
-79.5568
 11
23.328
 21
-79.9566
  0
LINE
  8
0
 10
23.328
 20
-79.9566
 11
24.8208
 21
-79.9566
  0
LINE
  8
0
 10
24.8208
 20
-79.9566
 11
24.8208
 21
-79.5568
  0
LINE
  8
0
 10
29.2483
 20
-79.8376
 11
28.7563
 21
-79.8376
  0
LINE
  8
0
 10
28.7563
 20
-79.8376
 11
28.7563
 21
-80.3512
  0
LINE
  8
0
 10
28.7563
 20
-80.3512
 11
29.2483
 21
-80.3512
  0
LINE
  8
0
 10
29.2483
 20
-80.3512
 11
29.2483
 21
-79.8376
  0
LINE
  8
0
 10
36.1162
 20
-82.5134
 11
36.4051
 21
-82.5134
  0
LINE
  8
0
 10
36.4051
 20
-82.5134
 11
36.4051
 21
-82.1557
  0
LINE
  8
0
 10
36.4051
 20
-82.1557
 11
36.1162
 21
-82.1557
  0
LINE
  8
0
 10
36.1162
 20
-82.1557
 11
36.1162
 21
-82.0909
  0
LINE
  8
0
 10
36.1162
 20
-82.0909
 11
36.1169
 21
-82.0669
  0
LINE
  8
0
 10
36.1169
 20
-82.0669
 11
36.119
 21
-82.0466
  0
LINE
  8
0
 10
36.119
 20
-82.0466
 11
36.1222
 21
-82.0293
  0
LINE
  8
0
 10
36.1222
 20
-82.0293
 11
36.1264
 21
-82.015
  0
LINE
  8
0
 10
36.1264
 20
-82.015
 11
36.1311
 21
-82.004
  0
LINE
  8
0
 10
36.1311
 20
-82.004
 11
36.136
 21
-81.996
  0
LINE
  8
0
 10
36.136
 20
-81.996
 11
36.1411
 21
-81.9901
  0
LINE
  8
0
 10
36.1411
 20
-81.9901
 11
36.1473
 21
-81.9851
  0
LINE
  8
0
 10
36.1473
 20
-81.9851
 11
36.156
 21
-81.9801
  0
LINE
  8
0
 10
36.156
 20
-81.9801
 11
36.1673
 21
-81.9754
  0
LINE
  8
0
 10
36.1673
 20
-81.9754
 11
36.182
 21
-81.9713
  0
LINE
  8
0
 10
36.182
 20
-81.9713
 11
36.1997
 21
-81.9681
  0
LINE
  8
0
 10
36.1997
 20
-81.9681
 11
36.2203
 21
-81.9661
  0
LINE
  8
0
 10
36.2203
 20
-81.9661
 11
36.2442
 21
-81.9654
  0
LINE
  8
0
 10
36.2442
 20
-81.9654
 11
36.2581
 21
-81.9657
  0
LINE
  8
0
 10
36.2581
 20
-81.9657
 11
36.2724
 21
-81.9663
  0
LINE
  8
0
 10
36.2724
 20
-81.9663
 11
36.287
 21
-81.9675
  0
LINE
  8
0
 10
36.287
 20
-81.9675
 11
36.3009
 21
-81.969
  0
LINE
  8
0
 10
36.3009
 20
-81.969
 11
36.3157
 21
-81.9711
  0
LINE
  8
0
 10
36.3157
 20
-81.9711
 11
36.3299
 21
-81.9735
  0
LINE
  8
0
 10
36.3299
 20
-81.9735
 11
36.4051
 21
-81.9888
  0
LINE
  8
0
 10
36.4051
 20
-81.9888
 11
36.4051
 21
-81.6392
  0
LINE
  8
0
 10
36.4051
 20
-81.6392
 11
36.3243
 21
-81.6269
  0
LINE
  8
0
 10
36.3243
 20
-81.6269
 11
36.2867
 21
-81.6219
  0
LINE
  8
0
 10
36.2867
 20
-81.6219
 11
36.25
 21
-81.6178
  0
LINE
  8
0
 10
36.25
 20
-81.6178
 11
36.2144
 21
-81.6146
  0
LINE
  8
0
 10
36.2144
 20
-81.6146
 11
36.1798
 21
-81.6123
  0
LINE
  8
0
 10
36.1798
 20
-81.6123
 11
36.1462
 21
-81.6109
  0
LINE
  8
0
 10
36.1462
 20
-81.6109
 11
36.1132
 21
-81.6104
  0
LINE
  8
0
 10
36.1132
 20
-81.6104
 11
36.0508
 21
-81.6125
  0
LINE
  8
0
 10
36.0508
 20
-81.6125
 11
35.992
 21
-81.6188
  0
LINE
  8
0
 10
35.992
 20
-81.6188
 11
35.937
 21
-81.6295
  0
LINE
  8
0
 10
35.937
 20
-81.6295
 11
35.8861
 21
-81.6448
  0
LINE
  8
0
 10
35.8861
 20
-81.6448
 11
35.8391
 21
-81.6648
  0
LINE
  8
0
 10
35.8391
 20
-81.6648
 11
35.7965
 21
-81.6898
  0
LINE
  8
0
 10
35.7965
 20
-81.6898
 11
35.7585
 21
-81.7197
  0
LINE
  8
0
 10
35.7585
 20
-81.7197
 11
35.7254
 21
-81.7546
  0
LINE
  8
0
 10
35.7254
 20
-81.7546
 11
35.6975
 21
-81.7943
  0
LINE
  8
0
 10
35.6975
 20
-81.7943
 11
35.675
 21
-81.8383
  0
LINE
  8
0
 10
35.675
 20
-81.8383
 11
35.6578
 21
-81.8863
  0
LINE
  8
0
 10
35.6578
 20
-81.8863
 11
35.6458
 21
-81.938
  0
LINE
  8
0
 10
35.6458
 20
-81.938
 11
35.6387
 21
-81.9934
  0
LINE
  8
0
 10
35.6387
 20
-81.9934
 11
35.6365
 21
-82.0514
  0
LINE
  8
0
 10
35.6365
 20
-82.0514
 11
35.6365
 21
-82.1557
  0
LINE
  8
0
 10
35.6365
 20
-82.1557
 11
35.4221
 21
-82.1557
  0
LINE
  8
0
 10
35.4221
 20
-82.1557
 11
35.4221
 21
-82.5134
  0
LINE
  8
0
 10
35.4221
 20
-82.5134
 11
35.6365
 21
-82.5134
  0
LINE
  8
0
 10
35.6365
 20
-82.5134
 11
35.6365
 21
-83.7231
  0
LINE
  8
0
 10
35.6365
 20
-83.7231
 11
36.1162
 21
-83.7231
  0
LINE
  8
0
 10
36.1162
 20
-83.7231
 11
36.1162
 21
-82.5134
  0
LINE
  8
0
 10
45.3867
 20
-82.5134
 11
45.6756
 21
-82.5134
  0
LINE
  8
0
 10
45.6756
 20
-82.5134
 11
45.6756
 21
-82.1557
  0
LINE
  8
0
 10
45.6756
 20
-82.1557
 11
45.3867
 21
-82.1557
  0
LINE
  8
0
 10
45.3867
 20
-82.1557
 11
45.3867
 21
-82.0909
  0
LINE
  8
0
 10
45.3867
 20
-82.0909
 11
45.3875
 21
-82.0669
  0
LINE
  8
0
 10
45.3875
 20
-82.0669
 11
45.3895
 21
-82.0466
  0
LINE
  8
0
 10
45.3895
 20
-82.0466
 11
45.3927
 21
-82.0293
  0
LINE
  8
0
 10
45.3927
 20
-82.0293
 11
45.3969
 21
-82.015
  0
LINE
  8
0
 10
45.3969
 20
-82.015
 11
45.4016
 21
-82.004
  0
LINE
  8
0
 10
45.4016
 20
-82.004
 11
45.4065
 21
-81.996
  0
LINE
  8
0
 10
45.4065
 20
-81.996
 11
45.4116
 21
-81.9901
  0
LINE
  8
0
 10
45.4116
 20
-81.9901
 11
45.4178
 21
-81.9851
  0
LINE
  8
0
 10
45.4178
 20
-81.9851
 11
45.4265
 21
-81.9801
  0
LINE
  8
0
 10
45.4265
 20
-81.9801
 11
45.4378
 21
-81.9754
  0
LINE
  8
0
 10
45.4378
 20
-81.9754
 11
45.4525
 21
-81.9713
  0
LINE
  8
0
 10
45.4525
 20
-81.9713
 11
45.4702
 21
-81.9681
  0
LINE
  8
0
 10
45.4702
 20
-81.9681
 11
45.4908
 21
-81.9661
  0
LINE
  8
0
 10
45.4908
 20
-81.9661
 11
45.5147
 21
-81.9654
  0
LINE
  8
0
 10
45.5147
 20
-81.9654
 11
45.5286
 21
-81.9657
  0
LINE
  8
0
 10
45.5286
 20
-81.9657
 11
45.5429
 21
-81.9663
  0
LINE
  8
0
 10
45.5429
 20
-81.9663
 11
45.5576
 21
-81.9675
  0
LINE
  8
0
 10
45.5576
 20
-81.9675
 11
45.5714
 21
-81.969
  0
LINE
  8
0
 10
45.5714
 20
-81.969
 11
45.5862
 21
-81.9711
  0
LINE
  8
0
 10
45.5862
 20
-81.9711
 11
45.6004
 21
-81.9735
  0
LINE
  8
0
 10
45.6004
 20
-81.9735
 11
45.6756
 21
-81.9888
  0
LINE
  8
0
 10
45.6756
 20
-81.9888
 11
45.6756
 21
-81.6392
  0
LINE
  8
0
 10
45.6756
 20
-81.6392
 11
45.5948
 21
-81.6269
  0
LINE
  8
0
 10
45.5948
 20
-81.6269
 11
45.5572
 21
-81.6219
  0
LINE
  8
0
 10
45.5572
 20
-81.6219
 11
45.5205
 21
-81.6178
  0
LINE
  8
0
 10
45.5205
 20
-81.6178
 11
45.4849
 21
-81.6146
  0
LINE
  8
0
 10
45.4849
 20
-81.6146
 11
45.4503
 21
-81.6123
  0
LINE
  8
0
 10
45.4503
 20
-81.6123
 11
45.4167
 21
-81.6109
  0
LINE
  8
0
 10
45.4167
 20
-81.6109
 11
45.3837
 21
-81.6104
  0
LINE
  8
0
 10
45.3837
 20
-81.6104
 11
45.3213
 21
-81.6125
  0
LINE
  8
0
 10
45.3213
 20
-81.6125
 11
45.2625
 21
-81.6188
  0
LINE
  8
0
 10
45.2625
 20
-81.6188
 11
45.2075
 21
-81.6295
  0
LINE
  8
0
 10
45.2075
 20
-81.6295
 11
45.1566
 21
-81.6448
  0
LINE
  8
0
 10
45.1566
 20
-81.6448
 11
45.1096
 21
-81.6648
  0
LINE
  8
0
 10
45.1096
 20
-81.6648
 11
45.067
 21
-81.6898
  0
LINE
  8
0
 10
45.067
 20
-81.6898
 11
45.029
 21
-81.7197
  0
LINE
  8
0
 10
45.029
 20
-81.7197
 11
44.9959
 21
-81.7546
  0
LINE
  8
0
 10
44.9959
 20
-81.7546
 11
44.968
 21
-81.7943
  0
LINE
  8
0
 10
44.968
 20
-81.7943
 11
44.9455
 21
-81.8383
  0
LINE
  8
0
 10
44.9455
 20
-81.8383
 11
44.9283
 21
-81.8863
  0
LINE
  8
0
 10
44.9283
 20
-81.8863
 11
44.9163
 21
-81.938
  0
LINE
  8
0
 10
44.9163
 20
-81.938
 11
44.9092
 21
-81.9934
  0
LINE
  8
0
 10
44.9092
 20
-81.9934
 11
44.907
 21
-82.0514
  0
LINE
  8
0
 10
44.907
 20
-82.0514
 11
44.907
 21
-82.1557
  0
LINE
  8
0
 10
44.907
 20
-82.1557
 11
44.6927
 21
-82.1557
  0
LINE
  8
0
 10
44.6927
 20
-82.1557
 11
44.6927
 21
-82.5134
  0
LINE
  8
0
 10
44.6927
 20
-82.5134
 11
44.907
 21
-82.5134
  0
LINE
  8
0
 10
44.907
 20
-82.5134
 11
44.907
 21
-83.7231
  0
LINE
  8
0
 10
44.907
 20
-83.7231
 11
45.3867
 21
-83.7231
  0
LINE
  8
0
 10
45.3867
 20
-83.7231
 11
45.3867
 21
-82.5134
  0
LINE
  8
0
 10
53.8398
 20
-83.1486
 11
53.9382
 21
-83.0803
  0
LINE
  8
0
 10
53.9382
 20
-83.0803
 11
54.3173
 21
-83.7231
  0
LINE
  8
0
 10
54.3173
 20
-83.7231
 11
54.852
 21
-83.7231
  0
LINE
  8
0
 10
54.852
 20
-83.7231
 11
54.2697
 21
-82.7836
  0
LINE
  8
0
 10
54.2697
 20
-82.7836
 11
54.8352
 21
-82.1557
  0
LINE
  8
0
 10
54.8352
 20
-82.1557
 11
54.2903
 21
-82.1557
  0
LINE
  8
0
 10
54.2903
 20
-82.1557
 11
53.8398
 21
-82.6786
  0
LINE
  8
0
 10
53.8398
 20
-82.6786
 11
53.8398
 21
-81.6104
  0
LINE
  8
0
 10
53.8398
 20
-81.6104
 11
53.3586
 21
-81.6104
  0
LINE
  8
0
 10
53.3586
 20
-81.6104
 11
53.3586
 21
-83.7231
  0
LINE
  8
0
 10
53.3586
 20
-83.7231
 11
53.8398
 21
-83.7231
  0
LINE
  8
0
 10
53.8398
 20
-83.7231
 11
53.8398
 21
-83.1486
  0
LINE
  8
0
 10
29.7184
 20
-83.1486
 11
29.8168
 21
-83.0803
  0
LINE
  8
0
 10
29.8168
 20
-83.0803
 11
30.1959
 21
-83.7231
  0
LINE
  8
0
 10
30.1959
 20
-83.7231
 11
30.7307
 21
-83.7231
  0
LINE
  8
0
 10
30.7307
 20
-83.7231
 11
30.1484
 21
-82.7836
  0
LINE
  8
0
 10
30.1484
 20
-82.7836
 11
30.7138
 21
-82.1557
  0
LINE
  8
0
 10
30.7138
 20
-82.1557
 11
30.169
 21
-82.1557
  0
LINE
  8
0
 10
30.169
 20
-82.1557
 11
29.7184
 21
-82.6786
  0
LINE
  8
0
 10
29.7184
 20
-82.6786
 11
29.7184
 21
-81.6104
  0
LINE
  8
0
 10
29.7184
 20
-81.6104
 11
29.2373
 21
-81.6104
  0
LINE
  8
0
 10
29.2373
 20
-81.6104
 11
29.2373
 21
-83.7231
  0
LINE
  8
0
 10
29.2373
 20
-83.7231
 11
29.7184
 21
-83.7231
  0
LINE
  8
0
 10
29.7184
 20
-83.7231
 11
29.7184
 21
-83.1486
  0
LINE
  8
0
 10
25.3972
 20
-83.7448
 11
25.4914
 21
-83.7283
  0
LINE
  8
0
 10
25.4914
 20
-83.7283
 11
25.5797
 21
-83.7005
  0
LINE
  8
0
 10
25.5797
 20
-83.7005
 11
25.6615
 21
-83.6614
  0
LINE
  8
0
 10
25.6615
 20
-83.6614
 11
25.7365
 21
-83.611
  0
LINE
  8
0
 10
25.7365
 20
-83.611
 11
25.8044
 21
-83.5497
  0
LINE
  8
0
 10
25.8044
 20
-83.5497
 11
25.865
 21
-83.4776
  0
LINE
  8
0
 10
25.865
 20
-83.4776
 11
25.9177
 21
-83.3949
  0
LINE
  8
0
 10
25.9177
 20
-83.3949
 11
25.9619
 21
-83.3019
  0
LINE
  8
0
 10
25.9619
 20
-83.3019
 11
25.9977
 21
-83.1988
  0
LINE
  8
0
 10
25.9977
 20
-83.1988
 11
26.0253
 21
-83.0858
  0
LINE
  8
0
 10
26.0253
 20
-83.0858
 11
26.0449
 21
-82.9629
  0
LINE
  8
0
 10
26.0449
 20
-82.9629
 11
26.0565
 21
-82.8301
  0
LINE
  8
0
 10
26.0565
 20
-82.8301
 11
26.0604
 21
-82.6872
  0
LINE
  8
0
 10
26.0604
 20
-82.6872
 11
26.0569
 21
-82.5529
  0
LINE
  8
0
 10
26.0569
 20
-82.5529
 11
26.0464
 21
-82.428
  0
LINE
  8
0
 10
26.0464
 20
-82.428
 11
26.0288
 21
-82.3124
  0
LINE
  8
0
 10
26.0288
 20
-82.3124
 11
26.0039
 21
-82.2061
  0
LINE
  8
0
 10
26.0039
 20
-82.2061
 11
25.9715
 21
-82.109
  0
LINE
  8
0
 10
25.9715
 20
-82.109
 11
25.9316
 21
-82.0211
  0
LINE
  8
0
 10
25.9316
 20
-82.0211
 11
25.8838
 21
-81.9428
  0
LINE
  8
0
 10
25.8838
 20
-81.9428
 11
25.8279
 21
-81.8741
  0
LINE
  8
0
 10
25.8279
 20
-81.8741
 11
25.7637
 21
-81.8156
  0
LINE
  8
0
 10
25.7637
 20
-81.8156
 11
25.6916
 21
-81.7677
  0
LINE
  8
0
 10
25.6916
 20
-81.7677
 11
25.612
 21
-81.7306
  0
LINE
  8
0
 10
25.612
 20
-81.7306
 11
25.5254
 21
-81.7043
  0
LINE
  8
0
 10
25.5254
 20
-81.7043
 11
25.4321
 21
-81.6888
  0
LINE
  8
0
 10
25.4321
 20
-81.6888
 11
25.3326
 21
-81.6836
  0
LINE
  8
0
 10
25.3326
 20
-81.6836
 11
25.24
 21
-81.6873
  0
LINE
  8
0
 10
25.24
 20
-81.6873
 11
25.1533
 21
-81.6982
  0
LINE
  8
0
 10
25.1533
 20
-81.6982
 11
25.0719
 21
-81.7167
  0
LINE
  8
0
 10
25.0719
 20
-81.7167
 11
24.9961
 21
-81.7427
  0
LINE
  8
0
 10
24.9961
 20
-81.7427
 11
24.9261
 21
-81.7765
  0
LINE
  8
0
 10
24.9261
 20
-81.7765
 11
24.8621
 21
-81.8181
  0
LINE
  8
0
 10
24.8621
 20
-81.8181
 11
24.8044
 21
-81.8673
  0
LINE
  8
0
 10
24.8044
 20
-81.8673
 11
24.7538
 21
-81.9232
  0
LINE
  8
0
 10
24.7538
 20
-81.9232
 11
24.711
 21
-81.985
  0
LINE
  8
0
 10
24.711
 20
-81.985
 11
24.6761
 21
-82.0524
  0
LINE
  8
0
 10
24.6761
 20
-82.0524
 11
24.6491
 21
-82.1252
  0
LINE
  8
0
 10
24.6491
 20
-82.1252
 11
24.6301
 21
-82.2032
  0
LINE
  8
0
 10
24.6301
 20
-82.2032
 11
24.6187
 21
-82.286
  0
LINE
  8
0
 10
24.6187
 20
-82.286
 11
24.615
 21
-82.3737
  0
LINE
  8
0
 10
24.615
 20
-82.3737
 11
24.6181
 21
-82.459
  0
LINE
  8
0
 10
24.6181
 20
-82.459
 11
24.6277
 21
-82.5395
  0
LINE
  8
0
 10
24.6277
 20
-82.5395
 11
24.6439
 21
-82.6155
  0
LINE
  8
0
 10
24.6439
 20
-82.6155
 11
24.6667
 21
-82.6868
  0
LINE
  8
0
 10
24.6667
 20
-82.6868
 11
24.6962
 21
-82.7533
  0
LINE
  8
0
 10
24.6962
 20
-82.7533
 11
24.7326
 21
-82.8149
  0
LINE
  8
0
 10
24.7326
 20
-82.8149
 11
24.7757
 21
-82.8712
  0
LINE
  8
0
 10
24.7757
 20
-82.8712
 11
24.8246
 21
-82.9211
  0
LINE
  8
0
 10
24.8246
 20
-82.9211
 11
24.8785
 21
-82.9637
  0
LINE
  8
0
 10
24.8785
 20
-82.9637
 11
24.9371
 21
-82.9986
  0
LINE
  8
0
 10
24.9371
 20
-82.9986
 11
25.0004
 21
-83.0256
  0
LINE
  8
0
 10
25.0004
 20
-83.0256
 11
25.0678
 21
-83.0448
  0
LINE
  8
0
 10
25.0678
 20
-83.0448
 11
25.1391
 21
-83.0562
  0
LINE
  8
0
 10
25.1391
 20
-83.0562
 11
25.2138
 21
-83.06
  0
LINE
  8
0
 10
25.2138
 20
-83.06
 11
25.2558
 21
-83.0587
  0
LINE
  8
0
 10
25.2558
 20
-83.0587
 11
25.2966
 21
-83.0548
  0
LINE
  8
0
 10
25.2966
 20
-83.0548
 11
25.3367
 21
-83.0484
  0
LINE
  8
0
 10
25.3367
 20
-83.0484
 11
25.376
 21
-83.0395
  0
LINE
  8
0
 10
25.376
 20
-83.0395
 11
25.4146
 21
-83.0279
  0
LINE
  8
0
 10
25.4146
 20
-83.0279
 11
25.4524
 21
-83.0138
  0
LINE
  8
0
 10
25.4524
 20
-83.0138
 11
25.4894
 21
-82.9971
  0
LINE
  8
0
 10
25.4894
 20
-82.9971
 11
25.5249
 21
-82.9779
  0
LINE
  8
0
 10
25.5249
 20
-82.9779
 11
25.558
 21
-82.9565
  0
LINE
  8
0
 10
25.558
 20
-82.9565
 11
25.5785
 21
-82.9404
  0
LINE
  8
0
 10
25.5785
 20
-82.9404
 11
25.578
 21
-82.9476
  0
LINE
  8
0
 10
25.578
 20
-82.9476
 11
25.569
 21
-83.0158
  0
LINE
  8
0
 10
25.569
 20
-83.0158
 11
25.557
 21
-83.0773
  0
LINE
  8
0
 10
25.557
 20
-83.0773
 11
25.542
 21
-83.1324
  0
LINE
  8
0
 10
25.542
 20
-83.1324
 11
25.5241
 21
-83.1808
  0
LINE
  8
0
 10
25.5241
 20
-83.1808
 11
25.5036
 21
-83.2227
  0
LINE
  8
0
 10
25.5036
 20
-83.2227
 11
25.4809
 21
-83.2581
  0
LINE
  8
0
 10
25.4809
 20
-83.2581
 11
25.4563
 21
-83.2871
  0
LINE
  8
0
 10
25.4563
 20
-83.2871
 11
25.43
 21
-83.3102
  0
LINE
  8
0
 10
25.43
 20
-83.3102
 11
25.4018
 21
-83.3277
  0
LINE
  8
0
 10
25.4018
 20
-83.3277
 11
25.3714
 21
-83.3402
  0
LINE
  8
0
 10
25.3714
 20
-83.3402
 11
25.338
 21
-83.3478
  0
LINE
  8
0
 10
25.338
 20
-83.3478
 11
25.3013
 21
-83.3504
  0
LINE
  8
0
 10
25.3013
 20
-83.3504
 11
25.2577
 21
-83.3469
  0
LINE
  8
0
 10
25.2577
 20
-83.3469
 11
25.2208
 21
-83.3372
  0
LINE
  8
0
 10
25.2208
 20
-83.3372
 11
25.19
 21
-83.3217
  0
LINE
  8
0
 10
25.19
 20
-83.3217
 11
25.1634
 21
-83.3
  0
LINE
  8
0
 10
25.1634
 20
-83.3
 11
25.1405
 21
-83.2713
  0
LINE
  8
0
 10
25.1405
 20
-83.2713
 11
25.121
 21
-83.2342
  0
LINE
  8
0
 10
25.121
 20
-83.2342
 11
25.091
 21
-83.1459
  0
LINE
  8
0
 10
25.091
 20
-83.1459
 11
24.6347
 21
-83.2098
  0
LINE
  8
0
 10
24.6347
 20
-83.2098
 11
24.6702
 21
-83.3312
  0
LINE
  8
0
 10
24.6702
 20
-83.3312
 11
24.6937
 21
-83.3939
  0
LINE
  8
0
 10
24.6937
 20
-83.3939
 11
24.7212
 21
-83.4518
  0
LINE
  8
0
 10
24.7212
 20
-83.4518
 11
24.7527
 21
-83.5047
  0
LINE
  8
0
 10
24.7527
 20
-83.5047
 11
24.7882
 21
-83.5526
  0
LINE
  8
0
 10
24.7882
 20
-83.5526
 11
24.8279
 21
-83.5952
  0
LINE
  8
0
 10
24.8279
 20
-83.5952
 11
24.8715
 21
-83.6324
  0
LINE
  8
0
 10
24.8715
 20
-83.6324
 11
24.9195
 21
-83.6643
  0
LINE
  8
0
 10
24.9195
 20
-83.6643
 11
24.972
 21
-83.691
  0
LINE
  8
0
 10
24.972
 20
-83.691
 11
25.0288
 21
-83.7126
  0
LINE
  8
0
 10
25.0288
 20
-83.7126
 11
25.0898
 21
-83.7292
  0
LINE
  8
0
 10
25.0898
 20
-83.7292
 11
25.1548
 21
-83.741
  0
LINE
  8
0
 10
25.1548
 20
-83.741
 11
25.2239
 21
-83.748
  0
LINE
  8
0
 10
25.2239
 20
-83.748
 11
25.2976
 21
-83.7503
  0
LINE
  8
0
 10
25.2976
 20
-83.7503
 11
25.3972
 21
-83.7448
  0
LINE
  8
0
 10
25.2941
 20
-82.6748
 11
25.2671
 21
-82.67
  0
LINE
  8
0
 10
25.2671
 20
-82.67
 11
25.2425
 21
-82.6623
  0
LINE
  8
0
 10
25.2425
 20
-82.6623
 11
25.2202
 21
-82.6516
  0
LINE
  8
0
 10
25.2202
 20
-82.6516
 11
25.1997
 21
-82.638
  0
LINE
  8
0
 10
25.1997
 20
-82.638
 11
25.1809
 21
-82.6212
  0
LINE
  8
0
 10
25.1809
 20
-82.6212
 11
25.1634
 21
-82.6006
  0
LINE
  8
0
 10
25.1634
 20
-82.6006
 11
25.1475
 21
-82.5768
  0
LINE
  8
0
 10
25.1475
 20
-82.5768
 11
25.1338
 21
-82.5504
  0
LINE
  8
0
 10
25.1338
 20
-82.5504
 11
25.1224
 21
-82.5213
  0
LINE
  8
0
 10
25.1224
 20
-82.5213
 11
25.1134
 21
-82.4896
  0
LINE
  8
0
 10
25.1134
 20
-82.4896
 11
25.1069
 21
-82.4549
  0
LINE
  8
0
 10
25.1069
 20
-82.4549
 11
25.1029
 21
-82.417
  0
LINE
  8
0
 10
25.1029
 20
-82.417
 11
25.1016
 21
-82.3765
  0
LINE
  8
0
 10
25.1016
 20
-82.3765
 11
25.1029
 21
-82.3354
  0
LINE
  8
0
 10
25.1029
 20
-82.3354
 11
25.107
 21
-82.2972
  0
LINE
  8
0
 10
25.107
 20
-82.2972
 11
25.1135
 21
-82.2627
  0
LINE
  8
0
 10
25.1135
 20
-82.2627
 11
25.1226
 21
-82.2312
  0
LINE
  8
0
 10
25.1226
 20
-82.2312
 11
25.134
 21
-82.2027
  0
LINE
  8
0
 10
25.134
 20
-82.2027
 11
25.1475
 21
-82.1774
  0
LINE
  8
0
 10
25.1475
 20
-82.1774
 11
25.1633
 21
-82.1548
  0
LINE
  8
0
 10
25.1633
 20
-82.1548
 11
25.1809
 21
-82.1352
  0
LINE
  8
0
 10
25.1809
 20
-82.1352
 11
25.1998
 21
-82.119
  0
LINE
  8
0
 10
25.1998
 20
-82.119
 11
25.2202
 21
-82.1059
  0
LINE
  8
0
 10
25.2202
 20
-82.1059
 11
25.2424
 21
-82.0957
  0
LINE
  8
0
 10
25.2424
 20
-82.0957
 11
25.2666
 21
-82.0883
  0
LINE
  8
0
 10
25.2666
 20
-82.0883
 11
25.2934
 21
-82.0837
  0
LINE
  8
0
 10
25.2934
 20
-82.0837
 11
25.3226
 21
-82.0822
  0
LINE
  8
0
 10
25.3226
 20
-82.0822
 11
25.3523
 21
-82.0839
  0
LINE
  8
0
 10
25.3523
 20
-82.0839
 11
25.3795
 21
-82.0891
  0
LINE
  8
0
 10
25.3795
 20
-82.0891
 11
25.4044
 21
-82.0976
  0
LINE
  8
0
 10
25.4044
 20
-82.0976
 11
25.4276
 21
-82.1094
  0
LINE
  8
0
 10
25.4276
 20
-82.1094
 11
25.4493
 21
-82.1246
  0
LINE
  8
0
 10
25.4493
 20
-82.1246
 11
25.4699
 21
-82.1438
  0
LINE
  8
0
 10
25.4699
 20
-82.1438
 11
25.4894
 21
-82.1671
  0
LINE
  8
0
 10
25.4894
 20
-82.1671
 11
25.5069
 21
-82.1938
  0
LINE
  8
0
 10
25.5069
 20
-82.1938
 11
25.5221
 21
-82.2236
  0
LINE
  8
0
 10
25.5221
 20
-82.2236
 11
25.5345
 21
-82.2561
  0
LINE
  8
0
 10
25.5345
 20
-82.2561
 11
25.5445
 21
-82.2922
  0
LINE
  8
0
 10
25.5445
 20
-82.2922
 11
25.5517
 21
-82.3313
  0
LINE
  8
0
 10
25.5517
 20
-82.3313
 11
25.5561
 21
-82.3742
  0
LINE
  8
0
 10
25.5561
 20
-82.3742
 11
25.5576
 21
-82.4196
  0
LINE
  8
0
 10
25.5576
 20
-82.4196
 11
25.5561
 21
-82.4543
  0
LINE
  8
0
 10
25.5561
 20
-82.4543
 11
25.5518
 21
-82.4859
  0
LINE
  8
0
 10
25.5518
 20
-82.4859
 11
25.5448
 21
-82.515
  0
LINE
  8
0
 10
25.5448
 20
-82.515
 11
25.5352
 21
-82.5415
  0
LINE
  8
0
 10
25.5352
 20
-82.5415
 11
25.5231
 21
-82.5657
  0
LINE
  8
0
 10
25.5231
 20
-82.5657
 11
25.5083
 21
-82.5879
  0
LINE
  8
0
 10
25.5083
 20
-82.5879
 11
25.4908
 21
-82.6084
  0
LINE
  8
0
 10
25.4908
 20
-82.6084
 11
25.4712
 21
-82.6265
  0
LINE
  8
0
 10
25.4712
 20
-82.6265
 11
25.4503
 21
-82.6418
  0
LINE
  8
0
 10
25.4503
 20
-82.6418
 11
25.4283
 21
-82.6542
  0
LINE
  8
0
 10
25.4283
 20
-82.6542
 11
25.4049
 21
-82.6638
  0
LINE
  8
0
 10
25.4049
 20
-82.6638
 11
25.38
 21
-82.6707
  0
LINE
  8
0
 10
25.38
 20
-82.6707
 11
25.353
 21
-82.675
  0
LINE
  8
0
 10
25.353
 20
-82.675
 11
25.3242
 21
-82.6764
  0
LINE
  8
0
 10
25.3242
 20
-82.6764
 11
25.2941
 21
-82.6748
  0
LINE
  8
0
 10
40.6545
 20
-83.7477
 11
40.7369
 21
-83.7401
  0
LINE
  8
0
 10
40.7369
 20
-83.7401
 11
40.8165
 21
-83.7273
  0
LINE
  8
0
 10
40.8165
 20
-83.7273
 11
40.8933
 21
-83.7093
  0
LINE
  8
0
 10
40.8933
 20
-83.7093
 11
40.9671
 21
-83.6861
  0
LINE
  8
0
 10
40.9671
 20
-83.6861
 11
41.038
 21
-83.6577
  0
LINE
  8
0
 10
41.038
 20
-83.6577
 11
41.1059
 21
-83.6241
  0
LINE
  8
0
 10
41.1059
 20
-83.6241
 11
41.1701
 21
-83.5855
  0
LINE
  8
0
 10
41.1701
 20
-83.5855
 11
41.2301
 21
-83.5422
  0
LINE
  8
0
 10
41.2301
 20
-83.5422
 11
41.2858
 21
-83.4942
  0
LINE
  8
0
 10
41.2858
 20
-83.4942
 11
41.3371
 21
-83.4416
  0
LINE
  8
0
 10
41.3371
 20
-83.4416
 11
41.3839
 21
-83.3845
  0
LINE
  8
0
 10
41.3839
 20
-83.3845
 11
41.4261
 21
-83.3228
  0
LINE
  8
0
 10
41.4261
 20
-83.3228
 11
41.4639
 21
-83.2568
  0
LINE
  8
0
 10
41.4639
 20
-83.2568
 11
41.4969
 21
-83.1872
  0
LINE
  8
0
 10
41.4969
 20
-83.1872
 11
41.5247
 21
-83.1146
  0
LINE
  8
0
 10
41.5247
 20
-83.1146
 11
41.5474
 21
-83.039
  0
LINE
  8
0
 10
41.5474
 20
-83.039
 11
41.565
 21
-82.9607
  0
LINE
  8
0
 10
41.565
 20
-82.9607
 11
41.5776
 21
-82.8795
  0
LINE
  8
0
 10
41.5776
 20
-82.8795
 11
41.5851
 21
-82.7956
  0
LINE
  8
0
 10
41.5851
 20
-82.7956
 11
41.5876
 21
-82.7085
  0
LINE
  8
0
 10
41.5876
 20
-82.7085
 11
41.5822
 21
-82.5786
  0
LINE
  8
0
 10
41.5822
 20
-82.5786
 11
41.5659
 21
-82.456
  0
LINE
  8
0
 10
41.5659
 20
-82.456
 11
41.5386
 21
-82.3408
  0
LINE
  8
0
 10
41.5386
 20
-82.3408
 11
41.5002
 21
-82.2333
  0
LINE
  8
0
 10
41.5002
 20
-82.2333
 11
41.4505
 21
-82.1336
  0
LINE
  8
0
 10
41.4505
 20
-82.1336
 11
41.3896
 21
-82.0421
  0
LINE
  8
0
 10
41.3896
 20
-82.0421
 11
41.3176
 21
-81.959
  0
LINE
  8
0
 10
41.3176
 20
-81.959
 11
41.2358
 21
-81.8856
  0
LINE
  8
0
 10
41.2358
 20
-81.8856
 11
41.1452
 21
-81.8235
  0
LINE
  8
0
 10
41.1452
 20
-81.8235
 11
41.0464
 21
-81.7728
  0
LINE
  8
0
 10
41.0464
 20
-81.7728
 11
40.9394
 21
-81.7336
  0
LINE
  8
0
 10
40.9394
 20
-81.7336
 11
40.8246
 21
-81.7057
  0
LINE
  8
0
 10
40.8246
 20
-81.7057
 11
40.7021
 21
-81.6891
  0
LINE
  8
0
 10
40.7021
 20
-81.6891
 11
40.5719
 21
-81.6836
  0
LINE
  8
0
 10
40.5719
 20
-81.6836
 11
40.4418
 21
-81.6891
  0
LINE
  8
0
 10
40.4418
 20
-81.6891
 11
40.3194
 21
-81.7055
  0
LINE
  8
0
 10
40.3194
 20
-81.7055
 11
40.2047
 21
-81.7331
  0
LINE
  8
0
 10
40.2047
 20
-81.7331
 11
40.0978
 21
-81.7719
  0
LINE
  8
0
 10
40.0978
 20
-81.7719
 11
39.9991
 21
-81.822
  0
LINE
  8
0
 10
39.9991
 20
-81.822
 11
39.9087
 21
-81.8835
  0
LINE
  8
0
 10
39.9087
 20
-81.8835
 11
39.827
 21
-81.9561
  0
LINE
  8
0
 10
39.827
 20
-81.9561
 11
39.7551
 21
-82.0387
  0
LINE
  8
0
 10
39.7551
 20
-82.0387
 11
39.6944
 21
-82.1301
  0
LINE
  8
0
 10
39.6944
 20
-82.1301
 11
39.6448
 21
-82.2298
  0
LINE
  8
0
 10
39.6448
 20
-82.2298
 11
39.6064
 21
-82.3377
  0
LINE
  8
0
 10
39.6064
 20
-82.3377
 11
39.5792
 21
-82.4536
  0
LINE
  8
0
 10
39.5792
 20
-82.4536
 11
39.563
 21
-82.5773
  0
LINE
  8
0
 10
39.563
 20
-82.5773
 11
39.5576
 21
-82.7088
  0
LINE
  8
0
 10
39.5576
 20
-82.7088
 11
39.563
 21
-82.8409
  0
LINE
  8
0
 10
39.563
 20
-82.8409
 11
39.5792
 21
-82.9653
  0
LINE
  8
0
 10
39.5792
 20
-82.9653
 11
39.6065
 21
-83.0821
  0
LINE
  8
0
 10
39.6065
 20
-83.0821
 11
39.6449
 21
-83.1912
  0
LINE
  8
0
 10
39.6449
 20
-83.1912
 11
39.6945
 21
-83.2924
  0
LINE
  8
0
 10
39.6945
 20
-83.2924
 11
39.7553
 21
-83.3853
  0
LINE
  8
0
 10
39.7553
 20
-83.3853
 11
39.8272
 21
-83.4699
  0
LINE
  8
0
 10
39.8272
 20
-83.4699
 11
39.909
 21
-83.5445
  0
LINE
  8
0
 10
39.909
 20
-83.5445
 11
39.9992
 21
-83.6078
  0
LINE
  8
0
 10
39.9992
 20
-83.6078
 11
40.0977
 21
-83.6594
  0
LINE
  8
0
 10
40.0977
 20
-83.6594
 11
40.2041
 21
-83.6994
  0
LINE
  8
0
 10
40.2041
 20
-83.6994
 11
40.3183
 21
-83.7278
  0
LINE
  8
0
 10
40.3183
 20
-83.7278
 11
40.44
 21
-83.7447
  0
LINE
  8
0
 10
40.44
 20
-83.7447
 11
40.5689
 21
-83.7503
  0
LINE
  8
0
 10
40.5689
 20
-83.7503
 11
40.6545
 21
-83.7477
  0
LINE
  8
0
 10
40.5028
 20
-83.3321
 11
40.4413
 21
-83.322
  0
LINE
  8
0
 10
40.4413
 20
-83.322
 11
40.3845
 21
-83.3053
  0
LINE
  8
0
 10
40.3845
 20
-83.3053
 11
40.3322
 21
-83.2821
  0
LINE
  8
0
 10
40.3322
 20
-83.2821
 11
40.284
 21
-83.2524
  0
LINE
  8
0
 10
40.284
 20
-83.2524
 11
40.2395
 21
-83.216
  0
LINE
  8
0
 10
40.2395
 20
-83.216
 11
40.1989
 21
-83.1726
  0
LINE
  8
0
 10
40.1989
 20
-83.1726
 11
40.1627
 21
-83.1231
  0
LINE
  8
0
 10
40.1627
 20
-83.1231
 11
40.1319
 21
-83.0681
  0
LINE
  8
0
 10
40.1319
 20
-83.0681
 11
40.1065
 21
-83.0078
  0
LINE
  8
0
 10
40.1065
 20
-83.0078
 11
40.0865
 21
-82.9418
  0
LINE
  8
0
 10
40.0865
 20
-82.9418
 11
40.0721
 21
-82.8699
  0
LINE
  8
0
 10
40.0721
 20
-82.8699
 11
40.0634
 21
-82.7924
  0
LINE
  8
0
 10
40.0634
 20
-82.7924
 11
40.0605
 21
-82.7089
  0
LINE
  8
0
 10
40.0605
 20
-82.7089
 11
40.0633
 21
-82.6262
  0
LINE
  8
0
 10
40.0633
 20
-82.6262
 11
40.0719
 21
-82.5494
  0
LINE
  8
0
 10
40.0719
 20
-82.5494
 11
40.0859
 21
-82.4788
  0
LINE
  8
0
 10
40.0859
 20
-82.4788
 11
40.1053
 21
-82.4144
  0
LINE
  8
0
 10
40.1053
 20
-82.4144
 11
40.1301
 21
-82.3555
  0
LINE
  8
0
 10
40.1301
 20
-82.3555
 11
40.1601
 21
-82.3024
  0
LINE
  8
0
 10
40.1601
 20
-82.3024
 11
40.1952
 21
-82.255
  0
LINE
  8
0
 10
40.1952
 20
-82.255
 11
40.235
 21
-82.2135
  0
LINE
  8
0
 10
40.235
 20
-82.2135
 11
40.2789
 21
-82.1786
  0
LINE
  8
0
 10
40.2789
 20
-82.1786
 11
40.3274
 21
-82.15
  0
LINE
  8
0
 10
40.3274
 20
-82.15
 11
40.3806
 21
-82.1277
  0
LINE
  8
0
 10
40.3806
 20
-82.1277
 11
40.4389
 21
-82.1116
  0
LINE
  8
0
 10
40.4389
 20
-82.1116
 11
40.5028
 21
-82.1017
  0
LINE
  8
0
 10
40.5028
 20
-82.1017
 11
40.5719
 21
-82.0984
  0
LINE
  8
0
 10
40.5719
 20
-82.0984
 11
40.64
 21
-82.1017
  0
LINE
  8
0
 10
40.64
 20
-82.1017
 11
40.7027
 21
-82.1116
  0
LINE
  8
0
 10
40.7027
 20
-82.1116
 11
40.7603
 21
-82.1279
  0
LINE
  8
0
 10
40.7603
 20
-82.1279
 11
40.8128
 21
-82.1503
  0
LINE
  8
0
 10
40.8128
 20
-82.1503
 11
40.861
 21
-82.1792
  0
LINE
  8
0
 10
40.861
 20
-82.1792
 11
40.9046
 21
-82.2142
  0
LINE
  8
0
 10
40.9046
 20
-82.2142
 11
40.9444
 21
-82.2561
  0
LINE
  8
0
 10
40.9444
 20
-82.2561
 11
40.9797
 21
-82.3041
  0
LINE
  8
0
 10
40.9797
 20
-82.3041
 11
41.0097
 21
-82.3573
  0
LINE
  8
0
 10
41.0097
 20
-82.3573
 11
41.0344
 21
-82.416
  0
LINE
  8
0
 10
41.0344
 20
-82.416
 11
41.0539
 21
-82.4805
  0
LINE
  8
0
 10
41.0539
 20
-82.4805
 11
41.0679
 21
-82.5508
  0
LINE
  8
0
 10
41.0679
 20
-82.5508
 11
41.0764
 21
-82.6267
  0
LINE
  8
0
 10
41.0764
 20
-82.6267
 11
41.0793
 21
-82.7089
  0
LINE
  8
0
 10
41.0793
 20
-82.7089
 11
41.0765
 21
-82.795
  0
LINE
  8
0
 10
41.0765
 20
-82.795
 11
41.068
 21
-82.8746
  0
LINE
  8
0
 10
41.068
 20
-82.8746
 11
41.0539
 21
-82.9478
  0
LINE
  8
0
 10
41.0539
 20
-82.9478
 11
41.0345
 21
-83.0144
  0
LINE
  8
0
 10
41.0345
 20
-83.0144
 11
41.0098
 21
-83.0749
  0
LINE
  8
0
 10
41.0098
 20
-83.0749
 11
40.9799
 21
-83.1291
  0
LINE
  8
0
 10
40.9799
 20
-83.1291
 11
40.945
 21
-83.1772
  0
LINE
  8
0
 10
40.945
 20
-83.1772
 11
40.9053
 21
-83.2193
  0
LINE
  8
0
 10
40.9053
 20
-83.2193
 11
40.8616
 21
-83.2545
  0
LINE
  8
0
 10
40.8616
 20
-83.2545
 11
40.8133
 21
-83.2834
  0
LINE
  8
0
 10
40.8133
 20
-83.2834
 11
40.7602
 21
-83.3059
  0
LINE
  8
0
 10
40.7602
 20
-83.3059
 11
40.7021
 21
-83.3222
  0
LINE
  8
0
 10
40.7021
 20
-83.3222
 11
40.6383
 21
-83.3322
  0
LINE
  8
0
 10
40.6383
 20
-83.3322
 11
40.5692
 21
-83.3355
  0
LINE
  8
0
 10
40.5692
 20
-83.3355
 11
40.5028
 21
-83.3321
  0
LINE
  8
0
 10
23.929
 20
-83.7471
 11
24.0178
 21
-83.7376
  0
LINE
  8
0
 10
24.0178
 20
-83.7376
 11
24.1008
 21
-83.7216
  0
LINE
  8
0
 10
24.1008
 20
-83.7216
 11
24.1781
 21
-83.699
  0
LINE
  8
0
 10
24.1781
 20
-83.699
 11
24.2495
 21
-83.6696
  0
LINE
  8
0
 10
24.2495
 20
-83.6696
 11
24.3148
 21
-83.6333
  0
LINE
  8
0
 10
24.3148
 20
-83.6333
 11
24.3738
 21
-83.5902
  0
LINE
  8
0
 10
24.3738
 20
-83.5902
 11
24.4257
 21
-83.5407
  0
LINE
  8
0
 10
24.4257
 20
-83.5407
 11
24.4699
 21
-83.4856
  0
LINE
  8
0
 10
24.4699
 20
-83.4856
 11
24.506
 21
-83.4251
  0
LINE
  8
0
 10
24.506
 20
-83.4251
 11
24.534
 21
-83.3594
  0
LINE
  8
0
 10
24.534
 20
-83.3594
 11
24.5538
 21
-83.289
  0
LINE
  8
0
 10
24.5538
 20
-83.289
 11
24.5656
 21
-83.2141
  0
LINE
  8
0
 10
24.5656
 20
-83.2141
 11
24.5694
 21
-83.1349
  0
LINE
  8
0
 10
24.5694
 20
-83.1349
 11
24.5671
 21
-83.0773
  0
LINE
  8
0
 10
24.5671
 20
-83.0773
 11
24.5601
 21
-83.0224
  0
LINE
  8
0
 10
24.5601
 20
-83.0224
 11
24.5483
 21
-82.9701
  0
LINE
  8
0
 10
24.5483
 20
-82.9701
 11
24.5316
 21
-82.9204
  0
LINE
  8
0
 10
24.5316
 20
-82.9204
 11
24.51
 21
-82.8736
  0
LINE
  8
0
 10
24.51
 20
-82.8736
 11
24.4834
 21
-82.8298
  0
LINE
  8
0
 10
24.4834
 20
-82.8298
 11
24.4521
 21
-82.7893
  0
LINE
  8
0
 10
24.4521
 20
-82.7893
 11
24.4167
 21
-82.7526
  0
LINE
  8
0
 10
24.4167
 20
-82.7526
 11
24.3777
 21
-82.72
  0
LINE
  8
0
 10
24.3777
 20
-82.72
 11
24.3351
 21
-82.6918
  0
LINE
  8
0
 10
24.3351
 20
-82.6918
 11
24.2892
 21
-82.6678
  0
LINE
  8
0
 10
24.2892
 20
-82.6678
 11
24.2783
 21
-82.6634
  0
LINE
  8
0
 10
24.2783
 20
-82.6634
 11
24.3127
 21
-82.6432
  0
LINE
  8
0
 10
24.3127
 20
-82.6432
 11
24.3504
 21
-82.6152
  0
LINE
  8
0
 10
24.3504
 20
-82.6152
 11
24.3851
 21
-82.5833
  0
LINE
  8
0
 10
24.3851
 20
-82.5833
 11
24.4167
 21
-82.5476
  0
LINE
  8
0
 10
24.4167
 20
-82.5476
 11
24.4446
 21
-82.5091
  0
LINE
  8
0
 10
24.4446
 20
-82.5091
 11
24.4682
 21
-82.4689
  0
LINE
  8
0
 10
24.4682
 20
-82.4689
 11
24.4876
 21
-82.4268
  0
LINE
  8
0
 10
24.4876
 20
-82.4268
 11
24.5027
 21
-82.3829
  0
LINE
  8
0
 10
24.5027
 20
-82.3829
 11
24.5134
 21
-82.3375
  0
LINE
  8
0
 10
24.5134
 20
-82.3375
 11
24.5198
 21
-82.2906
  0
LINE
  8
0
 10
24.5198
 20
-82.2906
 11
24.522
 21
-82.2421
  0
LINE
  8
0
 10
24.522
 20
-82.2421
 11
24.5183
 21
-82.1696
  0
LINE
  8
0
 10
24.5183
 20
-82.1696
 11
24.5072
 21
-82.1009
  0
LINE
  8
0
 10
24.5072
 20
-82.1009
 11
24.4885
 21
-82.0364
  0
LINE
  8
0
 10
24.4885
 20
-82.0364
 11
24.462
 21
-81.9764
  0
LINE
  8
0
 10
24.462
 20
-81.9764
 11
24.4278
 21
-81.9213
  0
LINE
  8
0
 10
24.4278
 20
-81.9213
 11
24.386
 21
-81.8713
  0
LINE
  8
0
 10
24.386
 20
-81.8713
 11
24.337
 21
-81.8267
  0
LINE
  8
0
 10
24.337
 20
-81.8267
 11
24.2814
 21
-81.788
  0
LINE
  8
0
 10
24.2814
 20
-81.788
 11
24.2198
 21
-81.7556
  0
LINE
  8
0
 10
24.2198
 20
-81.7556
 11
24.1527
 21
-81.7294
  0
LINE
  8
0
 10
24.1527
 20
-81.7294
 11
24.0799
 21
-81.7092
  0
LINE
  8
0
 10
24.0799
 20
-81.7092
 11
24.0018
 21
-81.6949
  0
LINE
  8
0
 10
24.0018
 20
-81.6949
 11
23.9182
 21
-81.6865
  0
LINE
  8
0
 10
23.9182
 20
-81.6865
 11
23.829
 21
-81.6837
  0
LINE
  8
0
 10
23.829
 20
-81.6837
 11
23.7416
 21
-81.6865
  0
LINE
  8
0
 10
23.7416
 20
-81.6865
 11
23.6594
 21
-81.6953
  0
LINE
  8
0
 10
23.6594
 20
-81.6953
 11
23.5823
 21
-81.7099
  0
LINE
  8
0
 10
23.5823
 20
-81.7099
 11
23.5104
 21
-81.7307
  0
LINE
  8
0
 10
23.5104
 20
-81.7307
 11
23.4439
 21
-81.7576
  0
LINE
  8
0
 10
23.4439
 20
-81.7576
 11
23.3828
 21
-81.7909
  0
LINE
  8
0
 10
23.3828
 20
-81.7909
 11
23.3275
 21
-81.8305
  0
LINE
  8
0
 10
23.3275
 20
-81.8305
 11
23.2787
 21
-81.8756
  0
LINE
  8
0
 10
23.2787
 20
-81.8756
 11
23.2371
 21
-81.9255
  0
LINE
  8
0
 10
23.2371
 20
-81.9255
 11
23.203
 21
-81.9802
  0
LINE
  8
0
 10
23.203
 20
-81.9802
 11
23.1765
 21
-82.0392
  0
LINE
  8
0
 10
23.1765
 20
-82.0392
 11
23.1577
 21
-82.1023
  0
LINE
  8
0
 10
23.1577
 20
-82.1023
 11
23.1466
 21
-82.1691
  0
LINE
  8
0
 10
23.1466
 20
-82.1691
 11
23.1429
 21
-82.2394
  0
LINE
  8
0
 10
23.1429
 20
-82.2394
 11
23.1451
 21
-82.2879
  0
LINE
  8
0
 10
23.1451
 20
-82.2879
 11
23.1515
 21
-82.3349
  0
LINE
  8
0
 10
23.1515
 20
-82.3349
 11
23.1623
 21
-82.3805
  0
LINE
  8
0
 10
23.1623
 20
-82.3805
 11
23.1775
 21
-82.4245
  0
LINE
  8
0
 10
23.1775
 20
-82.4245
 11
23.197
 21
-82.4669
  0
LINE
  8
0
 10
23.197
 20
-82.4669
 11
23.2208
 21
-82.5074
  0
LINE
  8
0
 10
23.2208
 20
-82.5074
 11
23.2487
 21
-82.5461
  0
LINE
  8
0
 10
23.2487
 20
-82.5461
 11
23.2802
 21
-82.582
  0
LINE
  8
0
 10
23.2802
 20
-82.582
 11
23.3147
 21
-82.6143
  0
LINE
  8
0
 10
23.3147
 20
-82.6143
 11
23.3519
 21
-82.6428
  0
LINE
  8
0
 10
23.3519
 20
-82.6428
 11
23.3898
 21
-82.6661
  0
LINE
  8
0
 10
23.3898
 20
-82.6661
 11
23.3766
 21
-82.6716
  0
LINE
  8
0
 10
23.3766
 20
-82.6716
 11
23.3315
 21
-82.6963
  0
LINE
  8
0
 10
23.3315
 20
-82.6963
 11
23.2896
 21
-82.7254
  0
LINE
  8
0
 10
23.2896
 20
-82.7254
 11
23.251
 21
-82.7589
  0
LINE
  8
0
 10
23.251
 20
-82.7589
 11
23.2157
 21
-82.7966
  0
LINE
  8
0
 10
23.2157
 20
-82.7966
 11
23.1845
 21
-82.8378
  0
LINE
  8
0
 10
23.1845
 20
-82.8378
 11
23.158
 21
-82.8817
  0
LINE
  8
0
 10
23.158
 20
-82.8817
 11
23.1363
 21
-82.9282
  0
LINE
  8
0
 10
23.1363
 20
-82.9282
 11
23.1195
 21
-82.9772
  0
LINE
  8
0
 10
23.1195
 20
-82.9772
 11
23.1076
 21
-83.0285
  0
LINE
  8
0
 10
23.1076
 20
-83.0285
 11
23.1005
 21
-83.0819
  0
LINE
  8
0
 10
23.1005
 20
-83.0819
 11
23.0982
 21
-83.1376
  0
LINE
  8
0
 10
23.0982
 20
-83.1376
 11
23.1021
 21
-83.2165
  0
LINE
  8
0
 10
23.1021
 20
-83.2165
 11
23.114
 21
-83.2912
  0
LINE
  8
0
 10
23.114
 20
-83.2912
 11
23.134
 21
-83.3614
  0
LINE
  8
0
 10
23.134
 20
-83.3614
 11
23.1624
 21
-83.4268
  0
LINE
  8
0
 10
23.1624
 20
-83.4268
 11
23.1989
 21
-83.4871
  0
LINE
  8
0
 10
23.1989
 20
-83.4871
 11
23.2436
 21
-83.5419
  0
LINE
  8
0
 10
23.2436
 20
-83.5419
 11
23.2961
 21
-83.5911
  0
LINE
  8
0
 10
23.2961
 20
-83.5911
 11
23.3555
 21
-83.634
  0
LINE
  8
0
 10
23.3555
 20
-83.634
 11
23.421
 21
-83.67
  0
LINE
  8
0
 10
23.421
 20
-83.67
 11
23.4925
 21
-83.6992
  0
LINE
  8
0
 10
23.4925
 20
-83.6992
 11
23.5696
 21
-83.7217
  0
LINE
  8
0
 10
23.5696
 20
-83.7217
 11
23.6523
 21
-83.7377
  0
LINE
  8
0
 10
23.6523
 20
-83.7377
 11
23.7406
 21
-83.7471
  0
LINE
  8
0
 10
23.7406
 20
-83.7471
 11
23.8345
 21
-83.7503
  0
LINE
  8
0
 10
23.8345
 20
-83.7503
 11
23.929
 21
-83.7471
  0
LINE
  8
0
 10
23.7749
 20
-82.4816
 11
23.7301
 21
-82.4682
  0
LINE
  8
0
 10
23.7301
 20
-82.4682
 11
23.6958
 21
-82.4473
  0
LINE
  8
0
 10
23.6958
 20
-82.4473
 11
23.6696
 21
-82.4185
  0
LINE
  8
0
 10
23.6696
 20
-82.4185
 11
23.6497
 21
-82.3792
  0
LINE
  8
0
 10
23.6497
 20
-82.3792
 11
23.6369
 21
-82.3275
  0
LINE
  8
0
 10
23.6369
 20
-82.3275
 11
23.6323
 21
-82.2626
  0
LINE
  8
0
 10
23.6323
 20
-82.2626
 11
23.6368
 21
-82.2013
  0
LINE
  8
0
 10
23.6368
 20
-82.2013
 11
23.6493
 21
-82.1525
  0
LINE
  8
0
 10
23.6493
 20
-82.1525
 11
23.6687
 21
-82.1156
  0
LINE
  8
0
 10
23.6687
 20
-82.1156
 11
23.6943
 21
-82.0884
  0
LINE
  8
0
 10
23.6943
 20
-82.0884
 11
23.7281
 21
-82.0685
  0
LINE
  8
0
 10
23.7281
 20
-82.0685
 11
23.7726
 21
-82.0556
  0
LINE
  8
0
 10
23.7726
 20
-82.0556
 11
23.8301
 21
-82.0509
  0
LINE
  8
0
 10
23.8301
 20
-82.0509
 11
23.86
 21
-82.052
  0
LINE
  8
0
 10
23.86
 20
-82.052
 11
23.8875
 21
-82.0553
  0
LINE
  8
0
 10
23.8875
 20
-82.0553
 11
23.9122
 21
-82.0608
  0
LINE
  8
0
 10
23.9122
 20
-82.0608
 11
23.9335
 21
-82.0679
  0
LINE
  8
0
 10
23.9335
 20
-82.0679
 11
23.9523
 21
-82.0768
  0
LINE
  8
0
 10
23.9523
 20
-82.0768
 11
23.9682
 21
-82.0872
  0
LINE
  8
0
 10
23.9682
 20
-82.0872
 11
23.9818
 21
-82.0991
  0
LINE
  8
0
 10
23.9818
 20
-82.0991
 11
23.9937
 21
-82.1131
  0
LINE
  8
0
 10
23.9937
 20
-82.1131
 11
24.0039
 21
-82.1295
  0
LINE
  8
0
 10
24.0039
 20
-82.1295
 11
24.0128
 21
-82.1491
  0
LINE
  8
0
 10
24.0128
 20
-82.1491
 11
24.02
 21
-82.1723
  0
LINE
  8
0
 10
24.02
 20
-82.1723
 11
24.0254
 21
-82.1987
  0
LINE
  8
0
 10
24.0254
 20
-82.1987
 11
24.0288
 21
-82.229
  0
LINE
  8
0
 10
24.0288
 20
-82.229
 11
24.0299
 21
-82.2628
  0
LINE
  8
0
 10
24.0299
 20
-82.2628
 11
24.0288
 21
-82.2993
  0
LINE
  8
0
 10
24.0288
 20
-82.2993
 11
24.0254
 21
-82.3325
  0
LINE
  8
0
 10
24.0254
 20
-82.3325
 11
24.0199
 21
-82.3613
  0
LINE
  8
0
 10
24.0199
 20
-82.3613
 11
24.0126
 21
-82.3862
  0
LINE
  8
0
 10
24.0126
 20
-82.3862
 11
24.0038
 21
-82.4069
  0
LINE
  8
0
 10
24.0038
 20
-82.4069
 11
23.9936
 21
-82.4241
  0
LINE
  8
0
 10
23.9936
 20
-82.4241
 11
23.982
 21
-82.4382
  0
LINE
  8
0
 10
23.982
 20
-82.4382
 11
23.9687
 21
-82.4501
  0
LINE
  8
0
 10
23.9687
 20
-82.4501
 11
23.953
 21
-82.4606
  0
LINE
  8
0
 10
23.953
 20
-82.4606
 11
23.9347
 21
-82.4695
  0
LINE
  8
0
 10
23.9347
 20
-82.4695
 11
23.9135
 21
-82.4767
  0
LINE
  8
0
 10
23.9135
 20
-82.4767
 11
23.8895
 21
-82.482
  0
LINE
  8
0
 10
23.8895
 20
-82.482
 11
23.862
 21
-82.4854
  0
LINE
  8
0
 10
23.862
 20
-82.4854
 11
23.8329
 21
-82.4865
  0
LINE
  8
0
 10
23.8329
 20
-82.4865
 11
23.7749
 21
-82.4816
  0
LINE
  8
0
 10
23.7998
 20
-83.3802
 11
23.766
 21
-83.3761
  0
LINE
  8
0
 10
23.766
 20
-83.3761
 11
23.736
 21
-83.3693
  0
LINE
  8
0
 10
23.736
 20
-83.3693
 11
23.7097
 21
-83.3602
  0
LINE
  8
0
 10
23.7097
 20
-83.3602
 11
23.6867
 21
-83.3489
  0
LINE
  8
0
 10
23.6867
 20
-83.3489
 11
23.6669
 21
-83.3355
  0
LINE
  8
0
 10
23.6669
 20
-83.3355
 11
23.6499
 21
-83.32
  0
LINE
  8
0
 10
23.6499
 20
-83.32
 11
23.6351
 21
-83.3018
  0
LINE
  8
0
 10
23.6351
 20
-83.3018
 11
23.6222
 21
-83.2801
  0
LINE
  8
0
 10
23.6222
 20
-83.2801
 11
23.6112
 21
-83.2543
  0
LINE
  8
0
 10
23.6112
 20
-83.2543
 11
23.6023
 21
-83.2245
  0
LINE
  8
0
 10
23.6023
 20
-83.2245
 11
23.5956
 21
-83.1902
  0
LINE
  8
0
 10
23.5956
 20
-83.1902
 11
23.5916
 21
-83.1516
  0
LINE
  8
0
 10
23.5916
 20
-83.1516
 11
23.5902
 21
-83.1091
  0
LINE
  8
0
 10
23.5902
 20
-83.1091
 11
23.5916
 21
-83.0719
  0
LINE
  8
0
 10
23.5916
 20
-83.0719
 11
23.5956
 21
-83.0383
  0
LINE
  8
0
 10
23.5956
 20
-83.0383
 11
23.6021
 21
-83.0079
  0
LINE
  8
0
 10
23.6021
 20
-83.0079
 11
23.6109
 21
-82.9809
  0
LINE
  8
0
 10
23.6109
 20
-82.9809
 11
23.622
 21
-82.9567
  0
LINE
  8
0
 10
23.622
 20
-82.9567
 11
23.6352
 21
-82.9355
  0
LINE
  8
0
 10
23.6352
 20
-82.9355
 11
23.6506
 21
-82.9167
  0
LINE
  8
0
 10
23.6506
 20
-82.9167
 11
23.6681
 21
-82.9005
  0
LINE
  8
0
 10
23.6681
 20
-82.9005
 11
23.6877
 21
-82.8867
  0
LINE
  8
0
 10
23.6877
 20
-82.8867
 11
23.7096
 21
-82.8752
  0
LINE
  8
0
 10
23.7096
 20
-82.8752
 11
23.7342
 21
-82.8661
  0
LINE
  8
0
 10
23.7342
 20
-82.8661
 11
23.7619
 21
-82.8594
  0
LINE
  8
0
 10
23.7619
 20
-82.8594
 11
23.7925
 21
-82.8552
  0
LINE
  8
0
 10
23.7925
 20
-82.8552
 11
23.8255
 21
-82.8539
  0
LINE
  8
0
 10
23.8255
 20
-82.8539
 11
23.8969
 21
-82.8594
  0
LINE
  8
0
 10
23.8969
 20
-82.8594
 11
23.9534
 21
-82.8748
  0
LINE
  8
0
 10
23.9534
 20
-82.8748
 11
23.9968
 21
-82.8991
  0
LINE
  8
0
 10
23.9968
 20
-82.8991
 11
24.0295
 21
-82.932
  0
LINE
  8
0
 10
24.0295
 20
-82.932
 11
24.0537
 21
-82.9756
  0
LINE
  8
0
 10
24.0537
 20
-82.9756
 11
24.0691
 21
-83.0325
  0
LINE
  8
0
 10
24.0691
 20
-83.0325
 11
24.0747
 21
-83.1047
  0
LINE
  8
0
 10
24.0747
 20
-83.1047
 11
24.0734
 21
-83.1479
  0
LINE
  8
0
 10
24.0734
 20
-83.1479
 11
24.0694
 21
-83.188
  0
LINE
  8
0
 10
24.0694
 20
-83.188
 11
24.0631
 21
-83.2234
  0
LINE
  8
0
 10
24.0631
 20
-83.2234
 11
24.0545
 21
-83.2544
  0
LINE
  8
0
 10
24.0545
 20
-83.2544
 11
24.0439
 21
-83.2808
  0
LINE
  8
0
 10
24.0439
 20
-83.2808
 11
24.0316
 21
-83.3026
  0
LINE
  8
0
 10
24.0316
 20
-83.3026
 11
24.0175
 21
-83.3209
  0
LINE
  8
0
 10
24.0175
 20
-83.3209
 11
24.0016
 21
-83.3361
  0
LINE
  8
0
 10
24.0016
 20
-83.3361
 11
23.9827
 21
-83.3493
  0
LINE
  8
0
 10
23.9827
 20
-83.3493
 11
23.9609
 21
-83.3604
  0
LINE
  8
0
 10
23.9609
 20
-83.3604
 11
23.9355
 21
-83.3694
  0
LINE
  8
0
 10
23.9355
 20
-83.3694
 11
23.9066
 21
-83.3761
  0
LINE
  8
0
 10
23.9066
 20
-83.3761
 11
23.8737
 21
-83.3802
  0
LINE
  8
0
 10
23.8737
 20
-83.3802
 11
23.8371
 21
-83.3817
  0
LINE
  8
0
 10
23.8371
 20
-83.3817
 11
23.7998
 21
-83.3802
  0
LINE
  8
0
 10
39.4979
 20
-83.3139
 11
38.4726
 21
-83.3139
  0
LINE
  8
0
 10
38.4726
 20
-83.3139
 11
38.4726
 21
-81.7122
  0
LINE
  8
0
 10
38.4726
 20
-81.7122
 11
37.9725
 21
-81.7122
  0
LINE
  8
0
 10
37.9725
 20
-81.7122
 11
37.9725
 21
-83.7231
  0
LINE
  8
0
 10
37.9725
 20
-83.7231
 11
39.4979
 21
-83.7231
  0
LINE
  8
0
 10
39.4979
 20
-83.7231
 11
39.4979
 21
-83.3139
  0
LINE
  8
0
 10
21.7478
 20
-82.1214
 11
22.3662
 21
-82.1214
  0
LINE
  8
0
 10
22.3662
 20
-82.1214
 11
22.3662
 21
-81.7122
  0
LINE
  8
0
 10
22.3662
 20
-81.7122
 11
20.6306
 21
-81.7122
  0
LINE
  8
0
 10
20.6306
 20
-81.7122
 11
20.6306
 21
-82.1214
  0
LINE
  8
0
 10
20.6306
 20
-82.1214
 11
21.2477
 21
-82.1214
  0
LINE
  8
0
 10
21.2477
 20
-82.1214
 11
21.2477
 21
-83.7231
  0
LINE
  8
0
 10
21.2477
 20
-83.7231
 11
21.7478
 21
-83.7231
  0
LINE
  8
0
 10
21.7478
 20
-83.7231
 11
21.7478
 21
-82.1214
  0
LINE
  8
0
 10
55.3593
 20
-82.9039
 11
56.092
 21
-82.9039
  0
LINE
  8
0
 10
56.092
 20
-82.9039
 11
56.092
 21
-83.7231
  0
LINE
  8
0
 10
56.092
 20
-83.7231
 11
56.5921
 21
-83.7231
  0
LINE
  8
0
 10
56.5921
 20
-83.7231
 11
56.5921
 21
-81.7122
  0
LINE
  8
0
 10
56.5921
 20
-81.7122
 11
56.092
 21
-81.7122
  0
LINE
  8
0
 10
56.092
 20
-81.7122
 11
56.092
 21
-82.473
  0
LINE
  8
0
 10
56.092
 20
-82.473
 11
55.3593
 21
-82.473
  0
LINE
  8
0
 10
55.3593
 20
-82.473
 11
55.3593
 21
-81.7122
  0
LINE
  8
0
 10
55.3593
 20
-81.7122
 11
54.8591
 21
-81.7122
  0
LINE
  8
0
 10
54.8591
 20
-81.7122
 11
54.8591
 21
-83.7231
  0
LINE
  8
0
 10
54.8591
 20
-83.7231
 11
55.3593
 21
-83.7231
  0
LINE
  8
0
 10
55.3593
 20
-83.7231
 11
55.3593
 21
-82.9039
  0
LINE
  8
0
 10
18.3316
 20
-83.746
 11
18.4409
 21
-83.7333
  0
LINE
  8
0
 10
18.4409
 20
-83.7333
 11
18.5432
 21
-83.7119
  0
LINE
  8
0
 10
18.5432
 20
-83.7119
 11
18.6384
 21
-83.6817
  0
LINE
  8
0
 10
18.6384
 20
-83.6817
 11
18.7265
 21
-83.6427
  0
LINE
  8
0
 10
18.7265
 20
-83.6427
 11
18.8071
 21
-83.5946
  0
LINE
  8
0
 10
18.8071
 20
-83.5946
 11
18.8799
 21
-83.5376
  0
LINE
  8
0
 10
18.8799
 20
-83.5376
 11
18.9441
 21
-83.4724
  0
LINE
  8
0
 10
18.9441
 20
-83.4724
 11
18.9985
 21
-83.3999
  0
LINE
  8
0
 10
18.9985
 20
-83.3999
 11
19.043
 21
-83.3202
  0
LINE
  8
0
 10
19.043
 20
-83.3202
 11
19.0774
 21
-83.2339
  0
LINE
  8
0
 10
19.0774
 20
-83.2339
 11
19.1018
 21
-83.141
  0
LINE
  8
0
 10
19.1018
 20
-83.141
 11
19.1163
 21
-83.042
  0
LINE
  8
0
 10
19.1163
 20
-83.042
 11
19.121
 21
-82.9378
  0
LINE
  8
0
 10
19.121
 20
-82.9378
 11
19.121
 21
-81.7122
  0
LINE
  8
0
 10
19.121
 20
-81.7122
 11
18.6209
 21
-81.7122
  0
LINE
  8
0
 10
18.6209
 20
-81.7122
 11
18.6209
 21
-82.9112
  0
LINE
  8
0
 10
18.6209
 20
-82.9112
 11
18.6187
 21
-82.9717
  0
LINE
  8
0
 10
18.6187
 20
-82.9717
 11
18.6121
 21
-83.0264
  0
LINE
  8
0
 10
18.6121
 20
-83.0264
 11
18.6015
 21
-83.076
  0
LINE
  8
0
 10
18.6015
 20
-83.076
 11
18.5867
 21
-83.1211
  0
LINE
  8
0
 10
18.5867
 20
-83.1211
 11
18.568
 21
-83.1617
  0
LINE
  8
0
 10
18.568
 20
-83.1617
 11
18.5455
 21
-83.1977
  0
LINE
  8
0
 10
18.5455
 20
-83.1977
 11
18.5191
 21
-83.2299
  0
LINE
  8
0
 10
18.5191
 20
-83.2299
 11
18.4891
 21
-83.2579
  0
LINE
  8
0
 10
18.4891
 20
-83.2579
 11
18.4556
 21
-83.2815
  0
LINE
  8
0
 10
18.4556
 20
-83.2815
 11
18.4182
 21
-83.3011
  0
LINE
  8
0
 10
18.4182
 20
-83.3011
 11
18.3769
 21
-83.3165
  0
LINE
  8
0
 10
18.3769
 20
-83.3165
 11
18.3311
 21
-83.3278
  0
LINE
  8
0
 10
18.3311
 20
-83.3278
 11
18.2809
 21
-83.3346
  0
LINE
  8
0
 10
18.2809
 20
-83.3346
 11
18.2261
 21
-83.3369
  0
LINE
  8
0
 10
18.2261
 20
-83.3369
 11
18.1729
 21
-83.3347
  0
LINE
  8
0
 10
18.1729
 20
-83.3347
 11
18.1241
 21
-83.3282
  0
LINE
  8
0
 10
18.1241
 20
-83.3282
 11
18.0803
 21
-83.3175
  0
LINE
  8
0
 10
18.0803
 20
-83.3175
 11
18.0408
 21
-83.3029
  0
LINE
  8
0
 10
18.0408
 20
-83.3029
 11
18.0055
 21
-83.2844
  0
LINE
  8
0
 10
18.0055
 20
-83.2844
 11
17.9742
 21
-83.2621
  0
LINE
  8
0
 10
17.9742
 20
-83.2621
 11
17.9462
 21
-83.2356
  0
LINE
  8
0
 10
17.9462
 20
-83.2356
 11
17.922
 21
-83.2053
  0
LINE
  8
0
 10
17.922
 20
-83.2053
 11
17.901
 21
-83.1705
  0
LINE
  8
0
 10
17.901
 20
-83.1705
 11
17.8837
 21
-83.1314
  0
LINE
  8
0
 10
17.8837
 20
-83.1314
 11
17.8699
 21
-83.0874
  0
LINE
  8
0
 10
17.8699
 20
-83.0874
 11
17.8598
 21
-83.0384
  0
LINE
  8
0
 10
17.8598
 20
-83.0384
 11
17.8537
 21
-82.9846
  0
LINE
  8
0
 10
17.8537
 20
-82.9846
 11
17.8516
 21
-82.9249
  0
LINE
  8
0
 10
17.8516
 20
-82.9249
 11
17.8516
 21
-81.7122
  0
LINE
  8
0
 10
17.8516
 20
-81.7122
 11
17.3515
 21
-81.7122
  0
LINE
  8
0
 10
17.3515
 20
-81.7122
 11
17.3515
 21
-82.9581
  0
LINE
  8
0
 10
17.3515
 20
-82.9581
 11
17.3559
 21
-83.0605
  0
LINE
  8
0
 10
17.3559
 20
-83.0605
 11
17.3695
 21
-83.1577
  0
LINE
  8
0
 10
17.3695
 20
-83.1577
 11
17.3922
 21
-83.2485
  0
LINE
  8
0
 10
17.3922
 20
-83.2485
 11
17.4243
 21
-83.3329
  0
LINE
  8
0
 10
17.4243
 20
-83.3329
 11
17.4659
 21
-83.4106
  0
LINE
  8
0
 10
17.4659
 20
-83.4106
 11
17.5169
 21
-83.4813
  0
LINE
  8
0
 10
17.5169
 20
-83.4813
 11
17.5771
 21
-83.5445
  0
LINE
  8
0
 10
17.5771
 20
-83.5445
 11
17.6459
 21
-83.5998
  0
LINE
  8
0
 10
17.6459
 20
-83.5998
 11
17.7226
 21
-83.6463
  0
LINE
  8
0
 10
17.7226
 20
-83.6463
 11
17.8067
 21
-83.6841
  0
LINE
  8
0
 10
17.8067
 20
-83.6841
 11
17.8982
 21
-83.7133
  0
LINE
  8
0
 10
17.8982
 20
-83.7133
 11
17.9968
 21
-83.7339
  0
LINE
  8
0
 10
17.9968
 20
-83.7339
 11
18.1025
 21
-83.7462
  0
LINE
  8
0
 10
18.1025
 20
-83.7462
 11
18.2152
 21
-83.7503
  0
LINE
  8
0
 10
18.2152
 20
-83.7503
 11
18.3316
 21
-83.746
  0
LINE
  8
0
 10
20.8549
 20
-83.3139
 11
19.8296
 21
-83.3139
  0
LINE
  8
0
 10
19.8296
 20
-83.3139
 11
19.8296
 21
-81.7122
  0
LINE
  8
0
 10
19.8296
 20
-81.7122
 11
19.3295
 21
-81.7122
  0
LINE
  8
0
 10
19.3295
 20
-81.7122
 11
19.3295
 21
-83.7231
  0
LINE
  8
0
 10
19.3295
 20
-83.7231
 11
20.8549
 21
-83.7231
  0
LINE
  8
0
 10
20.8549
 20
-83.7231
 11
20.8549
 21
-83.3139
  0
LINE
  8
0
 10
13.7531
 20
-83.3139
 11
12.5949
 21
-83.3139
  0
LINE
  8
0
 10
12.5949
 20
-83.3139
 11
12.5949
 21
-82.9107
  0
LINE
  8
0
 10
12.5949
 20
-82.9107
 11
13.6148
 21
-82.9107
  0
LINE
  8
0
 10
13.6148
 20
-82.9107
 11
13.6148
 21
-82.5015
  0
LINE
  8
0
 10
13.6148
 20
-82.5015
 11
12.5949
 21
-82.5015
  0
LINE
  8
0
 10
12.5949
 20
-82.5015
 11
12.5949
 21
-82.1214
  0
LINE
  8
0
 10
12.5949
 20
-82.1214
 11
13.6975
 21
-82.1214
  0
LINE
  8
0
 10
13.6975
 20
-82.1214
 11
13.6975
 21
-81.7122
  0
LINE
  8
0
 10
13.6975
 20
-81.7122
 11
12.0948
 21
-81.7122
  0
LINE
  8
0
 10
12.0948
 20
-81.7122
 11
12.0948
 21
-83.7231
  0
LINE
  8
0
 10
12.0948
 20
-83.7231
 11
13.7531
 21
-83.7231
  0
LINE
  8
0
 10
13.7531
 20
-83.7231
 11
13.7531
 21
-83.3139
  0
LINE
  8
0
 10
14.4042
 20
-83.0219
 11
15.3821
 21
-83.0219
  0
LINE
  8
0
 10
15.3821
 20
-83.0219
 11
15.3821
 21
-82.6127
  0
LINE
  8
0
 10
15.3821
 20
-82.6127
 11
14.4042
 21
-82.6127
  0
LINE
  8
0
 10
14.4042
 20
-82.6127
 11
14.4042
 21
-82.1214
  0
LINE
  8
0
 10
14.4042
 20
-82.1214
 11
15.4133
 21
-82.1214
  0
LINE
  8
0
 10
15.4133
 20
-82.1214
 11
15.4133
 21
-81.7122
  0
LINE
  8
0
 10
15.4133
 20
-81.7122
 11
13.9041
 21
-81.7122
  0
LINE
  8
0
 10
13.9041
 20
-81.7122
 11
13.9041
 21
-83.7231
  0
LINE
  8
0
 10
13.9041
 20
-83.7231
 11
14.4042
 21
-83.7231
  0
LINE
  8
0
 10
14.4042
 20
-83.7231
 11
14.4042
 21
-83.0219
  0
LINE
  8
0
 10
52.2773
 20
-83.3339
 11
52.5322
 21
-83.3339
  0
LINE
  8
0
 10
52.5322
 20
-83.3339
 11
52.5322
 21
-82.9504
  0
LINE
  8
0
 10
52.5322
 20
-82.9504
 11
52.2773
 21
-82.9504
  0
LINE
  8
0
 10
52.2773
 20
-82.9504
 11
52.2773
 21
-81.7122
  0
LINE
  8
0
 10
52.2773
 20
-81.7122
 11
51.7743
 21
-81.7122
  0
LINE
  8
0
 10
51.7743
 20
-81.7122
 11
50.9444
 21
-82.9828
  0
LINE
  8
0
 10
50.9444
 20
-82.9828
 11
50.9444
 21
-83.3339
  0
LINE
  8
0
 10
50.9444
 20
-83.3339
 11
51.8138
 21
-83.3339
  0
LINE
  8
0
 10
51.8138
 20
-83.3339
 11
51.8138
 21
-83.7231
  0
LINE
  8
0
 10
51.8138
 20
-83.7231
 11
52.2773
 21
-83.7231
  0
LINE
  8
0
 10
52.2773
 20
-83.7231
 11
52.2773
 21
-83.3339
  0
LINE
  8
0
 10
51.3977
 20
-82.9504
 11
51.7905
 21
-82.3535
  0
LINE
  8
0
 10
51.7905
 20
-82.3535
 11
51.8145
 21
-82.3156
  0
LINE
  8
0
 10
51.8145
 20
-82.3156
 11
51.8142
 21
-82.3315
  0
LINE
  8
0
 10
51.8142
 20
-82.3315
 11
51.8139
 21
-82.3536
  0
LINE
  8
0
 10
51.8139
 20
-82.3536
 11
51.8138
 21
-82.3751
  0
LINE
  8
0
 10
51.8138
 20
-82.3751
 11
51.8138
 21
-82.9504
  0
LINE
  8
0
 10
51.8138
 20
-82.9504
 11
51.3977
 21
-82.9504
  0
LINE
  8
0
 10
28.1559
 20
-83.3339
 11
28.4109
 21
-83.3339
  0
LINE
  8
0
 10
28.4109
 20
-83.3339
 11
28.4109
 21
-82.9504
  0
LINE
  8
0
 10
28.4109
 20
-82.9504
 11
28.1559
 21
-82.9504
  0
LINE
  8
0
 10
28.1559
 20
-82.9504
 11
28.1559
 21
-81.7122
  0
LINE
  8
0
 10
28.1559
 20
-81.7122
 11
27.653
 21
-81.7122
  0
LINE
  8
0
 10
27.653
 20
-81.7122
 11
26.8231
 21
-82.9828
  0
LINE
  8
0
 10
26.8231
 20
-82.9828
 11
26.8231
 21
-83.3339
  0
LINE
  8
0
 10
26.8231
 20
-83.3339
 11
27.6924
 21
-83.3339
  0
LINE
  8
0
 10
27.6924
 20
-83.3339
 11
27.6924
 21
-83.7231
  0
LINE
  8
0
 10
27.6924
 20
-83.7231
 11
28.1559
 21
-83.7231
  0
LINE
  8
0
 10
28.1559
 20
-83.7231
 11
28.1559
 21
-83.3339
  0
LINE
  8
0
 10
27.2764
 20
-82.9504
 11
27.6691
 21
-82.3535
  0
LINE
  8
0
 10
27.6691
 20
-82.3535
 11
27.6932
 21
-82.3156
  0
LINE
  8
0
 10
27.6932
 20
-82.3156
 11
27.6928
 21
-82.3315
  0
LINE
  8
0
 10
27.6928
 20
-82.3315
 11
27.6925
 21
-82.3536
  0
LINE
  8
0
 10
27.6925
 20
-82.3536
 11
27.6924
 21
-82.3751
  0
LINE
  8
0
 10
27.6924
 20
-82.3751
 11
27.6924
 21
-82.9504
  0
LINE
  8
0
 10
27.6924
 20
-82.9504
 11
27.2764
 21
-82.9504
  0
LINE
  8
0
 10
31.2379
 20
-82.9039
 11
31.9706
 21
-82.9039
  0
LINE
  8
0
 10
31.9706
 20
-82.9039
 11
31.9706
 21
-83.7231
  0
LINE
  8
0
 10
31.9706
 20
-83.7231
 11
32.4707
 21
-83.7231
  0
LINE
  8
0
 10
32.4707
 20
-83.7231
 11
32.4707
 21
-81.7122
  0
LINE
  8
0
 10
32.4707
 20
-81.7122
 11
31.9706
 21
-81.7122
  0
LINE
  8
0
 10
31.9706
 20
-81.7122
 11
31.9706
 21
-82.473
  0
LINE
  8
0
 10
31.9706
 20
-82.473
 11
31.2379
 21
-82.473
  0
LINE
  8
0
 10
31.2379
 20
-82.473
 11
31.2379
 21
-81.7122
  0
LINE
  8
0
 10
31.2379
 20
-81.7122
 11
30.7378
 21
-81.7122
  0
LINE
  8
0
 10
30.7378
 20
-81.7122
 11
30.7378
 21
-83.7231
  0
LINE
  8
0
 10
30.7378
 20
-83.7231
 11
31.2379
 21
-83.7231
  0
LINE
  8
0
 10
31.2379
 20
-83.7231
 11
31.2379
 21
-82.9039
  0
LINE
  8
0
 10
11.039
 20
-83.7207
 11
11.1168
 21
-83.7132
  0
LINE
  8
0
 10
11.1168
 20
-83.7132
 11
11.1923
 21
-83.7007
  0
LINE
  8
0
 10
11.1923
 20
-83.7007
 11
11.2653
 21
-83.6832
  0
LINE
  8
0
 10
11.2653
 20
-83.6832
 11
11.3358
 21
-83.6606
  0
LINE
  8
0
 10
11.3358
 20
-83.6606
 11
11.4038
 21
-83.633
  0
LINE
  8
0
 10
11.4038
 20
-83.633
 11
11.4692
 21
-83.6003
  0
LINE
  8
0
 10
11.4692
 20
-83.6003
 11
11.5314
 21
-83.5627
  0
LINE
  8
0
 10
11.5314
 20
-83.5627
 11
11.5896
 21
-83.5206
  0
LINE
  8
0
 10
11.5896
 20
-83.5206
 11
11.6436
 21
-83.4739
  0
LINE
  8
0
 10
11.6436
 20
-83.4739
 11
11.6935
 21
-83.4227
  0
LINE
  8
0
 10
11.6935
 20
-83.4227
 11
11.7392
 21
-83.367
  0
LINE
  8
0
 10
11.7392
 20
-83.367
 11
11.7805
 21
-83.307
  0
LINE
  8
0
 10
11.7805
 20
-83.307
 11
11.8176
 21
-83.2427
  0
LINE
  8
0
 10
11.8176
 20
-83.2427
 11
11.85
 21
-83.1747
  0
LINE
  8
0
 10
11.85
 20
-83.1747
 11
11.8774
 21
-83.1036
  0
LINE
  8
0
 10
11.8774
 20
-83.1036
 11
11.8998
 21
-83.0294
  0
LINE
  8
0
 10
11.8998
 20
-83.0294
 11
11.9171
 21
-82.9523
  0
LINE
  8
0
 10
11.9171
 20
-82.9523
 11
11.9295
 21
-82.8722
  0
LINE
  8
0
 10
11.9295
 20
-82.8722
 11
11.9368
 21
-82.7893
  0
LINE
  8
0
 10
11.9368
 20
-82.7893
 11
11.9393
 21
-82.703
  0
LINE
  8
0
 10
11.9393
 20
-82.703
 11
11.9337
 21
-82.5734
  0
LINE
  8
0
 10
11.9337
 20
-82.5734
 11
11.9168
 21
-82.4515
  0
LINE
  8
0
 10
11.9168
 20
-82.4515
 11
11.8885
 21
-82.3378
  0
LINE
  8
0
 10
11.8885
 20
-82.3378
 11
11.8485
 21
-82.2323
  0
LINE
  8
0
 10
11.8485
 20
-82.2323
 11
11.7969
 21
-82.1355
  0
LINE
  8
0
 10
11.7969
 20
-82.1355
 11
11.7335
 21
-82.0475
  0
LINE
  8
0
 10
11.7335
 20
-82.0475
 11
11.6587
 21
-81.9688
  0
LINE
  8
0
 10
11.6587
 20
-81.9688
 11
11.5737
 21
-81.9001
  0
LINE
  8
0
 10
11.5737
 20
-81.9001
 11
11.4794
 21
-81.8422
  0
LINE
  8
0
 10
11.4794
 20
-81.8422
 11
11.3762
 21
-81.795
  0
LINE
  8
0
 10
11.3762
 20
-81.795
 11
11.2643
 21
-81.7585
  0
LINE
  8
0
 10
11.2643
 20
-81.7585
 11
11.1438
 21
-81.7327
  0
LINE
  8
0
 10
11.1438
 20
-81.7327
 11
11.0149
 21
-81.7172
  0
LINE
  8
0
 10
11.0149
 20
-81.7172
 11
10.8784
 21
-81.7122
  0
LINE
  8
0
 10
10.8784
 20
-81.7122
 11
10.1358
 21
-81.7122
  0
LINE
  8
0
 10
10.1358
 20
-81.7122
 11
10.1358
 21
-83.7231
  0
LINE
  8
0
 10
10.1358
 20
-83.7231
 11
10.9596
 21
-83.7231
  0
LINE
  8
0
 10
10.9596
 20
-83.7231
 11
11.039
 21
-83.7207
  0
LINE
  8
0
 10
10.6359
 20
-83.3139
 11
10.6359
 21
-82.1214
  0
LINE
  8
0
 10
10.6359
 20
-82.1214
 11
10.8685
 21
-82.1214
  0
LINE
  8
0
 10
10.8685
 20
-82.1214
 11
10.9471
 21
-82.1246
  0
LINE
  8
0
 10
10.9471
 20
-82.1246
 11
11.019
 21
-82.1339
  0
LINE
  8
0
 10
11.019
 20
-82.1339
 11
11.0847
 21
-82.1492
  0
LINE
  8
0
 10
11.0847
 20
-82.1492
 11
11.1444
 21
-82.1704
  0
LINE
  8
0
 10
11.1444
 20
-82.1704
 11
11.1987
 21
-82.1974
  0
LINE
  8
0
 10
11.1987
 20
-82.1974
 11
11.2472
 21
-82.2301
  0
LINE
  8
0
 10
11.2472
 20
-82.2301
 11
11.2907
 21
-82.2686
  0
LINE
  8
0
 10
11.2907
 20
-82.2686
 11
11.3288
 21
-82.3128
  0
LINE
  8
0
 10
11.3288
 20
-82.3128
 11
11.3611
 21
-82.3625
  0
LINE
  8
0
 10
11.3611
 20
-82.3625
 11
11.3878
 21
-82.4181
  0
LINE
  8
0
 10
11.3878
 20
-82.4181
 11
11.4089
 21
-82.4799
  0
LINE
  8
0
 10
11.4089
 20
-82.4799
 11
11.4241
 21
-82.5481
  0
LINE
  8
0
 10
11.4241
 20
-82.5481
 11
11.4333
 21
-82.6225
  0
LINE
  8
0
 10
11.4333
 20
-82.6225
 11
11.4364
 21
-82.7034
  0
LINE
  8
0
 10
11.4364
 20
-82.7034
 11
11.4335
 21
-82.7841
  0
LINE
  8
0
 10
11.4335
 20
-82.7841
 11
11.4246
 21
-82.8594
  0
LINE
  8
0
 10
11.4246
 20
-82.8594
 11
11.4101
 21
-82.9289
  0
LINE
  8
0
 10
11.4101
 20
-82.9289
 11
11.39
 21
-82.9929
  0
LINE
  8
0
 10
11.39
 20
-82.9929
 11
11.3643
 21
-83.0516
  0
LINE
  8
0
 10
11.3643
 20
-83.0516
 11
11.3331
 21
-83.1052
  0
LINE
  8
0
 10
11.3331
 20
-83.1052
 11
11.2965
 21
-83.1537
  0
LINE
  8
0
 10
11.2965
 20
-83.1537
 11
11.2553
 21
-83.1963
  0
LINE
  8
0
 10
11.2553
 20
-83.1963
 11
11.2104
 21
-83.2322
  0
LINE
  8
0
 10
11.2104
 20
-83.2322
 11
11.162
 21
-83.2613
  0
LINE
  8
0
 10
11.162
 20
-83.2613
 11
11.1095
 21
-83.2841
  0
LINE
  8
0
 10
11.1095
 20
-83.2841
 11
11.0526
 21
-83.3005
  0
LINE
  8
0
 10
11.0526
 20
-83.3005
 11
10.9912
 21
-83.3105
  0
LINE
  8
0
 10
10.9912
 20
-83.3105
 11
10.9236
 21
-83.3139
  0
LINE
  8
0
 10
10.9236
 20
-83.3139
 11
10.6359
 21
-83.3139
  0
LINE
  8
0
 10
15.95
 20
-83.2348
 11
16.6072
 21
-83.2348
  0
LINE
  8
0
 10
16.6072
 20
-83.2348
 11
16.7767
 21
-83.7231
  0
LINE
  8
0
 10
16.7767
 20
-83.7231
 11
17.2797
 21
-83.7231
  0
LINE
  8
0
 10
17.2797
 20
-83.7231
 11
16.549
 21
-81.7122
  0
LINE
  8
0
 10
16.549
 20
-81.7122
 11
16.007
 21
-81.7122
  0
LINE
  8
0
 10
16.007
 20
-81.7122
 11
15.2734
 21
-83.7231
  0
LINE
  8
0
 10
15.2734
 20
-83.7231
 11
15.7805
 21
-83.7231
  0
LINE
  8
0
 10
15.7805
 20
-83.7231
 11
15.95
 21
-83.2348
  0
LINE
  8
0
 10
16.074
 20
-82.8338
 11
16.1085
 21
-82.7332
  0
LINE
  8
0
 10
16.1085
 20
-82.7332
 11
16.1578
 21
-82.5893
  0
LINE
  8
0
 10
16.1578
 20
-82.5893
 11
16.1991
 21
-82.4683
  0
LINE
  8
0
 10
16.1991
 20
-82.4683
 11
16.2325
 21
-82.3702
  0
LINE
  8
0
 10
16.2325
 20
-82.3702
 11
16.2579
 21
-82.2949
  0
LINE
  8
0
 10
16.2579
 20
-82.2949
 11
16.2754
 21
-82.2424
  0
LINE
  8
0
 10
16.2754
 20
-82.2424
 11
16.2793
 21
-82.2301
  0
LINE
  8
0
 10
16.2793
 20
-82.2301
 11
16.3172
 21
-82.3502
  0
LINE
  8
0
 10
16.3172
 20
-82.3502
 11
16.4832
 21
-82.8338
  0
LINE
  8
0
 10
16.4832
 20
-82.8338
 11
16.074
 21
-82.8338
  0
LINE
  8
0
 10
49.545
 20
-83.7464
 11
49.6352
 21
-83.7348
  0
LINE
  8
0
 10
49.6352
 20
-83.7348
 11
49.7201
 21
-83.7153
  0
LINE
  8
0
 10
49.7201
 20
-83.7153
 11
49.7995
 21
-83.6879
  0
LINE
  8
0
 10
49.7995
 20
-83.6879
 11
49.8732
 21
-83.6523
  0
LINE
  8
0
 10
49.8732
 20
-83.6523
 11
49.9411
 21
-83.6086
  0
LINE
  8
0
 10
49.9411
 20
-83.6086
 11
50.0028
 21
-83.5569
  0
LINE
  8
0
 10
50.0028
 20
-83.5569
 11
50.0572
 21
-83.4984
  0
LINE
  8
0
 10
50.0572
 20
-83.4984
 11
50.1034
 21
-83.4344
  0
LINE
  8
0
 10
50.1034
 20
-83.4344
 11
50.1412
 21
-83.3648
  0
LINE
  8
0
 10
50.1412
 20
-83.3648
 11
50.1704
 21
-83.2901
  0
LINE
  8
0
 10
50.1704
 20
-83.2901
 11
50.1911
 21
-83.2104
  0
LINE
  8
0
 10
50.1911
 20
-83.2104
 11
50.2035
 21
-83.1261
  0
LINE
  8
0
 10
50.2035
 20
-83.1261
 11
50.2076
 21
-83.0371
  0
LINE
  8
0
 10
50.2076
 20
-83.0371
 11
50.204
 21
-82.9519
  0
LINE
  8
0
 10
50.204
 20
-82.9519
 11
50.1934
 21
-82.8714
  0
LINE
  8
0
 10
50.1934
 20
-82.8714
 11
50.1755
 21
-82.7954
  0
LINE
  8
0
 10
50.1755
 20
-82.7954
 11
50.1503
 21
-82.7242
  0
LINE
  8
0
 10
50.1503
 20
-82.7242
 11
50.1176
 21
-82.6579
  0
LINE
  8
0
 10
50.1176
 20
-82.6579
 11
50.0775
 21
-82.5968
  0
LINE
  8
0
 10
50.0775
 20
-82.5968
 11
50.0302
 21
-82.5412
  0
LINE
  8
0
 10
50.0302
 20
-82.5412
 11
49.9767
 21
-82.492
  0
LINE
  8
0
 10
49.9767
 20
-82.492
 11
49.9182
 21
-82.4503
  0
LINE
  8
0
 10
49.9182
 20
-82.4503
 11
49.8549
 21
-82.4163
  0
LINE
  8
0
 10
49.8549
 20
-82.4163
 11
49.787
 21
-82.3899
  0
LINE
  8
0
 10
49.787
 20
-82.3899
 11
49.7148
 21
-82.3711
  0
LINE
  8
0
 10
49.7148
 20
-82.3711
 11
49.6385
 21
-82.36
  0
LINE
  8
0
 10
49.6385
 20
-82.36
 11
49.5581
 21
-82.3563
  0
LINE
  8
0
 10
49.5581
 20
-82.3563
 11
49.4957
 21
-82.359
  0
LINE
  8
0
 10
49.4957
 20
-82.359
 11
49.4359
 21
-82.3671
  0
LINE
  8
0
 10
49.4359
 20
-82.3671
 11
49.3787
 21
-82.3808
  0
LINE
  8
0
 10
49.3787
 20
-82.3808
 11
49.3243
 21
-82.4
  0
LINE
  8
0
 10
49.3243
 20
-82.4
 11
49.2727
 21
-82.4248
  0
LINE
  8
0
 10
49.2727
 20
-82.4248
 11
49.2688
 21
-82.4272
  0
LINE
  8
0
 10
49.2688
 20
-82.4272
 11
49.2903
 21
-82.0956
  0
LINE
  8
0
 10
49.2903
 20
-82.0956
 11
50.0963
 21
-82.0956
  0
LINE
  8
0
 10
50.0963
 20
-82.0956
 11
50.0963
 21
-81.7122
  0
LINE
  8
0
 10
50.0963
 20
-81.7122
 11
48.8505
 21
-81.7122
  0
LINE
  8
0
 10
48.8505
 20
-81.7122
 11
48.7779
 21
-82.8877
  0
LINE
  8
0
 10
48.7779
 20
-82.8877
 11
49.2248
 21
-82.8877
  0
LINE
  8
0
 10
49.2248
 20
-82.8877
 11
49.2675
 21
-82.8408
  0
LINE
  8
0
 10
49.2675
 20
-82.8408
 11
49.2949
 21
-82.8173
  0
LINE
  8
0
 10
49.2949
 20
-82.8173
 11
49.3239
 21
-82.7983
  0
LINE
  8
0
 10
49.3239
 20
-82.7983
 11
49.3549
 21
-82.7835
  0
LINE
  8
0
 10
49.3549
 20
-82.7835
 11
49.388
 21
-82.7729
  0
LINE
  8
0
 10
49.388
 20
-82.7729
 11
49.4235
 21
-82.7665
  0
LINE
  8
0
 10
49.4235
 20
-82.7665
 11
49.462
 21
-82.7643
  0
LINE
  8
0
 10
49.462
 20
-82.7643
 11
49.4967
 21
-82.7659
  0
LINE
  8
0
 10
49.4967
 20
-82.7659
 11
49.5285
 21
-82.7707
  0
LINE
  8
0
 10
49.5285
 20
-82.7707
 11
49.5576
 21
-82.7784
  0
LINE
  8
0
 10
49.5576
 20
-82.7784
 11
49.5834
 21
-82.7888
  0
LINE
  8
0
 10
49.5834
 20
-82.7888
 11
49.6072
 21
-82.8022
  0
LINE
  8
0
 10
49.6072
 20
-82.8022
 11
49.6285
 21
-82.8184
  0
LINE
  8
0
 10
49.6285
 20
-82.8184
 11
49.6481
 21
-82.8378
  0
LINE
  8
0
 10
49.6481
 20
-82.8378
 11
49.6656
 21
-82.86
  0
LINE
  8
0
 10
49.6656
 20
-82.86
 11
49.6805
 21
-82.8844
  0
LINE
  8
0
 10
49.6805
 20
-82.8844
 11
49.6929
 21
-82.9113
  0
LINE
  8
0
 10
49.6929
 20
-82.9113
 11
49.7026
 21
-82.9405
  0
LINE
  8
0
 10
49.7026
 20
-82.9405
 11
49.7097
 21
-82.9725
  0
LINE
  8
0
 10
49.7097
 20
-82.9725
 11
49.7141
 21
-83.0076
  0
LINE
  8
0
 10
49.7141
 20
-83.0076
 11
49.7155
 21
-83.0452
  0
LINE
  8
0
 10
49.7155
 20
-83.0452
 11
49.7139
 21
-83.0887
  0
LINE
  8
0
 10
49.7139
 20
-83.0887
 11
49.7093
 21
-83.1281
  0
LINE
  8
0
 10
49.7093
 20
-83.1281
 11
49.7016
 21
-83.164
  0
LINE
  8
0
 10
49.7016
 20
-83.164
 11
49.6912
 21
-83.1963
  0
LINE
  8
0
 10
49.6912
 20
-83.1963
 11
49.6781
 21
-83.2248
  0
LINE
  8
0
 10
49.6781
 20
-83.2248
 11
49.6624
 21
-83.2503
  0
LINE
  8
0
 10
49.6624
 20
-83.2503
 11
49.644
 21
-83.2729
  0
LINE
  8
0
 10
49.644
 20
-83.2729
 11
49.6233
 21
-83.2926
  0
LINE
  8
0
 10
49.6233
 20
-83.2926
 11
49.6006
 21
-83.3093
  0
LINE
  8
0
 10
49.6006
 20
-83.3093
 11
49.576
 21
-83.3229
  0
LINE
  8
0
 10
49.576
 20
-83.3229
 11
49.5493
 21
-83.3336
  0
LINE
  8
0
 10
49.5493
 20
-83.3336
 11
49.5202
 21
-83.3413
  0
LINE
  8
0
 10
49.5202
 20
-83.3413
 11
49.4882
 21
-83.3461
  0
LINE
  8
0
 10
49.4882
 20
-83.3461
 11
49.4534
 21
-83.3477
  0
LINE
  8
0
 10
49.4534
 20
-83.3477
 11
49.4252
 21
-83.3467
  0
LINE
  8
0
 10
49.4252
 20
-83.3467
 11
49.3984
 21
-83.3438
  0
LINE
  8
0
 10
49.3984
 20
-83.3438
 11
49.3739
 21
-83.339
  0
LINE
  8
0
 10
49.3739
 20
-83.339
 11
49.351
 21
-83.3323
  0
LINE
  8
0
 10
49.351
 20
-83.3323
 11
49.3297
 21
-83.3239
  0
LINE
  8
0
 10
49.3297
 20
-83.3239
 11
49.3101
 21
-83.3137
  0
LINE
  8
0
 10
49.3101
 20
-83.3137
 11
49.2921
 21
-83.3019
  0
LINE
  8
0
 10
49.2921
 20
-83.3019
 11
49.276
 21
-83.2885
  0
LINE
  8
0
 10
49.276
 20
-83.2885
 11
49.261
 21
-83.2726
  0
LINE
  8
0
 10
49.261
 20
-83.2726
 11
49.2474
 21
-83.2545
  0
LINE
  8
0
 10
49.2474
 20
-83.2545
 11
49.2349
 21
-83.2335
  0
LINE
  8
0
 10
49.2349
 20
-83.2335
 11
49.2236
 21
-83.2094
  0
LINE
  8
0
 10
49.2236
 20
-83.2094
 11
49.2137
 21
-83.1827
  0
LINE
  8
0
 10
49.2137
 20
-83.1827
 11
49.1936
 21
-83.1113
  0
LINE
  8
0
 10
49.1936
 20
-83.1113
 11
48.7148
 21
-83.1505
  0
LINE
  8
0
 10
48.7148
 20
-83.1505
 11
48.7414
 21
-83.2762
  0
LINE
  8
0
 10
48.7414
 20
-83.2762
 11
48.7626
 21
-83.3439
  0
LINE
  8
0
 10
48.7626
 20
-83.3439
 11
48.7898
 21
-83.4072
  0
LINE
  8
0
 10
48.7898
 20
-83.4072
 11
48.8232
 21
-83.4657
  0
LINE
  8
0
 10
48.8232
 20
-83.4657
 11
48.8626
 21
-83.5192
  0
LINE
  8
0
 10
48.8626
 20
-83.5192
 11
48.9079
 21
-83.5677
  0
LINE
  8
0
 10
48.9079
 20
-83.5677
 11
48.9591
 21
-83.6108
  0
LINE
  8
0
 10
48.9591
 20
-83.6108
 11
49.0155
 21
-83.6483
  0
LINE
  8
0
 10
49.0155
 20
-83.6483
 11
49.0767
 21
-83.6798
  0
LINE
  8
0
 10
49.0767
 20
-83.6798
 11
49.1425
 21
-83.7054
  0
LINE
  8
0
 10
49.1425
 20
-83.7054
 11
49.2128
 21
-83.7252
  0
LINE
  8
0
 10
49.2128
 20
-83.7252
 11
49.2874
 21
-83.7392
  0
LINE
  8
0
 10
49.2874
 20
-83.7392
 11
49.3663
 21
-83.7475
  0
LINE
  8
0
 10
49.3663
 20
-83.7475
 11
49.4497
 21
-83.7503
  0
LINE
  8
0
 10
49.4497
 20
-83.7503
 11
49.545
 21
-83.7464
  0
LINE
  8
0
 10
58.0208
 20
-83.3451
 11
57.318
 21
-83.3451
  0
LINE
  8
0
 10
57.318
 20
-83.3451
 11
57.9543
 21
-82.4949
  0
LINE
  8
0
 10
57.9543
 20
-82.4949
 11
57.9543
 21
-82.1557
  0
LINE
  8
0
 10
57.9543
 20
-82.1557
 11
56.7992
 21
-82.1557
  0
LINE
  8
0
 10
56.7992
 20
-82.1557
 11
56.7992
 21
-82.531
  0
LINE
  8
0
 10
56.7992
 20
-82.531
 11
57.384
 21
-82.531
  0
LINE
  8
0
 10
57.384
 20
-82.531
 11
56.7436
 21
-83.3866
  0
LINE
  8
0
 10
56.7436
 20
-83.3866
 11
56.7436
 21
-83.7231
  0
LINE
  8
0
 10
56.7436
 20
-83.7231
 11
58.0208
 21
-83.7231
  0
LINE
  8
0
 10
58.0208
 20
-83.7231
 11
58.0208
 21
-83.3451
  0
LINE
  8
0
 10
33.8994
 20
-83.3451
 11
33.1966
 21
-83.3451
  0
LINE
  8
0
 10
33.1966
 20
-83.3451
 11
33.833
 21
-82.4949
  0
LINE
  8
0
 10
33.833
 20
-82.4949
 11
33.833
 21
-82.1557
  0
LINE
  8
0
 10
33.833
 20
-82.1557
 11
32.6778
 21
-82.1557
  0
LINE
  8
0
 10
32.6778
 20
-82.1557
 11
32.6778
 21
-82.531
  0
LINE
  8
0
 10
32.6778
 20
-82.531
 11
33.2627
 21
-82.531
  0
LINE
  8
0
 10
33.2627
 20
-82.531
 11
32.6222
 21
-83.3866
  0
LINE
  8
0
 10
32.6222
 20
-83.3866
 11
32.6222
 21
-83.7231
  0
LINE
  8
0
 10
32.6222
 20
-83.7231
 11
33.8994
 21
-83.7231
  0
LINE
  8
0
 10
33.8994
 20
-83.7231
 11
33.8994
 21
-83.3451
  0
LINE
  8
0
 10
43.9155
 20
-82.1787
 11
42.4227
 21
-82.1787
  0
LINE
  8
0
 10
42.4227
 20
-82.1787
 11
42.4227
 21
-82.5812
  0
LINE
  8
0
 10
42.4227
 20
-82.5812
 11
43.9155
 21
-82.5812
  0
LINE
  8
0
 10
43.9155
 20
-82.5812
 11
43.9155
 21
-82.1787
  0
LINE
  8
0
 10
47.9104
 20
-82.5476
 11
46.4175
 21
-82.5476
  0
LINE
  8
0
 10
46.4175
 20
-82.5476
 11
46.4175
 21
-82.9514
  0
LINE
  8
0
 10
46.4175
 20
-82.9514
 11
47.9104
 21
-82.9514
  0
LINE
  8
0
 10
47.9104
 20
-82.9514
 11
47.9104
 21
-82.5476
  0
LINE
  8
0
 10
43.9155
 20
-82.9287
 11
42.4227
 21
-82.9287
  0
LINE
  8
0
 10
42.4227
 20
-82.9287
 11
42.4227
 21
-83.3285
  0
LINE
  8
0
 10
42.4227
 20
-83.3285
 11
43.9155
 21
-83.3285
  0
LINE
  8
0
 10
43.9155
 20
-83.3285
 11
43.9155
 21
-82.9287
  0
LINE
  8
0
 10
50.8292
 20
-83.2094
 11
50.3372
 21
-83.2094
  0
LINE
  8
0
 10
50.3372
 20
-83.2094
 11
50.3372
 21
-83.7231
  0
LINE
  8
0
 10
50.3372
 20
-83.7231
 11
50.8292
 21
-83.7231
  0
LINE
  8
0
 10
50.8292
 20
-83.7231
 11
50.8292
 21
-83.2094
  0
LINE
  8
0
 10
34.4199
 20
-84.0993
 11
34.4407
 21
-84.0655
  0
LINE
  8
0
 10
34.4407
 20
-84.0655
 11
34.4597
 21
-84.0308
  0
LINE
  8
0
 10
34.4597
 20
-84.0308
 11
34.4768
 21
-83.9954
  0
LINE
  8
0
 10
34.4768
 20
-83.9954
 11
34.492
 21
-83.9592
  0
LINE
  8
0
 10
34.492
 20
-83.9592
 11
34.5054
 21
-83.9222
  0
LINE
  8
0
 10
34.5054
 20
-83.9222
 11
34.5169
 21
-83.8845
  0
LINE
  8
0
 10
34.5169
 20
-83.8845
 11
34.5266
 21
-83.8458
  0
LINE
  8
0
 10
34.5266
 20
-83.8458
 11
34.5348
 21
-83.8057
  0
LINE
  8
0
 10
34.5348
 20
-83.8057
 11
34.5415
 21
-83.7642
  0
LINE
  8
0
 10
34.5415
 20
-83.7642
 11
34.5467
 21
-83.7212
  0
LINE
  8
0
 10
34.5467
 20
-83.7212
 11
34.5503
 21
-83.6768
  0
LINE
  8
0
 10
34.5503
 20
-83.6768
 11
34.5525
 21
-83.6309
  0
LINE
  8
0
 10
34.5525
 20
-83.6309
 11
34.5533
 21
-83.584
  0
LINE
  8
0
 10
34.5533
 20
-83.584
 11
34.5533
 21
-83.2094
  0
LINE
  8
0
 10
34.5533
 20
-83.2094
 11
34.0613
 21
-83.2094
  0
LINE
  8
0
 10
34.0613
 20
-83.2094
 11
34.0613
 21
-83.7231
  0
LINE
  8
0
 10
34.0613
 20
-83.7231
 11
34.2329
 21
-83.7231
  0
LINE
  8
0
 10
34.2329
 20
-83.7231
 11
34.2326
 21
-83.7263
  0
LINE
  8
0
 10
34.2326
 20
-83.7263
 11
34.228
 21
-83.7539
  0
LINE
  8
0
 10
34.228
 20
-83.7539
 11
34.2214
 21
-83.7825
  0
LINE
  8
0
 10
34.2214
 20
-83.7825
 11
34.2131
 21
-83.8112
  0
LINE
  8
0
 10
34.2131
 20
-83.8112
 11
34.2026
 21
-83.8412
  0
LINE
  8
0
 10
34.2026
 20
-83.8412
 11
34.1902
 21
-83.8716
  0
LINE
  8
0
 10
34.1902
 20
-83.8716
 11
34.1763
 21
-83.9019
  0
LINE
  8
0
 10
34.1763
 20
-83.9019
 11
34.1608
 21
-83.9324
  0
LINE
  8
0
 10
34.1608
 20
-83.9324
 11
34.1445
 21
-83.9615
  0
LINE
  8
0
 10
34.1445
 20
-83.9615
 11
34.1269
 21
-83.9899
  0
LINE
  8
0
 10
34.1269
 20
-83.9899
 11
34.1083
 21
-84.0176
  0
LINE
  8
0
 10
34.1083
 20
-84.0176
 11
34.0883
 21
-84.0449
  0
LINE
  8
0
 10
34.0883
 20
-84.0449
 11
34.0021
 21
-84.1531
  0
LINE
  8
0
 10
34.0021
 20
-84.1531
 11
34.3831
 21
-84.1531
  0
LINE
  8
0
 10
34.3831
 20
-84.1531
 11
34.4199
 21
-84.0993
  0
LINE
  8
0
 10
26.7078
 20
-83.2094
 11
26.2159
 21
-83.2094
  0
LINE
  8
0
 10
26.2159
 20
-83.2094
 11
26.2159
 21
-83.7231
  0
LINE
  8
0
 10
26.2159
 20
-83.7231
 11
26.7078
 21
-83.7231
  0
LINE
  8
0
 10
26.7078
 20
-83.7231
 11
26.7078
 21
-83.2094
  0
LINE
  8
0
 10
37.9472
 20
-83.8564
 11
36.2509
 21
-83.8564
  0
LINE
  8
0
 10
36.2509
 20
-83.8564
 11
36.2509
 21
-84.0622
  0
LINE
  8
0
 10
36.2509
 20
-84.0622
 11
37.9472
 21
-84.0622
  0
LINE
  8
0
 10
37.9472
 20
-84.0622
 11
37.9472
 21
-83.8564
  0
LINE
  8
0
 10
110.171
 20
-87.5875
 11
110.284
 21
-87.1028
  0
LINE
  8
0
 10
110.284
 20
-87.1028
 11
110.325
 21
-86.9252
  0
LINE
  8
0
 10
110.325
 20
-86.9252
 11
110.356
 21
-86.7908
  0
LINE
  8
0
 10
110.356
 20
-86.7908
 11
110.377
 21
-86.6994
  0
LINE
  8
0
 10
110.377
 20
-86.6994
 11
110.388
 21
-86.6509
  0
LINE
  8
0
 10
110.388
 20
-86.6509
 11
110.39
 21
-86.641
  0
LINE
  8
0
 10
110.39
 20
-86.641
 11
110.397
 21
-86.6753
  0
LINE
  8
0
 10
110.397
 20
-86.6753
 11
110.41
 21
-86.7328
  0
LINE
  8
0
 10
110.41
 20
-86.7328
 11
110.424
 21
-86.7893
  0
LINE
  8
0
 10
110.424
 20
-86.7893
 11
110.692
 21
-87.9331
  0
LINE
  8
0
 10
110.692
 20
-87.9331
 11
111.245
 21
-87.9331
  0
LINE
  8
0
 10
111.245
 20
-87.9331
 11
111.764
 21
-85.9222
  0
LINE
  8
0
 10
111.764
 20
-85.9222
 11
111.254
 21
-85.9222
  0
LINE
  8
0
 10
111.254
 20
-85.9222
 11
111.015
 21
-87.0242
  0
LINE
  8
0
 10
111.015
 20
-87.0242
 11
110.964
 21
-87.2465
  0
LINE
  8
0
 10
110.964
 20
-87.2465
 11
110.956
 21
-87.2044
  0
LINE
  8
0
 10
110.956
 20
-87.2044
 11
110.942
 21
-87.1304
  0
LINE
  8
0
 10
110.942
 20
-87.1304
 11
110.93
 21
-87.068
  0
LINE
  8
0
 10
110.93
 20
-87.068
 11
110.919
 21
-87.017
  0
LINE
  8
0
 10
110.919
 20
-87.017
 11
110.91
 21
-86.9779
  0
LINE
  8
0
 10
110.91
 20
-86.9779
 11
110.66
 21
-85.9222
  0
LINE
  8
0
 10
110.66
 20
-85.9222
 11
110.133
 21
-85.9222
  0
LINE
  8
0
 10
110.133
 20
-85.9222
 11
110.061
 21
-86.2298
  0
LINE
  8
0
 10
110.061
 20
-86.2298
 11
110.006
 21
-86.4651
  0
LINE
  8
0
 10
110.006
 20
-86.4651
 11
109.959
 21
-86.6665
  0
LINE
  8
0
 10
109.959
 20
-86.6665
 11
109.92
 21
-86.8341
  0
LINE
  8
0
 10
109.92
 20
-86.8341
 11
109.89
 21
-86.9678
  0
LINE
  8
0
 10
109.89
 20
-86.9678
 11
109.867
 21
-87.0679
  0
LINE
  8
0
 10
109.867
 20
-87.0679
 11
109.853
 21
-87.1342
  0
LINE
  8
0
 10
109.853
 20
-87.1342
 11
109.832
 21
-87.2339
  0
LINE
  8
0
 10
109.832
 20
-87.2339
 11
109.827
 21
-87.2574
  0
LINE
  8
0
 10
109.827
 20
-87.2574
 11
109.814
 21
-87.1958
  0
LINE
  8
0
 10
109.814
 20
-87.1958
 11
109.529
 21
-85.9222
  0
LINE
  8
0
 10
109.529
 20
-85.9222
 11
109.019
 21
-85.9222
  0
LINE
  8
0
 10
109.019
 20
-85.9222
 11
109.537
 21
-87.9331
  0
LINE
  8
0
 10
109.537
 20
-87.9331
 11
110.09
 21
-87.9331
  0
LINE
  8
0
 10
110.09
 20
-87.9331
 11
110.171
 21
-87.5875
  0
LINE
  8
0
 10
107.907
 20
-87.2604
 11
108.333
 21
-87.2604
  0
LINE
  8
0
 10
108.333
 20
-87.2604
 11
108.395
 21
-87.2587
  0
LINE
  8
0
 10
108.395
 20
-87.2587
 11
108.456
 21
-87.2536
  0
LINE
  8
0
 10
108.456
 20
-87.2536
 11
108.515
 21
-87.2451
  0
LINE
  8
0
 10
108.515
 20
-87.2451
 11
108.571
 21
-87.233
  0
LINE
  8
0
 10
108.571
 20
-87.233
 11
108.625
 21
-87.2175
  0
LINE
  8
0
 10
108.625
 20
-87.2175
 11
108.677
 21
-87.1984
  0
LINE
  8
0
 10
108.677
 20
-87.1984
 11
108.727
 21
-87.1757
  0
LINE
  8
0
 10
108.727
 20
-87.1757
 11
108.773
 21
-87.1498
  0
LINE
  8
0
 10
108.773
 20
-87.1498
 11
108.817
 21
-87.1209
  0
LINE
  8
0
 10
108.817
 20
-87.1209
 11
108.858
 21
-87.089
  0
LINE
  8
0
 10
108.858
 20
-87.089
 11
108.895
 21
-87.054
  0
LINE
  8
0
 10
108.895
 20
-87.054
 11
108.929
 21
-87.0161
  0
LINE
  8
0
 10
108.929
 20
-87.0161
 11
108.96
 21
-86.9753
  0
LINE
  8
0
 10
108.96
 20
-86.9753
 11
108.988
 21
-86.9318
  0
LINE
  8
0
 10
108.988
 20
-86.9318
 11
109.012
 21
-86.886
  0
LINE
  8
0
 10
109.012
 20
-86.886
 11
109.033
 21
-86.8384
  0
LINE
  8
0
 10
109.033
 20
-86.8384
 11
109.05
 21
-86.7893
  0
LINE
  8
0
 10
109.05
 20
-86.7893
 11
109.062
 21
-86.7385
  0
LINE
  8
0
 10
109.062
 20
-86.7385
 11
109.072
 21
-86.6862
  0
LINE
  8
0
 10
109.072
 20
-86.6862
 11
109.077
 21
-86.6323
  0
LINE
  8
0
 10
109.077
 20
-86.6323
 11
109.079
 21
-86.5767
  0
LINE
  8
0
 10
109.079
 20
-86.5767
 11
109.075
 21
-86.4922
  0
LINE
  8
0
 10
109.075
 20
-86.4922
 11
109.063
 21
-86.4123
  0
LINE
  8
0
 10
109.063
 20
-86.4123
 11
109.042
 21
-86.3373
  0
LINE
  8
0
 10
109.042
 20
-86.3373
 11
109.013
 21
-86.2674
  0
LINE
  8
0
 10
109.013
 20
-86.2674
 11
108.976
 21
-86.203
  0
LINE
  8
0
 10
108.976
 20
-86.203
 11
108.93
 21
-86.1445
  0
LINE
  8
0
 10
108.93
 20
-86.1445
 11
108.876
 21
-86.0921
  0
LINE
  8
0
 10
108.876
 20
-86.0921
 11
108.815
 21
-86.0463
  0
LINE
  8
0
 10
108.815
 20
-86.0463
 11
108.747
 21
-86.0078
  0
LINE
  8
0
 10
108.747
 20
-86.0078
 11
108.673
 21
-85.9766
  0
LINE
  8
0
 10
108.673
 20
-85.9766
 11
108.593
 21
-85.9526
  0
LINE
  8
0
 10
108.593
 20
-85.9526
 11
108.506
 21
-85.9356
  0
LINE
  8
0
 10
108.506
 20
-85.9356
 11
108.414
 21
-85.9255
  0
LINE
  8
0
 10
108.414
 20
-85.9255
 11
108.316
 21
-85.9222
  0
LINE
  8
0
 10
108.316
 20
-85.9222
 11
107.407
 21
-85.9222
  0
LINE
  8
0
 10
107.407
 20
-85.9222
 11
107.407
 21
-87.9331
  0
LINE
  8
0
 10
107.407
 20
-87.9331
 11
107.907
 21
-87.9331
  0
LINE
  8
0
 10
107.907
 20
-87.9331
 11
107.907
 21
-87.2604
  0
LINE
  8
0
 10
107.907
 20
-86.8526
 11
107.907
 21
-86.3327
  0
LINE
  8
0
 10
107.907
 20
-86.3327
 11
108.269
 21
-86.3327
  0
LINE
  8
0
 10
108.269
 20
-86.3327
 11
108.358
 21
-86.3385
  0
LINE
  8
0
 10
108.358
 20
-86.3385
 11
108.428
 21
-86.3548
  0
LINE
  8
0
 10
108.428
 20
-86.3548
 11
108.483
 21
-86.3805
  0
LINE
  8
0
 10
108.483
 20
-86.3805
 11
108.523
 21
-86.4145
  0
LINE
  8
0
 10
108.523
 20
-86.4145
 11
108.552
 21
-86.4581
  0
LINE
  8
0
 10
108.552
 20
-86.4581
 11
108.57
 21
-86.514
  0
LINE
  8
0
 10
108.57
 20
-86.514
 11
108.576
 21
-86.585
  0
LINE
  8
0
 10
108.576
 20
-86.585
 11
108.575
 21
-86.6222
  0
LINE
  8
0
 10
108.575
 20
-86.6222
 11
108.57
 21
-86.6569
  0
LINE
  8
0
 10
108.57
 20
-86.6569
 11
108.562
 21
-86.688
  0
LINE
  8
0
 10
108.562
 20
-86.688
 11
108.551
 21
-86.7162
  0
LINE
  8
0
 10
108.551
 20
-86.7162
 11
108.538
 21
-86.7412
  0
LINE
  8
0
 10
108.538
 20
-86.7412
 11
108.522
 21
-86.7636
  0
LINE
  8
0
 10
108.522
 20
-86.7636
 11
108.503
 21
-86.7836
  0
LINE
  8
0
 10
108.503
 20
-86.7836
 11
108.481
 21
-86.8013
  0
LINE
  8
0
 10
108.481
 20
-86.8013
 11
108.456
 21
-86.8164
  0
LINE
  8
0
 10
108.456
 20
-86.8164
 11
108.428
 21
-86.8291
  0
LINE
  8
0
 10
108.428
 20
-86.8291
 11
108.397
 21
-86.8391
  0
LINE
  8
0
 10
108.397
 20
-86.8391
 11
108.362
 21
-86.8465
  0
LINE
  8
0
 10
108.362
 20
-86.8465
 11
108.324
 21
-86.851
  0
LINE
  8
0
 10
108.324
 20
-86.851
 11
108.281
 21
-86.8526
  0
LINE
  8
0
 10
108.281
 20
-86.8526
 11
107.907
 21
-86.8526
  0
LINE
  8
0
 10
112.277
 20
-87.2075
 11
112.668
 21
-87.2075
  0
LINE
  8
0
 10
112.668
 20
-87.2075
 11
113.112
 21
-87.9331
  0
LINE
  8
0
 10
113.112
 20
-87.9331
 11
113.682
 21
-87.9331
  0
LINE
  8
0
 10
113.682
 20
-87.9331
 11
113.151
 21
-87.1092
  0
LINE
  8
0
 10
113.151
 20
-87.1092
 11
113.198
 21
-87.0916
  0
LINE
  8
0
 10
113.198
 20
-87.0916
 11
113.249
 21
-87.0661
  0
LINE
  8
0
 10
113.249
 20
-87.0661
 11
113.297
 21
-87.0361
  0
LINE
  8
0
 10
113.297
 20
-87.0361
 11
113.342
 21
-87.0015
  0
LINE
  8
0
 10
113.342
 20
-87.0015
 11
113.383
 21
-86.9625
  0
LINE
  8
0
 10
113.383
 20
-86.9625
 11
113.421
 21
-86.9192
  0
LINE
  8
0
 10
113.421
 20
-86.9192
 11
113.454
 21
-86.8724
  0
LINE
  8
0
 10
113.454
 20
-86.8724
 11
113.482
 21
-86.8231
  0
LINE
  8
0
 10
113.482
 20
-86.8231
 11
113.505
 21
-86.7712
  0
LINE
  8
0
 10
113.505
 20
-86.7712
 11
113.522
 21
-86.7171
  0
LINE
  8
0
 10
113.522
 20
-86.7171
 11
113.535
 21
-86.6607
  0
LINE
  8
0
 10
113.535
 20
-86.6607
 11
113.543
 21
-86.6023
  0
LINE
  8
0
 10
113.543
 20
-86.6023
 11
113.545
 21
-86.5416
  0
LINE
  8
0
 10
113.545
 20
-86.5416
 11
113.541
 21
-86.4605
  0
LINE
  8
0
 10
113.541
 20
-86.4605
 11
113.529
 21
-86.384
  0
LINE
  8
0
 10
113.529
 20
-86.384
 11
113.508
 21
-86.3123
  0
LINE
  8
0
 10
113.508
 20
-86.3123
 11
113.479
 21
-86.2457
  0
LINE
  8
0
 10
113.479
 20
-86.2457
 11
113.441
 21
-86.1845
  0
LINE
  8
0
 10
113.441
 20
-86.1845
 11
113.395
 21
-86.1293
  0
LINE
  8
0
 10
113.395
 20
-86.1293
 11
113.34
 21
-86.0801
  0
LINE
  8
0
 10
113.34
 20
-86.0801
 11
113.279
 21
-86.0375
  0
LINE
  8
0
 10
113.279
 20
-86.0375
 11
113.211
 21
-86.0017
  0
LINE
  8
0
 10
113.211
 20
-86.0017
 11
113.137
 21
-85.9727
  0
LINE
  8
0
 10
113.137
 20
-85.9727
 11
113.057
 21
-85.9504
  0
LINE
  8
0
 10
113.057
 20
-85.9504
 11
112.971
 21
-85.9346
  0
LINE
  8
0
 10
112.971
 20
-85.9346
 11
112.879
 21
-85.9253
  0
LINE
  8
0
 10
112.879
 20
-85.9253
 11
112.782
 21
-85.9222
  0
LINE
  8
0
 10
112.782
 20
-85.9222
 11
111.777
 21
-85.9222
  0
LINE
  8
0
 10
111.777
 20
-85.9222
 11
111.777
 21
-87.9331
  0
LINE
  8
0
 10
111.777
 20
-87.9331
 11
112.277
 21
-87.9331
  0
LINE
  8
0
 10
112.277
 20
-87.9331
 11
112.277
 21
-87.2075
  0
LINE
  8
0
 10
112.277
 20
-86.797
 11
112.277
 21
-86.3327
  0
LINE
  8
0
 10
112.277
 20
-86.3327
 11
112.738
 21
-86.3327
  0
LINE
  8
0
 10
112.738
 20
-86.3327
 11
112.826
 21
-86.3381
  0
LINE
  8
0
 10
112.826
 20
-86.3381
 11
112.897
 21
-86.3531
  0
LINE
  8
0
 10
112.897
 20
-86.3531
 11
112.951
 21
-86.3766
  0
LINE
  8
0
 10
112.951
 20
-86.3766
 11
112.991
 21
-86.4076
  0
LINE
  8
0
 10
112.991
 20
-86.4076
 11
113.019
 21
-86.4464
  0
LINE
  8
0
 10
113.019
 20
-86.4464
 11
113.036
 21
-86.4959
  0
LINE
  8
0
 10
113.036
 20
-86.4959
 11
113.042
 21
-86.5594
  0
LINE
  8
0
 10
113.042
 20
-86.5594
 11
113.041
 21
-86.5911
  0
LINE
  8
0
 10
113.041
 20
-86.5911
 11
113.036
 21
-86.6211
  0
LINE
  8
0
 10
113.036
 20
-86.6211
 11
113.029
 21
-86.6482
  0
LINE
  8
0
 10
113.029
 20
-86.6482
 11
113.019
 21
-86.6728
  0
LINE
  8
0
 10
113.019
 20
-86.6728
 11
113.006
 21
-86.6949
  0
LINE
  8
0
 10
113.006
 20
-86.6949
 11
112.991
 21
-86.715
  0
LINE
  8
0
 10
112.991
 20
-86.715
 11
112.972
 21
-86.7332
  0
LINE
  8
0
 10
112.972
 20
-86.7332
 11
112.951
 21
-86.7494
  0
LINE
  8
0
 10
112.951
 20
-86.7494
 11
112.927
 21
-86.7633
  0
LINE
  8
0
 10
112.927
 20
-86.7633
 11
112.899
 21
-86.7751
  0
LINE
  8
0
 10
112.899
 20
-86.7751
 11
112.868
 21
-86.7844
  0
LINE
  8
0
 10
112.868
 20
-86.7844
 11
112.832
 21
-86.7912
  0
LINE
  8
0
 10
112.832
 20
-86.7912
 11
112.793
 21
-86.7955
  0
LINE
  8
0
 10
112.793
 20
-86.7955
 11
112.75
 21
-86.797
  0
LINE
  8
0
 10
112.75
 20
-86.797
 11
112.277
 21
-86.797
  0
LINE
  8
0
 10
108.965
 20
-90.5375
 11
109.078
 21
-90.0528
  0
LINE
  8
0
 10
109.078
 20
-90.0528
 11
109.12
 21
-89.8752
  0
LINE
  8
0
 10
109.12
 20
-89.8752
 11
109.151
 21
-89.7408
  0
LINE
  8
0
 10
109.151
 20
-89.7408
 11
109.172
 21
-89.6494
  0
LINE
  8
0
 10
109.172
 20
-89.6494
 11
109.183
 21
-89.6009
  0
LINE
  8
0
 10
109.183
 20
-89.6009
 11
109.185
 21
-89.591
  0
LINE
  8
0
 10
109.185
 20
-89.591
 11
109.192
 21
-89.6253
  0
LINE
  8
0
 10
109.192
 20
-89.6253
 11
109.205
 21
-89.6828
  0
LINE
  8
0
 10
109.205
 20
-89.6828
 11
109.218
 21
-89.7393
  0
LINE
  8
0
 10
109.218
 20
-89.7393
 11
109.486
 21
-90.8831
  0
LINE
  8
0
 10
109.486
 20
-90.8831
 11
110.039
 21
-90.8831
  0
LINE
  8
0
 10
110.039
 20
-90.8831
 11
110.559
 21
-88.8722
  0
LINE
  8
0
 10
110.559
 20
-88.8722
 11
110.048
 21
-88.8722
  0
LINE
  8
0
 10
110.048
 20
-88.8722
 11
109.809
 21
-89.9742
  0
LINE
  8
0
 10
109.809
 20
-89.9742
 11
109.758
 21
-90.1965
  0
LINE
  8
0
 10
109.758
 20
-90.1965
 11
109.751
 21
-90.1544
  0
LINE
  8
0
 10
109.751
 20
-90.1544
 11
109.737
 21
-90.0804
  0
LINE
  8
0
 10
109.737
 20
-90.0804
 11
109.725
 21
-90.018
  0
LINE
  8
0
 10
109.725
 20
-90.018
 11
109.714
 21
-89.9669
  0
LINE
  8
0
 10
109.714
 20
-89.9669
 11
109.705
 21
-89.9279
  0
LINE
  8
0
 10
109.705
 20
-89.9279
 11
109.454
 21
-88.8722
  0
LINE
  8
0
 10
109.454
 20
-88.8722
 11
108.927
 21
-88.8722
  0
LINE
  8
0
 10
108.927
 20
-88.8722
 11
108.855
 21
-89.1798
  0
LINE
  8
0
 10
108.855
 20
-89.1798
 11
108.801
 21
-89.4151
  0
LINE
  8
0
 10
108.801
 20
-89.4151
 11
108.754
 21
-89.6165
  0
LINE
  8
0
 10
108.754
 20
-89.6165
 11
108.715
 21
-89.7841
  0
LINE
  8
0
 10
108.715
 20
-89.7841
 11
108.684
 21
-89.9178
  0
LINE
  8
0
 10
108.684
 20
-89.9178
 11
108.662
 21
-90.0179
  0
LINE
  8
0
 10
108.662
 20
-90.0179
 11
108.648
 21
-90.0842
  0
LINE
  8
0
 10
108.648
 20
-90.0842
 11
108.637
 21
-90.1338
  0
LINE
  8
0
 10
108.637
 20
-90.1338
 11
108.622
 21
-90.2075
  0
LINE
  8
0
 10
108.622
 20
-90.2075
 11
108.609
 21
-90.1458
  0
LINE
  8
0
 10
108.609
 20
-90.1458
 11
108.324
 21
-88.8722
  0
LINE
  8
0
 10
108.324
 20
-88.8722
 11
107.813
 21
-88.8722
  0
LINE
  8
0
 10
107.813
 20
-88.8722
 11
108.332
 21
-90.8831
  0
LINE
  8
0
 10
108.332
 20
-90.8831
 11
108.885
 21
-90.8831
  0
LINE
  8
0
 10
108.885
 20
-90.8831
 11
108.965
 21
-90.5375
  0
LINE
  8
0
 10
113.482
 20
-88.8722
 11
112.982
 21
-88.8722
  0
LINE
  8
0
 10
112.982
 20
-88.8722
 11
112.982
 21
-90.8831
  0
LINE
  8
0
 10
112.982
 20
-90.8831
 11
113.482
 21
-90.8831
  0
LINE
  8
0
 10
113.482
 20
-90.8831
 11
113.482
 21
-88.8722
  0
LINE
  8
0
 10
111.825
 20
-90.1819
 11
112.803
 21
-90.1819
  0
LINE
  8
0
 10
112.803
 20
-90.1819
 11
112.803
 21
-89.7727
  0
LINE
  8
0
 10
112.803
 20
-89.7727
 11
111.825
 21
-89.7727
  0
LINE
  8
0
 10
111.825
 20
-89.7727
 11
111.825
 21
-89.2814
  0
LINE
  8
0
 10
111.825
 20
-89.2814
 11
112.834
 21
-89.2814
  0
LINE
  8
0
 10
112.834
 20
-89.2814
 11
112.834
 21
-88.8722
  0
LINE
  8
0
 10
112.834
 20
-88.8722
 11
111.325
 21
-88.8722
  0
LINE
  8
0
 10
111.325
 20
-88.8722
 11
111.325
 21
-90.8831
  0
LINE
  8
0
 10
111.325
 20
-90.8831
 11
111.825
 21
-90.8831
  0
LINE
  8
0
 10
111.825
 20
-90.8831
 11
111.825
 21
-90.1819
  0
LINE
  8
0
 10
111.072
 20
-88.8722
 11
110.571
 21
-88.8722
  0
LINE
  8
0
 10
110.571
 20
-88.8722
 11
110.571
 21
-90.8831
  0
LINE
  8
0
 10
110.571
 20
-90.8831
 11
111.072
 21
-90.8831
  0
LINE
  8
0
 10
111.072
 20
-90.8831
 11
111.072
 21
-88.8722
  0
LINE
  8
0
 10
111.151
 20
-93.858
 11
111.236
 21
-93.8494
  0
LINE
  8
0
 10
111.236
 20
-93.8494
 11
111.317
 21
-93.835
  0
LINE
  8
0
 10
111.317
 20
-93.835
 11
111.396
 21
-93.8147
  0
LINE
  8
0
 10
111.396
 20
-93.8147
 11
111.471
 21
-93.7885
  0
LINE
  8
0
 10
111.471
 20
-93.7885
 11
111.542
 21
-93.7564
  0
LINE
  8
0
 10
111.542
 20
-93.7564
 11
111.61
 21
-93.7184
  0
LINE
  8
0
 10
111.61
 20
-93.7184
 11
111.674
 21
-93.6742
  0
LINE
  8
0
 10
111.674
 20
-93.6742
 11
111.734
 21
-93.6238
  0
LINE
  8
0
 10
111.734
 20
-93.6238
 11
111.788
 21
-93.5673
  0
LINE
  8
0
 10
111.788
 20
-93.5673
 11
111.839
 21
-93.505
  0
LINE
  8
0
 10
111.839
 20
-93.505
 11
111.884
 21
-93.4367
  0
LINE
  8
0
 10
111.884
 20
-93.4367
 11
111.924
 21
-93.3628
  0
LINE
  8
0
 10
111.924
 20
-93.3628
 11
111.981
 21
-93.2363
  0
LINE
  8
0
 10
111.981
 20
-93.2363
 11
111.54
 21
-93.0696
  0
LINE
  8
0
 10
111.54
 20
-93.0696
 11
111.477
 21
-93.2048
  0
LINE
  8
0
 10
111.477
 20
-93.2048
 11
111.427
 21
-93.2796
  0
LINE
  8
0
 10
111.427
 20
-93.2796
 11
111.371
 21
-93.3398
  0
LINE
  8
0
 10
111.371
 20
-93.3398
 11
111.307
 21
-93.386
  0
LINE
  8
0
 10
111.307
 20
-93.386
 11
111.235
 21
-93.4191
  0
LINE
  8
0
 10
111.235
 20
-93.4191
 11
111.153
 21
-93.4392
  0
LINE
  8
0
 10
111.153
 20
-93.4392
 11
111.061
 21
-93.4461
  0
LINE
  8
0
 10
111.061
 20
-93.4461
 11
110.992
 21
-93.4429
  0
LINE
  8
0
 10
110.992
 20
-93.4429
 11
110.927
 21
-93.433
  0
LINE
  8
0
 10
110.927
 20
-93.433
 11
110.868
 21
-93.4169
  0
LINE
  8
0
 10
110.868
 20
-93.4169
 11
110.815
 21
-93.3947
  0
LINE
  8
0
 10
110.815
 20
-93.3947
 11
110.767
 21
-93.3663
  0
LINE
  8
0
 10
110.767
 20
-93.3663
 11
110.723
 21
-93.3316
  0
LINE
  8
0
 10
110.723
 20
-93.3316
 11
110.684
 21
-93.2905
  0
LINE
  8
0
 10
110.684
 20
-93.2905
 11
110.649
 21
-93.243
  0
LINE
  8
0
 10
110.649
 20
-93.243
 11
110.62
 21
-93.1892
  0
LINE
  8
0
 10
110.62
 20
-93.1892
 11
110.595
 21
-93.1289
  0
LINE
  8
0
 10
110.595
 20
-93.1289
 11
110.576
 21
-93.0616
  0
LINE
  8
0
 10
110.576
 20
-93.0616
 11
110.562
 21
-92.9878
  0
LINE
  8
0
 10
110.562
 20
-92.9878
 11
110.554
 21
-92.907
  0
LINE
  8
0
 10
110.554
 20
-92.907
 11
110.551
 21
-92.8194
  0
LINE
  8
0
 10
110.551
 20
-92.8194
 11
110.553
 21
-92.7333
  0
LINE
  8
0
 10
110.553
 20
-92.7333
 11
110.562
 21
-92.6542
  0
LINE
  8
0
 10
110.562
 20
-92.6542
 11
110.575
 21
-92.5817
  0
LINE
  8
0
 10
110.575
 20
-92.5817
 11
110.594
 21
-92.5162
  0
LINE
  8
0
 10
110.594
 20
-92.5162
 11
110.618
 21
-92.4575
  0
LINE
  8
0
 10
110.618
 20
-92.4575
 11
110.646
 21
-92.4052
  0
LINE
  8
0
 10
110.646
 20
-92.4052
 11
110.68
 21
-92.3593
  0
LINE
  8
0
 10
110.68
 20
-92.3593
 11
110.717
 21
-92.3197
  0
LINE
  8
0
 10
110.717
 20
-92.3197
 11
110.76
 21
-92.2863
  0
LINE
  8
0
 10
110.76
 20
-92.2863
 11
110.807
 21
-92.2589
  0
LINE
  8
0
 10
110.807
 20
-92.2589
 11
110.86
 21
-92.2373
  0
LINE
  8
0
 10
110.86
 20
-92.2373
 11
110.919
 21
-92.2217
  0
LINE
  8
0
 10
110.919
 20
-92.2217
 11
110.983
 21
-92.2122
  0
LINE
  8
0
 10
110.983
 20
-92.2122
 11
111.053
 21
-92.209
  0
LINE
  8
0
 10
111.053
 20
-92.209
 11
111.099
 21
-92.2106
  0
LINE
  8
0
 10
111.099
 20
-92.2106
 11
111.143
 21
-92.2154
  0
LINE
  8
0
 10
111.143
 20
-92.2154
 11
111.185
 21
-92.2233
  0
LINE
  8
0
 10
111.185
 20
-92.2233
 11
111.225
 21
-92.2343
  0
LINE
  8
0
 10
111.225
 20
-92.2343
 11
111.263
 21
-92.2484
  0
LINE
  8
0
 10
111.263
 20
-92.2484
 11
111.299
 21
-92.2654
  0
LINE
  8
0
 10
111.299
 20
-92.2654
 11
111.334
 21
-92.2858
  0
LINE
  8
0
 10
111.334
 20
-92.2858
 11
111.366
 21
-92.3085
  0
LINE
  8
0
 10
111.366
 20
-92.3085
 11
111.394
 21
-92.3331
  0
LINE
  8
0
 10
111.394
 20
-92.3331
 11
111.42
 21
-92.3597
  0
LINE
  8
0
 10
111.42
 20
-92.3597
 11
111.442
 21
-92.3883
  0
LINE
  8
0
 10
111.442
 20
-92.3883
 11
111.46
 21
-92.4189
  0
LINE
  8
0
 10
111.46
 20
-92.4189
 11
111.476
 21
-92.4519
  0
LINE
  8
0
 10
111.476
 20
-92.4519
 11
111.506
 21
-92.5326
  0
LINE
  8
0
 10
111.506
 20
-92.5326
 11
111.956
 21
-92.4098
  0
LINE
  8
0
 10
111.956
 20
-92.4098
 11
111.909
 21
-92.2842
  0
LINE
  8
0
 10
111.909
 20
-92.2842
 11
111.874
 21
-92.213
  0
LINE
  8
0
 10
111.874
 20
-92.213
 11
111.835
 21
-92.1469
  0
LINE
  8
0
 10
111.835
 20
-92.1469
 11
111.789
 21
-92.0862
  0
LINE
  8
0
 10
111.789
 20
-92.0862
 11
111.738
 21
-92.0309
  0
LINE
  8
0
 10
111.738
 20
-92.0309
 11
111.681
 21
-91.9812
  0
LINE
  8
0
 10
111.681
 20
-91.9812
 11
111.619
 21
-91.937
  0
LINE
  8
0
 10
111.619
 20
-91.937
 11
111.552
 21
-91.8988
  0
LINE
  8
0
 10
111.552
 20
-91.8988
 11
111.48
 21
-91.8665
  0
LINE
  8
0
 10
111.48
 20
-91.8665
 11
111.402
 21
-91.8403
  0
LINE
  8
0
 10
111.402
 20
-91.8403
 11
111.32
 21
-91.8201
  0
LINE
  8
0
 10
111.32
 20
-91.8201
 11
111.233
 21
-91.8057
  0
LINE
  8
0
 10
111.233
 20
-91.8057
 11
111.141
 21
-91.7971
  0
LINE
  8
0
 10
111.141
 20
-91.7971
 11
111.044
 21
-91.7943
  0
LINE
  8
0
 10
111.044
 20
-91.7943
 11
110.913
 21
-91.7996
  0
LINE
  8
0
 10
110.913
 20
-91.7996
 11
110.79
 21
-91.8156
  0
LINE
  8
0
 10
110.79
 20
-91.8156
 11
110.675
 21
-91.8426
  0
LINE
  8
0
 10
110.675
 20
-91.8426
 11
110.569
 21
-91.8807
  0
LINE
  8
0
 10
110.569
 20
-91.8807
 11
110.472
 21
-91.9299
  0
LINE
  8
0
 10
110.472
 20
-91.9299
 11
110.383
 21
-91.9903
  0
LINE
  8
0
 10
110.383
 20
-91.9903
 11
110.305
 21
-92.0618
  0
LINE
  8
0
 10
110.305
 20
-92.0618
 11
110.236
 21
-92.1434
  0
LINE
  8
0
 10
110.236
 20
-92.1434
 11
110.178
 21
-92.2343
  0
LINE
  8
0
 10
110.178
 20
-92.2343
 11
110.131
 21
-92.3342
  0
LINE
  8
0
 10
110.131
 20
-92.3342
 11
110.094
 21
-92.4428
  0
LINE
  8
0
 10
110.094
 20
-92.4428
 11
110.068
 21
-92.5599
  0
LINE
  8
0
 10
110.068
 20
-92.5599
 11
110.053
 21
-92.6854
  0
LINE
  8
0
 10
110.053
 20
-92.6854
 11
110.048
 21
-92.8195
  0
LINE
  8
0
 10
110.048
 20
-92.8195
 11
110.053
 21
-92.9534
  0
LINE
  8
0
 10
110.053
 20
-92.9534
 11
110.069
 21
-93.0793
  0
LINE
  8
0
 10
110.069
 20
-93.0793
 11
110.096
 21
-93.1972
  0
LINE
  8
0
 10
110.096
 20
-93.1972
 11
110.134
 21
-93.3068
  0
LINE
  8
0
 10
110.134
 20
-93.3068
 11
110.183
 21
-93.4081
  0
LINE
  8
0
 10
110.183
 20
-93.4081
 11
110.242
 21
-93.5008
  0
LINE
  8
0
 10
110.242
 20
-93.5008
 11
110.313
 21
-93.5846
  0
LINE
  8
0
 10
110.313
 20
-93.5846
 11
110.394
 21
-93.6583
  0
LINE
  8
0
 10
110.394
 20
-93.6583
 11
110.485
 21
-93.7206
  0
LINE
  8
0
 10
110.485
 20
-93.7206
 11
110.584
 21
-93.7715
  0
LINE
  8
0
 10
110.584
 20
-93.7715
 11
110.691
 21
-93.8108
  0
LINE
  8
0
 10
110.691
 20
-93.8108
 11
110.807
 21
-93.8387
  0
LINE
  8
0
 10
110.807
 20
-93.8387
 11
110.93
 21
-93.8554
  0
LINE
  8
0
 10
110.93
 20
-93.8554
 11
111.062
 21
-93.8609
  0
LINE
  8
0
 10
111.062
 20
-93.8609
 11
111.151
 21
-93.858
  0
LINE
  8
0
 10
113.041
 20
-92.232
 11
113.66
 21
-92.232
  0
LINE
  8
0
 10
113.66
 20
-92.232
 11
113.66
 21
-91.8228
  0
LINE
  8
0
 10
113.66
 20
-91.8228
 11
111.924
 21
-91.8228
  0
LINE
  8
0
 10
111.924
 20
-91.8228
 11
111.924
 21
-92.232
  0
LINE
  8
0
 10
111.924
 20
-92.232
 11
112.541
 21
-92.232
  0
LINE
  8
0
 10
112.541
 20
-92.232
 11
112.541
 21
-93.8337
  0
LINE
  8
0
 10
112.541
 20
-93.8337
 11
113.041
 21
-93.8337
  0
LINE
  8
0
 10
113.041
 20
-93.8337
 11
113.041
 21
-92.232
  0
LINE
  8
0
 10
108.699
 20
-93.3455
 11
109.357
 21
-93.3455
  0
LINE
  8
0
 10
109.357
 20
-93.3455
 11
109.526
 21
-93.8337
  0
LINE
  8
0
 10
109.526
 20
-93.8337
 11
110.029
 21
-93.8337
  0
LINE
  8
0
 10
110.029
 20
-93.8337
 11
109.298
 21
-91.8228
  0
LINE
  8
0
 10
109.298
 20
-91.8228
 11
108.756
 21
-91.8228
  0
LINE
  8
0
 10
108.756
 20
-91.8228
 11
108.023
 21
-93.8337
  0
LINE
  8
0
 10
108.023
 20
-93.8337
 11
108.53
 21
-93.8337
  0
LINE
  8
0
 10
108.53
 20
-93.8337
 11
108.699
 21
-93.3455
  0
LINE
  8
0
 10
108.823
 20
-92.9444
 11
108.858
 21
-92.8438
  0
LINE
  8
0
 10
108.858
 20
-92.8438
 11
108.907
 21
-92.6999
  0
LINE
  8
0
 10
108.907
 20
-92.6999
 11
108.948
 21
-92.5789
  0
LINE
  8
0
 10
108.948
 20
-92.5789
 11
108.982
 21
-92.4808
  0
LINE
  8
0
 10
108.982
 20
-92.4808
 11
109.007
 21
-92.4055
  0
LINE
  8
0
 10
109.007
 20
-92.4055
 11
109.025
 21
-92.353
  0
LINE
  8
0
 10
109.025
 20
-92.353
 11
109.029
 21
-92.3407
  0
LINE
  8
0
 10
109.029
 20
-92.3407
 11
109.067
 21
-92.4608
  0
LINE
  8
0
 10
109.067
 20
-92.4608
 11
109.233
 21
-92.9444
  0
LINE
  8
0
 10
109.233
 20
-92.9444
 11
108.823
 21
-92.9444
  0
LINE
  8
0
 10
27.6287
 20
-101.648
 11
27.731
 21
-101.638
  0
LINE
  8
0
 10
27.731
 20
-101.638
 11
27.8297
 21
-101.623
  0
LINE
  8
0
 10
27.8297
 20
-101.623
 11
27.9247
 21
-101.6
  0
LINE
  8
0
 10
27.9247
 20
-101.6
 11
28.0161
 21
-101.572
  0
LINE
  8
0
 10
28.0161
 20
-101.572
 11
28.1038
 21
-101.537
  0
LINE
  8
0
 10
28.1038
 20
-101.537
 11
28.1878
 21
-101.495
  0
LINE
  8
0
 10
28.1878
 20
-101.495
 11
28.2672
 21
-101.447
  0
LINE
  8
0
 10
28.2672
 20
-101.447
 11
28.3413
 21
-101.394
  0
LINE
  8
0
 10
28.3413
 20
-101.394
 11
28.4101
 21
-101.334
  0
LINE
  8
0
 10
28.4101
 20
-101.334
 11
28.4734
 21
-101.269
  0
LINE
  8
0
 10
28.4734
 20
-101.269
 11
28.5312
 21
-101.199
  0
LINE
  8
0
 10
28.5312
 20
-101.199
 11
28.5835
 21
-101.123
  0
LINE
  8
0
 10
28.5835
 20
-101.123
 11
28.6302
 21
-101.041
  0
LINE
  8
0
 10
28.6302
 20
-101.041
 11
28.671
 21
-100.955
  0
LINE
  8
0
 10
28.671
 20
-100.955
 11
28.7055
 21
-100.865
  0
LINE
  8
0
 10
28.7055
 20
-100.865
 11
28.7336
 21
-100.771
  0
LINE
  8
0
 10
28.7336
 20
-100.771
 11
28.7554
 21
-100.674
  0
LINE
  8
0
 10
28.7554
 20
-100.674
 11
28.771
 21
-100.574
  0
LINE
  8
0
 10
28.771
 20
-100.574
 11
28.7803
 21
-100.469
  0
LINE
  8
0
 10
28.7803
 20
-100.469
 11
28.7834
 21
-100.361
  0
LINE
  8
0
 10
28.7834
 20
-100.361
 11
28.7767
 21
-100.2
  0
LINE
  8
0
 10
28.7767
 20
-100.2
 11
28.7565
 21
-100.048
  0
LINE
  8
0
 10
28.7565
 20
-100.048
 11
28.7227
 21
-99.9053
  0
LINE
  8
0
 10
28.7227
 20
-99.9053
 11
28.6751
 21
-99.7723
  0
LINE
  8
0
 10
28.6751
 20
-99.7723
 11
28.6137
 21
-99.6491
  0
LINE
  8
0
 10
28.6137
 20
-99.6491
 11
28.5384
 21
-99.536
  0
LINE
  8
0
 10
28.5384
 20
-99.536
 11
28.4495
 21
-99.4333
  0
LINE
  8
0
 10
28.4495
 20
-99.4333
 11
28.3484
 21
-99.3426
  0
LINE
  8
0
 10
28.3484
 20
-99.3426
 11
28.2366
 21
-99.2659
  0
LINE
  8
0
 10
28.2366
 20
-99.2659
 11
28.1143
 21
-99.2033
  0
LINE
  8
0
 10
28.1143
 20
-99.2033
 11
27.982
 21
-99.1547
  0
LINE
  8
0
 10
27.982
 20
-99.1547
 11
27.8398
 21
-99.1203
  0
LINE
  8
0
 10
27.8398
 20
-99.1203
 11
27.6879
 21
-99.0997
  0
LINE
  8
0
 10
27.6879
 20
-99.0997
 11
27.5263
 21
-99.0928
  0
LINE
  8
0
 10
27.5263
 20
-99.0928
 11
27.3647
 21
-99.0996
  0
LINE
  8
0
 10
27.3647
 20
-99.0996
 11
27.2129
 21
-99.12
  0
LINE
  8
0
 10
27.2129
 20
-99.12
 11
27.0709
 21
-99.1541
  0
LINE
  8
0
 10
27.0709
 20
-99.1541
 11
26.9387
 21
-99.2021
  0
LINE
  8
0
 10
26.9387
 20
-99.2021
 11
26.8167
 21
-99.2641
  0
LINE
  8
0
 10
26.8167
 20
-99.2641
 11
26.705
 21
-99.34
  0
LINE
  8
0
 10
26.705
 20
-99.34
 11
26.604
 21
-99.4298
  0
LINE
  8
0
 10
26.604
 20
-99.4298
 11
26.5153
 21
-99.5318
  0
LINE
  8
0
 10
26.5153
 20
-99.5318
 11
26.4402
 21
-99.6446
  0
LINE
  8
0
 10
26.4402
 20
-99.6446
 11
26.3789
 21
-99.7679
  0
LINE
  8
0
 10
26.3789
 20
-99.7679
 11
26.3314
 21
-99.9015
  0
LINE
  8
0
 10
26.3314
 20
-99.9015
 11
26.2977
 21
-100.045
  0
LINE
  8
0
 10
26.2977
 20
-100.045
 11
26.2776
 21
-100.198
  0
LINE
  8
0
 10
26.2776
 20
-100.198
 11
26.2709
 21
-100.362
  0
LINE
  8
0
 10
26.2709
 20
-100.362
 11
26.2776
 21
-100.526
  0
LINE
  8
0
 10
26.2776
 20
-100.526
 11
26.2978
 21
-100.68
  0
LINE
  8
0
 10
26.2978
 20
-100.68
 11
26.3316
 21
-100.825
  0
LINE
  8
0
 10
26.3316
 20
-100.825
 11
26.3791
 21
-100.96
  0
LINE
  8
0
 10
26.3791
 20
-100.96
 11
26.4404
 21
-101.085
  0
LINE
  8
0
 10
26.4404
 20
-101.085
 11
26.5156
 21
-101.2
  0
LINE
  8
0
 10
26.5156
 20
-101.2
 11
26.6045
 21
-101.304
  0
LINE
  8
0
 10
26.6045
 20
-101.304
 11
26.7055
 21
-101.397
  0
LINE
  8
0
 10
26.7055
 20
-101.397
 11
26.8169
 21
-101.475
  0
LINE
  8
0
 10
26.8169
 20
-101.475
 11
26.9386
 21
-101.539
  0
LINE
  8
0
 10
26.9386
 20
-101.539
 11
27.0703
 21
-101.588
  0
LINE
  8
0
 10
27.0703
 20
-101.588
 11
27.2117
 21
-101.623
  0
LINE
  8
0
 10
27.2117
 20
-101.623
 11
27.3625
 21
-101.644
  0
LINE
  8
0
 10
27.3625
 20
-101.644
 11
27.5226
 21
-101.651
  0
LINE
  8
0
 10
27.5226
 20
-101.651
 11
27.6287
 21
-101.648
  0
LINE
  8
0
 10
27.4386
 20
-101.153
 11
27.3602
 21
-101.14
  0
LINE
  8
0
 10
27.3602
 20
-101.14
 11
27.2877
 21
-101.119
  0
LINE
  8
0
 10
27.2877
 20
-101.119
 11
27.2208
 21
-101.09
  0
LINE
  8
0
 10
27.2208
 20
-101.09
 11
27.1591
 21
-101.051
  0
LINE
  8
0
 10
27.1591
 20
-101.051
 11
27.1023
 21
-101.005
  0
LINE
  8
0
 10
27.1023
 20
-101.005
 11
27.0503
 21
-100.949
  0
LINE
  8
0
 10
27.0503
 20
-100.949
 11
27.0042
 21
-100.886
  0
LINE
  8
0
 10
27.0042
 20
-100.886
 11
26.965
 21
-100.816
  0
LINE
  8
0
 10
26.965
 20
-100.816
 11
26.9328
 21
-100.74
  0
LINE
  8
0
 10
26.9328
 20
-100.74
 11
26.9074
 21
-100.656
  0
LINE
  8
0
 10
26.9074
 20
-100.656
 11
26.8892
 21
-100.565
  0
LINE
  8
0
 10
26.8892
 20
-100.565
 11
26.8782
 21
-100.467
  0
LINE
  8
0
 10
26.8782
 20
-100.467
 11
26.8745
 21
-100.362
  0
LINE
  8
0
 10
26.8745
 20
-100.362
 11
26.8781
 21
-100.258
  0
LINE
  8
0
 10
26.8781
 20
-100.258
 11
26.8889
 21
-100.161
  0
LINE
  8
0
 10
26.8889
 20
-100.161
 11
26.9067
 21
-100.071
  0
LINE
  8
0
 10
26.9067
 20
-100.071
 11
26.9314
 21
-99.9893
  0
LINE
  8
0
 10
26.9314
 20
-99.9893
 11
26.9628
 21
-99.9146
  0
LINE
  8
0
 10
26.9628
 20
-99.9146
 11
27.001
 21
-99.8471
  0
LINE
  8
0
 10
27.001
 20
-99.8471
 11
27.0459
 21
-99.7863
  0
LINE
  8
0
 10
27.0459
 20
-99.7863
 11
27.0967
 21
-99.7333
  0
LINE
  8
0
 10
27.0967
 20
-99.7333
 11
27.1529
 21
-99.6887
  0
LINE
  8
0
 10
27.1529
 20
-99.6887
 11
27.215
 21
-99.6521
  0
LINE
  8
0
 10
27.215
 20
-99.6521
 11
27.283
 21
-99.6236
  0
LINE
  8
0
 10
27.283
 20
-99.6236
 11
27.3574
 21
-99.603
  0
LINE
  8
0
 10
27.3574
 20
-99.603
 11
27.4386
 21
-99.5905
  0
LINE
  8
0
 10
27.4386
 20
-99.5905
 11
27.5262
 21
-99.5863
  0
LINE
  8
0
 10
27.5262
 20
-99.5863
 11
27.6127
 21
-99.5905
  0
LINE
  8
0
 10
27.6127
 20
-99.5905
 11
27.6924
 21
-99.6031
  0
LINE
  8
0
 10
27.6924
 20
-99.6031
 11
27.7659
 21
-99.6238
  0
LINE
  8
0
 10
27.7659
 20
-99.6238
 11
27.8331
 21
-99.6525
  0
LINE
  8
0
 10
27.8331
 20
-99.6525
 11
27.8948
 21
-99.6894
  0
LINE
  8
0
 10
27.8948
 20
-99.6894
 11
27.9507
 21
-99.7344
  0
LINE
  8
0
 10
27.9507
 20
-99.7344
 11
28.0015
 21
-99.7879
  0
LINE
  8
0
 10
28.0015
 20
-99.7879
 11
28.0465
 21
-99.8491
  0
LINE
  8
0
 10
28.0465
 20
-99.8491
 11
28.0847
 21
-99.917
  0
LINE
  8
0
 10
28.0847
 20
-99.917
 11
28.1162
 21
-99.9915
  0
LINE
  8
0
 10
28.1162
 20
-99.9915
 11
28.1409
 21
-100.073
  0
LINE
  8
0
 10
28.1409
 20
-100.073
 11
28.1587
 21
-100.162
  0
LINE
  8
0
 10
28.1587
 20
-100.162
 11
28.1694
 21
-100.258
  0
LINE
  8
0
 10
28.1694
 20
-100.258
 11
28.173
 21
-100.362
  0
LINE
  8
0
 10
28.173
 20
-100.362
 11
28.1694
 21
-100.47
  0
LINE
  8
0
 10
28.1694
 20
-100.47
 11
28.1587
 21
-100.571
  0
LINE
  8
0
 10
28.1587
 20
-100.571
 11
28.1409
 21
-100.663
  0
LINE
  8
0
 10
28.1409
 20
-100.663
 11
28.1163
 21
-100.748
  0
LINE
  8
0
 10
28.1163
 20
-100.748
 11
28.0849
 21
-100.825
  0
LINE
  8
0
 10
28.0849
 20
-100.825
 11
28.0469
 21
-100.894
  0
LINE
  8
0
 10
28.0469
 20
-100.894
 11
28.0022
 21
-100.955
  0
LINE
  8
0
 10
28.0022
 20
-100.955
 11
27.9516
 21
-101.009
  0
LINE
  8
0
 10
27.9516
 20
-101.009
 11
27.8955
 21
-101.054
  0
LINE
  8
0
 10
27.8955
 20
-101.054
 11
27.8337
 21
-101.091
  0
LINE
  8
0
 10
27.8337
 20
-101.091
 11
27.7658
 21
-101.12
  0
LINE
  8
0
 10
27.7658
 20
-101.12
 11
27.6916
 21
-101.141
  0
LINE
  8
0
 10
27.6916
 20
-101.141
 11
27.6106
 21
-101.153
  0
LINE
  8
0
 10
27.6106
 20
-101.153
 11
27.5229
 21
-101.158
  0
LINE
  8
0
 10
27.5229
 20
-101.158
 11
27.4386
 21
-101.153
  0
LINE
  8
0
 10
40.4387
 20
-101.648
 11
40.541
 21
-101.638
  0
LINE
  8
0
 10
40.541
 20
-101.638
 11
40.6397
 21
-101.623
  0
LINE
  8
0
 10
40.6397
 20
-101.623
 11
40.7347
 21
-101.6
  0
LINE
  8
0
 10
40.7347
 20
-101.6
 11
40.8262
 21
-101.572
  0
LINE
  8
0
 10
40.8262
 20
-101.572
 11
40.9138
 21
-101.537
  0
LINE
  8
0
 10
40.9138
 20
-101.537
 11
40.9978
 21
-101.495
  0
LINE
  8
0
 10
40.9978
 20
-101.495
 11
41.0772
 21
-101.447
  0
LINE
  8
0
 10
41.0772
 20
-101.447
 11
41.1513
 21
-101.394
  0
LINE
  8
0
 10
41.1513
 20
-101.394
 11
41.2201
 21
-101.334
  0
LINE
  8
0
 10
41.2201
 20
-101.334
 11
41.2834
 21
-101.269
  0
LINE
  8
0
 10
41.2834
 20
-101.269
 11
41.3412
 21
-101.199
  0
LINE
  8
0
 10
41.3412
 20
-101.199
 11
41.3935
 21
-101.123
  0
LINE
  8
0
 10
41.3935
 20
-101.123
 11
41.4402
 21
-101.041
  0
LINE
  8
0
 10
41.4402
 20
-101.041
 11
41.481
 21
-100.955
  0
LINE
  8
0
 10
41.481
 20
-100.955
 11
41.5155
 21
-100.865
  0
LINE
  8
0
 10
41.5155
 20
-100.865
 11
41.5436
 21
-100.771
  0
LINE
  8
0
 10
41.5436
 20
-100.771
 11
41.5654
 21
-100.674
  0
LINE
  8
0
 10
41.5654
 20
-100.674
 11
41.581
 21
-100.574
  0
LINE
  8
0
 10
41.581
 20
-100.574
 11
41.5903
 21
-100.469
  0
LINE
  8
0
 10
41.5903
 20
-100.469
 11
41.5934
 21
-100.361
  0
LINE
  8
0
 10
41.5934
 20
-100.361
 11
41.5867
 21
-100.2
  0
LINE
  8
0
 10
41.5867
 20
-100.2
 11
41.5665
 21
-100.048
  0
LINE
  8
0
 10
41.5665
 20
-100.048
 11
41.5327
 21
-99.9053
  0
LINE
  8
0
 10
41.5327
 20
-99.9053
 11
41.4851
 21
-99.7723
  0
LINE
  8
0
 10
41.4851
 20
-99.7723
 11
41.4237
 21
-99.6491
  0
LINE
  8
0
 10
41.4237
 20
-99.6491
 11
41.3485
 21
-99.536
  0
LINE
  8
0
 10
41.3485
 20
-99.536
 11
41.2595
 21
-99.4333
  0
LINE
  8
0
 10
41.2595
 20
-99.4333
 11
41.1584
 21
-99.3426
  0
LINE
  8
0
 10
41.1584
 20
-99.3426
 11
41.0466
 21
-99.2659
  0
LINE
  8
0
 10
41.0466
 20
-99.2659
 11
40.9244
 21
-99.2033
  0
LINE
  8
0
 10
40.9244
 20
-99.2033
 11
40.792
 21
-99.1547
  0
LINE
  8
0
 10
40.792
 20
-99.1547
 11
40.6499
 21
-99.1203
  0
LINE
  8
0
 10
40.6499
 20
-99.1203
 11
40.498
 21
-99.0997
  0
LINE
  8
0
 10
40.498
 20
-99.0997
 11
40.3363
 21
-99.0928
  0
LINE
  8
0
 10
40.3363
 20
-99.0928
 11
40.1748
 21
-99.0996
  0
LINE
  8
0
 10
40.1748
 20
-99.0996
 11
40.023
 21
-99.12
  0
LINE
  8
0
 10
40.023
 20
-99.12
 11
39.8809
 21
-99.1541
  0
LINE
  8
0
 10
39.8809
 20
-99.1541
 11
39.7487
 21
-99.2021
  0
LINE
  8
0
 10
39.7487
 20
-99.2021
 11
39.6267
 21
-99.2641
  0
LINE
  8
0
 10
39.6267
 20
-99.2641
 11
39.515
 21
-99.34
  0
LINE
  8
0
 10
39.515
 20
-99.34
 11
39.4141
 21
-99.4298
  0
LINE
  8
0
 10
39.4141
 20
-99.4298
 11
39.3253
 21
-99.5318
  0
LINE
  8
0
 10
39.3253
 20
-99.5318
 11
39.2502
 21
-99.6446
  0
LINE
  8
0
 10
39.2502
 20
-99.6446
 11
39.1889
 21
-99.7679
  0
LINE
  8
0
 10
39.1889
 20
-99.7679
 11
39.1415
 21
-99.9015
  0
LINE
  8
0
 10
39.1415
 20
-99.9015
 11
39.1077
 21
-100.045
  0
LINE
  8
0
 10
39.1077
 20
-100.045
 11
39.0876
 21
-100.198
  0
LINE
  8
0
 10
39.0876
 20
-100.198
 11
39.0809
 21
-100.362
  0
LINE
  8
0
 10
39.0809
 20
-100.362
 11
39.0876
 21
-100.526
  0
LINE
  8
0
 10
39.0876
 20
-100.526
 11
39.1078
 21
-100.68
  0
LINE
  8
0
 10
39.1078
 20
-100.68
 11
39.1416
 21
-100.825
  0
LINE
  8
0
 10
39.1416
 20
-100.825
 11
39.1891
 21
-100.96
  0
LINE
  8
0
 10
39.1891
 20
-100.96
 11
39.2505
 21
-101.085
  0
LINE
  8
0
 10
39.2505
 20
-101.085
 11
39.3256
 21
-101.2
  0
LINE
  8
0
 10
39.3256
 20
-101.2
 11
39.4145
 21
-101.304
  0
LINE
  8
0
 10
39.4145
 20
-101.304
 11
39.5155
 21
-101.397
  0
LINE
  8
0
 10
39.5155
 20
-101.397
 11
39.6269
 21
-101.475
  0
LINE
  8
0
 10
39.6269
 20
-101.475
 11
39.7487
 21
-101.539
  0
LINE
  8
0
 10
39.7487
 20
-101.539
 11
39.8803
 21
-101.588
  0
LINE
  8
0
 10
39.8803
 20
-101.588
 11
40.0217
 21
-101.623
  0
LINE
  8
0
 10
40.0217
 20
-101.623
 11
40.1726
 21
-101.644
  0
LINE
  8
0
 10
40.1726
 20
-101.644
 11
40.3326
 21
-101.651
  0
LINE
  8
0
 10
40.3326
 20
-101.651
 11
40.4387
 21
-101.648
  0
LINE
  8
0
 10
40.2486
 20
-101.153
 11
40.1703
 21
-101.14
  0
LINE
  8
0
 10
40.1703
 20
-101.14
 11
40.0977
 21
-101.119
  0
LINE
  8
0
 10
40.0977
 20
-101.119
 11
40.0308
 21
-101.09
  0
LINE
  8
0
 10
40.0308
 20
-101.09
 11
39.9691
 21
-101.051
  0
LINE
  8
0
 10
39.9691
 20
-101.051
 11
39.9123
 21
-101.005
  0
LINE
  8
0
 10
39.9123
 20
-101.005
 11
39.8604
 21
-100.949
  0
LINE
  8
0
 10
39.8604
 20
-100.949
 11
39.8143
 21
-100.886
  0
LINE
  8
0
 10
39.8143
 20
-100.886
 11
39.7751
 21
-100.817
  0
LINE
  8
0
 10
39.7751
 20
-100.817
 11
39.7428
 21
-100.74
  0
LINE
  8
0
 10
39.7428
 20
-100.74
 11
39.7174
 21
-100.656
  0
LINE
  8
0
 10
39.7174
 20
-100.656
 11
39.6992
 21
-100.565
  0
LINE
  8
0
 10
39.6992
 20
-100.565
 11
39.6882
 21
-100.467
  0
LINE
  8
0
 10
39.6882
 20
-100.467
 11
39.6845
 21
-100.362
  0
LINE
  8
0
 10
39.6845
 20
-100.362
 11
39.6881
 21
-100.258
  0
LINE
  8
0
 10
39.6881
 20
-100.258
 11
39.6989
 21
-100.161
  0
LINE
  8
0
 10
39.6989
 20
-100.161
 11
39.7167
 21
-100.071
  0
LINE
  8
0
 10
39.7167
 20
-100.071
 11
39.7414
 21
-99.9894
  0
LINE
  8
0
 10
39.7414
 20
-99.9894
 11
39.7729
 21
-99.9146
  0
LINE
  8
0
 10
39.7729
 20
-99.9146
 11
39.811
 21
-99.8471
  0
LINE
  8
0
 10
39.811
 20
-99.8471
 11
39.8559
 21
-99.7863
  0
LINE
  8
0
 10
39.8559
 20
-99.7863
 11
39.9067
 21
-99.7334
  0
LINE
  8
0
 10
39.9067
 20
-99.7334
 11
39.963
 21
-99.6887
  0
LINE
  8
0
 10
39.963
 20
-99.6887
 11
40.0251
 21
-99.6521
  0
LINE
  8
0
 10
40.0251
 20
-99.6521
 11
40.093
 21
-99.6236
  0
LINE
  8
0
 10
40.093
 20
-99.6236
 11
40.1674
 21
-99.603
  0
LINE
  8
0
 10
40.1674
 20
-99.603
 11
40.2486
 21
-99.5905
  0
LINE
  8
0
 10
40.2486
 20
-99.5905
 11
40.3363
 21
-99.5863
  0
LINE
  8
0
 10
40.3363
 20
-99.5863
 11
40.4227
 21
-99.5905
  0
LINE
  8
0
 10
40.4227
 20
-99.5905
 11
40.5024
 21
-99.6031
  0
LINE
  8
0
 10
40.5024
 20
-99.6031
 11
40.576
 21
-99.6238
  0
LINE
  8
0
 10
40.576
 20
-99.6238
 11
40.6432
 21
-99.6525
  0
LINE
  8
0
 10
40.6432
 20
-99.6525
 11
40.7048
 21
-99.6894
  0
LINE
  8
0
 10
40.7048
 20
-99.6894
 11
40.7607
 21
-99.7343
  0
LINE
  8
0
 10
40.7607
 20
-99.7343
 11
40.8116
 21
-99.7879
  0
LINE
  8
0
 10
40.8116
 20
-99.7879
 11
40.8565
 21
-99.849
  0
LINE
  8
0
 10
40.8565
 20
-99.849
 11
40.8948
 21
-99.917
  0
LINE
  8
0
 10
40.8948
 20
-99.917
 11
40.9262
 21
-99.9915
  0
LINE
  8
0
 10
40.9262
 20
-99.9915
 11
40.9509
 21
-100.073
  0
LINE
  8
0
 10
40.9509
 20
-100.073
 11
40.9687
 21
-100.162
  0
LINE
  8
0
 10
40.9687
 20
-100.162
 11
40.9795
 21
-100.258
  0
LINE
  8
0
 10
40.9795
 20
-100.258
 11
40.9831
 21
-100.362
  0
LINE
  8
0
 10
40.9831
 20
-100.362
 11
40.9795
 21
-100.47
  0
LINE
  8
0
 10
40.9795
 20
-100.47
 11
40.9688
 21
-100.571
  0
LINE
  8
0
 10
40.9688
 20
-100.571
 11
40.951
 21
-100.663
  0
LINE
  8
0
 10
40.951
 20
-100.663
 11
40.9263
 21
-100.748
  0
LINE
  8
0
 10
40.9263
 20
-100.748
 11
40.8949
 21
-100.825
  0
LINE
  8
0
 10
40.8949
 20
-100.825
 11
40.8569
 21
-100.894
  0
LINE
  8
0
 10
40.8569
 20
-100.894
 11
40.8123
 21
-100.955
  0
LINE
  8
0
 10
40.8123
 20
-100.955
 11
40.7616
 21
-101.009
  0
LINE
  8
0
 10
40.7616
 20
-101.009
 11
40.7055
 21
-101.054
  0
LINE
  8
0
 10
40.7055
 20
-101.054
 11
40.6437
 21
-101.091
  0
LINE
  8
0
 10
40.6437
 20
-101.091
 11
40.5759
 21
-101.12
  0
LINE
  8
0
 10
40.5759
 20
-101.12
 11
40.5017
 21
-101.141
  0
LINE
  8
0
 10
40.5017
 20
-101.141
 11
40.4206
 21
-101.153
  0
LINE
  8
0
 10
40.4206
 20
-101.153
 11
40.3329
 21
-101.158
  0
LINE
  8
0
 10
40.3329
 20
-101.158
 11
40.2486
 21
-101.153
  0
LINE
  8
0
 10
30.114
 20
-101.614
 11
30.2105
 21
-101.605
  0
LINE
  8
0
 10
30.2105
 20
-101.605
 11
30.3039
 21
-101.589
  0
LINE
  8
0
 10
30.3039
 20
-101.589
 11
30.3943
 21
-101.568
  0
LINE
  8
0
 10
30.3943
 20
-101.568
 11
30.4816
 21
-101.54
  0
LINE
  8
0
 10
30.4816
 20
-101.54
 11
30.5656
 21
-101.506
  0
LINE
  8
0
 10
30.5656
 20
-101.506
 11
30.6465
 21
-101.465
  0
LINE
  8
0
 10
30.6465
 20
-101.465
 11
30.7234
 21
-101.419
  0
LINE
  8
0
 10
30.7234
 20
-101.419
 11
30.7952
 21
-101.367
  0
LINE
  8
0
 10
30.7952
 20
-101.367
 11
30.862
 21
-101.309
  0
LINE
  8
0
 10
30.862
 20
-101.309
 11
30.9236
 21
-101.246
  0
LINE
  8
0
 10
30.9236
 20
-101.246
 11
30.98
 21
-101.177
  0
LINE
  8
0
 10
30.98
 20
-101.177
 11
31.0311
 21
-101.103
  0
LINE
  8
0
 10
31.0311
 20
-101.103
 11
31.0769
 21
-101.023
  0
LINE
  8
0
 10
31.0769
 20
-101.023
 11
31.1171
 21
-100.939
  0
LINE
  8
0
 10
31.1171
 20
-100.939
 11
31.151
 21
-100.851
  0
LINE
  8
0
 10
31.151
 20
-100.851
 11
31.1787
 21
-100.759
  0
LINE
  8
0
 10
31.1787
 20
-100.759
 11
31.2001
 21
-100.664
  0
LINE
  8
0
 10
31.2001
 20
-100.664
 11
31.2154
 21
-100.565
  0
LINE
  8
0
 10
31.2154
 20
-100.565
 11
31.2246
 21
-100.462
  0
LINE
  8
0
 10
31.2246
 20
-100.462
 11
31.2276
 21
-100.355
  0
LINE
  8
0
 10
31.2276
 20
-100.355
 11
31.2207
 21
-100.194
  0
LINE
  8
0
 10
31.2207
 20
-100.194
 11
31.1998
 21
-100.043
  0
LINE
  8
0
 10
31.1998
 20
-100.043
 11
31.1647
 21
-99.9017
  0
LINE
  8
0
 10
31.1647
 20
-99.9017
 11
31.1153
 21
-99.7714
  0
LINE
  8
0
 10
31.1153
 20
-99.7714
 11
31.0515
 21
-99.6517
  0
LINE
  8
0
 10
31.0515
 20
-99.6517
 11
30.9733
 21
-99.5432
  0
LINE
  8
0
 10
30.9733
 20
-99.5432
 11
30.881
 21
-99.446
  0
LINE
  8
0
 10
30.881
 20
-99.446
 11
30.7759
 21
-99.3611
  0
LINE
  8
0
 10
30.7759
 20
-99.3611
 11
30.6594
 21
-99.2896
  0
LINE
  8
0
 10
30.6594
 20
-99.2896
 11
30.5317
 21
-99.2312
  0
LINE
  8
0
 10
30.5317
 20
-99.2312
 11
30.3931
 21
-99.1861
  0
LINE
  8
0
 10
30.3931
 20
-99.1861
 11
30.2437
 21
-99.154
  0
LINE
  8
0
 10
30.2437
 20
-99.154
 11
30.0837
 21
-99.1348
  0
LINE
  8
0
 10
30.0837
 20
-99.1348
 11
29.9138
 21
-99.1285
  0
LINE
  8
0
 10
29.9138
 20
-99.1285
 11
28.9983
 21
-99.1285
  0
LINE
  8
0
 10
28.9983
 20
-99.1285
 11
28.9983
 21
-101.617
  0
LINE
  8
0
 10
28.9983
 20
-101.617
 11
30.0154
 21
-101.617
  0
LINE
  8
0
 10
30.0154
 20
-101.617
 11
30.114
 21
-101.614
  0
LINE
  8
0
 10
29.5984
 20
-101.131
 11
29.5984
 21
-99.615
  0
LINE
  8
0
 10
29.5984
 20
-99.615
 11
29.9019
 21
-99.615
  0
LINE
  8
0
 10
29.9019
 20
-99.615
 11
30.001
 21
-99.619
  0
LINE
  8
0
 10
30.001
 20
-99.619
 11
30.0921
 21
-99.6308
  0
LINE
  8
0
 10
30.0921
 20
-99.6308
 11
30.1754
 21
-99.6503
  0
LINE
  8
0
 10
30.1754
 20
-99.6503
 11
30.2517
 21
-99.6773
  0
LINE
  8
0
 10
30.2517
 20
-99.6773
 11
30.3205
 21
-99.7116
  0
LINE
  8
0
 10
30.3205
 20
-99.7116
 11
30.3827
 21
-99.7535
  0
LINE
  8
0
 10
30.3827
 20
-99.7535
 11
30.4384
 21
-99.8028
  0
LINE
  8
0
 10
30.4384
 20
-99.8028
 11
30.487
 21
-99.8593
  0
LINE
  8
0
 10
30.487
 20
-99.8593
 11
30.5284
 21
-99.9229
  0
LINE
  8
0
 10
30.5284
 20
-99.9229
 11
30.5624
 21
-99.9936
  0
LINE
  8
0
 10
30.5624
 20
-99.9936
 11
30.5891
 21
-100.072
  0
LINE
  8
0
 10
30.5891
 20
-100.072
 11
30.6085
 21
-100.159
  0
LINE
  8
0
 10
30.6085
 20
-100.159
 11
30.6202
 21
-100.253
  0
LINE
  8
0
 10
30.6202
 20
-100.253
 11
30.6241
 21
-100.355
  0
LINE
  8
0
 10
30.6241
 20
-100.355
 11
30.6203
 21
-100.457
  0
LINE
  8
0
 10
30.6203
 20
-100.457
 11
30.6092
 21
-100.552
  0
LINE
  8
0
 10
30.6092
 20
-100.552
 11
30.5908
 21
-100.64
  0
LINE
  8
0
 10
30.5908
 20
-100.64
 11
30.5652
 21
-100.721
  0
LINE
  8
0
 10
30.5652
 20
-100.721
 11
30.5326
 21
-100.796
  0
LINE
  8
0
 10
30.5326
 20
-100.796
 11
30.4929
 21
-100.864
  0
LINE
  8
0
 10
30.4929
 20
-100.864
 11
30.4462
 21
-100.926
  0
LINE
  8
0
 10
30.4462
 20
-100.926
 11
30.3936
 21
-100.98
  0
LINE
  8
0
 10
30.3936
 20
-100.98
 11
30.3363
 21
-101.026
  0
LINE
  8
0
 10
30.3363
 20
-101.026
 11
30.2743
 21
-101.064
  0
LINE
  8
0
 10
30.2743
 20
-101.064
 11
30.2071
 21
-101.093
  0
LINE
  8
0
 10
30.2071
 20
-101.093
 11
30.1346
 21
-101.114
  0
LINE
  8
0
 10
30.1346
 20
-101.114
 11
30.0563
 21
-101.126
  0
LINE
  8
0
 10
30.0563
 20
-101.126
 11
29.9709
 21
-101.131
  0
LINE
  8
0
 10
29.9709
 20
-101.131
 11
29.5984
 21
-101.131
  0
LINE
  8
0
 10
38.015
 20
-101.131
 11
36.5672
 21
-101.131
  0
LINE
  8
0
 10
36.5672
 20
-101.131
 11
36.5672
 21
-100.602
  0
LINE
  8
0
 10
36.5672
 20
-100.602
 11
37.842
 21
-100.602
  0
LINE
  8
0
 10
37.842
 20
-100.602
 11
37.842
 21
-100.115
  0
LINE
  8
0
 10
37.842
 20
-100.115
 11
36.5672
 21
-100.115
  0
LINE
  8
0
 10
36.5672
 20
-100.115
 11
36.5672
 21
-99.615
  0
LINE
  8
0
 10
36.5672
 20
-99.615
 11
37.9455
 21
-99.615
  0
LINE
  8
0
 10
37.9455
 20
-99.615
 11
37.9455
 21
-99.1285
  0
LINE
  8
0
 10
37.9455
 20
-99.1285
 11
35.967
 21
-99.1285
  0
LINE
  8
0
 10
35.967
 20
-99.1285
 11
35.967
 21
-101.617
  0
LINE
  8
0
 10
35.967
 20
-101.617
 11
38.015
 21
-101.617
  0
LINE
  8
0
 10
38.015
 20
-101.617
 11
38.015
 21
-101.131
  0
LINE
  8
0
 10
35.7776
 20
-101.131
 11
34.4959
 21
-101.131
  0
LINE
  8
0
 10
34.4959
 20
-101.131
 11
34.4959
 21
-99.1285
  0
LINE
  8
0
 10
34.4959
 20
-99.1285
 11
33.8958
 21
-99.1285
  0
LINE
  8
0
 10
33.8958
 20
-99.1285
 11
33.8958
 21
-101.617
  0
LINE
  8
0
 10
33.8958
 20
-101.617
 11
35.7776
 21
-101.617
  0
LINE
  8
0
 10
35.7776
 20
-101.617
 11
35.7776
 21
-101.131
  0
LINE
  8
0
 10
42.9962
 20
-101.646
 11
43.1318
 21
-101.63
  0
LINE
  8
0
 10
43.1318
 20
-101.63
 11
43.2585
 21
-101.604
  0
LINE
  8
0
 10
43.2585
 20
-101.604
 11
43.3763
 21
-101.566
  0
LINE
  8
0
 10
43.3763
 20
-101.566
 11
43.485
 21
-101.518
  0
LINE
  8
0
 10
43.485
 20
-101.518
 11
43.5844
 21
-101.459
  0
LINE
  8
0
 10
43.5844
 20
-101.459
 11
43.6743
 21
-101.388
  0
LINE
  8
0
 10
43.6743
 20
-101.388
 11
43.7533
 21
-101.308
  0
LINE
  8
0
 10
43.7533
 20
-101.308
 11
43.8204
 21
-101.219
  0
LINE
  8
0
 10
43.8204
 20
-101.219
 11
43.8751
 21
-101.121
  0
LINE
  8
0
 10
43.8751
 20
-101.121
 11
43.9175
 21
-101.014
  0
LINE
  8
0
 10
43.9175
 20
-101.014
 11
43.9477
 21
-100.9
  0
LINE
  8
0
 10
43.9477
 20
-100.9
 11
43.9656
 21
-100.777
  0
LINE
  8
0
 10
43.9656
 20
-100.777
 11
43.9715
 21
-100.648
  0
LINE
  8
0
 10
43.9715
 20
-100.648
 11
43.9715
 21
-99.1285
  0
LINE
  8
0
 10
43.9715
 20
-99.1285
 11
43.3714
 21
-99.1285
  0
LINE
  8
0
 10
43.3714
 20
-99.1285
 11
43.3714
 21
-100.615
  0
LINE
  8
0
 10
43.3714
 20
-100.615
 11
43.3685
 21
-100.691
  0
LINE
  8
0
 10
43.3685
 20
-100.691
 11
43.3602
 21
-100.761
  0
LINE
  8
0
 10
43.3602
 20
-100.761
 11
43.3466
 21
-100.824
  0
LINE
  8
0
 10
43.3466
 20
-100.824
 11
43.3277
 21
-100.882
  0
LINE
  8
0
 10
43.3277
 20
-100.882
 11
43.3037
 21
-100.934
  0
LINE
  8
0
 10
43.3037
 20
-100.934
 11
43.2748
 21
-100.98
  0
LINE
  8
0
 10
43.2748
 20
-100.98
 11
43.2408
 21
-101.022
  0
LINE
  8
0
 10
43.2408
 20
-101.022
 11
43.2019
 21
-101.058
  0
LINE
  8
0
 10
43.2019
 20
-101.058
 11
43.1587
 21
-101.088
  0
LINE
  8
0
 10
43.1587
 20
-101.088
 11
43.1107
 21
-101.114
  0
LINE
  8
0
 10
43.1107
 20
-101.114
 11
43.0575
 21
-101.133
  0
LINE
  8
0
 10
43.0575
 20
-101.133
 11
42.9989
 21
-101.148
  0
LINE
  8
0
 10
42.9989
 20
-101.148
 11
42.9349
 21
-101.156
  0
LINE
  8
0
 10
42.9349
 20
-101.156
 11
42.8653
 21
-101.159
  0
LINE
  8
0
 10
42.8653
 20
-101.159
 11
42.7977
 21
-101.157
  0
LINE
  8
0
 10
42.7977
 20
-101.157
 11
42.7356
 21
-101.148
  0
LINE
  8
0
 10
42.7356
 20
-101.148
 11
42.6795
 21
-101.135
  0
LINE
  8
0
 10
42.6795
 20
-101.135
 11
42.6285
 21
-101.116
  0
LINE
  8
0
 10
42.6285
 20
-101.116
 11
42.5831
 21
-101.092
  0
LINE
  8
0
 10
42.5831
 20
-101.092
 11
42.5424
 21
-101.063
  0
LINE
  8
0
 10
42.5424
 20
-101.063
 11
42.5064
 21
-101.029
  0
LINE
  8
0
 10
42.5064
 20
-101.029
 11
42.4748
 21
-100.99
  0
LINE
  8
0
 10
42.4748
 20
-100.99
 11
42.4479
 21
-100.945
  0
LINE
  8
0
 10
42.4479
 20
-100.945
 11
42.4256
 21
-100.894
  0
LINE
  8
0
 10
42.4256
 20
-100.894
 11
42.4079
 21
-100.838
  0
LINE
  8
0
 10
42.4079
 20
-100.838
 11
42.3951
 21
-100.776
  0
LINE
  8
0
 10
42.3951
 20
-100.776
 11
42.3873
 21
-100.707
  0
LINE
  8
0
 10
42.3873
 20
-100.707
 11
42.3847
 21
-100.632
  0
LINE
  8
0
 10
42.3847
 20
-100.632
 11
42.3847
 21
-99.1285
  0
LINE
  8
0
 10
42.3847
 20
-99.1285
 11
41.7846
 21
-99.1285
  0
LINE
  8
0
 10
41.7846
 20
-99.1285
 11
41.7846
 21
-100.673
  0
LINE
  8
0
 10
41.7846
 20
-100.673
 11
41.7901
 21
-100.8
  0
LINE
  8
0
 10
41.7901
 20
-100.8
 11
41.8068
 21
-100.92
  0
LINE
  8
0
 10
41.8068
 20
-100.92
 11
41.8349
 21
-101.033
  0
LINE
  8
0
 10
41.8349
 20
-101.033
 11
41.8745
 21
-101.137
  0
LINE
  8
0
 10
41.8745
 20
-101.137
 11
41.9257
 21
-101.232
  0
LINE
  8
0
 10
41.9257
 20
-101.232
 11
41.9884
 21
-101.319
  0
LINE
  8
0
 10
41.9884
 20
-101.319
 11
42.0626
 21
-101.397
  0
LINE
  8
0
 10
42.0626
 20
-101.397
 11
42.1473
 21
-101.465
  0
LINE
  8
0
 10
42.1473
 20
-101.465
 11
42.2417
 21
-101.523
  0
LINE
  8
0
 10
42.2417
 20
-101.523
 11
42.3456
 21
-101.569
  0
LINE
  8
0
 10
42.3456
 20
-101.569
 11
42.4587
 21
-101.605
  0
LINE
  8
0
 10
42.4587
 20
-101.605
 11
42.5807
 21
-101.631
  0
LINE
  8
0
 10
42.5807
 20
-101.631
 11
42.7117
 21
-101.646
  0
LINE
  8
0
 10
42.7117
 20
-101.646
 11
42.8518
 21
-101.651
  0
LINE
  8
0
 10
42.8518
 20
-101.651
 11
42.9962
 21
-101.646
  0
LINE
  8
0
 10
45.4353
 20
-99.615
 11
46.2084
 21
-99.615
  0
LINE
  8
0
 10
46.2084
 20
-99.615
 11
46.2084
 21
-99.1285
  0
LINE
  8
0
 10
46.2084
 20
-99.1285
 11
44.0638
 21
-99.1285
  0
LINE
  8
0
 10
44.0638
 20
-99.1285
 11
44.0638
 21
-99.615
  0
LINE
  8
0
 10
44.0638
 20
-99.615
 11
44.8352
 21
-99.615
  0
LINE
  8
0
 10
44.8352
 20
-99.615
 11
44.8352
 21
-101.617
  0
LINE
  8
0
 10
44.8352
 20
-101.617
 11
45.4353
 21
-101.617
  0
LINE
  8
0
 10
45.4353
 20
-101.617
 11
45.4353
 21
-99.615
  0
LINE
  8
0
 10
32.635
 20
-101.646
 11
32.7705
 21
-101.63
  0
LINE
  8
0
 10
32.7705
 20
-101.63
 11
32.8972
 21
-101.604
  0
LINE
  8
0
 10
32.8972
 20
-101.604
 11
33.015
 21
-101.566
  0
LINE
  8
0
 10
33.015
 20
-101.566
 11
33.1237
 21
-101.518
  0
LINE
  8
0
 10
33.1237
 20
-101.518
 11
33.2232
 21
-101.459
  0
LINE
  8
0
 10
33.2232
 20
-101.459
 11
33.313
 21
-101.388
  0
LINE
  8
0
 10
33.313
 20
-101.388
 11
33.3921
 21
-101.308
  0
LINE
  8
0
 10
33.3921
 20
-101.308
 11
33.4591
 21
-101.219
  0
LINE
  8
0
 10
33.4591
 20
-101.219
 11
33.5139
 21
-101.121
  0
LINE
  8
0
 10
33.5139
 20
-101.121
 11
33.5563
 21
-101.014
  0
LINE
  8
0
 10
33.5563
 20
-101.014
 11
33.5864
 21
-100.9
  0
LINE
  8
0
 10
33.5864
 20
-100.9
 11
33.6044
 21
-100.777
  0
LINE
  8
0
 10
33.6044
 20
-100.777
 11
33.6102
 21
-100.648
  0
LINE
  8
0
 10
33.6102
 20
-100.648
 11
33.6102
 21
-99.1285
  0
LINE
  8
0
 10
33.6102
 20
-99.1285
 11
33.0101
 21
-99.1285
  0
LINE
  8
0
 10
33.0101
 20
-99.1285
 11
33.0101
 21
-100.615
  0
LINE
  8
0
 10
33.0101
 20
-100.615
 11
33.0073
 21
-100.691
  0
LINE
  8
0
 10
33.0073
 20
-100.691
 11
32.999
 21
-100.761
  0
LINE
  8
0
 10
32.999
 20
-100.761
 11
32.9853
 21
-100.824
  0
LINE
  8
0
 10
32.9853
 20
-100.824
 11
32.9665
 21
-100.882
  0
LINE
  8
0
 10
32.9665
 20
-100.882
 11
32.9425
 21
-100.934
  0
LINE
  8
0
 10
32.9425
 20
-100.934
 11
32.9135
 21
-100.98
  0
LINE
  8
0
 10
32.9135
 20
-100.98
 11
32.8795
 21
-101.022
  0
LINE
  8
0
 10
32.8795
 20
-101.022
 11
32.8406
 21
-101.058
  0
LINE
  8
0
 10
32.8406
 20
-101.058
 11
32.7975
 21
-101.088
  0
LINE
  8
0
 10
32.7975
 20
-101.088
 11
32.7494
 21
-101.114
  0
LINE
  8
0
 10
32.7494
 20
-101.114
 11
32.6962
 21
-101.133
  0
LINE
  8
0
 10
32.6962
 20
-101.133
 11
32.6376
 21
-101.148
  0
LINE
  8
0
 10
32.6376
 20
-101.148
 11
32.5736
 21
-101.156
  0
LINE
  8
0
 10
32.5736
 20
-101.156
 11
32.504
 21
-101.159
  0
LINE
  8
0
 10
32.504
 20
-101.159
 11
32.4365
 21
-101.157
  0
LINE
  8
0
 10
32.4365
 20
-101.157
 11
32.3743
 21
-101.148
  0
LINE
  8
0
 10
32.3743
 20
-101.148
 11
32.3182
 21
-101.135
  0
LINE
  8
0
 10
32.3182
 20
-101.135
 11
32.2672
 21
-101.116
  0
LINE
  8
0
 10
32.2672
 20
-101.116
 11
32.2218
 21
-101.092
  0
LINE
  8
0
 10
32.2218
 20
-101.092
 11
32.1811
 21
-101.063
  0
LINE
  8
0
 10
32.1811
 20
-101.063
 11
32.1451
 21
-101.029
  0
LINE
  8
0
 10
32.1451
 20
-101.029
 11
32.1136
 21
-100.99
  0
LINE
  8
0
 10
32.1136
 20
-100.99
 11
32.0867
 21
-100.945
  0
LINE
  8
0
 10
32.0867
 20
-100.945
 11
32.0643
 21
-100.894
  0
LINE
  8
0
 10
32.0643
 20
-100.894
 11
32.0467
 21
-100.838
  0
LINE
  8
0
 10
32.0467
 20
-100.838
 11
32.0339
 21
-100.776
  0
LINE
  8
0
 10
32.0339
 20
-100.776
 11
32.0261
 21
-100.707
  0
LINE
  8
0
 10
32.0261
 20
-100.707
 11
32.0234
 21
-100.632
  0
LINE
  8
0
 10
32.0234
 20
-100.632
 11
32.0234
 21
-99.1285
  0
LINE
  8
0
 10
32.0234
 20
-99.1285
 11
31.4233
 21
-99.1285
  0
LINE
  8
0
 10
31.4233
 20
-99.1285
 11
31.4233
 21
-100.673
  0
LINE
  8
0
 10
31.4233
 20
-100.673
 11
31.4288
 21
-100.8
  0
LINE
  8
0
 10
31.4288
 20
-100.8
 11
31.4455
 21
-100.92
  0
LINE
  8
0
 10
31.4455
 20
-100.92
 11
31.4736
 21
-101.033
  0
LINE
  8
0
 10
31.4736
 20
-101.033
 11
31.5132
 21
-101.137
  0
LINE
  8
0
 10
31.5132
 20
-101.137
 11
31.5645
 21
-101.232
  0
LINE
  8
0
 10
31.5645
 20
-101.232
 11
31.6272
 21
-101.319
  0
LINE
  8
0
 10
31.6272
 20
-101.319
 11
31.7013
 21
-101.397
  0
LINE
  8
0
 10
31.7013
 20
-101.397
 11
31.7861
 21
-101.465
  0
LINE
  8
0
 10
31.7861
 20
-101.465
 11
31.8805
 21
-101.523
  0
LINE
  8
0
 10
31.8805
 20
-101.523
 11
31.9843
 21
-101.569
  0
LINE
  8
0
 10
31.9843
 20
-101.569
 11
32.0974
 21
-101.605
  0
LINE
  8
0
 10
32.0974
 20
-101.605
 11
32.2195
 21
-101.631
  0
LINE
  8
0
 10
32.2195
 20
-101.631
 11
32.3505
 21
-101.646
  0
LINE
  8
0
 10
32.3505
 20
-101.646
 11
32.4905
 21
-101.651
  0
LINE
  8
0
 10
32.4905
 20
-101.651
 11
32.635
 21
-101.646
  0
LINE
  8
0
 10
24.0804
 20
-100.119
 11
24.0799
 21
-100.077
  0
LINE
  8
0
 10
24.0799
 20
-100.077
 11
24.0786
 21
-100.022
  0
LINE
  8
0
 10
24.0786
 20
-100.022
 11
24.1436
 21
-100.249
  0
LINE
  8
0
 10
24.1436
 20
-100.249
 11
24.5856
 21
-101.617
  0
LINE
  8
0
 10
24.5856
 20
-101.617
 11
25.0144
 21
-101.617
  0
LINE
  8
0
 10
25.0144
 20
-101.617
 11
25.4563
 21
-100.25
  0
LINE
  8
0
 10
25.4563
 20
-100.25
 11
25.4742
 21
-100.192
  0
LINE
  8
0
 10
25.4742
 20
-100.192
 11
25.4947
 21
-100.123
  0
LINE
  8
0
 10
25.4947
 20
-100.123
 11
25.5177
 21
-100.044
  0
LINE
  8
0
 10
25.5177
 20
-100.044
 11
25.5204
 21
-100.034
  0
LINE
  8
0
 10
25.5204
 20
-100.034
 11
25.5201
 21
-100.049
  0
LINE
  8
0
 10
25.5201
 20
-100.049
 11
25.5199
 21
-100.077
  0
LINE
  8
0
 10
25.5199
 20
-100.077
 11
25.5198
 21
-100.091
  0
LINE
  8
0
 10
25.5198
 20
-100.091
 11
25.5197
 21
-100.119
  0
LINE
  8
0
 10
25.5197
 20
-100.119
 11
25.5197
 21
-101.617
  0
LINE
  8
0
 10
25.5197
 20
-101.617
 11
26.0639
 21
-101.617
  0
LINE
  8
0
 10
26.0639
 20
-101.617
 11
26.0639
 21
-99.1285
  0
LINE
  8
0
 10
26.0639
 20
-99.1285
 11
25.3109
 21
-99.1285
  0
LINE
  8
0
 10
25.3109
 20
-99.1285
 11
24.8606
 21
-100.566
  0
LINE
  8
0
 10
24.8606
 20
-100.566
 11
24.804
 21
-100.769
  0
LINE
  8
0
 10
24.804
 20
-100.769
 11
24.7686
 21
-100.63
  0
LINE
  8
0
 10
24.7686
 20
-100.63
 11
24.7309
 21
-100.5
  0
LINE
  8
0
 10
24.7309
 20
-100.5
 11
24.2923
 21
-99.1285
  0
LINE
  8
0
 10
24.2923
 20
-99.1285
 11
23.5362
 21
-99.1285
  0
LINE
  8
0
 10
23.5362
 20
-99.1285
 11
23.5362
 21
-101.617
  0
LINE
  8
0
 10
23.5362
 20
-101.617
 11
24.0804
 21
-101.617
  0
LINE
  8
0
 10
24.0804
 20
-101.617
 11
24.0804
 21
-100.119
  0
LINE
  8
0
 10
84.65
 20
-100.8
 11
85.35
 21
-100.8
  0
LINE
  8
0
 10
85.35
 20
-100.8
 11
85.35
 21
-100.2
  0
LINE
  8
0
 10
85.35
 20
-100.2
 11
84.65
 21
-100.2
  0
LINE
  8
0
 10
84.65
 20
-100.2
 11
84.65
 21
-99.5
  0
LINE
  8
0
 10
84.65
 20
-99.5
 11
84.05
 21
-99.5
  0
LINE
  8
0
 10
84.05
 20
-99.5
 11
84.05
 21
-100.2
  0
LINE
  8
0
 10
84.05
 20
-100.2
 11
83.35
 21
-100.2
  0
LINE
  8
0
 10
83.35
 20
-100.2
 11
83.35
 21
-100.8
  0
LINE
  8
0
 10
83.35
 20
-100.8
 11
84.05
 21
-100.8
  0
LINE
  8
0
 10
84.05
 20
-100.8
 11
84.05
 21
-101.5
  0
LINE
  8
0
 10
84.05
 20
-101.5
 11
84.65
 21
-101.5
  0
LINE
  8
0
 10
84.65
 20
-101.5
 11
84.65
 21
-100.8
  0
LINE
  8
0
 10
57.175
 20
-100.8
 11
57.875
 21
-100.8
  0
LINE
  8
0
 10
57.875
 20
-100.8
 11
57.875
 21
-100.2
  0
LINE
  8
0
 10
57.875
 20
-100.2
 11
57.175
 21
-100.2
  0
LINE
  8
0
 10
57.175
 20
-100.2
 11
57.175
 21
-99.5
  0
LINE
  8
0
 10
57.175
 20
-99.5
 11
56.575
 21
-99.5
  0
LINE
  8
0
 10
56.575
 20
-99.5
 11
56.575
 21
-100.2
  0
LINE
  8
0
 10
56.575
 20
-100.2
 11
55.875
 21
-100.2
  0
LINE
  8
0
 10
55.875
 20
-100.2
 11
55.875
 21
-100.8
  0
LINE
  8
0
 10
55.875
 20
-100.8
 11
56.575
 21
-100.8
  0
LINE
  8
0
 10
56.575
 20
-100.8
 11
56.575
 21
-101.5
  0
LINE
  8
0
 10
56.575
 20
-101.5
 11
57.175
 21
-101.5
  0
LINE
  8
0
 10
57.175
 20
-101.5
 11
57.175
 21
-100.8
  0
LINE
  8
0
 10
62.875
 20
-100.2
 11
60.875
 21
-100.2
  0
LINE
  8
0
 10
60.875
 20
-100.2
 11
60.875
 21
-100.8
  0
LINE
  8
0
 10
60.875
 20
-100.8
 11
62.875
 21
-100.8
  0
LINE
  8
0
 10
62.875
 20
-100.8
 11
62.875
 21
-100.2
  0
LINE
  8
0
 10
90.35
 20
-100.2
 11
88.35
 21
-100.2
  0
LINE
  8
0
 10
88.35
 20
-100.2
 11
88.35
 21
-100.8
  0
LINE
  8
0
 10
88.35
 20
-100.8
 11
90.35
 21
-100.8
  0
LINE
  8
0
 10
90.35
 20
-100.8
 11
90.35
 21
-100.2
  0
LINE
  8
0
 10
113.456
 20
-102.609
 11
113.533
 21
-102.603
  0
LINE
  8
0
 10
113.533
 20
-102.603
 11
113.609
 21
-102.594
  0
LINE
  8
0
 10
113.609
 20
-102.594
 11
113.685
 21
-102.581
  0
LINE
  8
0
 10
113.685
 20
-102.581
 11
113.759
 21
-102.564
  0
LINE
  8
0
 10
113.759
 20
-102.564
 11
113.832
 21
-102.544
  0
LINE
  8
0
 10
113.832
 20
-102.544
 11
113.905
 21
-102.52
  0
LINE
  8
0
 10
113.905
 20
-102.52
 11
113.975
 21
-102.492
  0
LINE
  8
0
 10
113.975
 20
-102.492
 11
114.042
 21
-102.462
  0
LINE
  8
0
 10
114.042
 20
-102.462
 11
114.105
 21
-102.428
  0
LINE
  8
0
 10
114.105
 20
-102.428
 11
114.164
 21
-102.391
  0
LINE
  8
0
 10
114.164
 20
-102.391
 11
114.219
 21
-102.352
  0
LINE
  8
0
 10
114.219
 20
-102.352
 11
114.271
 21
-102.309
  0
LINE
  8
0
 10
114.271
 20
-102.309
 11
114.333
 21
-102.25
  0
LINE
  8
0
 10
114.333
 20
-102.25
 11
114.333
 21
-101.476
  0
LINE
  8
0
 10
114.333
 20
-101.476
 11
113.4
 21
-101.476
  0
LINE
  8
0
 10
113.4
 20
-101.476
 11
113.4
 21
-101.872
  0
LINE
  8
0
 10
113.4
 20
-101.872
 11
113.867
 21
-101.872
  0
LINE
  8
0
 10
113.867
 20
-101.872
 11
113.867
 21
-102.062
  0
LINE
  8
0
 10
113.867
 20
-102.062
 11
113.863
 21
-102.066
  0
LINE
  8
0
 10
113.863
 20
-102.066
 11
113.839
 21
-102.082
  0
LINE
  8
0
 10
113.839
 20
-102.082
 11
113.812
 21
-102.098
  0
LINE
  8
0
 10
113.812
 20
-102.098
 11
113.782
 21
-102.113
  0
LINE
  8
0
 10
113.782
 20
-102.113
 11
113.75
 21
-102.128
  0
LINE
  8
0
 10
113.75
 20
-102.128
 11
113.714
 21
-102.142
  0
LINE
  8
0
 10
113.714
 20
-102.142
 11
113.676
 21
-102.154
  0
LINE
  8
0
 10
113.676
 20
-102.154
 11
113.636
 21
-102.166
  0
LINE
  8
0
 10
113.636
 20
-102.166
 11
113.595
 21
-102.176
  0
LINE
  8
0
 10
113.595
 20
-102.176
 11
113.555
 21
-102.183
  0
LINE
  8
0
 10
113.555
 20
-102.183
 11
113.514
 21
-102.19
  0
LINE
  8
0
 10
113.514
 20
-102.19
 11
113.472
 21
-102.194
  0
LINE
  8
0
 10
113.472
 20
-102.194
 11
113.43
 21
-102.197
  0
LINE
  8
0
 10
113.43
 20
-102.197
 11
113.389
 21
-102.198
  0
LINE
  8
0
 10
113.389
 20
-102.198
 11
113.317
 21
-102.194
  0
LINE
  8
0
 10
113.317
 20
-102.194
 11
113.252
 21
-102.184
  0
LINE
  8
0
 10
113.252
 20
-102.184
 11
113.192
 21
-102.168
  0
LINE
  8
0
 10
113.192
 20
-102.168
 11
113.137
 21
-102.145
  0
LINE
  8
0
 10
113.137
 20
-102.145
 11
113.088
 21
-102.116
  0
LINE
  8
0
 10
113.088
 20
-102.116
 11
113.042
 21
-102.08
  0
LINE
  8
0
 10
113.042
 20
-102.08
 11
113.001
 21
-102.038
  0
LINE
  8
0
 10
113.001
 20
-102.038
 11
112.965
 21
-101.99
  0
LINE
  8
0
 10
112.965
 20
-101.99
 11
112.934
 21
-101.935
  0
LINE
  8
0
 10
112.934
 20
-101.935
 11
112.908
 21
-101.875
  0
LINE
  8
0
 10
112.908
 20
-101.875
 11
112.888
 21
-101.808
  0
LINE
  8
0
 10
112.888
 20
-101.808
 11
112.874
 21
-101.735
  0
LINE
  8
0
 10
112.874
 20
-101.735
 11
112.865
 21
-101.655
  0
LINE
  8
0
 10
112.865
 20
-101.655
 11
112.862
 21
-101.569
  0
LINE
  8
0
 10
112.862
 20
-101.569
 11
112.865
 21
-101.485
  0
LINE
  8
0
 10
112.865
 20
-101.485
 11
112.873
 21
-101.407
  0
LINE
  8
0
 10
112.873
 20
-101.407
 11
112.887
 21
-101.335
  0
LINE
  8
0
 10
112.887
 20
-101.335
 11
112.907
 21
-101.27
  0
LINE
  8
0
 10
112.907
 20
-101.27
 11
112.931
 21
-101.212
  0
LINE
  8
0
 10
112.931
 20
-101.212
 11
112.961
 21
-101.159
  0
LINE
  8
0
 10
112.961
 20
-101.159
 11
112.996
 21
-101.113
  0
LINE
  8
0
 10
112.996
 20
-101.113
 11
113.036
 21
-101.072
  0
LINE
  8
0
 10
113.036
 20
-101.072
 11
113.081
 21
-101.038
  0
LINE
  8
0
 10
113.081
 20
-101.038
 11
113.13
 21
-101.01
  0
LINE
  8
0
 10
113.13
 20
-101.01
 11
113.186
 21
-100.988
  0
LINE
  8
0
 10
113.186
 20
-100.988
 11
113.247
 21
-100.972
  0
LINE
  8
0
 10
113.247
 20
-100.972
 11
113.314
 21
-100.962
  0
LINE
  8
0
 10
113.314
 20
-100.962
 11
113.387
 21
-100.959
  0
LINE
  8
0
 10
113.387
 20
-100.959
 11
113.432
 21
-100.96
  0
LINE
  8
0
 10
113.432
 20
-100.96
 11
113.475
 21
-100.965
  0
LINE
  8
0
 10
113.475
 20
-100.965
 11
113.516
 21
-100.972
  0
LINE
  8
0
 10
113.516
 20
-100.972
 11
113.555
 21
-100.981
  0
LINE
  8
0
 10
113.555
 20
-100.981
 11
113.592
 21
-100.994
  0
LINE
  8
0
 10
113.592
 20
-100.994
 11
113.628
 21
-101.009
  0
LINE
  8
0
 10
113.628
 20
-101.009
 11
113.661
 21
-101.027
  0
LINE
  8
0
 10
113.661
 20
-101.027
 11
113.692
 21
-101.047
  0
LINE
  8
0
 10
113.692
 20
-101.047
 11
113.721
 21
-101.07
  0
LINE
  8
0
 10
113.721
 20
-101.07
 11
113.747
 21
-101.095
  0
LINE
  8
0
 10
113.747
 20
-101.095
 11
113.77
 21
-101.122
  0
LINE
  8
0
 10
113.77
 20
-101.122
 11
113.792
 21
-101.153
  0
LINE
  8
0
 10
113.792
 20
-101.153
 11
113.811
 21
-101.186
  0
LINE
  8
0
 10
113.811
 20
-101.186
 11
113.846
 21
-101.264
  0
LINE
  8
0
 10
113.846
 20
-101.264
 11
114.313
 21
-101.123
  0
LINE
  8
0
 10
114.313
 20
-101.123
 11
114.223
 21
-100.934
  0
LINE
  8
0
 10
114.223
 20
-100.934
 11
114.135
 21
-100.814
  0
LINE
  8
0
 10
114.135
 20
-100.814
 11
114.025
 21
-100.716
  0
LINE
  8
0
 10
114.025
 20
-100.716
 11
113.895
 21
-100.64
  0
LINE
  8
0
 10
113.895
 20
-100.64
 11
113.744
 21
-100.587
  0
LINE
  8
0
 10
113.744
 20
-100.587
 11
113.575
 21
-100.555
  0
LINE
  8
0
 10
113.575
 20
-100.555
 11
113.387
 21
-100.544
  0
LINE
  8
0
 10
113.387
 20
-100.544
 11
113.252
 21
-100.55
  0
LINE
  8
0
 10
113.252
 20
-100.55
 11
113.126
 21
-100.566
  0
LINE
  8
0
 10
113.126
 20
-100.566
 11
113.008
 21
-100.592
  0
LINE
  8
0
 10
113.008
 20
-100.592
 11
112.899
 21
-100.63
  0
LINE
  8
0
 10
112.899
 20
-100.63
 11
112.799
 21
-100.679
  0
LINE
  8
0
 10
112.799
 20
-100.679
 11
112.707
 21
-100.739
  0
LINE
  8
0
 10
112.707
 20
-100.739
 11
112.626
 21
-100.81
  0
LINE
  8
0
 10
112.626
 20
-100.81
 11
112.554
 21
-100.892
  0
LINE
  8
0
 10
112.554
 20
-100.892
 11
112.494
 21
-100.983
  0
LINE
  8
0
 10
112.494
 20
-100.983
 11
112.445
 21
-101.083
  0
LINE
  8
0
 10
112.445
 20
-101.083
 11
112.407
 21
-101.192
  0
LINE
  8
0
 10
112.407
 20
-101.192
 11
112.38
 21
-101.309
  0
LINE
  8
0
 10
112.38
 20
-101.309
 11
112.364
 21
-101.435
  0
LINE
  8
0
 10
112.364
 20
-101.435
 11
112.359
 21
-101.569
  0
LINE
  8
0
 10
112.359
 20
-101.569
 11
112.364
 21
-101.705
  0
LINE
  8
0
 10
112.364
 20
-101.705
 11
112.38
 21
-101.832
  0
LINE
  8
0
 10
112.38
 20
-101.832
 11
112.407
 21
-101.95
  0
LINE
  8
0
 10
112.407
 20
-101.95
 11
112.445
 21
-102.06
  0
LINE
  8
0
 10
112.445
 20
-102.06
 11
112.493
 21
-102.162
  0
LINE
  8
0
 10
112.493
 20
-102.162
 11
112.553
 21
-102.254
  0
LINE
  8
0
 10
112.553
 20
-102.254
 11
112.624
 21
-102.337
  0
LINE
  8
0
 10
112.624
 20
-102.337
 11
112.705
 21
-102.41
  0
LINE
  8
0
 10
112.705
 20
-102.41
 11
112.795
 21
-102.472
  0
LINE
  8
0
 10
112.795
 20
-102.472
 11
112.895
 21
-102.522
  0
LINE
  8
0
 10
112.895
 20
-102.522
 11
113.003
 21
-102.561
  0
LINE
  8
0
 10
113.003
 20
-102.561
 11
113.119
 21
-102.589
  0
LINE
  8
0
 10
113.119
 20
-102.589
 11
113.244
 21
-102.605
  0
LINE
  8
0
 10
113.244
 20
-102.605
 11
113.377
 21
-102.611
  0
LINE
  8
0
 10
113.377
 20
-102.611
 11
113.456
 21
-102.609
  0
LINE
  8
0
 10
107.715
 20
-100.981
 11
108.334
 21
-100.981
  0
LINE
  8
0
 10
108.334
 20
-100.981
 11
108.334
 21
-100.682
  0
LINE
  8
0
 10
108.334
 20
-100.682
 11
108.9
 21
-101.528
  0
LINE
  8
0
 10
108.9
 20
-101.528
 11
108.205
 21
-102.583
  0
LINE
  8
0
 10
108.205
 20
-102.583
 11
108.749
 21
-102.583
  0
LINE
  8
0
 10
108.749
 20
-102.583
 11
109.202
 21
-101.866
  0
LINE
  8
0
 10
109.202
 20
-101.866
 11
109.654
 21
-102.583
  0
LINE
  8
0
 10
109.654
 20
-102.583
 11
110.193
 21
-102.583
  0
LINE
  8
0
 10
110.193
 20
-102.583
 11
109.525
 21
-101.528
  0
LINE
  8
0
 10
109.525
 20
-101.528
 11
110.138
 21
-100.572
  0
LINE
  8
0
 10
110.138
 20
-100.572
 11
109.598
 21
-100.572
  0
LINE
  8
0
 10
109.598
 20
-100.572
 11
109.202
 21
-101.204
  0
LINE
  8
0
 10
109.202
 20
-101.204
 11
108.805
 21
-100.572
  0
LINE
  8
0
 10
108.805
 20
-100.572
 11
106.598
 21
-100.572
  0
LINE
  8
0
 10
106.598
 20
-100.572
 11
106.598
 21
-100.981
  0
LINE
  8
0
 10
106.598
 20
-100.981
 11
107.215
 21
-100.981
  0
LINE
  8
0
 10
107.215
 20
-100.981
 11
107.215
 21
-102.583
  0
LINE
  8
0
 10
107.215
 20
-102.583
 11
107.715
 21
-102.583
  0
LINE
  8
0
 10
107.715
 20
-102.583
 11
107.715
 21
-100.981
  0
LINE
  8
0
 10
137.855
 20
-106.56
 11
137.943
 21
-106.551
  0
LINE
  8
0
 10
137.943
 20
-106.551
 11
138.025
 21
-106.535
  0
LINE
  8
0
 10
138.025
 20
-106.535
 11
138.102
 21
-106.512
  0
LINE
  8
0
 10
138.102
 20
-106.512
 11
138.172
 21
-106.483
  0
LINE
  8
0
 10
138.172
 20
-106.483
 11
138.237
 21
-106.448
  0
LINE
  8
0
 10
138.237
 20
-106.448
 11
138.296
 21
-106.405
  0
LINE
  8
0
 10
138.296
 20
-106.405
 11
138.347
 21
-106.356
  0
LINE
  8
0
 10
138.347
 20
-106.356
 11
138.391
 21
-106.301
  0
LINE
  8
0
 10
138.391
 20
-106.301
 11
138.427
 21
-106.241
  0
LINE
  8
0
 10
138.427
 20
-106.241
 11
138.455
 21
-106.176
  0
LINE
  8
0
 10
138.455
 20
-106.176
 11
138.475
 21
-106.106
  0
LINE
  8
0
 10
138.475
 20
-106.106
 11
138.486
 21
-106.031
  0
LINE
  8
0
 10
138.486
 20
-106.031
 11
138.49
 21
-105.952
  0
LINE
  8
0
 10
138.49
 20
-105.952
 11
138.487
 21
-105.895
  0
LINE
  8
0
 10
138.487
 20
-105.895
 11
138.479
 21
-105.841
  0
LINE
  8
0
 10
138.479
 20
-105.841
 11
138.466
 21
-105.79
  0
LINE
  8
0
 10
138.466
 20
-105.79
 11
138.447
 21
-105.741
  0
LINE
  8
0
 10
138.447
 20
-105.741
 11
138.422
 21
-105.695
  0
LINE
  8
0
 10
138.422
 20
-105.695
 11
138.392
 21
-105.653
  0
LINE
  8
0
 10
138.392
 20
-105.653
 11
138.357
 21
-105.613
  0
LINE
  8
0
 10
138.357
 20
-105.613
 11
138.317
 21
-105.577
  0
LINE
  8
0
 10
138.317
 20
-105.577
 11
138.272
 21
-105.546
  0
LINE
  8
0
 10
138.272
 20
-105.546
 11
138.223
 21
-105.519
  0
LINE
  8
0
 10
138.223
 20
-105.519
 11
138.17
 21
-105.496
  0
LINE
  8
0
 10
138.17
 20
-105.496
 11
138.163
 21
-105.494
  0
LINE
  8
0
 10
138.163
 20
-105.494
 11
138.204
 21
-105.473
  0
LINE
  8
0
 10
138.204
 20
-105.473
 11
138.247
 21
-105.446
  0
LINE
  8
0
 10
138.247
 20
-105.446
 11
138.287
 21
-105.414
  0
LINE
  8
0
 10
138.287
 20
-105.414
 11
138.323
 21
-105.379
  0
LINE
  8
0
 10
138.323
 20
-105.379
 11
138.355
 21
-105.34
  0
LINE
  8
0
 10
138.355
 20
-105.34
 11
138.381
 21
-105.299
  0
LINE
  8
0
 10
138.381
 20
-105.299
 11
138.403
 21
-105.254
  0
LINE
  8
0
 10
138.403
 20
-105.254
 11
138.42
 21
-105.207
  0
LINE
  8
0
 10
138.42
 20
-105.207
 11
138.432
 21
-105.157
  0
LINE
  8
0
 10
138.432
 20
-105.157
 11
138.439
 21
-105.105
  0
LINE
  8
0
 10
138.439
 20
-105.105
 11
138.441
 21
-105.051
  0
LINE
  8
0
 10
138.441
 20
-105.051
 11
138.438
 21
-104.98
  0
LINE
  8
0
 10
138.438
 20
-104.98
 11
138.426
 21
-104.912
  0
LINE
  8
0
 10
138.426
 20
-104.912
 11
138.407
 21
-104.848
  0
LINE
  8
0
 10
138.407
 20
-104.848
 11
138.38
 21
-104.788
  0
LINE
  8
0
 10
138.38
 20
-104.788
 11
138.346
 21
-104.733
  0
LINE
  8
0
 10
138.346
 20
-104.733
 11
138.303
 21
-104.683
  0
LINE
  8
0
 10
138.303
 20
-104.683
 11
138.254
 21
-104.638
  0
LINE
  8
0
 10
138.254
 20
-104.638
 11
138.198
 21
-104.599
  0
LINE
  8
0
 10
138.198
 20
-104.599
 11
138.136
 21
-104.566
  0
LINE
  8
0
 10
138.136
 20
-104.566
 11
138.07
 21
-104.539
  0
LINE
  8
0
 10
138.07
 20
-104.539
 11
137.998
 21
-104.519
  0
LINE
  8
0
 10
137.998
 20
-104.519
 11
137.922
 21
-104.504
  0
LINE
  8
0
 10
137.922
 20
-104.504
 11
137.84
 21
-104.495
  0
LINE
  8
0
 10
137.84
 20
-104.495
 11
137.754
 21
-104.492
  0
LINE
  8
0
 10
137.754
 20
-104.492
 11
137.672
 21
-104.495
  0
LINE
  8
0
 10
137.672
 20
-104.495
 11
137.593
 21
-104.504
  0
LINE
  8
0
 10
137.593
 20
-104.504
 11
137.519
 21
-104.52
  0
LINE
  8
0
 10
137.519
 20
-104.52
 11
137.449
 21
-104.541
  0
LINE
  8
0
 10
137.449
 20
-104.541
 11
137.384
 21
-104.569
  0
LINE
  8
0
 10
137.384
 20
-104.569
 11
137.322
 21
-104.603
  0
LINE
  8
0
 10
137.322
 20
-104.603
 11
137.266
 21
-104.643
  0
LINE
  8
0
 10
137.266
 20
-104.643
 11
137.214
 21
-104.689
  0
LINE
  8
0
 10
137.214
 20
-104.689
 11
137.169
 21
-104.74
  0
LINE
  8
0
 10
137.169
 20
-104.74
 11
137.131
 21
-104.796
  0
LINE
  8
0
 10
137.131
 20
-104.796
 11
137.099
 21
-104.856
  0
LINE
  8
0
 10
137.099
 20
-104.856
 11
137.073
 21
-104.921
  0
LINE
  8
0
 10
137.073
 20
-104.921
 11
137.055
 21
-104.99
  0
LINE
  8
0
 10
137.055
 20
-104.99
 11
137.034
 21
-105.115
  0
LINE
  8
0
 10
137.034
 20
-105.115
 11
137.516
 21
-105.149
  0
LINE
  8
0
 10
137.516
 20
-105.149
 11
137.527
 21
-105.071
  0
LINE
  8
0
 10
137.527
 20
-105.071
 11
137.533
 21
-105.045
  0
LINE
  8
0
 10
137.533
 20
-105.045
 11
137.54
 21
-105.022
  0
LINE
  8
0
 10
137.54
 20
-105.022
 11
137.55
 21
-105
  0
LINE
  8
0
 10
137.55
 20
-105
 11
137.561
 21
-104.981
  0
LINE
  8
0
 10
137.561
 20
-104.981
 11
137.575
 21
-104.964
  0
LINE
  8
0
 10
137.575
 20
-104.964
 11
137.59
 21
-104.949
  0
LINE
  8
0
 10
137.59
 20
-104.949
 11
137.607
 21
-104.935
  0
LINE
  8
0
 10
137.607
 20
-104.935
 11
137.626
 21
-104.923
  0
LINE
  8
0
 10
137.626
 20
-104.923
 11
137.646
 21
-104.914
  0
LINE
  8
0
 10
137.646
 20
-104.914
 11
137.668
 21
-104.906
  0
LINE
  8
0
 10
137.668
 20
-104.906
 11
137.692
 21
-104.901
  0
LINE
  8
0
 10
137.692
 20
-104.901
 11
137.718
 21
-104.897
  0
LINE
  8
0
 10
137.718
 20
-104.897
 11
137.747
 21
-104.896
  0
LINE
  8
0
 10
137.747
 20
-104.896
 11
137.778
 21
-104.897
  0
LINE
  8
0
 10
137.778
 20
-104.897
 11
137.805
 21
-104.901
  0
LINE
  8
0
 10
137.805
 20
-104.901
 11
137.83
 21
-104.907
  0
LINE
  8
0
 10
137.83
 20
-104.907
 11
137.852
 21
-104.914
  0
LINE
  8
0
 10
137.852
 20
-104.914
 11
137.871
 21
-104.924
  0
LINE
  8
0
 10
137.871
 20
-104.924
 11
137.888
 21
-104.935
  0
LINE
  8
0
 10
137.888
 20
-104.935
 11
137.903
 21
-104.949
  0
LINE
  8
0
 10
137.903
 20
-104.949
 11
137.916
 21
-104.964
  0
LINE
  8
0
 10
137.916
 20
-104.964
 11
137.928
 21
-104.981
  0
LINE
  8
0
 10
137.928
 20
-104.981
 11
137.937
 21
-105
  0
LINE
  8
0
 10
137.937
 20
-105
 11
137.945
 21
-105.021
  0
LINE
  8
0
 10
137.945
 20
-105.021
 11
137.95
 21
-105.044
  0
LINE
  8
0
 10
137.95
 20
-105.044
 11
137.954
 21
-105.07
  0
LINE
  8
0
 10
137.954
 20
-105.07
 11
137.955
 21
-105.098
  0
LINE
  8
0
 10
137.955
 20
-105.098
 11
137.953
 21
-105.128
  0
LINE
  8
0
 10
137.953
 20
-105.128
 11
137.949
 21
-105.154
  0
LINE
  8
0
 10
137.949
 20
-105.154
 11
137.942
 21
-105.178
  0
LINE
  8
0
 10
137.942
 20
-105.178
 11
137.933
 21
-105.199
  0
LINE
  8
0
 10
137.933
 20
-105.199
 11
137.922
 21
-105.218
  0
LINE
  8
0
 10
137.922
 20
-105.218
 11
137.907
 21
-105.236
  0
LINE
  8
0
 10
137.907
 20
-105.236
 11
137.89
 21
-105.251
  0
LINE
  8
0
 10
137.89
 20
-105.251
 11
137.87
 21
-105.266
  0
LINE
  8
0
 10
137.87
 20
-105.266
 11
137.847
 21
-105.278
  0
LINE
  8
0
 10
137.847
 20
-105.278
 11
137.82
 21
-105.288
  0
LINE
  8
0
 10
137.82
 20
-105.288
 11
137.79
 21
-105.296
  0
LINE
  8
0
 10
137.79
 20
-105.296
 11
137.755
 21
-105.302
  0
LINE
  8
0
 10
137.755
 20
-105.302
 11
137.717
 21
-105.306
  0
LINE
  8
0
 10
137.717
 20
-105.306
 11
137.675
 21
-105.308
  0
LINE
  8
0
 10
137.675
 20
-105.308
 11
137.5
 21
-105.308
  0
LINE
  8
0
 10
137.5
 20
-105.308
 11
137.5
 21
-105.715
  0
LINE
  8
0
 10
137.5
 20
-105.715
 11
137.682
 21
-105.715
  0
LINE
  8
0
 10
137.682
 20
-105.715
 11
137.731
 21
-105.717
  0
LINE
  8
0
 10
137.731
 20
-105.717
 11
137.774
 21
-105.721
  0
LINE
  8
0
 10
137.774
 20
-105.721
 11
137.813
 21
-105.727
  0
LINE
  8
0
 10
137.813
 20
-105.727
 11
137.847
 21
-105.736
  0
LINE
  8
0
 10
137.847
 20
-105.736
 11
137.878
 21
-105.746
  0
LINE
  8
0
 10
137.878
 20
-105.746
 11
137.905
 21
-105.759
  0
LINE
  8
0
 10
137.905
 20
-105.759
 11
137.928
 21
-105.774
  0
LINE
  8
0
 10
137.928
 20
-105.774
 11
137.947
 21
-105.79
  0
LINE
  8
0
 10
137.947
 20
-105.79
 11
137.963
 21
-105.808
  0
LINE
  8
0
 10
137.963
 20
-105.808
 11
137.976
 21
-105.827
  0
LINE
  8
0
 10
137.976
 20
-105.827
 11
137.986
 21
-105.848
  0
LINE
  8
0
 10
137.986
 20
-105.848
 11
137.993
 21
-105.872
  0
LINE
  8
0
 10
137.993
 20
-105.872
 11
137.998
 21
-105.899
  0
LINE
  8
0
 10
137.998
 20
-105.899
 11
137.999
 21
-105.929
  0
LINE
  8
0
 10
137.999
 20
-105.929
 11
137.998
 21
-105.963
  0
LINE
  8
0
 10
137.998
 20
-105.963
 11
137.994
 21
-105.993
  0
LINE
  8
0
 10
137.994
 20
-105.993
 11
137.988
 21
-106.021
  0
LINE
  8
0
 10
137.988
 20
-106.021
 11
137.979
 21
-106.044
  0
LINE
  8
0
 10
137.979
 20
-106.044
 11
137.968
 21
-106.065
  0
LINE
  8
0
 10
137.968
 20
-106.065
 11
137.955
 21
-106.083
  0
LINE
  8
0
 10
137.955
 20
-106.083
 11
137.94
 21
-106.099
  0
LINE
  8
0
 10
137.94
 20
-106.099
 11
137.922
 21
-106.113
  0
LINE
  8
0
 10
137.922
 20
-106.113
 11
137.902
 21
-106.125
  0
LINE
  8
0
 10
137.902
 20
-106.125
 11
137.879
 21
-106.135
  0
LINE
  8
0
 10
137.879
 20
-106.135
 11
137.854
 21
-106.143
  0
LINE
  8
0
 10
137.854
 20
-106.143
 11
137.826
 21
-106.149
  0
LINE
  8
0
 10
137.826
 20
-106.149
 11
137.795
 21
-106.153
  0
LINE
  8
0
 10
137.795
 20
-106.153
 11
137.761
 21
-106.154
  0
LINE
  8
0
 10
137.761
 20
-106.154
 11
137.695
 21
-106.149
  0
LINE
  8
0
 10
137.695
 20
-106.149
 11
137.64
 21
-106.134
  0
LINE
  8
0
 10
137.64
 20
-106.134
 11
137.596
 21
-106.112
  0
LINE
  8
0
 10
137.596
 20
-106.112
 11
137.56
 21
-106.08
  0
LINE
  8
0
 10
137.56
 20
-106.08
 11
137.532
 21
-106.039
  0
LINE
  8
0
 10
137.532
 20
-106.039
 11
137.511
 21
-105.987
  0
LINE
  8
0
 10
137.511
 20
-105.987
 11
137.487
 21
-105.875
  0
LINE
  8
0
 10
137.487
 20
-105.875
 11
137.001
 21
-105.917
  0
LINE
  8
0
 10
137.001
 20
-105.917
 11
137.022
 21
-106.047
  0
LINE
  8
0
 10
137.022
 20
-106.047
 11
137.042
 21
-106.12
  0
LINE
  8
0
 10
137.042
 20
-106.12
 11
137.068
 21
-106.189
  0
LINE
  8
0
 10
137.068
 20
-106.189
 11
137.101
 21
-106.253
  0
LINE
  8
0
 10
137.101
 20
-106.253
 11
137.141
 21
-106.311
  0
LINE
  8
0
 10
137.141
 20
-106.311
 11
137.188
 21
-106.364
  0
LINE
  8
0
 10
137.188
 20
-106.364
 11
137.242
 21
-106.411
  0
LINE
  8
0
 10
137.242
 20
-106.411
 11
137.301
 21
-106.452
  0
LINE
  8
0
 10
137.301
 20
-106.452
 11
137.365
 21
-106.486
  0
LINE
  8
0
 10
137.365
 20
-106.486
 11
137.435
 21
-106.514
  0
LINE
  8
0
 10
137.435
 20
-106.514
 11
137.51
 21
-106.536
  0
LINE
  8
0
 10
137.51
 20
-106.536
 11
137.589
 21
-106.551
  0
LINE
  8
0
 10
137.589
 20
-106.551
 11
137.673
 21
-106.56
  0
LINE
  8
0
 10
137.673
 20
-106.56
 11
137.762
 21
-106.563
  0
LINE
  8
0
 10
137.762
 20
-106.563
 11
137.855
 21
-106.56
  0
LINE
  8
0
 10
145.505
 20
-106.557
 11
145.588
 21
-106.546
  0
LINE
  8
0
 10
145.588
 20
-106.546
 11
145.666
 21
-106.527
  0
LINE
  8
0
 10
145.666
 20
-106.527
 11
145.739
 21
-106.5
  0
LINE
  8
0
 10
145.739
 20
-106.5
 11
145.807
 21
-106.465
  0
LINE
  8
0
 10
145.807
 20
-106.465
 11
145.869
 21
-106.423
  0
LINE
  8
0
 10
145.869
 20
-106.423
 11
145.925
 21
-106.372
  0
LINE
  8
0
 10
145.925
 20
-106.372
 11
145.974
 21
-106.315
  0
LINE
  8
0
 10
145.974
 20
-106.315
 11
146.016
 21
-106.252
  0
LINE
  8
0
 10
146.016
 20
-106.252
 11
146.05
 21
-106.184
  0
LINE
  8
0
 10
146.05
 20
-106.184
 11
146.077
 21
-106.11
  0
LINE
  8
0
 10
146.077
 20
-106.11
 11
146.095
 21
-106.031
  0
LINE
  8
0
 10
146.095
 20
-106.031
 11
146.106
 21
-105.947
  0
LINE
  8
0
 10
146.106
 20
-105.947
 11
146.11
 21
-105.859
  0
LINE
  8
0
 10
146.11
 20
-105.859
 11
146.107
 21
-105.777
  0
LINE
  8
0
 10
146.107
 20
-105.777
 11
146.097
 21
-105.7
  0
LINE
  8
0
 10
146.097
 20
-105.7
 11
146.081
 21
-105.627
  0
LINE
  8
0
 10
146.081
 20
-105.627
 11
146.058
 21
-105.559
  0
LINE
  8
0
 10
146.058
 20
-105.559
 11
146.028
 21
-105.495
  0
LINE
  8
0
 10
146.028
 20
-105.495
 11
145.991
 21
-105.436
  0
LINE
  8
0
 10
145.991
 20
-105.436
 11
145.948
 21
-105.383
  0
LINE
  8
0
 10
145.948
 20
-105.383
 11
145.898
 21
-105.335
  0
LINE
  8
0
 10
145.898
 20
-105.335
 11
145.844
 21
-105.295
  0
LINE
  8
0
 10
145.844
 20
-105.295
 11
145.785
 21
-105.262
  0
LINE
  8
0
 10
145.785
 20
-105.262
 11
145.721
 21
-105.236
  0
LINE
  8
0
 10
145.721
 20
-105.236
 11
145.653
 21
-105.218
  0
LINE
  8
0
 10
145.653
 20
-105.218
 11
145.581
 21
-105.207
  0
LINE
  8
0
 10
145.581
 20
-105.207
 11
145.506
 21
-105.204
  0
LINE
  8
0
 10
145.506
 20
-105.204
 11
145.464
 21
-105.205
  0
LINE
  8
0
 10
145.464
 20
-105.205
 11
145.423
 21
-105.208
  0
LINE
  8
0
 10
145.423
 20
-105.208
 11
145.384
 21
-105.214
  0
LINE
  8
0
 10
145.384
 20
-105.214
 11
145.346
 21
-105.223
  0
LINE
  8
0
 10
145.346
 20
-105.223
 11
145.308
 21
-105.234
  0
LINE
  8
0
 10
145.308
 20
-105.234
 11
145.272
 21
-105.247
  0
LINE
  8
0
 10
145.272
 20
-105.247
 11
145.237
 21
-105.263
  0
LINE
  8
0
 10
145.237
 20
-105.263
 11
145.204
 21
-105.281
  0
LINE
  8
0
 10
145.204
 20
-105.281
 11
145.173
 21
-105.302
  0
LINE
  8
0
 10
145.173
 20
-105.302
 11
145.146
 21
-105.323
  0
LINE
  8
0
 10
145.146
 20
-105.323
 11
145.147
 21
-105.303
  0
LINE
  8
0
 10
145.147
 20
-105.303
 11
145.156
 21
-105.233
  0
LINE
  8
0
 10
145.156
 20
-105.233
 11
145.168
 21
-105.17
  0
LINE
  8
0
 10
145.168
 20
-105.17
 11
145.183
 21
-105.114
  0
LINE
  8
0
 10
145.183
 20
-105.114
 11
145.201
 21
-105.065
  0
LINE
  8
0
 10
145.201
 20
-105.065
 11
145.221
 21
-105.023
  0
LINE
  8
0
 10
145.221
 20
-105.023
 11
145.244
 21
-104.988
  0
LINE
  8
0
 10
145.244
 20
-104.988
 11
145.269
 21
-104.959
  0
LINE
  8
0
 10
145.269
 20
-104.959
 11
145.295
 21
-104.935
  0
LINE
  8
0
 10
145.295
 20
-104.935
 11
145.323
 21
-104.918
  0
LINE
  8
0
 10
145.323
 20
-104.918
 11
145.352
 21
-104.906
  0
LINE
  8
0
 10
145.352
 20
-104.906
 11
145.384
 21
-104.898
  0
LINE
  8
0
 10
145.384
 20
-104.898
 11
145.418
 21
-104.896
  0
LINE
  8
0
 10
145.418
 20
-104.896
 11
145.459
 21
-104.899
  0
LINE
  8
0
 10
145.459
 20
-104.899
 11
145.493
 21
-104.908
  0
LINE
  8
0
 10
145.493
 20
-104.908
 11
145.521
 21
-104.922
  0
LINE
  8
0
 10
145.521
 20
-104.922
 11
145.546
 21
-104.942
  0
LINE
  8
0
 10
145.546
 20
-104.942
 11
145.567
 21
-104.969
  0
LINE
  8
0
 10
145.567
 20
-104.969
 11
145.586
 21
-105.004
  0
LINE
  8
0
 10
145.586
 20
-105.004
 11
145.615
 21
-105.089
  0
LINE
  8
0
 10
145.615
 20
-105.089
 11
146.073
 21
-105.025
  0
LINE
  8
0
 10
146.073
 20
-105.025
 11
146.038
 21
-104.906
  0
LINE
  8
0
 10
146.038
 20
-104.906
 11
146.015
 21
-104.845
  0
LINE
  8
0
 10
146.015
 20
-104.845
 11
145.988
 21
-104.789
  0
LINE
  8
0
 10
145.988
 20
-104.789
 11
145.957
 21
-104.737
  0
LINE
  8
0
 10
145.957
 20
-104.737
 11
145.922
 21
-104.69
  0
LINE
  8
0
 10
145.922
 20
-104.69
 11
145.883
 21
-104.648
  0
LINE
  8
0
 10
145.883
 20
-104.648
 11
145.84
 21
-104.612
  0
LINE
  8
0
 10
145.84
 20
-104.612
 11
145.793
 21
-104.58
  0
LINE
  8
0
 10
145.793
 20
-104.58
 11
145.742
 21
-104.553
  0
LINE
  8
0
 10
145.742
 20
-104.553
 11
145.687
 21
-104.532
  0
LINE
  8
0
 10
145.687
 20
-104.532
 11
145.627
 21
-104.515
  0
LINE
  8
0
 10
145.627
 20
-104.515
 11
145.564
 21
-104.504
  0
LINE
  8
0
 10
145.564
 20
-104.504
 11
145.497
 21
-104.497
  0
LINE
  8
0
 10
145.497
 20
-104.497
 11
145.426
 21
-104.494
  0
LINE
  8
0
 10
145.426
 20
-104.494
 11
145.326
 21
-104.5
  0
LINE
  8
0
 10
145.326
 20
-104.5
 11
145.232
 21
-104.517
  0
LINE
  8
0
 10
145.232
 20
-104.517
 11
145.144
 21
-104.545
  0
LINE
  8
0
 10
145.144
 20
-104.545
 11
145.062
 21
-104.585
  0
LINE
  8
0
 10
145.062
 20
-104.585
 11
144.988
 21
-104.637
  0
LINE
  8
0
 10
144.988
 20
-104.637
 11
144.92
 21
-104.7
  0
LINE
  8
0
 10
144.92
 20
-104.7
 11
144.86
 21
-104.774
  0
LINE
  8
0
 10
144.86
 20
-104.774
 11
144.808
 21
-104.858
  0
LINE
  8
0
 10
144.808
 20
-104.858
 11
144.765
 21
-104.952
  0
LINE
  8
0
 10
144.765
 20
-104.952
 11
144.729
 21
-105.057
  0
LINE
  8
0
 10
144.729
 20
-105.057
 11
144.702
 21
-105.171
  0
LINE
  8
0
 10
144.702
 20
-105.171
 11
144.683
 21
-105.295
  0
LINE
  8
0
 10
144.683
 20
-105.295
 11
144.671
 21
-105.429
  0
LINE
  8
0
 10
144.671
 20
-105.429
 11
144.667
 21
-105.572
  0
LINE
  8
0
 10
144.667
 20
-105.572
 11
144.671
 21
-105.704
  0
LINE
  8
0
 10
144.671
 20
-105.704
 11
144.683
 21
-105.826
  0
LINE
  8
0
 10
144.683
 20
-105.826
 11
144.702
 21
-105.94
  0
LINE
  8
0
 10
144.702
 20
-105.94
 11
144.729
 21
-106.044
  0
LINE
  8
0
 10
144.729
 20
-106.044
 11
144.764
 21
-106.14
  0
LINE
  8
0
 10
144.764
 20
-106.14
 11
144.807
 21
-106.227
  0
LINE
  8
0
 10
144.807
 20
-106.227
 11
144.859
 21
-106.305
  0
LINE
  8
0
 10
144.859
 20
-106.305
 11
144.918
 21
-106.372
  0
LINE
  8
0
 10
144.918
 20
-106.372
 11
144.985
 21
-106.43
  0
LINE
  8
0
 10
144.985
 20
-106.43
 11
145.058
 21
-106.478
  0
LINE
  8
0
 10
145.058
 20
-106.478
 11
145.139
 21
-106.514
  0
LINE
  8
0
 10
145.139
 20
-106.514
 11
145.226
 21
-106.54
  0
LINE
  8
0
 10
145.226
 20
-106.54
 11
145.319
 21
-106.556
  0
LINE
  8
0
 10
145.319
 20
-106.556
 11
145.417
 21
-106.561
  0
LINE
  8
0
 10
145.417
 20
-106.561
 11
145.505
 21
-106.557
  0
LINE
  8
0
 10
145.376
 20
-106.162
 11
145.349
 21
-106.157
  0
LINE
  8
0
 10
145.349
 20
-106.157
 11
145.324
 21
-106.148
  0
LINE
  8
0
 10
145.324
 20
-106.148
 11
145.3
 21
-106.136
  0
LINE
  8
0
 10
145.3
 20
-106.136
 11
145.278
 21
-106.12
  0
LINE
  8
0
 10
145.278
 20
-106.12
 11
145.257
 21
-106.1
  0
LINE
  8
0
 10
145.257
 20
-106.1
 11
145.237
 21
-106.075
  0
LINE
  8
0
 10
145.237
 20
-106.075
 11
145.219
 21
-106.047
  0
LINE
  8
0
 10
145.219
 20
-106.047
 11
145.204
 21
-106.017
  0
LINE
  8
0
 10
145.204
 20
-106.017
 11
145.191
 21
-105.984
  0
LINE
  8
0
 10
145.191
 20
-105.984
 11
145.181
 21
-105.949
  0
LINE
  8
0
 10
145.181
 20
-105.949
 11
145.173
 21
-105.912
  0
LINE
  8
0
 10
145.173
 20
-105.912
 11
145.169
 21
-105.872
  0
LINE
  8
0
 10
145.169
 20
-105.872
 11
145.168
 21
-105.829
  0
LINE
  8
0
 10
145.168
 20
-105.829
 11
145.169
 21
-105.796
  0
LINE
  8
0
 10
145.169
 20
-105.796
 11
145.173
 21
-105.766
  0
LINE
  8
0
 10
145.173
 20
-105.766
 11
145.179
 21
-105.739
  0
LINE
  8
0
 10
145.179
 20
-105.739
 11
145.188
 21
-105.713
  0
LINE
  8
0
 10
145.188
 20
-105.713
 11
145.2
 21
-105.69
  0
LINE
  8
0
 10
145.2
 20
-105.69
 11
145.214
 21
-105.669
  0
LINE
  8
0
 10
145.214
 20
-105.669
 11
145.23
 21
-105.649
  0
LINE
  8
0
 10
145.23
 20
-105.649
 11
145.248
 21
-105.632
  0
LINE
  8
0
 10
145.248
 20
-105.632
 11
145.268
 21
-105.618
  0
LINE
  8
0
 10
145.268
 20
-105.618
 11
145.289
 21
-105.606
  0
LINE
  8
0
 10
145.289
 20
-105.606
 11
145.312
 21
-105.597
  0
LINE
  8
0
 10
145.312
 20
-105.597
 11
145.338
 21
-105.59
  0
LINE
  8
0
 10
145.338
 20
-105.59
 11
145.365
 21
-105.586
  0
LINE
  8
0
 10
145.365
 20
-105.586
 11
145.395
 21
-105.584
  0
LINE
  8
0
 10
145.395
 20
-105.584
 11
145.427
 21
-105.586
  0
LINE
  8
0
 10
145.427
 20
-105.586
 11
145.456
 21
-105.59
  0
LINE
  8
0
 10
145.456
 20
-105.59
 11
145.482
 21
-105.598
  0
LINE
  8
0
 10
145.482
 20
-105.598
 11
145.505
 21
-105.607
  0
LINE
  8
0
 10
145.505
 20
-105.607
 11
145.527
 21
-105.62
  0
LINE
  8
0
 10
145.527
 20
-105.62
 11
145.546
 21
-105.635
  0
LINE
  8
0
 10
145.546
 20
-105.635
 11
145.565
 21
-105.653
  0
LINE
  8
0
 10
145.565
 20
-105.653
 11
145.581
 21
-105.674
  0
LINE
  8
0
 10
145.581
 20
-105.674
 11
145.594
 21
-105.698
  0
LINE
  8
0
 10
145.594
 20
-105.698
 11
145.606
 21
-105.725
  0
LINE
  8
0
 10
145.606
 20
-105.725
 11
145.615
 21
-105.756
  0
LINE
  8
0
 10
145.615
 20
-105.756
 11
145.622
 21
-105.79
  0
LINE
  8
0
 10
145.622
 20
-105.79
 11
145.626
 21
-105.828
  0
LINE
  8
0
 10
145.626
 20
-105.828
 11
145.628
 21
-105.869
  0
LINE
  8
0
 10
145.628
 20
-105.869
 11
145.626
 21
-105.911
  0
LINE
  8
0
 10
145.626
 20
-105.911
 11
145.622
 21
-105.949
  0
LINE
  8
0
 10
145.622
 20
-105.949
 11
145.616
 21
-105.983
  0
LINE
  8
0
 10
145.616
 20
-105.983
 11
145.607
 21
-106.015
  0
LINE
  8
0
 10
145.607
 20
-106.015
 11
145.595
 21
-106.043
  0
LINE
  8
0
 10
145.595
 20
-106.043
 11
145.582
 21
-106.069
  0
LINE
  8
0
 10
145.582
 20
-106.069
 11
145.566
 21
-106.091
  0
LINE
  8
0
 10
145.566
 20
-106.091
 11
145.549
 21
-106.111
  0
LINE
  8
0
 10
145.549
 20
-106.111
 11
145.53
 21
-106.127
  0
LINE
  8
0
 10
145.53
 20
-106.127
 11
145.51
 21
-106.14
  0
LINE
  8
0
 10
145.51
 20
-106.14
 11
145.487
 21
-106.15
  0
LINE
  8
0
 10
145.487
 20
-106.15
 11
145.462
 21
-106.158
  0
LINE
  8
0
 10
145.462
 20
-106.158
 11
145.435
 21
-106.162
  0
LINE
  8
0
 10
145.435
 20
-106.162
 11
145.405
 21
-106.164
  0
LINE
  8
0
 10
145.405
 20
-106.164
 11
145.376
 21
-106.162
  0
LINE
  8
0
 10
155.636
 20
-106.559
 11
155.713
 21
-106.553
  0
LINE
  8
0
 10
155.713
 20
-106.553
 11
155.789
 21
-106.544
  0
LINE
  8
0
 10
155.789
 20
-106.544
 11
155.865
 21
-106.531
  0
LINE
  8
0
 10
155.865
 20
-106.531
 11
155.939
 21
-106.514
  0
LINE
  8
0
 10
155.939
 20
-106.514
 11
156.012
 21
-106.494
  0
LINE
  8
0
 10
156.012
 20
-106.494
 11
156.085
 21
-106.47
  0
LINE
  8
0
 10
156.085
 20
-106.47
 11
156.155
 21
-106.442
  0
LINE
  8
0
 10
156.155
 20
-106.442
 11
156.222
 21
-106.412
  0
LINE
  8
0
 10
156.222
 20
-106.412
 11
156.285
 21
-106.378
  0
LINE
  8
0
 10
156.285
 20
-106.378
 11
156.344
 21
-106.341
  0
LINE
  8
0
 10
156.344
 20
-106.341
 11
156.399
 21
-106.302
  0
LINE
  8
0
 10
156.399
 20
-106.302
 11
156.451
 21
-106.259
  0
LINE
  8
0
 10
156.451
 20
-106.259
 11
156.513
 21
-106.2
  0
LINE
  8
0
 10
156.513
 20
-106.2
 11
156.513
 21
-105.426
  0
LINE
  8
0
 10
156.513
 20
-105.426
 11
155.581
 21
-105.426
  0
LINE
  8
0
 10
155.581
 20
-105.426
 11
155.581
 21
-105.822
  0
LINE
  8
0
 10
155.581
 20
-105.822
 11
156.047
 21
-105.822
  0
LINE
  8
0
 10
156.047
 20
-105.822
 11
156.047
 21
-106.012
  0
LINE
  8
0
 10
156.047
 20
-106.012
 11
156.043
 21
-106.016
  0
LINE
  8
0
 10
156.043
 20
-106.016
 11
156.019
 21
-106.032
  0
LINE
  8
0
 10
156.019
 20
-106.032
 11
155.992
 21
-106.048
  0
LINE
  8
0
 10
155.992
 20
-106.048
 11
155.962
 21
-106.063
  0
LINE
  8
0
 10
155.962
 20
-106.063
 11
155.93
 21
-106.078
  0
LINE
  8
0
 10
155.93
 20
-106.078
 11
155.894
 21
-106.092
  0
LINE
  8
0
 10
155.894
 20
-106.092
 11
155.856
 21
-106.104
  0
LINE
  8
0
 10
155.856
 20
-106.104
 11
155.816
 21
-106.116
  0
LINE
  8
0
 10
155.816
 20
-106.116
 11
155.775
 21
-106.126
  0
LINE
  8
0
 10
155.775
 20
-106.126
 11
155.735
 21
-106.133
  0
LINE
  8
0
 10
155.735
 20
-106.133
 11
155.694
 21
-106.14
  0
LINE
  8
0
 10
155.694
 20
-106.14
 11
155.652
 21
-106.144
  0
LINE
  8
0
 10
155.652
 20
-106.144
 11
155.61
 21
-106.147
  0
LINE
  8
0
 10
155.61
 20
-106.147
 11
155.569
 21
-106.148
  0
LINE
  8
0
 10
155.569
 20
-106.148
 11
155.497
 21
-106.144
  0
LINE
  8
0
 10
155.497
 20
-106.144
 11
155.432
 21
-106.134
  0
LINE
  8
0
 10
155.432
 20
-106.134
 11
155.372
 21
-106.118
  0
LINE
  8
0
 10
155.372
 20
-106.118
 11
155.317
 21
-106.095
  0
LINE
  8
0
 10
155.317
 20
-106.095
 11
155.268
 21
-106.066
  0
LINE
  8
0
 10
155.268
 20
-106.066
 11
155.222
 21
-106.03
  0
LINE
  8
0
 10
155.222
 20
-106.03
 11
155.181
 21
-105.988
  0
LINE
  8
0
 10
155.181
 20
-105.988
 11
155.145
 21
-105.94
  0
LINE
  8
0
 10
155.145
 20
-105.94
 11
155.114
 21
-105.885
  0
LINE
  8
0
 10
155.114
 20
-105.885
 11
155.088
 21
-105.825
  0
LINE
  8
0
 10
155.088
 20
-105.825
 11
155.068
 21
-105.758
  0
LINE
  8
0
 10
155.068
 20
-105.758
 11
155.054
 21
-105.685
  0
LINE
  8
0
 10
155.054
 20
-105.685
 11
155.045
 21
-105.605
  0
LINE
  8
0
 10
155.045
 20
-105.605
 11
155.042
 21
-105.519
  0
LINE
  8
0
 10
155.042
 20
-105.519
 11
155.045
 21
-105.435
  0
LINE
  8
0
 10
155.045
 20
-105.435
 11
155.053
 21
-105.357
  0
LINE
  8
0
 10
155.053
 20
-105.357
 11
155.067
 21
-105.285
  0
LINE
  8
0
 10
155.067
 20
-105.285
 11
155.087
 21
-105.22
  0
LINE
  8
0
 10
155.087
 20
-105.22
 11
155.111
 21
-105.162
  0
LINE
  8
0
 10
155.111
 20
-105.162
 11
155.141
 21
-105.109
  0
LINE
  8
0
 10
155.141
 20
-105.109
 11
155.176
 21
-105.063
  0
LINE
  8
0
 10
155.176
 20
-105.063
 11
155.216
 21
-105.022
  0
LINE
  8
0
 10
155.216
 20
-105.022
 11
155.261
 21
-104.988
  0
LINE
  8
0
 10
155.261
 20
-104.988
 11
155.31
 21
-104.96
  0
LINE
  8
0
 10
155.31
 20
-104.96
 11
155.366
 21
-104.938
  0
LINE
  8
0
 10
155.366
 20
-104.938
 11
155.427
 21
-104.922
  0
LINE
  8
0
 10
155.427
 20
-104.922
 11
155.494
 21
-104.912
  0
LINE
  8
0
 10
155.494
 20
-104.912
 11
155.567
 21
-104.909
  0
LINE
  8
0
 10
155.567
 20
-104.909
 11
155.612
 21
-104.91
  0
LINE
  8
0
 10
155.612
 20
-104.91
 11
155.655
 21
-104.915
  0
LINE
  8
0
 10
155.655
 20
-104.915
 11
155.696
 21
-104.922
  0
LINE
  8
0
 10
155.696
 20
-104.922
 11
155.735
 21
-104.931
  0
LINE
  8
0
 10
155.735
 20
-104.931
 11
155.772
 21
-104.944
  0
LINE
  8
0
 10
155.772
 20
-104.944
 11
155.808
 21
-104.959
  0
LINE
  8
0
 10
155.808
 20
-104.959
 11
155.841
 21
-104.977
  0
LINE
  8
0
 10
155.841
 20
-104.977
 11
155.872
 21
-104.997
  0
LINE
  8
0
 10
155.872
 20
-104.997
 11
155.901
 21
-105.02
  0
LINE
  8
0
 10
155.901
 20
-105.02
 11
155.927
 21
-105.045
  0
LINE
  8
0
 10
155.927
 20
-105.045
 11
155.95
 21
-105.072
  0
LINE
  8
0
 10
155.95
 20
-105.072
 11
155.972
 21
-105.103
  0
LINE
  8
0
 10
155.972
 20
-105.103
 11
155.991
 21
-105.136
  0
LINE
  8
0
 10
155.991
 20
-105.136
 11
156.026
 21
-105.214
  0
LINE
  8
0
 10
156.026
 20
-105.214
 11
156.493
 21
-105.073
  0
LINE
  8
0
 10
156.493
 20
-105.073
 11
156.403
 21
-104.884
  0
LINE
  8
0
 10
156.403
 20
-104.884
 11
156.315
 21
-104.764
  0
LINE
  8
0
 10
156.315
 20
-104.764
 11
156.205
 21
-104.666
  0
LINE
  8
0
 10
156.205
 20
-104.666
 11
156.075
 21
-104.59
  0
LINE
  8
0
 10
156.075
 20
-104.59
 11
155.924
 21
-104.537
  0
LINE
  8
0
 10
155.924
 20
-104.537
 11
155.755
 21
-104.505
  0
LINE
  8
0
 10
155.755
 20
-104.505
 11
155.567
 21
-104.494
  0
LINE
  8
0
 10
155.567
 20
-104.494
 11
155.432
 21
-104.5
  0
LINE
  8
0
 10
155.432
 20
-104.5
 11
155.306
 21
-104.516
  0
LINE
  8
0
 10
155.306
 20
-104.516
 11
155.188
 21
-104.542
  0
LINE
  8
0
 10
155.188
 20
-104.542
 11
155.079
 21
-104.58
  0
LINE
  8
0
 10
155.079
 20
-104.58
 11
154.979
 21
-104.629
  0
LINE
  8
0
 10
154.979
 20
-104.629
 11
154.887
 21
-104.689
  0
LINE
  8
0
 10
154.887
 20
-104.689
 11
154.806
 21
-104.76
  0
LINE
  8
0
 10
154.806
 20
-104.76
 11
154.734
 21
-104.842
  0
LINE
  8
0
 10
154.734
 20
-104.842
 11
154.674
 21
-104.933
  0
LINE
  8
0
 10
154.674
 20
-104.933
 11
154.625
 21
-105.033
  0
LINE
  8
0
 10
154.625
 20
-105.033
 11
154.587
 21
-105.142
  0
LINE
  8
0
 10
154.587
 20
-105.142
 11
154.56
 21
-105.259
  0
LINE
  8
0
 10
154.56
 20
-105.259
 11
154.544
 21
-105.385
  0
LINE
  8
0
 10
154.544
 20
-105.385
 11
154.539
 21
-105.519
  0
LINE
  8
0
 10
154.539
 20
-105.519
 11
154.544
 21
-105.655
  0
LINE
  8
0
 10
154.544
 20
-105.655
 11
154.56
 21
-105.782
  0
LINE
  8
0
 10
154.56
 20
-105.782
 11
154.587
 21
-105.9
  0
LINE
  8
0
 10
154.587
 20
-105.9
 11
154.625
 21
-106.01
  0
LINE
  8
0
 10
154.625
 20
-106.01
 11
154.673
 21
-106.112
  0
LINE
  8
0
 10
154.673
 20
-106.112
 11
154.733
 21
-106.204
  0
LINE
  8
0
 10
154.733
 20
-106.204
 11
154.804
 21
-106.287
  0
LINE
  8
0
 10
154.804
 20
-106.287
 11
154.885
 21
-106.36
  0
LINE
  8
0
 10
154.885
 20
-106.36
 11
154.975
 21
-106.422
  0
LINE
  8
0
 10
154.975
 20
-106.422
 11
155.075
 21
-106.472
  0
LINE
  8
0
 10
155.075
 20
-106.472
 11
155.183
 21
-106.511
  0
LINE
  8
0
 10
155.183
 20
-106.511
 11
155.299
 21
-106.539
  0
LINE
  8
0
 10
155.299
 20
-106.539
 11
155.424
 21
-106.555
  0
LINE
  8
0
 10
155.424
 20
-106.555
 11
155.557
 21
-106.561
  0
LINE
  8
0
 10
155.557
 20
-106.561
 11
155.636
 21
-106.559
  0
LINE
  8
0
 10
153.096
 20
-106.559
 11
153.173
 21
-106.553
  0
LINE
  8
0
 10
153.173
 20
-106.553
 11
153.249
 21
-106.544
  0
LINE
  8
0
 10
153.249
 20
-106.544
 11
153.325
 21
-106.531
  0
LINE
  8
0
 10
153.325
 20
-106.531
 11
153.399
 21
-106.514
  0
LINE
  8
0
 10
153.399
 20
-106.514
 11
153.472
 21
-106.494
  0
LINE
  8
0
 10
153.472
 20
-106.494
 11
153.545
 21
-106.47
  0
LINE
  8
0
 10
153.545
 20
-106.47
 11
153.615
 21
-106.442
  0
LINE
  8
0
 10
153.615
 20
-106.442
 11
153.682
 21
-106.412
  0
LINE
  8
0
 10
153.682
 20
-106.412
 11
153.745
 21
-106.378
  0
LINE
  8
0
 10
153.745
 20
-106.378
 11
153.804
 21
-106.341
  0
LINE
  8
0
 10
153.804
 20
-106.341
 11
153.859
 21
-106.302
  0
LINE
  8
0
 10
153.859
 20
-106.302
 11
153.911
 21
-106.259
  0
LINE
  8
0
 10
153.911
 20
-106.259
 11
153.973
 21
-106.2
  0
LINE
  8
0
 10
153.973
 20
-106.2
 11
153.973
 21
-105.426
  0
LINE
  8
0
 10
153.973
 20
-105.426
 11
153.04
 21
-105.426
  0
LINE
  8
0
 10
153.04
 20
-105.426
 11
153.04
 21
-105.822
  0
LINE
  8
0
 10
153.04
 20
-105.822
 11
153.507
 21
-105.822
  0
LINE
  8
0
 10
153.507
 20
-105.822
 11
153.507
 21
-106.012
  0
LINE
  8
0
 10
153.507
 20
-106.012
 11
153.503
 21
-106.016
  0
LINE
  8
0
 10
153.503
 20
-106.016
 11
153.479
 21
-106.032
  0
LINE
  8
0
 10
153.479
 20
-106.032
 11
153.452
 21
-106.048
  0
LINE
  8
0
 10
153.452
 20
-106.048
 11
153.422
 21
-106.063
  0
LINE
  8
0
 10
153.422
 20
-106.063
 11
153.39
 21
-106.078
  0
LINE
  8
0
 10
153.39
 20
-106.078
 11
153.354
 21
-106.092
  0
LINE
  8
0
 10
153.354
 20
-106.092
 11
153.316
 21
-106.104
  0
LINE
  8
0
 10
153.316
 20
-106.104
 11
153.276
 21
-106.116
  0
LINE
  8
0
 10
153.276
 20
-106.116
 11
153.235
 21
-106.126
  0
LINE
  8
0
 10
153.235
 20
-106.126
 11
153.195
 21
-106.133
  0
LINE
  8
0
 10
153.195
 20
-106.133
 11
153.154
 21
-106.14
  0
LINE
  8
0
 10
153.154
 20
-106.14
 11
153.112
 21
-106.144
  0
LINE
  8
0
 10
153.112
 20
-106.144
 11
153.07
 21
-106.147
  0
LINE
  8
0
 10
153.07
 20
-106.147
 11
153.029
 21
-106.148
  0
LINE
  8
0
 10
153.029
 20
-106.148
 11
152.957
 21
-106.144
  0
LINE
  8
0
 10
152.957
 20
-106.144
 11
152.892
 21
-106.134
  0
LINE
  8
0
 10
152.892
 20
-106.134
 11
152.832
 21
-106.118
  0
LINE
  8
0
 10
152.832
 20
-106.118
 11
152.777
 21
-106.095
  0
LINE
  8
0
 10
152.777
 20
-106.095
 11
152.728
 21
-106.066
  0
LINE
  8
0
 10
152.728
 20
-106.066
 11
152.682
 21
-106.03
  0
LINE
  8
0
 10
152.682
 20
-106.03
 11
152.641
 21
-105.988
  0
LINE
  8
0
 10
152.641
 20
-105.988
 11
152.605
 21
-105.94
  0
LINE
  8
0
 10
152.605
 20
-105.94
 11
152.574
 21
-105.885
  0
LINE
  8
0
 10
152.574
 20
-105.885
 11
152.548
 21
-105.825
  0
LINE
  8
0
 10
152.548
 20
-105.825
 11
152.528
 21
-105.758
  0
LINE
  8
0
 10
152.528
 20
-105.758
 11
152.514
 21
-105.685
  0
LINE
  8
0
 10
152.514
 20
-105.685
 11
152.505
 21
-105.605
  0
LINE
  8
0
 10
152.505
 20
-105.605
 11
152.502
 21
-105.519
  0
LINE
  8
0
 10
152.502
 20
-105.519
 11
152.505
 21
-105.435
  0
LINE
  8
0
 10
152.505
 20
-105.435
 11
152.513
 21
-105.357
  0
LINE
  8
0
 10
152.513
 20
-105.357
 11
152.527
 21
-105.285
  0
LINE
  8
0
 10
152.527
 20
-105.285
 11
152.547
 21
-105.22
  0
LINE
  8
0
 10
152.547
 20
-105.22
 11
152.571
 21
-105.162
  0
LINE
  8
0
 10
152.571
 20
-105.162
 11
152.601
 21
-105.109
  0
LINE
  8
0
 10
152.601
 20
-105.109
 11
152.636
 21
-105.063
  0
LINE
  8
0
 10
152.636
 20
-105.063
 11
152.676
 21
-105.022
  0
LINE
  8
0
 10
152.676
 20
-105.022
 11
152.721
 21
-104.988
  0
LINE
  8
0
 10
152.721
 20
-104.988
 11
152.77
 21
-104.96
  0
LINE
  8
0
 10
152.77
 20
-104.96
 11
152.826
 21
-104.938
  0
LINE
  8
0
 10
152.826
 20
-104.938
 11
152.887
 21
-104.922
  0
LINE
  8
0
 10
152.887
 20
-104.922
 11
152.954
 21
-104.912
  0
LINE
  8
0
 10
152.954
 20
-104.912
 11
153.027
 21
-104.909
  0
LINE
  8
0
 10
153.027
 20
-104.909
 11
153.072
 21
-104.91
  0
LINE
  8
0
 10
153.072
 20
-104.91
 11
153.115
 21
-104.915
  0
LINE
  8
0
 10
153.115
 20
-104.915
 11
153.156
 21
-104.922
  0
LINE
  8
0
 10
153.156
 20
-104.922
 11
153.195
 21
-104.931
  0
LINE
  8
0
 10
153.195
 20
-104.931
 11
153.232
 21
-104.944
  0
LINE
  8
0
 10
153.232
 20
-104.944
 11
153.268
 21
-104.959
  0
LINE
  8
0
 10
153.268
 20
-104.959
 11
153.301
 21
-104.977
  0
LINE
  8
0
 10
153.301
 20
-104.977
 11
153.332
 21
-104.997
  0
LINE
  8
0
 10
153.332
 20
-104.997
 11
153.361
 21
-105.02
  0
LINE
  8
0
 10
153.361
 20
-105.02
 11
153.387
 21
-105.045
  0
LINE
  8
0
 10
153.387
 20
-105.045
 11
153.41
 21
-105.072
  0
LINE
  8
0
 10
153.41
 20
-105.072
 11
153.432
 21
-105.103
  0
LINE
  8
0
 10
153.432
 20
-105.103
 11
153.451
 21
-105.136
  0
LINE
  8
0
 10
153.451
 20
-105.136
 11
153.486
 21
-105.214
  0
LINE
  8
0
 10
153.486
 20
-105.214
 11
153.953
 21
-105.073
  0
LINE
  8
0
 10
153.953
 20
-105.073
 11
153.863
 21
-104.884
  0
LINE
  8
0
 10
153.863
 20
-104.884
 11
153.775
 21
-104.764
  0
LINE
  8
0
 10
153.775
 20
-104.764
 11
153.665
 21
-104.666
  0
LINE
  8
0
 10
153.665
 20
-104.666
 11
153.535
 21
-104.59
  0
LINE
  8
0
 10
153.535
 20
-104.59
 11
153.384
 21
-104.537
  0
LINE
  8
0
 10
153.384
 20
-104.537
 11
153.215
 21
-104.505
  0
LINE
  8
0
 10
153.215
 20
-104.505
 11
153.027
 21
-104.494
  0
LINE
  8
0
 10
153.027
 20
-104.494
 11
152.892
 21
-104.5
  0
LINE
  8
0
 10
152.892
 20
-104.5
 11
152.766
 21
-104.516
  0
LINE
  8
0
 10
152.766
 20
-104.516
 11
152.648
 21
-104.542
  0
LINE
  8
0
 10
152.648
 20
-104.542
 11
152.539
 21
-104.58
  0
LINE
  8
0
 10
152.539
 20
-104.58
 11
152.439
 21
-104.629
  0
LINE
  8
0
 10
152.439
 20
-104.629
 11
152.347
 21
-104.689
  0
LINE
  8
0
 10
152.347
 20
-104.689
 11
152.266
 21
-104.76
  0
LINE
  8
0
 10
152.266
 20
-104.76
 11
152.194
 21
-104.842
  0
LINE
  8
0
 10
152.194
 20
-104.842
 11
152.134
 21
-104.933
  0
LINE
  8
0
 10
152.134
 20
-104.933
 11
152.085
 21
-105.033
  0
LINE
  8
0
 10
152.085
 20
-105.033
 11
152.047
 21
-105.142
  0
LINE
  8
0
 10
152.047
 20
-105.142
 11
152.02
 21
-105.259
  0
LINE
  8
0
 10
152.02
 20
-105.259
 11
152.004
 21
-105.385
  0
LINE
  8
0
 10
152.004
 20
-105.385
 11
151.999
 21
-105.519
  0
LINE
  8
0
 10
151.999
 20
-105.519
 11
152.004
 21
-105.655
  0
LINE
  8
0
 10
152.004
 20
-105.655
 11
152.02
 21
-105.782
  0
LINE
  8
0
 10
152.02
 20
-105.782
 11
152.047
 21
-105.9
  0
LINE
  8
0
 10
152.047
 20
-105.9
 11
152.085
 21
-106.01
  0
LINE
  8
0
 10
152.085
 20
-106.01
 11
152.133
 21
-106.112
  0
LINE
  8
0
 10
152.133
 20
-106.112
 11
152.193
 21
-106.204
  0
LINE
  8
0
 10
152.193
 20
-106.204
 11
152.264
 21
-106.287
  0
LINE
  8
0
 10
152.264
 20
-106.287
 11
152.345
 21
-106.36
  0
LINE
  8
0
 10
152.345
 20
-106.36
 11
152.435
 21
-106.422
  0
LINE
  8
0
 10
152.435
 20
-106.422
 11
152.535
 21
-106.472
  0
LINE
  8
0
 10
152.535
 20
-106.472
 11
152.643
 21
-106.511
  0
LINE
  8
0
 10
152.643
 20
-106.511
 11
152.759
 21
-106.539
  0
LINE
  8
0
 10
152.759
 20
-106.539
 11
152.884
 21
-106.555
  0
LINE
  8
0
 10
152.884
 20
-106.555
 11
153.017
 21
-106.561
  0
LINE
  8
0
 10
153.017
 20
-106.561
 11
153.096
 21
-106.559
  0
LINE
  8
0
 10
150.565
 20
-106.558
 11
150.653
 21
-106.548
  0
LINE
  8
0
 10
150.653
 20
-106.548
 11
150.736
 21
-106.532
  0
LINE
  8
0
 10
150.736
 20
-106.532
 11
150.814
 21
-106.51
  0
LINE
  8
0
 10
150.814
 20
-106.51
 11
150.885
 21
-106.48
  0
LINE
  8
0
 10
150.885
 20
-106.48
 11
150.95
 21
-106.444
  0
LINE
  8
0
 10
150.95
 20
-106.444
 11
151.009
 21
-106.401
  0
LINE
  8
0
 10
151.009
 20
-106.401
 11
151.061
 21
-106.351
  0
LINE
  8
0
 10
151.061
 20
-106.351
 11
151.105
 21
-106.296
  0
LINE
  8
0
 10
151.105
 20
-106.296
 11
151.142
 21
-106.236
  0
LINE
  8
0
 10
151.142
 20
-106.236
 11
151.17
 21
-106.17
  0
LINE
  8
0
 10
151.17
 20
-106.17
 11
151.189
 21
-106.1
  0
LINE
  8
0
 10
151.189
 20
-106.1
 11
151.201
 21
-106.025
  0
LINE
  8
0
 10
151.201
 20
-106.025
 11
151.205
 21
-105.946
  0
LINE
  8
0
 10
151.205
 20
-105.946
 11
151.203
 21
-105.888
  0
LINE
  8
0
 10
151.203
 20
-105.888
 11
151.196
 21
-105.833
  0
LINE
  8
0
 10
151.196
 20
-105.833
 11
151.184
 21
-105.781
  0
LINE
  8
0
 10
151.184
 20
-105.781
 11
151.167
 21
-105.731
  0
LINE
  8
0
 10
151.167
 20
-105.731
 11
151.146
 21
-105.684
  0
LINE
  8
0
 10
151.146
 20
-105.684
 11
151.119
 21
-105.64
  0
LINE
  8
0
 10
151.119
 20
-105.64
 11
151.088
 21
-105.6
  0
LINE
  8
0
 10
151.088
 20
-105.6
 11
151.052
 21
-105.563
  0
LINE
  8
0
 10
151.052
 20
-105.563
 11
151.013
 21
-105.531
  0
LINE
  8
0
 10
151.013
 20
-105.531
 11
150.971
 21
-105.502
  0
LINE
  8
0
 10
150.971
 20
-105.502
 11
150.925
 21
-105.478
  0
LINE
  8
0
 10
150.925
 20
-105.478
 11
150.914
 21
-105.474
  0
LINE
  8
0
 10
150.914
 20
-105.474
 11
150.948
 21
-105.454
  0
LINE
  8
0
 10
150.948
 20
-105.454
 11
150.986
 21
-105.426
  0
LINE
  8
0
 10
150.986
 20
-105.426
 11
151.021
 21
-105.394
  0
LINE
  8
0
 10
151.021
 20
-105.394
 11
151.052
 21
-105.358
  0
LINE
  8
0
 10
151.052
 20
-105.358
 11
151.08
 21
-105.32
  0
LINE
  8
0
 10
151.08
 20
-105.32
 11
151.104
 21
-105.28
  0
LINE
  8
0
 10
151.104
 20
-105.28
 11
151.123
 21
-105.237
  0
LINE
  8
0
 10
151.123
 20
-105.237
 11
151.138
 21
-105.194
  0
LINE
  8
0
 10
151.138
 20
-105.194
 11
151.149
 21
-105.148
  0
LINE
  8
0
 10
151.149
 20
-105.148
 11
151.155
 21
-105.101
  0
LINE
  8
0
 10
151.155
 20
-105.101
 11
151.158
 21
-105.053
  0
LINE
  8
0
 10
151.158
 20
-105.053
 11
151.154
 21
-104.98
  0
LINE
  8
0
 10
151.154
 20
-104.98
 11
151.143
 21
-104.912
  0
LINE
  8
0
 10
151.143
 20
-104.912
 11
151.124
 21
-104.847
  0
LINE
  8
0
 10
151.124
 20
-104.847
 11
151.098
 21
-104.787
  0
LINE
  8
0
 10
151.098
 20
-104.787
 11
151.063
 21
-104.732
  0
LINE
  8
0
 10
151.063
 20
-104.732
 11
151.022
 21
-104.682
  0
LINE
  8
0
 10
151.022
 20
-104.682
 11
150.973
 21
-104.637
  0
LINE
  8
0
 10
150.973
 20
-104.637
 11
150.917
 21
-104.599
  0
LINE
  8
0
 10
150.917
 20
-104.599
 11
150.855
 21
-104.566
  0
LINE
  8
0
 10
150.855
 20
-104.566
 11
150.788
 21
-104.54
  0
LINE
  8
0
 10
150.788
 20
-104.54
 11
150.716
 21
-104.52
  0
LINE
  8
0
 10
150.716
 20
-104.52
 11
150.637
 21
-104.506
  0
LINE
  8
0
 10
150.637
 20
-104.506
 11
150.554
 21
-104.497
  0
LINE
  8
0
 10
150.554
 20
-104.497
 11
150.465
 21
-104.494
  0
LINE
  8
0
 10
150.465
 20
-104.494
 11
150.377
 21
-104.497
  0
LINE
  8
0
 10
150.377
 20
-104.497
 11
150.295
 21
-104.506
  0
LINE
  8
0
 10
150.295
 20
-104.506
 11
150.218
 21
-104.521
  0
LINE
  8
0
 10
150.218
 20
-104.521
 11
150.146
 21
-104.541
  0
LINE
  8
0
 10
150.146
 20
-104.541
 11
150.079
 21
-104.568
  0
LINE
  8
0
 10
150.079
 20
-104.568
 11
150.018
 21
-104.602
  0
LINE
  8
0
 10
150.018
 20
-104.602
 11
149.963
 21
-104.641
  0
LINE
  8
0
 10
149.963
 20
-104.641
 11
149.914
 21
-104.686
  0
LINE
  8
0
 10
149.914
 20
-104.686
 11
149.873
 21
-104.736
  0
LINE
  8
0
 10
149.873
 20
-104.736
 11
149.839
 21
-104.791
  0
LINE
  8
0
 10
149.839
 20
-104.791
 11
149.812
 21
-104.85
  0
LINE
  8
0
 10
149.812
 20
-104.85
 11
149.793
 21
-104.913
  0
LINE
  8
0
 10
149.793
 20
-104.913
 11
149.782
 21
-104.98
  0
LINE
  8
0
 10
149.782
 20
-104.98
 11
149.779
 21
-105.05
  0
LINE
  8
0
 10
149.779
 20
-105.05
 11
149.781
 21
-105.099
  0
LINE
  8
0
 10
149.781
 20
-105.099
 11
149.787
 21
-105.146
  0
LINE
  8
0
 10
149.787
 20
-105.146
 11
149.798
 21
-105.191
  0
LINE
  8
0
 10
149.798
 20
-105.191
 11
149.813
 21
-105.235
  0
LINE
  8
0
 10
149.813
 20
-105.235
 11
149.833
 21
-105.277
  0
LINE
  8
0
 10
149.833
 20
-105.277
 11
149.856
 21
-105.318
  0
LINE
  8
0
 10
149.856
 20
-105.318
 11
149.884
 21
-105.357
  0
LINE
  8
0
 10
149.884
 20
-105.357
 11
149.916
 21
-105.393
  0
LINE
  8
0
 10
149.916
 20
-105.393
 11
149.95
 21
-105.425
  0
LINE
  8
0
 10
149.95
 20
-105.425
 11
149.988
 21
-105.453
  0
LINE
  8
0
 10
149.988
 20
-105.453
 11
150.025
 21
-105.477
  0
LINE
  8
0
 10
150.025
 20
-105.477
 11
150.012
 21
-105.482
  0
LINE
  8
0
 10
150.012
 20
-105.482
 11
149.967
 21
-105.507
  0
LINE
  8
0
 10
149.967
 20
-105.507
 11
149.925
 21
-105.536
  0
LINE
  8
0
 10
149.925
 20
-105.536
 11
149.887
 21
-105.57
  0
LINE
  8
0
 10
149.887
 20
-105.57
 11
149.851
 21
-105.607
  0
LINE
  8
0
 10
149.851
 20
-105.607
 11
149.82
 21
-105.648
  0
LINE
  8
0
 10
149.82
 20
-105.648
 11
149.794
 21
-105.692
  0
LINE
  8
0
 10
149.794
 20
-105.692
 11
149.772
 21
-105.739
  0
LINE
  8
0
 10
149.772
 20
-105.739
 11
149.755
 21
-105.788
  0
LINE
  8
0
 10
149.755
 20
-105.788
 11
149.743
 21
-105.839
  0
LINE
  8
0
 10
149.743
 20
-105.839
 11
149.736
 21
-105.893
  0
LINE
  8
0
 10
149.736
 20
-105.893
 11
149.734
 21
-105.948
  0
LINE
  8
0
 10
149.734
 20
-105.948
 11
149.738
 21
-106.027
  0
LINE
  8
0
 10
149.738
 20
-106.027
 11
149.75
 21
-106.102
  0
LINE
  8
0
 10
149.75
 20
-106.102
 11
149.77
 21
-106.172
  0
LINE
  8
0
 10
149.77
 20
-106.172
 11
149.798
 21
-106.237
  0
LINE
  8
0
 10
149.798
 20
-106.237
 11
149.835
 21
-106.298
  0
LINE
  8
0
 10
149.835
 20
-106.298
 11
149.879
 21
-106.353
  0
LINE
  8
0
 10
149.879
 20
-106.353
 11
149.932
 21
-106.402
  0
LINE
  8
0
 10
149.932
 20
-106.402
 11
149.991
 21
-106.445
  0
LINE
  8
0
 10
149.991
 20
-106.445
 11
150.057
 21
-106.481
  0
LINE
  8
0
 10
150.057
 20
-106.481
 11
150.128
 21
-106.51
  0
LINE
  8
0
 10
150.128
 20
-106.51
 11
150.205
 21
-106.532
  0
LINE
  8
0
 10
150.205
 20
-106.532
 11
150.288
 21
-106.548
  0
LINE
  8
0
 10
150.288
 20
-106.548
 11
150.376
 21
-106.558
  0
LINE
  8
0
 10
150.376
 20
-106.558
 11
150.47
 21
-106.561
  0
LINE
  8
0
 10
150.47
 20
-106.561
 11
150.565
 21
-106.558
  0
LINE
  8
0
 10
150.411
 20
-105.292
 11
150.366
 21
-105.279
  0
LINE
  8
0
 10
150.366
 20
-105.279
 11
150.331
 21
-105.258
  0
LINE
  8
0
 10
150.331
 20
-105.258
 11
150.305
 21
-105.229
  0
LINE
  8
0
 10
150.305
 20
-105.229
 11
150.285
 21
-105.19
  0
LINE
  8
0
 10
150.285
 20
-105.19
 11
150.273
 21
-105.138
  0
LINE
  8
0
 10
150.273
 20
-105.138
 11
150.268
 21
-105.073
  0
LINE
  8
0
 10
150.268
 20
-105.073
 11
150.272
 21
-105.012
  0
LINE
  8
0
 10
150.272
 20
-105.012
 11
150.285
 21
-104.963
  0
LINE
  8
0
 10
150.285
 20
-104.963
 11
150.304
 21
-104.926
  0
LINE
  8
0
 10
150.304
 20
-104.926
 11
150.33
 21
-104.899
  0
LINE
  8
0
 10
150.33
 20
-104.899
 11
150.364
 21
-104.879
  0
LINE
  8
0
 10
150.364
 20
-104.879
 11
150.408
 21
-104.866
  0
LINE
  8
0
 10
150.408
 20
-104.866
 11
150.466
 21
-104.862
  0
LINE
  8
0
 10
150.466
 20
-104.862
 11
150.496
 21
-104.863
  0
LINE
  8
0
 10
150.496
 20
-104.863
 11
150.523
 21
-104.866
  0
LINE
  8
0
 10
150.523
 20
-104.866
 11
150.548
 21
-104.871
  0
LINE
  8
0
 10
150.548
 20
-104.871
 11
150.569
 21
-104.879
  0
LINE
  8
0
 10
150.569
 20
-104.879
 11
150.588
 21
-104.887
  0
LINE
  8
0
 10
150.588
 20
-104.887
 11
150.604
 21
-104.898
  0
LINE
  8
0
 10
150.604
 20
-104.898
 11
150.617
 21
-104.91
  0
LINE
  8
0
 10
150.617
 20
-104.91
 11
150.629
 21
-104.924
  0
LINE
  8
0
 10
150.629
 20
-104.924
 11
150.64
 21
-104.94
  0
LINE
  8
0
 10
150.64
 20
-104.94
 11
150.648
 21
-104.96
  0
LINE
  8
0
 10
150.648
 20
-104.96
 11
150.656
 21
-104.983
  0
LINE
  8
0
 10
150.656
 20
-104.983
 11
150.661
 21
-105.009
  0
LINE
  8
0
 10
150.661
 20
-105.009
 11
150.664
 21
-105.04
  0
LINE
  8
0
 10
150.664
 20
-105.04
 11
150.666
 21
-105.073
  0
LINE
  8
0
 10
150.666
 20
-105.073
 11
150.664
 21
-105.11
  0
LINE
  8
0
 10
150.664
 20
-105.11
 11
150.661
 21
-105.143
  0
LINE
  8
0
 10
150.661
 20
-105.143
 11
150.656
 21
-105.172
  0
LINE
  8
0
 10
150.656
 20
-105.172
 11
150.648
 21
-105.197
  0
LINE
  8
0
 10
150.648
 20
-105.197
 11
150.639
 21
-105.218
  0
LINE
  8
0
 10
150.639
 20
-105.218
 11
150.629
 21
-105.235
  0
LINE
  8
0
 10
150.629
 20
-105.235
 11
150.618
 21
-105.249
  0
LINE
  8
0
 10
150.618
 20
-105.249
 11
150.604
 21
-105.261
  0
LINE
  8
0
 10
150.604
 20
-105.261
 11
150.589
 21
-105.271
  0
LINE
  8
0
 10
150.589
 20
-105.271
 11
150.57
 21
-105.28
  0
LINE
  8
0
 10
150.57
 20
-105.28
 11
150.549
 21
-105.287
  0
LINE
  8
0
 10
150.549
 20
-105.287
 11
150.525
 21
-105.293
  0
LINE
  8
0
 10
150.525
 20
-105.293
 11
150.498
 21
-105.296
  0
LINE
  8
0
 10
150.498
 20
-105.296
 11
150.469
 21
-105.297
  0
LINE
  8
0
 10
150.469
 20
-105.297
 11
150.411
 21
-105.292
  0
LINE
  8
0
 10
150.436
 20
-106.191
 11
150.402
 21
-106.187
  0
LINE
  8
0
 10
150.402
 20
-106.187
 11
150.372
 21
-106.18
  0
LINE
  8
0
 10
150.372
 20
-106.18
 11
150.345
 21
-106.171
  0
LINE
  8
0
 10
150.345
 20
-106.171
 11
150.322
 21
-106.16
  0
LINE
  8
0
 10
150.322
 20
-106.16
 11
150.302
 21
-106.146
  0
LINE
  8
0
 10
150.302
 20
-106.146
 11
150.286
 21
-106.131
  0
LINE
  8
0
 10
150.286
 20
-106.131
 11
150.271
 21
-106.112
  0
LINE
  8
0
 10
150.271
 20
-106.112
 11
150.258
 21
-106.091
  0
LINE
  8
0
 10
150.258
 20
-106.091
 11
150.247
 21
-106.065
  0
LINE
  8
0
 10
150.247
 20
-106.065
 11
150.238
 21
-106.035
  0
LINE
  8
0
 10
150.238
 20
-106.035
 11
150.231
 21
-106.001
  0
LINE
  8
0
 10
150.231
 20
-106.001
 11
150.227
 21
-105.962
  0
LINE
  8
0
 10
150.227
 20
-105.962
 11
150.226
 21
-105.92
  0
LINE
  8
0
 10
150.226
 20
-105.92
 11
150.227
 21
-105.883
  0
LINE
  8
0
 10
150.227
 20
-105.883
 11
150.231
 21
-105.849
  0
LINE
  8
0
 10
150.231
 20
-105.849
 11
150.238
 21
-105.819
  0
LINE
  8
0
 10
150.238
 20
-105.819
 11
150.247
 21
-105.791
  0
LINE
  8
0
 10
150.247
 20
-105.791
 11
150.258
 21
-105.767
  0
LINE
  8
0
 10
150.258
 20
-105.767
 11
150.271
 21
-105.746
  0
LINE
  8
0
 10
150.271
 20
-105.746
 11
150.286
 21
-105.727
  0
LINE
  8
0
 10
150.286
 20
-105.727
 11
150.304
 21
-105.711
  0
LINE
  8
0
 10
150.304
 20
-105.711
 11
150.323
 21
-105.697
  0
LINE
  8
0
 10
150.323
 20
-105.697
 11
150.345
 21
-105.686
  0
LINE
  8
0
 10
150.345
 20
-105.686
 11
150.37
 21
-105.677
  0
LINE
  8
0
 10
150.37
 20
-105.677
 11
150.398
 21
-105.67
  0
LINE
  8
0
 10
150.398
 20
-105.67
 11
150.428
 21
-105.666
  0
LINE
  8
0
 10
150.428
 20
-105.666
 11
150.461
 21
-105.664
  0
LINE
  8
0
 10
150.461
 20
-105.664
 11
150.533
 21
-105.67
  0
LINE
  8
0
 10
150.533
 20
-105.67
 11
150.589
 21
-105.685
  0
LINE
  8
0
 10
150.589
 20
-105.685
 11
150.632
 21
-105.71
  0
LINE
  8
0
 10
150.632
 20
-105.71
 11
150.665
 21
-105.743
  0
LINE
  8
0
 10
150.665
 20
-105.743
 11
150.689
 21
-105.786
  0
LINE
  8
0
 10
150.689
 20
-105.786
 11
150.705
 21
-105.843
  0
LINE
  8
0
 10
150.705
 20
-105.843
 11
150.71
 21
-105.915
  0
LINE
  8
0
 10
150.71
 20
-105.915
 11
150.709
 21
-105.959
  0
LINE
  8
0
 10
150.709
 20
-105.959
 11
150.705
 21
-105.999
  0
LINE
  8
0
 10
150.705
 20
-105.999
 11
150.699
 21
-106.034
  0
LINE
  8
0
 10
150.699
 20
-106.034
 11
150.69
 21
-106.065
  0
LINE
  8
0
 10
150.69
 20
-106.065
 11
150.679
 21
-106.091
  0
LINE
  8
0
 10
150.679
 20
-106.091
 11
150.667
 21
-106.113
  0
LINE
  8
0
 10
150.667
 20
-106.113
 11
150.653
 21
-106.131
  0
LINE
  8
0
 10
150.653
 20
-106.131
 11
150.637
 21
-106.147
  0
LINE
  8
0
 10
150.637
 20
-106.147
 11
150.618
 21
-106.16
  0
LINE
  8
0
 10
150.618
 20
-106.16
 11
150.596
 21
-106.171
  0
LINE
  8
0
 10
150.596
 20
-106.171
 11
150.571
 21
-106.18
  0
LINE
  8
0
 10
150.571
 20
-106.18
 11
150.542
 21
-106.187
  0
LINE
  8
0
 10
150.542
 20
-106.187
 11
150.509
 21
-106.191
  0
LINE
  8
0
 10
150.509
 20
-106.191
 11
150.473
 21
-106.192
  0
LINE
  8
0
 10
150.473
 20
-106.192
 11
150.436
 21
-106.191
  0
LINE
  8
0
 10
135.939
 20
-106.134
 11
135.087
 21
-106.134
  0
LINE
  8
0
 10
135.087
 20
-106.134
 11
135.099
 21
-106.117
  0
LINE
  8
0
 10
135.099
 20
-106.117
 11
135.115
 21
-106.096
  0
LINE
  8
0
 10
135.115
 20
-106.096
 11
135.134
 21
-106.075
  0
LINE
  8
0
 10
135.134
 20
-106.075
 11
135.154
 21
-106.054
  0
LINE
  8
0
 10
135.154
 20
-106.054
 11
135.176
 21
-106.033
  0
LINE
  8
0
 10
135.176
 20
-106.033
 11
135.198
 21
-106.011
  0
LINE
  8
0
 10
135.198
 20
-106.011
 11
135.221
 21
-105.99
  0
LINE
  8
0
 10
135.221
 20
-105.99
 11
135.246
 21
-105.968
  0
LINE
  8
0
 10
135.246
 20
-105.968
 11
135.271
 21
-105.947
  0
LINE
  8
0
 10
135.271
 20
-105.947
 11
135.296
 21
-105.926
  0
LINE
  8
0
 10
135.296
 20
-105.926
 11
135.322
 21
-105.905
  0
LINE
  8
0
 10
135.322
 20
-105.905
 11
135.377
 21
-105.861
  0
LINE
  8
0
 10
135.377
 20
-105.861
 11
135.433
 21
-105.816
  0
LINE
  8
0
 10
135.433
 20
-105.816
 11
135.489
 21
-105.771
  0
LINE
  8
0
 10
135.489
 20
-105.771
 11
135.518
 21
-105.749
  0
LINE
  8
0
 10
135.518
 20
-105.749
 11
135.548
 21
-105.725
  0
LINE
  8
0
 10
135.548
 20
-105.725
 11
135.576
 21
-105.701
  0
LINE
  8
0
 10
135.576
 20
-105.701
 11
135.604
 21
-105.676
  0
LINE
  8
0
 10
135.604
 20
-105.676
 11
135.631
 21
-105.65
  0
LINE
  8
0
 10
135.631
 20
-105.65
 11
135.658
 21
-105.625
  0
LINE
  8
0
 10
135.658
 20
-105.625
 11
135.683
 21
-105.598
  0
LINE
  8
0
 10
135.683
 20
-105.598
 11
135.708
 21
-105.571
  0
LINE
  8
0
 10
135.708
 20
-105.571
 11
135.732
 21
-105.544
  0
LINE
  8
0
 10
135.732
 20
-105.544
 11
135.755
 21
-105.515
  0
LINE
  8
0
 10
135.755
 20
-105.515
 11
135.777
 21
-105.485
  0
LINE
  8
0
 10
135.777
 20
-105.485
 11
135.798
 21
-105.455
  0
LINE
  8
0
 10
135.798
 20
-105.455
 11
135.817
 21
-105.424
  0
LINE
  8
0
 10
135.817
 20
-105.424
 11
135.835
 21
-105.392
  0
LINE
  8
0
 10
135.835
 20
-105.392
 11
135.852
 21
-105.359
  0
LINE
  8
0
 10
135.852
 20
-105.359
 11
135.867
 21
-105.325
  0
LINE
  8
0
 10
135.867
 20
-105.325
 11
135.88
 21
-105.289
  0
LINE
  8
0
 10
135.88
 20
-105.289
 11
135.891
 21
-105.252
  0
LINE
  8
0
 10
135.891
 20
-105.252
 11
135.899
 21
-105.215
  0
LINE
  8
0
 10
135.899
 20
-105.215
 11
135.905
 21
-105.176
  0
LINE
  8
0
 10
135.905
 20
-105.176
 11
135.908
 21
-105.136
  0
LINE
  8
0
 10
135.908
 20
-105.136
 11
135.909
 21
-105.095
  0
LINE
  8
0
 10
135.909
 20
-105.095
 11
135.906
 21
-105.02
  0
LINE
  8
0
 10
135.906
 20
-105.02
 11
135.895
 21
-104.948
  0
LINE
  8
0
 10
135.895
 20
-104.948
 11
135.876
 21
-104.881
  0
LINE
  8
0
 10
135.876
 20
-104.881
 11
135.85
 21
-104.819
  0
LINE
  8
0
 10
135.85
 20
-104.819
 11
135.816
 21
-104.761
  0
LINE
  8
0
 10
135.816
 20
-104.761
 11
135.775
 21
-104.708
  0
LINE
  8
0
 10
135.775
 20
-104.708
 11
135.726
 21
-104.661
  0
LINE
  8
0
 10
135.726
 20
-104.661
 11
135.671
 21
-104.62
  0
LINE
  8
0
 10
135.671
 20
-104.62
 11
135.61
 21
-104.585
  0
LINE
  8
0
 10
135.61
 20
-104.585
 11
135.542
 21
-104.557
  0
LINE
  8
0
 10
135.542
 20
-104.557
 11
135.47
 21
-104.535
  0
LINE
  8
0
 10
135.47
 20
-104.535
 11
135.392
 21
-104.52
  0
LINE
  8
0
 10
135.392
 20
-104.52
 11
135.308
 21
-104.511
  0
LINE
  8
0
 10
135.308
 20
-104.511
 11
135.219
 21
-104.508
  0
LINE
  8
0
 10
135.219
 20
-104.508
 11
135.136
 21
-104.511
  0
LINE
  8
0
 10
135.136
 20
-104.511
 11
135.058
 21
-104.52
  0
LINE
  8
0
 10
135.058
 20
-104.52
 11
134.984
 21
-104.535
  0
LINE
  8
0
 10
134.984
 20
-104.535
 11
134.914
 21
-104.557
  0
LINE
  8
0
 10
134.914
 20
-104.557
 11
134.849
 21
-104.585
  0
LINE
  8
0
 10
134.849
 20
-104.585
 11
134.789
 21
-104.619
  0
LINE
  8
0
 10
134.789
 20
-104.619
 11
134.735
 21
-104.659
  0
LINE
  8
0
 10
134.735
 20
-104.659
 11
134.686
 21
-104.706
  0
LINE
  8
0
 10
134.686
 20
-104.706
 11
134.642
 21
-104.758
  0
LINE
  8
0
 10
134.642
 20
-104.758
 11
134.605
 21
-104.816
  0
LINE
  8
0
 10
134.605
 20
-104.816
 11
134.575
 21
-104.879
  0
LINE
  8
0
 10
134.575
 20
-104.879
 11
134.55
 21
-104.947
  0
LINE
  8
0
 10
134.55
 20
-104.947
 11
134.531
 21
-105.02
  0
LINE
  8
0
 10
134.531
 20
-105.02
 11
134.51
 21
-105.15
  0
LINE
  8
0
 10
134.51
 20
-105.15
 11
134.994
 21
-105.177
  0
LINE
  8
0
 10
134.994
 20
-105.177
 11
135.007
 21
-105.099
  0
LINE
  8
0
 10
135.007
 20
-105.099
 11
135.015
 21
-105.069
  0
LINE
  8
0
 10
135.015
 20
-105.069
 11
135.024
 21
-105.042
  0
LINE
  8
0
 10
135.024
 20
-105.042
 11
135.034
 21
-105.018
  0
LINE
  8
0
 10
135.034
 20
-105.018
 11
135.045
 21
-104.997
  0
LINE
  8
0
 10
135.045
 20
-104.997
 11
135.058
 21
-104.978
  0
LINE
  8
0
 10
135.058
 20
-104.978
 11
135.071
 21
-104.963
  0
LINE
  8
0
 10
135.071
 20
-104.963
 11
135.086
 21
-104.95
  0
LINE
  8
0
 10
135.086
 20
-104.95
 11
135.102
 21
-104.939
  0
LINE
  8
0
 10
135.102
 20
-104.939
 11
135.121
 21
-104.929
  0
LINE
  8
0
 10
135.121
 20
-104.929
 11
135.142
 21
-104.922
  0
LINE
  8
0
 10
135.142
 20
-104.922
 11
135.166
 21
-104.916
  0
LINE
  8
0
 10
135.166
 20
-104.916
 11
135.192
 21
-104.913
  0
LINE
  8
0
 10
135.192
 20
-104.913
 11
135.221
 21
-104.912
  0
LINE
  8
0
 10
135.221
 20
-104.912
 11
135.28
 21
-104.916
  0
LINE
  8
0
 10
135.28
 20
-104.916
 11
135.326
 21
-104.929
  0
LINE
  8
0
 10
135.326
 20
-104.929
 11
135.361
 21
-104.948
  0
LINE
  8
0
 10
135.361
 20
-104.948
 11
135.387
 21
-104.974
  0
LINE
  8
0
 10
135.387
 20
-104.974
 11
135.406
 21
-105.008
  0
LINE
  8
0
 10
135.406
 20
-105.008
 11
135.418
 21
-105.054
  0
LINE
  8
0
 10
135.418
 20
-105.054
 11
135.423
 21
-105.112
  0
LINE
  8
0
 10
135.423
 20
-105.112
 11
135.421
 21
-105.135
  0
LINE
  8
0
 10
135.421
 20
-105.135
 11
135.417
 21
-105.159
  0
LINE
  8
0
 10
135.417
 20
-105.159
 11
135.41
 21
-105.184
  0
LINE
  8
0
 10
135.41
 20
-105.184
 11
135.401
 21
-105.209
  0
LINE
  8
0
 10
135.401
 20
-105.209
 11
135.388
 21
-105.235
  0
LINE
  8
0
 10
135.388
 20
-105.235
 11
135.372
 21
-105.261
  0
LINE
  8
0
 10
135.372
 20
-105.261
 11
135.352
 21
-105.289
  0
LINE
  8
0
 10
135.352
 20
-105.289
 11
135.329
 21
-105.318
  0
LINE
  8
0
 10
135.329
 20
-105.318
 11
135.3
 21
-105.35
  0
LINE
  8
0
 10
135.3
 20
-105.35
 11
135.266
 21
-105.385
  0
LINE
  8
0
 10
135.266
 20
-105.385
 11
135.227
 21
-105.422
  0
LINE
  8
0
 10
135.227
 20
-105.422
 11
135.183
 21
-105.462
  0
LINE
  8
0
 10
135.183
 20
-105.462
 11
135.133
 21
-105.504
  0
LINE
  8
0
 10
135.133
 20
-105.504
 11
135.079
 21
-105.549
  0
LINE
  8
0
 10
135.079
 20
-105.549
 11
135.02
 21
-105.597
  0
LINE
  8
0
 10
135.02
 20
-105.597
 11
134.964
 21
-105.646
  0
LINE
  8
0
 10
134.964
 20
-105.646
 11
134.911
 21
-105.693
  0
LINE
  8
0
 10
134.911
 20
-105.693
 11
134.861
 21
-105.741
  0
LINE
  8
0
 10
134.861
 20
-105.741
 11
134.813
 21
-105.788
  0
LINE
  8
0
 10
134.813
 20
-105.788
 11
134.768
 21
-105.834
  0
LINE
  8
0
 10
134.768
 20
-105.834
 11
134.727
 21
-105.88
  0
LINE
  8
0
 10
134.727
 20
-105.88
 11
134.687
 21
-105.926
  0
LINE
  8
0
 10
134.687
 20
-105.926
 11
134.651
 21
-105.973
  0
LINE
  8
0
 10
134.651
 20
-105.973
 11
134.617
 21
-106.02
  0
LINE
  8
0
 10
134.617
 20
-106.02
 11
134.585
 21
-106.067
  0
LINE
  8
0
 10
134.585
 20
-106.067
 11
134.556
 21
-106.115
  0
LINE
  8
0
 10
134.556
 20
-106.115
 11
134.53
 21
-106.163
  0
LINE
  8
0
 10
134.53
 20
-106.163
 11
134.502
 21
-106.222
  0
LINE
  8
0
 10
134.502
 20
-106.222
 11
134.502
 21
-106.547
  0
LINE
  8
0
 10
134.502
 20
-106.547
 11
135.939
 21
-106.547
  0
LINE
  8
0
 10
135.939
 20
-106.547
 11
135.939
 21
-106.134
  0
LINE
  8
0
 10
142.931
 20
-106.543
 11
143.021
 21
-106.531
  0
LINE
  8
0
 10
143.021
 20
-106.531
 11
143.106
 21
-106.512
  0
LINE
  8
0
 10
143.106
 20
-106.512
 11
143.185
 21
-106.484
  0
LINE
  8
0
 10
143.185
 20
-106.484
 11
143.259
 21
-106.448
  0
LINE
  8
0
 10
143.259
 20
-106.448
 11
143.327
 21
-106.405
  0
LINE
  8
0
 10
143.327
 20
-106.405
 11
143.388
 21
-106.353
  0
LINE
  8
0
 10
143.388
 20
-106.353
 11
143.443
 21
-106.295
  0
LINE
  8
0
 10
143.443
 20
-106.295
 11
143.489
 21
-106.231
  0
LINE
  8
0
 10
143.489
 20
-106.231
 11
143.527
 21
-106.161
  0
LINE
  8
0
 10
143.527
 20
-106.161
 11
143.556
 21
-106.086
  0
LINE
  8
0
 10
143.556
 20
-106.086
 11
143.577
 21
-106.007
  0
LINE
  8
0
 10
143.577
 20
-106.007
 11
143.589
 21
-105.922
  0
LINE
  8
0
 10
143.589
 20
-105.922
 11
143.593
 21
-105.833
  0
LINE
  8
0
 10
143.593
 20
-105.833
 11
143.59
 21
-105.748
  0
LINE
  8
0
 10
143.59
 20
-105.748
 11
143.579
 21
-105.668
  0
LINE
  8
0
 10
143.579
 20
-105.668
 11
143.561
 21
-105.592
  0
LINE
  8
0
 10
143.561
 20
-105.592
 11
143.536
 21
-105.52
  0
LINE
  8
0
 10
143.536
 20
-105.52
 11
143.503
 21
-105.454
  0
LINE
  8
0
 10
143.503
 20
-105.454
 11
143.463
 21
-105.393
  0
LINE
  8
0
 10
143.463
 20
-105.393
 11
143.416
 21
-105.337
  0
LINE
  8
0
 10
143.416
 20
-105.337
 11
143.362
 21
-105.288
  0
LINE
  8
0
 10
143.362
 20
-105.288
 11
143.304
 21
-105.247
  0
LINE
  8
0
 10
143.304
 20
-105.247
 11
143.241
 21
-105.213
  0
LINE
  8
0
 10
143.241
 20
-105.213
 11
143.173
 21
-105.186
  0
LINE
  8
0
 10
143.173
 20
-105.186
 11
143.1
 21
-105.167
  0
LINE
  8
0
 10
143.1
 20
-105.167
 11
143.024
 21
-105.156
  0
LINE
  8
0
 10
143.024
 20
-105.156
 11
142.944
 21
-105.153
  0
LINE
  8
0
 10
142.944
 20
-105.153
 11
142.881
 21
-105.155
  0
LINE
  8
0
 10
142.881
 20
-105.155
 11
142.822
 21
-105.163
  0
LINE
  8
0
 10
142.822
 20
-105.163
 11
142.764
 21
-105.177
  0
LINE
  8
0
 10
142.764
 20
-105.177
 11
142.71
 21
-105.196
  0
LINE
  8
0
 10
142.71
 20
-105.196
 11
142.658
 21
-105.221
  0
LINE
  8
0
 10
142.658
 20
-105.221
 11
142.654
 21
-105.223
  0
LINE
  8
0
 10
142.654
 20
-105.223
 11
142.676
 21
-104.892
  0
LINE
  8
0
 10
142.676
 20
-104.892
 11
143.482
 21
-104.892
  0
LINE
  8
0
 10
143.482
 20
-104.892
 11
143.482
 21
-104.508
  0
LINE
  8
0
 10
143.482
 20
-104.508
 11
142.236
 21
-104.508
  0
LINE
  8
0
 10
142.236
 20
-104.508
 11
142.164
 21
-105.684
  0
LINE
  8
0
 10
142.164
 20
-105.684
 11
142.61
 21
-105.684
  0
LINE
  8
0
 10
142.61
 20
-105.684
 11
142.653
 21
-105.637
  0
LINE
  8
0
 10
142.653
 20
-105.637
 11
142.681
 21
-105.613
  0
LINE
  8
0
 10
142.681
 20
-105.613
 11
142.71
 21
-105.594
  0
LINE
  8
0
 10
142.71
 20
-105.594
 11
142.741
 21
-105.58
  0
LINE
  8
0
 10
142.741
 20
-105.58
 11
142.774
 21
-105.569
  0
LINE
  8
0
 10
142.774
 20
-105.569
 11
142.809
 21
-105.563
  0
LINE
  8
0
 10
142.809
 20
-105.563
 11
142.848
 21
-105.561
  0
LINE
  8
0
 10
142.848
 20
-105.561
 11
142.882
 21
-105.562
  0
LINE
  8
0
 10
142.882
 20
-105.562
 11
142.914
 21
-105.567
  0
LINE
  8
0
 10
142.914
 20
-105.567
 11
142.943
 21
-105.575
  0
LINE
  8
0
 10
142.943
 20
-105.575
 11
142.969
 21
-105.585
  0
LINE
  8
0
 10
142.969
 20
-105.585
 11
142.993
 21
-105.598
  0
LINE
  8
0
 10
142.993
 20
-105.598
 11
143.014
 21
-105.615
  0
LINE
  8
0
 10
143.014
 20
-105.615
 11
143.034
 21
-105.634
  0
LINE
  8
0
 10
143.034
 20
-105.634
 11
143.051
 21
-105.656
  0
LINE
  8
0
 10
143.051
 20
-105.656
 11
143.066
 21
-105.681
  0
LINE
  8
0
 10
143.066
 20
-105.681
 11
143.078
 21
-105.707
  0
LINE
  8
0
 10
143.078
 20
-105.707
 11
143.088
 21
-105.737
  0
LINE
  8
0
 10
143.088
 20
-105.737
 11
143.095
 21
-105.769
  0
LINE
  8
0
 10
143.095
 20
-105.769
 11
143.1
 21
-105.804
  0
LINE
  8
0
 10
143.1
 20
-105.804
 11
143.101
 21
-105.841
  0
LINE
  8
0
 10
143.101
 20
-105.841
 11
143.1
 21
-105.885
  0
LINE
  8
0
 10
143.1
 20
-105.885
 11
143.095
 21
-105.924
  0
LINE
  8
0
 10
143.095
 20
-105.924
 11
143.087
 21
-105.96
  0
LINE
  8
0
 10
143.087
 20
-105.96
 11
143.077
 21
-105.992
  0
LINE
  8
0
 10
143.077
 20
-105.992
 11
143.064
 21
-106.021
  0
LINE
  8
0
 10
143.064
 20
-106.021
 11
143.048
 21
-106.047
  0
LINE
  8
0
 10
143.048
 20
-106.047
 11
143.03
 21
-106.069
  0
LINE
  8
0
 10
143.03
 20
-106.069
 11
143.009
 21
-106.089
  0
LINE
  8
0
 10
143.009
 20
-106.089
 11
142.986
 21
-106.106
  0
LINE
  8
0
 10
142.986
 20
-106.106
 11
142.962
 21
-106.119
  0
LINE
  8
0
 10
142.962
 20
-106.119
 11
142.935
 21
-106.13
  0
LINE
  8
0
 10
142.935
 20
-106.13
 11
142.906
 21
-106.138
  0
LINE
  8
0
 10
142.906
 20
-106.138
 11
142.874
 21
-106.142
  0
LINE
  8
0
 10
142.874
 20
-106.142
 11
142.839
 21
-106.144
  0
LINE
  8
0
 10
142.839
 20
-106.144
 11
142.811
 21
-106.143
  0
LINE
  8
0
 10
142.811
 20
-106.143
 11
142.784
 21
-106.14
  0
LINE
  8
0
 10
142.784
 20
-106.14
 11
142.76
 21
-106.135
  0
LINE
  8
0
 10
142.76
 20
-106.135
 11
142.737
 21
-106.129
  0
LINE
  8
0
 10
142.737
 20
-106.129
 11
142.715
 21
-106.12
  0
LINE
  8
0
 10
142.715
 20
-106.12
 11
142.696
 21
-106.11
  0
LINE
  8
0
 10
142.696
 20
-106.11
 11
142.678
 21
-106.098
  0
LINE
  8
0
 10
142.678
 20
-106.098
 11
142.662
 21
-106.085
  0
LINE
  8
0
 10
142.662
 20
-106.085
 11
142.647
 21
-106.069
  0
LINE
  8
0
 10
142.647
 20
-106.069
 11
142.633
 21
-106.051
  0
LINE
  8
0
 10
142.633
 20
-106.051
 11
142.62
 21
-106.03
  0
LINE
  8
0
 10
142.62
 20
-106.03
 11
142.609
 21
-106.006
  0
LINE
  8
0
 10
142.609
 20
-106.006
 11
142.599
 21
-105.979
  0
LINE
  8
0
 10
142.599
 20
-105.979
 11
142.579
 21
-105.908
  0
LINE
  8
0
 10
142.579
 20
-105.908
 11
142.1
 21
-105.947
  0
LINE
  8
0
 10
142.1
 20
-105.947
 11
142.127
 21
-106.072
  0
LINE
  8
0
 10
142.127
 20
-106.072
 11
142.148
 21
-106.14
  0
LINE
  8
0
 10
142.148
 20
-106.14
 11
142.175
 21
-106.203
  0
LINE
  8
0
 10
142.175
 20
-106.203
 11
142.209
 21
-106.262
  0
LINE
  8
0
 10
142.209
 20
-106.262
 11
142.248
 21
-106.315
  0
LINE
  8
0
 10
142.248
 20
-106.315
 11
142.294
 21
-106.364
  0
LINE
  8
0
 10
142.294
 20
-106.364
 11
142.345
 21
-106.407
  0
LINE
  8
0
 10
142.345
 20
-106.407
 11
142.401
 21
-106.445
  0
LINE
  8
0
 10
142.401
 20
-106.445
 11
142.462
 21
-106.476
  0
LINE
  8
0
 10
142.462
 20
-106.476
 11
142.528
 21
-106.502
  0
LINE
  8
0
 10
142.528
 20
-106.502
 11
142.598
 21
-106.521
  0
LINE
  8
0
 10
142.598
 20
-106.521
 11
142.673
 21
-106.535
  0
LINE
  8
0
 10
142.673
 20
-106.535
 11
142.752
 21
-106.544
  0
LINE
  8
0
 10
142.752
 20
-106.544
 11
142.835
 21
-106.547
  0
LINE
  8
0
 10
142.835
 20
-106.547
 11
142.931
 21
-106.543
  0
LINE
  8
0
 10
140.861
 20
-106.144
 11
141.116
 21
-106.144
  0
LINE
  8
0
 10
141.116
 20
-106.144
 11
141.116
 21
-105.76
  0
LINE
  8
0
 10
141.116
 20
-105.76
 11
140.861
 21
-105.76
  0
LINE
  8
0
 10
140.861
 20
-105.76
 11
140.861
 21
-104.522
  0
LINE
  8
0
 10
140.861
 20
-104.522
 11
140.358
 21
-104.522
  0
LINE
  8
0
 10
140.358
 20
-104.522
 11
139.528
 21
-105.793
  0
LINE
  8
0
 10
139.528
 20
-105.793
 11
139.528
 21
-106.144
  0
LINE
  8
0
 10
139.528
 20
-106.144
 11
140.397
 21
-106.144
  0
LINE
  8
0
 10
140.397
 20
-106.144
 11
140.397
 21
-106.533
  0
LINE
  8
0
 10
140.397
 20
-106.533
 11
140.861
 21
-106.533
  0
LINE
  8
0
 10
140.861
 20
-106.533
 11
140.861
 21
-106.144
  0
LINE
  8
0
 10
139.981
 20
-105.76
 11
140.374
 21
-105.163
  0
LINE
  8
0
 10
140.374
 20
-105.163
 11
140.398
 21
-105.126
  0
LINE
  8
0
 10
140.398
 20
-105.126
 11
140.397
 21
-105.141
  0
LINE
  8
0
 10
140.397
 20
-105.141
 11
140.397
 21
-105.164
  0
LINE
  8
0
 10
140.397
 20
-105.164
 11
140.397
 21
-105.185
  0
LINE
  8
0
 10
140.397
 20
-105.185
 11
140.397
 21
-105.76
  0
LINE
  8
0
 10
140.397
 20
-105.76
 11
139.981
 21
-105.76
  0
LINE
  8
0
 10
148.001
 20
-106.42
 11
148.004
 21
-106.358
  0
LINE
  8
0
 10
148.004
 20
-106.358
 11
148.009
 21
-106.297
  0
LINE
  8
0
 10
148.009
 20
-106.297
 11
148.016
 21
-106.237
  0
LINE
  8
0
 10
148.016
 20
-106.237
 11
148.025
 21
-106.178
  0
LINE
  8
0
 10
148.025
 20
-106.178
 11
148.036
 21
-106.12
  0
LINE
  8
0
 10
148.036
 20
-106.12
 11
148.049
 21
-106.063
  0
LINE
  8
0
 10
148.049
 20
-106.063
 11
148.063
 21
-106.007
  0
LINE
  8
0
 10
148.063
 20
-106.007
 11
148.079
 21
-105.95
  0
LINE
  8
0
 10
148.079
 20
-105.95
 11
148.097
 21
-105.893
  0
LINE
  8
0
 10
148.097
 20
-105.893
 11
148.115
 21
-105.838
  0
LINE
  8
0
 10
148.115
 20
-105.838
 11
148.136
 21
-105.783
  0
LINE
  8
0
 10
148.136
 20
-105.783
 11
148.157
 21
-105.728
  0
LINE
  8
0
 10
148.157
 20
-105.728
 11
148.18
 21
-105.674
  0
LINE
  8
0
 10
148.18
 20
-105.674
 11
148.205
 21
-105.619
  0
LINE
  8
0
 10
148.205
 20
-105.619
 11
148.231
 21
-105.566
  0
LINE
  8
0
 10
148.231
 20
-105.566
 11
148.258
 21
-105.511
  0
LINE
  8
0
 10
148.258
 20
-105.511
 11
148.286
 21
-105.457
  0
LINE
  8
0
 10
148.286
 20
-105.457
 11
148.315
 21
-105.403
  0
LINE
  8
0
 10
148.315
 20
-105.403
 11
148.346
 21
-105.349
  0
LINE
  8
0
 10
148.346
 20
-105.349
 11
148.378
 21
-105.295
  0
LINE
  8
0
 10
148.378
 20
-105.295
 11
148.411
 21
-105.24
  0
LINE
  8
0
 10
148.411
 20
-105.24
 11
148.444
 21
-105.185
  0
LINE
  8
0
 10
148.444
 20
-105.185
 11
148.478
 21
-105.129
  0
LINE
  8
0
 10
148.478
 20
-105.129
 11
148.513
 21
-105.073
  0
LINE
  8
0
 10
148.513
 20
-105.073
 11
148.548
 21
-105.016
  0
LINE
  8
0
 10
148.548
 20
-105.016
 11
148.584
 21
-104.959
  0
LINE
  8
0
 10
148.584
 20
-104.959
 11
148.628
 21
-104.889
  0
LINE
  8
0
 10
148.628
 20
-104.889
 11
148.628
 21
-104.522
  0
LINE
  8
0
 10
148.628
 20
-104.522
 11
147.225
 21
-104.522
  0
LINE
  8
0
 10
147.225
 20
-104.522
 11
147.225
 21
-104.935
  0
LINE
  8
0
 10
147.225
 20
-104.935
 11
148.13
 21
-104.935
  0
LINE
  8
0
 10
148.13
 20
-104.935
 11
148.098
 21
-104.982
  0
LINE
  8
0
 10
148.098
 20
-104.982
 11
148.021
 21
-105.097
  0
LINE
  8
0
 10
148.021
 20
-105.097
 11
147.951
 21
-105.204
  0
LINE
  8
0
 10
147.951
 20
-105.204
 11
147.89
 21
-105.302
  0
LINE
  8
0
 10
147.89
 20
-105.302
 11
147.836
 21
-105.392
  0
LINE
  8
0
 10
147.836
 20
-105.392
 11
147.79
 21
-105.472
  0
LINE
  8
0
 10
147.79
 20
-105.472
 11
147.751
 21
-105.544
  0
LINE
  8
0
 10
147.751
 20
-105.544
 11
147.718
 21
-105.611
  0
LINE
  8
0
 10
147.718
 20
-105.611
 11
147.687
 21
-105.678
  0
LINE
  8
0
 10
147.687
 20
-105.678
 11
147.659
 21
-105.745
  0
LINE
  8
0
 10
147.659
 20
-105.745
 11
147.632
 21
-105.811
  0
LINE
  8
0
 10
147.632
 20
-105.811
 11
147.608
 21
-105.877
  0
LINE
  8
0
 10
147.608
 20
-105.877
 11
147.587
 21
-105.942
  0
LINE
  8
0
 10
147.587
 20
-105.942
 11
147.567
 21
-106.008
  0
LINE
  8
0
 10
147.567
 20
-106.008
 11
147.55
 21
-106.074
  0
LINE
  8
0
 10
147.55
 20
-106.074
 11
147.536
 21
-106.14
  0
LINE
  8
0
 10
147.536
 20
-106.14
 11
147.524
 21
-106.208
  0
LINE
  8
0
 10
147.524
 20
-106.208
 11
147.515
 21
-106.276
  0
LINE
  8
0
 10
147.515
 20
-106.276
 11
147.508
 21
-106.344
  0
LINE
  8
0
 10
147.508
 20
-106.344
 11
147.504
 21
-106.413
  0
LINE
  8
0
 10
147.504
 20
-106.413
 11
147.502
 21
-106.533
  0
LINE
  8
0
 10
147.502
 20
-106.533
 11
148
 21
-106.533
  0
LINE
  8
0
 10
148
 20
-106.533
 11
148.001
 21
-106.42
  0
LINE
  8
0
 10
133.433
 20
-106.15
 11
132.995
 21
-106.15
  0
LINE
  8
0
 10
132.995
 20
-106.15
 11
132.995
 21
-104.522
  0
LINE
  8
0
 10
132.995
 20
-104.522
 11
132.57
 21
-104.522
  0
LINE
  8
0
 10
132.57
 20
-104.522
 11
132.056
 21
-104.856
  0
LINE
  8
0
 10
132.056
 20
-104.856
 11
132.056
 21
-105.273
  0
LINE
  8
0
 10
132.056
 20
-105.273
 11
132.514
 21
-104.986
  0
LINE
  8
0
 10
132.514
 20
-104.986
 11
132.514
 21
-106.15
  0
LINE
  8
0
 10
132.514
 20
-106.15
 11
132.041
 21
-106.15
  0
LINE
  8
0
 10
132.041
 20
-106.15
 11
132.041
 21
-106.533
  0
LINE
  8
0
 10
132.041
 20
-106.533
 11
133.433
 21
-106.533
  0
LINE
  8
0
 10
133.433
 20
-106.533
 11
133.433
 21
-106.15
  0
ENDSEC
  0
SECTION
  2
OBJECTS
  0
DICTIONARY
  0
ENDSEC
  0
EOF
